dates,delta18O_permil,delta2H_permil
YYYY-MM-DD,permil,permil
2007-01-01,-13.5572705382857,-93.5163879977955
2007-01-02,-18.2168091145893,-144.794269224759
2007-01-03,-18.2364407075553,-143.147707989751
2007-01-04,-15.606869301262,-116.474260357748
2007-01-05,-17.0195630830036,-138.806897850579
2007-01-06,-14.6041985496496,-109.720089082226
2007-01-07,-14.6104809031318,-111.853397055121
2007-01-08,-14.720319712481,-111.489256986873
2007-01-09,-15.0204652753531,-113.795282527099
2007-01-10,-12.8804174614002,-96.7296107738565
2007-01-11,-14.7516437091067,-113.948552839519
2007-01-12,-15.3050071018721,-119.655135813045
2007-01-13,-13.1564878738229,-96.3496566336664
2007-01-14,-14.2224531310211,-106.972989457052
2007-01-15,-13.1067394840137,-94.0432355281578
2007-01-16,-13.6157366810542,-101.436889255473
2007-01-17,-14.2292491907352,-107.105240067574
2007-01-18,-13.3339386009134,-94.8555775759307
2007-01-19,-14.6336746692188,-120.882138825874
2007-01-20,-13.420869356948,-101.721739944033
2007-01-21,-15.8737958528497,-123.251965797363
2007-01-22,-16.7532973041639,-130.65427817524
2007-01-23,-15.4326976288076,-117.869879939008
2007-01-24,-19.781947245416,-139.300447986497
2007-01-25,-23.3320800822981,-175.894990660445
2007-01-26,-23.5493262517228,-175.278973395976
2007-01-27,-20.8898311672439,-147.512431461783
2007-01-28,-16.9790004170301,-129.543669346198
2007-01-29,-16.7731017677922,-120.291740833135
2007-01-30,-13.9894792614365,-102.267618261685
2007-01-31,-13.6616751558032,-102.087131858975
2007-02-01,-16.4588374882759,-133.884809428708
2007-02-02,-14.2963486857672,-109.872803384061
2007-02-03,-16.9173592917637,-138.594077253067
2007-02-04,-14.260140345241,-103.799316363414
2007-02-05,-13.9581990303475,-106.676173463375
2007-02-06,-16.9632925134647,-134.523501754301
2007-02-07,-16.390609667093,-127.977802706204
2007-02-08,-15.6239188978308,-120.649851002851
2007-02-09,-14.2640310137365,-108.408726468611
2007-02-10,-16.1461920453206,-131.007173789299
2007-02-11,-15.3067305171966,-117.774240692613
2007-02-12,-16.721802961668,-135.017433163901
2007-02-13,-17.5591695773301,-140.373412377636
2007-02-14,-14.4986692911811,-104.418401075289
2007-02-15,-16.2488801837598,-132.385725383699
2007-02-16,-12.7226992251764,-92.973005065657
2007-02-17,-11.8970139815851,-87.5562793810801
2007-02-18,-14.189198554701,-111.261770409606
2007-02-19,-15.2688662136224,-122.141488430128
2007-02-20,-12.9278450965091,-97.4710740736743
2007-02-21,-13.1539378480161,-100.167119954728
2007-02-22,-14.2256436168469,-112.872369263646
2007-02-23,-14.9411753779391,-116.653445017896
2007-02-24,-15.0034208536952,-118.154350009293
2007-02-25,-15.4631723293726,-120.580239117479
2007-02-26,-17.7589946196237,-146.280577603566
2007-02-27,-17.2683388939961,-144.609052549002
2007-02-28,-15.1754363614303,-123.651572783609
2007-03-01,-13.0949795756236,-92.946729751218
2007-03-02,-17.1191941931215,-137.923938619601
2007-03-03,-16.4048661361487,-127.419509054088
2007-03-04,-13.6393336468544,-103.402670180714
2007-03-05,-13.6845823480143,-100.432191467864
2007-03-06,-12.3993192595639,-87.2101480072873
2007-03-07,-15.0520139753297,-117.914263477286
2007-03-08,-16.0840915997768,-126.620216090483
2007-03-09,-15.0666122626395,-115.447379982425
2007-03-10,-17.7444170397542,-136.243445229779
2007-03-11,-15.1950877850256,-108.71960534955
2007-03-12,-10.9493328406739,-74.7077686748022
2007-03-13,-12.3434530128692,-91.6693278948803
2007-03-14,-12.2538889412961,-89.4030167136193
2007-03-15,-11.7514183832159,-84.8468530932907
2007-03-16,-12.3261980827395,-91.6820568457753
2007-03-17,-13.9430974519365,-106.637572459141
2007-03-18,-10.7893552558347,-73.2520814224259
2007-03-19,-16.7302562727671,-127.930334677529
2007-03-20,-19.8616820866829,-159.270139146325
2007-03-21,-19.1228849319532,-152.811930760277
2007-03-22,-19.4173116435422,-152.678816292086
2007-03-23,-18.437220823519,-146.999528118294
2007-03-24,-17.8171359781718,-141.966439307328
2007-03-25,-14.8703896593593,-108.541862771239
2007-03-26,-12.8903657767462,-98.2554852056961
2007-03-27,-14.4925006185094,-115.008718832634
2007-03-28,-14.4168935701116,-110.018934684136
2007-03-29,-13.6870460661217,-105.24525147187
2007-03-30,-13.7055239312286,-105.335677042764
2007-03-31,-14.4218499660305,-109.355211678136
2007-04-01,-12.7879288954019,-93.7006650676817
2007-04-02,-12.4094156008225,-90.3227108306588
2007-04-03,-13.7805821924112,-103.362434867891
2007-04-04,-15.2599170957929,-124.420409699984
2007-04-05,-12.5611419116915,-94.1471945284416
2007-04-06,-10.3559678733403,-70.5208144999648
2007-04-07,-11.2839427454332,-83.8926359914196
2007-04-08,-12.8035359397629,-98.8788927855985
2007-04-09,-11.7223726196699,-88.4731097960047
2007-04-10,-10.7641500775811,-78.2557817286728
2007-04-11,-9.02281232517844,-61.5715784526456
2007-04-12,-8.66563290626611,-66.2250632168935
2007-04-13,-8.62595425706206,-67.0227866882908
2007-04-14,-7.71740196512786,-61.7189250540019
2007-04-15,-7.1240916131421,-60.0462564166884
2007-04-16,-8.39550617834221,-76.5819733416533
2007-04-17,-8.81402401054335,-74.9509447490494
2007-04-18,-11.3893051843722,-95.2883448107993
2007-04-19,-9.65387946702525,-67.8190543073861
2007-04-20,-9.48252735371579,-75.9685423265344
2007-04-21,-9.1869896851076,-70.5309322234416
2007-04-22,-8.19180075553954,-65.8705937118156
2007-04-23,-8.74763443665513,-76.2832084712323
2007-04-24,-9.53629335619454,-83.6080134393838
2007-04-25,-6.7413035438285,-59.3246243543542
2007-04-26,-8.15297456728315,-74.8916928580249
2007-04-27,-9.45500198972719,-87.4442722481373
2007-04-28,-8.60875105744813,-75.0572659510105
2007-04-29,-7.80880598043849,-71.6639666363226
2007-04-30,-11.6179861304415,-92.5086613214001
2007-05-01,-10.642313751483,-68.3465559041775
2007-05-02,-11.1168001974587,-70.8698952884213
2007-05-03,-12.7686573179218,-82.1877569406008
2007-05-04,-12.1663474738107,-78.4124077422865
2007-05-05,-14.8654036638644,-104.468087405762
2007-05-06,-15.4331174800664,-114.788799545674
2007-05-07,-12.7898393875946,-86.0867394744835
2007-05-08,-10.0989915029708,-74.3068371365544
2007-05-09,-10.372594965089,-80.0309979363819
2007-05-10,-7.93888110214012,-41.8829918919485
2007-05-11,-8.3501017209558,-62.1163628890456
2007-05-12,-8.37590779076348,-66.2312618245967
2007-05-13,-7.40394025635916,-48.6742558275052
2007-05-14,-8.64811379982806,-49.6553970425083
2007-05-15,-15.6693367296828,-112.18629026609
2007-05-16,-11.8140789676517,-75.7622584532233
2007-05-17,-15.3641689215497,-105.578573320215
2007-05-18,-10.7660950903885,-72.0511108800752
2007-05-19,-6.86003553485247,-38.251723287751
2007-05-20,-5.40092418128966,-39.7551052071217
2007-05-21,-5.86423775132445,-43.557574433582
2007-05-22,-7.77416299237754,-61.4891823242346
2007-05-23,-6.23913232345399,-46.3416630905472
2007-05-24,-6.31032275358921,-46.8418058284052
2007-05-25,-7.12787829568559,-52.956321306019
2007-05-26,-8.53330001317913,-67.405749164472
2007-05-27,-8.36139550292618,-63.6021497686632
2007-05-28,-13.3114149345227,-82.6095959057534
2007-05-29,-16.6343141295888,-121.386717961218
2007-05-30,-11.1961912255981,-73.0550743519878
2007-05-31,-10.408158294194,-65.9884227317754
2007-06-01,-13.5708671135637,-93.1348161810107
2007-06-02,-12.2983509524502,-86.4546711115048
2007-06-03,-8.90504944601204,-62.4320798162976
2007-06-04,-7.77642835099109,-54.1557611355355
2007-06-05,-8.0666137588856,-57.2584426266915
2007-06-06,-8.01402166144265,-56.6405058440343
2007-06-07,-6.98747547742192,-50.8997015686753
2007-06-08,-8.34501186412858,-65.5922395905182
2007-06-09,-6.59333557808036,-43.0398501135765
2007-06-10,-6.08710491167447,-36.5760250121296
2007-06-11,-9.32480501039372,-69.8590307046405
2007-06-12,-8.41350137911185,-65.7248562429326
2007-06-13,-9.25691070336292,-68.7291527297845
2007-06-14,-5.49315411008568,-33.2476954093928
2007-06-15,-8.48596485097674,-45.645159552036
2007-06-16,-9.31233885429277,-62.619658312446
2007-06-17,-5.90169832597334,-32.727418319774
2007-06-18,-8.1971712763436,-62.9980085205356
2007-06-19,-4.58812085067953,-28.1111738650322
2007-06-20,-5.13720046681479,-35.0295172106272
2007-06-21,-10.9318602288383,-85.2991290636347
2007-06-22,-11.8722565037356,-91.3025131977858
2007-06-23,-9.91787345097455,-79.9115588471517
2007-06-24,-4.5067090354454,-21.5134457619377
2007-06-25,-6.61391096846553,-32.1892065679187
2007-06-26,-10.993863396624,-66.3070164697706
2007-06-27,-12.2095108063021,-85.2560804745941
2007-06-28,-10.4345844054767,-70.8068167844681
2007-06-29,-8.08865276710911,-56.8861455651137
2007-06-30,-7.59378642367972,-54.6437416691962
2007-07-01,-5.30703854723728,-28.9411326979159
2007-07-02,-12.0774445802153,-84.7362670603622
2007-07-03,-8.26902066604013,-46.1490406393515
2007-07-04,-12.3440204653929,-88.5398361074485
2007-07-05,-13.7594269805146,-94.361728103124
2007-07-06,-10.2708354085964,-53.1733205009732
2007-07-07,-5.96659916992593,-36.7259170198033
2007-07-08,-6.08007761439316,-34.7784637875312
2007-07-09,-11.8331071566682,-61.3606064884096
2007-07-10,-13.2405817781172,-87.9224173967838
2007-07-11,-12.4087906997313,-77.2702927774583
2007-07-12,-9.84621319057006,-64.0031586554799
2007-07-13,-4.54171115849785,-15.295962390609
2007-07-14,-4.23476431978939,-22.7453246116984
2007-07-15,-3.27597335410251,-12.8802176940864
2007-07-16,-3.25025430421099,-12.0147155563944
2007-07-17,-5.05541877865339,-32.5411893323486
2007-07-18,-6.20937302283107,-45.2934466637154
2007-07-19,-3.45880340507873,-15.3906475691177
2007-07-20,-4.55998684699651,-21.4221882961782
2007-07-21,-5.47545206807806,-31.096083229152
2007-07-22,-8.93766777443458,-67.069448480114
2007-07-23,-5.16796218191377,-22.8688629883729
2007-07-24,-10.4155334752365,-77.3361089544501
2007-07-25,-6.8345319553667,-38.1972540101102
2007-07-26,-4.82941831152672,-24.7155071380744
2007-07-27,-7.132863443568,-53.5047298724252
2007-07-28,-7.59708166332545,-58.288344492521
2007-07-29,-7.32687686049077,-50.9830856518738
2007-07-30,-10.9577898207158,-67.4011818179431
2007-07-31,-9.18252154224918,-44.1834188901273
2007-08-01,-4.97205706555926,-15.2408662254595
2007-08-02,-7.82332192704662,-47.7579010725314
2007-08-03,-12.4915811604161,-93.679497343297
2007-08-04,-6.79236625466724,-32.3891321614677
2007-08-05,-4.95971398650545,-25.8544835299995
2007-08-06,-5.386200348624,-31.4391272260819
2007-08-07,-9.17326865516779,-66.4452616305412
2007-08-08,-10.0893688633075,-72.7123059929848
2007-08-09,-12.2991241442015,-90.1332654730809
2007-08-10,-11.7616271844388,-80.5786689650584
2007-08-11,-10.6838689638467,-77.7967535439194
2007-08-12,-6.51215460439312,-39.4416545279278
2007-08-13,-7.62459755665023,-52.2568589297226
2007-08-14,-7.34800264490671,-47.0212820359202
2007-08-15,-3.86614610629843,-14.0013874698867
2007-08-16,-8.11005062188667,-48.3878246197025
2007-08-17,-12.6503699738933,-94.0682112138417
2007-08-18,-8.06204756083182,-51.009192916973
2007-08-19,-8.18927677232824,-53.4850409090655
2007-08-20,-12.4170203146435,-93.679497343297
2007-08-21,-11.6210502418685,-84.0970348245958
2007-08-22,-8.63276877789064,-44.6053052184504
2007-08-23,-8.49276428281527,-51.9098116538808
2007-08-24,-7.21197980439482,-40.1002318906823
2007-08-25,-6.129632209311,-37.8737585390313
2007-08-26,-6.23912224513864,-36.1980465974477
2007-08-27,-8.91907888500978,-61.0724725765239
2007-08-28,-9.7005694765894,-66.3337880579564
2007-08-29,-9.55877460612422,-62.6541548905771
2007-08-30,-11.7529407928513,-85.877880218484
2007-08-31,-10.5649440210838,-75.8013503446371
2007-09-01,-10.4087182499231,-81.0109603052108
2007-09-02,-8.3069586288205,-50.1143462149952
2007-09-03,-8.74906337369864,-60.743851229399
2007-09-04,-14.5718382560954,-95.7411121415516
2007-09-05,-16.310978502121,-114.776446669169
2007-09-06,-14.5308672436552,-99.9348378825193
2007-09-07,-11.5369637463373,-80.6000415795717
2007-09-08,-9.39988575449696,-56.5895645163369
2007-09-09,-10.1117688755546,-70.487312771515
2007-09-10,-9.20947936548687,-48.9812300633621
2007-09-11,-13.3962562636579,-89.0055859562923
2007-09-12,-9.88477597973527,-52.3666382539408
2007-09-13,-7.72513738420303,-39.5977100312001
2007-09-14,-7.89536760869225,-53.4910516789622
2007-09-15,-8.62218626195501,-65.0977665561568
2007-09-16,-5.75711874496944,-33.7504750859092
2007-09-17,-7.54145976854086,-52.9397121215584
2007-09-18,-12.4607695182173,-71.1952357594578
2007-09-19,-12.7391000852395,-83.5308185594329
2007-09-20,-10.3067609972478,-53.7312712170526
2007-09-21,-7.81121277253756,-40.3913646800894
2007-09-22,-7.22577172351497,-49.8305403186789
2007-09-23,-6.99042792896261,-46.3352230057271
2007-09-24,-7.1423120033682,-49.5346817177325
2007-09-25,-13.7185907906336,-83.3149017319647
2007-09-26,-16.9654636646264,-121.273491820574
2007-09-27,-15.4210623746845,-105.769563431886
2007-09-28,-14.5348439528105,-96.2676591696593
2007-09-29,-11.691552497079,-68.9791052966286
2007-09-30,-10.5119782356727,-62.6065354500128
2007-10-01,-8.0497477455316,-57.2375763486376
2007-10-02,-7.89501467614476,-65.2468571798179
2007-10-03,-6.64831348505719,-52.8128184679838
2007-10-04,-11.0565662062934,-95.5494402976195
2007-10-05,-7.79776247895352,-64.8894721864635
2007-10-06,-10.817088217797,-97.2608432681494
2007-10-07,-10.1535442283947,-69.4760373515221
2007-10-08,-10.8574351998564,-75.9728410599612
2007-10-09,-12.1788143668081,-89.494187574197
2007-10-10,-12.9470182407792,-95.9680222083332
2007-10-11,-12.0341784761259,-81.7315177154148
2007-10-12,-11.549616105553,-78.7652753621192
2007-10-13,-11.8739709861587,-79.2489330213579
2007-10-14,-10.0030746631989,-66.4228764142693
2007-10-15,-9.46545142670719,-73.4918454293927
2007-10-16,-9.41159343882378,-68.3522057590776
2007-10-17,-10.7744700445828,-75.8820913480241
2007-10-18,-14.6172541942123,-101.985513659038
2007-10-19,-17.1394095721132,-128.999624169818
2007-10-20,-17.9268497654168,-135.948179845988
2007-10-21,-18.0978334544143,-134.38637218465
2007-10-22,-17.6961344085932,-134.906723716079
2007-10-23,-16.964108849488,-123.186533072274
2007-10-24,-15.4603716620782,-111.622260722089
2007-10-25,-12.0637300992023,-77.0482751101016
2007-10-26,-12.3611410921733,-78.5256714776881
2007-10-27,-12.7172583244725,-89.099752375039
2007-10-28,-13.352717226977,-94.799412729594
2007-10-29,-10.720804019928,-64.6158760631913
2007-10-30,-16.1136935360938,-117.335995818772
2007-10-31,-16.1792325839678,-120.017409547254
2007-11-01,-14.3954917738315,-106.459968927834
2007-11-02,-12.3994630213123,-85.8392611457485
2007-11-03,-12.3704145990564,-91.3623292576702
2007-11-04,-15.8481755095685,-125.160097479763
2007-11-05,-14.0276507075283,-102.170743884857
2007-11-06,-17.0856324569306,-131.733004767949
2007-11-07,-18.4859160086433,-145.022665221761
2007-11-08,-16.9286875182897,-132.018822688645
2007-11-09,-18.6521975038113,-142.646549591795
2007-11-10,-18.0481622660786,-133.84204274973
2007-11-11,-17.6585303502522,-139.066925585994
2007-11-12,-17.611728924605,-131.682240058806
2007-11-13,-19.9544987466957,-157.511441812893
2007-11-14,-19.4332782211469,-149.645366208432
2007-11-15,-22.0767717062552,-170.165406065153
2007-11-16,-23.491479610256,-172.061327431121
2007-11-17,-21.9733336263212,-161.617241485032
2007-11-18,-19.227585999418,-136.528858965368
2007-11-19,-16.6651285145593,-124.709745901114
2007-11-20,-15.8297370879034,-119.254522913025
2007-11-21,-15.8247469741448,-124.18646394598
2007-11-22,-14.7356428510332,-112.444893139133
2007-11-23,-16.1842003623855,-126.564070098649
2007-11-24,-18.091973841885,-144.794721870897
2007-11-25,-18.1056910941269,-144.490065699418
2007-11-26,-18.6183664711261,-144.643046488108
2007-11-27,-18.9586678154411,-144.619129177464
2007-11-28,-15.0433721892109,-104.344491717629
2007-11-29,-16.0698316905421,-121.162352741807
2007-11-30,-16.1237918480451,-119.152524987187
2007-12-01,-14.1558507593928,-106.179158389826
2007-12-02,-14.2740420749473,-105.363846436215
2007-12-03,-15.7250479764389,-111.374092441883
2007-12-04,-17.9935721914289,-137.187158856561
2007-12-05,-14.9281261456137,-109.595590124378
2007-12-06,-15.9212348969823,-125.224372148063
2007-12-07,-15.1279316503528,-114.282613214267
2007-12-08,-17.1621575302652,-129.580280456615
2007-12-09,-17.0999628584904,-129.45388638432
2007-12-10,-17.0422743967996,-129.799371250205
2007-12-11,-18.2980320125749,-145.402810679522
2007-12-12,-18.7737852477527,-149.995492741189
2007-12-13,-18.9760688657939,-145.481862540524
2007-12-14,-20.891308279135,-148.124561721221
2007-12-15,-21.8936041970659,-156.633449448461
2007-12-16,-20.3422008085285,-145.810888034013
2007-12-17,-18.180701855175,-127.255480128948
2007-12-18,-16.9424094275921,-124.134722374589
2007-12-19,-15.9077701541524,-116.145506863301
2007-12-20,-14.3115869498936,-103.437384405026
2007-12-21,-13.9455293754811,-101.730860579492
2007-12-22,-15.3196348434333,-116.530744002845
2007-12-23,-15.4312295851131,-116.21876879055
2007-12-24,-16.0442698136295,-120.261493005039
2007-12-25,-15.591659445333,-115.371095122894
2007-12-26,-15.5356687629331,-114.428977485638
2007-12-27,-16.352363981582,-121.03532057856
2007-12-28,-14.8927172254609,-107.419308493601
2007-12-29,-15.4142478933472,-114.231204868476
2007-12-30,-17.6599650783835,-137.443343365614
2007-12-31,-19.3636699899875,-147.26539185443
2008-01-01,-19.5400246180252,-140.340109852091
2008-01-02,-19.4260357246435,-137.954728693037
2008-01-03,-17.2198140408339,-128.608860877189
2008-01-04,-15.7039288709533,-120.733440704647
2008-01-05,-15.323096011804,-117.839220381649
2008-01-06,-15.8836107541835,-121.008324684068
2008-01-07,-15.7730497247756,-118.746025083525
2008-01-08,-16.8108276580509,-127.165360796245
2008-01-09,-15.9993005275013,-121.687856290696
2008-01-10,-14.4396391829,-107.929459338909
2008-01-11,-13.9231921452619,-100.841495128474
2008-01-12,-14.2609584759564,-100.451752923207
2008-01-13,-17.3321308712797,-136.417928471393
2008-01-14,-16.3921519168948,-126.369830758567
2008-01-15,-15.3565136266704,-116.112303362327
2008-01-16,-15.8092420891753,-122.951071880529
2008-01-17,-16.2983388163962,-127.231763615474
2008-01-18,-15.0575891995106,-115.167556250528
2008-01-19,-15.2467930840064,-118.808014032992
2008-01-20,-11.8951875889074,-80.5872604909859
2008-01-21,-12.4880372358619,-92.004588036164
2008-01-22,-14.6463789715893,-99.3009163594131
2008-01-23,-17.6976514506993,-128.79558467927
2008-01-24,-12.2470615544129,-81.6434044704477
2008-01-25,-15.4748882874253,-120.800806818162
2008-01-26,-13.670346486644,-98.7621498530361
2008-01-27,-13.6033297912721,-102.585976194535
2008-01-28,-12.4966513479699,-91.100730819876
2008-01-29,-11.9487036392576,-86.8303626627984
2008-01-30,-15.0544399769238,-115.46201226413
2008-01-31,-16.4201724968187,-130.670566990223
2008-02-01,-15.3435429678322,-119.22188010135
2008-02-02,-16.9859822127823,-125.069644908998
2008-02-03,-16.3826191794281,-117.539452296849
2008-02-04,-15.8353041428594,-125.403910009982
2008-02-05,-16.500442677146,-131.226794299642
2008-02-06,-16.4269407945832,-132.430632881054
2008-02-07,-17.9415335082118,-142.30065043639
2008-02-08,-15.4320495037268,-114.536825362477
2008-02-09,-13.656350756186,-102.518433556548
2008-02-10,-14.1712034478592,-109.771909583848
2008-02-11,-14.5454914175375,-112.830460193651
2008-02-12,-14.6309315014326,-113.628071795102
2008-02-13,-14.8516847808618,-116.859008160438
2008-02-14,-14.4662126930156,-109.964494815378
2008-02-15,-16.4535237124788,-124.171688973832
2008-02-16,-17.1658060338305,-130.667726556032
2008-02-17,-14.8690467840768,-111.432381250182
2008-02-18,-14.7106877989375,-111.394508589612
2008-02-19,-12.9369126619078,-96.1978787349552
2008-02-20,-14.0283428013779,-109.425557595134
2008-02-21,-15.0610468439156,-119.651231011795
2008-02-22,-14.4096633854876,-113.643907329527
2008-02-23,-12.9083435183655,-99.4154294236713
2008-02-24,-10.7975211444465,-82.8391059646405
2008-02-25,-13.7198657689974,-111.362789211581
2008-02-26,-12.7535779010674,-98.3039425518515
2008-02-27,-16.1069079757996,-136.125686797635
2008-02-28,-12.9129888703072,-97.7310003121852
2008-02-29,-14.823684376883,-119.548569512804
2008-03-01,-15.4794760670192,-118.962367950109
2008-03-02,-14.9140833884152,-115.285478561075
2008-03-03,-14.0415498063999,-106.249501843626
2008-03-04,-18.305301503184,-144.238932709399
2008-03-05,-21.2337438985494,-155.986168641966
2008-03-06,-21.4433872368935,-151.221348465795
2008-03-07,-14.3423605834415,-95.9593388761938
2008-03-08,-17.0382363770195,-129.104847606945
2008-03-09,-14.0166214303811,-100.043584495529
2008-03-10,-14.7272218133284,-113.787997453812
2008-03-11,-16.604863786937,-134.915294229383
2008-03-12,-14.994571185691,-111.572878619846
2008-03-13,-16.3926893099547,-130.133444048083
2008-03-14,-13.7370471978979,-103.120699861856
2008-03-15,-10.6859454809366,-70.942123862194
2008-03-16,-15.3001767547785,-118.873813290903
2008-03-17,-17.206769093247,-138.256808851004
2008-03-18,-18.4462155723747,-139.46012058188
2008-03-19,-18.9859600286493,-144.120487612588
2008-03-20,-19.7148250442272,-154.76874916312
2008-03-21,-18.8232070377782,-137.314995106673
2008-03-22,-17.8975401524626,-140.702373255628
2008-03-23,-19.3637176476539,-156.443440810276
2008-03-24,-20.0597444694721,-162.149979811027
2008-03-25,-21.4208866157034,-172.516205962472
2008-03-26,-16.8782312457988,-126.398071482239
2008-03-27,-16.9018666027558,-133.318865774496
2008-03-28,-13.6374278788894,-96.7909306165659
2008-03-29,-14.2494991466456,-113.776772159828
2008-03-30,-11.5195942082165,-83.8885251190397
2008-03-31,-13.9896955431657,-112.554569638399
2008-04-01,-14.9786633747779,-119.221702815259
2008-04-02,-17.490754742569,-138.087866196484
2008-04-03,-17.4941509875045,-142.131566561439
2008-04-04,-16.7187783320729,-138.016329103918
2008-04-05,-17.0472744317498,-133.551400817829
2008-04-06,-17.608105461767,-143.458298850522
2008-04-07,-17.9886426857934,-142.842879425522
2008-04-08,-14.5032729936058,-97.5640891445137
2008-04-09,-13.308306354002,-95.5334459181674
2008-04-10,-11.7967574466162,-85.0336397357731
2008-04-11,-11.9486398043591,-81.033884531849
2008-04-12,-17.0347917960324,-138.437232704172
2008-04-13,-13.8115859843073,-106.329696715293
2008-04-14,-14.2947897517193,-105.901931550934
2008-04-15,-17.7732508684533,-144.393097610587
2008-04-16,-16.8464768370852,-135.688424222265
2008-04-17,-12.8850843049543,-92.401568043973
2008-04-18,-12.492416731147,-92.25342140553
2008-04-19,-12.2451490986766,-89.8223930390816
2008-04-20,-11.2595433604111,-79.2879883103061
2008-04-21,-14.8761362252654,-113.944516819919
2008-04-22,-16.3842520521064,-130.874641489339
2008-04-23,-16.0694256882883,-128.875793565578
2008-04-24,-14.0286182031327,-109.676303032293
2008-04-25,-15.8175920071511,-127.310880246155
2008-04-26,-12.3991166841432,-97.8636321742101
2008-04-27,-10.7345461277301,-79.7768333567562
2008-04-28,-9.87932754393559,-79.476929830632
2008-04-29,-15.0912450225058,-122.906073057997
2008-04-30,-11.5696511790701,-83.3262729753519
2008-05-01,-13.2059891897213,-92.1878540520555
2008-05-02,-11.601551881691,-73.5412263997535
2008-05-03,-10.4911854125999,-69.1959464280088
2008-05-04,-10.6824860829202,-83.0302168415406
2008-05-05,-11.7063203816967,-82.954708092314
2008-05-06,-10.015036003992,-61.5885527829513
2008-05-07,-9.7269029381636,-66.2060630404342
2008-05-08,-8.97149202323629,-57.730525415173
2008-05-09,-8.30499833169787,-55.9622481550769
2008-05-10,-8.25746101141727,-58.0041838201901
2008-05-11,-9.69468835752943,-67.1385312219314
2008-05-12,-8.71373293097835,-52.3881688835852
2008-05-13,-9.06356145572366,-62.3904353209302
2008-05-14,-9.02806969655957,-64.6333517893613
2008-05-15,-8.8422350856687,-63.2891134975196
2008-05-16,-9.34748909611449,-70.7286639596162
2008-05-17,-11.3385307878237,-91.501623455909
2008-05-18,-14.990643634562,-101.309852832508
2008-05-19,-11.7237385085635,-83.3033547821522
2008-05-20,-14.266399606945,-103.341420952298
2008-05-21,-13.6008564388764,-100.293446974431
2008-05-22,-14.2414239450761,-103.341420952298
2008-05-23,-8.92920303092977,-52.9305173198856
2008-05-24,-9.36236220737655,-66.2895266665438
2008-05-25,-8.46430401514233,-64.7381868351834
2008-05-26,-9.21314382113467,-71.197773459004
2008-05-27,-5.23331436865772,-40.3873478869501
2008-05-28,-6.91418081384677,-61.4206033185877
2008-05-29,-7.18773714425805,-58.0221335342289
2008-05-30,-9.60535166722986,-79.6000861423198
2008-05-31,-9.40329490339984,-77.2044428681502
2008-06-01,-5.78488768511079,-32.1669313612746
2008-06-02,-6.56984565989559,-44.4266663054047
2008-06-03,-9.41883116559975,-73.2799695938669
2008-06-04,-11.577114984071,-90.5538170006022
2008-06-05,-11.513377842848,-92.1829452516183
2008-06-06,-10.2270719447209,-80.2126892246568
2008-06-07,-12.8095135464695,-103.002045553474
2008-06-08,-9.4126209987072,-72.6038177795625
2008-06-09,-8.61727556116887,-59.0004803149826
2008-06-10,-7.21062190259652,-41.539703853598
2008-06-11,-11.0720028914161,-82.9904303215359
2008-06-12,-9.41468067557999,-75.8188046396994
2008-06-13,-13.5991288981076,-95.5196769546696
2008-06-14,-13.9106357618617,-94.9609152536836
2008-06-15,-13.948983187078,-90.7257497299334
2008-06-16,-12.2221793281774,-86.4233631851738
2008-06-17,-11.9914519537628,-90.3182504535519
2008-06-18,-8.9126311719778,-68.2591098437321
2008-06-19,-6.37460228825303,-44.1140416353558
2008-06-20,-6.68368807479085,-50.7464356263728
2008-06-21,-5.34407001251355,-37.2661023014163
2008-06-22,-4.56526606198799,-29.2905908421666
2008-06-23,-6.11516263002318,-43.9002048481894
2008-06-24,-5.31099598833342,-33.223589048759
2008-06-25,-3.06591623358252,-12.2003735632954
2008-06-26,-7.7574381165084,-61.9261792175823
2008-06-27,-7.17760478376598,-55.32412800739
2008-06-28,-5.7102851939517,-38.7856715314379
2008-06-29,-4.79888526552184,-26.7796092410534
2008-06-30,-6.15788937706938,-40.5689039817638
2008-07-01,-5.56585127727118,-31.6153812980752
2008-07-02,-6.94130475251096,-44.8569994336681
2008-07-03,-7.23924188682295,-44.1369881077537
2008-07-04,-8.97251828712887,-68.5380499570301
2008-07-05,-6.57611475542959,-35.4707020822844
2008-07-06,-8.3908526868951,-53.3971181869124
2008-07-07,-11.664734125287,-85.9568217827709
2008-07-08,-8.84042876404411,-64.7845409481607
2008-07-09,-7.04316799965406,-40.3533398385171
2008-07-10,-4.45371196901386,-20.8398823311097
2008-07-11,-4.91734714648769,-27.0306448045286
2008-07-12,-10.5593316663144,-79.6900984513334
2008-07-13,-12.5168359580176,-85.0607037029062
2008-07-14,-14.7423650644131,-98.0602185496528
2008-07-15,-7.89587762540563,-34.761994367097
2008-07-16,-5.25244113875164,-25.6314564330293
2008-07-17,-10.6627921125873,-78.0744096794656
2008-07-18,-10.102707968466,-74.8723846980404
2008-07-19,-4.78892709545001,-16.7001186799299
2008-07-20,-8.32902799855275,-58.7206230574884
2008-07-21,-9.81064683586123,-75.3703955312364
2008-07-22,-13.186155431964,-92.5868931723214
2008-07-23,-9.83471690058836,-66.3757059149071
2008-07-24,-6.81570930486282,-34.0140033888451
2008-07-25,-5.02980365229923,-27.5639354506901
2008-07-26,-6.3188087049076,-40.5583193797377
2008-07-27,-8.56574986100844,-64.6343109160612
2008-07-28,-7.30453125922387,-47.3453064998913
2008-07-29,-5.88385953128812,-34.3729240144821
2008-07-30,-5.77200717749148,-32.0206107732765
2008-07-31,-5.36284216447104,-30.1530558958695
2008-08-01,-7.31254444402376,-47.4716937787465
2008-08-02,-7.00369500217256,-50.5726423046126
2008-08-03,-6.32584987220888,-45.4048236291917
2008-08-04,-8.92977076700199,-61.0791118681102
2008-08-05,-9.76302188687292,-72.3932656048652
2008-08-06,-5.42534416211891,-27.4413216971301
2008-08-07,-4.12217864691783,-14.1545351928424
2008-08-08,-9.87955110626649,-72.5447626929197
2008-08-09,-9.97840044771856,-71.8930127397802
2008-08-10,-5.18445503023932,-20.7308520519353
2008-08-11,-5.97409164147361,-34.9285693373885
2008-08-12,-7.84429016638803,-48.9272958207225
2008-08-13,-8.83549486295957,-67.8636121708848
2008-08-14,-8.74093383161617,-61.9525966192475
2008-08-15,-12.3203188552264,-77.9853312651643
2008-08-16,-9.72479120537806,-61.085308548871
2008-08-17,-9.9870649934239,-69.4770672814558
2008-08-18,-5.5097342406651,-21.6948719252483
2008-08-19,-5.71141779215394,-33.298847782966
2008-08-20,-10.4131234517735,-82.3888280260279
2008-08-21,-5.26705997641989,-24.0461961711222
2008-08-22,-7.01167281490232,-41.1563584867846
2008-08-23,-11.3034661729892,-69.6130476318141
2008-08-24,-8.6684322397778,-38.3190671762733
2008-08-25,-7.61101591875285,-49.6873071693913
2008-08-26,-7.06284402799684,-40.8205102576233
2008-08-27,-6.44888909593414,-38.212370333957
2008-08-28,-6.87116894365879,-42.9678257521562
2008-08-29,-6.23987945367573,-35.7606877692064
2008-08-30,-5.57627217510652,-30.8647531476152
2008-08-31,-7.12955901348432,-44.8756354206155
2008-09-01,-9.07156418901805,-73.3278730227302
2008-09-02,-5.79803473940048,-39.0901333578818
2008-09-03,-8.06055941012708,-60.0094465722508
2008-09-04,-9.28368374649984,-70.9822074842422
2008-09-05,-7.81174063211227,-55.584972666283
2008-09-06,-6.24646031472795,-36.4229110921044
2008-09-07,-12.4688538916784,-97.9242985413206
2008-09-08,-8.55642436272232,-63.6443384686601
2008-09-09,-5.54926166202382,-31.369496226043
2008-09-10,-7.29363209459739,-49.2654026704036
2008-09-11,-4.84530771561059,-26.6015221798712
2008-09-12,-10.3554386679893,-79.8849264203175
2008-09-13,-12.0282066578348,-84.4177423719612
2008-09-14,-15.2879470142167,-105.188447354961
2008-09-15,-15.8253558206875,-109.495815516207
2008-09-16,-13.9712657275659,-94.775468039508
2008-09-17,-9.76762661547317,-46.9074039410463
2008-09-18,-9.76357378861787,-53.3213187859425
2008-09-19,-11.823304728559,-86.0967976757946
2008-09-20,-11.9689283178956,-80.9570553306849
2008-09-21,-14.5156688109111,-101.614693672117
2008-09-22,-12.7096625623717,-79.1360899281148
2008-09-23,-14.0972089011284,-93.5637316967601
2008-09-24,-12.156566614946,-73.8405382572002
2008-09-25,-14.871870951485,-104.94912498752
2008-09-26,-12.9811297206015,-87.4629363753088
2008-09-27,-12.2804553085819,-75.9109191632212
2008-09-28,-11.880042340866,-72.7159139450358
2008-09-29,-10.7644306696566,-59.2397644140846
2008-09-30,-12.8808022834156,-92.4994494194028
2008-10-01,-11.2834373407924,-84.9142777397811
2008-10-02,-12.5776067086216,-84.8870992530861
2008-10-03,-16.6478026372794,-122.026491227014
2008-10-04,-16.8304426106057,-125.84861366856
2008-10-05,-12.6734601988239,-83.1403173644137
2008-10-06,-10.9948851593095,-71.3977060704631
2008-10-07,-9.65048347381498,-73.1399842951039
2008-10-08,-9.84440424526596,-74.7410518649346
2008-10-09,-10.5847154619033,-78.7512464116892
2008-10-10,-9.41328784447863,-65.9716783804848
2008-10-11,-8.40550370249898,-66.1222405096131
2008-10-12,-8.49474632458703,-59.5450248852745
2008-10-13,-8.21208565650549,-67.8197057877528
2008-10-14,-10.0000456147124,-85.8877379630796
2008-10-15,-9.74467841579905,-79.853752113651
2008-10-16,-11.7751512094614,-85.3465516054551
2008-10-17,-14.5863448109887,-108.41085125922
2008-10-18,-10.5684445214093,-59.6283896085394
2008-10-19,-11.5447237685977,-77.5693283451577
2008-10-20,-10.3902502307103,-68.1813253279835
2008-10-21,-9.3825152180734,-65.1014616560067
2008-10-22,-10.2545120889546,-59.939129630465
2008-10-23,-13.2960707305761,-91.4781864898459
2008-10-24,-10.8301946488688,-78.1392754174186
2008-10-25,-11.2907658914731,-76.3513973338978
2008-10-26,-10.204532895587,-71.5248953840723
2008-10-27,-11.5905083395728,-90.9971526699461
2008-10-28,-15.0464861956937,-105.016487670153
2008-10-29,-17.3626655590389,-131.107233520447
2008-10-30,-17.1823518361382,-130.347849336094
2008-10-31,-14.638485836992,-101.583900802375
2008-11-01,-13.1306389403146,-98.711636864814
2008-11-02,-11.7656641649905,-91.6341706715028
2008-11-03,-13.0112708568468,-91.1800119445504
2008-11-04,-13.7915311659544,-99.3251325529107
2008-11-05,-13.8065772915622,-104.610263073525
2008-11-06,-13.8244326186775,-100.988257126269
2008-11-07,-15.6336921131511,-118.369124714667
2008-11-08,-15.6517818550056,-121.782978028534
2008-11-09,-14.1216492944706,-104.630314734995
2008-11-10,-13.3195781883637,-96.7332110104107
2008-11-11,-14.5702491528025,-113.517136977112
2008-11-12,-17.4457407588111,-136.119016841994
2008-11-13,-18.7614665204406,-151.376148268702
2008-11-14,-17.5738198664909,-138.882004101792
2008-11-15,-15.5330443353976,-115.404600060892
2008-11-16,-14.7653140050587,-109.875444520829
2008-11-17,-17.2925188807158,-132.491712252342
2008-11-18,-17.8843855445056,-136.594103207265
2008-11-19,-16.8277748544945,-130.50467799262
2008-11-20,-16.0982694217034,-122.246856988241
2008-11-21,-17.4536254432755,-125.98967759739
2008-11-22,-21.2805828797706,-164.236455887104
2008-11-23,-21.9731975951758,-170.927856281787
2008-11-24,-19.8536743817648,-151.840561530965
2008-11-25,-20.8174475040058,-160.637127916506
2008-11-26,-21.8107788401016,-165.142989217451
2008-11-27,-17.8638143763789,-130.699642961383
2008-11-28,-18.1492607565979,-134.671026795351
2008-11-29,-17.0676957748831,-131.059969631684
2008-11-30,-18.1445741983263,-143.587337315922
2008-12-01,-18.2024791517872,-141.80725740815
2008-12-02,-18.376271383297,-143.093037302777
2008-12-03,-18.432284331648,-138.793082923311
2008-12-04,-16.3999828515879,-119.89642315185
2008-12-05,-16.6164997860546,-127.229382230553
2008-12-06,-17.5929405662043,-135.571163371069
2008-12-07,-18.5909959986576,-142.43192912115
2008-12-08,-16.9907641456212,-121.719040815084
2008-12-09,-15.3531145258104,-113.338820954368
2008-12-10,-17.4725283053419,-134.326517307622
2008-12-11,-19.5378770591919,-155.929158769032
2008-12-12,-20.1374801486452,-159.737704145741
2008-12-13,-16.6634521683722,-120.593151753135
2008-12-14,-15.8470964476887,-122.143608842073
2008-12-15,-14.7410458368141,-112.220227847152
2008-12-16,-14.3725660738087,-107.16562129072
2008-12-17,-16.3422840829256,-120.90703861144
2008-12-18,-19.2175188177912,-152.734909663133
2008-12-19,-17.0525552825837,-127.916548843874
2008-12-20,-16.6574860760351,-125.233444505673
2008-12-21,-16.8323542553334,-133.504282844557
2008-12-22,-15.9511631456166,-119.944483282738
2008-12-23,-15.9440940519613,-120.151593747433
2008-12-24,-15.9328852177289,-121.939508641462
2008-12-25,-17.5844370103775,-135.845719768106
2008-12-26,-18.2924695624743,-138.052156293647
2008-12-27,-19.633289059974,-148.203643756041
2008-12-28,-17.5616008669558,-125.896367950207
2008-12-29,-15.8974035561616,-118.665063775992
2008-12-30,-14.7687273820869,-108.475255528616
2008-12-31,-15.4097933229488,-114.800524701224
2009-01-01,-18.3813164775573,-144.377363826116
2009-01-02,-18.4248381933601,-128.36535934779
2009-01-03,-19.5403799236062,-140.126232780475
2009-01-04,-18.1271354588021,-131.453809649261
2009-01-05,-20.1420637438319,-150.02920457466
2009-01-06,-20.0628649923062,-148.440610595965
2009-01-07,-18.1935548789812,-137.009384732957
2009-01-08,-17.2519668767638,-126.402510007034
2009-01-09,-16.541524197349,-124.576390024227
2009-01-10,-15.5305273511844,-115.376785440462
2009-01-11,-15.6803767630589,-119.236683161987
2009-01-12,-14.9623236666928,-112.866597762986
2009-01-13,-14.9118827546005,-111.961116671509
2009-01-14,-17.9711093011423,-141.093704159977
2009-01-15,-16.9896501723971,-126.403973355988
2009-01-16,-15.5982020392126,-117.517168755108
2009-01-17,-15.6747972260632,-117.119353378963
2009-01-18,-15.8520780138499,-119.21301991835
2009-01-19,-14.7809285250879,-104.714367186931
2009-01-20,-16.2901832999886,-124.577753130234
2009-01-21,-18.7720000251634,-149.478687852993
2009-01-22,-18.8348805285404,-145.375392291782
2009-01-23,-17.0589613974841,-126.298222239375
2009-01-24,-17.4344496019622,-128.451318641654
2009-01-25,-18.1054887052418,-141.378681157382
2009-01-26,-17.4405243946298,-131.325259154052
2009-01-27,-19.1663061234068,-153.212959851899
2009-01-28,-19.8417926541591,-155.910548075356
2009-01-29,-17.3977635805479,-126.210127453756
2009-01-30,-15.3909563918867,-114.698261430109
2009-01-31,-16.7229769173479,-121.3310794603
2009-02-01,-18.3391821173738,-137.005087835795
2009-02-02,-15.9154441389142,-121.439030174899
2009-02-03,-14.6471360235472,-115.061296593039
2009-02-04,-14.6687401178261,-113.862692945266
2009-02-05,-14.4813262094061,-113.935904678182
2009-02-06,-17.0117428602553,-138.765005561482
2009-02-07,-16.652960935267,-135.025132506198
2009-02-08,-18.9417996067959,-154.41684158371
2009-02-09,-17.731995919714,-134.519338577479
2009-02-10,-16.1596507069815,-125.84425979528
2009-02-11,-20.2739676465617,-165.37818522101
2009-02-12,-22.036721130241,-174.022234533581
2009-02-13,-23.0539883888016,-182.77504764988
2009-02-14,-22.7445255933467,-175.981157258603
2009-02-15,-23.2369562541348,-176.927613460436
2009-02-16,-20.4692535384606,-153.327925926711
2009-02-17,-19.4433636472241,-155.133571253964
2009-02-18,-21.3739861328862,-162.719829197838
2009-02-19,-22.2811391328353,-168.925397514659
2009-02-20,-20.089613222227,-144.633161647229
2009-02-21,-18.4884053788141,-153.306344007101
2009-02-22,-18.5035145346073,-150.320511952452
2009-02-23,-18.8115803100598,-154.032120739619
2009-02-24,-18.574042652135,-154.769078637277
2009-02-25,-17.6606849865283,-129.212865112452
2009-02-26,-15.7171796833371,-119.830170850551
2009-02-27,-17.6852681159347,-144.533289316867
2009-02-28,-12.3987179792181,-91.1866544719459
2009-03-01,-14.8811796699299,-115.725522172409
2009-03-02,-16.0871861680263,-127.135232388793
2009-03-03,-16.9878677283227,-137.662721622181
2009-03-04,-14.7859043735145,-112.533551446239
2009-03-05,-16.8296500399633,-129.801043502827
2009-03-06,-18.794516896119,-150.94725601146
2009-03-07,-19.6211869657079,-152.394091704594
2009-03-08,-15.2692659742504,-102.333462032181
2009-03-09,-18.1935859336795,-145.215025253485
2009-03-10,-17.8883329695467,-138.541146405605
2009-03-11,-17.8618689468301,-140.620429229948
2009-03-12,-18.1404129775823,-134.039335379867
2009-03-13,-15.4978444065813,-121.399033966858
2009-03-14,-11.9412241070592,-83.3343066099611
2009-03-15,-16.1281375050318,-125.556511632605
2009-03-16,-14.5788906969164,-109.653904452432
2009-03-17,-13.2269563570081,-96.5185628657698
2009-03-18,-13.9532329839854,-106.874356309352
2009-03-19,-15.3543239022794,-116.990235037015
2009-03-20,-19.4111023688943,-150.194534237189
2009-03-21,-19.682691996027,-144.483544876536
2009-03-22,-16.1621041046328,-111.325169278057
2009-03-23,-14.5263497740602,-110.935201768538
2009-03-24,-17.3523377872765,-136.726269708758
2009-03-25,-18.6294624500537,-150.3392795697
2009-03-26,-16.8255893034871,-135.191640926195
2009-03-27,-13.6615285526747,-106.50135212031
2009-03-28,-12.8765188392122,-94.6575279181924
2009-03-29,-18.189547208806,-146.844851763988
2009-03-30,-15.5692118437445,-123.845194598351
2009-03-31,-12.9741771257581,-98.9325286683522
2009-04-01,-11.1985171644917,-83.0887440225094
2009-04-02,-11.2609289259634,-96.6429661761556
2009-04-03,-11.948049713261,-90.3758211437804
2009-04-04,-12.0793337762576,-89.943999135362
2009-04-05,-12.4442765591287,-95.9315725791285
2009-04-06,-11.3695971579599,-85.1654072431142
2009-04-07,-11.5274796397402,-87.8301446955515
2009-04-08,-11.5998725708687,-85.8138259369656
2009-04-09,-10.7749503332227,-78.8327806408458
2009-04-10,-11.4735312349786,-84.0252680743031
2009-04-11,-11.4238571978606,-85.2407502004664
2009-04-12,-10.4224906289377,-77.6019188057719
2009-04-13,-11.1162491769483,-86.6701701602979
2009-04-14,-10.7049058946937,-80.7968156530366
2009-04-15,-10.7255387225972,-79.6981277514574
2009-04-16,-12.6023412307083,-91.1969262104465
2009-04-17,-13.4689764065113,-104.190515469303
2009-04-18,-12.9330153485262,-97.2189378713869
2009-04-19,-12.2311138706802,-88.6887841978332
2009-04-20,-11.1360389620945,-86.6667327828243
2009-04-21,-11.9934322530593,-96.1841860914758
2009-04-22,-12.2678853480921,-95.9078544975655
2009-04-23,-13.928829844957,-108.808930436975
2009-04-24,-12.1717729467262,-88.6916440211181
2009-04-25,-10.4884027922729,-74.1693617225298
2009-04-26,-12.4907047184747,-100.472367047283
2009-04-27,-13.2501478773494,-108.531090590149
2009-04-28,-15.6898424477441,-122.646288453154
2009-04-29,-16.2669981970876,-133.752959001008
2009-04-30,-15.3961756073848,-125.192279506042
2009-05-01,-10.586455417844,-64.1719072283969
2009-05-02,-12.9867124308983,-91.3931865268132
2009-05-03,-10.3608462140962,-63.0918117063996
2009-05-04,-14.6948267241077,-102.423971773644
2009-05-05,-15.3972463141877,-108.413947944221
2009-05-06,-11.3016764574097,-72.9607028135242
2009-05-07,-7.70505294446321,-40.8027717475115
2009-05-08,-8.01294456691865,-53.4580977087966
2009-05-09,-7.72458466998542,-51.8545548849324
2009-05-10,-8.42272749790737,-57.7148029688495
2009-05-11,-7.77006975189542,-57.4037096778074
2009-05-12,-8.20749003230879,-62.2920824738618
2009-05-13,-7.98936038096291,-60.1499165895194
2009-05-14,-9.2241060504592,-75.5646462584253
2009-05-15,-10.501829296484,-78.8986874879702
2009-05-16,-7.88160999037838,-53.2684272969606
2009-05-17,-7.2712741044994,-43.7664760700775
2009-05-18,-10.3967050198689,-85.5817656520423
2009-05-19,-9.19222832032362,-71.2389421917644
2009-05-20,-5.74391203140226,-38.3668613801884
2009-05-21,-6.13335366299847,-42.914234592559
2009-05-22,-8.00430282413568,-66.0353287860284
2009-05-23,-3.79019085830158,-21.0988703898746
2009-05-24,-5.93860212815362,-46.7556969787645
2009-05-25,-3.69195863878955,-23.2757990726145
2009-05-26,-5.42490013246421,-27.6315756028661
2009-05-27,-11.2827812103373,-87.5111606938183
2009-05-28,-13.4647860890114,-95.3085816865643
2009-05-29,-11.7924034614064,-83.6934661630294
2009-05-30,-8.4254179519739,-42.8214296000081
2009-05-31,-12.4570339944154,-87.2280764472393
2009-06-01,-10.7485733535076,-62.9080711563728
2009-06-02,-10.5599137050571,-73.3324157599477
2009-06-03,-9.88933268812771,-66.1395549331298
2009-06-04,-10.6404248606847,-75.9753292807838
2009-06-05,-8.11966554577341,-34.3282128336149
2009-06-06,-13.6106153128816,-81.1086877505877
2009-06-07,-10.0406495068237,-57.9601216500664
2009-06-08,-10.1051585383946,-64.6117056901768
2009-06-09,-12.0336704001244,-95.4026661827185
2009-06-10,-8.78637208704564,-50.1298231405393
2009-06-11,-10.1534631066643,-84.6182227619524
2009-06-12,-9.46972349246244,-71.5723992926944
2009-06-13,-6.90140553954457,-51.5844124994788
2009-06-14,-4.11866980183711,-20.3277129800096
2009-06-15,-6.1022295030962,-39.2173546361187
2009-06-16,-10.9306546581367,-90.3297706668201
2009-06-17,-5.9845417396708,-34.9937699440042
2009-06-18,-5.07136469154192,-34.9521498558609
2009-06-19,-8.70870227082355,-54.1241277297513
2009-06-20,-12.403635276395,-96.0541392764964
2009-06-21,-14.1193192579918,-100.931975285101
2009-06-22,-14.5461578426362,-101.738546927662
2009-06-23,-14.5253796744224,-102.092808112227
2009-06-24,-10.3210853716617,-66.658346722998
2009-06-25,-7.57099455412464,-57.2358821297629
2009-06-26,-10.2857788363641,-81.2920911311016
2009-06-27,-11.3871935254478,-91.2063479818347
2009-06-28,-7.87040672666758,-61.8803241076544
2009-06-29,-7.07841619132177,-51.897709817114
2009-06-30,-6.92066805096302,-48.6127569936665
2009-07-01,-6.59641240878414,-43.5223733142372
2009-07-02,-6.65317403411703,-43.4184506074824
2009-07-03,-7.34519365911528,-50.5403171330754
2009-07-04,-6.53124994267546,-42.9556074752836
2009-07-05,-7.62665126080896,-51.6231447569582
2009-07-06,-9.58475665442615,-72.4496052503546
2009-07-07,-10.4729715702022,-65.1256149968362
2009-07-08,-10.4467734523098,-66.4536780496255
2009-07-09,-9.76069922025765,-56.6862535459036
2009-07-10,-11.069222769235,-76.4813096048788
2009-07-11,-11.0820185840204,-79.9295140665625
2009-07-12,-7.8729242459524,-43.0716050711052
2009-07-13,-5.06864991263809,-28.9289697917158
2009-07-14,-5.40617228910547,-33.6051922852259
2009-07-15,-8.93069916861302,-67.8700962400144
2009-07-16,-5.24669120472372,-34.088655411568
2009-07-17,-8.97454017763851,-45.0942079249889
2009-07-18,-14.5836746332324,-88.205094962236
2009-07-19,-9.1995159982538,-41.7326914886464
2009-07-20,-7.25408875577313,-45.4041069927358
2009-07-21,-4.74589296671399,-22.2899384423653
2009-07-22,-6.07614117542084,-36.6521209404116
2009-07-23,-3.86531905919062,-15.8396720974414
2009-07-24,-6.88424404933796,-49.1865305962492
2009-07-25,-9.87730244556514,-72.5868282457232
2009-07-26,-5.90376763564725,-22.5234974169871
2009-07-27,-4.02268980505482,-17.0619682276126
2009-07-28,-7.35556240016756,-55.5396282481987
2009-07-29,-4.1155246463671,-18.595979254774
2009-07-30,-8.24472460575282,-64.0683487506259
2009-07-31,-8.18120952210611,-55.6715755755883
2009-08-01,-4.68849525760161,-24.9926675934707
2009-08-02,-8.01806462150504,-51.3368618216273
2009-08-03,-11.7703495622088,-90.1878592874002
2009-08-04,-11.7197559003393,-89.6622630269018
2009-08-05,-6.12378800361274,-33.0758340931212
2009-08-06,-5.12668181742313,-27.9666164255814
2009-08-07,-6.00950716823624,-37.0620809414339
2009-08-08,-9.76848097564485,-70.363007679284
2009-08-09,-8.38254122197273,-60.3829614655339
2009-08-10,-10.02085717743,-72.8976920441133
2009-08-11,-8.7100923062164,-64.4723130871287
2009-08-12,-6.44068710811977,-41.5786101840896
2009-08-13,-6.76850340901846,-42.4896916612556
2009-08-14,-7.01104664540731,-47.319598635031
2009-08-15,-5.32583683331932,-30.0506925004236
2009-08-16,-5.92494804049244,-38.2562442954415
2009-08-17,-5.61905793595516,-32.67771871977
2009-08-18,-5.38148240491434,-30.1218560551386
2009-08-19,-5.01388133640427,-28.3977766694133
2009-08-20,-4.58098948603117,-22.7035626273277
2009-08-21,-8.33768502541151,-60.2622627726214
2009-08-22,-9.96130549757064,-73.3992745680241
2009-08-23,-5.71007221423124,-29.6984265307482
2009-08-24,-5.44415900182677,-31.1696734819045
2009-08-25,-6.9020671533297,-47.1948533110083
2009-08-26,-8.87310383517534,-61.0791118681102
2009-08-27,-6.78724477651557,-44.4637480660524
2009-08-28,-6.51701673806765,-39.2510300091795
2009-08-29,-10.3334486111021,-61.4000383106481
2009-08-30,-8.78432906052816,-37.0229532836043
2009-08-31,-4.29661561158992,-13.1869140161322
2009-09-01,-4.26824495560673,-23.7854537268902
2009-09-02,-6.4534880726582,-46.4095892574444
2009-09-03,-7.35133568769008,-53.6942370961468
2009-09-04,-10.7707317601049,-65.957223719397
2009-09-05,-11.1652827076989,-67.712598388761
2009-09-06,-9.94408756116854,-53.2776266071059
2009-09-07,-7.1736350763292,-35.5427384399642
2009-09-08,-6.52261955900162,-44.4556914890046
2009-09-09,-7.36470723808346,-51.092912269105
2009-09-10,-8.67765115770426,-62.0689320068924
2009-09-11,-9.54907411164746,-74.6654618571926
2009-09-12,-9.9515008047473,-70.9060288755589
2009-09-13,-10.7354592136404,-80.3826296606993
2009-09-14,-13.6490988987873,-94.408066247508
2009-09-15,-9.59788395577179,-50.2252221722448
2009-09-16,-8.82885253681482,-63.4285451833081
2009-09-17,-10.2477645094638,-81.1489501030316
2009-09-18,-6.75869671792115,-45.014542049825
2009-09-19,-9.24678087023171,-69.520729281203
2009-09-20,-9.38899024511953,-66.5901270507921
2009-09-21,-8.23462333182709,-60.0551364166213
2009-09-22,-7.24947900239152,-51.2163988405682
2009-09-23,-7.33199595059327,-51.9653988357327
2009-09-24,-7.76321000832679,-55.8483151901388
2009-09-25,-9.79853278479395,-78.2549590034317
2009-09-26,-8.95375451401533,-63.8827250722883
2009-09-27,-8.5252716401833,-60.9176378917511
2009-09-28,-8.08033672538083,-52.371567596059
2009-09-29,-7.63698395644881,-46.2110570358679
2009-09-30,-7.45258466801169,-48.0970185835503
2009-10-01,-9.12408783578256,-79.8889394261126
2009-10-02,-11.2182402429842,-88.4965315693256
2009-10-03,-9.86266719586363,-58.5928843478128
2009-10-04,-9.61610623669782,-68.3644341297503
2009-10-05,-8.34930274119732,-54.8017732925027
2009-10-06,-7.06088716632433,-53.974224798757
2009-10-07,-5.59402801774669,-42.1363260846105
2009-10-08,-9.16386169975658,-78.5785682409405
2009-10-09,-10.8369036067573,-93.8432267704566
2009-10-10,-12.4456684665857,-103.016374769746
2009-10-11,-13.0411476102084,-104.802383137158
2009-10-12,-14.7033609418323,-102.425824720929
2009-10-13,-17.388096552885,-134.05506037204
2009-10-14,-17.593834508045,-130.229349490177
2009-10-15,-18.5286744303207,-139.616386737477
2009-10-16,-16.8216918780408,-122.153398646683
2009-10-17,-17.55220904945,-133.170340693531
2009-10-18,-17.8264264743276,-136.181372689146
2009-10-19,-15.4278910180263,-106.978754023171
2009-10-20,-13.166498033294,-84.9606258749489
2009-10-21,-12.1893813474369,-77.871471829407
2009-10-22,-13.0328840689055,-88.0986805211718
2009-10-23,-15.3305842782871,-112.351420631347
2009-10-24,-13.8832848897818,-99.9393723577859
2009-10-25,-10.5051526031599,-76.7046743872165
2009-10-26,-13.313456423724,-101.636802693084
2009-10-27,-10.5785803730777,-60.9585309721342
2009-10-28,-8.95267912239556,-61.1548227476482
2009-10-29,-10.5264092470738,-77.5045401969189
2009-10-30,-11.3572129518599,-79.6026332583968
2009-10-31,-12.0022455235565,-83.5041306851746
2009-11-01,-11.6035288767907,-82.9645229807185
2009-11-02,-13.949965470662,-94.6296189416943
2009-11-03,-17.5320338446099,-140.539105487524
2009-11-04,-16.7414270659307,-125.753077746106
2009-11-05,-16.7275207851096,-126.028208964219
2009-11-06,-18.543455592106,-147.891126419973
2009-11-07,-15.514869637556,-114.702895230952
2009-11-08,-18.3895830875819,-147.794176919593
2009-11-09,-18.4740861045354,-148.42178438837
2009-11-10,-18.8549128829668,-151.402209756618
2009-11-11,-18.3507389172595,-140.673088631991
2009-11-12,-14.1006815446263,-93.3289886523151
2009-11-13,-14.3394096675357,-107.760961676512
2009-11-14,-14.0467623597482,-102.062725452946
2009-11-15,-14.8591889511814,-109.501345582268
2009-11-16,-14.3667121830402,-113.087341253248
2009-11-17,-11.6344786136301,-89.6975108713083
2009-11-18,-13.898437423177,-107.590361900468
2009-11-19,-12.4373542048828,-86.9191884292138
2009-11-20,-10.321557313001,-84.8193553875019
2009-11-21,-11.3241893676992,-89.746493889846
2009-11-22,-14.5106303493977,-109.255342601333
2009-11-23,-14.8553050643661,-111.831669293758
2009-11-24,-16.3254365384104,-125.266320451314
2009-11-25,-12.7409328640153,-86.781640811933
2009-11-26,-15.2943736336671,-113.463263971825
2009-11-27,-14.6731979783556,-106.851834214401
2009-11-28,-15.5552661416439,-115.619885200727
2009-11-29,-15.6325027329759,-118.694456521356
2009-11-30,-17.3576358261334,-131.622860255248
2009-12-01,-18.3299281245282,-146.666438713061
2009-12-02,-17.2359819531782,-129.762536474537
2009-12-03,-16.5516157069094,-127.194513400483
2009-12-04,-17.784413952349,-138.207213289739
2009-12-05,-16.5278491749588,-121.097506919489
2009-12-06,-15.6510708773949,-118.722181392353
2009-12-07,-15.8825382521227,-124.748059355443
2009-12-08,-15.8703722398396,-118.896378809891
2009-12-09,-17.8718555428496,-141.079624753889
2009-12-10,-15.274902121566,-110.010225398374
2009-12-11,-17.5808750472129,-136.70265417925
2009-12-12,-19.0681841691011,-147.029839007395
2009-12-13,-20.419013505497,-154.775876773433
2009-12-14,-20.1500180708312,-149.387497651213
2009-12-15,-23.5915293055303,-169.841426848609
2009-12-16,-24.7872439852322,-176.566929664913
2009-12-17,-25.7533230787841,-186.525842021454
2009-12-18,-24.3392180731468,-168.079986418773
2009-12-19,-25.5029863255587,-188.967265732582
2009-12-20,-23.08240799552,-157.90308396187
2009-12-21,-16.9035612067818,-122.816338532541
2009-12-22,-14.8353473041243,-110.4183265479
2009-12-23,-16.6282169942197,-130.708876013074
2009-12-24,-14.6988365411897,-110.742999278536
2009-12-25,-14.2722752548371,-94.4134265408097
2009-12-26,-18.9973813782808,-139.908162547659
2009-12-27,-18.04992366299,-136.494338264327
2009-12-28,-18.2133846526005,-136.059264281374
2009-12-29,-14.8987858748305,-107.323516735436
2009-12-30,-15.1862698608266,-113.553786416801
2009-12-31,-16.8240119470855,-130.029194606601
2010-01-01,-16.7437670877645,-128.17583736991
2010-01-02,-19.2631990819853,-134.189794449008
2010-01-03,-22.5828363679065,-161.026956822029
2010-01-04,-20.1361254667007,-150.344853498585
2010-01-05,-17.8364108696439,-133.788626255156
2010-01-06,-18.8169050118864,-143.879453269607
2010-01-07,-19.5812169346403,-144.299246426448
2010-01-08,-18.7704184738876,-144.2508427597
2010-01-09,-21.9045235274304,-171.495196881137
2010-01-10,-21.3729850909964,-164.966608164544
2010-01-11,-18.8774673489705,-138.411677971297
2010-01-12,-17.4839434748002,-135.245716993446
2010-01-13,-17.6902761257974,-134.363170725216
2010-01-14,-16.6727577338229,-127.581095624187
2010-01-15,-16.4953767736474,-126.120230896969
2010-01-16,-14.7730663762946,-106.383170413011
2010-01-17,-15.9622234477404,-122.348736592095
2010-01-18,-17.5166762373918,-134.372407752105
2010-01-19,-15.9635196336153,-117.631155607627
2010-01-20,-15.775819417458,-117.687013566386
2010-01-21,-17.8529062942781,-138.526969936486
2010-01-22,-18.1043979898078,-132.257018922562
2010-01-23,-14.2144041475368,-100.411964571791
2010-01-24,-14.6410941271686,-109.479093732954
2010-01-25,-16.7254194951251,-124.980465552674
2010-01-26,-20.1043933334797,-153.66154821356
2010-01-27,-20.0348203446181,-143.613550188837
2010-01-28,-19.8328753690779,-157.879021546309
2010-01-29,-19.1726862493445,-145.422681601951
2010-01-30,-20.6558623969825,-147.386181644844
2010-01-31,-23.7609299853442,-180.998657554603
2010-02-01,-23.7623898314968,-172.604077911616
2010-02-02,-22.1617043787358,-173.444453323866
2010-02-03,-17.1917114698075,-129.181685995882
2010-02-04,-14.1456894851675,-101.700860735574
2010-02-05,-16.3688254525348,-131.108215295293
2010-02-06,-18.5994433403986,-153.979333286381
2010-02-07,-19.1052071449107,-148.969584167788
2010-02-08,-18.347737799433,-137.076482203159
2010-02-09,-18.5696804503341,-141.64014966124
2010-02-10,-21.6518800198975,-169.463092031622
2010-02-11,-24.9286825592665,-194.738874951006
2010-02-12,-23.9777625520256,-184.623281446114
2010-02-13,-21.2790745792834,-151.206061517282
2010-02-14,-20.8423573387098,-153.142759943113
2010-02-15,-19.3622413612869,-137.368344942425
2010-02-16,-17.6982811280969,-129.166628125924
2010-02-17,-13.7667504991367,-102.242123944163
2010-02-18,-14.9056976248803,-119.570667590306
2010-02-19,-15.1664168602808,-115.835682335029
2010-02-20,-19.526935945198,-155.91036384966
2010-02-21,-17.9702081693539,-134.571867713137
2010-02-22,-15.2623735802568,-121.999888671397
2010-02-23,-14.0941440407251,-112.747548855477
2010-02-24,-14.6072985141241,-116.072524207236
2010-02-25,-14.4601209330792,-114.508765473384
2010-02-26,-16.3106028456659,-130.162746271623
2010-02-27,-15.4337270333255,-115.088868066494
2010-02-28,-15.6887588677179,-125.270703618216
2010-03-01,-14.8038396678936,-111.763054116993
2010-03-02,-16.3848344811644,-128.628940167637
2010-03-03,-14.1088451794404,-99.2146759216714
2010-03-04,-17.0810232450611,-129.884199391425
2010-03-05,-21.982355072692,-164.06225859217
2010-03-06,-22.8418718496239,-163.507024920835
2010-03-07,-21.7053115656075,-149.017466550778
2010-03-08,-21.6879756271243,-156.990751372123
2010-03-09,-24.039436785745,-170.294547257796
2010-03-10,-19.8661861335738,-139.133928405645
2010-03-11,-20.3590072907882,-160.677196822746
2010-03-12,-18.308671446799,-139.768705528961
2010-03-13,-18.0584513910024,-135.605790222681
2010-03-14,-17.4300976244863,-131.87363834798
2010-03-15,-18.7005376757051,-148.083137580129
2010-03-16,-17.8553572503395,-139.535053849054
2010-03-17,-13.6219984879374,-95.089087875847
2010-03-18,-12.3217724197638,-88.9093848691637
2010-03-19,-11.4357935110019,-81.6224739671458
2010-03-20,-12.5778750431148,-96.589867446003
2010-03-21,-13.3642883700508,-112.79884007836
2010-03-22,-12.6611371402904,-99.1002973210637
2010-03-23,-12.6288996655229,-99.0225132131269
2010-03-24,-11.9139348195249,-88.9903916084221
2010-03-25,-12.6148925262809,-106.010716328442
2010-03-26,-11.6781935197465,-76.4306244535525
2010-03-27,-14.3031297693653,-108.80174811139
2010-03-28,-15.4084331673137,-121.831494624357
2010-03-29,-12.8144100127532,-93.3984568810998
2010-03-30,-12.5598478699665,-92.9372631278954
2010-03-31,-15.409743918529,-122.877463561359
2010-04-01,-18.8382622056487,-140.495108626733
2010-04-02,-15.5134199648835,-114.359914184012
2010-04-03,-14.3132961703826,-105.400638512851
2010-04-04,-16.9221846579122,-133.68806650119
2010-04-05,-17.1193879308618,-134.421538473431
2010-04-06,-10.8893727740057,-69.4882593858192
2010-04-07,-10.4239046100911,-74.4332170659247
2010-04-08,-11.4623895847003,-85.8893335359072
2010-04-09,-12.132060843904,-94.8112904306076
2010-04-10,-13.2095321091919,-103.209175382751
2010-04-11,-15.79907489064,-128.951809717137
2010-04-12,-15.0060161267162,-115.277879723217
2010-04-13,-13.8902921448407,-104.146545979744
2010-04-14,-17.3952036428484,-138.833496543382
2010-04-15,-13.6769293513954,-103.286921437434
2010-04-16,-12.6816225338176,-96.0715360564176
2010-04-17,-11.7508226515921,-88.5221605822513
2010-04-18,-16.6028156554263,-130.403407004044
2010-04-19,-13.8439352695612,-106.074406770801
2010-04-20,-12.4344499506671,-92.2296114421222
2010-04-21,-12.807819116609,-97.0270859415144
2010-04-22,-10.8569731375995,-78.3945657679902
2010-04-23,-11.1724818612807,-84.3696554746253
2010-04-24,-9.87082344947552,-75.7885653006583
2010-04-25,-9.96422088787598,-84.5090423874829
2010-04-26,-12.8430415794224,-106.769167685302
2010-04-27,-12.6971752412651,-95.5851836135283
2010-04-28,-9.11182736910213,-64.5803887228763
2010-04-29,-6.93694333145503,-55.3637948836715
2010-04-30,-8.12404887678481,-66.7932129671652
2010-05-01,-12.0231256137378,-87.7568425228339
2010-05-02,-13.7034992979453,-89.2677379323597
2010-05-03,-14.1783282515423,-99.9337092574721
2010-05-04,-14.3017787475954,-100.521191712892
2010-05-05,-12.3568270443789,-88.8263459439002
2010-05-06,-12.6523960888057,-85.1433371838452
2010-05-07,-14.5074037633204,-102.272537901908
2010-05-08,-13.8554196619458,-96.9375282394627
2010-05-09,-11.5960680508966,-71.6507019220016
2010-05-10,-11.0007478482516,-69.4826161939818
2010-05-11,-11.2468081619667,-79.1052938688656
2010-05-12,-13.7504792085422,-92.5694050837535
2010-05-13,-15.1284085144609,-105.509783625949
2010-05-14,-14.7779750031745,-107.838548570713
2010-05-15,-16.1920672821632,-117.355248519336
2010-05-16,-17.3257079446033,-126.780797607709
2010-05-17,-15.0204225271027,-102.615805251173
2010-05-18,-16.1465244143005,-115.485610900688
2010-05-19,-14.3184885662334,-99.2854482435688
2010-05-20,-14.7768602368468,-102.972714827693
2010-05-21,-11.9758016514129,-88.3321866828662
2010-05-22,-9.72549092607214,-62.0732487138038
2010-05-23,-9.38286606128291,-57.8089910568392
2010-05-24,-6.36133901393301,-37.5110776935404
2010-05-25,-5.09148886947496,-36.1769161903978
2010-05-26,-8.65975090145121,-66.2890716181124
2010-05-27,-12.0333642010582,-91.9556383930307
2010-05-28,-10.8202143055517,-74.0625215695363
2010-05-29,-10.7820204764914,-86.5609907503945
2010-05-30,-11.6745865070755,-83.8581983129614
2010-05-31,-15.3155181136446,-109.261639461665
2010-06-01,-14.6505536970436,-100.044135333349
2010-06-02,-15.3456441167323,-110.465814506288
2010-06-03,-12.904928905927,-95.791953578838
2010-06-04,-6.78665947176503,-36.875085115271
2010-06-05,-5.10153219511822,-31.2302691868152
2010-06-06,-6.16470296815835,-38.4223756058437
2010-06-07,-8.0884924279132,-64.3523699583114
2010-06-08,-6.95961055336865,-46.5969825943433
2010-06-09,-6.80832988359906,-47.623101097836
2010-06-10,-6.94977665525988,-48.0724185426731
2010-06-11,-6.83546913411624,-49.7315607242108
2010-06-12,-9.93838891387857,-80.5998035198498
2010-06-13,-10.0750249755259,-80.2725718199101
2010-06-14,-10.6995309256719,-88.2075252612431
2010-06-15,-8.94331910902609,-64.5705327042238
2010-06-16,-11.0127051417107,-87.2069966156508
2010-06-17,-10.5189316493408,-80.7286613630973
2010-06-18,-13.1971406515741,-97.3139832188032
2010-06-19,-14.6698941649716,-97.8636177704803
2010-06-20,-15.6362649948374,-107.018844585762
2010-06-21,-14.8332142904069,-103.294934843815
2010-06-22,-14.6371865175195,-103.613459307357
2010-06-23,-8.88023821255466,-47.8930133361234
2010-06-24,-7.20410360693105,-41.1468212237011
2010-06-25,-6.00945909017739,-34.5089117800904
2010-06-26,-5.98239684178811,-39.7826354294807
2010-06-27,-5.60752031975108,-39.388517907391
2010-06-28,-5.77384903241046,-42.2446159233475
2010-06-29,-5.59004933777598,-38.6147832552732
2010-06-30,-6.60598494280185,-49.2127067215321
2010-07-01,-5.02651375417791,-30.1004206903298
2010-07-02,-4.29534499373205,-23.8312157972479
2010-07-03,-4.67215442231452,-29.0200784803194
2010-07-04,-6.62786698606053,-46.1122661171119
2010-07-05,-8.41862625267366,-65.1548894751042
2010-07-06,-9.24084959725601,-67.060423955734
2010-07-07,-5.75175866418724,-36.1564400296834
2010-07-08,-4.10299386638218,-21.2675885355227
2010-07-09,-3.77180761816517,-17.2648603258866
2010-07-10,-4.18807438961622,-21.8350115117721
2010-07-11,-4.79152385661326,-26.657084124582
2010-07-12,-3.36376033353417,-13.2082851905933
2010-07-13,-5.84299216166698,-36.6740091730838
2010-07-14,-4.01616369626631,-18.6197936015104
2010-07-15,-6.68910070973547,-52.4880591427982
2010-07-16,-4.40169709742165,-23.5342957218813
2010-07-17,-6.78736133502093,-41.4304104934315
2010-07-18,-8.52908384584432,-67.5848436666131
2010-07-19,-5.36753936915833,-30.1414004891909
2010-07-20,-3.81262360604034,-16.1042984631643
2010-07-21,-5.54309629031559,-34.571447257916
2010-07-22,-4.16719885250758,-17.432213719932
2010-07-23,-9.85229875715941,-63.4366933874878
2010-07-24,-12.9524044185803,-95.7008512193592
2010-07-25,-11.7768051548236,-85.1854453103914
2010-07-26,-11.9143975500126,-78.3598858260273
2010-07-27,-11.7292603445029,-74.508486639959
2010-07-28,-9.37175773576541,-58.9236224942098
2010-07-29,-11.8372257578986,-84.4015496883378
2010-07-30,-10.3968196522187,-73.0582528757714
2010-07-31,-6.75858679292741,-29.4823998376631
2010-08-01,-4.62616079712314,-21.9982564702484
2010-08-02,-8.28292407795278,-55.3695176662202
2010-08-03,-10.9716756000275,-80.9622723156595
2010-08-04,-8.22477177938092,-48.9163391923687
2010-08-05,-12.5843922386328,-79.017756646331
2010-08-06,-14.0653714491817,-97.5745545395094
2010-08-07,-7.95487697310411,-49.0789696649211
2010-08-08,-8.13245755323856,-51.547621732541
2010-08-09,-5.93210709522414,-33.5188820087045
2010-08-10,-7.02841203683688,-47.3105143730379
2010-08-11,-9.6083826816282,-71.1228017262285
2010-08-12,-9.97204208309055,-69.7757622370074
2010-08-13,-11.6032006790083,-86.9974790360561
2010-08-14,-8.77788740742197,-54.3218302168343
2010-08-15,-10.7416981781598,-63.6553954825068
2010-08-16,-12.9114050625053,-81.5006276146004
2010-08-17,-11.0413085489552,-82.8297490978005
2010-08-18,-10.2219180192959,-74.3814192327784
2010-08-19,-7.07413686262791,-48.2553599429997
2010-08-20,-6.61692787508709,-41.2793143600343
2010-08-21,-5.49554095485613,-31.8191695124509
2010-08-22,-4.51921688074571,-20.8303843674489
2010-08-23,-7.22070391666709,-43.5239715808391
2010-08-24,-8.21518837937811,-56.1351463624467
2010-08-25,-7.3963513275941,-51.4903801149797
2010-08-26,-4.5842398320302,-18.9023781753847
2010-08-27,-8.32244664314677,-53.0981481757142
2010-08-28,-11.3024624378546,-66.091159140302
2010-08-29,-11.4702528823416,-66.2143508281318
2010-08-30,-14.6497037166565,-91.0266702105496
2010-08-31,-15.0161763626038,-94.4738597083258
2010-09-01,-10.2145768517376,-56.1819145630908
2010-09-02,-9.00963350388119,-48.0032251443477
2010-09-03,-8.36891950136785,-56.8412976732209
2010-09-04,-9.90971607027892,-75.479974476498
2010-09-05,-8.51959512974126,-54.9872342978685
2010-09-06,-8.37164341322949,-55.237086699262
2010-09-07,-10.1753644484065,-79.2609758265815
2010-09-08,-9.27109368367906,-55.8960824983096
2010-09-09,-10.8057288095238,-79.126340134277
2010-09-10,-11.4853680426605,-83.5855064948725
2010-09-11,-8.67764935862582,-49.0582748911321
2010-09-12,-7.19516430120876,-49.0892792586963
2010-09-13,-12.91569588263,-96.0652319167322
2010-09-14,-10.0128785081923,-53.1813768079582
2010-09-15,-8.80898240268014,-61.6783395508149
2010-09-16,-9.70096104878841,-76.7409188012342
2010-09-17,-12.9445061021147,-95.9217872743945
2010-09-18,-13.4450045740326,-99.4412173066022
2010-09-19,-11.1872336910755,-76.9638902530812
2010-09-20,-8.09609181970328,-40.5848140922122
2010-09-21,-7.9381784928549,-50.18067845714
2010-09-22,-7.2161952071898,-49.8305403186789
2010-09-23,-7.00022254329619,-47.0173896884114
2010-09-24,-9.55206802316477,-44.630883114374
2010-09-25,-16.6895285382398,-117.962090818376
2010-09-26,-15.8314413424095,-112.255184476866
2010-09-27,-16.1827052751482,-113.751631134787
2010-09-28,-15.4784194730118,-105.996653983079
2010-09-29,-13.043424141117,-83.7473851347201
2010-09-30,-13.0962085451743,-83.0392148489196
2010-10-01,-13.803111766615,-105.573060900229
2010-10-02,-9.42141909798436,-61.6029030736787
2010-10-03,-8.81290701046494,-71.8564873605537
2010-10-04,-8.74499627370102,-60.8643628907003
2010-10-05,-11.8592203209309,-105.971176963649
2010-10-06,-8.21290475140552,-58.0056051293067
2010-10-07,-7.65242342844405,-61.7422475143477
2010-10-08,-7.06136437556126,-56.917622953871
2010-10-09,-7.83978638391598,-64.7466474186974
2010-10-10,-9.2350290558507,-72.817470252164
2010-10-11,-9.83271568067459,-68.518052921207
2010-10-12,-11.0327142059308,-74.7862440101304
2010-10-13,-11.2245265431657,-70.1800194009872
2010-10-14,-14.6689880667653,-106.761790156001
2010-10-15,-14.9214917557242,-109.459576051925
2010-10-16,-17.0142667855014,-128.573728089159
2010-10-17,-17.0408972078438,-131.510399845369
2010-10-18,-17.4717581835709,-134.168810509697
2010-10-19,-15.1063117649792,-111.124053824269
2010-10-20,-17.0515799479223,-128.608204110423
2010-10-21,-15.2310719694467,-109.981289421575
2010-10-22,-13.6522801010956,-91.8008452102482
2010-10-23,-14.3949431722924,-102.730198135315
2010-10-24,-15.0508236961342,-104.359834780028
2010-10-25,-18.0390171097521,-136.829089699296
2010-10-26,-17.4217772077325,-131.068882823311
2010-10-27,-13.9400859327848,-90.4831183466782
2010-10-28,-12.7512457635884,-85.5714099394395
2010-10-29,-11.2880566317535,-76.4045608926888
2010-10-30,-11.1443913550198,-86.7463938875054
2010-10-31,-11.840437265745,-103.177046462579
2010-11-01,-12.1301198327538,-108.525892133737
2010-11-02,-15.8867527259607,-127.481410584424
2010-11-03,-14.6879711231132,-116.099483813081
2010-11-04,-12.0193369918078,-87.7930041104722
2010-11-05,-10.9593782284449,-90.8378231524259
2010-11-06,-12.4365980302947,-94.2399286467647
2010-11-07,-14.4176625319296,-102.069127815769
2010-11-08,-18.7676696852976,-149.358906599789
2010-11-09,-16.7810919080509,-130.797245328493
2010-11-10,-16.1053964007578,-121.28562012972
2010-11-11,-17.2217506516509,-137.693903581589
2010-11-12,-15.4691731628319,-114.718478909336
2010-11-13,-12.4990538469155,-90.1631253688585
2010-11-14,-12.8221462125354,-95.8729304586073
2010-11-15,-12.1719143959209,-88.6979786826418
2010-11-16,-17.0036537809089,-127.752028626653
2010-11-17,-16.0853676969864,-121.036055906261
2010-11-18,-17.9493846497179,-141.34224231596
2010-11-19,-18.3681568666333,-143.333921272506
2010-11-20,-17.1516704434992,-129.880414737079
2010-11-21,-17.0220184594146,-132.163724944459
2010-11-22,-18.2735635139384,-143.676196155402
2010-11-23,-19.5189889115996,-155.219787092845
2010-11-24,-20.3578548901866,-162.383121702814
2010-11-25,-20.1765752200607,-155.857938259796
2010-11-26,-22.0146666442002,-169.191265664319
2010-11-27,-22.1866754405036,-157.95369123257
2010-11-28,-19.5690635330689,-153.035234296185
2010-11-29,-21.3658896657634,-150.073121542754
2010-11-30,-21.0002560222888,-146.309423226246
2010-12-01,-18.1815299607385,-138.751229487939
2010-12-02,-20.3013637910169,-152.797342168104
2010-12-03,-21.4298342541452,-160.440799257863
2010-12-04,-22.8971441046334,-173.221163260407
2010-12-05,-18.0536347859771,-132.817910004032
2010-12-06,-14.9100876997264,-109.113473516548
2010-12-07,-14.7921392889802,-115.1358621476
2010-12-08,-13.4917782977844,-104.926129930677
2010-12-09,-15.128553262176,-103.313155592393
2010-12-10,-19.8540606134283,-152.846714052584
2010-12-11,-17.2813290547784,-129.353499339225
2010-12-12,-19.2242799574254,-152.574975684035
2010-12-13,-21.6278515793083,-152.196754493995
2010-12-14,-24.198806774538,-180.778726945377
2010-12-15,-25.1843044943852,-190.368807541702
2010-12-16,-24.4626491882882,-181.839132191193
2010-12-17,-21.8818144753389,-165.787361082957
2010-12-18,-24.2857414200166,-175.58234491969
2010-12-19,-19.1477403626169,-130.213152166606
2010-12-20,-13.6111128423084,-95.6620650332407
2010-12-21,-15.4632514107949,-116.131125617688
2010-12-22,-14.8596278444358,-115.366550969567
2010-12-23,-13.9588939336662,-103.464403213512
2010-12-24,-15.2243251950887,-106.843043389323
2010-12-25,-20.8924423600517,-155.200516297587
2010-12-26,-24.7286177087478,-184.010636278631
2010-12-27,-22.7590709317525,-159.007721519036
2010-12-28,-17.8497751051784,-132.673953334279
2010-12-29,-15.814885085825,-119.934839349904
2010-12-30,-15.2124038977395,-114.019621670163
2010-12-31,-15.3992532343621,-115.000678538438
2011-01-01,-16.2396956111414,-122.912063699625
2011-01-02,-20.1683904644427,-155.153277548401
2011-01-03,-21.7941880312809,-153.924130543698
2011-01-04,-19.43142364817,-146.625461428874
2011-01-05,-17.6220319368773,-128.723877512993
2011-01-06,-15.1143879691944,-114.205534026539
2011-01-07,-13.9641309290041,-107.606048207465
2011-01-08,-14.1876549880149,-113.482783858186
2011-01-09,-14.2967856490371,-107.785520471762
2011-01-10,-16.8353842021997,-133.995911926171
2011-01-11,-15.573693179759,-122.666673973774
2011-01-12,-16.2485124981263,-128.706333905056
2011-01-13,-14.9241399053455,-115.331010295951
2011-01-14,-14.5182718243718,-111.837195241405
2011-01-15,-15.3808590964342,-121.229909591368
2011-01-16,-11.8764192417598,-83.180638217802
2011-01-17,-13.1287153525485,-96.0048066987331
2011-01-18,-14.2467362500492,-107.382345666977
2011-01-19,-17.2556572468224,-129.145290956293
2011-01-20,-21.1218955086163,-164.685496834375
2011-01-21,-22.2525314796951,-171.291802572875
2011-01-22,-23.8299023928097,-176.461024897753
2011-01-23,-21.4394970292684,-151.140682542394
2011-01-24,-20.4712500633075,-152.833862877419
2011-01-25,-19.3159379557747,-149.899309978712
2011-01-26,-18.521551439288,-143.44404976439
2011-01-27,-17.7510256570385,-132.939537299548
2011-01-28,-17.2461244121933,-126.538197996741
2011-01-29,-16.7595245018271,-126.96259191151
2011-01-30,-15.0940045005722,-111.470886160025
2011-01-31,-14.9588947056794,-113.190073914361
2011-02-01,-15.7396362860963,-121.084976560173
2011-02-02,-16.9482564734947,-133.604765658658
2011-02-03,-15.9100234543576,-120.873877461595
2011-02-04,-14.6131088732745,-112.655060568935
2011-02-05,-13.1933040482511,-99.8761218049593
2011-02-06,-13.0873127527222,-99.8424115315317
2011-02-07,-11.2653208862886,-89.5328538302237
2011-02-08,-13.6195120215567,-105.135695808913
2011-02-09,-12.8866667609621,-96.6685119695863
2011-02-10,-13.7913492914032,-107.522156115639
2011-02-11,-13.7220893615214,-103.540547288819
2011-02-12,-14.3130792060425,-113.088222323753
2011-02-13,-15.6071323658459,-123.927609190822
2011-02-14,-15.2440435789014,-120.684205503566
2011-02-15,-15.09529658629,-117.522793313283
2011-02-16,-15.0945351711271,-119.561862325566
2011-02-17,-15.3445779848602,-122.463061523761
2011-02-18,-15.7595413202578,-124.755002100136
2011-02-19,-15.6234081257982,-122.517954768643
2011-02-20,-17.7824851113785,-145.549718225204
2011-02-21,-18.5158475747181,-154.421049511297
2011-02-22,-19.0607348501996,-155.58445154329
2011-02-23,-21.2366535341746,-168.331508802766
2011-02-24,-18.8458202450258,-139.083326746654
2011-02-25,-17.1132872809776,-141.279906752908
2011-02-26,-14.6960678520081,-106.545002043143
2011-02-27,-17.9592076844752,-147.77126768387
2011-02-28,-17.2502886992083,-143.912956831402
2011-03-01,-15.4219177465371,-118.233472635546
2011-03-02,-15.0829605831875,-109.908696591941
2011-03-03,-15.9767503324566,-119.914446716366
2011-03-04,-14.3852904418895,-107.54756711614
2011-03-05,-15.0419663920721,-116.413347182323
2011-03-06,-14.2656720364434,-102.331112989258
2011-03-07,-13.7802718441871,-94.0332790214027
2011-03-08,-13.7091278131974,-101.16055047684
2011-03-09,-14.1807492148263,-107.644038928709
2011-03-10,-13.6066188270565,-104.026347215163
2011-03-11,-12.5886922276718,-90.3446652852139
2011-03-12,-13.8640573672613,-105.00273791309
2011-03-13,-14.895237389353,-115.264626426883
2011-03-14,-12.7081938187199,-94.3270494780109
2011-03-15,-13.1094283900428,-97.2628685486383
2011-03-16,-13.698210682173,-104.278763056193
2011-03-17,-17.4501055596475,-139.416549285148
2011-03-18,-16.9328592085756,-137.724064494941
2011-03-19,-16.8223518594011,-132.399152064036
2011-03-20,-16.1859347921295,-127.373769516322
2011-03-21,-14.9900969354098,-112.15826433644
2011-03-22,-12.3070285244856,-87.4251863606775
2011-03-23,-11.2621686650006,-79.3669924677077
2011-03-24,-10.9787899500111,-77.6420490152711
2011-03-25,-12.1392317007726,-92.4475046191247
2011-03-26,-14.4880048534347,-112.087196354893
2011-03-27,-13.3532368908458,-98.9807029533028
2011-03-28,-15.1273239542366,-119.791863738982
2011-03-29,-12.6537469695317,-95.0867041779693
2011-03-30,-12.6687417405934,-92.1973066406498
2011-03-31,-11.9313487450215,-88.4452230066446
2011-04-01,-11.0489745458718,-87.6896684000101
2011-04-02,-8.81446792799182,-65.5333063343578
2011-04-03,-8.64732767607812,-69.4675285171664
2011-04-04,-14.0964936309724,-102.37454241429
2011-04-05,-12.542095751259,-94.9981750402499
2011-04-06,-10.7231042473063,-85.9663910576925
2011-04-07,-7.65073594084444,-63.1703884494541
2011-04-08,-9.58886838924374,-85.8461097797123
2011-04-09,-8.79419426459345,-68.4461909688554
2011-04-10,-10.0832082221966,-77.6793598575581
2011-04-11,-9.90479081977741,-74.0034999648273
2011-04-12,-14.1741920029744,-101.664079809612
2011-04-13,-17.2791045180137,-140.178906442543
2011-04-14,-15.2087816129168,-119.628499829746
2011-04-15,-13.3585750548244,-101.188072606561
2011-04-16,-12.3086038515128,-92.4589804199225
2011-04-17,-11.2904502335004,-81.9725060958812
2011-04-18,-10.6278375670955,-75.8625172020476
2011-04-19,-10.4760050497703,-77.2560581287771
2011-04-20,-9.32867339763268,-69.6311804946049
2011-04-21,-9.03296412612739,-64.051331163407
2011-04-22,-9.11779072087214,-63.7945544928895
2011-04-23,-11.4449701306109,-85.2151875821143
2011-04-24,-11.0169083733337,-88.6547620543313
2011-04-25,-9.68552517924264,-73.3832067511439
2011-04-26,-11.6187091307256,-95.0006246698877
2011-04-27,-12.8323188420762,-97.68011136277
2011-04-28,-11.4610688808931,-80.7305367561966
2011-04-29,-13.558904234422,-105.009536966776
2011-04-30,-12.1481101856714,-88.0083953117232
2011-05-01,-12.3814303745403,-84.359514338892
2011-05-02,-10.5872873416979,-62.0817383323512
2011-05-03,-14.5240614986548,-100.43582713583
2011-05-04,-12.6484772068785,-86.8520824262127
2011-05-05,-9.73322040687619,-54.7259581023838
2011-05-06,-8.0779747565727,-41.9471061961211
2011-05-07,-7.10984788078774,-38.9555724372601
2011-05-08,-7.92163297347199,-62.7674318352064
2011-05-09,-6.51850271436485,-45.4885553434869
2011-05-10,-7.33838088733866,-55.6893538957444
2011-05-11,-7.55594012271755,-54.7691853461462
2011-05-12,-10.0199492952444,-78.8861466395078
2011-05-13,-7.03900555077595,-52.6056240392428
2011-05-14,-8.98723355700358,-50.1764783698384
2011-05-15,-16.2913902848175,-118.86352690766
2011-05-16,-15.828051443332,-111.486124183988
2011-05-17,-12.9896174203252,-85.7960602931906
2011-05-18,-9.72724876831166,-57.3100284110992
2011-05-19,-7.13659478305065,-46.3536797124594
2011-05-20,-6.97015437792248,-49.0934108823737
2011-05-21,-7.93438578355849,-54.8605462282785
2011-05-22,-9.01041334028954,-71.0134404637016
2011-05-23,-6.64000129214125,-55.2032747362874
2011-05-24,-6.2779159297204,-52.702677761589
2011-05-25,-6.00556108395237,-42.5482408922348
2011-05-26,-6.80957490535383,-51.9842131635886
2011-05-27,-13.5833169177363,-83.3163467032346
2011-05-28,-11.5499491909508,-76.7828995407136
2011-05-29,-7.26338613363631,-35.1648874564618
2011-05-30,-5.44737325128678,-37.6906894897696
2011-05-31,-8.56526486306986,-49.8234046414554
2011-06-01,-14.5428505309207,-102.291207444613
2011-06-02,-9.03612187307565,-53.9948852739688
2011-06-03,-7.4516661200629,-50.4727141789641
2011-06-04,-8.48399098069599,-60.1168530244016
2011-06-05,-7.96591029648027,-52.7054467310679
2011-06-06,-9.41278818536836,-71.4539019095909
2011-06-07,-8.92403750285014,-51.6390593107685
2011-06-08,-12.0083558542447,-88.5779751141838
2011-06-09,-13.988433714705,-108.479904854411
2011-06-10,-11.1563820351849,-78.1756618809352
2011-06-11,-13.6616263778207,-104.706414573386
2011-06-12,-8.78240167261599,-59.8646455575143
2011-06-13,-11.1970500265807,-86.9357423052557
2011-06-14,-9.00192176213066,-69.2442711294233
2011-06-15,-6.89949590496078,-46.987052164877
2011-06-16,-7.81292927699738,-52.3064156563536
2011-06-17,-8.07119007705813,-56.4048101036448
2011-06-18,-12.219679042115,-76.8133223700171
2011-06-19,-12.8145110014046,-86.7991943336856
2011-06-20,-8.20017082638678,-34.5674838982099
2011-06-21,-4.96966291383359,-27.994381930767
2011-06-22,-6.86062215787569,-44.614112994582
2011-06-23,-11.7786560911479,-90.5502673258998
2011-06-24,-10.1297372967676,-80.5993893531086
2011-06-25,-10.9292745263828,-71.8266598792728
2011-06-26,-4.8007990627169,-30.7724424187107
2011-06-27,-4.21745780984723,-26.6658432269023
2011-06-28,-5.90156083392471,-44.1142409265305
2011-06-29,-6.74938284541861,-49.7418544095691
2011-06-30,-10.7129068229037,-79.0690420624131
2011-07-01,-11.8950669915368,-75.3799613715809
2011-07-02,-11.1969968378816,-66.2705321703099
2011-07-03,-8.16594762200234,-35.2033900204984
2011-07-04,-4.91170350428388,-24.5909737591307
2011-07-05,-6.93652056206559,-50.9497402325939
2011-07-06,-5.5999893144469,-32.4569357387842
2011-07-07,-8.91749943429769,-59.9359503204402
2011-07-08,-6.99475512517812,-40.8213170449816
2011-07-09,-5.7185117399551,-34.5396515898828
2011-07-10,-5.6636553341825,-33.4126812226608
2011-07-11,-6.13851228901927,-43.0428004142858
2011-07-12,-4.11351578112785,-19.8143977325993
2011-07-13,-8.02898859243211,-46.2098591923712
2011-07-14,-12.1533760397983,-93.6831293722771
2011-07-15,-11.4109867403253,-78.2245297076475
2011-07-16,-5.87038941307733,-18.0344130664312
2011-07-17,-8.29767848292419,-40.0508969639028
2011-07-18,-12.7240313605756,-83.5144600126792
2011-07-19,-9.32776960179561,-46.8831754530928
2011-07-20,-13.8802299666999,-90.8314164559382
2011-07-21,-11.1428457739004,-65.9890683074942
2011-07-22,-9.68121670915616,-68.3773176578655
2011-07-23,-11.1918458931977,-79.059247641107
2011-07-24,-14.0863065254348,-93.8957906397842
2011-07-25,-11.7857291268371,-74.7523539028154
2011-07-26,-9.366042653847,-47.9730788243402
2011-07-27,-8.69172439614971,-58.2357919882621
2011-07-28,-10.6068179480688,-81.9276334487773
2011-07-29,-9.00019129887518,-65.2065367809741
2011-07-30,-10.277447915883,-73.462181119301
2011-07-31,-7.64676670524376,-51.7291453585173
2011-08-01,-6.06800724365833,-33.8763665341178
2011-08-02,-5.17940004209172,-29.5717051442678
2011-08-03,-7.98421039669906,-50.9558067616633
2011-08-04,-7.56643609738039,-51.3763037657325
2011-08-05,-8.12879475500017,-53.5474542721378
2011-08-06,-6.58167155443843,-41.6251410290357
2011-08-07,-11.0627122836374,-79.9553893415777
2011-08-08,-10.7232925972343,-76.3808063072203
2011-08-09,-12.4219777423677,-83.4802798290454
2011-08-10,-9.90220042330314,-60.7271257482321
2011-08-11,-5.76967658535913,-22.4931449672797
2011-08-12,-6.7265723016839,-43.7662161572662
2011-08-13,-6.92214632137218,-46.3595805776792
2011-08-14,-6.7560302949393,-40.528089706844
2011-08-15,-8.13048052293357,-51.5556559393345
2011-08-16,-6.00654374020259,-35.6880207131405
2011-08-17,-5.06075798421727,-27.1879405842897
2011-08-18,-5.36035326443183,-31.0689206469062
2011-08-19,-5.69192317276925,-32.876532844628
2011-08-20,-5.05584038012486,-28.0538106928546
2011-08-21,-4.31634345525318,-20.7829535083302
2011-08-22,-4.46518938681848,-20.9443171497552
2011-08-23,-4.32819202248639,-20.1026736026563
2011-08-24,-4.95635423908362,-26.1099925222277
2011-08-25,-4.28692162469286,-16.8496689796706
2011-08-26,-6.22567944073012,-37.3695034640409
2011-08-27,-11.3042526821734,-50.9646404924564
2011-08-28,-8.14868260271369,-27.9173267222717
2011-08-29,-8.13545487046123,-54.0611684065266
2011-08-30,-8.88051372385641,-65.9395880286645
2011-08-31,-6.64912225044286,-37.2001811930171
2011-09-01,-9.37633072342372,-71.3154652719975
2011-09-02,-6.55642179761482,-45.6529642439452
2011-09-03,-5.16884323397506,-32.0186244442706
2011-09-04,-8.11792187601639,-59.1140735884738
2011-09-05,-10.6235185069608,-79.6863216073371
2011-09-06,-8.01268593452588,-38.84938040051
2011-09-07,-9.30441623978104,-72.8128402665225
2011-09-08,-9.74343256910374,-75.0964553899206
2011-09-09,-7.05027202778384,-51.6559120224098
2011-09-10,-4.86302860794267,-29.380771190853
2011-09-11,-4.95497318845548,-28.4401161622322
2011-09-12,-7.39346124642837,-52.8791972226464
2011-09-13,-5.76112738926302,-34.4436463621998
2011-09-14,-10.0044632430313,-83.2400071785674
2011-09-15,-7.76912198201946,-61.3630584083596
2011-09-16,-5.7113752576607,-36.4512569269265
2011-09-17,-7.8323992842804,-57.3211120063551
2011-09-18,-12.4325651906598,-66.3581750710234
2011-09-19,-16.3801906804074,-115.676852124779
2011-09-20,-14.208724248761,-95.5457294492423
2011-09-21,-8.58780698485831,-39.1337458058155
2011-09-22,-8.3097052436237,-53.9449680659996
2011-09-23,-7.78291631933306,-37.8177556284187
2011-09-24,-7.19913362988724,-47.4504782339251
2011-09-25,-8.56718475753302,-63.2623332734886
2011-09-26,-7.51973620383282,-52.2787034463037
2011-09-27,-7.58176025144548,-52.3409701937293
2011-09-28,-7.00997674091021,-47.9287597439554
2011-09-29,-7.29309229977933,-51.3884666496949
2011-09-30,-7.08389474850976,-50.2439449684613
2011-10-01,-6.88928397775902,-57.730924092278
2011-10-02,-7.58306358114693,-65.2775590227021
2011-10-03,-7.03231778657658,-57.758616962009
2011-10-04,-7.27368257965305,-58.8219102221047
2011-10-05,-9.05506676899852,-73.3385823651481
2011-10-06,-7.82955293151293,-59.1234750384919
2011-10-07,-12.981685959761,-85.4990458586658
2011-10-08,-17.3216245694199,-130.486690706037
2011-10-09,-16.3688688197691,-127.567657298476
2011-10-10,-12.5256230880497,-77.9293193815336
2011-10-11,-9.59269428611462,-68.3893730871225
2011-10-12,-8.85448945949496,-65.6052309771798
2011-10-13,-13.4248850628907,-106.70496646034
2011-10-14,-13.2286061320847,-93.3610088961191
2011-10-15,-11.4263000421829,-73.7041697595841
2011-10-16,-11.1472490011664,-75.6272380182796
2011-10-17,-11.3606964582298,-77.6635394363348
2011-10-18,-10.4169941322621,-63.19324709388
2011-10-19,-11.9688363613071,-72.0823304618165
2011-10-20,-17.1049657608326,-128.261768677044
2011-10-21,-15.7274563430133,-110.176962023494
2011-10-22,-14.2811818931775,-99.3687010131041
2011-10-23,-12.5113945627425,-81.6669071055096
2011-10-24,-13.3948430405469,-91.9564022316538
2011-10-25,-11.6921410547483,-82.3371834040572
2011-10-26,-14.3179871108397,-103.769656245853
2011-10-27,-11.7084872988351,-74.4073385549073
2011-10-28,-10.9156586179089,-69.3077731994653
2011-10-29,-10.176397197142,-71.0882505442015
2011-10-30,-11.4946240269605,-85.4043694666073
2011-10-31,-9.36549361800084,-64.8063383889786
2011-11-01,-11.5838541347604,-87.9586197530897
2011-11-02,-11.7617242730753,-84.1169099967165
2011-11-03,-13.1347797954427,-100.255368565952
2011-11-04,-11.226766836482,-99.1438435227819
2011-11-05,-11.6784433283926,-105.022882683775
2011-11-06,-10.9883591071105,-95.0809124835013
2011-11-07,-14.0606404050012,-109.255259668047
2011-11-08,-12.6985316874284,-94.6498958068734
2011-11-09,-13.7352866612666,-100.483533781791
2011-11-10,-13.3320546050822,-96.5595572823998
2011-11-11,-13.5558895237644,-99.3389090385107
2011-11-12,-13.7435000118997,-99.3531117896674
2011-11-13,-12.4714081643423,-90.4549136508025
2011-11-14,-12.673532227889,-88.3724885432611
2011-11-15,-13.1960153246791,-95.729271349244
2011-11-16,-14.1288730739508,-104.039877739931
2011-11-17,-14.9829678961888,-112.088128778152
2011-11-18,-14.363833568802,-104.389151628025
2011-11-19,-14.1354827790535,-102.0033226436
2011-11-20,-14.4611789280443,-106.122242094691
2011-11-21,-14.0339346479349,-101.856956949338
2011-11-22,-14.3787028144785,-105.560649094255
2011-11-23,-14.9224878165386,-111.327413684543
2011-11-24,-14.3547203496526,-104.506010229692
2011-11-25,-14.0950508794335,-103.901967028132
2011-11-26,-15.1014370149969,-111.75649070762
2011-11-27,-12.5452342891898,-87.8081240115826
2011-11-28,-13.7919182079601,-98.3320661119973
2011-11-29,-13.6639269096716,-100.391314053538
2011-11-30,-15.4218398909413,-116.511899985507
2011-12-01,-12.7074120318522,-89.7997226301705
2011-12-02,-13.0764094919331,-94.2180946261495
2011-12-03,-16.9726248582214,-135.663040394476
2011-12-04,-14.3216808979362,-107.641483792026
2011-12-05,-13.4270153093154,-87.6843591428819
2011-12-06,-18.4686431463446,-142.291634012557
2011-12-07,-16.9448888896536,-129.846815136789
2011-12-08,-16.9720231641806,-133.812009592193
2011-12-09,-15.2703353676281,-115.596658668869
2011-12-10,-15.2120898821901,-116.455718683508
2011-12-11,-15.0414675823974,-113.126504345824
2011-12-12,-15.652019672117,-111.083920125645
2011-12-13,-14.8876095747686,-99.7906979794607
2011-12-14,-14.7494341553683,-109.478696574134
2011-12-15,-17.4566284371361,-135.891060346247
2011-12-16,-15.9502843422005,-116.240951882593
2011-12-17,-19.6628645410711,-154.433453118328
2011-12-18,-20.5816036005101,-158.645764543701
2011-12-19,-22.1017300828418,-163.013118903447
2011-12-20,-19.9802480277298,-136.715401590789
2011-12-21,-19.3148581168074,-153.700217008122
2011-12-22,-16.7164421740842,-124.317588114824
2011-12-23,-15.9850843680895,-125.375903003318
2011-12-24,-17.5836289021243,-132.981447322997
2011-12-25,-19.0993370401229,-142.083141741896
2011-12-26,-15.4004826392152,-110.534310552398
2011-12-27,-14.1662964898198,-104.738287241785
2011-12-28,-13.9647218830628,-103.244693536598
2011-12-29,-17.2753002236837,-130.126666997814
2011-12-30,-18.7846570481402,-144.563643055847
2011-12-31,-16.8403824496084,-119.287086025257
2012-01-01,-15.2947851754989,-116.057989990277
2012-01-02,-14.7823823919136,-109.908421934669
2012-01-03,-17.0141713733656,-131.704691058238
2012-01-04,-15.7826317648888,-111.035851751489
2012-01-05,-16.8577572000927,-123.100238364764
2012-01-06,-18.7155795377176,-146.899253569995
2012-01-07,-17.1041087113657,-124.473357332296
2012-01-08,-17.7399217472839,-138.798359356641
2012-01-09,-18.2307062585335,-145.907453445511
2012-01-10,-17.2963776921661,-133.101822172538
2012-01-11,-14.6784199516848,-107.155433591016
2012-01-12,-14.8900949253809,-113.056130653569
2012-01-13,-17.350745254501,-130.874498524252
2012-01-14,-17.8426282514715,-121.912353467875
2012-01-15,-17.5716165220127,-122.791040429663
2012-01-16,-17.4724707572161,-129.333436886227
2012-01-17,-16.5091269651522,-122.412718464728
2012-01-18,-15.7317581959607,-117.678226637968
2012-01-19,-15.5950042541362,-119.712310093441
2012-01-20,-15.889825986698,-116.196515873633
2012-01-21,-16.8461760406874,-132.232456162363
2012-01-22,-15.8911009598909,-121.962855245932
2012-01-23,-17.3294858632453,-138.201180020999
2012-01-24,-17.1455227694344,-136.719170193789
2012-01-25,-18.1252576711597,-146.12308823433
2012-01-26,-15.1316902618807,-112.17337436887
2012-01-27,-16.1422538705376,-125.76943821323
2012-01-28,-17.9989323655258,-142.519395866546
2012-01-29,-18.2431501109528,-139.655991888799
2012-01-30,-19.5869875877723,-154.327374296546
2012-01-31,-20.760182383185,-160.728538236595
2012-02-01,-22.9751109498567,-181.809754344167
2012-02-02,-24.885441728142,-188.482087679502
2012-02-03,-29.2554051326784,-214.996690336863
2012-02-04,-31.5710822131468,-226.443937875819
2012-02-05,-28.4866998318484,-200.089292027535
2012-02-06,-27.9653897802344,-197.195783123082
2012-02-07,-29.2412593824092,-205.085996521042
2012-02-08,-18.8905719319103,-121.379753764047
2012-02-09,-21.1381223741724,-148.851602221872
2012-02-10,-28.5438109219467,-210.544075599565
2012-02-11,-28.3834665397569,-204.049035963306
2012-02-12,-27.4158644981537,-195.293673300457
2012-02-13,-24.2185677669003,-173.250972796683
2012-02-14,-21.8930530716432,-169.430912438293
2012-02-15,-19.8768066019762,-154.981416870939
2012-02-16,-19.8349660804347,-157.542702191309
2012-02-17,-17.6971319361978,-130.893231121006
2012-02-18,-15.947296114179,-125.34026181455
2012-02-19,-17.8437305515074,-141.006516725799
2012-02-20,-21.4703442791327,-168.793171403025
2012-02-21,-16.7362740906652,-123.127825376668
2012-02-22,-13.8424329673227,-100.839638724643
2012-02-23,-14.459178253787,-111.098443815333
2012-02-24,-12.9471949832408,-101.634957377192
2012-02-25,-14.7047977685734,-117.962840632775
2012-02-26,-16.3362524360634,-126.7731585293
2012-02-27,-17.4203432280055,-141.557539751237
2012-02-28,-15.09805105062,-117.651715749749
2012-02-29,-11.7112916304798,-86.3636724004546
2012-03-01,-10.3832507022527,-74.5017546069071
2012-03-02,-10.9688721837626,-85.3101147172158
2012-03-03,-13.1494121682708,-104.84824258765
2012-03-04,-14.408879884094,-112.140348709021
2012-03-05,-16.4788687175895,-119.523758148646
2012-03-06,-18.7963724646142,-147.10767193032
2012-03-07,-14.8762854018755,-108.308335628709
2012-03-08,-17.9610606933294,-143.080258121517
2012-03-09,-17.2059385860949,-137.369967403295
2012-03-10,-15.0247573648274,-110.586065868609
2012-03-11,-17.2035866183862,-132.847507057066
2012-03-12,-14.5755451105038,-112.652564197668
2012-03-13,-11.8398886582927,-83.0495906100496
2012-03-14,-11.83035698739,-85.2806662413298
2012-03-15,-11.1681317049352,-79.4178752735534
2012-03-16,-10.6132103506968,-74.383294627804
2012-03-17,-12.8114949758011,-95.8112307880478
2012-03-18,-13.7365977782271,-100.206812156387
2012-03-19,-18.0816408231398,-143.904686669631
2012-03-20,-14.2504833436403,-107.342393166514
2012-03-21,-11.7510295206124,-82.2819083807843
2012-03-22,-11.6058864545925,-84.6142432471696
2012-03-23,-11.8751726212399,-87.2426690072297
2012-03-24,-12.8604231568642,-97.3797791618483
2012-03-25,-13.1763603008557,-100.179163586843
2012-03-26,-12.0110680726139,-88.6264118572497
2012-03-27,-12.214720077683,-91.2692934752297
2012-03-28,-10.2121929217341,-69.0558356398697
2012-03-29,-13.2048501589133,-102.03452260783
2012-03-30,-15.8755529964006,-129.643681317675
2012-03-31,-12.3705061426035,-93.603396037497
2012-04-01,-13.9995696173615,-109.809051682232
2012-04-02,-11.1915445846516,-79.2797325681426
2012-04-03,-13.0262777261119,-100.531276598244
2012-04-04,-12.8961860538872,-99.6650054889488
2012-04-05,-15.3882123706252,-120.051450532185
2012-04-06,-14.5153891192796,-116.093488416986
2012-04-07,-15.9771518789097,-124.193500739377
2012-04-08,-17.369955455915,-133.834066697316
2012-04-09,-15.0064654872894,-105.722986238441
2012-04-10,-11.4434409398302,-85.7710249971811
2012-04-11,-16.112050066108,-121.632660001479
2012-04-12,-13.2979458539536,-100.072397077288
2012-04-13,-16.5572368932746,-134.399281072877
2012-04-14,-15.4586259471597,-125.704598564013
2012-04-15,-16.0696636332412,-129.109535586918
2012-04-16,-16.5209293198496,-132.573597920429
2012-04-17,-15.2506718867693,-122.960432524211
2012-04-18,-16.6818951480387,-135.446696264472
2012-04-19,-13.540067098284,-100.131556994319
2012-04-20,-15.9693792828947,-130.087658012193
2012-04-21,-11.4313382011391,-80.0453355519483
2012-04-22,-15.6160244422481,-124.942033782635
2012-04-23,-13.5214779094656,-100.223880242498
2012-04-24,-15.4568170830018,-122.141432370771
2012-04-25,-12.1734435527996,-90.2084767834029
2012-04-26,-10.3696956955688,-83.5573974200345
2012-04-27,-6.55979445340474,-51.1717514729969
2012-04-28,-6.31668415273253,-57.0610573303654
2012-04-29,-8.80973047925169,-84.8436666110879
2012-04-30,-9.10166215287049,-69.5702110254143
2012-05-01,-10.8141498115996,-72.0368523738047
2012-05-02,-9.69378512438569,-63.5882665696932
2012-05-03,-10.772864967843,-78.1671578051416
2012-05-04,-10.160218027706,-62.7109981944369
2012-05-05,-13.0350797208034,-94.2305375111958
2012-05-06,-14.7824075934188,-103.402306561149
2012-05-07,-11.899311291025,-77.9815625636548
2012-05-08,-10.475436867411,-64.9545372741759
2012-05-09,-8.8840177733143,-57.993483416432
2012-05-10,-5.86664812872089,-36.615007523928
2012-05-11,-4.68583975208526,-33.2527960866846
2012-05-12,-10.375610890208,-56.2427994768296
2012-05-13,-14.1192668775786,-98.7928490857744
2012-05-14,-11.4066722801702,-74.5729823464387
2012-05-15,-11.5763736567742,-71.4353212390248
2012-05-16,-16.5093860373853,-122.832929344388
2012-05-17,-11.6570621520916,-71.7672919078285
2012-05-18,-9.19521765332897,-60.8226512568354
2012-05-19,-8.53696669823798,-49.2870754115791
2012-05-20,-8.41240490200295,-65.0374063552811
2012-05-21,-10.0203351674276,-79.8120602151322
2012-05-22,-10.4096106863507,-68.7901560754248
2012-05-23,-9.52521768434882,-81.0489301132655
2012-05-24,-7.72174137628011,-54.6007358899561
2012-05-25,-7.53788541478823,-62.1499863846761
2012-05-26,-8.74787350865057,-69.1559126290482
2012-05-27,-9.92610050392045,-71.8017016998209
2012-05-28,-10.9438457557785,-89.4947065929926
2012-05-29,-10.2248529647596,-80.4339710553066
2012-05-30,-7.27327194147435,-48.7165175411164
2012-05-31,-9.41563310483084,-72.2083918709052
2012-06-01,-11.4832937154766,-92.6379512133888
2012-06-02,-5.04354134221477,-23.6497186929571
2012-06-03,-6.94388080714508,-39.2393735889614
2012-06-04,-13.1797279979397,-79.5423167811638
2012-06-05,-9.95649985630091,-71.3607839347698
2012-06-06,-9.25748585452308,-61.2411964255522
2012-06-07,-5.68145307180439,-34.7913106422469
2012-06-08,-8.38903413287572,-54.9837520708797
2012-06-09,-11.4566574759634,-76.8695049327643
2012-06-10,-12.1858887049797,-74.7514257709987
2012-06-11,-10.8486561476421,-73.7691393441404
2012-06-12,-15.5698060891531,-104.593055113666
2012-06-13,-12.1673688606041,-83.0335495211074
2012-06-14,-8.88256450324957,-42.48787480505
2012-06-15,-4.54723171454958,-18.9458349782871
2012-06-16,-3.60207099256497,-17.2664644960763
2012-06-17,-6.16437566534795,-46.869824296143
2012-06-18,-5.04337369930279,-31.0345873786508
2012-06-19,-4.98789506417114,-30.5305568385939
2012-06-20,-7.64639825334009,-54.4021784230272
2012-06-21,-6.71822838872692,-47.7508286048692
2012-06-22,-8.55654336212334,-72.5768848885592
2012-06-23,-8.88133968683328,-67.9370383993878
2012-06-24,-5.62623158179473,-32.6614446301746
2012-06-25,-10.8321286989942,-84.5561522511074
2012-06-26,-11.5687377203633,-91.255645214085
2012-06-27,-6.30671564874028,-44.8154087084122
2012-06-28,-4.35302418607306,-23.1747738464028
2012-06-29,-4.24833005969136,-26.7940890892663
2012-06-30,-3.92812450525118,-24.5374523632208
2012-07-01,-3.85957105382993,-11.4420044338906
2012-07-02,-7.25800953885335,-42.2792629640386
2012-07-03,-8.60940761741969,-65.0240237159096
2012-07-04,-7.38286692658534,-52.2626103674835
2012-07-05,-6.16534805550275,-41.5024147984087
2012-07-06,-10.0769395358423,-75.5942851025678
2012-07-07,-7.55668016116915,-57.0297783600687
2012-07-08,-6.16865555189959,-36.5147684511421
2012-07-09,-7.80657210024677,-60.6549662544788
2012-07-10,-7.07043931089412,-45.9406211897495
2012-07-11,-8.75309447007192,-68.2888076746788
2012-07-12,-8.76498247960831,-63.2879045588274
2012-07-13,-8.93918544730517,-62.8655621019669
2012-07-14,-10.8220927751383,-83.4753153438532
2012-07-15,-10.7984650522897,-72.9206760202283
2012-07-16,-9.71045148950982,-57.7533844501366
2012-07-17,-8.75305584502835,-51.5253611486456
2012-07-18,-4.48358196794084,-22.1923713821686
2012-07-19,-6.25082210291948,-36.246509660536
2012-07-20,-9.48779777047721,-70.7975267984506
2012-07-21,-11.6195911207078,-85.991481997893
2012-07-22,-10.9032800066175,-76.4745813633575
2012-07-23,-7.87560072862649,-31.6586032314716
2012-07-24,-4.64729039913308,-23.7665825158409
2012-07-25,-9.93813497689607,-72.1128184389012
2012-07-26,-4.3547454676782,-21.0112322491649
2012-07-27,-3.92149392447626,-16.9275336409117
2012-07-28,-8.28611150342575,-55.6649189882943
2012-07-29,-9.01061545431761,-69.2663841208092
2012-07-30,-10.0650885595915,-80.4016557735263
2012-07-31,-6.79828763362088,-47.5643197162369
2012-08-01,-4.00389702393733,-16.2869949108272
2012-08-02,-6.61406242809224,-45.1513168022731
2012-08-03,-8.11967814883335,-63.8493246447582
2012-08-04,-8.74395249296855,-63.9288387860381
2012-08-05,-8.32368510626153,-55.6998132755615
2012-08-06,-8.81875223782614,-55.3398086304176
2012-08-07,-7.91120946368033,-49.4272223408968
2012-08-08,-7.1180178737853,-51.2148287920488
2012-08-09,-7.5937231935192,-51.8109833183433
2012-08-10,-6.83029849298781,-45.9866857556563
2012-08-11,-7.31607439233891,-46.3682169850736
2012-08-12,-6.83138350162794,-41.2856840043734
2012-08-13,-6.37429080181696,-38.7117097705267
2012-08-14,-6.79399840518751,-44.3888740867936
2012-08-15,-5.18093611803901,-26.996447031561
2012-08-16,-8.67922875637726,-63.9414958134156
2012-08-17,-5.15404726107687,-27.4600958741573
2012-08-18,-4.04468384003216,-17.7218104089463
2012-08-19,-3.99901867761013,-18.6496073889186
2012-08-20,-3.7534526389018,-12.8238780486213
2012-08-21,-4.36141443323169,-16.1750156097208
2012-08-22,-6.39446036307614,-40.3925735286336
2012-08-23,-4.80916703489902,-20.4473108592089
2012-08-24,-7.18061487821907,-42.2661367464392
2012-08-25,-8.82925114814477,-56.5041664386883
2012-08-26,-11.4289653685117,-85.8430567646454
2012-08-27,-7.12966208437668,-27.0332940693123
2012-08-28,-7.01378157025728,-43.6520862244671
2012-08-29,-6.08018630072309,-34.6631881172278
2012-08-30,-9.50524449445925,-61.0133496741012
2012-08-31,-13.8251876288429,-84.6548850902842
2012-09-01,-13.9028153664276,-95.299437467544
2012-09-02,-8.43027579751379,-51.5873720209784
2012-09-03,-9.42872844345415,-75.5553541837165
2012-09-04,-9.01441338995149,-71.50957019312
2012-09-05,-8.52833761457816,-64.8723576510211
2012-09-06,-8.68691591081657,-70.0089318746082
2012-09-07,-6.13143227417696,-34.678491262952
2012-09-08,-5.60032673788619,-31.3176798076395
2012-09-09,-6.39690544053754,-43.3247475517692
2012-09-10,-7.85462563931883,-58.6649356831188
2012-09-11,-7.05846081356396,-51.1377503462509
2012-09-12,-12.5688146387787,-72.4692902628868
2012-09-13,-15.7876328704742,-111.104021296273
2012-09-14,-11.0137269678465,-64.2596782628922
2012-09-15,-10.3985589121516,-62.4789275764252
2012-09-16,-7.42867220064189,-38.7999540215194
2012-09-17,-7.18633656102033,-49.6822363805195
2012-09-18,-6.68229109729309,-43.7488940020114
2012-09-19,-12.2058612790481,-70.0702507290771
2012-09-20,-10.4498945525397,-55.3581275965053
2012-09-21,-8.62856787310214,-45.7132800092621
2012-09-22,-9.04870973842644,-66.3427628774898
2012-09-23,-7.02447739846898,-37.4893880748231
2012-09-24,-9.51480007702561,-63.908232131125
2012-09-25,-8.97484928647941,-48.336875234652
2012-09-26,-8.5539638741678,-64.6995428777388
2012-09-27,-12.0482373799002,-80.1113591629359
2012-09-28,-10.5450828575429,-69.7153344501669
2012-09-29,-11.4884237709171,-83.3773431874467
2012-09-30,-10.341669526865,-73.579588865248
2012-10-01,-12.0354483702616,-105.772926953784
2012-10-02,-10.8502110341266,-84.1872402598918
2012-10-03,-9.36960123188094,-60.7133450028471
2012-10-04,-10.6163619267534,-85.4567412087439
2012-10-05,-8.89671743452905,-58.0468981493458
2012-10-06,-8.09480439386361,-59.5584580438797
2012-10-07,-11.9393572127852,-98.0112576774077
2012-10-08,-11.9835209954175,-83.8332941827644
2012-10-09,-12.9120246235521,-101.880080368443
2012-10-10,-12.8616515434518,-103.54214379754
2012-10-11,-10.6357012788123,-82.8310973282523
2012-10-12,-12.627000101025,-94.0848619446838
2012-10-13,-12.356834170123,-79.5941314324879
2012-10-14,-11.7930444743232,-78.4519709559928
2012-10-15,-13.6893304318313,-87.6870407072164
2012-10-16,-14.0281470882996,-99.1769345888018
2012-10-17,-12.4902193833095,-81.0693165667257
2012-10-18,-9.11851801236259,-71.651743989167
2012-10-19,-6.24695051187184,-45.4403186120016
2012-10-20,-7.24749566288057,-56.5877503247994
2012-10-21,-6.51062853875764,-49.8317671438195
2012-10-22,-7.5676598213152,-60.8203715472934
2012-10-23,-8.38888501447589,-69.9465101931358
2012-10-24,-9.61348824832667,-81.2572449155268
2012-10-25,-9.95485232164776,-80.1600052602344
2012-10-26,-12.479659690596,-101.608158451258
2012-10-27,-13.4337259731858,-79.7065778241868
2012-10-28,-19.8649858654491,-151.321589118846
2012-10-29,-19.0597562219624,-139.60826882641
2012-10-30,-15.4582144090808,-99.5590985694137
2012-10-31,-14.5905193376221,-100.425466855393
2012-11-01,-15.2156897527214,-115.52338054202
2012-11-02,-14.7387855107023,-110.766121282914
2012-11-03,-13.6119010702078,-107.915005472901
2012-11-04,-13.3441505317815,-95.4159227659203
2012-11-05,-17.2444651039867,-138.096190337784
2012-11-06,-18.0566175290228,-141.606197769507
2012-11-07,-17.3178196944642,-129.31801809798
2012-11-08,-14.7340471249547,-108.75706498523
2012-11-09,-12.970328900001,-90.3466359722098
2012-11-10,-13.0275491873476,-101.359497375309
2012-11-11,-17.0743910881644,-134.296759864441
2012-11-12,-17.8138493236231,-142.904664523577
2012-11-13,-15.0077288443025,-112.169781726576
2012-11-14,-13.4067344521687,-95.5061277830858
2012-11-15,-13.618090615726,-99.8916779929987
2012-11-16,-13.1775079394342,-93.7538773013181
2012-11-17,-13.6916163837943,-98.1110360491522
2012-11-18,-15.1181527688387,-112.496322299679
2012-11-19,-13.6836056728689,-96.5180587449581
2012-11-20,-14.2340092573666,-105.065970837896
2012-11-21,-13.1227899402681,-94.1846725853118
2012-11-22,-16.7343529484479,-130.239396352396
2012-11-23,-15.1524939220437,-113.841307134292
2012-11-24,-13.8805906550011,-102.300765356445
2012-11-25,-14.508106223397,-108.718035804216
2012-11-26,-14.2157651467086,-109.233913242162
2012-11-27,-14.482755875976,-105.04834087427
2012-11-28,-18.5901365465053,-148.017296153406
2012-11-29,-18.7323085344977,-144.631050227921
2012-11-30,-21.0100995254121,-165.631636268501
2012-12-01,-18.6441478393987,-136.843900381088
2012-12-02,-20.5548498947321,-161.122307487171
2012-12-03,-18.3596211693726,-137.211162285483
2012-12-04,-17.4016615710414,-131.167359126432
2012-12-05,-19.6751588481284,-150.040633602509
2012-12-06,-21.2776123655256,-158.51056128727
2012-12-07,-21.8654854378557,-156.456770315177
2012-12-08,-21.9940279537573,-160.255503524076
2012-12-09,-20.8929222399084,-139.747410247271
2012-12-10,-18.9328817914049,-147.525880302174
2012-12-11,-21.2438948122521,-157.007724343404
2012-12-12,-23.7951434378297,-174.472931494818
2012-12-13,-19.3551232582415,-136.130386678394
2012-12-14,-15.6119371331088,-116.743218796611
2012-12-15,-15.1912415846915,-112.898714485878
2012-12-16,-16.2015853651429,-124.692909145513
2012-12-17,-16.8250302129835,-131.490234400754
2012-12-18,-17.9888759291783,-142.30413624322
2012-12-19,-18.4096446022293,-139.612643741681
2012-12-20,-17.4536017256168,-128.809491655307
2012-12-21,-16.7464783560469,-129.40117973662
2012-12-22,-17.4011277354534,-136.377843788858
2012-12-23,-14.2232827134972,-103.573960614706
2012-12-24,-11.7999176842219,-82.9762883415629
2012-12-25,-13.2627780745622,-106.083587797753
2012-12-26,-14.8402328431981,-105.778735378244
2012-12-27,-15.187221560786,-109.077488231317
2012-12-28,-17.535029378231,-135.26722542034
2012-12-29,-14.9078613020341,-111.410516852214
2012-12-30,-16.3342814976264,-124.150504803721
2012-12-31,-14.5784269018017,-102.583421562423
2013-01-01,-15.3892723511724,-118.69545616944
2013-01-02,-17.9404470298195,-133.989215550888
2013-01-03,-15.2331384123486,-101.999543762301
2013-01-04,-16.0628458809259,-125.962496076123
2013-01-05,-16.5900281021694,-132.059078988826
2013-01-06,-14.895242358148,-113.747236601947
2013-01-07,-14.5374011941741,-109.657988023898
2013-01-08,-12.8670439854676,-92.717806794078
2013-01-09,-14.0039671889101,-104.807536014524
2013-01-10,-16.681033662555,-130.595951031761
2013-01-11,-17.7296032432218,-137.378418118709
2013-01-12,-19.0619779298083,-152.121033295524
2013-01-13,-17.7027958313583,-136.306820076875
2013-01-14,-19.3380785252568,-151.039981485693
2013-01-15,-18.8458914590675,-138.488887723751
2013-01-16,-21.6853466205843,-166.595511915261
2013-01-17,-23.8657678472763,-183.953029121882
2013-01-18,-22.4115031846652,-153.475590142056
2013-01-19,-16.7889446972508,-122.954720688824
2013-01-20,-15.8612035677906,-123.294281442541
2013-01-21,-17.3519658835526,-135.428595486143
2013-01-22,-18.7520909823432,-144.447175524043
2013-01-23,-17.4777459794474,-127.060557367813
2013-01-24,-19.7030856557497,-145.09674681097
2013-01-25,-23.3390377009732,-174.177782541958
2013-01-26,-17.8299080022889,-117.551651320739
2013-01-27,-14.2579405774351,-98.7202558168358
2013-01-28,-16.8361797916316,-125.226031305256
2013-01-29,-15.4456516606208,-110.914834327492
2013-01-30,-12.7843511408875,-86.8818450881852
2013-01-31,-13.3151328447247,-95.3887579183201
2013-02-01,-16.7313844619102,-134.68276737539
2013-02-02,-16.8847433320743,-129.407354617911
2013-02-03,-20.5253370494791,-168.250143162109
2013-02-04,-17.5725234473256,-132.476517441732
2013-02-05,-17.2919985165589,-138.774372244414
2013-02-06,-19.8659057443647,-153.907597001109
2013-02-07,-21.4025405992809,-173.040555940969
2013-02-08,-22.7474481477804,-179.883971672163
2013-02-09,-24.6502629495216,-186.89616952512
2013-02-10,-24.4556808256759,-177.108357892782
2013-02-11,-19.1355029154955,-145.470889328325
2013-02-12,-20.9159431811023,-167.093452874084
2013-02-13,-22.6293997264818,-177.226728488017
2013-02-14,-19.944983850446,-140.062440594155
2013-02-15,-18.2408681384811,-146.819170220738
2013-02-16,-19.1783009362584,-157.624315805985
2013-02-17,-19.1774334673652,-151.281404998398
2013-02-18,-18.8821332299887,-146.212089402776
2013-02-19,-18.0025631167259,-135.141415148315
2013-02-20,-19.4750754151706,-153.44078601923
2013-02-21,-21.9701898826184,-173.10484320483
2013-02-22,-23.61737879358,-177.360411237473
2013-02-23,-23.6741533947992,-173.157811375969
2013-02-24,-23.6703204122404,-183.234830048285
2013-02-25,-19.7335074705348,-135.845156877343
2013-02-26,-17.7337797978633,-134.042187257535
2013-02-27,-15.4495503677044,-118.348500420814
2013-02-28,-14.0172875356034,-109.03835040692
2013-03-01,-14.089158043638,-104.061053181004
2013-03-02,-13.6216921007873,-96.9176325860236
2013-03-03,-13.549668129956,-100.69665271272
2013-03-04,-12.6859362091621,-92.3807919510369
2013-03-05,-14.6146275091278,-110.721984621642
2013-03-06,-13.6712662974813,-99.7858223027997
2013-03-07,-13.9755447865429,-107.180042349576
2013-03-08,-12.6377768303686,-91.5306878979682
2013-03-09,-15.8839897946192,-126.91668486736
2013-03-10,-14.7875023455325,-114.16249609139
2013-03-11,-15.2658270583734,-118.597500041418
2013-03-12,-14.4692104376606,-110.58140854498
2013-03-13,-16.4168436095914,-126.810064648634
2013-03-14,-21.484666895907,-164.664066088723
2013-03-15,-24.0490791125893,-181.58139169849
2013-03-16,-18.1155988957736,-113.358500443052
2013-03-17,-16.0198291381882,-120.963422004079
2013-03-18,-18.6309295320542,-148.073630511159
2013-03-19,-16.7726380063474,-132.920822661643
2013-03-20,-15.3580741207505,-111.745225020705
2013-03-21,-17.2109183006803,-136.777772937526
2013-03-22,-12.9615544438749,-90.9109244888295
2013-03-23,-13.7638137177461,-107.667963800584
2013-03-24,-14.5276981443206,-111.059064595122
2013-03-25,-16.8018882369856,-126.860333988839
2013-03-26,-19.2721115488942,-152.913689964974
2013-03-27,-15.5565863849595,-119.779165697029
2013-03-28,-14.362850160703,-101.783143815703
2013-03-29,-17.0956881579433,-138.05672228972
2013-03-30,-16.648667889745,-129.844533955903
2013-03-31,-18.3261293464184,-142.105466982897
2013-04-01,-14.8599143023411,-99.3068968822121
2013-04-02,-13.7637011429503,-103.357176249761
2013-04-03,-14.0884608122049,-106.805714025025
2013-04-04,-13.0557951744267,-94.2933064101617
2013-04-05,-15.3411102194401,-116.762897764014
2013-04-06,-15.4394273844996,-122.886048549546
2013-04-07,-17.1754465855201,-137.009067525635
2013-04-08,-14.5866311460742,-102.762978037603
2013-04-09,-13.8219611066561,-100.494187379499
2013-04-10,-13.0528351461588,-97.4119427252619
2013-04-11,-11.6461175728483,-82.3119555480532
2013-04-12,-13.8959476032951,-106.929887640996
2013-04-13,-11.7681919244863,-86.9585574187505
2013-04-14,-9.44339651624804,-63.3688110453
2013-04-15,-8.46910126086871,-71.3977048394835
2013-04-16,-9.26896993255137,-82.3602005686303
2013-04-17,-8.46144428669516,-68.7072317139267
2013-04-18,-8.40985350337772,-72.6122438518812
2013-04-19,-13.8396117895082,-96.9986289771837
2013-04-20,-15.7453914792457,-123.930949966955
2013-04-21,-12.2698480880916,-93.5423690487149
2013-04-22,-15.7494292744633,-129.017849870921
2013-04-23,-11.7364389532218,-92.1063238068671
2013-04-24,-9.96808297232563,-73.6797469572069
2013-04-25,-8.65230033564632,-59.7920584655419
2013-04-26,-9.41620169569598,-81.7468413511085
2013-04-27,-11.7185129799119,-94.4596650727125
2013-04-28,-11.8829514961394,-88.587290365916
2013-04-29,-11.9641560574145,-95.2883448107993
2013-04-30,-10.1534413909105,-90.3615181600129
2013-05-01,-8.11601600293297,-59.5353190178256
2013-05-02,-9.3914355770594,-69.0821314705168
2013-05-03,-9.97468035509478,-61.6248888378791
2013-05-04,-12.3672592011748,-90.1799034997585
2013-05-05,-9.65962434296929,-57.3982577072903
2013-05-06,-11.2675609061774,-85.2603233549509
2013-05-07,-11.9100892451088,-79.9707172235583
2013-05-08,-10.1266798384538,-63.7271916218321
2013-05-09,-8.74768381214767,-61.8773026445892
2013-05-10,-13.2585445499765,-96.464916454913
2013-05-11,-15.0119825123463,-111.659867764398
2013-05-12,-14.5867444097884,-101.224433429084
2013-05-13,-13.3920538344813,-87.2415270756298
2013-05-14,-9.20773154884858,-49.7639831235559
2013-05-15,-11.0573357389926,-84.8853924496022
2013-05-16,-11.3907936905585,-92.2962356876901
2013-05-17,-12.0757854346656,-83.0962443174592
2013-05-18,-10.7825395575195,-72.9388953482714
2013-05-19,-12.0227714989284,-83.4396742145074
2013-05-20,-13.0339787412717,-89.4560266481343
2013-05-21,-13.7979153441656,-92.0060008335568
2013-05-22,-15.126882376036,-107.66269578919
2013-05-23,-13.1312762976385,-89.1179834890714
2013-05-24,-17.1423723361831,-127.119505106923
2013-05-25,-15.3376920568589,-110.188587305917
2013-05-26,-14.9984880184459,-104.856197951429
2013-05-27,-11.2478291356769,-71.0283213485429
2013-05-28,-11.4798732693923,-74.4864645962203
2013-05-29,-14.9636136184339,-102.785531409526
2013-05-30,-16.0317661791236,-116.779955502867
2013-05-31,-16.7509278569905,-121.301411617128
2013-06-01,-14.2939487304946,-92.2757798733974
2013-06-02,-15.354445883784,-110.045317502221
2013-06-03,-14.3593252937542,-99.7566814985355
2013-06-04,-9.47537473636645,-50.87273215442
2013-06-05,-8.06535186562006,-53.4501504330436
2013-06-06,-7.70343460018163,-50.3121130892171
2013-06-07,-7.29175007533972,-48.3240538561845
2013-06-08,-6.74031176585626,-41.9288223855524
2013-06-09,-10.3929583557368,-77.6082394367729
2013-06-10,-13.7239866420671,-93.9371632028284
2013-06-11,-12.2702062831779,-92.8841841386192
2013-06-12,-8.41679494153566,-50.155521739444
2013-06-13,-4.51870603912056,-25.1497505292412
2013-06-14,-7.83503115871874,-59.8377052814914
2013-06-15,-6.75443774992357,-43.6035444208237
2013-06-16,-4.42496261902891,-26.2260497114249
2013-06-17,-4.63368917205845,-31.6078383746389
2013-06-18,-4.04446601487117,-20.2804060548212
2013-06-19,-5.39500564351977,-36.1094186435564
2013-06-20,-5.12375290934973,-28.2577353104295
2013-06-21,-8.39520644998692,-66.7969987524051
2013-06-22,-10.1451624319416,-82.7984810416055
2013-06-23,-8.91512793503878,-56.1736275638402
2013-06-24,-14.6623854522508,-106.359321725795
2013-06-25,-14.4829043925001,-106.436571262607
2013-06-26,-13.5056372359934,-95.1310909960423
2013-06-27,-13.4073317113955,-83.7973682417387
2013-06-28,-13.0811769300444,-84.9787366981551
2013-06-29,-14.2114091918413,-99.9077848073918
2013-06-30,-9.50393067559431,-70.9665619086207
2013-07-01,-6.21265836151397,-27.7283092643269
2013-07-02,-6.49341524883711,-40.727116928089
2013-07-03,-9.24605991427851,-63.2345989899
2013-07-04,-7.47585544580763,-56.8879949065025
2013-07-05,-7.42365094341711,-56.9134867477394
2013-07-06,-5.94791766664884,-40.7784353879841
2013-07-07,-5.30505390017731,-31.0927065189421
2013-07-08,-6.37385852642267,-39.0815783417769
2013-07-09,-7.62832303910666,-49.9046670677305
2013-07-10,-6.63534423731087,-44.883807317655
2013-07-11,-6.30438853541928,-44.516275334919
2013-07-12,-5.75782886145151,-34.9012250921647
2013-07-13,-5.87793113300296,-36.6569456177818
2013-07-14,-5.44152356950936,-31.2845602656623
2013-07-15,-6.0328869727953,-41.4213881620535
2013-07-16,-4.27944509706677,-21.0814124514864
2013-07-17,-7.02900174988854,-45.4315298007944
2013-07-18,-7.0502557809225,-41.8854469227831
2013-07-19,-6.82078726772796,-43.2727075746274
2013-07-20,-5.51696473988457,-31.9828465633786
2013-07-21,-5.49387740371761,-31.2199294396742
2013-07-22,-5.11060702297697,-32.0603678439213
2013-07-23,-6.02839372923922,-35.5728690464459
2013-07-24,-8.04385062045738,-55.8390662358733
2013-07-25,-5.56838019220249,-33.6900466401723
2013-07-26,-5.14580842693595,-26.2273279320463
2013-07-27,-3.89702373866619,-18.3361521093112
2013-07-28,-4.13379098954288,-21.5732582522451
2013-07-29,-6.94942360952179,-32.311082460085
2013-07-30,-8.14442988727368,-56.5269980787904
2013-07-31,-4.685926255421,-22.7910138940913
2013-08-01,-3.86678101078429,-16.0606978694879
2013-08-02,-3.07922051125251,-9.1864790984382
2013-08-03,-4.36478321060429,-22.0912040996582
2013-08-04,-6.2340000441065,-42.4516453005243
2013-08-05,-3.49710613595771,-12.6790624262116
2013-08-06,-4.19937552427351,-18.1356681214303
2013-08-07,-5.71882728716033,-29.8534627800352
2013-08-08,-7.51491660040406,-45.9194341766747
2013-08-09,-10.9882796043712,-79.1790595432223
2013-08-10,-7.82057662865798,-48.7717743100536
2013-08-11,-6.94648358953438,-41.9015684653114
2013-08-12,-5.49881324797175,-30.0863166269173
2013-08-13,-9.47440271469475,-71.536912990202
2013-08-14,-8.60823685979003,-61.933186114758
2013-08-15,-6.77860177571257,-40.046693629036
2013-08-16,-5.67201512224107,-32.5522162649869
2013-08-17,-7.29664328186383,-49.3855390169741
2013-08-18,-6.34274375025796,-36.3886660762796
2013-08-19,-10.3825262651659,-70.6619402866168
2013-08-20,-10.4889329739994,-73.9284319042486
2013-08-21,-7.22567211921526,-30.9451408893987
2013-08-22,-5.86930169957311,-31.0985272701397
2013-08-23,-7.96215735407604,-53.5745282180051
2013-08-24,-7.18419448053979,-39.7909784542684
2013-08-25,-12.2286956513393,-81.3496521057772
2013-08-26,-11.4017667080049,-84.4398972318742
2013-08-27,-11.5299137173492,-84.5332848411049
2013-08-28,-11.7284190901914,-87.2868885868205
2013-08-29,-8.67357171110564,-48.4339018054063
2013-08-30,-7.47584064727815,-41.6230400002863
2013-08-31,-7.7276417219093,-50.5490939184525
2013-09-01,-9.99766954784989,-81.3085948835592
2013-09-02,-9.2463400594268,-68.038313925778
2013-09-03,-6.01625766007079,-35.5840486688702
2013-09-04,-5.12082827390744,-32.5979071299832
2013-09-05,-6.03253011347459,-42.3837830277785
2013-09-06,-7.01494393509638,-52.7608183344208
2013-09-07,-5.71043014090181,-37.2497775933819
2013-09-08,-9.0605266256387,-67.2782036217648
2013-09-09,-10.8300652840929,-82.8153494630229
2013-09-10,-13.3651325796282,-89.360465433139
2013-09-11,-13.5522670225933,-94.1368121746412
2013-09-12,-14.5063505984763,-102.284731034189
2013-09-13,-13.1900401404066,-91.894812546355
2013-09-14,-9.69504146456814,-52.3327845939778
2013-09-15,-11.1841653309952,-88.6036659910135
2013-09-16,-12.9455498648132,-82.3404099870559
2013-09-17,-15.1391475688597,-105.085665629926
2013-09-18,-10.8448413132174,-57.8079950081603
2013-09-19,-12.6404246825659,-93.6601306768064
2013-09-20,-9.86237914529088,-52.941110118688
2013-09-21,-9.47603793786459,-51.0711629343569
2013-09-22,-9.88165057621027,-55.6346678810117
2013-09-23,-7.40266140999808,-42.2997057419026
2013-09-24,-6.17058862744898,-34.6675899206976
2013-09-25,-7.50645243923517,-52.8791972226464
2013-09-26,-10.8297878494019,-84.7770320217082
2013-09-27,-9.80164144878164,-76.2545049767224
2013-09-28,-6.80264312155209,-45.3753243834853
2013-09-29,-9.62681931929335,-70.6101598614407
2013-09-30,-12.3099649320533,-94.0141465638512
2013-10-01,-12.339145735711,-107.59957320105
2013-10-02,-9.96460753809709,-83.6952496350854
2013-10-03,-8.22354042334554,-62.6182227387809
2013-10-04,-8.28581713888192,-71.3900850022834
2013-10-05,-11.1139217467635,-87.6666629632103
2013-10-06,-11.6921320270344,-97.3540694909286
2013-10-07,-11.0329220201708,-98.5639777068786
2013-10-08,-12.3379186718416,-104.947836352881
2013-10-09,-13.3038705348761,-114.482972925229
2013-10-10,-13.6182293313132,-85.9982623479012
2013-10-11,-15.6906312461141,-116.975813893293
2013-10-12,-15.2471476263615,-111.806679332686
2013-10-13,-13.2241269409394,-92.8058472467609
2013-10-14,-12.9970436663514,-87.4235208904516
2013-10-15,-11.9686421705734,-78.8834338130764
2013-10-16,-14.0724362142015,-101.198672980203
2013-10-17,-12.6780959639115,-89.7489053937723
2013-10-18,-10.3877245113536,-61.2017349703237
2013-10-19,-8.76351760427436,-67.1549707391125
2013-10-20,-10.1048506945485,-81.4151065569523
2013-10-21,-9.37996288264743,-70.63087516203
2013-10-22,-8.90947341968219,-71.7300423321523
2013-10-23,-10.2822929690787,-64.5624542133272
2013-10-24,-11.0123838467301,-82.2884469362572
2013-10-25,-9.5041058070928,-64.565030664885
2013-10-26,-7.51451339796043,-55.5643294524968
2013-10-27,-10.5870149994366,-90.3929100544973
2013-10-28,-8.97491729637131,-71.1270971314432
2013-10-29,-13.1972639599849,-93.5890609824571
2013-10-30,-16.2101190273397,-122.600250596211
2013-10-31,-12.737700680493,-85.1433904251049
2013-11-01,-13.7839123973938,-103.342882212962
2013-11-02,-13.5581208485529,-113.38219116362
2013-11-03,-14.6780345714088,-103.277282134327
2013-11-04,-14.8483683937965,-108.035193353259
2013-11-05,-16.9835223200152,-135.176497497409
2013-11-06,-17.4969200720917,-136.740662221483
2013-11-07,-14.5063623296131,-109.831681539063
2013-11-08,-13.4543660620279,-98.7478009240486
2013-11-09,-15.8646170306123,-118.544772940621
2013-11-10,-17.5094183281008,-135.604718539289
2013-11-11,-18.4471659513627,-145.486837917519
2013-11-12,-13.6395390492859,-89.6977964921648
2013-11-13,-15.6276468637978,-118.627860003113
2013-11-14,-16.8964728145148,-128.484822911396
2013-11-15,-17.072312426993,-131.19047909578
2013-11-16,-15.5528059062982,-119.289025354558
2013-11-17,-13.477767649854,-97.758755393752
2013-11-18,-14.7853064871403,-110.861896981044
2013-11-19,-14.2966728192408,-101.552481566381
2013-11-20,-18.6826193983536,-148.675563179677
2013-11-21,-18.3464131941341,-141.550471300463
2013-11-22,-19.4839615637365,-150.540751492489
2013-11-23,-19.997709961562,-153.029790854745
2013-11-24,-19.0261677097245,-152.161701969233
2013-11-25,-20.2997049578122,-148.578442093375
2013-11-26,-23.2403704063805,-182.766112692991
2013-11-27,-23.2758720437419,-167.130972036791
2013-11-28,-18.6563826583725,-137.612700213751
2013-11-29,-17.2097284898805,-128.95749969879
2013-11-30,-19.6995416629706,-152.710653198741
2013-12-01,-18.3020828235843,-133.052462475461
2013-12-02,-13.5721297505595,-89.8508729377563
2013-12-03,-13.4298204504653,-99.5393001674432
2013-12-04,-13.9331773904523,-103.63290962483
2013-12-05,-14.9999104257738,-111.825516509188
2013-12-06,-16.2217353614894,-116.992078545439
2013-12-07,-18.3116466499331,-137.96293974127
2013-12-08,-15.0987643615397,-108.086137249618
2013-12-09,-14.2180704309697,-103.249183914299
2013-12-10,-12.6523206504887,-87.6701341989664
2013-12-11,-13.8212870441533,-102.551889961775
2013-12-12,-13.7957258629243,-101.276132924027
2013-12-13,-14.4605953521409,-107.627851820794
2013-12-14,-15.932081659319,-120.241881455462
2013-12-15,-14.7092624958581,-102.162026919053
2013-12-16,-12.9815426455464,-92.4705291231444
2013-12-17,-13.0839743023504,-95.1905403276699
2013-12-18,-14.2703106844945,-104.7469664975
2013-12-19,-15.6060878656421,-118.154149162828
2013-12-20,-16.1541941464426,-124.106239283542
2013-12-21,-14.4697092746914,-106.212430287426
2013-12-22,-14.6123436044049,-113.255189751002
2013-12-23,-14.805242998045,-111.93971501581
2013-12-24,-14.4061325325758,-109.887305478459
2013-12-25,-14.3780612401901,-105.7512684333
2013-12-26,-16.5288261153154,-126.458933540617
2013-12-27,-16.6378759974426,-127.089842822369
2013-12-28,-15.0125446364658,-114.181393885562
2013-12-29,-17.2135728784585,-132.472428089055
2013-12-30,-18.3149885066121,-140.753764319605
2013-12-31,-16.7599799490126,-123.698841630821
2014-01-01,-16.3364190234335,-126.288219036809
2014-01-02,-15.824841154704,-119.194713406669
2014-01-03,-14.7025110876256,-107.168200224816
2014-01-04,-15.0621141882298,-114.448685557078
2014-01-05,-16.3581741869304,-124.748074935326
2014-01-06,-14.0679860847865,-99.0630912488119
2014-01-07,-14.23636983787,-109.184036284733
2014-01-08,-14.0006729236873,-106.935399779074
2014-01-09,-12.7236227021725,-100.872831908646
2014-01-10,-15.2433177278617,-116.007966784445
2014-01-11,-14.0640148682591,-106.165138369341
2014-01-12,-14.2427660044885,-107.213619387735
2014-01-13,-14.085434330893,-105.29408696686
2014-01-14,-17.6835946820726,-139.226111451469
2014-01-15,-18.0652436125778,-146.116262442599
2014-01-16,-16.1823357974278,-127.178769806399
2014-01-17,-17.125040406903,-136.354117763702
2014-01-18,-15.2110223558095,-116.712359250579
2014-01-19,-13.622030923297,-101.278694329807
2014-01-20,-16.5628730831852,-131.859971233926
2014-01-21,-17.3999298542425,-138.598601519914
2014-01-22,-15.4427623250329,-114.888265141494
2014-01-23,-16.2376881970977,-124.017821060294
2014-01-24,-18.8367552769405,-147.63892051574
2014-01-25,-18.6211711644575,-133.005926201254
2014-01-26,-18.3160200175022,-141.777066757344
2014-01-27,-18.214858889172,-142.660986360612
2014-01-28,-20.2498340474371,-152.119137445694
2014-01-29,-18.5230963910538,-131.537110448953
2014-01-30,-16.0484152623091,-119.216698594216
2014-01-31,-15.5655757067849,-121.424981457464
2014-02-01,-13.472308532493,-98.0544781421689
2014-02-02,-18.7881856137357,-154.464268986436
2014-02-03,-14.710320965237,-108.909694688018
2014-02-04,-15.589643901951,-125.673349524169
2014-02-05,-16.1553824683683,-128.674278662006
2014-02-06,-15.9574380989578,-126.388275838842
2014-02-07,-15.2463297767635,-116.394097300858
2014-02-08,-16.5886379917445,-128.616890530929
2014-02-09,-18.0313861850815,-143.842255050538
2014-02-10,-15.7898221768266,-119.622651157944
2014-02-11,-17.077710033266,-138.130476456165
2014-02-12,-17.5094086993949,-141.620295202223
2014-02-13,-15.9713653470112,-126.397101459016
2014-02-14,-16.6852327964165,-128.981168030007
2014-02-15,-13.9163376512795,-106.417173341754
2014-02-16,-18.0696241718578,-148.374697361664
2014-02-17,-18.0016480908264,-149.133652063004
2014-02-18,-14.0336518379062,-105.057302585453
2014-02-19,-16.5797486577785,-132.023821382664
2014-02-20,-16.3809834867757,-135.389208115881
2014-02-21,-16.3982192357813,-129.439982591812
2014-02-22,-18.3969952612662,-151.975848586974
2014-02-23,-16.4655836407959,-131.414044989116
2014-02-24,-14.5977836936875,-110.105023012254
2014-02-25,-15.3088547461549,-118.223193118712
2014-02-26,-14.4348274506475,-109.526465607435
2014-02-27,-15.7906312900162,-127.687828683106
2014-02-28,-15.7169059357079,-123.115837938969
2014-03-01,-17.5573497018566,-138.694387309555
2014-03-02,-17.9384386677024,-140.959224533123
2014-03-03,-14.9904302988895,-108.951243625709
2014-03-04,-18.7124816602595,-148.596567401826
2014-03-05,-17.7843423356041,-141.135307306338
2014-03-06,-16.3040056632152,-132.024258398038
2014-03-07,-13.235518434769,-96.146647354286
2014-03-08,-12.6548914994058,-92.7726572375996
2014-03-09,-11.3131845788181,-79.1983858743829
2014-03-10,-12.3589614483511,-90.689404486287
2014-03-11,-12.4483283083319,-89.1716183153194
2014-03-12,-11.0183394648025,-79.0044430881601
2014-03-13,-11.418798468225,-83.3419243895125
2014-03-14,-11.4750197781306,-83.0632390671844
2014-03-15,-14.2944049695419,-109.39452091976
2014-03-16,-14.7556653783198,-111.082756740416
2014-03-17,-11.4888121136633,-84.9357553279187
2014-03-18,-10.599967565285,-78.7136789646435
2014-03-19,-14.0548060663748,-110.832632701003
2014-03-20,-11.0338029434588,-77.4905203423906
2014-03-21,-11.5223742243224,-83.2704051459712
2014-03-22,-13.4860529347919,-98.1253825155865
2014-03-23,-17.4341710005206,-134.366571019851
2014-03-24,-18.4564890069316,-150.412342270917
2014-03-25,-18.5449868738323,-142.548974867262
2014-03-26,-15.6217597347951,-118.261279673246
2014-03-27,-13.9453060037375,-102.816839770484
2014-03-28,-12.5656839074628,-92.4742902369855
2014-03-29,-11.5742942274812,-82.5824216197398
2014-03-30,-10.1699954689619,-68.1281541199109
2014-03-31,-11.2566951683557,-85.2929330081934
2014-04-01,-10.349374584193,-73.6295670804419
2014-04-02,-10.6877809719104,-77.6794427908912
2014-04-03,-12.8393187408249,-103.032783096059
2014-04-04,-10.464181992302,-79.8912332882318
2014-04-05,-14.0905419535609,-114.072620895348
2014-04-06,-11.9893671083658,-97.9385503845224
2014-04-07,-9.36686323714961,-61.9383609832056
2014-04-08,-13.7271737698553,-107.377779252068
2014-04-09,-14.3996328163021,-113.348900400264
2014-04-10,-13.2712746023895,-97.5266755002333
2014-04-11,-11.0502515513925,-79.8922697050842
2014-04-12,-13.059996014784,-102.266768870496
2014-04-13,-13.8533266224577,-109.033168494446
2014-04-14,-12.3923396353181,-90.8047170558916
2014-04-15,-16.2203879310956,-131.89586125884
2014-04-16,-14.2772740126166,-110.089890159065
2014-04-17,-11.5608904144291,-80.2111441852731
2014-04-18,-14.0079886595708,-100.189035595537
2014-04-19,-13.3692005755923,-99.8677079690723
2014-04-20,-11.9852475473818,-85.081323410952
2014-04-21,-13.5382070866623,-110.099865618104
2014-04-22,-12.3700349027578,-90.807931104016
2014-04-23,-10.8679705654407,-77.3095500255619
2014-04-24,-9.8130450468978,-76.1506400140794
2014-04-25,-9.38690124453827,-75.5829926856413
2014-04-26,-10.3890144746034,-93.3155125578489
2014-04-27,-14.6983252151408,-114.965998151347
2014-04-28,-15.6044621438262,-128.630844630131
2014-04-29,-13.3383824480368,-104.988871282034
2014-04-30,-16.093571610872,-127.472480124917
2014-05-01,-12.775832517844,-85.8011752594181
2014-05-02,-13.9649672457478,-99.7654701600376
2014-05-03,-14.9595214803492,-105.021646665512
2014-05-04,-12.8570355629928,-90.8846053752774
2014-05-05,-9.5945836259398,-53.2217904202383
2014-05-06,-8.37521946240654,-45.8619892714152
2014-05-07,-12.7959547640823,-82.363798179058
2014-05-08,-9.13668654036217,-55.0184671413911
2014-05-09,-8.29987303793868,-61.795784070208
2014-05-10,-7.96762495319072,-47.2241705561251
2014-05-11,-12.7154190919135,-81.4802840780919
2014-05-12,-13.6316608209401,-92.9810856415246
2014-05-13,-14.648050378588,-108.21789208399
2014-05-14,-15.4456805187874,-113.031641369413
2014-05-15,-14.8308843971208,-108.717219182777
2014-05-16,-14.4820281456307,-99.2794000381171
2014-05-17,-13.4290704695763,-93.3081369098828
2014-05-18,-10.4438355962131,-59.7846333871929
2014-05-19,-9.80876870752188,-77.1693957186099
2014-05-20,-8.90416730310541,-52.4797977802091
2014-05-21,-6.61388517681138,-45.2708794176739
2014-05-22,-6.56902888871913,-49.6933945665658
2014-05-23,-8.38173946691922,-61.5518188921247
2014-05-24,-9.18314088885013,-68.4512594529508
2014-05-25,-7.67195039664526,-48.7399819041489
2014-05-26,-10.025147568295,-78.4646969562123
2014-05-27,-13.6811875985132,-109.452855387359
2014-05-28,-11.9035940155611,-83.9613942803854
2014-05-29,-12.2159224768534,-97.3212030162332
2014-05-30,-13.7975274641444,-107.170952923271
2014-05-31,-10.8077984358448,-75.481480863143
2014-06-01,-9.80274451851894,-55.5605204848157
2014-06-02,-11.7575090681053,-73.986638013648
2014-06-03,-10.715862353677,-72.2920582055602
2014-06-04,-10.2354765741675,-64.2044696758417
2014-06-05,-9.23151960929576,-62.3514898156508
2014-06-06,-5.13154399062844,-21.4417316925165
2014-06-07,-4.32134864389633,-23.6283927034847
2014-06-08,-4.28628055028974,-27.1834386721939
2014-06-09,-4.9550676918373,-31.1876276926383
2014-06-10,-4.73506413503355,-28.0798019089587
2014-06-11,-6.1695456700429,-36.6239158139857
2014-06-12,-4.86881814786836,-28.2520273263954
2014-06-13,-7.43559017855022,-53.3960808463864
2014-06-14,-8.25166847358244,-66.3984627574824
2014-06-15,-9.60760367132263,-73.3354884570533
2014-06-16,-8.69458228205007,-61.6831777939905
2014-06-17,-9.32700730510859,-66.9546340375658
2014-06-18,-9.77557201328626,-59.4874584361603
2014-06-19,-9.37215282965765,-71.9327034022598
2014-06-20,-11.1351848378438,-79.5369399122363
2014-06-21,-6.68203021187274,-41.2673703188381
2014-06-22,-6.667214238179,-44.4633655616976
2014-06-23,-6.83403730587222,-41.7492404130374
2014-06-24,-10.6910848236595,-86.2387796868664
2014-06-25,-9.67252155794049,-72.2610913509298
2014-06-26,-7.71778104339649,-45.7967426169269
2014-06-27,-8.01095932566475,-53.1479862478094
2014-06-28,-7.62595167226531,-56.0032431935523
2014-06-29,-11.3523138597242,-51.3609406669412
2014-06-30,-12.2743291456349,-83.8149709745234
2014-07-01,-8.09817625153457,-33.6670024101549
2014-07-02,-11.8812715423064,-80.1059969102135
2014-07-03,-5.82353875652838,-21.9965697283592
2014-07-04,-5.76315087453948,-26.9864163806161
2014-07-05,-8.01042267658519,-54.2726221458545
2014-07-06,-5.35818945742364,-27.2045791265207
2014-07-07,-6.31442261119001,-34.8167906142861
2014-07-08,-12.4063906666768,-83.2445072847413
2014-07-09,-12.5087172974215,-87.6598877402315
2014-07-10,-12.3721158733967,-82.0291937040383
2014-07-11,-10.6927764096062,-75.0927653611776
2014-07-12,-7.94049767237578,-57.3192662130141
2014-07-13,-10.6287877544309,-81.6610072731501
2014-07-14,-8.77831432457162,-64.0349613244582
2014-07-15,-6.15220606077193,-41.2575228578732
2014-07-16,-5.96893266357376,-33.6422476398646
2014-07-17,-6.28991055985562,-42.7709589421592
2014-07-18,-3.85268612182572,-15.5192303336953
2014-07-19,-3.93016975272863,-18.4822885506783
2014-07-20,-7.79382682112921,-52.6799206663998
2014-07-21,-10.5721776309774,-76.4577851821598
2014-07-22,-10.9784358479682,-81.2715344676096
2014-07-23,-8.14732702072132,-62.3926368090316
2014-07-24,-9.61797567683675,-67.4807481382784
2014-07-25,-5.95745406170958,-34.1866891963597
2014-07-26,-12.1729314624103,-94.3418455191287
2014-07-27,-11.4746984378502,-88.338897740594
2014-07-28,-7.15244525948626,-49.5791470325737
2014-07-29,-10.2089687934645,-77.9702068087727
2014-07-30,-11.5968735955621,-88.2095228872386
2014-07-31,-8.90848139172001,-69.4172759972559
2014-08-01,-7.53576660581257,-47.3554102100471
2014-08-02,-9.34230223106008,-67.0352722981217
2014-08-03,-8.93045826791035,-59.9598344257566
2014-08-04,-6.78176630073557,-42.434427482471
2014-08-05,-9.20924752281302,-66.6266956738052
2014-08-06,-7.23164793949645,-38.9712819112881
2014-08-07,-8.48272532453494,-59.3218143202512
2014-08-08,-5.99617207013522,-31.7321660418389
2014-08-09,-9.01994100706766,-63.7210787824174
2014-08-10,-6.19786203717294,-36.1815556115895
2014-08-11,-9.98023321710059,-67.5521563512617
2014-08-12,-9.25545543814841,-68.2536817414961
2014-08-13,-11.9697340218265,-85.8430567646454
2014-08-14,-10.961010399431,-75.3439496448379
2014-08-15,-11.9144836450785,-83.3650609354802
2014-08-16,-12.2099334129659,-82.4968898009322
2014-08-17,-8.71559421130362,-36.1118166570704
2014-08-18,-6.71126852652131,-33.671253371074
2014-08-19,-9.67530660608327,-67.7159131955913
2014-08-20,-12.1064976869245,-89.6648205712226
2014-08-21,-9.82571556448349,-63.0226268617307
2014-08-22,-8.65499483302727,-51.7087254017534
2014-08-23,-11.0331745057745,-77.9668740977491
2014-08-24,-11.4090413122547,-80.8707365065194
2014-08-25,-11.317869090449,-61.7639597447431
2014-08-26,-11.1592630149905,-81.4370844929185
2014-08-27,-10.628940820237,-74.9184240356752
2014-08-28,-7.22794306427984,-41.9035507396066
2014-08-29,-7.48932290339605,-46.7327772868938
2014-08-30,-10.1763775278494,-77.1996425316613
2014-08-31,-10.8185581968056,-65.3790696626376
2014-09-01,-13.2366679596456,-88.2671850636891
2014-09-02,-12.6831526576262,-90.2786477644891
2014-09-03,-10.113688838893,-72.8100958247457
2014-09-04,-8.35521491918855,-58.7063697354705
2014-09-05,-10.467394642742,-82.4254107569717
2014-09-06,-8.63829365492115,-66.6027593611122
2014-09-07,-6.84501867179454,-48.9347914966733
2014-09-08,-7.62350184601217,-54.8225345278411
2014-09-09,-7.82547214189802,-56.0777494653638
2014-09-10,-9.74942465617043,-73.9193923380879
2014-09-11,-10.8620931922685,-78.6292076463456
2014-09-12,-14.4616348015717,-101.875212264401
2014-09-13,-11.3503828603219,-76.3658724277979
2014-09-14,-8.86000933240022,-53.6857925888971
2014-09-15,-7.71183063184222,-54.4941200996431
2014-09-16,-8.26745348511892,-60.0551364166213
2014-09-17,-7.15979664159687,-47.6512270078554
2014-09-18,-8.96559225782545,-65.3492551748718
2014-09-19,-9.01895879478942,-67.071331706467
2014-09-20,-9.58974906403844,-73.2841411981955
2014-09-21,-9.72163659555605,-73.4725136670763
2014-09-22,-12.537139238558,-78.5591893428785
2014-09-23,-9.88534414902923,-48.3962373653884
2014-09-24,-10.2184345608735,-62.5289184714239
2014-09-25,-13.3430570572115,-87.9068980547443
2014-09-26,-10.2552604929499,-49.5232737648293
2014-09-27,-7.15875832323674,-44.0451831198564
2014-09-28,-6.46396220062093,-43.4423077219034
2014-09-29,-7.31280955411776,-49.2661498848451
2014-09-30,-10.2500259966526,-76.0710123630462
2014-10-01,-11.0759191081124,-90.296738012129
2014-10-02,-9.67695999118822,-73.0916487427371
2014-10-03,-9.2281357686729,-71.0449406614807
2014-10-04,-9.05293742758687,-69.4437569887294
2014-10-05,-10.6494467696035,-91.0326066062695
2014-10-06,-10.9941428084602,-85.4178936907024
2014-10-07,-11.7228650824397,-80.1993698475184
2014-10-08,-8.71098952276631,-74.1514724058699
2014-10-09,-7.92862679939269,-62.6424073919442
2014-10-10,-8.98595021142504,-75.9967238230039
2014-10-11,-11.4606961028078,-94.6605503172798
2014-10-12,-8.76242146779789,-66.7848052990225
2014-10-13,-11.7489810009212,-98.3826882213513
2014-10-14,-11.8764332753352,-93.506325891354
2014-10-15,-11.8636873410254,-99.1953397879583
2014-10-16,-11.4506910505922,-91.4469220913255
2014-10-17,-11.2908425104553,-93.3514294519478
2014-10-18,-7.50603302042488,-45.2755771964193
2014-10-19,-7.72279610383929,-61.6301923532938
2014-10-20,-8.69218115793072,-70.768437012088
2014-10-21,-10.8476513456519,-62.6487297757707
2014-10-22,-17.1200439444737,-125.94909970761
2014-10-23,-17.6227003604337,-133.831838514617
2014-10-24,-14.3217082339252,-101.267073855879
2014-10-25,-13.9234819257089,-94.3483685985004
2014-10-26,-13.0539328222165,-93.5714814939279
2014-10-27,-11.985598721396,-77.9246955655716
2014-10-28,-12.3664883341692,-82.7474993731044
2014-10-29,-13.0107580892168,-89.0211031959425
2014-10-30,-13.226843593395,-87.1912907111155
2014-10-31,-11.5391576679802,-79.4206576768524
2014-11-01,-11.1184035877056,-90.292589421042
2014-11-02,-11.4969872566455,-90.9570322952456
2014-11-03,-13.484837606324,-104.084891542191
2014-11-04,-13.0550384326374,-120.478890122665
2014-11-05,-15.5082724511172,-112.97942781858
2014-11-06,-18.1826608622567,-144.346080716918
2014-11-07,-15.0970257155322,-112.088128778152
2014-11-08,-15.905287467645,-125.805249142362
2014-11-09,-13.5047098125885,-99.3949541178974
2014-11-10,-15.0296481796033,-123.78919621258
2014-11-11,-12.849110290606,-111.36651848071
2014-11-12,-12.5821651462853,-96.1448779435031
2014-11-13,-15.9858382473128,-125.830851492437
2014-11-14,-13.8482226699979,-101.849338913567
2014-11-15,-14.4931535751586,-108.025261730407
2014-11-16,-16.9088319584911,-132.518996150117
2014-11-17,-16.2072909870625,-122.502706907579
2014-11-18,-18.3806782726499,-147.367917540716
2014-11-19,-17.1701872533007,-133.296457248766
2014-11-20,-15.3603395199991,-113.317056845089
2014-11-21,-14.0216516405733,-105.910194792835
2014-11-22,-13.2614247110174,-108.905078908997
2014-11-23,-12.0923409312258,-92.7462009622391
2014-11-24,-11.3661300641302,-97.972313099822
2014-11-25,-11.961332661608,-100.264027561928
2014-11-26,-14.2314084031981,-118.157539991574
2014-11-27,-14.5205872752431,-109.413829485381
2014-11-28,-13.920433349909,-106.467171997915
2014-11-29,-13.3464895155381,-99.8286294596953
2014-11-30,-13.5581583909103,-103.314642726853
2014-12-01,-13.4670927965188,-102.291864215095
2014-12-02,-16.0014421960686,-123.100721566151
2014-12-03,-15.0393270589238,-113.903926508396
2014-12-04,-14.2828706891904,-105.297211064206
2014-12-05,-14.0580368605486,-103.298680377301
2014-12-06,-17.8369809497493,-142.785392943776
2014-12-07,-18.1453734594715,-144.669991245082
2014-12-08,-17.7907061922125,-140.57660808162
2014-12-09,-18.7210411653157,-146.448143868039
2014-12-10,-17.5891503639406,-126.968566314125
2014-12-11,-17.1927954873263,-136.734465134375
2014-12-12,-14.069307404163,-98.6679427571865
2014-12-13,-14.4934443964896,-109.093521066126
2014-12-14,-15.4726582143289,-118.531156100081
2014-12-15,-15.2769999883284,-119.394293768651
2014-12-16,-16.5241653779004,-128.725797873062
2014-12-17,-17.192555927832,-134.019217594113
2014-12-18,-15.9377099897628,-122.342868454377
2014-12-19,-14.7021000626481,-110.724155638565
2014-12-20,-15.6793429238298,-120.191312541357
2014-12-21,-16.4868431966147,-127.328824439734
2014-12-22,-13.0771934084967,-91.3741384709282
2014-12-23,-13.407575976784,-100.993662698384
2014-12-24,-14.5272520058086,-106.494978232147
2014-12-25,-16.1704245407493,-121.290607583699
2014-12-26,-19.7562846161267,-152.97077887459
2014-12-27,-20.1744274528525,-151.401775239067
2014-12-28,-20.6255154317507,-154.918611226376
2014-12-29,-24.1088830834645,-173.647146700841
2014-12-30,-21.3945418114938,-166.270356416756
2014-12-31,-20.6118686785822,-160.933804697164
2015-01-01,-16.1429263286669,-115.682490982686
2015-01-02,-15.0140741026172,-115.313566757947
2015-01-03,-14.9641126831402,-113.8301544236
2015-01-04,-15.1558153593723,-109.251840719853
2015-01-05,-17.4380026494033,-127.025537063774
2015-01-06,-15.3295389883461,-113.462328399582
2015-01-07,-16.354107763824,-126.197044193509
2015-01-08,-14.276097026178,-101.437614393017
2015-01-09,-14.1636764406761,-103.285020097752
2015-01-10,-13.2623286708126,-96.923283237311
2015-01-11,-14.0920222939255,-96.2523578618639
2015-01-12,-14.5545973280809,-104.504336640604
2015-01-13,-12.8705009746793,-92.7849252696714
2015-01-14,-15.5163327266627,-115.814417651581
2015-01-15,-14.2284701745539,-101.115978910985
2015-01-16,-14.4727882436024,-111.022366249462
2015-01-17,-16.3018385008947,-123.655767749588
2015-01-18,-18.0867239157834,-138.86247190154
2015-01-19,-18.290104796469,-139.038446242654
2015-01-20,-16.9150274863089,-128.507593041517
2015-01-21,-15.2990782733778,-110.875316641172
2015-01-22,-15.3084844033659,-114.904562134964
2015-01-23,-19.339072521406,-154.770668284383
2015-01-24,-19.7520283744721,-159.289952246632
2015-01-25,-20.5978107323561,-158.487358932661
2015-01-26,-21.0467548251245,-151.658498238982
2015-01-27,-18.1909314491209,-143.288593829391
2015-01-28,-19.0996870702561,-153.584365393105
2015-01-29,-18.3550528798236,-147.353137392934
2015-01-30,-18.6754764861305,-139.32458559017
2015-01-31,-18.6989445596297,-142.715723783241
2015-02-01,-21.2941215880353,-162.477561469435
2015-02-02,-21.5404125304787,-169.712070579663
2015-02-03,-20.6374870145774,-153.831230074718
2015-02-04,-20.1082743357389,-154.771667755445
2015-02-05,-22.5836221142669,-179.96013603579
2015-02-06,-22.6477691538041,-177.384120205013
2015-02-07,-18.8247464836807,-141.301385079178
2015-02-08,-21.844903072468,-171.843936002871
2015-02-09,-22.0792719966916,-168.67776572122
2015-02-10,-14.9104306928347,-108.467861139533
2015-02-11,-13.3590027092064,-102.00300025467
2015-02-12,-13.9639168549546,-109.113792875684
2015-02-13,-14.415219279665,-112.806557195181
2015-02-14,-15.6371570209049,-124.648637718247
2015-02-15,-15.6779114740849,-124.210796130785
2015-02-16,-14.865333295874,-116.527752652792
2015-02-17,-14.7838319263836,-118.004951693041
2015-02-18,-14.7812808454767,-112.944706090942
2015-02-19,-14.1151036858544,-107.114054965997
2015-02-20,-13.9488278269857,-105.553710330204
2015-02-21,-15.6036069179628,-122.677666561981
2015-02-22,-19.4750432544653,-161.415335525555
2015-02-23,-15.8498724180669,-115.009616289773
2015-02-24,-18.5934854922662,-148.181968142673
2015-02-25,-18.7616972179203,-153.106509536269
2015-02-26,-18.1269204129377,-139.526922989947
2015-02-27,-18.0477585359984,-141.242430356445
2015-02-28,-17.2405429237291,-140.298074358994
2015-03-01,-14.9682476840768,-106.092983171086
2015-03-02,-16.6860047887379,-127.297345438047
2015-03-03,-16.9548609118268,-134.501529319555
2015-03-04,-18.4360976717029,-145.844475231119
2015-03-05,-19.6437667036752,-158.875905413682
2015-03-06,-17.8912942970761,-129.140665399246
2015-03-07,-13.0405446089077,-91.4317923309984
2015-03-08,-12.0111314664302,-84.6983153267954
2015-03-09,-13.1389878920442,-99.5017961296158
2015-03-10,-13.2488052291931,-100.032092114599
2015-03-11,-15.7471612387429,-123.076393850145
2015-03-12,-15.9382876606327,-122.579827589464
2015-03-13,-14.636193589139,-109.664912096993
2015-03-14,-14.9144953201875,-111.360610600015
2015-03-15,-14.8275033979948,-112.050842267959
2015-03-16,-13.6081639440557,-103.90084263802
2015-03-17,-14.1619554082353,-106.531249556649
2015-03-18,-12.6901214448,-95.3287935099884
2015-03-19,-14.0509185829637,-108.716068273408
2015-03-20,-12.7340168280436,-93.9631278916943
2015-03-21,-15.5161992106772,-118.853678027429
2015-03-22,-16.1078431649664,-130.829656786888
2015-03-23,-12.8543027806179,-96.5325074903853
2015-03-24,-13.9528773521024,-103.649094671165
2015-03-25,-14.102850498918,-105.765010027139
2015-03-26,-17.0019808301192,-139.004520327688
2015-03-27,-17.6258798361764,-145.472887152585
2015-03-28,-13.3295673168982,-98.9567037437187
2015-03-29,-14.1803525921165,-107.45403811264
2015-03-30,-16.2976053286865,-125.215841644631
2015-03-31,-11.9808165184725,-84.1137079987429
2015-04-01,-18.1790827728016,-145.262556185223
2015-04-02,-17.2531525019653,-128.522367155686
2015-04-03,-15.000020953465,-110.958324934849
2015-04-04,-16.4511510087108,-129.979748387359
2015-04-05,-18.1977858673169,-143.04861844682
2015-04-06,-18.6686417746436,-145.851420427515
2015-04-07,-16.0334575106331,-122.976246384217
2015-04-08,-12.3793388883244,-84.2283116140959
2015-04-09,-9.5917004091435,-63.128479208983
2015-04-10,-9.85631029487226,-71.1933699804807
2015-04-11,-12.9878076931708,-100.953673383641
2015-04-12,-10.64002273854,-76.6387960129158
2015-04-13,-11.5390200269561,-90.7582109745233
2015-04-14,-11.7621415043506,-96.0657404906349
2015-04-15,-8.79357589470452,-56.6794613295867
2015-04-16,-9.00637137531668,-69.0581619631252
2015-04-17,-14.4995326838057,-116.481011631232
2015-04-18,-15.4880721362315,-122.520567074792
2015-04-19,-10.8247069034199,-75.0530612806713
2015-04-20,-11.5244889327214,-85.6715155363857
2015-04-21,-10.3764637617702,-73.7648370081782
2015-04-22,-10.1283352613187,-74.4905103585509
2015-04-23,-11.1216207196763,-84.128257017226
2015-04-24,-10.4156467376719,-74.6488100388389
2015-04-25,-12.2879864525568,-100.093442619844
2015-04-26,-10.1119940060306,-78.8011265873467
2015-04-27,-10.2691726641568,-84.4854312354345
2015-04-28,-14.4427551639437,-106.949376295417
2015-04-29,-10.1915797737925,-64.5180565846162
2015-04-30,-12.1073609752643,-89.9312622483078
2015-05-01,-13.9550661123663,-98.5339477416195
2015-05-02,-11.242361340761,-78.3894319456369
2015-05-03,-11.2579962410311,-85.1965322603453
2015-05-04,-9.61614069425138,-74.7201617779878
2015-05-05,-6.65673903871779,-49.9880956360188
2015-05-06,-12.9163759103808,-83.1343171857111
2015-05-07,-9.68098867435085,-66.5930037598014
2015-05-08,-8.76443699711086,-56.4783819940148
2015-05-09,-12.0803082245066,-87.6627754177263
2015-05-10,-9.57427503705651,-65.8361260291056
2015-05-11,-6.39890955326194,-40.7096030033021
2015-05-12,-5.73919595346555,-43.035529342227
2015-05-13,-5.38440418973685,-37.6534854860179
2015-05-14,-7.74691001170539,-67.6743998826062
2015-05-15,-13.5753501953211,-88.079833978454
2015-05-16,-12.1597885570686,-79.6518868576734
2015-05-17,-9.21409219165176,-70.6247313733899
2015-05-18,-7.21061260461611,-45.5130601849583
2015-05-19,-12.5521590257182,-79.074372960894
2015-05-20,-16.4335797578273,-117.211507111407
2015-05-21,-15.9633145684544,-117.083807561801
2015-05-22,-15.8656434658647,-112.652844083984
2015-05-23,-15.5247432457977,-110.880813318397
2015-05-24,-12.8925646418563,-88.2312809556813
2015-05-25,-12.5226872737756,-93.3808093914874
2015-05-26,-14.3527584593125,-106.957838380264
2015-05-27,-13.0545014543651,-93.8415328916253
2015-05-28,-8.42570301772313,-41.8818113783241
2015-05-29,-7.50468147225815,-46.0881296105828
2015-05-30,-9.75146272502846,-78.0639695545087
2015-05-31,-9.44279485354785,-72.2812931667002
2015-06-01,-6.82845379890582,-40.886315413644
2015-06-02,-6.52401689821712,-43.1573182008003
2015-06-03,-5.75855176169138,-38.3144085137538
2015-06-04,-6.48288245408741,-42.4240609009235
2015-06-05,-5.47689376143664,-35.3728336482225
2015-06-06,-6.0899062245167,-36.2400603423066
2015-06-07,-5.59125690501178,-35.4579968280622
2015-06-08,-9.34298529373785,-71.3535413487535
2015-06-09,-10.6931831753908,-88.1093196062848
2015-06-10,-7.85346280497,-51.676314238463
2015-06-11,-5.88133464822541,-37.5467734184033
2015-06-12,-7.08628481016542,-47.6576405231188
2015-06-13,-7.29186234296654,-51.7366562272854
2015-06-14,-7.39130426067297,-51.701074082853
2015-06-15,-12.2391805572732,-99.7165509551757
2015-06-16,-11.2853483848521,-90.0341877791379
2015-06-17,-9.42257398973106,-65.9366860640357
2015-06-18,-10.4399263242498,-73.2914438632626
2015-06-19,-11.6157134481535,-87.0988081761525
2015-06-20,-14.4439608107508,-104.139527926962
2015-06-21,-13.1607138019953,-88.6287202599335
2015-06-22,-8.4228593043965,-56.4085646082573
2015-06-23,-11.0185977352221,-78.9016271551492
2015-06-24,-8.86362799291555,-54.9997517483603
2015-06-25,-7.94307832162678,-49.8938610792838
2015-06-26,-6.25748563784842,-40.7183778891983
2015-06-27,-8.45403961528812,-62.1031104338207
2015-06-28,-6.70327463330209,-51.7583179106881
2015-06-29,-6.85668260198968,-50.4206822775515
2015-06-30,-4.35878683388581,-25.1677953495932
2015-07-01,-3.59670106697332,-17.104146223425
2015-07-02,-4.3232263510808,-28.1422336204906
2015-07-03,-4.43881342752229,-29.1578698532186
2015-07-04,-4.11971410678815,-23.6804104222178
2015-07-05,-3.39960879565958,-14.7093331665536
2015-07-06,-4.57294529764042,-27.291980423887
2015-07-07,-3.64563036348116,-15.1364694622051
2015-07-08,-8.43282918979264,-56.3910969867518
2015-07-09,-8.06998657885549,-64.0582877039844
2015-07-10,-4.7756838335779,-13.3666917125269
2015-07-11,-5.07864619742413,-26.9321166912691
2015-07-12,-5.50250451525001,-35.3107525700226
2015-07-13,-8.78106262425699,-63.3085611718231
2015-07-14,-5.10752516339081,-31.5537174069802
2015-07-15,-4.26064332482674,-21.6813621793597
2015-07-16,-4.81815298135644,-28.5776932435794
2015-07-17,-3.74075904544915,-8.8919271536937
2015-07-18,-5.83915596501147,-33.9805620000913
2015-07-19,-3.93294836731674,-17.3572898334475
2015-07-20,-5.33743384863214,-33.3533694941609
2015-07-21,-3.42393594569303,-13.4220349468671
2015-07-22,-4.86858519291765,-22.1316452650716
2015-07-23,-7.00411843122379,-52.1902032064071
2015-07-24,-5.14593464841113,-26.7094702394309
2015-07-25,-8.19013715890437,-55.6721541566122
2015-07-26,-7.34228288833602,-41.1594006936107
2015-07-27,-8.01256508221557,-63.126239414628
2015-07-28,-8.17521739322352,-57.9787029823956
2015-07-29,-9.46197880661003,-67.6361037351523
2015-07-30,-10.583301989136,-84.8368802521118
2015-07-31,-6.85969448878314,-32.2798728520642
2015-08-01,-10.5217342399436,-76.5720350628942
2015-08-02,-8.03228441769368,-56.2387198501018
2015-08-03,-4.81673297446635,-25.514457306021
2015-08-04,-5.75440824309648,-31.3522822851848
2015-08-05,-4.47101034934919,-20.0653973515882
2015-08-06,-4.7840384555569,-26.2113948961893
2015-08-07,-4.86599775112688,-27.1434975929283
2015-08-08,-5.54675692082832,-34.1069333735185
2015-08-09,-7.51449676504773,-52.7189558449848
2015-08-10,-7.55951640771678,-49.2054143097018
2015-08-11,-6.56482994397246,-43.7751448329406
2015-08-12,-5.56002257102137,-34.329885380433
2015-08-13,-5.13569691059313,-27.5187750006768
2015-08-14,-7.4601685536995,-42.9796440082464
2015-08-15,-6.52887353634856,-33.1925228828915
2015-08-16,-9.61186021892889,-68.9886065124292
2015-08-17,-11.4097733173402,-87.0886227448723
2015-08-18,-9.77468168218646,-72.2751628927129
2015-08-19,-12.4831312970264,-93.8269404477544
2015-08-20,-11.3566968550136,-81.3794944848343
2015-08-21,-9.64760932796028,-63.1614663309531
2015-08-22,-7.0515151023485,-42.6915159575936
2015-08-23,-8.31512552412154,-53.7106297685568
2015-08-24,-7.67156134465054,-44.8224647651606
2015-08-25,-10.4278516273667,-79.1301191752449
2015-08-26,-5.36103378789691,-25.0601875981601
2015-08-27,-4.55824874659654,-19.0483434728491
2015-08-28,-5.0055933647712,-24.7547729245367
2015-08-29,-4.99544497269178,-26.9685690462685
2015-08-30,-4.85727299863614,-25.0678778020224
2015-08-31,-5.37198673259857,-30.1059568510943
2015-09-01,-6.40656194483563,-41.4045460727514
2015-09-02,-10.7257479516622,-85.9925971106445
2015-09-03,-11.1588031148195,-79.7451663114811
2015-09-04,-9.94406359158593,-75.0778667431329
2015-09-05,-13.8326088332514,-94.2541377194773
2015-09-06,-13.9394266097223,-95.0356737162642
2015-09-07,-11.4388552302548,-68.3811007862661
2015-09-08,-9.75095667643279,-51.5523988288706
2015-09-09,-10.1656031692812,-66.9579888329799
2015-09-10,-10.933379293986,-69.2753786035672
2015-09-11,-9.71631434688967,-56.9026082801363
2015-09-12,-7.70720977392826,-44.6079293520923
2015-09-13,-9.17056776277198,-68.1774279281714
2015-09-14,-10.9595380108879,-85.6673830733016
2015-09-15,-9.34083217728203,-68.1007661594941
2015-09-16,-8.06809837818829,-54.8532771672061
2015-09-17,-5.71734116099652,-22.9933487181081
2015-09-18,-11.5214050328521,-87.1336356418111
2015-09-19,-11.4873481369831,-78.9582806826393
2015-09-20,-11.9881329459995,-87.3694854376213
2015-09-21,-9.57393136370578,-50.0659637938977
2015-09-22,-10.3234563456458,-69.0075473164138
2015-09-23,-14.0558929744177,-87.789816928494
2015-09-24,-14.5801514626052,-99.6710634588862
2015-09-25,-11.4920859363026,-68.0262689768286
2015-09-26,-10.5147427596687,-78.5606730483942
2015-09-27,-11.3779949053205,-77.0935005209796
2015-09-28,-12.7291251633639,-84.1616060641014
2015-09-29,-11.0534722815406,-61.610510138826
2015-09-30,-11.7022335283916,-72.2370641576092
2015-10-01,-10.787494983019,-67.481800490668
2015-10-02,-9.2894778821363,-64.3051441799982
2015-10-03,-9.34799908398804,-78.0325984086529
2015-10-04,-13.3823951513271,-93.7714959702559
2015-10-05,-9.46980236444342,-57.7512916545528
2015-10-06,-8.20288447695436,-61.6076573956193
2015-10-07,-13.0212573955738,-111.487906214215
2015-10-08,-13.6214928852986,-111.742715395662
2015-10-09,-11.4696009860504,-79.6215260393653
2015-10-10,-12.2909953859816,-90.9782268831427
2015-10-11,-13.4695673176048,-100.381809070593
2015-10-12,-10.845949647858,-72.7928629859827
2015-10-13,-13.4660916476654,-89.0211031959425
2015-10-14,-16.4534793161526,-127.021482620771
2015-10-15,-17.0801609248004,-131.022517423691
2015-10-16,-17.3907463522747,-134.934689660953
2015-10-17,-15.8194476718702,-114.890645312897
2015-10-18,-14.229881794514,-100.925614675969
2015-10-19,-16.5371246529302,-124.174410097532
2015-10-20,-14.9684365210301,-106.926741764964
2015-10-21,-14.0619195294815,-97.5008160509702
2015-10-22,-13.2756600875388,-89.0461327081954
2015-10-23,-11.5650936400306,-80.5054805348353
2015-10-24,-8.77918861035502,-55.9439909966975
2015-10-25,-10.7479013819013,-79.923413545955
2015-10-26,-9.05316714803232,-62.4903520007982
2015-10-27,-9.50212559496868,-63.1588878254044
2015-10-28,-10.7215412600867,-80.9504847190981
2015-10-29,-15.4108056262804,-118.351704964546
2015-10-30,-10.6200292493954,-67.1265561665692
2015-10-31,-8.32176118538488,-56.4737934372055
2015-11-01,-10.1815859974855,-75.5297630229343
2015-11-02,-9.79989703568877,-69.5825409279969
2015-11-03,-9.65341663455696,-73.7599378499653
2015-11-04,-11.9685237725014,-95.0272401248817
2015-11-05,-12.7921639945236,-95.9308932854649
2015-11-06,-11.6268929012879,-93.0381557525784
2015-11-07,-10.0253863502475,-80.9422376249786
2015-11-08,-8.89749572676764,-74.7785463120022
2015-11-09,-10.5771847267368,-92.7838691478129
2015-11-10,-9.96940936798286,-83.4529336278581
2015-11-11,-12.0968787202818,-103.319406283273
2015-11-12,-11.4304883135511,-93.8334089789119
2015-11-13,-12.4992323029421,-94.321027699419
2015-11-14,-15.8226923197636,-125.833001502106
2015-11-15,-13.6230467438306,-104.019317302644
2015-11-16,-11.9135163175139,-95.3414751629574
2015-11-17,-12.5198555983853,-95.853991207327
2015-11-18,-13.275695404182,-107.842682527668
2015-11-19,-14.0031907815882,-103.467671439116
2015-11-20,-15.5324178633922,-120.38974496669
2015-11-21,-16.9561140531454,-123.112122303576
2015-11-22,-20.4466886142585,-160.7533446644
2015-11-23,-21.1707984033572,-161.566331370499
2015-11-24,-19.0985571508442,-139.191996644458
2015-11-25,-18.5176467694554,-145.334461779799
2015-11-26,-20.154815824432,-160.799192367904
2015-11-27,-19.9260537690666,-154.647071317588
2015-11-28,-18.8648988079793,-139.969273025799
2015-11-29,-17.2091033517807,-124.982226375929
2015-11-30,-15.8193404891731,-120.531769976233
2015-12-01,-16.2720344935943,-125.204358743855
2015-12-02,-13.9437370412219,-103.903520340781
2015-12-03,-12.5340348893749,-94.3146704952129
2015-12-04,-13.6985811580498,-102.340693812173
2015-12-05,-13.1860466146607,-94.2869786576874
2015-12-06,-13.2333830263744,-95.5957067349331
2015-12-07,-13.8522364785143,-101.690353853406
2015-12-08,-13.7226105265792,-99.7261067474538
2015-12-09,-16.1283338553679,-121.343581542695
2015-12-10,-15.4950443572032,-112.200746151108
2015-12-11,-14.2620933030384,-104.899170686933
2015-12-12,-14.0175508960899,-100.379861659959
2015-12-13,-14.3056816098591,-105.735562791221
2015-12-14,-14.3613497725175,-106.450312336517
2015-12-15,-14.4788577928286,-106.574882628514
2015-12-16,-15.5339711716166,-117.938404175933
2015-12-17,-14.5091454299321,-113.440956108582
2015-12-18,-13.1099668962585,-95.355001024972
2015-12-19,-12.7578571738665,-99.077866502228
2015-12-20,-12.2811449036444,-93.4543713154549
2015-12-21,-14.7560329368927,-112.027343120857
2015-12-22,-12.4122950813176,-85.6265993934395
2015-12-23,-14.0697612743458,-104.674738022965
2015-12-24,-13.5686904359939,-97.1078146360834
2015-12-25,-13.1943658853199,-94.7675724588076
2015-12-26,-12.3852441725641,-91.8830828560043
2015-12-27,-12.3789121897299,-89.4623340940975
2015-12-28,-11.9625152259056,-89.6454619813573
2015-12-29,-13.2488508169757,-94.3667058906285
2015-12-30,-13.3119308171117,-94.0611174388366
2015-12-31,-15.7107615225479,-119.583623853058
2016-01-01,-15.7844185570083,-123.669867091157
2016-01-02,-15.8016666332719,-121.876202689987
2016-01-03,-17.1401443786981,-137.343386582359
2016-01-04,-17.0312314939954,-131.203261908395
2016-01-05,-17.0407483931171,-130.164230931471
2016-01-06,-17.3140841423991,-131.391832343182
2016-01-07,-16.8297163593975,-126.540727901049
2016-01-08,-16.8390271631967,-132.652953166443
2016-01-09,-16.3830637714748,-128.591688247054
2016-01-10,-15.876568623427,-123.565839852854
2016-01-11,-15.4796691622671,-116.574272749611
2016-01-12,-18.2104452561059,-144.627185913646
2016-01-13,-19.2255066506109,-145.93206657659
2016-01-14,-18.9776684088703,-138.445387575231
2016-01-15,-19.7940883946192,-152.737195121983
2016-01-16,-20.8979311520376,-165.431493747481
2016-01-17,-22.6900755084811,-167.71946321484
2016-01-18,-23.0410309756268,-159.46369371739
2016-01-19,-19.8909070295592,-140.96988385345
2016-01-20,-18.3660834067568,-144.52697154045
2016-01-21,-18.4147642414595,-143.255724182993
2016-01-22,-16.3780846517763,-121.477788357159
2016-01-23,-15.9650813586262,-121.182317397389
2016-01-24,-13.4445280048248,-90.3451445022559
2016-01-25,-12.9902989799476,-99.4767986993242
2016-01-26,-13.2178275636919,-101.936035438677
2016-01-27,-12.7077828649951,-94.3224425969213
2016-01-28,-13.3884160042787,-99.7932501361738
2016-01-29,-13.9597813486109,-105.879057075786
2016-01-30,-13.776544294972,-103.033272130897
2016-01-31,-16.6825854065236,-131.884999053209
2016-02-01,-14.2257365492218,-111.676676877369
2016-02-02,-12.9636936794762,-95.028662246109
2016-02-03,-17.1974074131324,-130.608959016915
2016-02-04,-17.9500956770437,-141.646646706779
2016-02-05,-17.0477855006569,-138.432394455849
2016-02-06,-14.7673189164966,-114.678161646624
2016-02-07,-14.6132476198769,-114.528036696322
2016-02-08,-15.6383844622002,-124.996015575231
2016-02-09,-15.0263145107702,-116.230861571376
2016-02-10,-18.4712952949058,-140.899493130379
2016-02-11,-19.2990904112552,-149.093847715574
2016-02-12,-18.1234208537962,-142.26270129599
2016-02-13,-17.0359026991198,-133.146459511612
2016-02-14,-15.1137702265166,-115.958881675467
2016-02-15,-18.2384748809664,-149.12031355267
2016-02-16,-18.9319443298379,-157.564600585794
2016-02-17,-16.7781270921786,-129.4772391383
2016-02-18,-16.0597990568627,-128.245598439268
2016-02-19,-18.889336511955,-150.832693126381
2016-02-20,-17.745949552742,-128.820095193875
2016-02-21,-13.3047421196093,-102.676785775339
2016-02-22,-13.1520850640995,-107.165340068474
2016-02-23,-15.9927280042904,-123.99862583758
2016-02-24,-17.5699169515458,-139.191894933179
2016-02-25,-17.0524024045258,-137.060664580826
2016-02-26,-15.846854729559,-120.838907991383
2016-02-27,-15.2351028954383,-121.376848286405
2016-02-28,-14.2185654136718,-108.775170887889
2016-02-29,-18.879734677597,-157.383021103623
2016-03-01,-18.9404582712917,-151.581738494744
2016-03-02,-14.4574545618619,-103.280889957845
2016-03-03,-19.0568730359141,-150.739042131808
2016-03-04,-16.5651537776471,-120.643140622765
2016-03-05,-18.1802819203915,-141.391015578467
2016-03-06,-19.5641370964902,-150.314630942511
2016-03-07,-20.1041332842448,-154.203677310878
2016-03-08,-19.6461508191449,-151.362735415372
2016-03-09,-16.8248234424264,-119.691176836803
2016-03-10,-16.0631538928808,-120.725221594461
2016-03-11,-15.2092513972812,-114.845827015423
2016-03-12,-16.1804418647551,-125.355803470631
2016-03-13,-16.8399927792425,-134.905014855375
2016-03-14,-14.8109088756369,-111.896426273417
2016-03-15,-15.947337446779,-119.848212902708
2016-03-16,-15.506818781305,-118.592997965167
2016-03-17,-13.6163273213911,-99.7185171769356
2016-03-18,-13.123604728434,-97.202784492705
2016-03-19,-12.6242548763659,-91.0321320380602
2016-03-20,-12.2081230089201,-87.9615397007184
2016-03-21,-13.5970004828758,-103.522325848688
2016-03-22,-14.3712356465845,-106.932812167183
2016-03-23,-18.065426913535,-145.448044989064
2016-03-24,-15.6799415644551,-123.541032812916
2016-03-25,-15.6211338797698,-120.509515866454
2016-03-26,-13.6788892345512,-104.287572569942
2016-03-27,-12.9860129471999,-99.2951410187988
2016-03-28,-12.7158333797959,-94.2496891360933
2016-03-29,-12.2926384587786,-90.5851439039447
2016-03-30,-11.7515127017054,-92.9947038404043
2016-03-31,-11.5313623410358,-96.4136816466887
2016-04-01,-11.261750384581,-90.5911522565927
2016-04-02,-9.99012684199621,-75.3498731252869
2016-04-03,-9.58681534946435,-79.2069771026593
2016-04-04,-10.9406407823871,-98.656784421886
2016-04-05,-10.7864383591326,-91.2333574501931
2016-04-06,-15.4377893308436,-128.12687822032
2016-04-07,-14.0085082452706,-109.224288626069
2016-04-08,-17.3284109999592,-140.127095666438
2016-04-09,-16.8260468437332,-134.058131443379
2016-04-10,-11.9175025116478,-87.9839470742887
2016-04-11,-10.6411273502146,-74.5601868751743
2016-04-12,-11.5217515205688,-85.5740582569942
2016-04-13,-12.4776841824215,-87.2974353403441
2016-04-14,-14.5535248171842,-114.286149409278
2016-04-15,-11.6963675170695,-85.1996117505666
2016-04-16,-12.0510376745649,-107.207132429881
2016-04-17,-12.6028550070023,-86.8188225816025
2016-04-18,-15.3277381735431,-120.649056013806
2016-04-19,-13.7130058768563,-110.124279288386
2016-04-20,-9.70773840769533,-63.9269502415579
2016-04-21,-8.34363859430319,-59.1689639902808
2016-04-22,-10.5811505517226,-92.9506066228147
2016-04-23,-14.7678666583508,-112.738517663001
2016-04-24,-16.4958259600336,-132.355059505595
2016-04-25,-17.8595800214826,-146.095376281463
2016-04-26,-14.0761074619149,-101.834165579175
2016-04-27,-17.233238529329,-136.958679563802
2016-04-28,-15.4452769184575,-117.008782227552
2016-04-29,-11.2971030111919,-81.3264450508941
2016-04-30,-12.3307770556539,-90.7077634887215
2016-05-01,-16.587194151152,-121.56253397814
2016-05-02,-15.5522617479586,-108.200561404841
2016-05-03,-14.6088772741901,-98.463928739615
2016-05-04,-13.8527114175782,-99.5626354388116
2016-05-05,-9.83255950191169,-54.9096315658915
2016-05-06,-9.73163846662656,-57.2638285301808
2016-05-07,-9.4692330378104,-58.2042234573324
2016-05-08,-10.5048637129659,-65.7320757050731
2016-05-09,-9.95144256883705,-79.450198129252
2016-05-10,-8.61975467825453,-65.2536770571179
2016-05-11,-10.1000059257972,-70.2042343693155
2016-05-12,-13.0214441826693,-79.636065725124
2016-05-13,-15.1643765578266,-103.495599249063
2016-05-14,-13.7835611491176,-97.7197339128636
2016-05-15,-14.3892551680929,-107.192566917735
2016-05-16,-15.2550268832909,-107.511844593115
2016-05-17,-13.829323829401,-93.0988524900334
2016-05-18,-10.203678288816,-57.5977936586941
2016-05-19,-14.8866307692131,-100.261748359685
2016-05-20,-10.5706716142657,-67.2973028891677
2016-05-21,-6.62125691643076,-33.9023417755465
2016-05-22,-6.05444769391569,-44.5658040497156
2016-05-23,-12.1290416699526,-67.6179932001383
2016-05-24,-13.8355935873783,-94.5615052480145
2016-05-25,-8.55635426345048,-47.2820501009874
2016-05-26,-7.74690957156179,-51.9962101402924
2016-05-27,-5.80652116685459,-45.3501527663534
2016-05-28,-7.01345199690531,-58.1470088536473
2016-05-29,-9.92649662396585,-74.1578963676283
2016-05-30,-12.2065017401105,-98.0004722551298
2016-05-31,-10.8834582456149,-77.2701256682444
2016-06-01,-10.66115686643,-76.6050359862903
2016-06-02,-10.3818419121295,-75.9874216587656
2016-06-03,-11.5188792343725,-89.9262095318351
2016-06-04,-12.5176463904793,-98.9794919194823
2016-06-05,-10.7865245001022,-81.1801282612256
2016-06-06,-7.65587370531581,-52.3643197675199
2016-06-07,-6.91506050433125,-45.2860626944394
2016-06-08,-11.0568298148434,-85.1739931729054
2016-06-09,-12.5336312056355,-93.7111243087303
2016-06-10,-7.57318341883742,-33.8696042441006
2016-06-11,-11.3012555281752,-86.9375412150913
2016-06-12,-10.4522209329438,-73.5153958637606
2016-06-13,-10.420190219857,-77.7974413230231
2016-06-14,-10.0728132701221,-77.0748507246254
2016-06-15,-8.95592177828723,-59.8982316073421
2016-06-16,-8.76484397394659,-41.6475710980956
2016-06-17,-11.1466804906797,-62.1309183022801
2016-06-18,-10.4402300581842,-68.1384453079119
2016-06-19,-12.3827785510738,-90.9279275402041
2016-06-20,-8.78391785847071,-62.2518763149012
2016-06-21,-8.30381096680671,-60.0850984233672
2016-06-22,-4.11563298066617,-23.5334549216633
2016-06-23,-3.64516586061691,-21.0395505628212
2016-06-24,-5.07572324271019,-29.0288375826396
2016-06-25,-8.0864681780793,-58.559120748201
2016-06-26,-11.6574753227523,-90.3273154916948
2016-06-27,-10.3262869244972,-76.9497655980374
2016-06-28,-6.28377750748306,-34.760502236907
2016-06-29,-4.88287420810244,-32.3917602940165
2016-06-30,-8.12479988324134,-62.0183339761135
2016-07-01,-5.67961792604235,-35.1993733603378
2016-07-02,-7.40660091639662,-46.5075519042629
2016-07-03,-7.29478944548545,-53.1283230750962
2016-07-04,-6.1786184216174,-43.3042105683307
2016-07-05,-6.34885654459098,-42.0580179621899
2016-07-06,-7.0301064239109,-49.2760094404788
2016-07-07,-4.8351655173705,-25.9707220755902
2016-07-08,-5.99196806294332,-37.6757172836808
2016-07-09,-8.15359799831519,-54.7006330814432
2016-07-10,-4.25417422500838,-21.1686814692596
2016-07-11,-4.29762347910078,-18.4581436380182
2016-07-12,-8.43893228383808,-54.6208492929804
2016-07-13,-12.5671380122237,-66.4377772364129
2016-07-14,-14.0076027434944,-90.6061838651381
2016-07-15,-13.2531811609551,-90.2110317043425
2016-07-16,-9.65258698729568,-56.9708064555501
2016-07-17,-5.65161561640462,-20.0257345197547
2016-07-18,-5.05981764465791,-28.4487417828219
2016-07-19,-4.32686533989471,-22.9365771168753
2016-07-20,-4.35724399156576,-24.4588232660058
2016-07-21,-7.28419954058652,-49.1823820828971
2016-07-22,-7.82387009825334,-52.1285579030881
2016-07-23,-8.59544642238629,-58.1445363794301
2016-07-24,-6.53981513612716,-40.8665218034568
2016-07-25,-8.80871018034365,-65.7115924520949
2016-07-26,-7.18443834305448,-49.2940863943985
2016-07-27,-8.52563485414706,-58.901526861801
2016-07-28,-6.97813438676146,-45.9201604453372
2016-07-29,-6.28994899889024,-42.3097534126279
2016-07-30,-4.47307591864075,-21.3228061873611
2016-07-31,-9.20378919490036,-63.7716561628285
2016-08-01,-10.5935562601434,-80.1649669199021
2016-08-02,-7.81650940379196,-48.3095009133757
2016-08-03,-6.31250354357048,-40.0327103640937
2016-08-04,-5.00914733603674,-28.4832805633232
2016-08-05,-11.2238044865905,-74.7050943656097
2016-08-06,-10.8260685778505,-77.7124591701545
2016-08-07,-7.14205093225761,-39.6587973368715
2016-08-08,-5.24347771489629,-27.8925406210695
2016-08-09,-10.799725954675,-72.4882865096817
2016-08-10,-13.577212208293,-91.8439119858928
2016-08-11,-11.5219556559514,-69.8912983822517
2016-08-12,-11.6881881216035,-71.7546355179269
2016-08-13,-5.36677497500718,-26.8315888031644
2016-08-14,-5.22199825809944,-29.1191843719131
2016-08-15,-5.93331957819081,-32.2834169713515
2016-08-16,-6.1082566118588,-35.7510473597062
2016-08-17,-10.0404309979984,-71.3546478080819
2016-08-18,-8.3395025230578,-57.1743291823681
2016-08-19,-8.14687706057961,-56.9997281931149
2016-08-20,-9.02320386387259,-62.0281475417995
2016-08-21,-9.91234908202935,-71.5017149633568
2016-08-22,-8.54026547009475,-54.5822132662019
2016-08-23,-5.46799198695522,-25.0631727832785
2016-08-24,-4.76433096747564,-23.6910562937265
2016-08-25,-5.22358731522466,-30.9241050244964
2016-08-26,-5.26709302404587,-31.232254646252
2016-08-27,-5.22252462351534,-29.6092151415846
2016-08-28,-6.58356537978363,-44.3106091162049
2016-08-29,-8.96142387379892,-63.5670039994704
2016-08-30,-8.20512417873276,-56.0743751330464
2016-08-31,-6.5527551702254,-39.689928796339
2016-09-01,-7.31573764957758,-54.0368058276565
2016-09-02,-6.42499897085524,-46.5673957020456
2016-09-03,-6.62823627478465,-47.9932786229834
2016-09-04,-7.8234319742594,-56.6353788864289
2016-09-05,-11.7517248100552,-91.7364634332832
2016-09-06,-8.95533214503342,-65.8917993527909
2016-09-07,-5.79097238860694,-30.6392857462611
2016-09-08,-6.77227484936121,-50.6744779678247
2016-09-09,-6.64873248107127,-47.9313863724561
2016-09-10,-7.34618884140184,-53.9476182089869
2016-09-11,-6.71744170468543,-47.0929466502747
2016-09-12,-7.78639621708081,-60.2907872265183
2016-09-13,-7.00282430013247,-48.0344235201784
2016-09-14,-6.33058769977406,-42.9641511150343
2016-09-15,-9.25393829967322,-70.4975731132077
2016-09-16,-10.0096851362066,-74.9415660674083
2016-09-17,-12.5097950494554,-99.4311014391505
2016-09-18,-12.1630445218426,-98.4330351250002
2016-09-19,-13.5210930868352,-106.018632237411
2016-09-20,-11.8920461232371,-79.891878785292
2016-09-21,-10.8896329424576,-87.4867405649997
2016-09-22,-9.46245095409066,-65.6565612669111
2016-09-23,-9.47878449833929,-68.472949457095
2016-09-24,-8.27737389207889,-51.8514419481782
2016-09-25,-8.37330746785214,-57.4794706031052
2016-09-26,-8.54862156883794,-54.3618718232423
2016-09-27,-10.0895751807973,-74.5419136800812
2016-09-28,-8.19619699218981,-49.5521888153448
2016-09-29,-7.41272614497116,-49.0366028937528
2016-09-30,-8.17772827239844,-56.5889833211038
2016-10-01,-10.2573579707084,-83.991223348223
2016-10-02,-12.9791676563133,-101.153641297068
2016-10-03,-14.62803386741,-107.125769907304
2016-10-04,-13.2574398807308,-93.6142310009897
2016-10-05,-14.2223399453692,-102.846321724997
2016-10-06,-13.050853189636,-87.6705414600715
2016-10-07,-12.5215089979604,-82.2623489428798
2016-10-08,-14.9254104604081,-108.109447644795
2016-10-09,-16.1147856153458,-119.776867287836
2016-10-10,-16.8798820202549,-129.355659031618
2016-10-11,-16.1301372353167,-122.353235993741
2016-10-12,-14.5796570029677,-106.434832238747
2016-10-13,-13.5127389671622,-90.3254301020697
2016-10-14,-10.5556083833473,-73.1269670072166
2016-10-15,-12.2408971137857,-104.26381194393
2016-10-16,-9.66353667233692,-59.9756403190781
2016-10-17,-11.7802646658438,-96.2460570612636
2016-10-18,-14.1793185507439,-112.44163746718
2016-10-19,-16.0921209300323,-121.342665371056
2016-10-20,-15.1596993818419,-110.622255641699
2016-10-21,-16.0399925702894,-117.15392992981
2016-10-22,-12.8646553005345,-82.4401354012835
2016-10-23,-12.9704656392203,-83.8064873423832
2016-10-24,-9.36354819899342,-70.1658981658134
2016-10-25,-10.6283615419713,-80.4225058941267
2016-10-26,-14.1327803556305,-117.276153880583
2016-10-27,-13.9785881546664,-101.814956715748
2016-10-28,-10.3554711773478,-58.9827014229942
2016-10-29,-10.8882068338042,-79.5656561539938
2016-10-30,-11.7549444444977,-83.6540477226396
2016-10-31,-11.6153676082325,-75.9984723685041
2016-11-01,-11.2661624049629,-90.379868902638
2016-11-02,-15.2529452657518,-117.444257479516
2016-11-03,-16.7469965265439,-133.320877904344
2016-11-04,-14.3065519943436,-104.775146941396
2016-11-05,-14.4939614492551,-115.079478413314
2016-11-06,-16.5068168017628,-120.260587203771
2016-11-07,-19.6415186897453,-155.808304156965
2016-11-08,-19.7416630235083,-153.079486892919
2016-11-09,-18.8306103464042,-138.738013945269
2016-11-10,-17.9614905934872,-140.819485420753
2016-11-11,-18.8980902426117,-151.599335777293
2016-11-12,-19.348525768413,-149.574660192744
2016-11-13,-16.8750607271605,-121.94770250584
2016-11-14,-17.0657970296015,-130.252226284477
2016-11-15,-15.2867965549747,-107.639681425448
2016-11-16,-14.7590239065114,-110.578464060179
2016-11-17,-14.2705915956632,-108.78622201662
2016-11-18,-14.6930221232383,-108.471072090977
2016-11-19,-15.7942302921067,-114.321678439681
2016-11-20,-15.180849514119,-112.176987711686
2016-11-21,-13.9340224496437,-105.972612785721
2016-11-22,-12.4087144258233,-108.723098632514
2016-11-23,-13.0130242092372,-112.339262993013
2016-11-24,-14.1276616949514,-112.042175127347
2016-11-25,-13.5591440201784,-104.588502480759
2016-11-26,-15.3855316835684,-118.009791641335
2016-11-27,-17.0579086598854,-134.447156859901
2016-11-28,-17.8092098660539,-137.204593897684
2016-11-29,-17.8012275849764,-133.81004559044
2016-11-30,-15.3978820184256,-111.537669741557
2016-12-01,-14.7841061591884,-110.158798260445
2016-12-02,-14.8333785121504,-110.158734744127
2016-12-03,-14.3940105428029,-105.345392859952
2016-12-04,-15.2950732298445,-114.451347340824
2016-12-05,-15.2037657299696,-111.478826875289
2016-12-06,-15.4239232513803,-116.953000684965
2016-12-07,-13.2284234364265,-92.5183595054247
2016-12-08,-12.6723474877372,-90.720076079043
2016-12-09,-12.931919539783,-93.5314027407032
2016-12-10,-11.7153355146891,-87.3105841145114
2016-12-11,-14.2333383026051,-103.779041702496
2016-12-12,-16.0800113747274,-123.654514256873
2016-12-13,-14.3349612673328,-102.920159955357
2016-12-14,-14.5766453990372,-109.239467007139
2016-12-15,-13.8532810255233,-100.873013692257
2016-12-16,-14.4906969704233,-107.54671589194
2016-12-17,-14.6217268829422,-108.55953356818
2016-12-18,-15.3975573351523,-115.249213024368
2016-12-19,-16.0849857852765,-122.265608468016
2016-12-20,-12.7021202738336,-82.3650901629381
2016-12-21,-13.673675602582,-102.07356243134
2016-12-22,-13.4860581918546,-97.4577662044666
2016-12-23,-14.0395241428709,-103.383396474128
2016-12-24,-15.2617343755666,-116.935148832775
2016-12-25,-15.3215183737154,-115.36306136197
2016-12-26,-13.3968006112914,-97.7609381988659
2016-12-27,-16.0821559798523,-120.36857828425
2016-12-28,-15.2122701599612,-110.540245323295
2016-12-29,-14.2924688542834,-102.809776936267
2016-12-30,-14.8049188902025,-111.730828331655
2016-12-31,-14.2398850925817,-104.829175552219
2017-01-01,-14.2326182750377,-106.260612872471
2017-01-02,-16.8329830821518,-130.486906508159
2017-01-03,-19.4158253682981,-153.818405051544
2017-01-04,-18.3462609293518,-141.916025413876
2017-01-05,-21.7183001903783,-161.050665789569
2017-01-06,-25.7425121905089,-192.089638385759
2017-01-07,-21.9100131676952,-149.022264836112
2017-01-08,-19.4738757668332,-150.363664234815
2017-01-09,-19.4540207780115,-139.077417738969
2017-01-10,-18.8740758153685,-142.933690734662
2017-01-11,-18.2390293494673,-143.117226874363
2017-01-12,-16.26069606479,-126.681522897895
2017-01-13,-16.5566404916491,-115.718812050102
2017-01-14,-20.6764619679323,-160.174137298634
2017-01-15,-22.2899337670988,-172.090771697625
2017-01-16,-23.6651842063043,-181.236909919358
2017-01-17,-24.9421793204213,-185.677670172886
2017-01-18,-21.8961231212966,-148.452073327012
2017-01-19,-17.6908168836846,-132.147726349897
2017-01-20,-16.8708722662098,-128.028286607191
2017-01-21,-15.5988712866344,-114.659817225622
2017-01-22,-15.1431320798065,-110.081298007676
2017-01-23,-15.2240818018814,-112.379677775261
2017-01-24,-17.9699537727131,-135.65707763936
2017-01-25,-14.9228573169772,-101.688002483846
2017-01-26,-14.2756005809869,-102.71244380555
2017-01-27,-14.6980965615565,-110.865558097918
2017-01-28,-15.223694364183,-116.843268192133
2017-01-29,-14.9364811763059,-113.796484977052
2017-01-30,-14.5531081457516,-106.62868145256
2017-01-31,-17.0148765604199,-136.693707040003
2017-02-01,-16.9192671755854,-139.1618104202
2017-02-02,-15.0528328455737,-118.921288977616
2017-02-03,-16.1613592310285,-130.417759699143
2017-02-04,-16.1911302075079,-128.174852572135
2017-02-05,-17.2594764584085,-135.748792693409
2017-02-06,-18.9139248501075,-148.900419603631
2017-02-07,-17.6218231196162,-129.626722509698
2017-02-08,-18.0319711496194,-148.085244290591
2017-02-09,-16.6630833064593,-134.343124241031
2017-02-10,-16.4246366171385,-127.989283062156
2017-02-11,-15.6416126149731,-122.072770597736
2017-02-12,-14.6705583632351,-112.732115574768
2017-02-13,-13.9242151746505,-108.258133167607
2017-02-14,-13.2104428562726,-100.129548166367
2017-02-15,-12.789055793314,-96.2825085242123
2017-02-16,-14.1062280549699,-110.169619724771
2017-02-17,-17.2089062660995,-139.156361299125
2017-02-18,-16.4466098775914,-133.128515929604
2017-02-19,-15.2030028333628,-116.905735163689
2017-02-20,-15.9041382947091,-129.855348584213
2017-02-21,-15.8415058821057,-124.803979594618
2017-02-22,-13.7645633152345,-108.776317891903
2017-02-23,-11.9603286738608,-88.9926130209893
2017-02-24,-14.8359922023428,-108.993038939212
2017-02-25,-15.548238939402,-117.432743990776
2017-02-26,-14.1183188633521,-108.707934463447
2017-02-27,-13.0828025316856,-103.904785024271
2017-02-28,-15.4322629711382,-118.92072485767
2017-03-01,-17.0039637877268,-132.750345618784
2017-03-02,-16.4915794052063,-127.43336522623
2017-03-03,-13.2212366253389,-90.9320126143535
2017-03-04,-13.6921694002614,-98.5951969700416
2017-03-05,-16.4555960143531,-132.223874289138
2017-03-06,-16.3596778036259,-126.679070156774
2017-03-07,-18.2367958005241,-147.824467988033
2017-03-08,-15.4576452953004,-111.646399402166
2017-03-09,-16.5512973225106,-129.196298790132
2017-03-10,-15.3154810309646,-120.574144150978
2017-03-11,-13.0217576950641,-90.641557898466
2017-03-12,-12.8146238269801,-95.8459502979763
2017-03-13,-13.476146195787,-102.458750155362
2017-03-14,-13.1472851915453,-99.2263022364839
2017-03-15,-12.0006896114153,-85.3343041972252
2017-03-16,-11.4529170688675,-81.2019769630717
2017-03-17,-11.7573797983791,-90.128658139598
2017-03-18,-16.4335007449903,-131.07507728107
2017-03-19,-14.9835860868432,-119.551868245609
2017-03-20,-11.5458899469906,-83.9609362929216
2017-03-21,-13.5770274535291,-105.183514198563
2017-03-22,-16.7853388471508,-135.582304100792
2017-03-23,-13.5342015886218,-100.202047176722
2017-03-24,-12.3627717059522,-92.7957257809091
2017-03-25,-10.8548779091114,-82.8998207813261
2017-03-26,-16.0030269480242,-127.336774416654
2017-03-27,-11.3215699079862,-81.7943201178694
2017-03-28,-11.9362779296962,-89.7164198246257
2017-03-29,-11.8763187862063,-92.2979929936844
2017-03-30,-10.0353047270791,-71.2226776762514
2017-03-31,-10.2383861694688,-77.1933907355567
2017-04-01,-11.2659761247,-85.4544783326095
2017-04-02,-11.8909915077694,-85.9080904806052
2017-04-03,-11.7191968772022,-85.7215300918443
2017-04-04,-16.4556453099697,-129.637598714542
2017-04-05,-15.6326553677553,-123.486751263669
2017-04-06,-15.0128941326597,-118.142136103718
2017-04-07,-11.7460184638516,-83.4662516944955
2017-04-08,-9.90439646894096,-69.8838715377954
2017-04-09,-9.42686885898646,-70.2268769179253
2017-04-10,-9.97633051876704,-81.8416096175981
2017-04-11,-13.3105872473033,-103.309471922684
2017-04-12,-10.3019397938867,-70.880874297456
2017-04-13,-11.8467372688596,-94.8685903641209
2017-04-14,-11.0886370429565,-80.8691767531087
2017-04-15,-14.2932932032576,-114.909068877165
2017-04-16,-15.7309378978127,-121.660042647261
2017-04-17,-15.9247505998563,-128.563316019583
2017-04-18,-17.3412265510527,-137.488092626763
2017-04-19,-17.9524973310428,-145.583993815103
2017-04-20,-17.1977224409413,-137.671758327316
2017-04-21,-14.0476281483772,-98.6451722797514
2017-04-22,-12.1542661610842,-92.0728199430956
2017-04-23,-13.5911529818246,-109.265166021598
2017-04-24,-10.3613929826182,-69.6498755497093
2017-04-25,-11.6867232066927,-90.2101628070384
2017-04-26,-14.647370456724,-108.917122678123
2017-04-27,-17.2771167956942,-138.982013651727
2017-04-28,-17.9587178751789,-145.18722053815
2017-04-29,-13.68955083469,-102.971686120403
2017-04-30,-10.6537123036782,-74.5391686832446
2017-05-01,-15.0324734531505,-99.6616740330091
2017-05-02,-12.656858356177,-84.1352422207558
2017-05-03,-13.4167109740752,-89.2509650837297
2017-05-04,-14.7550711469364,-103.186101367071
2017-05-05,-11.470061965566,-72.1534822612659
2017-05-06,-11.6860380194539,-69.0080000965156
2017-05-07,-15.4450689524413,-113.800182665714
2017-05-08,-15.8031734349033,-113.907512793614
2017-05-09,-13.1526400231985,-95.0109795200419
2017-05-10,-9.01635571378916,-47.2325329795445
2017-05-11,-10.8624978081499,-78.6580299402532
2017-05-12,-9.92638643907437,-73.823215274713
2017-05-13,-9.21830105771912,-67.970951269066
2017-05-14,-10.0960328744785,-75.6422347147397
2017-05-15,-10.7672222804681,-74.8013079542405
2017-05-16,-7.38610824438427,-42.2953298462881
2017-05-17,-5.28569612782105,-34.4879532962887
2017-05-18,-7.80777024397916,-60.0774479004009
2017-05-19,-11.1220655790468,-67.7318579445807
2017-05-20,-14.9811318742799,-109.301281016926
2017-05-21,-9.38587130932742,-61.5051070844622
2017-05-22,-7.21088362609865,-45.8090550250269
2017-05-23,-7.60858062899163,-61.8416275738651
2017-05-24,-9.37803366857639,-79.662161672872
2017-05-25,-8.5896322032007,-72.2408315995389
2017-05-26,-5.99003026138034,-36.094881876023
2017-05-27,-5.10448928775638,-38.6267995485306
2017-05-28,-4.91011039387975,-37.8031532466182
2017-05-29,-4.62573742218805,-34.6320605373713
2017-05-30,-5.96809796677907,-47.7115270473547
2017-05-31,-7.03701368781932,-58.4724792106289
2017-06-01,-7.89389246435016,-59.6558920200047
2017-06-02,-6.39483171638279,-42.4520613889932
2017-06-03,-5.76825229421446,-37.9117265520692
2017-06-04,-10.7013726958638,-84.9994812335635
2017-06-05,-11.1168698967347,-86.6081305389068
2017-06-06,-11.5024382214224,-61.2386352894497
2017-06-07,-11.5009009899057,-73.3928672684276
2017-06-08,-6.56770687287079,-15.6366149995019
2017-06-09,-6.82899375091669,-47.7353311406721
2017-06-10,-6.45777031593628,-47.4943771222351
2017-06-11,-3.22161257511456,-12.2456047460136
2017-06-12,-6.97178257642026,-54.1115344223481
2017-06-13,-6.12845281677943,-45.3002354081148
2017-06-14,-9.46665506905811,-71.3402912489845
2017-06-15,-6.10903990461702,-43.0207745883665
2017-06-16,-9.41797828484637,-72.4341830656654
2017-06-17,-7.7170072406399,-61.7580941820219
2017-06-18,-5.7218970060267,-39.2742053010244
2017-06-19,-5.07461371316901,-35.1833057273686
2017-06-20,-5.26385672264352,-38.5665265427081
2017-06-21,-5.69331592817483,-42.9226416502525
2017-06-22,-4.56048226614972,-29.619307877637
2017-06-23,-6.35537039922152,-38.9711250667241
2017-06-24,-6.69190253136278,-51.563681051489
2017-06-25,-10.1574961994147,-77.1726197326293
2017-06-26,-4.32783268346889,-20.7839796758702
2017-06-27,-8.29641185589715,-60.8934966308809
2017-06-28,-10.5248356721015,-76.4536636890368
2017-06-29,-10.0349610677759,-65.7297744715747
2017-06-30,-9.45805852517285,-51.0878504514612
2017-07-01,-10.4979024432402,-75.8221555902921
2017-07-02,-11.2871649032698,-84.2690173408017
2017-07-03,-7.5974686237522,-54.949350543533
2017-07-04,-5.17777435451212,-27.1014036341635
2017-07-05,-4.84907311551753,-28.4929702067343
2017-07-06,-4.22276410284945,-23.1131491788501
2017-07-07,-5.86945673523488,-38.2601978260578
2017-07-08,-5.55011133616359,-28.3785428894305
2017-07-09,-6.35444210778106,-37.4797431716289
2017-07-10,-7.91678280907089,-54.8765961250001
2017-07-11,-7.87406391475623,-55.9420580127652
2017-07-12,-6.56991625133441,-41.4754480479225
2017-07-13,-7.50466811741343,-59.2388941135137
2017-07-14,-10.8463311734513,-82.3096537231581
2017-07-15,-9.65680298597619,-72.792500930406
2017-07-16,-6.98216587573013,-42.7684373036478
2017-07-17,-4.8400606411773,-25.9580161947156
2017-07-18,-5.17215030387001,-30.9884047805027
2017-07-19,-4.15244325455408,-18.0372834170543
2017-07-20,-8.62714022226772,-63.0487997852015
2017-07-21,-5.23721086253504,-26.0098919746094
2017-07-22,-5.98286752751783,-39.9508462911362
2017-07-23,-8.19205102861534,-61.8187727267298
2017-07-24,-10.980452651747,-77.7544619032411
2017-07-25,-13.6195782268031,-101.238895587122
2017-07-26,-12.5654101498274,-82.8594087102451
2017-07-27,-8.46710029663392,-44.4690825125927
2017-07-28,-8.98103092441524,-70.8022921922773
2017-07-29,-5.55407411474471,-33.8430251670261
2017-07-30,-4.48013189901567,-16.8976235105645
2017-07-31,-4.05540623949275,-13.903990465958
2017-08-01,-4.44538523787906,-22.2611773905879
2017-08-02,-6.11128382583592,-37.6365751961943
2017-08-03,-6.18856993528011,-40.5084766688607
2017-08-04,-5.66121776280095,-33.4567094542671
2017-08-05,-7.32009736893445,-53.9477300923143
2017-08-06,-9.60855863571275,-53.424609540429
2017-08-07,-4.88696358274649,-6.08746211268989
2017-08-08,-7.62554663951578,-45.8644020694181
2017-08-09,-7.54464950981722,-48.4472805530245
2017-08-10,-11.2048793264165,-76.3865029358137
2017-08-11,-13.9112716323549,-101.423471669194
2017-08-12,-12.5041135756576,-83.1677798421977
2017-08-13,-6.98521742173628,-43.1383055949494
2017-08-14,-5.61875478362967,-31.5876456516738
2017-08-15,-5.39881364093188,-29.8435820357335
2017-08-16,-7.87935979647329,-52.516937069183
2017-08-17,-6.37895311216921,-40.3852846980865
2017-08-18,-5.08064164190596,-28.2297737364045
2017-08-19,-10.8094468338511,-79.0068558036624
2017-08-20,-10.3803434911698,-69.3505861579153
2017-08-21,-10.6691900600739,-57.754411804977
2017-08-22,-7.33988785435277,-47.9054398394098
2017-08-23,-6.89218626115274,-39.3831573111663
2017-08-24,-5.79768581296343,-34.7441063098131
2017-08-25,-5.45105975876657,-30.6033480995673
2017-08-26,-6.36478498729848,-39.679462165966
2017-08-27,-7.33506670889372,-46.5145734053343
2017-08-28,-7.41622158103316,-48.7121847249475
2017-08-29,-5.29894539376701,-28.5137784454999
2017-08-30,-5.33855545170985,-30.1046360321369
2017-08-31,-8.42237337755191,-48.8566234781018
2017-09-01,-12.9599244402315,-93.1146985428466
2017-09-02,-14.36549958244,-97.2360019989058
2017-09-03,-13.4983585751168,-93.0498601823031
2017-09-04,-10.5417778625601,-57.9120177875412
2017-09-05,-8.30046775254239,-54.826607301924
2017-09-06,-10.0171801198574,-79.6474430187204
2017-09-07,-10.209196969883,-81.7016312458373
2017-09-08,-8.46187876220338,-47.2825423251119
2017-09-09,-11.5331521407451,-69.7423408483029
2017-09-10,-14.4730290294078,-94.5551227003218
2017-09-11,-11.3522885206552,-69.8625291979818
2017-09-12,-13.5913304765362,-89.6852680480251
2017-09-13,-8.51776087875544,-31.2413708552534
2017-09-14,-9.86783140272215,-41.7735817045947
2017-09-15,-13.6569314911851,-85.6718208607454
2017-09-16,-13.5080740347495,-86.5817173803307
2017-09-17,-14.0351234395723,-93.2476951303883
2017-09-18,-13.2577694796212,-86.6688559032166
2017-09-19,-16.0758322830553,-112.758524457741
2017-09-20,-14.8004201945139,-101.310938149307
2017-09-21,-10.0230600739866,-50.0480187597667
2017-09-22,-8.84863673093167,-53.1718056965034
2017-09-23,-9.46480853212601,-60.2384828065346
2017-09-24,-11.7882585069282,-76.2669076647687
2017-09-25,-10.6348771481696,-66.7649487284949
2017-09-26,-10.2007915335149,-65.3423903599471
2017-09-27,-10.0978866447394,-72.2041733102962
2017-09-28,-8.91325865304165,-62.547993493441
2017-09-29,-10.4274650344184,-79.0019392421929
2017-09-30,-8.16180173835391,-55.7167364925416
2017-10-01,-11.6219186240248,-97.2094362630118
2017-10-02,-11.0146590568557,-78.8633664530814
2017-10-03,-12.7148189992804,-91.4963042853208
2017-10-04,-11.6147534135229,-75.1177890004723
2017-10-05,-8.13713122908674,-57.3125776481959
2017-10-06,-15.0046920292749,-109.187352499605
2017-10-07,-13.500538368974,-95.6969752027477
2017-10-08,-14.6524391326579,-105.147802238506
2017-10-09,-13.6887613005547,-105.338327934961
2017-10-10,-12.1321229227927,-81.699546072643
2017-10-11,-9.66507246254782,-61.7943035705562
2017-10-12,-9.69048435380921,-75.160516233646
2017-10-13,-8.60299694005523,-58.5302637013207
2017-10-14,-7.87430112938145,-62.6750059365727
2017-10-15,-6.64358235514777,-52.3558665825155
2017-10-16,-7.03498797282595,-54.3641436714958
2017-10-17,-7.48504452721289,-58.7949547375976
2017-10-18,-7.94664612932507,-56.9072667662742
2017-10-19,-8.57741105421675,-59.1950255738509
2017-10-20,-8.8284332913989,-71.9725838992124
2017-10-21,-9.48246315281475,-76.1228047953312
2017-10-22,-14.8556150680905,-104.470556781415
2017-10-23,-17.0228816846997,-127.810932618677
2017-10-24,-14.3552140587132,-104.64520644668
2017-10-25,-9.87995615138476,-58.9423819714378
2017-10-26,-8.32526801443188,-65.1536526780999
2017-10-27,-13.2922597637361,-87.8982576206156
2017-10-28,-13.8720506551491,-96.9864973437082
2017-10-29,-14.3831975733234,-98.7083541933752
2017-10-30,-15.9286564925736,-119.080798548159
2017-10-31,-12.1497256103932,-73.4805835562783
2017-11-01,-13.2101805146384,-94.0845749698555
2017-11-02,-14.4964510779387,-116.96224880004
2017-11-03,-13.110267028104,-99.3928757865231
2017-11-04,-13.0047595875938,-100.64445461219
2017-11-05,-13.9219920510007,-93.7491509641
2017-11-06,-18.9009368987562,-152.961514193625
2017-11-07,-18.5335951208482,-147.505952613833
2017-11-08,-18.1067519545559,-145.228826393831
2017-11-09,-18.1517588841604,-145.952154166385
2017-11-10,-17.7494971361747,-137.223849816088
2017-11-11,-17.4268874343702,-138.47861674605
2017-11-12,-15.6442133727059,-113.9500419326
2017-11-13,-20.0330795276347,-159.974845494013
2017-11-14,-19.2143351836479,-147.121041290675
2017-11-15,-16.3590937753785,-118.478379309019
2017-11-16,-14.8820151080255,-110.448729989725
2017-11-17,-16.3572055317089,-125.032711624074
2017-11-18,-16.5380985368443,-124.445334057513
2017-11-19,-18.4872113964582,-143.207340460173
2017-11-20,-16.7022799658789,-119.27335095322
2017-11-21,-16.3647409268894,-124.671850240609
2017-11-22,-14.1884201534996,-104.394754260237
2017-11-23,-15.325059402589,-117.403119029605
2017-11-24,-14.0535272579172,-101.731510671029
2017-11-25,-14.7317504779231,-102.444912427304
2017-11-26,-19.706928894697,-153.265877122565
2017-11-27,-19.9354720562614,-158.220869647057
2017-11-28,-17.6853595416342,-136.933353090229
2017-11-29,-19.2793817414091,-151.188340931108
2017-11-30,-21.324867749025,-160.268034828832
2017-12-01,-20.9450527205517,-157.633831300464
2017-12-02,-20.8500624423595,-155.330382051385
2017-12-03,-21.8424395134199,-160.298235628444
2017-12-04,-18.1283503732577,-134.59693887912
2017-12-05,-16.994278479636,-127.007215773086
2017-12-06,-15.2098640222899,-114.059094462981
2017-12-07,-14.9407197659593,-112.43818268833
2017-12-08,-16.4558562121034,-118.848318678995
2017-12-09,-22.0041215631958,-157.631124604977
2017-12-10,-18.0004163066589,-112.020232784031
2017-12-11,-14.3224657772344,-103.710542859196
2017-12-12,-17.2520887876787,-130.470719582291
2017-12-13,-18.9819535949825,-142.276491289709
2017-12-14,-17.3496830705827,-135.214172998031
2017-12-15,-17.6633323334161,-133.255303839665
2017-12-16,-19.272940077437,-150.688470220155
2017-12-17,-20.4914242543159,-161.529452885268
2017-12-18,-20.1764387104849,-145.626065851621
2017-12-19,-19.2289818770841,-150.150474486724
2017-12-20,-18.8081305646163,-144.350828262471
2017-12-21,-16.0956203676922,-113.044360942022
2017-12-22,-17.0841308623927,-134.825581240143
2017-12-23,-16.7289942470072,-131.933102337669
2017-12-24,-14.7633273698163,-109.421711059781
2017-12-25,-13.9882007986741,-104.175100832848
2017-12-26,-15.0494829359067,-111.694120558686
2017-12-27,-15.6581925247302,-115.246300315218
2017-12-28,-19.5816865477846,-149.506067869658
2017-12-29,-20.6856409647959,-153.489701537037
2017-12-30,-15.7529347786342,-113.464896127758
2017-12-31,-15.8287083654134,-124.596764679296
2018-01-01,-16.5904732420807,-128.054461785216
2018-01-02,-18.114198318427,-141.325161706677
2018-01-03,-15.0863298337374,-106.64959661151
2018-01-04,-16.3524453947613,-123.980683842471
2018-01-05,-14.8843136405102,-115.179783621147
2018-01-06,-14.6616768831225,-110.322130154704
2018-01-07,-14.0549691153548,-106.332212809816
2018-01-08,-13.4626911583975,-102.594513692767
2018-01-09,-13.404849747565,-96.260484335179
2018-01-10,-16.0374851044128,-124.694623963953
2018-01-11,-16.6592983112353,-129.930820294456
2018-01-12,-16.374185784774,-123.985324350342
2018-01-13,-15.9050049078996,-117.756554148703
2018-01-14,-16.1270823608334,-120.960207116998
2018-01-15,-16.234333456351,-119.471666363006
2018-01-16,-16.0349940637895,-121.962488629669
2018-01-17,-17.836316068312,-134.158232988823
2018-01-18,-16.1614949518104,-117.622333518618
2018-01-19,-15.3737579994599,-111.80484608647
2018-01-20,-18.4664349118503,-142.973387685085
2018-01-21,-17.4322784795011,-133.81934463488
2018-01-22,-16.4302116135068,-122.536383234953
2018-01-23,-15.8931930205923,-123.873866938292
2018-01-24,-14.2546893876698,-105.659248731051
2018-01-25,-14.4987956752156,-111.029693321979
2018-01-26,-13.9599336731215,-103.498381706764
2018-01-27,-13.6586263258858,-102.009723958432
2018-01-28,-13.7814274266076,-101.434297788276
2018-01-29,-12.6279713892833,-91.3416871882499
2018-01-30,-14.0696827834559,-106.259323641759
2018-01-31,-12.6078318506459,-85.7695611043711
2018-02-01,-17.1179419720304,-130.885230115172
2018-02-02,-20.1270457280608,-157.334751612344
2018-02-03,-20.5761438916503,-161.783588330338
2018-02-04,-20.4713587614465,-157.824581800392
2018-02-05,-17.1852584812558,-131.200168619788
2018-02-06,-16.1037692876553,-123.905394241202
2018-02-07,-18.5983912825276,-152.272701687737
2018-02-08,-19.9047476656472,-163.335407418534
2018-02-09,-16.7790299341522,-128.050504351041
2018-02-10,-19.8933195313583,-162.606754996104
2018-02-11,-17.2430397580642,-121.388623125782
2018-02-12,-19.7722190002093,-153.702668771769
2018-02-13,-22.2045392324829,-162.621320177028
2018-02-14,-21.0369416587731,-155.978885971213
2018-02-15,-17.2576282776678,-119.917035253591
2018-02-16,-16.878751131556,-140.483374011004
2018-02-17,-14.6787198414091,-114.086349149857
2018-02-18,-18.3569917018281,-150.526979212096
2018-02-19,-18.1927404552534,-141.524886285356
2018-02-20,-20.6437442901836,-156.580605763648
2018-02-21,-20.9115237865871,-167.05073791691
2018-02-22,-20.0421115613978,-152.564529433011
2018-02-23,-18.25611123127,-137.503336353128
2018-02-24,-13.2981312853787,-93.8350314692214
2018-02-25,-22.4559763312801,-167.630440022257
2018-02-26,-28.2703233785627,-210.628608520812
2018-02-27,-28.9155560889043,-209.030637769852
2018-02-28,-23.6180179338398,-158.72053723284
2018-03-01,-17.4589294033211,-122.751693176669
2018-03-02,-13.2508285998073,-90.0692087697576
2018-03-03,-14.3289935181909,-100.545090986695
2018-03-04,-13.313651291383,-94.506298290601
2018-03-05,-15.3487754217838,-118.47044147811
2018-03-06,-17.2295342894021,-138.042740131051
2018-03-07,-18.1120281560459,-141.19714524337
2018-03-08,-14.5444712740332,-106.573412130425
2018-03-09,-12.7862383248435,-86.7959486188103
2018-03-10,-15.6288112611931,-121.41958143024
2018-03-11,-13.2191109449264,-97.6774175821618
2018-03-12,-14.8346844111614,-114.57778409234
2018-03-13,-15.3541009794122,-118.824212401066
2018-03-14,-14.1677889475217,-110.727131604742
2018-03-15,-14.2281155926755,-104.092204713124
2018-03-16,-14.379377642853,-112.075214841728
2018-03-17,-15.4009898082109,-119.499336186479
2018-03-18,-17.8447089483456,-143.529509586071
2018-03-19,-19.6240689780337,-158.442964433281
2018-03-20,-20.6237500215607,-160.969366764602
2018-03-21,-20.4460962747212,-158.381170056198
2018-03-22,-18.4942309327191,-129.096406537553
2018-03-23,-17.0950752600261,-133.308802099534
2018-03-24,-14.2893575860639,-103.874199719116
2018-03-25,-13.8862307954727,-100.369781005171
2018-03-26,-17.4097262981013,-138.530121803061
2018-03-27,-16.1553160859676,-130.720290734308
2018-03-28,-12.9712901351508,-95.7336507139722
2018-03-29,-16.6095828294048,-134.38166090144
2018-03-30,-13.0179692688016,-97.5193228934292
2018-03-31,-16.587076624622,-135.99083992919
2018-04-01,-16.8723841099441,-132.943774969033
2018-04-02,-11.6645763319575,-74.2870930807852
2018-04-03,-13.2972637993497,-107.164088670415
2018-04-04,-12.3052891560713,-92.4502086250708
2018-04-05,-13.5543645328346,-103.441245073426
2018-04-06,-9.90050365147481,-63.9345693205153
2018-04-07,-9.66507307512906,-66.4164870278643
2018-04-08,-10.1215449584531,-79.0753809752496
2018-04-09,-11.763803465694,-89.7409272855893
2018-04-10,-11.7812930999618,-86.3416594231565
2018-04-11,-11.4636232094093,-81.3395538744635
2018-04-12,-15.8074993217921,-126.099312209852
2018-04-13,-12.5525295650976,-96.4548291003065
2018-04-14,-9.83029577507684,-64.721520846822
2018-04-15,-10.8662350097465,-83.1561996554045
2018-04-16,-13.7738792357635,-109.751636006392
2018-04-17,-10.7155008530385,-82.7180854627902
2018-04-18,-8.44382997660281,-58.0821642700188
2018-04-19,-7.6795370786737,-63.3144991355813
2018-04-20,-6.85688961619878,-58.8234825343514
2018-04-21,-7.18037226045579,-67.7515849097104
2018-04-22,-7.20496059130587,-66.6732057248093
2018-04-23,-7.61661531046252,-66.4193216913842
2018-04-24,-8.68801004845064,-72.2691320895722
2018-04-25,-7.22768936258061,-58.7171440412894
2018-04-26,-14.2967792628061,-114.282603196733
2018-04-27,-8.99326268123334,-57.8732789567272
2018-04-28,-8.6261839274403,-70.0771455376403
2018-04-29,-9.01328199900319,-80.1403961367872
2018-04-30,-11.73642757793,-92.9101765301237
2018-05-01,-12.8595023350052,-88.0357070600228
2018-05-02,-11.4586460603102,-73.7335182818947
2018-05-03,-13.4543898440977,-104.634789118002
2018-05-04,-8.98604910395821,-67.4688448938079
2018-05-05,-7.88440530338982,-52.7168948492095
2018-05-06,-6.26182853099549,-45.6327248372697
2018-05-07,-8.54822648114322,-65.0833612983422
2018-05-08,-7.4975300147226,-54.9183987794856
2018-05-09,-10.7891018546496,-82.1600822703035
2018-05-10,-11.2979176680129,-78.4492425995699
2018-05-11,-9.09412481540537,-59.2644055561756
2018-05-12,-8.77438229241874,-61.556448069995
2018-05-13,-9.56686414331135,-71.4151905841242
2018-05-14,-11.7471352645454,-73.8902747109989
2018-05-15,-13.3337089377383,-86.8265175086797
2018-05-16,-13.8775249166144,-97.0646330297649
2018-05-17,-14.0844281991076,-102.585347064205
2018-05-18,-9.59383991809166,-64.9197787855957
2018-05-19,-11.8261845063193,-81.1057659858107
2018-05-20,-12.6460703032473,-94.8116418436231
2018-05-21,-9.19551927263524,-59.4544425379718
2018-05-22,-9.61602563337102,-70.3964046722264
2018-05-23,-8.62330619860259,-68.7432196270004
2018-05-24,-9.02538397923685,-70.6492698618058
2018-05-25,-6.03500726637887,-43.1613791256407
2018-05-26,-5.25454127919069,-38.6682588671982
2018-05-27,-5.83137108717493,-42.5918450088799
2018-05-28,-6.1731490097203,-42.4237615882294
2018-05-29,-7.36139881986764,-59.5743003534612
2018-05-30,-5.96057775880478,-37.8687981272491
2018-05-31,-7.3110783347638,-53.055012546503
2018-06-01,-9.04399299759389,-71.1101524199044
2018-06-02,-6.8002580163337,-46.6113782094078
2018-06-03,-6.1315221591309,-36.221753636643
2018-06-04,-6.65030728423655,-43.7673914916028
2018-06-05,-6.75551926043785,-44.535823362767
2018-06-06,-7.50026031953756,-50.4754529786165
2018-06-07,-9.05741928570359,-68.8697600286425
2018-06-08,-7.99861428856093,-54.7966051311085
2018-06-09,-7.11618973963642,-48.5600072886464
2018-06-10,-5.88706560849521,-39.7536401016697
2018-06-11,-7.1072665433633,-47.5629872830743
2018-06-12,-9.84413985901302,-76.7206118931635
2018-06-13,-12.2469109680507,-90.8540325405215
2018-06-14,-9.24366520806369,-65.3633836482846
2018-06-15,-7.87550992434067,-46.5127199164557
2018-06-16,-6.29236143566349,-41.0573402301186
2018-06-17,-7.16084351426587,-46.3955279286978
2018-06-18,-9.0926506412311,-73.5133466238133
2018-06-19,-5.39631427610378,-35.887004870288
2018-06-20,-4.57059671462277,-28.4842234311692
2018-06-21,-6.29178193515626,-46.7185460405917
2018-06-22,-9.98645186376252,-74.717522776492
2018-06-23,-9.02901748303595,-50.3721713226437
2018-06-24,-9.6572391367594,-60.3269750285864
2018-06-25,-9.24917866702953,-72.3641383230524
2018-06-26,-7.5753187618392,-44.4203325186752
2018-06-27,-8.23953405919591,-66.2772880923666
2018-06-28,-10.8493239338295,-72.0917652887145
2018-06-29,-6.46793630545337,-42.6518636909015
2018-06-30,-4.99911317396538,-34.4630334211535
2018-07-01,-5.23302359778824,-31.7530406913235
2018-07-02,-5.28694795863772,-31.7458310234161
2018-07-03,-6.39655037901347,-35.5797870649448
2018-07-04,-6.53455446819167,-42.0059752562763
2018-07-05,-7.72772076120558,-47.736753788019
2018-07-06,-10.8371491658476,-82.0300675358958
2018-07-07,-8.70711694868658,-62.9725239866865
2018-07-08,-5.48928073562549,-34.4413885910371
2018-07-09,-5.79952906719398,-39.3389941511176
2018-07-10,-8.7206725177002,-63.1564660736746
2018-07-11,-6.43949474287284,-44.7818205112451
2018-07-12,-5.96895155265852,-30.1170542713316
2018-07-13,-4.80381935081153,-25.8240882377909
2018-07-14,-5.55200241021394,-30.6653621857327
2018-07-15,-6.42100742673953,-40.5718049071181
2018-07-16,-5.28071646094135,-28.7494625144538
2018-07-17,-8.16345416220735,-57.119826797831
2018-07-18,-4.27858621329657,-20.4992314951411
2018-07-19,-4.15925997097777,-20.5990570603848
2018-07-20,-6.49187627812591,-37.7854205138529
2018-07-21,-10.8609249729903,-81.5683475882727
2018-07-22,-9.55095233739255,-70.0432637761715
2018-07-23,-9.07930626365955,-66.3105232154462
2018-07-24,-5.13012439928274,-27.1925960968821
2018-07-25,-5.59269103176053,-37.1855170463606
2018-07-26,-5.16913857939518,-31.2831317660426
2018-07-27,-5.08667623802444,-32.2324159644998
2018-07-28,-8.07818082227291,-55.0117640329457
2018-07-29,-4.0425842332446,-17.4375554074164
2018-07-30,-4.20972245824968,-22.1850219109677
2018-07-31,-4.64573497869183,-26.8231251360328
2018-08-01,-4.21454433946768,-13.5107012105136
2018-08-02,-5.8538531811926,-32.135764249268
2018-08-03,-4.72423560132361,-24.3915163873777
2018-08-04,-5.02916493926262,-32.2807721376854
2018-08-05,-4.38267346777675,-23.5843701601535
2018-08-06,-4.78998298375808,-21.0779374550092
2018-08-07,-6.26204515785309,-36.7234069792752
2018-08-08,-5.82054590955027,-34.8736525503511
2018-08-09,-4.86594010964093,-25.5538785783329
2018-08-10,-11.056568822661,-85.29440084499
2018-08-11,-8.21484056667752,-61.18151525174
2018-08-12,-5.12243094884525,-24.9806654302656
2018-08-13,-7.45532799517656,-43.8630712569433
2018-08-14,-10.5130211511541,-79.5011446167403
2018-08-15,-7.33293090681384,-51.2867291693304
2018-08-16,-5.13545285878022,-26.0235276368812
2018-08-17,-5.88957072700784,-38.4597994859986
2018-08-18,-7.85455437563012,-53.8284721850586
2018-08-19,-6.32657862515749,-39.6161221226218
2018-08-20,-6.31220051203503,-37.7170190071708
2018-08-21,-5.41728929110873,-27.0970029500897
2018-08-22,-6.28766842903471,-36.3302158001474
2018-08-23,-7.76962454634698,-50.4177623662531
2018-08-24,-9.86174826130161,-70.04938913615
2018-08-25,-12.6008782801853,-84.2791547231963
2018-08-26,-11.4328360879686,-74.039263124182
2018-08-27,-7.05832359373363,-26.3493378362218
2018-08-28,-5.13172404174216,-24.1182391113986
2018-08-29,-5.32440280633695,-27.538878751302
2018-08-30,-9.76009920101459,-73.912221451655
2018-08-31,-12.6940256515327,-94.0574531709787
2018-09-01,-12.8317884671254,-98.1070721813734
2018-09-02,-11.0835640937261,-83.3100470674373
2018-09-03,-10.3075378558863,-81.77114532826
2018-09-04,-8.0165318639693,-50.7008177339321
2018-09-05,-6.401530377058,-43.608792667129
2018-09-06,-7.47814672414069,-54.3320988028039
2018-09-07,-10.6351935115154,-83.8458201243488
2018-09-08,-6.85893720347812,-42.7112435919856
2018-09-09,-5.93888099875482,-39.7539906454809
2018-09-10,-6.44114599671854,-45.9779241806982
2018-09-11,-5.12717162488164,-30.7170728619951
2018-09-12,-5.58500244874244,-37.6992330796088
2018-09-13,-7.47011647182191,-55.0768750988391
2018-09-14,-7.97247576374028,-59.2038766765886
2018-09-15,-7.33019441469379,-58.240945196214
2018-09-16,-7.43580052332229,-56.982363487236
2018-09-17,-6.96010710538557,-51.984704732337
2018-09-18,-9.44545031921821,-72.718282268574
2018-09-19,-6.28711351349557,-38.9732496400941
2018-09-20,-6.09912032802228,-40.8927520871435
2018-09-21,-6.38256627925736,-43.0249321809249
2018-09-22,-11.0281494564326,-74.9917755501034
2018-09-23,-6.31792833267811,-36.1210293803818
2018-09-24,-13.5647659337819,-87.1786699691846
2018-09-25,-11.0903483897065,-61.9624070066687
2018-09-26,-8.43730455467199,-37.91771819746
2018-09-27,-6.07013729412581,-33.9808181718248
2018-09-28,-7.40336489720657,-51.5760501321031
2018-09-29,-8.23207125401849,-60.3099715948476
2018-09-30,-7.9015564429881,-50.1590681758073
2018-10-01,-13.7674963513525,-91.3340769214502
2018-10-02,-9.84934767298252,-54.4218566207458
2018-10-03,-12.6579272864749,-91.3379218371816
2018-10-04,-8.82519635042524,-53.5159571906816
2018-10-05,-7.50444621651437,-55.1335108361908
2018-10-06,-9.44903181114666,-78.6396220107765
2018-10-07,-9.99047455151177,-86.6478600242826
2018-10-08,-7.99426056425526,-62.3530357856208
2018-10-09,-7.73934529721625,-62.1619527016542
2018-10-10,-7.68275757478566,-57.5101288711881
2018-10-11,-9.98610644947388,-83.3641525231257
2018-10-12,-7.03322034877198,-55.2975961883133
2018-10-13,-7.14321911237801,-56.9819705880093
2018-10-14,-8.16330485077368,-61.8963413288262
2018-10-15,-10.0233324829372,-80.4027171259274
2018-10-16,-9.68659420488353,-69.4229376525053
2018-10-17,-9.00141508362517,-61.2920928911465
2018-10-18,-9.93076553347558,-77.6500477616729
2018-10-19,-8.96098029393537,-67.4814393691527
2018-10-20,-10.0170682764487,-69.9544472404527
2018-10-21,-11.5189495632912,-75.9452524434518
2018-10-22,-11.8866263615923,-76.5565641512759
2018-10-23,-11.1432214654059,-67.1406476036047
2018-10-24,-12.4171237081866,-98.5309549709665
2018-10-25,-9.90012875891692,-72.1540789898087
2018-10-26,-10.3226296859612,-72.4471741567465
2018-10-27,-13.679725356844,-88.1166846633604
2018-10-28,-16.4020105264981,-120.571248701713
2018-10-29,-14.6362789749486,-104.426632521686
2018-10-30,-15.0672097695852,-111.622614717697
2018-10-31,-13.1751824079318,-89.3385604550549
2018-11-01,-14.0101783558337,-108.221285509632
2018-11-02,-15.7317270698817,-124.280387239758
2018-11-03,-12.6164874250868,-89.7157145877098
2018-11-04,-10.7803989611532,-85.0524651300864
2018-11-05,-11.6468992540338,-95.3620304586138
2018-11-06,-11.420530365452,-92.4663446515139
2018-11-07,-12.1128382189067,-101.956434632218
2018-11-08,-13.4111542479927,-108.121938851295
2018-11-09,-13.6534227144147,-108.729014317467
2018-11-10,-12.8284569102135,-101.605691093542
2018-11-11,-11.9916024718584,-105.98957362562
2018-11-12,-11.7443833953492,-94.1844645920434
2018-11-13,-13.6945728411417,-110.105738950854
2018-11-14,-12.4289241367457,-83.365732021201
2018-11-15,-12.4747344998619,-88.5918435988842
2018-11-16,-14.1750850684681,-104.261792943936
2018-11-17,-15.4412968175219,-115.848967698089
2018-11-18,-15.7149021893943,-113.008830260124
2018-11-19,-18.7774037336412,-145.1626380013
2018-11-20,-15.9713565335098,-116.9613006358
2018-11-21,-14.0817919837287,-97.7508698148534
2018-11-22,-15.4914602352841,-116.492732640238
2018-11-23,-16.0758214709936,-120.891077431713
2018-11-24,-16.1515956275602,-122.926037478527
2018-11-25,-16.254735385703,-122.942626974549
2018-11-26,-18.7878041836283,-147.040369843603
2018-11-27,-19.4208023489654,-153.742531971573
2018-11-28,-17.1817681111723,-125.916662905126
2018-11-29,-14.4327959694337,-103.270030696358
2018-11-30,-16.6237441387822,-127.533385265745
2018-12-01,-16.1163233846637,-125.717134852184
2018-12-02,-15.975320158092,-121.970943973283
2018-12-03,-14.0616951282492,-105.336145659905
2018-12-04,-17.1024745955122,-136.618957745362
2018-12-05,-15.3984802116093,-115.425661148965
2018-12-06,-15.9108717617647,-124.445427748058
2018-12-07,-13.3855670371317,-96.6391370940295
2018-12-08,-16.4773329913468,-128.720029119317
2018-12-09,-16.4174087241003,-125.444654338963
2018-12-10,-17.3740293328504,-133.276444558464
2018-12-11,-19.4825256367874,-144.883470321617
2018-12-12,-20.9911308946817,-153.528531158367
2018-12-13,-18.1961060618252,-126.119842964721
2018-12-14,-18.7205524347267,-136.121078674149
2018-12-15,-19.7160722033629,-144.615085058224
2018-12-16,-17.0197162551638,-126.156564183549
2018-12-17,-17.151763395646,-132.12076531372
2018-12-18,-16.6839190901371,-123.985482534962
2018-12-19,-16.603039249601,-129.481898253014
2018-12-20,-16.5484339097733,-127.567869936417
2018-12-21,-15.899762796968,-116.840185787639
2018-12-22,-15.4809832139069,-120.269550650733
2018-12-23,-15.8926487295051,-123.433520617223
2018-12-24,-16.0417815316491,-117.03351481243
2018-12-25,-18.2968861467829,-137.279304466702
2018-12-26,-15.9811485065475,-114.84440294465
2018-12-27,-14.6720768156799,-105.48370305656
2018-12-28,-13.8759639318964,-100.930084147937
2018-12-29,-14.9204668884895,-112.14870781838
2018-12-30,-16.9774900996376,-130.247235910716
2018-12-31,-16.8702248882011,-131.349655292255
2019-01-01,-15.0036644126178,-110.165129325308
2019-01-02,-18.0340624374243,-133.318141983405
2019-01-03,-22.5184237755229,-172.44469538836
2019-01-04,-21.5601350782475,-164.520110153133
2019-01-05,-18.6294664244792,-142.141184651317
2019-01-06,-18.7191260712772,-150.913050096009
2019-01-07,-18.5130643057817,-142.490486679208
2019-01-08,-17.1896607521706,-128.773773325649
2019-01-09,-19.258303050491,-148.834613046597
2019-01-10,-21.0427264865539,-167.705161100304
2019-01-11,-21.5127787332496,-168.0067728788
2019-01-12,-18.2441859022145,-139.185557983833
2019-01-13,-17.6918195242996,-136.142236593222
2019-01-14,-16.8019819285875,-127.767108899294
2019-01-15,-18.4813257846356,-145.768181036556
2019-01-16,-15.3326758733975,-112.193351227779
2019-01-17,-15.3235914310185,-113.880794487766
2019-01-18,-19.8341759553929,-147.979422423917
2019-01-19,-18.6152314704082,-137.802295036239
2019-01-20,-18.4876582595698,-137.600113867212
2019-01-21,-19.101437721735,-144.043275112757
2019-01-22,-19.8632860895127,-147.295346367845
2019-01-23,-20.1052113984048,-145.790916757957
2019-01-24,-22.476121196877,-164.91837450488
2019-01-25,-22.9176001647667,-169.402384944406
2019-01-26,-16.4296369177124,-114.961901764494
2019-01-27,-15.6552104858677,-118.429328997437
2019-01-28,-18.7270515805552,-146.870540016616
2019-01-29,-20.5354252787206,-152.383723836181
2019-01-30,-18.962989291268,-142.814613956034
2019-01-31,-19.0647089103208,-136.22763315438
2019-02-01,-16.6071769384086,-131.891531093084
2019-02-02,-16.7171023202453,-136.340512480329
2019-02-03,-18.7458447458335,-148.1457234405
2019-02-04,-19.4716023996606,-149.408713725169
2019-02-05,-16.3592516430486,-123.778694074266
2019-02-06,-14.9210545240559,-113.290595344379
2019-02-07,-14.8856324461767,-114.015192136916
2019-02-08,-16.0300467721449,-124.128508076745
2019-02-09,-14.7747630018507,-116.038329405067
2019-02-10,-14.709857560347,-112.982450652439
2019-02-11,-19.4336531518379,-158.772719028762
2019-02-12,-18.6630715825877,-150.991353424259
2019-02-13,-15.1929544555154,-109.737071836188
2019-02-14,-13.441860020089,-102.912802064735
2019-02-15,-12.3940723304573,-92.2955158507235
2019-02-16,-12.3080248786459,-91.922437405409
2019-02-17,-12.2303816319781,-91.6927023773165
2019-02-18,-11.9137552172882,-88.3282211517847
2019-02-19,-14.2802594550921,-113.181936133763
2019-02-20,-14.0440917494066,-109.683215385103
2019-02-21,-14.0518581974581,-111.127075925202
2019-02-22,-16.2456153511875,-131.083144409471
2019-02-23,-14.0615567391085,-107.512681999756
2019-02-24,-13.0666845469526,-97.1921838092922
2019-02-25,-12.5396398300727,-95.9415366931294
2019-02-26,-11.9514237211513,-90.7324391742472
2019-02-27,-11.7318895370403,-88.4895279385618
2019-02-28,-12.4489641302844,-97.9098872619885
2019-03-01,-17.2444514139807,-137.560674646689
2019-03-02,-16.2301369870222,-129.961960545752
2019-03-03,-12.9858648699722,-92.1216513915873
2019-03-04,-12.5594553040009,-85.28214736956
2019-03-05,-15.0504962127955,-116.25185462096
2019-03-06,-13.7592918246254,-100.727075615246
2019-03-07,-14.3400496193812,-104.240671872488
2019-03-08,-15.6331045441568,-123.070922956943
2019-03-09,-13.9524783342674,-104.139248620641
2019-03-10,-12.9388489611087,-91.6667000425074
2019-03-11,-17.3717323691483,-129.280699342738
2019-03-12,-16.6820208973385,-128.567394011582
2019-03-13,-17.4638109277474,-137.075770798108
2019-03-14,-17.0757314517651,-130.685217069543
2019-03-15,-17.1342143976928,-132.378606493842
2019-03-16,-13.6699515878393,-106.069298956748
2019-03-17,-10.489363588225,-68.1458498966653
2019-03-18,-18.0935429217824,-147.800913930453
2019-03-19,-17.891856610669,-141.012424905754
2019-03-20,-15.8570868277901,-117.441117003712
2019-03-21,-10.3937637557954,-63.3249315081168
2019-03-22,-10.6310323662481,-73.2458727554048
2019-03-23,-11.2950470071836,-83.4812670358252
2019-03-24,-11.0404171582963,-82.3604508800366
2019-03-25,-15.5235881449717,-114.87515874347
2019-03-26,-17.0057280656106,-135.773070250942
2019-03-27,-15.3507254474681,-117.644936054939
2019-03-28,-13.7584647912205,-105.89253780999
2019-03-29,-11.9405549359137,-87.6094410836527
2019-03-30,-10.9167906473979,-76.4568168258134
2019-03-31,-11.36328819474,-82.2681503912506
2019-04-01,-11.0100630434023,-78.2137170325739
2019-04-02,-12.6510925939208,-92.8476941982972
2019-04-03,-13.8692839031461,-113.470353298559
2019-04-04,-15.3405082987775,-108.414171812808
2019-04-05,-14.0001396506645,-100.678134599228
2019-04-06,-12.8531574679865,-98.2500196788059
2019-04-07,-13.5293665360754,-102.923151369824
2019-04-08,-15.3209433634951,-122.392113349404
2019-04-09,-16.2123565219778,-129.375800041923
2019-04-10,-15.3457455890298,-121.045168208809
2019-04-11,-16.6167064070633,-132.737092453074
2019-04-12,-16.8956725915905,-134.169934984139
2019-04-13,-13.988549689107,-106.118484384247
2019-04-14,-17.6858339620583,-143.918582327815
2019-04-15,-11.8285034849457,-83.8894307112308
2019-04-16,-12.8494964992879,-95.4249719919404
2019-04-17,-11.6043223433666,-87.7651557917388
2019-04-18,-11.5875190864198,-87.2285512957713
2019-04-19,-10.9214522765909,-88.4396915636344
2019-04-20,-9.89984816437513,-70.4386964763472
2019-04-21,-9.42397905227065,-73.0320237645368
2019-04-22,-10.0283653714431,-73.9141890102477
2019-04-23,-10.8301540701257,-90.198293437886
2019-04-24,-10.3875268810191,-84.4250364366144
2019-04-25,-9.57336293920756,-89.9527895667108
2019-04-26,-12.4219711292448,-79.4663213105329
2019-04-27,-13.7264945967794,-104.625496835013
2019-04-28,-16.129208976725,-130.942030028149
2019-04-29,-16.3186902460585,-129.864785803849
2019-04-30,-14.9333223515135,-119.801630885624
2019-05-01,-10.3497658926492,-60.5487104314968
2019-05-02,-11.2967895237608,-65.5726954553256
2019-05-03,-13.5350370045848,-99.4330843936367
2019-05-04,-13.2748985164432,-84.3473644424273
2019-05-05,-18.0386314897079,-132.14626518791
2019-05-06,-16.6027552357712,-119.482532253176
2019-05-07,-11.2958359563699,-64.1558788783356
2019-05-08,-13.3122699138018,-88.3395038139913
2019-05-09,-12.4115107094277,-80.5294717449322
2019-05-10,-12.0665242715441,-83.982065656947
2019-05-11,-12.6554600261601,-75.0387861137841
2019-05-12,-17.2017467690129,-127.461294871106
2019-05-13,-15.6264623375042,-112.630149162462
2019-05-14,-14.5329787950337,-104.729642719022
2019-05-15,-15.8962598868235,-110.912890591097
2019-05-16,-13.0003050667376,-83.3798519915899
2019-05-17,-12.1665371460405,-78.0189211608906
2019-05-18,-11.5894993371104,-78.7788954800265
2019-05-19,-11.6962605440693,-87.5237381500751
2019-05-20,-15.3313685393437,-105.726558097445
2019-05-21,-14.342991555507,-96.9698083243362
2019-05-22,-12.5365551750833,-90.2301120972596
2019-05-23,-9.6284639021514,-67.5967277393791
2019-05-24,-8.57314549962937,-58.5883686680254
2019-05-25,-9.95760998503775,-73.6205989612094
2019-05-26,-11.2069806810742,-83.943672816738
2019-05-27,-11.9453194659137,-88.3905898666755
2019-05-28,-14.7024371859327,-102.789241580686
2019-05-29,-15.0563767103645,-109.640676536789
2019-05-30,-13.1870232062506,-98.072956360336
2019-05-31,-8.81187284033405,-52.481309890548
2019-06-01,-6.45703028030942,-38.0751836911838
2019-06-02,-5.43334569177049,-35.7498113568322
2019-06-03,-5.45353494949287,-38.2943323920914
2019-06-04,-5.20546121602749,-33.7488663729737
2019-06-05,-5.01462659543451,-33.0845386246132
2019-06-06,-9.97304252996402,-77.7187140461671
2019-06-07,-5.28744600867466,-33.0479553874689
2019-06-08,-8.84522070927247,-60.5397074868726
2019-06-09,-6.95771758886175,-39.9384856504552
2019-06-10,-6.44268945573849,-40.8885968115681
2019-06-11,-5.60257625996914,-22.7160234048772
2019-06-12,-8.96173377379353,-62.3978686791327
2019-06-13,-5.27707310756899,-30.9921466344057
2019-06-14,-3.29146734447069,-10.1081702062494
2019-06-15,-7.45590188485146,-52.0980300912328
2019-06-16,-10.1604755649883,-79.9994914790498
2019-06-17,-5.4611177315911,-27.9336014651626
2019-06-18,-5.55512379712803,-36.5346891404392
2019-06-19,-5.33108792043177,-30.9428256725028
2019-06-20,-9.3609291479178,-74.0009011935515
2019-06-21,-8.81749595329343,-64.6629525448232
2019-06-22,-9.9443312125972,-75.7894749297387
2019-06-23,-7.05170422552643,-50.7532710296292
2019-06-24,-4.01189227927472,-23.1573614190772
2019-06-25,-3.22327541052914,-17.4407505741282
2019-06-26,-3.2042484359075,-18.2765875191928
2019-06-27,-4.03794650885949,-28.4274539080306
2019-06-28,-5.29574502970329,-40.6603250187134
2019-06-29,-2.99949609335306,-12.7028792092433
2019-06-30,-4.08006346489229,-28.2739974911593
2019-07-01,-6.1256183637878,-36.4617247725972
2019-07-02,-6.21299354426468,-44.6150686574961
2019-07-03,-7.08067327925579,-46.2157543325198
2019-07-04,-6.62017968096463,-43.8381875237843
2019-07-05,-4.98253984882997,-28.4279661285489
2019-07-06,-5.81810222492413,-36.4567899576505
2019-07-07,-7.70649598978205,-51.3388533785566
2019-07-08,-9.51455684067453,-69.0495671559443
2019-07-09,-7.72362818300847,-58.3395931413861
2019-07-10,-7.32352227948153,-54.9782112738568
2019-07-11,-7.54985647513348,-44.3442155747234
2019-07-12,-10.3292040243571,-75.8267058881529
2019-07-13,-9.85842274366349,-71.9818310960717
2019-07-14,-6.99302035295633,-40.2070111304621
2019-07-15,-8.44412492737881,-57.1944584050228
2019-07-16,-6.06792428593653,-33.297700489659
2019-07-17,-6.30499354634467,-40.3580977456885
2019-07-18,-7.11668964650426,-50.4809368798446
2019-07-19,-5.80937862232437,-36.262310261726
2019-07-20,-4.94221253963247,-27.0239763987609
2019-07-21,-7.30898077879556,-51.8402150320179
2019-07-22,-4.98915522664566,-28.9356450965617
2019-07-23,-3.70443950409374,-17.1046757181818
2019-07-24,-4.03933927436993,-23.5250970392983
2019-07-25,-5.17553065842251,-29.1413854243646
2019-07-26,-5.06566623935097,-25.2559483414895
2019-07-27,-7.38464652468293,-50.0797082738104
2019-07-28,-11.3104446320625,-86.0258102637524
2019-07-29,-7.04732140949598,-50.3021087306761
2019-07-30,-6.50804289986171,-46.2252954835914
2019-07-31,-11.0405662288628,-85.1958828450767
2019-08-01,-6.61222823303971,-45.8898633607468
2019-08-02,-9.72016602542456,-66.7580507492378
2019-08-03,-8.69355708533485,-60.8529819199919
2019-08-04,-5.87127512969575,-34.6269144308273
2019-08-05,-6.20402299670748,-36.9638988364992
2019-08-06,-7.85850703691951,-49.711132453674
2019-08-07,-11.5254123730013,-85.0642928481361
2019-08-08,-6.26582743259569,-40.3440140423628
2019-08-09,-3.50654941925828,-8.64874780145158
2019-08-10,-9.39043314707345,-69.1924248485235
2019-08-11,-5.06112279678016,-24.3284728864925
2019-08-12,-9.80932507258768,-68.3272711096591
2019-08-13,-11.7770974224646,-87.9335161874555
2019-08-14,-8.84156353643434,-59.6176453622346
2019-08-15,-7.56849579696802,-45.0075454921642
2019-08-16,-7.75061971864263,-53.5373026931666
2019-08-17,-7.74925919174406,-49.1494493771179
2019-08-18,-4.37967957244688,-20.9542218253468
2019-08-19,-8.42361847594219,-59.203667191632
2019-08-20,-10.6455535621096,-73.6613051468876
2019-08-21,-9.49634950225001,-67.432360488673
2019-08-22,-6.43058666693488,-39.9772213793264
2019-08-23,-7.03320982179569,-41.8470683113202
2019-08-24,-6.59276196140941,-40.0091312758983
2019-08-25,-6.54811540446014,-42.354857998498
2019-08-26,-5.59654793949624,-30.8561620830571
2019-08-27,-5.36863967500855,-29.0629315042586
2019-08-28,-7.09660201263319,-47.6735261592334
2019-08-29,-9.52147811474321,-67.1496783769724
2019-08-30,-5.95217188326793,-34.7945905400273
2019-08-31,-6.32786620601537,-38.2418604891069
2019-09-01,-8.04159136284983,-60.9429142651769
2019-09-02,-10.6286165894674,-83.8173323868479
2019-09-03,-7.83889867573996,-58.6922448304271
2019-09-04,-5.00785487560603,-26.3551500055203
2019-09-05,-11.8086420556171,-77.9011764387101
2019-09-06,-14.3999965893531,-103.008767977037
2019-09-07,-13.5957597173321,-97.6317207199127
2019-09-08,-15.805624548801,-106.887993966473
2019-09-09,-12.3416767166148,-77.798108334101
2019-09-10,-9.56737474606184,-56.2618639830706
2019-09-11,-8.24783384375282,-56.7845005787743
2019-09-12,-7.00994752117479,-50.5435222494281
2019-09-13,-5.63209176587879,-36.4572067835253
2019-09-14,-6.22255205366163,-42.3162302598469
2019-09-15,-5.69912798524722,-38.2867738246208
2019-09-16,-6.57913538454841,-47.7937374654811
2019-09-17,-8.8818679060253,-65.8177459946673
2019-09-18,-8.89135097387621,-69.3294212825759
2019-09-19,-10.2898669382352,-78.388243302939
2019-09-20,-9.07788975949374,-49.6320885095421
2019-09-21,-6.14118240930276,-38.0597485984583
2019-09-22,-7.92010310852961,-57.821081475032
2019-09-23,-11.5211829175859,-59.5653871015796
2019-09-24,-10.9114673571551,-59.9210103974402
2019-09-25,-11.9539369669747,-91.4933335426239
2019-09-26,-11.2170739467788,-79.4930885744782
2019-09-27,-8.63288197324266,-58.5415762523432
2019-09-28,-11.3410486967292,-94.1122295647966
2019-09-29,-6.25026909242614,-28.5908407210483
2019-09-30,-9.53285981836711,-69.5999277051162
2019-10-01,-6.9356099829855,-48.9700100680488
2019-10-02,-13.2169059077798,-91.0248943229093
2019-10-03,-13.9024129479168,-103.008062577488
2019-10-04,-13.0774901708748,-87.1852352990118
2019-10-05,-14.6332790150139,-112.860832600141
2019-10-06,-13.451612687639,-108.323954449595
2019-10-07,-14.4562869621658,-105.693553577435
2019-10-08,-8.37890844755611,-36.8784066823424
2019-10-09,-12.1646576990903,-79.015528597813
2019-10-10,-13.973053553339,-100.010611070427
2019-10-11,-9.50080258656735,-52.6021370421294
2019-10-12,-7.63670577054543,-55.0098463018144
2019-10-13,-6.83461043875261,-53.3125146470479
2019-10-14,-7.44287024268096,-61.7580185862118
2019-10-15,-9.58809188161182,-51.2401878939148
2019-10-16,-11.8771401319697,-79.5110852126168
2019-10-17,-9.80623298360884,-62.0542930335967
2019-10-18,-11.2216717186876,-78.1556231269673
2019-10-19,-11.2274175838003,-93.733362462182
2019-10-20,-9.65455609046186,-83.4572110442201
2019-10-21,-10.125227341935,-86.1781991788134
2019-10-22,-8.2044502045929,-66.1448442661013
2019-10-23,-7.37452875993315,-54.3251650007596
2019-10-24,-10.2248699000779,-82.1748077025168
2019-10-25,-11.568084616248,-98.2662399951771
2019-10-26,-7.02842639175639,-51.0568410666673
2019-10-27,-9.1285037139316,-74.2430089430119
2019-10-28,-12.8743434915762,-111.304290327465
2019-10-29,-13.6164987964956,-114.460651343576
2019-10-30,-14.4485664603635,-116.229856312605
2019-10-31,-13.612379831761,-102.484656245536
2019-11-01,-12.9354734130348,-98.4076504642897
2019-11-02,-11.5024917387922,-98.5835724039051
2019-11-03,-14.8337700377958,-108.43285826299
2019-11-04,-15.6075512316068,-119.286424435958
2019-11-05,-17.1459452458897,-134.540722828925
2019-11-06,-17.4801819435492,-137.730573435011
2019-11-07,-16.3109321530688,-122.535937583518
2019-11-08,-18.5380643750946,-149.237583662568
2019-11-09,-18.1561294669946,-139.649448421757
2019-11-10,-17.0504394727793,-129.696582951597
2019-11-11,-14.9447168018896,-105.861049670213
2019-11-12,-18.105207860287,-142.233720431077
2019-11-13,-18.9379082585296,-146.857853174322
2019-11-14,-15.8303514656233,-113.074202721202
2019-11-15,-16.6485265060813,-126.203009438596
2019-11-16,-17.1298572532011,-134.120368317719
2019-11-17,-19.0759829625003,-151.216953262019
2019-11-18,-17.8929006481978,-137.628797103647
2019-11-19,-17.1607435551858,-130.30473103815
2019-11-20,-16.2130169348404,-126.323310895593
2019-11-21,-15.8351765770822,-119.663295965688
2019-11-22,-15.0580281464914,-108.943535108617
2019-11-23,-14.7936773359994,-121.161924991107
2019-11-24,-14.6278138128444,-117.807487712278
2019-11-25,-13.7943661975416,-105.57393347269
2019-11-26,-15.2416667862518,-117.83048726285
2019-11-27,-15.9155814014176,-120.057353797569
2019-11-28,-16.8144029572766,-131.181298971098
2019-11-29,-18.143017260927,-143.223289695972
2019-11-30,-17.8537773899283,-137.380862585521
2019-12-01,-15.2664982717373,-111.493676053638
2019-12-02,-16.9324201434161,-128.740039206772
2019-12-03,-17.8454532219059,-134.094847128485
2019-12-04,-13.6418991307408,-97.1447762704458
2019-12-05,-13.6726917882605,-100.222369830852
2019-12-06,-14.2076063715489,-105.518724356072
2019-12-07,-14.4913658802405,-108.12819639652
2019-12-08,-13.0882063650921,-91.4595206751395
2019-12-09,-15.7479835187674,-121.129105024636
2019-12-10,-17.9156039825055,-133.746888609491
2019-12-11,-14.7057744446455,-100.562985314497
2019-12-12,-18.8627646616731,-140.982388336504
2019-12-13,-18.3246323182186,-140.152023339471
2019-12-14,-15.6768817561438,-113.55277100805
2019-12-15,-14.2713817599054,-105.048418020967
2019-12-16,-13.8219676367822,-102.10269999684
2019-12-17,-11.8219090211264,-102.287062899879
2019-12-18,-14.3337826303005,-109.918207437835
2019-12-19,-13.5417887534024,-100.109185381803
2019-12-20,-13.069382652606,-91.7427783987622
2019-12-21,-16.9780816351425,-131.250506236115
2019-12-22,-16.3611759141064,-126.072787673437
2019-12-23,-17.6610295852167,-141.214966152257
2019-12-24,-16.1315804511408,-118.714771555058
2019-12-25,-17.3988547986234,-137.579927194402
2019-12-26,-17.3324140983949,-130.562413714628
2019-12-27,-16.7705962811652,-129.595924851317
2019-12-28,-17.3990141813852,-130.506518795796
2019-12-29,-16.4928399114574,-119.654286258747
2019-12-30,-14.5984882710244,-106.432423176082
2019-12-31,-16.0620864089122,-125.204051791745
2020-01-01,-13.8859910037499,-102.865999214336
2020-01-02,-13.2045548549207,-95.647309524117
2020-01-03,-13.9022816579079,-101.615570169061
2020-01-04,-16.4825028680359,-129.950790105946
2020-01-05,-17.3996567811018,-135.983734764478
2020-01-06,-13.4400790964602,-94.2903916735039
2020-01-07,-16.1545111138739,-123.976708552708
2020-01-08,-13.2380346249034,-89.8743335683859
2020-01-09,-12.8423486330952,-96.1101468258474
2020-01-10,-15.1133862810833,-116.671518094013
2020-01-11,-15.9913947940692,-124.622131835165
2020-01-12,-12.8705539964071,-89.5077168938359
2020-01-13,-13.9604483061658,-102.382321060738
2020-01-14,-13.4651009376419,-97.8354898618854
2020-01-15,-12.328850559537,-86.3158654916479
2020-01-16,-13.7745340249612,-102.161829071351
2020-01-17,-14.9858661723159,-115.022343012685
2020-01-18,-17.6400885987181,-135.987231744473
2020-01-19,-20.1745868721146,-152.55217229214
2020-01-20,-19.7433994943831,-141.587314590814
2020-01-21,-13.4234066139772,-88.9795306944765
2020-01-22,-13.2735765258406,-98.0468144444119
2020-01-23,-12.4456131203051,-88.0766336617035
2020-01-24,-13.6012483863719,-101.012844017117
2020-01-25,-14.5769811233358,-110.596786639499
2020-01-26,-15.3102314429303,-118.018510979386
2020-01-27,-14.2920930393968,-106.030383973533
2020-01-28,-14.904814421266,-107.580572729546
2020-01-29,-18.56340895905,-148.134807330621
2020-01-30,-15.2116767455287,-110.443790735931
2020-01-31,-13.6239639883206,-101.617004257413
2020-02-01,-13.1424555009466,-97.5083539301899
2020-02-02,-15.415908782684,-121.274884741683
2020-02-03,-15.263047227349,-127.835198358417
2020-02-04,-14.5794025886624,-102.054330064248
2020-02-05,-20.6728711335299,-160.621054863181
2020-02-06,-17.9623869543225,-130.07314560794
2020-02-07,-14.8876536565116,-113.312277166681
2020-02-08,-14.4134683086919,-110.246690103173
2020-02-09,-13.7261595092466,-102.95398700869
2020-02-10,-14.0167569368844,-106.21578912897
2020-02-11,-16.0478335096148,-126.567891431691
2020-02-12,-18.3175034933331,-151.222688082736
2020-02-13,-14.8824533311066,-108.189019791966
2020-02-14,-17.0979343543904,-136.492756086081
2020-02-15,-12.4685132839573,-87.0939955168868
2020-02-16,-11.7201267441321,-87.7875773935918
2020-02-17,-12.7459223336532,-95.53313810813
2020-02-18,-16.4629517236524,-131.349801789857
2020-02-19,-18.3507350502657,-146.526087382613
2020-02-20,-14.3211427508272,-104.748763376205
2020-02-21,-16.4790012195731,-137.487631167016
2020-02-22,-11.4023326626398,-80.5720540854843
2020-02-23,-13.1813285640052,-108.16101358149
2020-02-24,-12.127644300108,-98.4520642955907
2020-02-25,-14.9364338231565,-117.762762624904
2020-02-26,-17.8299666706775,-140.091390752916
2020-02-27,-19.1084193575547,-150.835982710097
2020-02-28,-18.7351028800532,-154.988015831466
2020-02-29,-15.438922286768,-122.085499611183
2020-03-01,-13.5780114827208,-100.835966829863
2020-03-02,-15.0194891706745,-106.702726027172
2020-03-03,-17.7307203881697,-137.746689398402
2020-03-04,-17.7706495676107,-138.26067743109
2020-03-05,-16.2411739924739,-122.544460203184
2020-03-06,-17.727483137109,-140.681296084711
2020-03-07,-18.6026026556414,-149.770553738696
2020-03-08,-15.0573890086613,-104.992219402161
2020-03-09,-17.3909294977622,-139.112182597791
2020-03-10,-16.6070157484857,-121.614776491913
2020-03-11,-13.3404213849729,-101.044103868806
2020-03-12,-10.8862001530361,-77.9063156503826
2020-03-13,-14.871195673688,-114.638001813274
2020-03-14,-16.8283695300314,-132.088611160722
2020-03-15,-12.5015013160087,-87.7008988278574
2020-03-16,-10.6676959118459,-70.9951298289456
2020-03-17,-12.1912567255825,-90.7269945102288
2020-03-18,-11.6348273217752,-85.2907809776141
2020-03-19,-11.4508712178391,-86.1163012894254
2020-03-20,-12.1012163946193,-90.103051520426
2020-03-21,-13.7115705210176,-105.540550488121
2020-03-22,-15.0283763012787,-120.539135216579
2020-03-23,-15.1300662123818,-116.601733566742
2020-03-24,-16.1226978778974,-122.284069738163
2020-03-25,-16.2729338765369,-125.009409183948
2020-03-26,-14.6321460905112,-104.717038369296
2020-03-27,-12.0276990004724,-85.4346062590829
2020-03-28,-13.1634002511979,-99.2766190522997
2020-03-29,-14.1114941974973,-104.422207384363
2020-03-30,-18.1427383135407,-145.285143612197
2020-03-31,-17.2867178079669,-133.841091122474
2020-04-01,-13.1781173535496,-89.200630664596
2020-04-02,-12.7963655529598,-94.6707548428492
2020-04-03,-13.9773831678434,-110.503918256231
2020-04-04,-11.5829043972368,-82.4502082034452
2020-04-05,-9.89227476531045,-65.6242763703871
2020-04-06,-10.3606533938678,-73.7204529208908
2020-04-07,-9.83674533962377,-68.2428503202167
2020-04-08,-10.1852731813621,-78.2372132663137
2020-04-09,-10.5912761110801,-82.1503346486462
2020-04-10,-9.87707888626755,-71.8691276389088
2020-04-11,-9.80231056420521,-76.8032072445552
2020-04-12,-10.0800885172572,-80.6856177738197
2020-04-13,-10.5927926874983,-80.4862432189207
2020-04-14,-14.3568645429326,-116.341052357983
2020-04-15,-9.0811414999919,-56.3551329458903
2020-04-16,-9.43302654429586,-73.5109106077507
2020-04-17,-7.98663155218631,-60.7881287885791
2020-04-18,-8.28081281161887,-69.7383546171403
2020-04-19,-9.22560701422044,-72.6864108226093
2020-04-20,-10.4509857794166,-92.1845583082246
2020-04-21,-9.28792132296811,-80.9652823488961
2020-04-22,-9.13779141602495,-72.1395310576937
2020-04-23,-9.54914751832639,-76.4112736739579
2020-04-24,-10.3048036687182,-85.5259135087977
2020-04-25,-11.3539417372553,-96.419896614384
2020-04-26,-10.3133427634856,-90.3383350892269
2020-04-27,-10.622198968298,-93.104285374026
2020-04-28,-11.4499146778976,-92.7546191696517
2020-04-29,-14.5673879229607,-114.045429078801
2020-04-30,-13.3151338258916,-95.8217396165185
2020-05-01,-13.245924150115,-87.8409621343932
2020-05-02,-12.7866850406863,-84.2619458061609
2020-05-03,-11.7036762506537,-75.6137831577511
2020-05-04,-9.33159073934839,-55.2223903777072
2020-05-05,-13.9247895509878,-109.5078219645
2020-05-06,-12.6396219865793,-84.8502992192503
2020-05-07,-7.46289952825842,-29.889701186122
2020-05-08,-6.17298619317873,-41.3181899765484
2020-05-09,-5.80628692591438,-41.9580668665564
2020-05-10,-8.39094301663096,-67.3677063413366
2020-05-11,-10.6533719505707,-59.9224138075651
2020-05-12,-11.1674588729032,-70.3025899490901
2020-05-13,-12.2428996250531,-97.8310935021716
2020-05-14,-10.8086957381734,-87.6451577458632
2020-05-15,-15.3029304710979,-116.040750451352
2020-05-16,-11.8615751128046,-81.0118324242409
2020-05-17,-9.90127994492302,-81.96585382648
2020-05-18,-7.36515135350841,-50.9764855745843
2020-05-19,-8.9275332385244,-69.3464391720298
2020-05-20,-10.2307247859536,-85.9139759522276
2020-05-21,-7.27062440016004,-47.1823580381806
2020-05-22,-6.87236186705945,-51.1777646155854
2020-05-23,-5.25867764810616,-19.5329076875655
2020-05-24,-11.9779646447413,-79.0182562254738
2020-05-25,-11.5314588092075,-74.4540537907827
2020-05-26,-10.0689282985896,-64.3478623735484
2020-05-27,-8.67224813688443,-49.9100535474983
2020-05-28,-11.1593359738823,-76.578559084517
2020-05-29,-10.1129309140307,-65.4679580635262
2020-05-30,-12.4720337395021,-83.4529911308793
2020-05-31,-10.5459104054392,-65.4615783051662
2020-06-01,-7.02804393165617,-36.0102951918013
2020-06-02,-7.28845229883356,-48.7326922802863
2020-06-03,-6.90465476435843,-42.8089316825125
2020-06-04,-12.1555413190201,-76.5771577525447
2020-06-05,-10.9259646110799,-69.6108602056535
2020-06-06,-8.76412713493771,-60.6887968903978
2020-06-07,-13.7814994171313,-79.4521542059361
2020-06-08,-13.2296472866491,-85.3054322448082
2020-06-09,-11.8592119513232,-71.0130889274376
2020-06-10,-13.9705819062175,-98.3043555918826
2020-06-11,-10.9837316576409,-68.8371296864212
2020-06-12,-8.0662787497418,-41.9761731174598
2020-06-13,-6.53401082908745,-38.1441811556026
2020-06-14,-13.063275242841,-106.262992641494
2020-06-15,-12.6509372043373,-101.781556497218
2020-06-16,-11.0765013465945,-87.8881913340161
2020-06-17,-12.2217590366585,-96.3735778979911
2020-06-18,-9.24131149231359,-57.3713843262823
2020-06-19,-13.0565114915276,-100.595805854817
2020-06-20,-10.9229433486318,-80.9363930122913
2020-06-21,-10.9245934951801,-82.5713314565925
2020-06-22,-10.0084274959433,-76.420702118144
2020-06-23,-5.35022242685328,-33.7636729530264
2020-06-24,-5.56720985920142,-39.9067999964534
2020-06-25,-7.3891412272574,-53.1026367598932
2020-06-26,-6.97223216985748,-49.7317695006618
2020-06-27,-4.37364203821722,-21.5195379871403
2020-06-28,-7.2204182393985,-54.9043172840238
2020-06-29,-10.4596655142999,-83.7705226764113
2020-06-30,-6.34476390976489,-47.641423526835
2020-07-01,-6.02039885050027,-36.7543068378928
2020-07-02,-5.94455753678745,-38.1512515690464
2020-07-03,-10.2677073319469,-82.6577421051405
2020-07-04,-6.49938879967189,-46.4363919566617
2020-07-05,-4.64664032207481,-23.5081517620181
2020-07-06,-6.31583440672481,-37.8124406317331
2020-07-07,-6.76522667864087,-35.5699606426071
2020-07-08,-5.36632346873114,-28.2271536924388
2020-07-09,-3.92180480390411,-18.0855175564508
2020-07-10,-3.72353561287572,-11.7722115759058
2020-07-11,-10.5564009149013,-77.6814474719403
2020-07-12,-6.62466641226118,-33.3643623333521
2020-07-13,-6.27890421976557,-42.394047513934
2020-07-14,-7.19987388730431,-49.6742217913123
2020-07-15,-9.61637554873452,-68.4682733581952
2020-07-16,-11.2020496704263,-85.2880613553277
2020-07-17,-9.85701634443398,-75.6894983842945
2020-07-18,-8.55112253724681,-64.2879672384977
2020-07-19,-5.28052078864723,-28.2325709945458
2020-07-20,-4.96357275232439,-28.8888493781257
2020-07-21,-8.13380154046117,-54.0824355065299
2020-07-22,-6.68755053835008,-44.0734725605557
2020-07-23,-6.46282850206646,-41.8270626956313
2020-07-24,-10.4712449563688,-75.7762502360174
2020-07-25,-7.11544089762877,-47.8631328013975
2020-07-26,-7.91698951577657,-56.2633156565572
2020-07-27,-4.03754385379554,-16.2204037656485
2020-07-28,-3.51356786480944,-9.89869677577802
2020-07-29,-6.1630677115143,-42.5773916367831
2020-07-30,-4.68378997561354,-25.5225332444821
2020-07-31,-4.01289084320142,-16.8475962606227
2020-08-01,-4.56931086343653,-19.4738768797866
2020-08-02,-8.96886970252541,-61.9145322265226
2020-08-03,-11.6050535311401,-78.1562998537948
2020-08-04,-13.1930077056576,-93.0799971583975
2020-08-05,-7.8749090376967,-37.7223494212824
2020-08-06,-5.34158974740656,-28.3371437266386
2020-08-07,-5.2330866466507,-30.7058299038258
2020-08-08,-5.12845552826854,-29.7199602511772
2020-08-09,-4.84620332218735,-27.1856717855529
2020-08-10,-5.31427068648506,-27.7754823211951
2020-08-11,-5.20965660931934,-24.8685613077409
2020-08-12,-5.15916268602958,-25.7451043514208
2020-08-13,-6.60509958022753,-39.3776072756525
2020-08-14,-9.93079610783857,-72.5433054485573
2020-08-15,-5.99022589418449,-37.8732139528736
2020-08-16,-7.24612569480487,-45.6513345999648
2020-08-17,-10.7912533033863,-81.9357299858493
2020-08-18,-8.90787264030412,-62.222575466538
2020-08-19,-6.22279981283062,-34.8796560980456
2020-08-20,-4.9669449134018,-28.3998772919325
2020-08-21,-4.42905417916965,-21.5474129208987
2020-08-22,-8.92691621978981,-62.0889756979949
2020-08-23,-10.9156575319954,-80.30330610445
2020-08-24,-9.31933871932456,-69.4403768633956
2020-08-25,-5.7994476712937,-22.1339738588557
2020-08-26,-6.57648307726769,-42.9679206512722
2020-08-27,-6.77339580928972,-41.0346322783259
2020-08-28,-9.20630617669117,-61.0483754565626
2020-08-29,-11.7173736448302,-82.8626253029714
2020-08-30,-13.1387731946509,-86.4613401616909
2020-08-31,-12.9798231628236,-82.8572154462314
2020-09-01,-10.8495975044488,-84.2319151290057
2020-09-02,-10.4002841392419,-74.7107431373555
2020-09-03,-8.57993414620736,-52.1290104287316
2020-09-04,-4.24772555454656,-20.6527460502558
2020-09-05,-6.70138194889281,-51.6451316916451
2020-09-06,-9.64386918717429,-77.5235327048905
2020-09-07,-11.1994758192471,-89.8362815553808
2020-09-08,-6.76186650371356,-46.2929152346834
2020-09-09,-5.88575632099681,-40.0891063731873
2020-09-10,-7.29230929436545,-53.9103791919153
2020-09-11,-6.95012728674115,-50.611809277911
2020-09-12,-6.63447270840551,-47.206271643412
2020-09-13,-5.47338926345199,-34.3894252207109
2020-09-14,-5.86352968892577,-41.907939864704
2020-09-15,-6.48568900977398,-48.5870419485358
2020-09-16,-7.19709591913813,-53.8315032444805
2020-09-17,-7.25769412602197,-51.0974733606815
2020-09-18,-6.34923231262494,-44.0639452234098
2020-09-19,-6.60555661674885,-46.2586447661504
2020-09-20,-7.78838933923723,-53.9441817708558
2020-09-21,-9.19546295270117,-68.732495521071
2020-09-22,-9.78128510119636,-73.3266311709427
2020-09-23,-10.4868124855662,-83.1156472268316
2020-09-24,-9.67869172087741,-59.6677644104268
2020-09-25,-14.7527811217995,-91.8313165348374
2020-09-26,-17.0384010382767,-122.197596374798
2020-09-27,-12.9722973627602,-80.7532162360787
2020-09-28,-15.1011229538378,-101.186125744054
2020-09-29,-14.6527864109911,-98.289768203134
2020-09-30,-9.54165731875572,-62.477599323809
2020-10-01,-9.18424730010014,-66.2481003795261
2020-10-02,-10.0147617046969,-81.6402358852294
2020-10-03,-11.5631529883835,-75.9320971617436
2020-10-04,-12.6899353449916,-86.7030138861488
2020-10-05,-14.1878389081797,-101.254410646872
2020-10-06,-11.801066213691,-75.3570206950235
2020-10-07,-14.9956605593768,-115.822534320593
2020-10-08,-11.1127497168347,-66.3923208806584
2020-10-09,-10.2479140083362,-76.0576051163603
2020-10-10,-13.6824482286156,-95.6294162145925
2020-10-11,-17.0785222508864,-128.846213064613
2020-10-12,-16.3024919018152,-124.678438495197
2020-10-13,-15.4566317229299,-115.474658136012
2020-10-14,-13.9621867853607,-98.661735346912
2020-10-15,-17.4336774927465,-132.592849900927
2020-10-16,-17.0332073212041,-129.948578649333
2020-10-17,-16.1580209439049,-122.603883192143
2020-10-18,-14.208423525152,-103.073563993362
2020-10-19,-12.3720403784112,-80.3493095577098
2020-10-20,-9.53120014902133,-55.444554876999
2020-10-21,-9.74359827687878,-68.4685304584707
2020-10-22,-9.98553615001786,-73.3188105562356
2020-10-23,-11.7840357029203,-87.5698265236144
2020-10-24,-14.5937009794602,-105.008859551774
2020-10-25,-11.227489473368,-70.0234404293694
2020-10-26,-13.5156115643124,-86.3466821836237
2020-10-27,-16.2024357842592,-119.840810350658
2020-10-28,-14.0104149786806,-98.8216598750634
2020-10-29,-16.0227511093511,-122.258073924789
2020-10-30,-12.1062713073799,-85.2311456609294
2020-10-31,-9.5777055721806,-64.0339425952575
2020-11-01,-12.452158851577,-107.377956483219
2020-11-02,-10.3506448354531,-94.9836174693236
2020-11-03,-12.8900929349961,-103.426715400107
2020-11-04,-16.294549001685,-127.310588364725
2020-11-05,-16.7394168552944,-132.060467908084
2020-11-06,-12.7578028178273,-90.5244361411529
2020-11-07,-10.7341526623058,-82.9879723999631
2020-11-08,-11.1338666110614,-84.066970934083
2020-11-09,-13.0927894344103,-99.7996311962975
2020-11-10,-13.2893738525634,-96.4782126604572
2020-11-11,-14.311469808533,-105.497807154734
2020-11-12,-14.178135415449,-105.198319764472
2020-11-13,-13.7484903707642,-99.0959024370737
2020-11-14,-12.8524011766013,-96.7269774209145
2020-11-15,-12.0725765676233,-87.8423313302473
2020-11-16,-15.8566869051194,-123.079031953877
2020-11-17,-13.8672005142391,-98.7801178775485
2020-11-18,-11.2454388178874,-82.9098332862695
2020-11-19,-12.3494084244907,-79.9522817047722
2020-11-20,-18.1690301767627,-140.523511501567
2020-11-21,-16.5166780390379,-118.28122043295
2020-11-22,-12.9287820465472,-88.4009128507098
2020-11-23,-16.3538467416383,-127.114193989815
2020-11-24,-13.6192888735276,-96.0905618624422
2020-11-25,-13.7925096939526,-105.306735027942
2020-11-26,-14.8772401449702,-110.910813524433
2020-11-27,-14.7728553088243,-108.906948477761
2020-11-28,-14.4290777065892,-104.855521526997
2020-11-29,-16.2968249350684,-125.256151317643
2020-11-30,-16.2105862684762,-123.232907914565
2020-12-01,-17.6942160094148,-136.416089808399
2020-12-02,-18.9793894376255,-146.644162000424
2020-12-03,-17.9260983530185,-138.742107015333
2020-12-04,-16.0710122076734,-120.749043064886
2020-12-05,-16.7760069298817,-129.342279173632
2020-12-06,-17.662829686868,-137.772032921418
2020-12-07,-18.6742438286187,-144.552235437913
2020-12-08,-17.5847923011808,-131.876345010369
2020-12-09,-18.8322645068886,-149.105688433305
2020-12-10,-17.987509905759,-133.16655500538
2020-12-11,-17.6461735308653,-133.187543145649
2020-12-12,-16.9106192382996,-128.020691160472
2020-12-13,-16.6853984216787,-128.238932446156
2020-12-14,-14.6687786208356,-108.342224294542
2020-12-15,-14.5080886702322,-112.107800734233
2020-12-16,-14.2403031434738,-106.356797620202
2020-12-17,-14.785014125258,-111.471199951018
2020-12-18,-14.1788467405092,-103.990988746313
2020-12-19,-14.1358594929791,-102.9750743764
2020-12-20,-14.6645413361693,-109.569652607073
2020-12-21,-15.5286012562518,-118.021314497133
2020-12-22,-14.580401495696,-108.9268588489
2020-12-23,-13.4747099826823,-102.354624961971
2020-12-24,-14.8775897295113,-109.97900131977
2020-12-25,-17.5416697301775,-133.586395322962
2020-12-26,-20.7403549056576,-153.356193645454
2020-12-27,-17.1757527646424,-116.484188633207
2020-12-28,-17.9696704227867,-135.93692514068
2020-12-29,-17.1230966048441,-125.537687077178
2020-12-30,-18.63176238579,-141.99372299814
2020-12-31,-18.0861654186169,-141.679004025874
2021-01-01,-16.3160875839236,-120.391652480112
2021-01-02,-16.9572519291184,-129.599621171184
2021-01-03,-16.1908625047885,-120.189229987266
2021-01-04,-16.9112761934505,-129.27449796999
2021-01-05,-18.4149722281989,-139.362544468078
2021-01-06,-21.2048558146744,-168.552719545381
2021-01-07,-20.750079601612,-155.022930499005
2021-01-08,-21.2546919681814,-158.148143194021
2021-01-09,-20.3695819236277,-147.508618900301
2021-01-10,-19.483380665344,-144.389097579246
2021-01-11,-18.5305642081547,-132.93375012882
2021-01-12,-17.8947814083923,-138.880884113448
2021-01-13,-17.6480507936566,-138.182133901867
2021-01-14,-17.5413707365277,-135.037485416162
2021-01-15,-19.3297726349361,-146.641119349037
2021-01-16,-22.2214098547887,-158.283519562683
2021-01-17,-19.1027200503922,-146.679366975764
2021-01-18,-19.6731790328942,-149.284020041642
2021-01-19,-16.6255340584149,-118.995388642226
2021-01-20,-15.5334733179801,-118.095347841521
2021-01-21,-15.7552975025246,-123.336900849913
2021-01-22,-14.6656806671432,-112.689034174615
2021-01-23,-16.8075543317283,-125.815646270266
2021-01-24,-19.915069625584,-148.399001996826
2021-01-25,-20.7205062718751,-157.473984788241
2021-01-26,-21.5803833286424,-168.614434276519
2021-01-27,-20.0706562393672,-144.263885897156
2021-01-28,-16.4625027561917,-124.207409906493
2021-01-29,-16.8449660715249,-134.611243279576
2021-01-30,-16.7065622919588,-131.996799173068
2021-01-31,-16.4572875918019,-130.36676852807
2021-02-01,-16.2396100334429,-128.330164451999
2021-02-02,-16.2911842816507,-131.196018277702
2021-02-03,-15.1442635048158,-119.725317141237
2021-02-04,-14.0135922237298,-107.728572737774
2021-02-05,-13.552198598603,-105.246318936801
2021-02-06,-13.9658148518652,-113.422541546994
2021-02-07,-14.3726930453525,-104.158351628896
2021-02-08,-18.0978677223992,-146.316021619702
2021-02-09,-17.3115024411949,-138.854312598825
2021-02-10,-17.7346985362432,-141.649294450776
2021-02-11,-21.2875569000363,-162.950366596078
2021-02-12,-19.7366747654092,-147.757443997553
2021-02-13,-22.968212587345,-177.064030862489
2021-02-14,-20.5924859146091,-149.764713242866
2021-02-15,-15.7049742585901,-112.540544260397
2021-02-16,-14.9978889189775,-117.860729326773
2021-02-17,-15.5096385106853,-127.119395852919
2021-02-18,-13.4433434844406,-99.4460116645751
2021-02-19,-13.4479363617867,-105.129521107111
2021-02-20,-12.504002378644,-95.2578511212644
2021-02-21,-11.5877742765224,-85.4572824694107
2021-02-22,-12.7517644934012,-95.0822394500418
2021-02-23,-11.4136111388051,-92.6543020728366
2021-02-24,-11.3397231471869,-89.786375823999
2021-02-25,-10.7999190631235,-78.341797797623
2021-02-26,-12.7029038939208,-99.8559430018859
2021-02-27,-16.8282865180696,-140.69803789942
2021-02-28,-12.5854346256037,-94.8501262483817
2021-03-01,-12.1681263424433,-86.0440995451469
2021-03-02,-11.6406272762427,-80.9704889170422
2021-03-03,-13.5254034265798,-99.3604729232406
2021-03-04,-13.8386772816018,-104.029946454444
2021-03-05,-16.8634593890713,-131.507483067391
2021-03-06,-14.5857184658304,-105.752721904086
2021-03-07,-15.2221389731879,-116.176118466427
2021-03-08,-16.3918124901637,-126.79400871633
2021-03-09,-17.1424952040958,-133.366262641743
2021-03-10,-16.6431510701653,-131.445980126426
2021-03-11,-11.1353473001016,-71.2735204899715
2021-03-12,-15.8783444834186,-125.8855520347
2021-03-13,-13.1127233697428,-94.5857760396993
2021-03-14,-18.1016609159185,-144.842653358685
2021-03-15,-18.7369282372563,-146.998308133708
2021-03-16,-19.1074802875199,-154.796589006783
2021-03-17,-18.8524865013646,-151.102150890163
2021-03-18,-19.8571137160854,-154.502129947039
2021-03-19,-19.6311905475711,-147.528872587673
2021-03-20,-20.8774380111317,-157.582367629239
2021-03-21,-20.001626206063,-144.636650188479
2021-03-22,-18.2180295236028,-146.195312185459
2021-03-23,-15.4936036960512,-113.344014421348
2021-03-24,-12.8247607946162,-93.0127579864098
2021-03-25,-12.1189223418657,-89.317613553188
2021-03-26,-11.5428704855671,-81.9419782813948
2021-03-27,-15.9453745642189,-124.134222680469
2021-03-28,-12.0754834068256,-86.4942346171297
2021-03-29,-10.585723399788,-73.8994666478196
2021-03-30,-8.82457283254788,-65.6334253835931
2021-03-31,-9.22091057561596,-75.6304683695009
2021-04-01,-9.92751614132876,-77.5327495967158
2021-04-02,-11.1382174550432,-89.0032928690531
2021-04-03,-14.867663089648,-117.604477229544
2021-04-04,-13.7083749180083,-101.909745975591
2021-04-05,-11.8133574808809,-80.8681890476903
2021-04-06,-19.1790102452199,-153.722536546835
2021-04-07,-20.6982893687384,-165.694655063503
2021-04-08,-15.4834323544831,-118.889476269891
2021-04-09,-11.7981106572007,-81.2680658021364
2021-04-10,-14.0740903176733,-107.024500856489
2021-04-11,-13.1372604186188,-103.867166886584
2021-04-12,-15.0632514687591,-106.353838784352
2021-04-13,-17.8235498423057,-144.416526684544
2021-04-14,-17.2371356737242,-129.931062088111
2021-04-15,-17.2434304342103,-137.711351658823
2021-04-16,-14.6519817959237,-107.048289381405
2021-04-17,-14.8776576181358,-113.099645694286
2021-04-18,-15.6725957672342,-124.903741434546
2021-04-19,-15.2326226392585,-121.125457406187
2021-04-20,-13.1431145925305,-99.6796145880433
2021-04-21,-12.2106081423254,-89.7058544707854
2021-04-22,-13.1094988590141,-98.8482553439156
2021-04-23,-11.3925508168599,-85.462087734467
2021-04-24,-10.3353133689539,-74.2137952908558
2021-04-25,-11.3890872097013,-93.6882647150194
2021-04-26,-13.4023538483277,-102.59173155529
2021-04-27,-11.4191556121284,-86.4284770188038
2021-04-28,-11.7988282813173,-87.3155876131923
2021-04-29,-12.8241497418734,-95.2313774605093
2021-04-30,-11.2567630442376,-79.0427412351817
2021-05-01,-13.077055137112,-83.2351603745946
2021-05-02,-15.9071203480262,-120.534203486182
2021-05-03,-12.5848676388746,-86.5320784545875
2021-05-04,-11.4931136339739,-70.4877327707579
2021-05-05,-14.3171857928748,-93.4341574523113
2021-05-06,-12.1266095956923,-73.5962436063255
2021-05-07,-14.4498321337074,-100.934038818232
2021-05-08,-8.6082548765,-41.3193804377405
2021-05-09,-6.75448831295443,-44.2636400628705
2021-05-10,-8.41926209381326,-69.3075129412436
2021-05-11,-11.4094560709478,-65.0073171343089
2021-05-12,-13.3719457440726,-92.6681272627598
2021-05-13,-14.2673621298871,-97.0587925989643
2021-05-14,-11.6269297517142,-77.0889812027866
2021-05-15,-12.4549619655815,-80.170271844261
2021-05-16,-11.6899989676927,-74.0531841872353
2021-05-17,-13.780062140422,-96.7193505984041
2021-05-18,-12.8418063599521,-84.5105344359461
2021-05-19,-15.4205509341298,-113.719157260473
2021-05-20,-12.6270969178745,-88.5845988409846
2021-05-21,-11.9690551445457,-78.1970754249954
2021-05-22,-11.0215154082261,-69.0816118021012
2021-05-23,-12.4478515972832,-86.6267512013984
2021-05-24,-11.8941393168526,-76.6067237628668
2021-05-25,-13.5395885061728,-97.208129457927
2021-05-26,-9.83580493004504,-53.0698858381018
2021-05-27,-12.7681895140632,-99.8045317336239
2021-05-28,-8.89221645239811,-50.1443680237987
2021-05-29,-10.7242777551872,-79.3570696149942
2021-05-30,-10.1216260677144,-66.3154071027597
2021-05-31,-8.74579889876898,-54.8730664338879
2021-06-01,-7.21845819735275,-43.3658207099859
2021-06-02,-8.96815522404145,-62.170768594906
2021-06-03,-6.85977334238736,-41.2913893797139
2021-06-04,-7.74637116172136,-56.5657814689795
2021-06-05,-8.89382246581867,-60.1445914689663
2021-06-06,-11.170335756643,-80.7449325530322
2021-06-07,-8.78845239715683,-66.3009422674569
2021-06-08,-9.82439056352663,-74.6732401929543
2021-06-09,-8.27493236358705,-58.4283363204146
2021-06-10,-7.16969082938723,-40.3618320396772
2021-06-11,-7.65313015447099,-49.7194927903685
2021-06-12,-5.86498148949628,-40.4145120492142
2021-06-13,-7.49700694510802,-55.3897144912532
2021-06-14,-4.34896645386596,-24.1323316092591
2021-06-15,-4.41109894028822,-27.4049944189324
2021-06-16,-5.27298102488063,-34.6473367947876
2021-06-17,-5.3576858006834,-35.7619812416286
2021-06-18,-5.39323710433893,-35.2004585061905
2021-06-19,-3.96068467996636,-21.9964174277009
2021-06-20,-5.98773434346247,-34.3702163920197
2021-06-21,-4.94584595638522,-27.864342989317
2021-06-22,-5.87992883702264,-38.610140449782
2021-06-23,-6.89917082206494,-51.3084505839629
2021-06-24,-6.71940481629238,-44.8546066500072
2021-06-25,-8.76663024916276,-70.6324309865435
2021-06-26,-6.11621607492507,-40.2841307785171
2021-06-27,-4.85189261222193,-30.4410980560031
2021-06-28,-4.8494857770939,-27.8231150292239
2021-06-29,-6.11921133747062,-34.2617522407059
2021-06-30,-11.4487056335783,-85.7386504884551
2021-07-01,-10.689879974049,-75.6468397217405
2021-07-02,-7.08251449478275,-50.4243482129686
2021-07-03,-6.50189990859179,-37.0629096737225
2021-07-04,-9.54670421090006,-69.7608272814387
2021-07-05,-8.1924739586877,-53.2987628035589
2021-07-06,-3.49956293457215,-11.2445455540736
2021-07-07,-11.2253451170705,-86.6464329201757
2021-07-08,-11.1152188412393,-82.1855292129106
2021-07-09,-8.94525987541294,-58.0527803411453
2021-07-10,-5.07555375668427,-23.1966754119832
2021-07-11,-7.12904699066319,-44.6997476242455
2021-07-12,-3.41212588491509,-7.06001561445753
2021-07-13,-9.02325140618331,-55.7534315779724
2021-07-14,-11.6437769425488,-85.3002410683217
2021-07-15,-9.8393293855871,-68.9861709259794
2021-07-16,-9.31805950341658,-69.3228796031329
2021-07-17,-10.542363072521,-78.2204539130112
2021-07-18,-10.9440622266335,-84.2586877414672
2021-07-19,-5.29317685733187,-31.0792417067597
2021-07-20,-6.00624304671101,-40.4935717558786
2021-07-21,-5.28315480566821,-31.7625349945501
2021-07-22,-6.43372367354353,-44.5408326671401
2021-07-23,-4.48619435710527,-24.824551251252
2021-07-24,-5.83845679061397,-32.1623048825455
2021-07-25,-9.36025665667509,-67.2338982431745
2021-07-26,-7.09648847902163,-43.4444462764839
2021-07-27,-6.59388555444151,-35.4066717056052
2021-07-28,-11.1222107445575,-84.2917748304049
2021-07-29,-5.39692680473256,-30.0785950969259
2021-07-30,-4.75671409988592,-23.4094246225412
2021-07-31,-8.65614861084393,-64.1813185880789
2021-08-01,-11.8044513813207,-86.5297052479397
2021-08-02,-10.3583657784518,-70.2834745539115
2021-08-03,-10.2800938917906,-70.7946545270901
2021-08-04,-12.3369549343235,-91.9148590753207
2021-08-05,-9.65394649101488,-68.9954903312785
2021-08-06,-6.9311838013015,-41.791384265163
2021-08-07,-6.80880475649129,-34.9436296305377
2021-08-08,-9.76261698838838,-76.2094540899792
2021-08-09,-7.75813340719431,-49.9913412578866
2021-08-10,-5.90443005182012,-34.1054101681774
2021-08-11,-5.87130342350646,-35.2327596531124
2021-08-12,-4.54528131411394,-22.9851461626035
2021-08-13,-5.43415095952335,-33.9270306577821
2021-08-14,-4.82281822041491,-27.0964693048357
2021-08-15,-4.80126242215142,-25.816661950227
2021-08-16,-8.13955996690542,-51.3172542327744
2021-08-17,-9.56467411841787,-71.8223580406361
2021-08-18,-8.40254083645742,-57.4130211229312
2021-08-19,-6.96452211071369,-41.4249315524465
2021-08-20,-6.48883626788036,-42.2617745922134
2021-08-21,-5.91176993460576,-35.2279649737176
2021-08-22,-9.29843062543653,-64.0420659994057
2021-08-23,-10.4335238988439,-79.7043746890253
2021-08-24,-10.1281492973732,-75.0781556752474
2021-08-25,-7.60655225006427,-49.9392436796526
2021-08-26,-9.1728037637666,-60.4650255781154
2021-08-27,-11.1776385425774,-79.3830712603218
2021-08-28,-12.8503481007609,-87.7032061030068
2021-08-29,-13.8897850060811,-97.0097253033628
2021-08-30,-12.5025817840914,-84.3003812548337
2021-08-31,-10.0027740109867,-74.7359519454243
2021-09-01,-7.97286837443963,-57.8285092371685
2021-09-02,-6.32337215479786,-42.9671423298215
2021-09-03,-7.27794395120076,-54.876130319991
2021-09-04,-7.77480572046696,-55.5041965937758
2021-09-05,-6.43056312350572,-42.6471877516256
2021-09-06,-6.35677453759681,-45.0266829140417
2021-09-07,-7.18181342961119,-51.2280784540325
2021-09-08,-6.52173151754809,-45.0870588882493
2021-09-09,-8.36568242615177,-63.6558237017442
2021-09-10,-7.14931123153008,-50.4429774032658
2021-09-11,-8.99785645948668,-70.8601720481121
2021-09-12,-6.62063531407914,-46.9606675235644
2021-09-13,-6.53260346816897,-47.0451170825432
2021-09-14,-6.39683994134256,-43.5846667998813
2021-09-15,-8.74950239290387,-65.351138638211
2021-09-16,-10.857892828041,-87.396835701391
2021-09-17,-8.69154078746432,-65.8664424762013
2021-09-18,-7.70072476085582,-49.814160397974
2021-09-19,-11.55206121937,-66.7290524666854
2021-09-20,-12.4684216681075,-85.4695274838687
2021-09-21,-9.9836192241496,-75.4556943462491
2021-09-22,-9.96111359014043,-61.1577469778802
2021-09-23,-6.83973514274085,-30.8081605391944
2021-09-24,-6.91542372330663,-44.6686461633789
2021-09-25,-5.38837143840005,-29.1110969476403
2021-09-26,-9.3669786613732,-69.0026080964909
2021-09-27,-8.59352599674711,-60.1715163557511
2021-09-28,-7.93661495513309,-57.4839904029829
2021-09-29,-11.0078062030571,-81.5554656404762
2021-09-30,-11.602981703082,-76.6672842987264
2021-10-01,-9.13640312276945,-62.3634112087627
2021-10-02,-9.43598442352677,-72.3531229031606
2021-10-03,-8.97503551316827,-76.1534494307174
2021-10-04,-10.8007651888347,-91.4802647968562
2021-10-05,-12.6232063351629,-106.973652692846
2021-10-06,-15.0731036323171,-110.284176101723
2021-10-07,-15.4649922696212,-115.887513712209
2021-10-08,-12.1620639289925,-84.6399707576946
2021-10-09,-12.585444756124,-90.9522781782612
2021-10-10,-12.7218804535471,-87.5540171728254
2021-10-11,-12.2046330955312,-80.1821729754082
2021-10-12,-15.9006349764044,-115.602598307873
2021-10-13,-15.774418840611,-119.600648746654
2021-10-14,-12.7641872780565,-83.535514321418
2021-10-15,-11.8500811677891,-76.8511001901315
2021-10-16,-11.5786753483964,-75.4774091608225
2021-10-17,-10.8369953949357,-66.9945134728589
2021-10-18,-10.6232476766481,-71.7078924197418
2021-10-19,-10.5587625841682,-78.6817797108647
2021-10-20,-6.94528581483497,-52.5797283361094
2021-10-21,-12.6932905634154,-86.0405764746662
2021-10-22,-12.993966679466,-89.9728923915413
2021-10-23,-12.6487373555786,-84.2447187239108
2021-10-24,-10.3987745996203,-61.9937224911496
2021-10-25,-11.6979031949165,-77.7075253530676
2021-10-26,-14.2514334404167,-99.7664393578178
2021-10-27,-11.2753554834166,-69.580997465431
2021-10-28,-10.7600570591345,-68.2110589501264
2021-10-29,-9.71207418399711,-64.2716627737188
2021-10-30,-12.4281624348138,-87.6305559220957
2021-10-31,-11.5610439955088,-79.7915704916169
2021-11-01,-15.5280369263257,-114.725221827256
2021-11-02,-16.462398022417,-128.392379611838
2021-11-03,-15.6210349577363,-116.478660573246
2021-11-04,-18.6202859169247,-143.125381926875
2021-11-05,-17.5714882758433,-133.200103054947
2021-11-06,-17.0995484239576,-128.982805594721
2021-11-07,-14.7319605616627,-105.563526989939
2021-11-08,-14.3538109497886,-101.850607165059
2021-11-09,-12.9100396740706,-83.2904706168184
2021-11-10,-11.2485771279504,-82.1005045777332
2021-11-11,-12.3049263236358,-95.225152974672
2021-11-12,-12.0153435731477,-91.3260064579578
2021-11-13,-15.5626865284905,-117.923148665289
2021-11-14,-18.4250695009333,-148.777526509927
2021-11-15,-16.1398236000608,-125.421107829865
2021-11-16,-15.6097038129802,-119.238405676617
2021-11-17,-16.9549075393661,-134.136825044054
2021-11-18,-16.84530470464,-131.788705108053
2021-11-19,-13.5050874123158,-95.5530716477324
2021-11-20,-12.8134967011936,-92.1266238519712
2021-11-21,-14.2944800491744,-106.984327589838
2021-11-22,-17.7502558133062,-139.418301627714
2021-11-23,-16.567419409775,-128.593656609017
2021-11-24,-14.4890912139134,-104.714409184852
2021-11-25,-15.5559709861182,-115.847071029805
2021-11-26,-18.2564274415702,-138.886907619493
2021-11-27,-18.6441773033139,-146.077052389989
2021-11-28,-20.7292885673038,-164.993877971072
2021-11-29,-21.3653245881102,-169.962660534028
2021-11-30,-18.8543553466215,-141.815443091837
2021-12-01,-15.6660860023378,-121.507990333563
2021-12-02,-17.3932781999726,-133.091194024265
2021-12-03,-20.0826277553404,-157.239712844669
2021-12-04,-16.3075341268981,-120.494309920036
2021-12-05,-18.1687512581311,-138.336356359336
2021-12-06,-19.7290448261774,-147.901563192629
2021-12-07,-18.9892744600373,-143.047861533725
2021-12-08,-17.9282299846661,-139.660805695513
2021-12-09,-19.3808220388389,-150.009855278626
2021-12-10,-19.2432503527761,-137.622101901096
2021-12-11,-19.0346334478193,-150.395450455479
2021-12-12,-17.2890077119626,-126.156093925385
2021-12-13,-15.3389418488373,-117.277996297806
2021-12-14,-14.5981700903345,-109.188112755453
2021-12-15,-14.5134388189834,-110.356783138833
2021-12-16,-14.1137322540045,-103.382905861942
2021-12-17,-13.3732908216841,-95.4054181293111
2021-12-18,-14.2879205348474,-104.02241846497
2021-12-19,-14.4078115369508,-107.25734653388
2021-12-20,-14.6619858813818,-108.17441717627
2021-12-21,-15.404670819544,-114.750030238839
2021-12-22,-16.0326317988444,-120.163477565354
2021-12-23,-14.2111735929053,-102.528738247537
2021-12-24,-15.7385047211433,-121.016594046327
2021-12-25,-14.8027559738495,-110.420929374133
2021-12-26,-15.9682751996237,-123.61143871468
2021-12-27,-15.3304426839567,-115.583241805311
2021-12-28,-16.1376448051856,-124.410189711946
2021-12-29,-14.2383557486122,-103.160929522926
2021-12-30,-14.4351568685487,-112.594201520908
2021-12-31,-12.0708064440689,-86.710949047226
2022-01-01,-11.8143872914273,-89.4862363195861
2022-01-02,-11.7997509469262,-93.38528689752
2022-01-03,-15.3016912147351,-120.248007443467
2022-01-04,-12.8231576084436,-95.5491165206375
2022-01-05,-14.100829661716,-89.4609469725572
2022-01-06,-20.1913944428121,-153.704317737241
2022-01-07,-19.1792405391118,-138.59952269738
2022-01-08,-19.2370419533913,-150.350149172327
2022-01-09,-18.6939519743441,-141.929823131993
2022-01-10,-19.6913146224807,-151.570401254834
2022-01-11,-20.0002746242343,-148.565046847238
2022-01-12,-17.7623342091585,-128.720473917226
2022-01-13,-15.0803158919328,-109.342932105667
2022-01-14,-13.3971560685092,-99.5595116997061
2022-01-15,-12.8427572227066,-93.5070459106021
2022-01-16,-14.4740643641797,-107.541118306082
2022-01-17,-16.8286190253142,-131.685249275445
2022-01-18,-15.0606021901424,-107.681931624797
2022-01-19,-13.6543796551505,-94.8915230453014
2022-01-20,-18.6134132383822,-147.416041053203
2022-01-21,-20.3747814766507,-160.512363258867
2022-01-22,-19.2999350893478,-146.101223551789
2022-01-23,-15.2416770249426,-113.18250601253
2022-01-24,-13.5562351116253,-98.163235612547
2022-01-25,-13.2898892682956,-98.306869837444
2022-01-26,-14.2162282991862,-107.908298918719
2022-01-27,-13.7347249103429,-101.108263008115
2022-01-28,-16.3984226328961,-126.910527656359
2022-01-29,-14.4047439688413,-102.748835378141
2022-01-30,-15.2609003061596,-114.580594488496
2022-01-31,-17.807474283584,-138.740443288384
2022-02-01,-18.3964425167646,-146.313488868093
2022-02-02,-18.3344868991247,-151.153614984135
2022-02-03,-15.7310570192317,-126.095491596745
2022-02-04,-14.8338066353023,-115.885131058259
2022-02-05,-17.5376693875414,-140.505172162837
2022-02-06,-16.306166215561,-125.842447664415
2022-02-07,-17.5430684533834,-130.785480951541
2022-02-08,-15.5542820197768,-111.017247828723
2022-02-09,-11.7132574990531,-82.460174315932
2022-02-10,-13.7513587916632,-106.2241463601
2022-02-11,-17.896761242749,-133.485712582268
2022-02-12,-16.3501954284962,-111.689978037383
2022-02-13,-14.6644735854732,-108.000208576681
2022-02-14,-15.3441127459496,-113.918029507991
2022-02-15,-18.2223807364401,-146.290186821507
2022-02-16,-16.2716482565442,-120.907273819184
2022-02-17,-15.581958936129,-128.100363545377
2022-02-18,-10.655234096751,-70.8037164187503
2022-02-19,-15.3672861641179,-117.820287012206
2022-02-20,-15.3921657592631,-114.675201424152
2022-02-21,-17.0610652748407,-136.641967170562
2022-02-22,-17.6955798276272,-146.363712336094
2022-02-23,-14.697606705812,-116.844956606687
2022-02-24,-13.8850682124472,-105.806488078372
2022-02-25,-17.4898360733877,-140.551010099625
2022-02-26,-18.8145129639981,-149.558199136968
2022-02-27,-17.8696545500037,-131.505847840024
2022-02-28,-16.0038412242066,-123.680844927075
2022-03-01,-14.8025266437329,-105.02086991138
2022-03-02,-13.5991656575999,-94.9095979612681
2022-03-03,-14.6902439555631,-115.996916294169
2022-03-04,-16.859489800446,-128.514075823277
2022-03-05,-17.4677160428165,-130.148582211388
2022-03-06,-18.3533378624836,-134.86072466564
2022-03-07,-17.4361199199352,-123.507023183698
2022-03-08,-15.4575157610889,-109.022909205296
2022-03-09,-13.8021191225215,-100.342093546999
2022-03-10,-12.2838703405947,-85.4710956642281
2022-03-11,-13.5313887711717,-99.4551714922161
2022-03-12,-13.7826826468686,-103.693726905996
2022-03-13,-12.7333763145163,-90.6251382924398
2022-03-14,-12.5324577178554,-92.571363330801
2022-03-15,-15.2706840640211,-118.050557711065
2022-03-16,-11.7146267361249,-85.1395352655508
2022-03-17,-12.9796700231453,-100.678240236862
2022-03-18,-16.579370908039,-134.349295516048
2022-03-19,-13.2134555784839,-101.527000664129
2022-03-20,-13.2846473290955,-100.476961117227
2022-03-21,-12.8122914530056,-93.8888946860188
2022-03-22,-11.4630528990908,-80.4003808503363
2022-03-23,-10.8492389392193,-74.787285451037
2022-03-24,-11.2360740506608,-81.9136383516887
2022-03-25,-11.7559173144846,-86.4738341740553
2022-03-26,-11.4398355033001,-83.1359624175899
2022-03-27,-10.8061431318874,-76.3267958879528
2022-03-28,-11.1326725573712,-80.915841067412
2022-03-29,-12.3112768914386,-91.5961592397743
2022-03-30,-15.3744943918716,-122.28288209674
2022-03-31,-15.8253777714427,-123.401340917092
2022-04-01,-17.3535264036343,-136.29681672372
2022-04-02,-19.4271316542642,-154.899430557832
2022-04-03,-18.4604552541451,-145.918915468002
2022-04-04,-15.2150298948636,-113.269188869373
2022-04-05,-13.9782713517863,-105.152444578231
2022-04-06,-11.9411551306286,-86.202157741619
2022-04-07,-13.0742872534219,-97.2442184804807
2022-04-08,-12.4040362362662,-89.7465695176947
2022-04-09,-14.9047846393223,-111.456506560822
2022-04-10,-16.1123550886826,-129.822272504338
2022-04-11,-9.47414948943258,-57.6380057971479
2022-04-12,-7.95578191197109,-49.6600221639928
2022-04-13,-7.79764882754737,-64.8626370860147
2022-04-14,-8.56299550754825,-68.6495357023567
2022-04-15,-10.7942745539477,-95.799283697044
2022-04-16,-13.0317955270408,-100.568941218109
2022-04-17,-11.8933488427925,-88.8656854606267
2022-04-18,-11.6254505099485,-86.8975675963626
2022-04-19,-11.7401025199211,-88.6178275243791
2022-04-20,-11.1201849520276,-84.3558898843552
2022-04-21,-10.6838397125712,-76.2618058992529
2022-04-22,-12.046556110961,-89.7672556400209
2022-04-23,-11.6610800845779,-92.1211123022415
2022-04-24,-13.1032604876566,-97.8877067876034
2022-04-25,-13.4837587320252,-104.37887185629
2022-04-26,-13.9401014682191,-104.239515402871
2022-04-27,-11.6439006715919,-88.1651642593882
2022-04-28,-10.4797615627976,-78.0229659261863
2022-04-29,-9.60036113963255,-67.6073616423401
2022-04-30,-14.7585276054734,-112.93364454487
2022-05-01,-12.5226163600384,-82.791722796898
2022-05-02,-10.9510206996657,-66.9093716032198
2022-05-03,-12.4010084073877,-82.4599659332944
2022-05-04,-12.980269116871,-94.6626437001833
2022-05-05,-12.1561579002267,-81.5602654993636
2022-05-06,-14.3092720442022,-108.187768494738
2022-05-07,-13.4026121688541,-105.531162422994
2022-05-08,-11.186827192265,-87.3772867354766
2022-05-09,-9.33545345747076,-56.3504293437733
2022-05-10,-7.95670829161665,-48.1816707111587
2022-05-11,-5.55694700206623,-40.2046240523706
2022-05-12,-5.91287114161094,-46.5214086523567
2022-05-13,-8.97283072885877,-76.9071342456715
2022-05-14,-7.09603239154095,-55.1180566953548
2022-05-15,-5.67124950999488,-42.0988232495141
2022-05-16,-9.11285428820758,-72.2275386086655
2022-05-17,-6.80175169632797,-52.8820133637296
2022-05-18,-5.95001181413905,-44.6537943215267
2022-05-19,-5.51619584916618,-39.9333680815496
2022-05-20,-3.81086717007085,-22.0429403699275
2022-05-21,-7.48555640304849,-63.6588513741112
2022-05-22,-6.42121389007601,-48.6676062971668
2022-05-23,-5.64087687345407,-40.629500180418
2022-05-24,-12.0058918472979,-99.1752191133887
2022-05-25,-11.7236066678174,-92.5583664136831
2022-05-26,-7.55235002678747,-60.8706907770428
2022-05-27,-7.01662403251084,-58.5918000348451
2022-05-28,-11.1959836203648,-83.1705223620884
2022-05-29,-13.6788643088802,-94.339251490905
2022-05-30,-14.0720477643581,-98.6242851584658
2022-05-31,-8.17677739098325,-41.3841957878547
2022-06-01,-8.62831875946353,-57.5834820715676
2022-06-02,-7.85540641661943,-56.246746310346
2022-06-03,-6.91057618454869,-41.2768894962619
2022-06-04,-4.32818152511741,-18.2556367682798
2022-06-05,-5.24026861848589,-24.3429992264954
2022-06-06,-6.16201770022896,-38.0731036549906
2022-06-07,-11.2876380805976,-86.4348361742472
2022-06-08,-7.63687317947156,-51.7067589823697
2022-06-09,-12.7008977404938,-93.5933185442964
2022-06-10,-10.2241343024546,-69.2033025378244
2022-06-11,-5.97214254251063,-31.2120787382194
2022-06-12,-4.68050822380107,-28.0933557953637
2022-06-13,-9.31133906253871,-69.3604294270395
2022-06-14,-4.71348331904461,-23.8912137984767
2022-06-15,-5.56814889199868,-34.747972728809
2022-06-16,-7.23186914618767,-50.8603664032645
2022-06-17,-6.5867383952361,-51.1963902892063
2022-06-18,-3.50129489764432,-17.7323188091096
2022-06-19,-4.04067079221142,-26.8121469881048
2022-06-20,-6.79809763052701,-51.4038396586698
2022-06-21,-6.21396183243122,-40.1969139774714
2022-06-22,-9.34064958930989,-68.5759549265945
2022-06-23,-3.9913085904771,-18.1367485145251
2022-06-24,-8.9060537825573,-61.3640980222471
2022-06-25,-5.79985202057879,-36.2830400745999
2022-06-26,-5.52976036713154,-31.4971440996864
2022-06-27,-3.89175994661574,-19.8659500875133
2022-06-28,-10.560164957574,-81.3515852802618
2022-06-29,-7.94101005701846,-61.3242827011863
2022-06-30,-4.48586238749816,-27.5130635080137
2022-07-01,-9.92272309874316,-70.8164753191015
2022-07-02,-3.97305898690635,-16.471611381372
2022-07-03,-4.3210599115537,-24.6480632908752
2022-07-04,-6.94235230623504,-42.283726206402
2022-07-05,-8.18954201292954,-58.9706450269415
2022-07-06,-6.69228505707127,-50.0462617055172
2022-07-07,-8.64785235062891,-62.9758987723685
2022-07-08,-7.39494139719491,-57.2830012229029
2022-07-09,-6.14136170803739,-32.9494294214156
2022-07-10,-9.13504166508487,-67.460566383446
2022-07-11,-5.28017753977272,-30.5594221427936
2022-07-12,-5.44752594565672,-34.7919037499999
2022-07-13,-3.3366245881682,-10.8774661433988
2022-07-14,-4.75610867078602,-31.2616094568504
2022-07-15,-6.23627244050227,-45.8893521640799
2022-07-16,-4.88934516485789,-29.1349506079539
2022-07-17,-3.89662887471405,-17.9886335331851
2022-07-18,-4.1271855474444,-21.7650952832235
2022-07-19,-3.06429582577575,-11.4310465207294
2022-07-20,-6.22281798905519,-40.4490827634253
2022-07-21,-7.21940633351214,-55.737786451768
2022-07-22,-3.84562557562244,-18.2264893321107
2022-07-23,-7.59333306809331,-50.6766852535723
2022-07-24,-4.16136345876189,-21.2973794477695
2022-07-25,-4.14431124050068,-15.712147242372
2022-07-26,-9.18896097737976,-72.6768484434964
2022-07-27,-7.18023779311518,-55.7512704103502
2022-07-28,-4.1917915255615,-20.9724077785511
2022-07-29,-7.69503515445329,-48.7616560178955
2022-07-30,-9.68324507559525,-70.6558247070644
2022-07-31,-7.52611688737336,-50.0359972631627
2022-08-01,-6.07113608179102,-41.392423750628
2022-08-02,-4.93523747541987,-26.8143811114748
2022-08-03,-4.58040792728128,-24.2914310077236
2022-08-04,-4.52316911469577,-26.8639651350522
2022-08-05,-5.72413614547917,-32.0156575331961
2022-08-06,-9.44047838335071,-70.6246994342216
2022-08-07,-8.37228423869983,-63.0458179792064
2022-08-08,-6.5848046179354,-47.4015781518095
2022-08-09,-5.46599845698156,-32.291069060683
2022-08-10,-5.90753647590817,-36.1619662658981
2022-08-11,-6.00464880190067,-38.8335936509917
2022-08-12,-6.69982340312353,-45.836512711841
2022-08-13,-5.83707992293841,-32.283824391877
2022-08-14,-5.38227074853197,-28.4819871511481
2022-08-15,-7.62935144476087,-51.90396943777
2022-08-16,-4.85309733441196,-21.3125388721631
2022-08-17,-5.71927400733401,-30.7810087108285
2022-08-18,-8.94950772923738,-60.9759240708561
2022-08-19,-12.2807569057259,-94.0325786059079
2022-08-20,-10.3729382056084,-79.3943528750515
2022-08-21,-6.25275415627323,-35.7222426898119
2022-08-22,-6.81172809152669,-43.3054946066708
2022-08-23,-6.33384408681417,-37.6144846562094
2022-08-24,-5.64250379339705,-31.434093415017
2022-08-25,-5.57241642003471,-31.9557105506986
2022-08-26,-6.4155460579034,-42.5304841099801
2022-08-27,-10.17736856077,-74.4663751175684
2022-08-28,-6.37964049797874,-39.3018894672667
2022-08-29,-5.80969034248796,-33.4466032005195
2022-08-30,-6.47464620464064,-40.1788892209611
2022-08-31,-11.579018816178,-87.4439321897421
2022-09-01,-8.5241148680496,-65.92243118584
2022-09-02,-6.93481320054805,-46.5969661327353
2022-09-03,-10.8405066788051,-83.6650697444005
2022-09-04,-6.62449286995691,-44.7372487112848
2022-09-05,-6.88718138470279,-48.8133599344791
2022-09-06,-7.00802040085375,-50.4152688591737
2022-09-07,-8.38038709780129,-64.4113723733698
2022-09-08,-8.96211584114885,-70.7981961134113
2022-09-09,-9.70894076277533,-73.8052604356118
2022-09-10,-10.6862187657542,-75.9181085506042
2022-09-11,-9.46403652994733,-72.8402382594754
2022-09-12,-6.38789400668126,-34.0641144575563
2022-09-13,-4.8647655420573,-27.8855696018051
2022-09-14,-7.95621027424954,-56.542931979778
2022-09-15,-10.0116055932847,-81.841953166737
2022-09-16,-11.9161490994325,-79.0896295411043
2022-09-17,-15.4901054001949,-107.691601746184
2022-09-18,-12.3728574361237,-76.6653858975638
2022-09-19,-13.8484920460414,-94.1833187093194
2022-09-20,-11.9931306454107,-72.2999269139854
2022-09-21,-10.656237732317,-58.0679267187267
2022-09-22,-10.2535455998304,-55.9530106820362
2022-09-23,-9.71660609010161,-52.9908522357598
2022-09-24,-12.3730872636,-89.0765762576487
2022-09-25,-12.8624547711816,-82.5758526426161
2022-09-26,-13.0828947199766,-91.4531441171439
2022-09-27,-15.1101677842408,-106.854407957472
2022-09-28,-14.0078524742199,-90.6576121887981
2022-09-29,-15.2945271660479,-106.862348950109
2022-09-30,-15.6345707912771,-108.49943004972
2022-10-01,-14.3002734623307,-102.512223013511
2022-10-02,-9.53360880313424,-79.4422843384872
2022-10-03,-11.4909967321144,-87.0709583761322
2022-10-04,-8.48231554461265,-45.3476583709416
2022-10-05,-6.14268066837055,-44.7214889445391
2022-10-06,-8.93789213079078,-75.9209147512193
2022-10-07,-7.71466232390762,-59.7325538076845
2022-10-08,-10.141381202523,-76.570692546519
2022-10-09,-12.6899456084746,-108.061858849732
2022-10-10,-10.771150811908,-85.7595721864398
2022-10-11,-10.6541229992888,-77.9319164824521
2022-10-12,-9.61713513536538,-76.2041705514319
2022-10-13,-10.9142484925459,-80.8273512892704
2022-10-14,-11.7564019719448,-91.0573203965688
2022-10-15,-9.36706542956927,-76.2288852377249
2022-10-16,-8.05927509739316,-67.540697670866
2022-10-17,-7.00760320419814,-52.4617434149217
2022-10-18,-8.39870626478702,-70.0752839200554
2022-10-19,-7.71544135658143,-62.7754301389956
2022-10-20,-8.34888605380132,-67.106497729596
2022-10-21,-10.330048085537,-87.4005303842339
2022-10-22,-11.2052999938256,-85.972868325079
2022-10-23,-9.20517681258496,-61.9872224887097
2022-10-24,-12.6708971927281,-103.698640751407
2022-10-25,-11.1783799569774,-80.6668208032443
2022-10-26,-10.1243971485383,-81.7487368003069
2022-10-27,-7.58040796602607,-55.1290983492902
2022-10-28,-7.24986403205115,-57.0724709457528
2022-10-29,-7.30299407332801,-59.5093034174705
2022-10-30,-7.34773703241643,-59.7207265161662
2022-10-31,-8.49848083113251,-68.1038614114327
2022-11-01,-12.767562345984,-105.270872912125
2022-11-02,-14.4499805182739,-113.16043288959
2022-11-03,-13.169534519111,-94.5666830149948
2022-11-04,-15.8687230176027,-119.025226684516
2022-11-05,-17.741861990468,-141.907506577652
2022-11-06,-15.0265706776517,-109.689796036404
2022-11-07,-14.2559178251038,-105.826397105044
2022-11-08,-12.6551669499428,-94.9319109787485
2022-11-09,-13.9136356312759,-104.009984845846
2022-11-10,-14.9967989021963,-118.930593367443
2022-11-11,-11.5737863420356,-78.8521268342661
2022-11-12,-10.7551258178824,-91.0115787925546
2022-11-13,-11.24667683143,-91.8704306022868
2022-11-14,-15.0024766574031,-113.617943942905
2022-11-15,-14.5308935997141,-107.654861328664
2022-11-16,-16.0866312846917,-122.522614068628
2022-11-17,-14.26882105214,-105.078762391805
2022-11-18,-16.5532789161665,-126.025737953255
2022-11-19,-17.1211286468298,-135.200485072727
2022-11-20,-18.0431188828788,-142.808223503477
2022-11-21,-17.056878087289,-130.91966398365
2022-11-22,-18.027336853511,-140.915429117196
2022-11-23,-17.5330061844825,-134.415369266804
2022-11-24,-17.2176060459727,-133.26130042349
2022-11-25,-15.8197799905015,-120.214247869221
2022-11-26,-17.1317617566225,-130.661370001616
2022-11-27,-14.601652640618,-101.883757193497
2022-11-28,-16.0723107307154,-121.542835168799
2022-11-29,-18.7403725888062,-151.019121226001
2022-11-30,-18.8365373183999,-151.710165385044
2022-12-01,-17.8712087010724,-139.159523653853
2022-12-02,-16.8925006509342,-127.820749891928
2022-12-03,-14.5906175103309,-103.412477444615
2022-12-04,-15.8908261913605,-122.559011232078
2022-12-05,-16.8675712646352,-125.570481960147
2022-12-06,-16.7571452303606,-125.217727461449
2022-12-07,-17.9420836256702,-138.140743028767
2022-12-08,-16.5645568965755,-121.409365203755
2022-12-09,-17.0429351095414,-132.397554424576
2022-12-10,-17.733251539486,-133.53967990267
2022-12-11,-21.9504138895658,-156.370241808207
2022-12-12,-22.146304991643,-156.002035207267
2022-12-13,-18.9004955254813,-134.539712499289
2022-12-14,-14.4922752796282,-100.207295234174
2022-12-15,-15.2522995496213,-115.046696565302
2022-12-16,-16.4610508261852,-120.505474531933
2022-12-17,-19.4876019403713,-150.70060918461
2022-12-18,-15.9493296360716,-112.635170489716
2022-12-19,-13.3135834550649,-96.1055361286004
2022-12-20,-13.02836763106,-102.347784769587
2022-12-21,-14.4779881023842,-110.173344959779
2022-12-22,-13.4210954023174,-97.9259609544385
2022-12-23,-15.104753186985,-114.810400954279
2022-12-24,-16.2345798685733,-129.656921920561
2022-12-25,-13.7475924021559,-102.790219796635
2022-12-26,-14.3205659896795,-108.218007136539
2022-12-27,-16.5357293769996,-126.880062782399
2022-12-28,-15.336348777645,-112.28656544733
2022-12-29,-15.1523683242429,-114.931371462367
2022-12-30,-14.5372490064988,-107.946913945493
2022-12-31,-11.835157866921,-84.3576624785253
2023-01-01,-12.1320126415943,-95.1357234370736
2023-01-02,-13.2464733542378,-99.1647470857389
2023-01-03,-16.2290658595753,-127.204557863666
2023-01-04,-14.8368728334225,-111.553530627838
2023-01-05,-14.2936231571421,-107.052102928962
2023-01-06,-12.3488766800579,-86.1712196309798
2023-01-07,-12.3935708373687,-87.0569192901666
2023-01-08,-16.0083355354361,-125.823707295113
2023-01-09,-15.947241061257,-123.614150894405
2023-01-10,-18.1599433676813,-139.790520027517
2023-01-11,-15.7173079961963,-121.096772564591
2023-01-12,-15.5507643802921,-115.614035352676
2023-01-13,-14.5297968440191,-108.919661075813
2023-01-14,-14.540393100163,-103.753262837454
2023-01-15,-13.8283517368087,-92.3733076060145
2023-01-16,-17.5020151039943,-131.526854649766
2023-01-17,-17.569955021552,-131.052415964687
2023-01-18,-18.0542645000244,-138.944310909315
2023-01-19,-22.6060359238394,-167.251236812688
2023-01-20,-23.1793096000323,-172.074136929524
2023-01-21,-21.6487456324777,-168.641452854316
2023-01-22,-21.6520984512798,-167.004316785856
2023-01-23,-20.842223180635,-154.411882484655
2023-01-24,-15.8658395106492,-118.298402151179
2023-01-25,-15.2895977181662,-114.528306679866
2023-01-26,-18.4081360626264,-134.030038094142
2023-01-27,-22.2099668824344,-164.531999345387
2023-01-28,-20.7991910322264,-151.416528845389
2023-01-29,-17.632717297571,-121.758750204527
2023-01-30,-16.613411390765,-127.772786462179
2023-01-31,-16.7615074816024,-125.337692034001
2023-02-01,-17.5743209233893,-141.250075488892
2023-02-02,-18.8599055866547,-154.967849078948
2023-02-03,-15.527645375345,-117.147533259338
2023-02-04,-16.9876797441911,-136.114421538469
2023-02-05,-18.9837615569367,-149.234242544074
2023-02-06,-19.0467932896061,-154.124682428179
2023-02-07,-18.7092100583859,-141.281681417775
2023-02-08,-18.5679887820397,-137.309594476862
2023-02-09,-19.1011020913384,-142.371069657093
2023-02-10,-16.7217170759441,-119.188812269316
2023-02-11,-13.9894132873504,-101.205104142253
2023-02-12,-13.0077807672635,-97.6451889893197
2023-02-13,-12.7220700998175,-96.3376319510197
2023-02-14,-11.4725689513196,-81.3936259233802
2023-02-15,-11.6232558530891,-86.162820828283
2023-02-16,-13.8459936286734,-109.355415833323
2023-02-17,-14.2782387803074,-112.735567148262
2023-02-18,-12.4189260136,-92.8932070995123
2023-02-19,-13.9868219354525,-110.62991416232
2023-02-20,-12.00449542281,-86.4903627734449
2023-02-21,-12.3510530895767,-96.3228140357238
2023-02-22,-12.2200659205673,-91.0428282834469
2023-02-23,-14.9054006597181,-117.724264982634
2023-02-24,-13.9277781647468,-107.368483594013
2023-02-25,-16.6673624851269,-131.78359308665
2023-02-26,-20.6556775431168,-166.716192305496
2023-02-27,-18.7886523721779,-147.246206974961
2023-02-28,-15.9554789792903,-123.576026166158
2023-03-01,-14.6832498147505,-107.176662206355
2023-03-02,-13.3060763127738,-97.7281281993897
2023-03-03,-15.0962569170245,-115.960809023885
2023-03-04,-14.9378797462972,-110.795106241038
2023-03-05,-14.8236514027587,-108.491292202105
2023-03-06,-16.4069147384299,-126.214967950868
2023-03-07,-14.0119281423398,-99.2136485224362
2023-03-08,-12.9398064606477,-87.298712911171
2023-03-09,-13.7968930950007,-104.548858151179
2023-03-10,-14.4668139563073,-108.04184265246
2023-03-11,-18.0761137098978,-145.150243245734
2023-03-12,-16.1429720872345,-128.040447141868
2023-03-13,-10.1650308758947,-62.725315668991
2023-03-14,-14.0880550344934,-102.996880205942
2023-03-15,-17.5222228596949,-141.677740252175
2023-03-16,-12.0459328389711,-77.5016476844684
2023-03-17,-9.96050587939454,-68.505740099282
2023-03-18,-11.6338453559422,-85.5495931604931
2023-03-19,-14.1873792993886,-108.064651423349
2023-03-20,-13.9451834030004,-109.654609232405
2023-03-21,-12.1111114060451,-86.8315264994449
2023-03-22,-10.1948677938182,-69.3846354775991
2023-03-23,-10.3830833630347,-76.183360519763
2023-03-24,-12.3300793995931,-86.5300187288191
2023-03-25,-16.598006542976,-132.702262967668
2023-03-26,-14.927272480372,-109.594066592786
2023-03-27,-17.6404386379086,-138.817330400116
2023-03-28,-16.4351717977758,-128.990389650039
2023-03-29,-13.8725229205343,-98.5048033245172
2023-03-30,-12.0569593682153,-84.1139669388486
2023-03-31,-13.9775481368269,-102.655733591382
2023-04-01,-15.8212515474887,-124.71200487281
2023-04-02,-15.2734930364189,-119.942802626966
2023-04-03,-16.2605013751008,-127.722733023082
2023-04-04,-15.6097460672804,-120.474064783958
2023-04-05,-15.0496474874087,-113.715743990992
2023-04-06,-14.3186644470545,-107.087363431512
2023-04-07,-14.3312735456751,-108.672558595322
2023-04-08,-16.6839769500463,-133.628426427815
2023-04-09,-13.9369538395325,-111.050031910827
2023-04-10,-11.3427360483967,-79.3842986602704
2023-04-11,-15.5041623704069,-121.40264189431
2023-04-12,-11.7391021340831,-81.728102589023
2023-04-13,-17.0182438055592,-133.287015687985
2023-04-14,-16.1233001980167,-125.499040493988
2023-04-15,-15.6039961132896,-116.863589642318
2023-04-16,-16.3020809991995,-132.779938137729
2023-04-17,-14.8849675398221,-117.950945367933
2023-04-18,-11.5882680205023,-85.3119256474094
2023-04-19,-13.0474004089899,-98.5815118325386
2023-04-20,-14.7769086590448,-112.723828415614
2023-04-21,-12.1558315701079,-90.927669593932
2023-04-22,-9.05606050503736,-59.6139069878838
2023-04-23,-11.955316422534,-86.2466189150022
2023-04-24,-14.6296646151282,-117.798394342026
2023-04-25,-15.0552984749307,-122.490768843376
2023-04-26,-12.5060386673672,-95.9488981186717
2023-04-27,-10.7071690371303,-80.5204337952264
2023-04-28,-13.8532295161463,-117.822966411286
2023-04-29,-10.4446467616424,-88.407804329817
2023-04-30,-9.99550421269963,-75.483970223036
2023-05-01,-14.3824482880488,-95.2700879601044
2023-05-02,-13.7001911055678,-93.592902185928
2023-05-03,-10.039640399071,-58.3938403001497
2023-05-04,-8.2324740863166,-46.6119497803268
2023-05-05,-7.45254796543204,-46.9408292378581
2023-05-06,-8.35692803641465,-58.3332232656297
2023-05-07,-8.2129826942312,-55.4371853783983
2023-05-08,-11.5153053808338,-94.6532700488117
2023-05-09,-8.6754537102443,-60.6154499856966
2023-05-10,-14.4242893149675,-94.7416229927037
2023-05-11,-15.1878775481335,-107.708409290299
2023-05-12,-12.0562321762879,-84.2559072439891
2023-05-13,-11.8866632587783,-82.4545479138165
2023-05-14,-13.6497117636353,-99.3541511757572
2023-05-15,-13.5253097077064,-98.97534688549
2023-05-16,-14.5253416547002,-107.931439351272
2023-05-17,-15.8168511233395,-117.833983831287
2023-05-18,-12.207948071015,-78.6580798816849
2023-05-19,-10.5719471252414,-72.0265552712048
2023-05-20,-9.34542496489507,-60.051921717011
2023-05-21,-8.01116888594014,-59.5379469820123
2023-05-22,-6.76688650619775,-46.447874967667
2023-05-23,-8.19392178807111,-66.5787399203258
2023-05-24,-12.9149049348454,-99.9182344347675
2023-05-25,-7.95669331310757,-50.3391145242483
2023-05-26,-6.44818303540651,-46.1868097610303
2023-05-27,-6.80203309267286,-48.8024901956476
2023-05-28,-8.40978231000958,-63.3754606730283
2023-05-29,-7.50102624596353,-51.8927195344392
2023-05-30,-7.7086140038898,-55.3338709516137
2023-05-31,-8.57989526293138,-53.5735149500752
2023-06-01,-7.71758670095775,-52.3153774776386
2023-06-02,-6.10458986785602,-38.4956623821924
2023-06-03,-7.12202412410355,-48.104365348556
2023-06-04,-11.1606166679142,-86.3196243519689
2023-06-05,-9.89606398311607,-65.5120611242757
2023-06-06,-7.72163389404201,-47.5435519603585
2023-06-07,-6.20214401585757,-42.1292675842573
2023-06-08,-8.04014698852658,-53.133677187068
2023-06-09,-5.8075194858817,-32.1484157077074
2023-06-10,-7.2704833557463,-52.995643482167
2023-06-11,-6.44561209593463,-42.7023505389382
2023-06-12,-5.79058574604897,-40.831929996746
2023-06-13,-6.12789944653216,-44.4237858506005
2023-06-14,-6.82068497293152,-51.4943102375943
2023-06-15,-7.78495461070087,-53.353425980488
2023-06-16,-9.1525854215493,-65.0848373239817
2023-06-17,-6.71646885746685,-42.6827601379955
2023-06-18,-4.67772231398348,-23.0584741061342
2023-06-19,-6.12212068362274,-38.845729247474
2023-06-20,-4.64936923891414,-25.0818779166977
2023-06-21,-5.87264870271315,-41.1117793688907
2023-06-22,-4.17142259409066,-18.5186290111371
2023-06-23,-10.0458566852167,-75.8470217725699
2023-06-24,-6.94363516562575,-48.2543887313202
2023-06-25,-4.57687627471542,-27.8771488810486
2023-06-26,-6.35277455207437,-49.154516975183
2023-06-27,-8.5366951280372,-68.8967296346414
2023-06-28,-9.59067677680463,-72.4828946451991
2023-06-29,-4.45981465360809,-23.9650538952827
2023-06-30,-10.2932270398251,-83.5293029726066
2023-07-01,-8.43505982201752,-63.0124597905003
2023-07-02,-9.10097025352528,-67.9218735799808
2023-07-03,-7.86311189091863,-62.0868759343045
2023-07-04,-7.55953937541268,-53.0846761401157
2023-07-05,-8.05724116831814,-54.0965621509946
2023-07-06,-7.43594873578472,-46.4857829837572
2023-07-07,-4.11291324199354,-16.2921500631237
2023-07-08,-5.68011008997664,-33.1112366416434
2023-07-09,-3.66501614001045,-16.3576383190874
2023-07-10,-4.57437465859766,-27.2064895897054
2023-07-11,-2.98809267975372,-4.37633980557942
2023-07-12,-6.88906156073204,-43.7542817687676
2023-07-13,-9.02811221699532,-62.9960530851165
2023-07-14,-3.81261172781741,-11.1495325069626
2023-07-15,-3.97153510873543,-18.0913064723081
2023-07-16,-3.84369405810421,-17.5308125595928
2023-07-17,-5.9854931804239,-39.9925497201986
2023-07-18,-3.15909899679501,-5.55434737682297
2023-07-19,-6.89861764805499,-50.4258909589617
2023-07-20,-6.15953618302635,-43.510917586557
2023-07-21,-9.71546654267809,-71.9119388630583
2023-07-22,-8.1695938574617,-58.670759718696
2023-07-23,-5.32148027440738,-26.775404589411
2023-07-24,-8.82470689800204,-59.5027796099336
2023-07-25,-10.0116943238628,-66.6460327513387
2023-07-26,-13.0938864607503,-90.7029955521811
2023-07-27,-7.33201581369932,-25.2079521080756
2023-07-28,-6.09631101897482,-35.7215601942085
2023-07-29,-5.93938782172867,-29.8406089580414
2023-07-30,-8.39175891166075,-61.3700753831287
2023-07-31,-6.2647185060301,-39.8246884362888
2023-08-01,-9.13530941593856,-64.4462332732458
2023-08-02,-4.65590375850639,-17.2849058702222
2023-08-03,-8.8516024111735,-65.3122589243519
2023-08-04,-10.7145475066535,-76.8049980763769
2023-08-05,-11.9799357727123,-90.2167039440852
2023-08-06,-12.727028533527,-87.0901408892892
2023-08-07,-13.4672966758624,-88.0712153682972
2023-08-08,-9.16771611928742,-46.5529544514255
2023-08-09,-9.97952731377589,-68.0683854848215
2023-08-10,-7.27860227034806,-45.529125040268
2023-08-11,-4.67642220928686,-23.0977117560699
2023-08-12,-5.98254950467176,-34.5620736041232
2023-08-13,-3.33308933963915,-8.2258310824835
2023-08-14,-5.45234013180658,-33.2969357243354
2023-08-15,-6.08605413772952,-36.749112118963
2023-08-16,-4.16559053042261,-15.9122540353803
2023-08-17,-5.89218846363708,-28.6804876526686
2023-08-18,-4.44987842272117,-18.9468962921671
2023-08-19,-4.75885112696496,-25.5244566218832
2023-08-20,-4.3520101168747,-21.6479729685061
2023-08-21,-4.83148656163745,-26.8001979464121
2023-08-22,-4.76568446369027,-27.1798880221376
2023-08-23,-5.22450263727887,-31.1624355688157
2023-08-24,-3.91404038583141,-11.8529827895847
2023-08-25,-5.21463990530883,-28.8081032284719
2023-08-26,-6.02527009842004,-30.1676263416554
2023-08-27,-11.4063875277607,-79.7421876943043
2023-08-28,-13.6793596434795,-93.1666006342989
2023-08-29,-14.6946889034866,-96.8278174383363
2023-08-30,-12.5602814409722,-86.9821990113282
2023-08-31,-10.2720543417092,-59.9230149438902
2023-09-01,-5.95965945822372,-36.8940872978531
2023-09-02,-5.74354464319843,-37.6382340437111
2023-09-03,-6.46526975678187,-45.6053681074382
2023-09-04,-4.37314455054212,-24.1499357008179
2023-09-05,-5.43085866189286,-38.4095572675736
2023-09-06,-4.9426767241151,-30.9946609194504
2023-09-07,-5.18921855325594,-35.4646387064021
2023-09-08,-6.10082696653704,-43.7736355965161
2023-09-09,-7.01243537983224,-52.0826324866309
2023-09-10,-7.92404379315115,-60.3916293767576
2023-09-11,-8.83565220310191,-68.7006263621469
2023-09-12,-9.74725672631334,-77.0097326336849
2023-09-13,-10.6588468735905,-85.3193911791187
2023-09-14,-8.66322324220413,-69.2552398508817
2023-09-15,-8.56448111763388,-63.2701203580852
2023-09-16,-6.7986636359019,-45.9554270525979
2023-09-17,-6.67611651117619,-48.6205203652059
2023-09-18,-8.75527437979113,-59.8078081988131
2023-09-19,-8.31987249803806,-63.2754472961555
2023-09-20,-6.78616674798067,-41.2213998774211
2023-09-21,-7.48055139750211,-53.7710415020335
2023-09-22,-12.1957599358872,-69.6793983631319
2023-09-23,-14.6519421018401,-97.1526911835638
2023-09-24,-11.3767131991771,-74.6575000642485
2023-09-25,-7.79856068462301,-30.6808655193948
2023-09-26,-6.24728233155873,-39.1590654445855
2023-09-27,-5.97647940411751,-37.0989487721219
2023-09-28,-7.18654463597724,-50.8418765060681
2023-09-29,-6.30341286724659,-41.1663560730474
2023-09-30,-8.51358144255253,-67.7968750964316
2023-10-01,-6.37220055882336,-44.5036907717892
2023-10-02,-5.34348594712327,-40.8509072559591
2023-10-03,-5.76900330438949,-43.4265244474819
2023-10-04,-10.1243962438516,-89.3872664208686
2023-10-05,-8.73819736265284,-64.5884790610223
2023-10-06,-7.43012532881979,-45.5494682839658
2023-10-07,-7.57205098618555,-60.2304319160423
2023-10-08,-7.40216472988293,-58.6420584129143
2023-10-09,-7.0584501606375,-57.045540806349
2023-10-10,-7.75692620691092,-63.8620852818721
2023-10-11,-6.75553473538127,-53.3888554640849
2023-10-12,-7.64877221900989,-63.1318869868555
2023-10-13,-6.02328016159854,-44.4100930367115
2023-10-14,-9.95969283489612,-71.4233843649022
2023-10-15,-14.7886803184648,-106.013176420454
2023-10-16,-11.3463443699922,-69.2992604754851
2023-10-17,-11.5628342198853,-74.3220216266734
2023-10-18,-8.73780423501328,-57.7475457385023
2023-10-19,-10.7090111433977,-93.1063122714709
2023-10-20,-9.74933794889854,-73.4733335139625
2023-10-21,-13.5930955315189,-93.1809967995977
2023-10-22,-12.3963551414574,-84.861543400107
2023-10-23,-11.5465578808149,-79.4891805903926
2023-10-24,-12.1378204052945,-84.0079136780687
2023-10-25,-11.4191690755412,-76.7510456864774
2023-10-26,-12.6817334841687,-92.0307445868752
2023-10-27,-13.9903779514709,-99.5942333420153
2023-10-28,-11.6946972000331,-73.6174436181972
2023-10-29,-11.45474526002,-82.5332655601087
2023-10-30,-10.339245557519,-61.7626106555597
2023-10-31,-15.70780028118,-114.439498606678
2023-11-01,-14.9225404063855,-110.099369523525
2023-11-02,-13.3875342567878,-91.9950071595475
2023-11-03,-17.6214754668985,-133.338941480606
2023-11-04,-16.7847143672548,-125.666514272357
2023-11-05,-15.8496992717212,-121.098638737283
2023-11-06,-14.7248213897811,-108.043853490786
2023-11-07,-16.367864443811,-126.347443590949
2023-11-08,-15.934327768504,-118.57786893934
2023-11-09,-15.1815785790166,-110.870248970909
2023-11-10,-16.9943296024779,-128.633880984563
2023-11-11,-18.0186559268121,-140.428877504996
2023-11-12,-17.2624041299926,-127.521449478343
2023-11-13,-14.631786814751,-108.969649594192
2023-11-14,-14.7884118061251,-117.582103048648
2023-11-15,-16.2575256910765,-124.844442438109
2023-11-16,-14.8355774002389,-105.16074849153
2023-11-17,-15.8204546574528,-116.046832692847
2023-11-18,-16.8702613734221,-125.344920556144
2023-11-19,-16.0284773128242,-124.288127585966
2023-11-20,-14.9782664529142,-112.640573317131
2023-11-21,-17.6237780747953,-139.863420767678
2023-11-22,-17.4777519254694,-134.094399122653
2023-11-23,-14.2694181217777,-98.1556497640101
2023-11-24,-15.8306214105766,-112.60770455114
2023-11-25,-20.6447123935513,-161.560260921916
2023-11-26,-20.4137875504011,-156.557509760258
2023-11-27,-17.6243025347106,-125.212718155174
2023-11-28,-18.7114939730852,-142.704850449915
2023-11-29,-20.5004205021605,-153.469892897899
2023-11-30,-17.0565982860949,-126.521234793728
2023-12-01,-16.7655325042839,-129.837822060955
2023-12-02,-18.4043647241808,-137.138778640654
2023-12-03,-21.9873085060305,-159.719311198398
2023-12-04,-18.2964526140619,-135.657864130842
2023-12-05,-17.2956090529188,-132.998286682613
2023-12-06,-17.9921140459314,-140.539154094966
2023-12-07,-18.1335172717771,-136.7544087565
2023-12-08,-17.3055602340867,-135.982459894913
2023-12-09,-16.4530969178189,-126.876525554919
2023-12-10,-16.9045852966884,-132.605036352401
2023-12-11,-16.9203461600741,-132.90700410041
2023-12-12,-15.6984528068395,-122.555533400963
2023-12-13,-16.8532156982544,-131.446256364888
2023-12-14,-17.112792750125,-131.602074579057
2023-12-15,-17.6713317552887,-134.382294363918
2023-12-16,-17.0776893796853,-126.29248079808
2023-12-17,-14.3002324920007,-103.693766061751
2023-12-18,-13.3745136478262,-98.3971209434987
2023-12-19,-13.2917923045834,-96.8979165481965
2023-12-20,-15.4193093714086,-114.329028654139
2023-12-21,-16.2252640543899,-122.048901901525
2023-12-22,-16.8940139357237,-131.712964914131
2023-12-23,-14.3328280655458,-103.234606746059
2023-12-24,-13.9925290224548,-98.26105896553
2023-12-25,-13.4455263458512,-101.267782666506
2023-12-26,-13.2555218145346,-93.4268054169554
2023-12-27,-12.2371488125706,-81.9357294164043
2023-12-28,-13.6027997485471,-98.3237141703236
2023-12-29,-14.8451535777997,-112.408168185553
2023-12-30,-14.8866853895896,-112.328162722822
2023-12-31,-14.2148115011903,-101.233247866321
2024-01-01,-17.5421814995476,-135.173826304454
2024-01-02,-14.7512358405447,-104.388130168814
2024-01-03,-14.7136575219341,-111.676231768939
2024-01-04,-16.314646686965,-126.150952880521
2024-01-05,-15.8185604411967,-121.313763789177
2024-01-06,-17.791165161169,-140.279365656861
2024-01-07,-18.6710635921658,-147.450138846023
2024-01-08,-20.1753759146728,-159.623481747187
2024-01-09,-16.4874022154751,-116.155075118451
2024-01-10,-16.5641141959464,-126.308312632073
2024-01-11,-15.9772531015307,-120.177116568057
2024-01-12,-16.7895789283799,-128.283632532376
2024-01-13,-15.8303673740838,-115.615219688514
2024-01-14,-15.2161881769961,-112.806321317907
2024-01-15,-17.6708991441691,-134.332507179456
2024-01-16,-17.7211690400539,-123.229058719686
2024-01-17,-13.884722339467,-101.32632407343
2024-01-18,-14.6993535546148,-106.740881291551
2024-01-19,-20.8875731541753,-143.291242130886
2024-01-20,-20.6923992699173,-139.356556089493
2024-01-21,-14.8900318426304,-103.358155937196
2024-01-22,-12.7137093232864,-88.3005032661623
2024-01-23,-16.3073142830841,-130.557409773361
2024-01-24,-12.1092955492427,-83.9704043855194
2024-01-25,-14.7713117244582,-112.556718256792
2024-01-26,-14.941651725383,-114.487114634619
2024-01-27,-14.8751957249549,-114.578475866716
2024-01-28,-12.3427658707506,-86.3592869480032
2024-01-29,-11.8960082904736,-85.4643131911447
2024-01-30,-12.488475058171,-91.1044533250338
2024-01-31,-13.7743926862785,-103.704005862796
2024-02-01,-17.4936541878912,-143.828609528098
2024-02-02,-17.1864579930019,-140.207357639113
2024-02-03,-13.1265396418493,-100.999722099299
2024-02-04,-13.3999004429458,-103.662778576198
2024-02-05,-13.2300258398521,-102.096394213096
2024-02-06,-14.4013436703816,-111.651373402697
2024-02-07,-15.290593929787,-120.557137527805
2024-02-08,-14.2433392441505,-109.175793738679
2024-02-09,-14.5772431024434,-123.161677141066
2024-02-10,-14.0481552667438,-113.893412768537
2024-02-11,-16.3223484268463,-131.158514664574
2024-02-12,-16.8251525861756,-138.878839711648
2024-02-13,-15.976917231488,-129.68432514185
2024-02-14,-13.1333551324232,-97.93079207686
2024-02-15,-11.9394977300076,-88.4126075264488
2024-02-16,-12.2326731517207,-100.761298907756
2024-02-17,-14.9278782621416,-122.320329217769
2024-02-18,-12.8447056597709,-96.6396759419512
2024-02-19,-16.3557273349729,-133.472007207027
2024-02-20,-16.4610623688483,-135.428977141705
2024-02-21,-12.6572532356151,-88.8738499300945
2024-02-22,-14.3755342945719,-112.485836871596
2024-02-23,-17.128415442387,-130.373794981619
2024-02-24,-17.5989655436077,-136.740310901419
2024-02-25,-16.0984109640905,-127.63417618767
2024-02-26,-15.9060134534249,-128.801660036574
2024-02-27,-16.3281645809346,-134.565294690449
2024-02-28,-15.5063120480844,-126.951413866742
2024-02-29,-12.725217983549,-96.9001181814624
2024-03-01,-16.3828362371932,-127.586519524
2024-03-02,-13.5282316571622,-99.5942238519694
2024-03-03,-14.6145925343266,-115.161427301379
2024-03-04,-14.656953039582,-114.366391821568
2024-03-05,-16.4081637832102,-127.703993370299
2024-03-06,-18.0376079893097,-146.572164018414
2024-03-07,-15.5812972264384,-119.573361746288
2024-03-08,-14.4540547390683,-106.767076050656
2024-03-09,-13.443529616347,-99.0694858245288
2024-03-10,-14.6514569913033,-105.456902124408
2024-03-11,-15.3626695316343,-118.012701938474
2024-03-12,-16.3532084114667,-129.939907090325
2024-03-13,-16.2651433751272,-127.990416480563
2024-03-14,-11.6678060476747,-81.8904815465922
2024-03-15,-12.9414352579905,-98.6636515267474
2024-03-16,-15.1080278290138,-120.136097088892
2024-03-17,-12.6762240112998,-90.014913672023
2024-03-18,-16.9328102082552,-134.641059757065
2024-03-19,-13.2247893770513,-102.735367450332
2024-03-20,-10.6209178064237,-71.9932415202323
2024-03-21,-15.2374323327174,-126.560514566242
2024-03-22,-10.8157677444571,-75.0863402875589
2024-03-23,-13.6634730797703,-91.9727299850801
2024-03-24,-18.2290330287988,-144.013460098218
2024-03-25,-13.8578408811919,-102.034744596933
2024-03-26,-13.1225608608646,-97.6658034237235
2024-03-27,-13.9065879285838,-99.9550649999585
2024-03-28,-16.6844337980177,-131.473399704766
2024-03-29,-10.7388265074489,-65.4644765209977
2024-03-30,-12.0811238290316,-88.2828614290818
2024-03-31,-12.8868383281686,-95.1449489131209
2024-04-01,-14.9053380893706,-110.882518661059
2024-04-02,-14.1659422082595,-110.858344388511
2024-04-03,-13.1509645135457,-94.5729426474085
2024-04-04,-11.3311318466193,-79.7654698230865
2024-04-05,-9.12536945465239,-69.9087304165419
2024-04-06,-6.56271363753392,-56.1821623482645
2024-04-07,-7.22557277326553,-63.3547639538383
2024-04-08,-7.28753561080101,-65.8006847579435
2024-04-09,-9.40771957446041,-50.2787010530288
2024-04-10,-16.1895725630837,-131.98858451951
2024-04-11,-10.2113476676609,-68.866536889985
2024-04-12,-8.61934183115347,-63.1580562179161
2024-04-13,-6.89072403093121,-56.9103236119323
2024-04-14,-5.75032663985362,-53.0778215877446
2024-04-15,-9.40423085086308,-76.4479122681144
2024-04-16,-14.2215566981497,-111.001698533565
2024-04-17,-16.0868238522359,-128.797433976777
2024-04-18,-16.1137595450393,-128.920247608142
2024-04-19,-17.2275308867552,-135.816328283321
2024-04-20,-16.8828002468056,-135.450453931819
2024-04-21,-17.3825151105822,-137.834063885546
2024-04-22,-18.3256854697998,-146.589220851537
2024-04-23,-17.2965353663762,-137.130062423049
2024-04-24,-16.3494423895401,-131.105850978209
2024-04-25,-14.9436165653807,-116.099959003388
2024-04-26,-13.2752349177792,-97.1504259268019
2024-04-27,-12.6174463998846,-94.344788959391
2024-04-28,-10.4103553497775,-82.0726273599593
2024-04-29,-8.81899333409514,-59.6425917037161
2024-04-30,-8.20260644582586,-60.2800789655474
2024-05-01,-10.0178925413464,-79.3687060637989
2024-05-02,-10.2467077257186,-61.9516003529762
2024-05-03,-15.5375115764938,-113.484756890508
2024-05-04,-9.98799649435355,-58.6534651575833
2024-05-05,-10.04846765867,-64.1800558951583
2024-05-06,-11.302806751525,-79.7600776048835
2024-05-07,-14.475479105006,-112.117139741948
2024-05-08,-13.941873180546,-103.793267530428
2024-05-09,-9.89132387468486,-69.6008627436148
2024-05-10,-8.94567235656051,-57.7706211641542
2024-05-11,-7.70731531650945,-49.5703231878802
2024-05-12,-7.64210228020542,-55.4526613694111
2024-05-13,-10.9632120707952,-87.8528311279575
2024-05-14,-8.44614803438506,-55.7592942565489
2024-05-15,-10.6073965490691,-73.8042702259642
2024-05-16,-9.60881370433638,-54.3602154850465
2024-05-17,-10.9825857454365,-72.3281565823557
2024-05-18,-9.92753807962119,-58.5134758183521
2024-05-19,-9.00359791605252,-60.6089777256317
2024-05-20,-8.06493613935447,-49.8123816147371
2024-05-21,-12.5354685227065,-92.4718887933546
2024-05-22,-10.5025011036099,-75.8712628789824
2024-05-23,-12.022809039141,-90.0929938124413
2024-05-24,-10.661383954972,-72.8742641950605
2024-05-25,-12.8025731922031,-94.8029979900481
2024-05-26,-8.34114333630137,-48.1434466120052
2024-05-27,-8.8864983302704,-68.194847949542
2024-05-28,-11.5905628928713,-84.5136447752727
2024-05-29,-8.59712119525593,-48.9486803934933
2024-05-30,-9.98067268255309,-65.790076838219
2024-05-31,-16.4689074557577,-116.383719056339
2024-06-01,-14.3166133202449,-91.0251135040112
2024-06-02,-12.8966855599506,-88.423789737595
2024-06-03,-13.0143366158036,-97.1305044552274
2024-06-04,-7.84223530508231,-49.4427546813729
2024-06-05,-6.8920504512102,-42.3261148028198
2024-06-06,-5.5548307407932,-33.3153872364594
2024-06-07,-6.78789355019886,-47.1764717227312
2024-06-08,-6.01104277391366,-35.2567321900298
2024-06-09,-6.5571916602448,-38.402521919711
2024-06-10,-10.7064094718613,-84.6618487620051
2024-06-11,-12.818695030231,-85.6811232373931
2024-06-12,-12.9715737194546,-81.9574594102486
2024-06-13,-9.93652882775114,-68.4185280683145
2024-06-14,-8.50021164355962,-49.0109530791661
2024-06-15,-11.5241834901797,-86.8652531264083
2024-06-16,-7.07389478730032,-49.6992590888369
2024-06-17,-6.08970242796345,-38.7801858964961
2024-06-18,-5.00945651587797,-30.6302860134403
2024-06-19,-4.92387028227455,-32.1155491497186
2024-06-20,-8.21122067184755,-61.8753006705464
2024-06-21,-6.6719059227374,-33.3670994264922
2024-06-22,-7.73665088046845,-42.0244569822913
2024-06-23,-11.8553605410323,-82.2542473180489
2024-06-24,-6.93146143933977,-45.8539045161568
2024-06-25,-5.95252752413425,-36.8583872556344
2024-06-26,-8.5238780635772,-65.7426485344893
2024-06-27,-8.18859830064643,-58.7525406798051
2024-06-28,-5.02394740831744,-32.5882545850507
2024-06-29,-5.45001805749243,-32.7793011807944
2024-06-30,-7.32858748164416,-49.4905003926558
2024-07-01,-9.83557887581217,-71.5569165037917
2024-07-02,-10.4146281610174,-77.7015929787849
2024-07-03,-11.0933844424369,-78.8124408587149
2024-07-04,-6.96646899252462,-40.5287103627394
2024-07-05,-5.22815639008942,-28.1968016737526
2024-07-06,-7.16503000426689,-42.273638340704
2024-07-07,-10.446653780793,-76.1180932177934
2024-07-08,-5.8877023091209,-38.539106143171
2024-07-09,-4.81058719584498,-24.493067480077
2024-07-10,-5.93536945256738,-40.8636744022142
2024-07-11,-5.87230156920996,-38.7554860027492
2024-07-12,-5.95715415470195,-29.3356145716502
2024-07-13,-8.58222233344784,-64.4054481307005
2024-07-14,-5.92659722746716,-34.6275121563371
2024-07-15,-3.60561377801784,-14.5405627760996
2024-07-16,-7.54735988045785,-57.4171291272189
2024-07-17,-8.97811096715576,-67.937818160171
2024-07-18,-4.36281529823655,-23.7620502199558
2024-07-19,-5.44765567994969,-27.8822777835821
2024-07-20,-5.73779075408254,-33.0985494134821
2024-07-21,-6.08187190202908,-39.2518643804478
2024-07-22,-8.3327055906598,-60.0312591494677
2024-07-23,-7.15789906106911,-49.2991651230393
2024-07-24,-7.61663590246402,-56.2444761734474
2024-07-25,-5.06976373447986,-28.0165910519034
2024-07-26,-5.12656124983871,-30.4746655816557
2024-07-27,-4.2615894158892,-19.7498173966727
2024-07-28,-7.07779008191476,-52.1746236054867
2024-07-29,-5.30945508005636,-30.4326173084721
2024-07-30,-3.83622953982256,-17.3038868745823
2024-07-31,-3.34101461506878,-8.35699140663505
2024-08-01,-6.53143850728641,-39.2653003515648
2024-08-02,-8.40636264706624,-57.3882786024234
2024-08-03,-8.01015527056458,-53.6872187028214
2024-08-04,-7.53195800111267,-51.9821103846536
2024-08-05,-6.49605017761765,-44.8258782558685
2024-08-06,-4.54717629264761,-21.8275812891244
2024-08-07,-7.72915851237507,-51.0256013351747
2024-08-08,-7.42211608476016,-50.2826487049709
2024-08-09,-5.3540215581397,-29.4911158749729
2024-08-10,-4.21574791325486,-19.1286793887042
2024-08-11,-3.73484900833284,-16.0478365049511
2024-08-12,-5.26311002246366,-31.9812626300482
2024-08-13,-4.99033643832106,-25.3817294724375
2024-08-14,-5.62983492875888,-27.663093005057
2024-08-15,-5.2923741701623,-27.8530971755853
2024-08-16,-5.55105987864174,-33.8386132722742
2024-08-17,-7.9290407389383,-58.646281807128
2024-08-18,-10.9205170179908,-79.4076569244452
2024-08-19,-9.54069582221793,-70.4557582052779
2024-08-20,-5.55259535238122,-30.1097777972116
2024-08-21,-8.24548539618359,-61.3617007150747
2024-08-22,-4.66898599963415,-18.7907693759266
2024-08-23,-5.18455430686134,-28.0544729680088
2024-08-24,-4.57434411590445,-22.0562329256558
2024-08-25,-9.92392318469658,-70.4213946454456
2024-08-26,-10.361855660861,-78.9208293976457
2024-08-27,-5.21214380063601,-24.1094399556785
2024-08-28,-5.17976118432672,-23.6001569797379
2024-08-29,-5.40503391200733,-29.789564089629
2024-08-30,-4.869310306526,-23.6163486984854
2024-08-31,-6.03388685455376,-33.9689458235733
2024-09-01,-5.67685001005959,-37.4297221890859
2024-09-02,-7.04762558640359,-48.6577234157842
2024-09-03,-7.52647146159346,-53.2976595968413
2024-09-04,-8.68399462500674,-66.1059475889159
2024-09-05,-8.26951792248873,-58.304341684056
2024-09-06,-6.89400138480822,-50.5025319350146
2024-09-07,-4.88283187966951,-28.1215921548511
2024-09-08,-10.0573813752193,-75.7178829820525
2024-09-09,-11.5203065910904,-92.2522278179588
2024-09-10,-10.0927707768567,-74.7720125975846
2024-09-11,-9.53385665654911,-52.3228469520228
2024-09-12,-14.6602166968284,-100.801876293406
2024-09-13,-16.3782742871333,-115.395420304794
2024-09-14,-16.6800509877981,-117.808226077853
2024-09-15,-12.7171814020273,-81.7256620458579
2024-09-16,-15.7552827494325,-109.426476755254
2024-09-17,-12.1046365622052,-75.2365119443665
2024-09-18,-8.53809207684666,-39.0778400775896
2024-09-19,-9.56296061519406,-64.2339733143586
2024-09-20,-8.61949736817807,-50.0899028654229
2024-09-21,-8.22342486083338,-52.6894648988547
2024-09-22,-8.49512831691145,-56.2076337152162
2024-09-23,-9.55058118411372,-62.844461246401
2024-09-24,-11.731655744898,-82.4032846865273
2024-09-25,-9.86440706672499,-55.4693603270371
2024-09-26,-9.46554927285509,-44.3162322669646
2024-09-27,-8.8332348850651,-33.0463961940725
2024-09-28,-14.3578526172659,-95.3691633685917
2024-09-29,-11.6487375973937,-68.730026212831
2024-09-30,-9.54073694386251,-60.7073063086411
2024-10-01,-12.5310888527084,-98.9680708912017
2024-10-02,-12.2636748648459,-96.4024877436378
2024-10-03,-15.9153727411112,-122.527750916011
2024-10-04,-16.2420734869155,-123.888170176891
2024-10-05,-14.8647740328967,-109.275611594307
2024-10-06,-11.3183208159577,-68.912116594453
2024-10-07,-8.05381542393621,-54.4564541162457
2024-10-08,-10.7166924122188,-74.8103823639943
2024-10-09,-10.5614929522281,-66.5501802423951
2024-10-10,-11.1880262716466,-78.9026012624379
2024-10-11,-14.0342764783386,-102.497888677514
2024-10-12,-11.681579694762,-73.2544065154874
2024-10-13,-12.3505156682963,-95.8650518251141
2024-10-14,-11.4067424314288,-76.6713691172473
2024-10-15,-10.8277684205703,-86.4387551236573
2024-10-16,-9.10052682311653,-74.3554254513609
2024-10-17,-8.12692433794957,-65.9570319581116
2024-10-18,-9.75294639381444,-61.7520670327569
2024-10-19,-12.1164447010843,-84.3047707549423
2024-10-20,-8.95222106787714,-62.1825185955475
2024-10-21,-7.31357719201463,-54.8913553662604
2024-10-22,-10.0805282135595,-87.9373783681243
2024-10-23,-12.2357488223265,-102.089670892951
2024-10-24,-10.5600165630503,-79.6894709347759
2024-10-25,-10.4230903706866,-77.2354741706754
2024-10-26,-9.29516871644143,-71.5926594267083
2024-10-27,-10.3063303547432,-82.6651502617386
2024-10-28,-9.38114168991741,-71.1740215889194
2024-10-29,-9.78928426926685,-72.8362714829165
2024-10-30,-9.79153709121068,-71.8877666919268
2024-10-31,-9.93118669834178,-69.8741925314143
2024-11-01,-10.7300651512673,-85.9310031334343
2024-11-02,-11.7761005477746,-90.6217091919475
2024-11-03,-10.1307341641425,-82.6838307909902
2024-11-04,-10.1257872020316,-79.5433323562977
2024-11-05,-11.5559184156794,-93.1197930356687
2024-11-06,-12.7838186595628,-99.4416808216317
2024-11-07,-12.6570934454606,-94.8634980718286
2024-11-08,-12.4868409121342,-90.2878251289959
2024-11-09,-13.236007402061,-98.1363113356729
2024-11-10,-13.9802416497329,-103.015100241218
2024-11-11,-14.3599084350027,-105.649549911777
2024-11-12,-17.2135695130563,-136.494325654519
2024-11-13,-16.0508345545104,-121.272890152635
2024-11-14,-14.9150010823741,-107.92265442817
2024-11-15,-13.8005208083614,-94.7189356142917
2024-11-16,-14.5014325017222,-105.409193633957
2024-11-17,-15.4348077167362,-117.516503673979
2024-11-18,-15.3740174652591,-116.08704709119
2024-11-19,-15.360981301689,-114.065707752297
2024-11-20,-14.526259869803,-94.8840061387058
2024-11-21,-20.1859663553208,-151.038632118575
2024-11-22,-20.3768423599616,-157.033161265712
2024-11-23,-18.9448420633696,-139.505141822529
2024-11-24,-14.5982525140687,-103.319124039474
2024-11-25,-14.1799072814829,-103.19115429679
2024-11-26,-16.468657522917,-126.776211566336
2024-11-27,-15.244508734668,-115.191142673861
2024-11-28,-16.4765504003995,-123.314362580017
2024-11-29,-17.6133755268294,-135.178867708853
2024-11-30,-14.4526286110806,-101.164234866867
2024-12-01,-13.016697167334,-91.8900609799087
2024-12-02,-13.4990750037076,-99.2690424618499
2024-12-03,-16.651386369679,-128.415556965876
2024-12-04,-18.4048839238194,-145.053295723638
2024-12-05,-16.6616764581114,-118.637381083991
2024-12-06,-15.9396597563145,-117.561348828487
2024-12-07,-14.5629050928474,-98.5363049958663
2024-12-08,-18.1802340330367,-143.976080461741
2024-12-09,-18.3663399865515,-144.286404863571
2024-12-10,-17.9918225630354,-138.198998503565
2024-12-11,-16.661924434655,-124.906979845131
2024-12-12,-16.7823074758949,-127.452276139453
2024-12-13,-16.922475833945,-130.282801128013
2024-12-14,-17.1008808987808,-133.533810459291
2024-12-15,-17.7504094545339,-139.478286755101
2024-12-16,-13.3155401708598,-92.3384478898535
2024-12-17,-13.3608665934827,-97.6488835547861
2024-12-18,-12.8059817766661,-94.5831261681721
2024-12-19,-15.5473499571156,-116.662150098185
2024-12-20,-19.0962526900935,-146.741074375775
2024-12-21,-17.6671689083625,-127.8611635388
2024-12-22,-16.6703896915301,-120.429289289336
2024-12-23,-19.5535308657199,-152.00999266057
2024-12-24,-20.3619731431778,-152.503077680418
2024-12-25,-17.3705054662956,-121.184973398072
2024-12-26,-14.3999653595757,-100.395444651593
2024-12-27,-13.5387686868685,-98.0211444092133
2024-12-28,-13.4540171521556,-98.9915386971391
2024-12-29,-13.3536973305888,-97.6058914366229
2024-12-30,-13.7762814257364,-101.027220173951
2024-12-31,-13.7711308125069,-100.590088254463
