date,scenario,TWD_pd,TWD_md,TWD_pdn,MDS_norm,year,month
2011-01-01,control,94.59470045,118.5061205,0.6119582035033281,0.1682344733321407,2011,1
2011-01-01,irrigation stop,240.71960176666667,291.07088573333334,1.7890112916071048,0.4320536789380035,2011,1
2011-01-02,control,118.5061205,130.71315175,0.7850446779281454,0.08351046327949153,2011,1
2011-01-02,irrigation stop,296.88453696666664,328.3012431,2.277268985766604,0.2726103648988551,2011,1
2011-01-03,control,125.83033925,130.71315175,0.8380621565514461,0.03049298465619069,2011,1
2011-01-03,irrigation stop,312.3341851,320.4722059333333,2.4056746056188825,0.07076219611138901,2011,1
2011-01-04,control,130.71315175,140.47877675,0.8734071423003134,0.06583797040505791,2011,1
2011-01-04,irrigation stop,331.8654351,357.837842,2.5796498850939797,0.20834990655053826,2011,1
2011-01-05,control,135.59596425,144.43711005,0.9087521280491806,0.05914598619531733,2011,1
2011-01-05,irrigation stop,346.9316533333333,365.85363973333335,2.702058893707945,0.15592363759445413,2011,1
2011-01-06,control,136.26653715,171.77969375,0.9136061726380476,0.18428740406154656,2011,1
2011-01-06,irrigation stop,335.3213667333333,322.0998101,2.5840520050049594,-0.11432591888988144,2011,1
2011-01-07,control,62.35377674,46.04727189,0.37857734174378577,-0.1228891326714714,2011,1
2011-01-07,irrigation stop,107.2560601,76.98483915666667,0.9083226311000837,-0.31606511232485196,2011,1
2011-01-08,control,40.381120488,45.26393299,0.21952490585940596,0.030492984670667994,2011,1
2011-01-08,irrigation stop,60.05553926666667,85.79475006666667,0.41065326838277777,0.16336800692415496,2011,1
2011-01-09,control,60.075130905,94.022427865,0.34720354503468753,0.22179616701643556,2011,1
2011-01-09,irrigation stop,94.23522676666667,121.36123853333333,0.6290975505928694,0.19378254965561195,2011,1
2011-01-10,control,95.27846827,98.97487049,0.576963078758491,0.023033646267710185,2011,1
2011-01-10,irrigation stop,113.76647676666667,110.51126843333334,0.7756159943776694,-0.026606541681854105,2011,1
2011-01-11,control,96.53346424,94.09205799,0.5823242321517675,-0.017672492874433614,2011,1
2011-01-11,irrigation stop,97.4904351,86.21905865333333,0.6601163226797941,-0.08486981939356465,2011,1
2011-01-12,control,86.76783924,84.32643299,0.5164862617467096,-0.017672492874433614,2011,1
2011-01-12,irrigation stop,74.70397676666667,71.44876843333334,0.48963867545618245,-0.026606541681854105,2011,1
2011-01-13,control,81.88502674,81.88502674,0.48599327709051887,0,2011,1
2011-01-13,irrigation stop,68.1935601,66.56595593333333,0.43554314601146005,-0.009939875015187467,2011,1
2011-01-14,control,72.11940174,72.11940174,0.42500730777813756,0,2011,1
2011-01-14,irrigation stop,60.05553926666666,59.169931115333334,0.3782345332030295,-0.0020372010114116106,2011,1
2011-01-15,control,59.97764873,55.02955799,0.35154364057151677,-0.0308357785437084,2011,1
2011-01-15,irrigation stop,51.00362304666667,50.28991426666666,0.32069356161310875,-0.0047456167442462395,2011,1
2011-01-16,control,52.58815174,52.58815174,0.30303536915337476,0,2011,1
2011-01-16,irrigation stop,50.04324698933333,56.652366916666665,0.31715743036562216,0.04517540491402691,2011,1
2011-01-17,control,52.58815174,55.587817515,0.30303536915337476,0.0180810257190444,2011,1
2011-01-17,irrigation stop,52.0306674,64.93835176666667,0.3265788273229579,0.08731967649609905,2011,1
2011-01-18,control,52.58815174,49.784743215,0.30303536915337476,-0.024859491026196355,2011,1
2011-01-18,irrigation stop,61.8659225,61.31758527833334,0.3942525502900276,-0.005742004170573733,2011,1
2011-01-19,control,50.14674549,57.47096424,0.2805108751862646,0.043313476437947765,2011,1
2011-01-19,irrigation stop,60.560357671333335,64.22464298766667,0.3807565354237738,0.024951144417309,2011,1
2011-01-20,control,67.23658924,65.53454719999999,0.38481032093659373,-0.014520065719266935,2011,1
2011-01-20,irrigation stop,65.85224715433334,54.946428854333334,0.4223743465077495,-0.07685905405984307,2011,1
2011-01-21,control,39.052419498,41.50390625,0.20769553255646842,0.015104828826078422,2011,1
2011-01-21,irrigation stop,42.151893433333335,54.179343976000006,0.2659157927962915,0.09584027864316123,2011,1
2011-01-22,control,36.62109375,41.50390625,0.19230737672635614,0.03049298465619069,2011,1
2011-01-22,irrigation stop,57.25292673333333,94.23522676666667,0.39000776337684095,0.2738230836421852,2011,1
2011-01-23,control,37.051930145,56.15234375,0.19456981644173713,0.13426550218741137,2011,1
2011-01-23,irrigation stop,110.51126843333333,168.3695502333333,0.7690739427413656,0.4398502668066398,2011,1
2011-01-24,control,57.307768635,90.33203125,0.33975477172518587,0.2364954471460332,2011,1
2011-01-24,irrigation stop,173.254324,222.81595593333333,1.2619758336436837,0.46003936695500935,2011,1
2011-01-25,control,95.703125,107.421875,0.6190113040691143,0.08094636492314011,2011,1
2011-01-25,irrigation stop,230.95397676666667,248.85762259999998,1.8062309800130407,0.17076219611138901,2011,1
2011-01-26,control,101.445993215,124.3876901,0.6588726775457554,0.12022663136394494,2011,1
2011-01-26,irrigation stop,230.24897176666667,225.63031853333334,1.8095347104676596,-0.04848995444416349,2011,1
2011-01-27,control,115.3190104,119.62890625,0.7220196819507506,0.02748444267225957,2011,1
2011-01-27,irrigation stop,198.40189343333333,217.67203046666666,1.5612283842299515,0.12617555164799932,2011,1
2011-01-28,control,119.62890625,146.1943506,0.7495041246230101,0.15556331417129232,2011,1
2011-01-28,irrigation stop,219.56074759999998,239.87758786666666,1.7056652348923749,0.16620178852596046,2011,1
2011-01-29,control,136.73833345,146.484375,0.84905440733139,0.056031130168977546,2011,1
2011-01-29,irrigation stop,217.04535933333332,232.58158093333333,1.692068501975413,0.1100991006654764,2011,1
2011-01-30,control,80.76822916500001,117.1875,0.5163240768707108,0.21550755487786566,2011,1
2011-01-30,irrigation stop,118.86253152333333,184.93571743333334,1.0584934239461468,0.4158003793060802,2011,1
2011-01-31,control,117.1875,124.51171875,0.7318316317485766,0.04816547753062431,2011,1
2011-01-31,irrigation stop,183.89943916666667,201.65710176666667,1.4624581323426817,0.12217978624170103,2011,1
2011-02-01,control,124.51171875,136.71875,0.7848491103718773,0.08351046327949153,2011,2
2011-02-01,irrigation stop,211.16897582000001,238.7917177,1.662159915938977,0.21652921738083708,2011,2
2011-02-02,control,133.265531,139.88474474999998,0.8472030056976947,0.04407410560635658,2011,2
2011-02-02,irrigation stop,240.62897816,253.74043509999998,1.9025867056218393,0.10775587987220908,2011,2
2011-02-03,control,137.84153575,158.69140625,0.8791076297248783,0.11919237324033391,2011,2
2011-02-03,irrigation stop,255.36803926666667,271.6440809333333,2.027009252160715,0.13303270840927053,2011,2
2011-02-04,control,156.25,163.57421875,0.9806275100907786,0.043313476437947765,2011,2
2011-02-04,irrigation stop,242.5560963,253.74043509999998,1.9025608623973673,0.0767951030823273,2011,2
2011-02-05,control,149.08244904999998,153.80859375,0.9381367391089039,0.029670279200117625,2011,2
2011-02-05,irrigation stop,218.26226666666665,227.69876843333333,1.7296302862601693,0.06466295845162345,2011,2
2011-02-06,control,109.86328125,122.97115225,0.7030741585886584,0.07368501584875489,2011,2
2011-02-06,irrigation stop,157.71178926666667,188.33381256666667,1.32530264607221,0.19601705318943044,2011,2
2011-02-07,control,86.77083335,178.22265625,0.5284373883903581,0.48509052916073303,2011,2
2011-02-07,irrigation stop,77.95918509666666,76.51896240666667,0.6773554397565473,-0.018142793950256263,2011,2
2011-02-08,control,207.51953125,292.96875,1.167373818932176,0.5457572342150284,2011,2
2011-02-08,irrigation stop,69.82116426666667,149.45224066666668,0.5141830527068343,0.5686286003899306,2011,2
2011-02-09,control,325.04321419999997,376.7946933,1.916194965705703,0.3341690584101926,2011,2
2011-02-09,irrigation stop,182.12585176666667,248.85762259999998,1.3033667496822516,0.47458590004973067,2011,2
2011-02-10,control,388.8736979,410.33040365,2.328350183356746,0.13728114376494488,2011,2
2011-02-10,irrigation stop,265.13366426666664,303.94375506666665,1.8934523214298575,0.2853182870731212,2011,2
2011-02-11,control,427.24609375,438.98312165,2.5783741372021693,0.07040426989640758,2011,2
2011-02-11,irrigation stop,321.7860149666667,367.6727267666667,2.307429984954266,0.3351974892299418,2011,2
2011-02-12,control,382.93431150000004,365.64453125,2.301226148236765,-0.10083633594483257,2011,2
2011-02-12,irrigation stop,361.1623101,367.67272676666664,2.6180864495884446,0.05762531376877885,2011,2
2011-02-13,control,337.48046875,333.04306275,2.0342102789803773,-0.020850085213069504,2011,2
2011-02-13,irrigation stop,351.3966851,348.14147676666664,2.583922250937843,-0.019879750030374874,2011,2
2011-02-14,control,321.22117315,330.9440104,1.9439762708509942,0.06830452346980541,2011,2
2011-02-14,irrigation stop,323.72741426666664,330.1638489333333,2.4114145913555998,0.04191491466797413,2011,2
2011-02-15,control,324.70703125,332.03125,1.9768374681635772,0.05301747862330084,2011,2
2011-02-15,irrigation stop,313.96178926666664,318.84460176666664,2.363464032405405,0.02981962504556231,2011,2
2011-02-16,control,305.17578125,301.26561455,1.8645695317241673,-0.01860033804626443,2011,2
2011-02-16,irrigation stop,263.5060601,260.1638141,2.0143016030324516,-0.035629769679136884,2011,2
2011-02-17,control,280.76171875,277.9566988,1.7169566095358904,-0.00987792565205907,2011,2
2011-02-17,irrigation stop,215.93227536666666,212.5701732,1.6533152767922716,-0.04139300372783567,2011,2
2011-02-18,control,269.16666665,268.8288561,1.6475800532016325,0.0024067077140004136,2011,2
2011-02-18,irrigation stop,187.56570523333335,190.2638726,1.42856920242118,0.004119083985999025,2011,2
2011-02-19,control,268.85496739999996,270.72845295,1.649579001396005,0.014690185990014131,2011,2
2011-02-19,irrigation stop,172.36022676666667,178.07424886666666,1.3072487396941164,0.026642520208632146,2011,2
2011-02-20,control,271.14583335,273.4375,1.6619065543331284,0.016588579857490772,2011,2
2011-02-20,irrigation stop,172.36022676666667,173.98783093333333,1.294677602472172,0.009939875015187437,2011,2
2011-02-21,control,263.671875,292.96875,1.617509164878238,0.18295790793714414,2011,2
2011-02-21,irrigation stop,159.51311753333334,178.87064343333333,1.187897747066819,0.12900631875470742,2011,2
2011-02-22,control,273.4375,284.6549479,1.6784951341906194,0.068609888337745,2011,2
2011-02-22,irrigation stop,152.56052603333333,164.22220593333333,1.1398941858893699,0.07233252933048286,2011,2
2011-02-23,control,277.81767005,281.3578193,1.7014966048097444,0.02462697090188529,2011,2
2011-02-23,irrigation stop,148.70771663333335,156.44974326666667,1.107744417834614,0.04872192031636701,2011,2
2011-02-24,control,280.76171875,270.99609375,1.721808610628567,-0.06098596931238138,2011,2
2011-02-24,irrigation stop,148.02014626666667,146.1372355,1.1030633127282607,-0.014053454717033707,2011,2
2011-02-25,control,251.46484375,251.46484375,1.5388507026914229,0.004852001092676538,2011,2
2011-02-25,irrigation stop,128.66732346666666,138.18053926666667,0.960402507677671,0.05793702596413878,2011,2
2011-02-26,control,242.3763021,256.34765625,1.482765904856862,0.0914297835834281,2011,2
2011-02-26,irrigation stop,126.84823646666668,139.80814343333333,0.9406738383956926,0.07591687912037443,2011,2
2011-02-27,control,239.2578125,244.03119164999998,1.4650442415972846,0.03455283569268528,2011,2
2011-02-27,irrigation stop,125.15970593333334,132.74068576666667,0.9177577124848585,0.04806238486894036,2011,2
2011-02-28,control,236.8294619,237.3908548,1.4522923086035338,0.007800028714374732,2011,2
2011-02-28,irrigation stop,121.9044976,128.3107476,0.8911511708030043,0.04000579414079188,2011,2
2011-03-01,control,229.4921875,251.419149,1.404058272284903,0.1394044758724569,2011,3
2011-03-01,irrigation stop,117.0216851,137.67572086666667,0.8595666535954137,0.13143009582476162,2011,3
2011-03-02,control,229.5247396,246.23605655,1.4042292122628477,0.10647611603683065,2011,3
2011-03-02,irrigation stop,118.64928926666667,134.77260666666666,0.8762333202620805,0.10287828441771,2011,3
2011-03-03,irrigation stop,115.39408093333333,130.04251843333333,0.8554711241506914,0.09387110554175761,2011,3
2011-03-04,control,234.375,256.34765625,1.4345512569410939,0.13964443149919636,2011,3
2011-03-04,irrigation stop,120.73384113333333,141.71695963666667,0.8965730396692289,0.13525042169840856,2011,3
2011-03-05,control,244.140625,270.78299685,1.4955372262534752,0.1685948816235721,2011,3
2011-03-05,irrigation stop,123.6489776,149.57376843333333,0.9224682293059627,0.17658945149870892,2011,3
2011-03-06,control,258.7890625,283.203125,1.5870161802220473,0.15246492328095346,2011,3
2011-03-06,irrigation stop,133.29772676666667,159.0848083,1.0019734918992058,0.16950470189748085,2011,3
2011-03-07,control,261.23046875,285.38201445000004,1.5998366720038044,0.15593837687586184,2011,3
2011-03-07,irrigation stop,136.61160706666666,161.78842566666668,1.0291808345197266,0.1718250054935598,2011,3
2011-03-08,control,262.8265709,291.90589639999996,1.6130702419144192,0.18181549602725589,2011,3
2011-03-08,irrigation stop,139.80814343333333,167.47741426666667,1.0619133669143934,0.18188178947676456,2011,3
2011-03-09,control,283.203125,316.15683635,1.7394811035030007,0.20942847765013012,2011,3
2011-03-09,irrigation stop,152.82897676666667,182.12585176666667,1.1575332885818936,0.20439280171389632,2011,3
2011-03-10,control,305.20735115,341.30648455,1.8793540585561104,0.22734509557188898,2011,3
2011-03-10,irrigation stop,169.10501843333333,195.12667713333335,1.2864865435827273,0.17678162411393641,2011,3
2011-03-11,control,319.82421875,358.88671875,1.970604488970769,0.24879587834220201,2011,3
2011-03-11,irrigation stop,177.46121676666667,201.65710176666667,1.3585811626047601,0.16563151602519682,2011,3
2011-03-12,control,339.35546875,371.09375,2.0974284286882083,0.20063040081157774,2011,3
2011-03-12,irrigation stop,187.00866426666667,214.68288993333334,1.438833256901707,0.20084863136098186,2011,3
2011-03-13,control,355.26144095,412.52910705,2.1980102400878625,0.3564529878503372,2011,3
2011-03-13,irrigation stop,198.76446113333333,240.03410973333334,1.532571871535776,0.3137925354894519,2011,3
2011-03-14,control,383.30078125,432.12890625,2.3767172916866013,0.30978184765458344,2011,3
2011-03-14,irrigation stop,211.42272676666667,252.11283093333333,1.6452754996654089,0.2967996400176885,2011,3
2011-03-15,control,400.390625,448.76410705,2.4858687385296068,0.3064908450636437,2011,3
2011-03-15,irrigation stop,221.18835176666667,259.93583160000003,1.7335868085244786,0.27732668046004094,2011,3
2011-03-16,control,407.71484375,410.15625,2.534034216060231,0.022524493967110152,2011,3
2011-03-16,irrigation stop,219.5712709,229.27383156666667,1.7286730994149198,0.06013655855447505,2011,3
2011-03-17,control,371.09375,391.7323333,2.3174668338704922,0.13263884965809986,2011,3
2011-03-17,irrigation stop,193.51908093333333,211.42272676666667,1.5297597519312482,0.1263219927940768,2011,3
2011-03-18,control,368.65234375,444.3359375,2.309498343181412,0.4702152616246174,2011,3
2011-03-18,irrigation stop,195.1466851,249.72977276666666,1.5396996269464356,0.40223282547286954,2011,3
2011-03-19,control,396.90315250000003,395.5078125,2.4800321393420015,-0.005248381097879531,2011,3
2011-03-19,irrigation stop,209.72861833333334,212.30507806666665,1.6647587948928944,0.0025558670354259433,2011,3
2011-03-20,control,366.2109375,429.6875,2.291825850306978,0.40126080162315547,2011,3
2011-03-20,irrigation stop,188.63626843333333,240.02506376666668,1.5057844724561509,0.3644079576265417,2011,3
2011-03-21,control,383.30078125,427.82348895,2.396125296057307,0.2834684265420399,2011,3
2011-03-21,irrigation stop,200.63544546666665,238.9251989,1.6018918702594442,0.26780452658208775,2011,3
2011-03-22,control,394.3976495,441.89453125,2.4667057555124563,0.30018735751181586,2011,3
2011-03-22,irrigation stop,206.53991426666667,245.44105696666668,1.6522868402046653,0.27233327924108275,2011,3
2011-03-23,control,407.71484375,454.1015625,2.548590219338261,0.2921093547801498,2011,3
2011-03-23,irrigation stop,211.42272676666667,247.42762266666665,1.6964424946342003,0.24157630457081342,2011,3
2011-03-24,control,415.0390625,468.75,2.596755696868885,0.3354228312180976,2011,3
2011-03-24,irrigation stop,213.3496001,251.90434343333334,1.7149368158212275,0.2627168235277027,2011,3
2011-03-25,control,430.05432525000003,490.72265625,2.6901609505276323,0.38166200905854697,2011,3
2011-03-25,irrigation stop,219.74096916666667,262.4625851,1.769187760605035,0.29612077966295763,2011,3
2011-03-26,control,441.89453125,490.72265625,2.766893113024272,0.30978184765458344,2011,3
2011-03-26,irrigation stop,219.5607476,261.8170037666667,1.7748139284780828,0.29963743136102167,2011,3
2011-03-27,control,446.77734375,498.046875,2.8022380987731395,0.32260233943634053,2011,3
2011-03-27,irrigation stop,218.8365868,263.5060601,1.777310726290671,0.3150650383164891,2011,3
2011-03-28,control,434.5703125,478.515625,2.7284316376790008,0.27928886299839273,2011,3
2011-03-28,irrigation stop,203.28470593333333,243.39583453333336,1.6660410484316865,0.27116815764925417,2011,3
2011-03-29,control,422.42992885,494.8966734,2.6551076154399684,0.45178160734341766,2011,3
2011-03-29,irrigation stop,190.40769106666667,250.3825258,1.5660494822923878,0.4191137795493566,2011,3
2011-03-30,control,434.5703125,480.95703125,2.7284316376790008,0.2921093547801498,2011,3
2011-03-30,irrigation stop,193.09879933333335,234.7681096,1.5886445314536037,0.27991954387577156,2011,3
2011-03-31,control,418.1252127,473.6328125,2.6282543365692863,0.3489731794519165,2011,3
2011-03-31,irrigation stop,176.00307109666667,217.41694533333333,1.463149192656373,0.2873976393646343,2011,3
2011-04-01,control,378.41796875,461.42578125,2.385040315771823,0.5135287380625652,2011,4
2011-04-01,irrigation stop,131.67012259666666,196.73215063333333,1.1332962415447254,0.444034150495129,2011,4
2011-04-02,control,398.43433619999996,466.30859375,2.5056718502281767,0.4233901882624018,2011,4
2011-04-02,irrigation stop,135.71808639666668,191.11626013333333,1.1513700085748648,0.38599361857447034,2011,4
2011-04-03,control,415.0390625,473.6328125,2.6113117001469144,0.37561981805964134,2011,4
2011-04-03,irrigation stop,136.55293509833334,191.89147676333334,1.169292989167565,0.3880234073062252,2011,4
2011-04-04,control,405.2734375,432.12890625,2.55517773192721,0.1749894172480636,2011,4
2011-04-04,irrigation stop,122.0703125,149.73958333333334,1.0571365961746517,0.16666331401177786,2011,4
2011-04-05,control,386.68893230000003,463.55148840000004,2.4445118692304315,0.4846278584595126,2011,4
2011-04-05,irrigation stop,107.421875,179.03645833333334,0.924669632886047,0.49767873344381375,2011,4
2011-04-06,control,408.4146434,451.66015625,2.577915831694456,0.2936312604762862,2011,4
2011-04-06,irrigation stop,112.97363008066667,170.12506186666667,0.9619902300330537,0.39206282229894496,2011,4
2011-04-07,control,412.95699745,458.984375,2.610082209447743,0.3144823613463,2011,4
2011-04-07,irrigation stop,112.3046875,164.38802083333334,0.9571365961746517,0.34884572841260525,2011,4
2011-04-08,control,424.44839315,500.41461815,2.684982673682555,0.47640504014626683,2011,4
2011-04-08,irrigation stop,108.78327856666667,166.015625,0.9210773686973184,0.394844830905126,2011,4
2011-04-09,control,429.6875,505.37109375,2.7221986584861932,0.4702152616246174,2011,4
2011-04-09,irrigation stop,102.5390625,157.87760416666666,0.8629809417451167,0.3812966156649244,2011,4
2011-04-10,control,446.77734375,526.8836977999999,2.8313501053291983,0.5023244044724057,2011,4
2011-04-10,irrigation stop,102.5390625,166.015625,0.8571365961746517,0.4444495740438201,2011,4
2011-04-11,control,454.1015625,533.09999665,2.8843675839524994,0.49732639713980303,2011,4
2011-04-11,irrigation stop,97.65625,165.0996573,0.8188252873155818,0.46665458200341065,2011,4
2011-04-12,control,456.54296875,498.046875,2.9068920779196095,0.26646837121663564,2011,4
2011-04-12,irrigation stop,88.24429953333333,138.1034256,0.7341356056778454,0.3445595505606031,2011,4
2011-04-13,control,437.3747727,517.54129345,2.79725216307407,0.4978136138740388,2011,4
2011-04-13,irrigation stop,79.75260416666667,164.2232614,0.6588693362641089,0.6092824290280352,2011,4
2011-04-14,control,456.54296875,500.3353638,2.916596080104963,0.2781819466277552,2011,4
2011-04-14,irrigation stop,91.192261224,146.484375,0.7448329207936875,0.38509253119609554,2011,4
2011-04-15,control,439.61097455,517.50972355,2.81829125357881,0.48139800090806195,2011,4
2011-04-15,irrigation stop,78.41965246666666,153.76113663333334,0.645219910856109,0.5366488870133022,2011,4
2011-04-16,control,445.01995220000003,522.4609375,2.856085569418621,0.47459180409125395,2011,4
2011-04-16,irrigation stop,76.62865423333334,149.03101426666666,0.6268800889467756,0.5069091486884184,2011,4
2011-04-17,control,445.882863,527.34375,2.8636912782333988,0.5023310810253435,2011,4
2011-04-17,irrigation stop,71.61458333333333,147.56476743333334,0.5813803485012408,0.5364309568042404,2011,4
2011-04-18,control,446.04591504999996,526.9972278,2.871177183062253,0.49718882329837377,2011,4
2011-04-18,irrigation stop,68.359375,140.17569353333334,0.5538913607383724,0.5072758625185871,2011,4
2011-04-19,control,441.89453125,527.2122087,2.8493771315997733,0.5208064694175072,2011,4
2011-04-19,irrigation stop,61.848958333333336,138.34285393333334,0.498913385212636,0.5543822512245198,2011,4
2011-04-20,control,449.8817181,532.2265625,2.902341605210311,0.503877740889975,2011,4
2011-04-20,irrigation stop,60.221354166666664,135.70500516666667,0.48224671854596934,0.5557134691428899,2011,4
2011-04-21,control,454.1015625,533.6450037,2.932887594879265,0.48359935498414086,2011,4
2011-04-21,irrigation stop,55.338541666666664,131.24449079333334,0.44393540968689954,0.5632391419100032,2011,4
2011-04-22,control,454.1753847,534.4995959,2.9381272565296266,0.48973241166359033,2011,4
2011-04-22,irrigation stop,48.828125,128.44392623,0.3889574341611631,0.5994745320163369,2011,4
2011-04-23,control,461.42578125,534.66796875,2.990757074595242,0.44283876656483073,2011,4
2011-04-23,irrigation stop,45.572916666666664,130.20833333333334,0.36146844639829484,0.631012066777147,2011,4
2011-04-24,control,443.77760079999996,507.8125,2.893229652350436,0.37993277483960275,2011,4
2011-04-24,irrigation stop,34.278117126666665,103.86499865333333,0.2688336436417505,0.5036575551737859,2011,4
2011-04-25,control,416.90963635,500.06644,2.7315961593490274,0.5000512300315794,2011,4
2011-04-25,irrigation stop,19.275182966666666,93.65739493333334,0.1340095490796937,0.5488328562539083,2011,4
2011-04-26,control,405.2734375,490.72265625,2.6619217559660937,0.5069412254736161,2011,4
2011-04-26,irrigation stop,13.598370296666666,94.22878982333333,0.09041874722953813,0.6003958405102284,2011,4
2011-04-27,control,409.1267202,483.3984375,2.6849623315631543,0.44543917453128423,2011,4
2011-04-27,irrigation stop,14.6484375,92.6518349,0.09740088986581409,0.5761739030542161,2011,4
2011-04-28,control,393.97667195,427.10402915,2.5947043924861237,0.19612943643926944,2011,4
2011-04-28,irrigation stop,9.765625,51.15161745333334,0.0649339265772094,0.3052917066578952,2011,4
2011-04-29,control,346.6972642,390.625,2.3009851728180974,0.2646056280867478,2011,4
2011-04-29,irrigation stop,1.6276041666666667,51.95732527,0.010822321096201565,0.37489896187297606,2011,4
2011-04-30,control,337.63119265,438.9469155,2.243637818377378,0.6048165802193766,2011,4
2011-04-30,irrigation stop,1.501596102,92.7734375,0.009984463978075323,0.6877103455020239,2011,4
2011-05-01,control,352.61710315,439.453125,2.334132831089364,0.5169798120066819,2011,5
2011-05-01,irrigation stop,13.020833333333334,94.35203853,0.10234671331897957,0.6047861790568405,2011,5
2011-05-02,control,351.83580035,443.9781452,2.3282158286662287,0.5515109338861968,2011,5
2011-05-02,irrigation stop,9.846303654666666,91.14583333333333,0.08207722652856908,0.6056777079363427,2011,5
2011-05-03,control,315.0626856,307.19099374999996,2.101105439513488,-0.047276444280228994,2011,5
2011-05-03,irrigation stop,0,11.251636397333334,0,0.07837554454349101,2011,5
2011-05-04,control,270.99609375,388.28882675,1.8306426795598645,0.7127670966133095,2011,5
2011-05-04,irrigation stop,0,102.09536162333333,0,0.7563203469182137,2011,5
2011-05-05,control,308.5610573,400.390625,2.05889440887846,0.5531263580607368,2011,5
2011-05-05,irrigation stop,28.603830646666665,107.3164147,0.22794995150032807,0.5764254945281534,2011,5
2011-05-06,control,319.99295525,414.04926969999997,2.1270899489220825,0.5706566866580755,2011,5
2011-05-06,irrigation stop,37.434895833333336,112.3046875,0.29621781886073717,0.5596841255450923,2011,5
2011-05-07,control,322.3175218,411.10334725,2.143916679742085,0.5340635231376505,2011,5
2011-05-07,irrigation stop,36.40711992666667,96.02864583333333,0.2959490329318332,0.43684400204362767,2011,5
2011-05-08,control,320.53871234999997,402.83203125,2.1358924963283528,0.4938007634852778,2011,5
2011-05-08,irrigation stop,29.296875,91.06482347333333,0.23714431389027835,0.4505987721490701,2011,5
2011-05-09,control,314.9572253,414.38802085,2.105162611622594,0.5900663104715512,2011,5
2011-05-09,irrigation stop,22.786458333333332,88.77297628666666,0.1888931300160211,0.48525307205063284,2011,5
2011-05-10,control,318.39831119999997,402.83203125,2.1252508760412177,0.5044423837724125,2011,5
2011-05-10,irrigation stop,26.041666666666668,99.28385416666667,0.22222646334935445,0.5362906672269464,2011,5
2011-05-11,control,297.8515625,370.8990689,2.0007800957152515,0.4365775365277551,2011,5
2011-05-11,irrigation stop,17.903645833333332,73.2421875,0.1564261667274164,0.4041243288624045,2011,5
2011-05-12,control,266.11328125,322.265625,1.8050016959963504,0.33853932081450155,2011,5
2011-05-12,irrigation stop,3.2552083333333335,55.24362738333333,0.03333333333333333,0.37517324787039424,2011,5
2011-05-13,control,197.75390625,331.62721654999996,1.3780999108096805,0.8079194245948709,2011,5
2011-05-13,irrigation stop,0,85.32442404666666,0,0.6212166232551345,2011,5
2011-05-14,control,200.1953125,270.99609375,1.3860684014987614,0.43487027587575017,2011,5
2011-05-14,irrigation stop,0,27.41094742,0,0.19443231522451462,2011,5
2011-05-15,control,148.92578125,235.45363855,1.073170064247774,0.534157120107962,2011,5
2011-05-15,irrigation stop,0,46.439335263333334,0,0.3351094017763841,2011,5
2011-05-16,control,157.363071235,263.671875,1.1271805831846893,0.6455926166591979,2011,5
2011-05-16,irrigation stop,0,52.786752723333336,0,0.3792386308762417,2011,5
2011-05-17,control,169.39785305,263.671875,1.1971002844014482,0.5805249165351154,2011,5
2011-05-17,irrigation stop,3.2552083333333335,53.21966083666667,0.02164464219240313,0.36327289087513853,2011,5
2011-05-18,control,178.5130903,253.90625,1.253378322423208,0.487520914664357,2011,5
2011-05-18,irrigation stop,0,67.45086319,0,0.48923401562440727,2011,5
2011-05-19,control,166.641761515,278.6886281,1.195313527323289,0.6805767546000602,2011,5
2011-05-19,irrigation stop,0,66.73177083333333,0,0.4839600299442523,2011,5
2011-05-20,control,171.524574015,290.26577745,1.2258065119794799,0.7153645563937656,2011,5
2011-05-20,irrigation stop,0,77.63566642,0,0.559924895798912,2011,5
2011-05-21,control,179.01225625,285.8023808,1.2699783798736057,0.6432681626179315,2011,5
2011-05-21,irrigation stop,0,66.05579715,0,0.4779205055079331,2011,5
2011-05-22,control,183.731605265,270.26998585,1.2996129730736183,0.522364714268222,2011,5
2011-05-22,irrigation stop,0,63.225122893333335,0,0.45571903687671095,2011,5
2011-05-23,control,151.3671875,268.09593515,1.095694558214884,0.7003105911642654,2011,5
2011-05-23,irrigation stop,0,78.9692886,0,0.5694096035598473,2011,5
2011-05-24,control,167.99827889,289.00047615,1.192732968791772,0.7324556457573275,2011,5
2011-05-24,irrigation stop,4.380118340666667,83.73790000666666,0.03496877772225647,0.5712102922538445,2011,5
2011-05-25,control,181.07348263999998,287.62718515,1.2728238294281944,0.6403012574830413,2011,5
2011-05-25,irrigation stop,2.752514174,75.94910069333334,0.018302111055589803,0.5234410421157057,2011,5
2011-05-26,control,175.34093328999998,296.6075058,1.2361798945043994,0.7383142372698716,2011,5
2011-05-26,irrigation stop,0,89.05520384333333,0,0.6565718535922986,2011,5
2011-05-27,control,167.99827889,187.52952889,1.192732968791772,0.12197193862476277,2011,5
2011-05-27,irrigation stop,0,34.00848524,0,0.2421977754681115,2011,5
2011-05-28,control,149.512557,268.5546875,1.0822695314312598,0.7161446519761415,2011,5
2011-05-28,irrigation stop,8.899539755,87.890625,0.06965235265159742,0.5605094201171066,2011,5
2011-05-29,control,170.8984375,275.5994364,1.2079624946542937,0.6322975925922002,2011,5
2011-05-29,irrigation stop,9.156586021666666,88.93369176666667,0.07113828845463911,0.5659590794082714,2011,5
2011-05-30,control,178.22265625,290.52734375,1.2512759710922414,0.6770786416290031,2011,5
2011-05-30,irrigation stop,1.6276041666666667,97.65625,0.010822321096201565,0.7067683144505581,2011,5
2011-05-31,control,156.25,146.84814182699998,1.1164835406857216,-0.056921609040189294,2011,5
2011-05-31,irrigation stop,0,3.8336793643333333,0,0.02993539713535093,2011,5
2011-06-01,control,63.4765625,40.7129539015,0.4594848147352739,-0.1728365887215586,2011,6
2011-06-01,irrigation stop,0,15.032089781333333,0,0.09913784680394416,2011,6
2011-06-02,control,0,106.7957385,0,0.6578536462824547,2011,6
2011-06-02,irrigation stop,0.13666132966666666,54.90007071666667,8.345988319002585e-4,0.3894729399207327,2011,6
2011-06-03,control,12.20703125,129.310163,0.07380646109413846,0.7118129148850383,2011,6
2011-06-03,irrigation stop,0,84.16537580666667,0,0.604586358250915,2011,6
2011-06-04,control,31.73828125,141.6015625,0.19092639862622468,0.6642581498472461,2011,6
2011-06-04,irrigation stop,10.400530935666666,87.60123416666667,0.07143536335843606,0.5545874665036589,2011,6
2011-06-05,control,58.59375,178.22265625,0.35135981259625865,0.7349481213449806,2011,6
2011-06-05,irrigation stop,22.786458333333332,113.57800713333333,0.1690455320582172,0.6554871239095553,2011,6
2011-06-06,control,88.616732895,189.0353499,0.5347217625922736,0.6225356802832367,2011,6
2011-06-06,irrigation stop,34.1796875,113.93229166666667,0.26145237036200936,0.5786975055307385,2011,6
2011-06-07,control,104.98046875,179.8958614,0.6386171662837319,0.461329226503689,2011,6
2011-06-07,irrigation stop,35.807291666666664,81.38020833333333,0.2722746914582109,0.328384157225279,2011,6
2011-06-08,control,70.80078125,75.836511205,0.43487027587575017,0.026590707710086838,2011,6
2011-06-08,irrigation stop,8.138020833333334,24.24076364,0.054111605481007824,0.1135588792179315,2011,6
2011-06-09,control,51.26953125,139.16015625,0.3128983372509874,0.5391697216260793,2011,6
2011-06-09,irrigation stop,3.2552083333333335,61.47367395,0.02164464219240313,0.41442796276297145,2011,6
2011-06-10,control,65.91796875,195.3125,0.399525290126883,0.795934090657362,2011,6
2011-06-10,irrigation stop,11.426429979333333,105.65914407333334,0.09886471565290146,0.6630489408061503,2011,6
2011-06-11,control,83.0078125,209.272571,0.5038247358772121,0.7788418217243431,2011,6
2011-06-11,irrigation stop,4.8828125,104.16666666666667,0.0324669632886047,0.7208037189104678,2011,6
2011-06-12,control,100.09765625,214.84375,0.6081241816275413,0.7093071377814664,2011,6
2011-06-12,irrigation stop,9.765625,105.79427083333333,0.0766226177181396,0.6798611478446411,2011,6
2011-06-13,control,97.65625,182.0186492,0.5904516887531077,0.525494044306741,2011,6
2011-06-13,irrigation stop,0,69.98697916666667,0,0.5011924417315848,2011,6
2011-06-14,control,102.5390625,228.7623908,0.6209446734092983,0.7744292357601377,2011,6
2011-06-14,irrigation stop,0,105.33119983333333,0,0.757731388550886,2011,6
2011-06-15,control,124.51171875,249.0234375,0.7557371038158182,0.7654411060011712,2011,6
2011-06-15,irrigation stop,4.426802712,121.6143027,0.04048832957317022,0.8471257116312599,2011,6
2011-06-16,control,139.6484375,253.90625,0.8497801561407416,0.7018910383324384,2011,6
2011-06-16,irrigation stop,11.759809822000001,108.59346936666667,0.09509155593937492,0.7053942474110623,2011,6
2011-06-17,control,111.0760919,209.9609375,0.6778892664886611,0.6139010693568323,2011,6
2011-06-17,irrigation stop,0,103.6745396,0,0.7482335219729326,2011,6
2011-06-18,control,75.68359375,49.55501618,0.4605112594392643,-0.16972770416813734,2011,6
2011-06-18,irrigation stop,0,37.09546025,0,0.26866981421504416,2011,6
2011-06-19,control,21.97265625,141.5910392,0.12508842822116675,0.7203368573412249,2011,6
2011-06-19,irrigation stop,19.9749826,109.04947916666667,0.15265195706529722,0.6506187251337754,2011,6
2011-06-20,control,65.91796875,152.340593,0.38982128794152987,0.5314608482867945,2011,6
2011-06-20,irrigation stop,42.068656833333335,112.3046875,0.3328612864408211,0.4978983835211197,2011,6
2011-06-21,control,68.47521455,157.7675083,0.4034803020388387,0.5740257708472849,2011,6
2011-06-21,irrigation stop,26.732696883333332,111.73886803333333,0.20680767656717483,0.6146521548395754,2011,6
2011-06-22,control,59.146121120000004,165.43674105,0.3688164676623469,0.6589969848410792,2011,6
2011-06-22,irrigation stop,9.765625,97.49341896666667,0.07077827214767449,0.6265200157639783,2011,6
2011-06-23,control,2.393949109,61.03515625,0.012571281357979308,0.366165026298066,2011,6
2011-06-23,irrigation stop,0,55.62328451,0,0.3986771492285645,2011,6
2011-06-24,control,4.8828125,134.27734375,0.03049298465619069,0.7910820895646854,2011,6
2011-06-24,irrigation stop,7.290822984,106.06078922666667,0.07185577094930225,0.7053532957806115,2011,6
2011-06-25,control,51.26953125,143.77287065000002,0.31775033834366395,0.5774115620237865,2011,6
2011-06-25,irrigation stop,33.897486459999996,109.46683156666667,0.27503776706513083,0.5244780360044385,2011,6
2011-06-26,control,68.359375,159.69112,0.49482980048414116,0.6611188173709672,2011,6
2011-06-26,irrigation stop,15.06578987,100.84704534,0.098607910033513893,0.6227829859058321,2011,6
2011-06-27,control,102.5390625,205.078125,0.7422447007262117,0.7422447007262117,2011,6
2011-06-27,irrigation stop,21.55395871,123.97835178666666,0.17177355060659313,0.7462360455824366,2011,6
2011-06-28,control,133.5493895,239.1840699,0.9667176998189911,0.7646528047767848,2011,6
2011-06-28,irrigation stop,29.741194356,133.85864623333333,0.2428363044929136,0.7628939235270243,2011,6
2011-06-29,control,166.015625,249.0234375,1.2017295154614858,0.6008647577307429,2011,6
2011-06-29,irrigation stop,34.280139563333336,114.32739623333333,0.288636059241768,0.5723406171553983,2011,6
2011-06-30,control,34.1796875,146.484375,0.24741490024207058,0.8129346722239462,2011,6
2011-06-30,irrigation stop,6.48816884,89.49598134,0.0664388489216,0.5868885644201832,2011,6
2011-07-01,control,68.359375,166.015625,0.49482980048414116,0.7068997149773445,2011,7
2011-07-01,irrigation stop,27.647023006666668,109.02723134,0.2228971677215874,0.5868724883838977,2011,7
2011-07-02,control,102.5864174,190.3928361,0.7425874864190146,0.6356002032866446,2011,7
2011-07-02,irrigation stop,39.040252173333336,115.53764800666667,0.32203079767685877,0.5409519417923345,2011,7
2011-07-03,control,131.8359375,229.0454286,0.9543146152194151,0.7036657822892309,2011,7
2011-07-03,irrigation stop,39.69854322333334,134.20598716666666,0.3393653146231292,0.6675951797677192,2011,7
2011-07-04,control,156.25,244.140625,1.1310395439637513,0.63620974347961,2011,7
2011-07-04,irrigation stop,50.43348134,118.51925046666666,0.4126727438186227,0.4752456100364044,2011,7
2011-07-05,control,166.015625,263.671875,1.2017295154614858,0.7068997149773445,2011,7
2011-07-05,irrigation stop,14.6484375,104.16666666666667,0.09563599770378584,0.6509078928438075,2011,7
2011-07-06,control,190.4296875,283.203125,1.3784544442058217,0.6715547292284773,2011,7
2011-07-06,irrigation stop,14.915027836666667,94.40104166666667,0.0972640806744447,0.5802664298875023,2011,7
2011-07-07,control,195.3125,272.3648937,1.413799429954689,0.5577555470832858,2011,7
2011-07-07,irrigation stop,4.8828125,74.46464703333334,0.0324669632886047,0.5112893366894197,2011,7
2011-07-08,control,117.1875,214.84375,0.8482796579728135,0.7068997149773445,2011,7
2011-07-08,irrigation stop,0,76.24834433333334,0,0.5477876238839918,2011,7
2011-07-09,control,159.7017206,293.35157549999997,0.9660364896993107,0.8024768968452698,2011,7
2011-07-09,irrigation stop,1.884224262,87.19458693333333,0.011646202099077218,0.619226724473996,2011,7
2011-07-10,control,110.24610675,218.70978875,0.6662684712251802,0.6375004671170378,2011,7
2011-07-10,irrigation stop,0,80.37188046333333,0,0.573768422732116,2011,7
2011-07-11,control,117.84022970999999,222.6748164,0.687275685141136,0.6615747030272225,2011,7
2011-07-11,irrigation stop,4.8828125,75.02894113,0.03158451720759057,0.5133033989838446,2011,7
2011-07-12,control,106.7345056,233.6876306,0.6720880988594393,0.7782615977829284,2011,7
2011-07-12,irrigation stop,13.020833333333334,99.04181820333334,0.10411160548100783,0.6187437697946524,2011,7
2011-07-13,control,111.6173181,116.5001306,0.7074330846083066,0.006232979192808033,2011,7
2011-07-13,irrigation stop,4.8828125,6.644155001,0.0324669632886047,0.02081056732852579,2011,7
2011-07-14,control,50.58216185,153.8315473,0.26562076274746627,0.6572689273052583,2011,7
2011-07-14,irrigation stop,0,69.7479358,0,0.5078914965546273,2011,7
2011-07-15,control,85.019670315,213.74071015,0.5010570052699506,0.7717659415369087,2011,7
2011-07-15,irrigation stop,35.807291666666664,111.5049165,0.2769038139510281,0.5337531316950199,2011,7
2011-07-16,control,102.13720875,245.35797345,0.6139824283949709,0.849131418692264,2011,7
2011-07-16,irrigation stop,52.48582113,123.69791666666667,0.402688958956383,0.5052590738443632,2011,7
2011-07-17,control,143.175935455,145.43921335,0.8443980156436418,0.01638308350863386,2011,7
2011-07-17,irrigation stop,47.39541194666667,43.39810075333333,0.3646565182528543,-0.03428264761723404,2011,7
2011-07-18,control,86.84546335,219.3324425,0.499717284370664,0.8073213790673899,2011,7
2011-07-18,irrigation stop,2.235758639333333,95.86378076666666,0.02289416846677333,0.6634799906902313,2011,7
2011-07-19,control,125.90796335,172.2946821,0.7436611616201895,0.27755335150212024,2011,7
2011-07-19,irrigation stop,35.78624506,55.17367659,0.2732008351887691,0.1289448211059991,2011,7
2011-07-20,control,97.447690925,194.9934462,0.5522031262124198,0.5930608049011642,2011,7
2011-07-20,irrigation stop,0,73.24043361666666,0,0.522826372854625,2011,7
2011-07-21,control,118.76302713,208.28437765,0.6822374448497555,0.5376728025904495,2011,7
2011-07-21,irrigation stop,17.90189195,73.24043361666666,0.13303807337619308,0.3897882994784319,2011,7
2011-07-22,control,122.8351589,252.05605565,0.7129690219665887,0.7707622829569367,2011,7
2011-07-22,irrigation stop,17.90189195,105.45189642666666,0.13976486502767232,0.6257913725976388,2011,7
2011-07-23,control,120.899353835,205.8332297,0.7116365763154615,0.5230725308421751,2011,7
2011-07-23,irrigation stop,19.529496116666667,84.63366278333334,0.1505871861238739,0.47049037060500837,2011,7
2011-07-24,control,118.83630385,234.9662119,0.7016739428622291,0.7262779272377327,2011,7
2011-07-24,irrigation stop,16.274287783,123.69616276666666,0.1365517816619284,0.7705030938866564,2011,7
2011-07-25,control,135.75777475,243.17964975,0.8196452200164084,0.6465856569728126,2011,7
2011-07-25,irrigation stop,36.30714855,112.19255786,0.2963293518330365,0.5373688127885938,2011,7
2011-07-26,control,151.6319507,234.10922979999998,0.9127088606515855,0.5350027675767801,2011,7
2011-07-26,irrigation stop,39.667930840000004,138.31999286666667,0.3242768921447839,0.7007586384596454,2011,7
2011-07-27,control,126.6873548,199.4544436,0.7865699679775235,0.4497344137555048,2011,7
2011-07-27,irrigation stop,35.805537783333335,104.16491276666666,0.28714967885720094,0.4827608828011056,2011,7
2011-07-28,control,97.952192045,201.94934935,0.6083088197875207,0.6268544727652396,2011,7
2011-07-28,irrigation stop,9.765625,105.41192416666667,0.0824669632886047,0.6816055875212542,2011,7
2011-07-29,control,96.9688806,233.15094215,0.5916941251763519,0.8159546612222763,2011,7
2011-07-29,irrigation stop,6.510416666666667,135.02129156666666,0.05497797552573647,0.9230050243197782,2011,7
2011-07-30,control,139.4198841,267.86731810000003,0.8407581993566725,0.7793743800449411,2011,7
2011-07-30,irrigation stop,32.48222907666667,164.31816656666666,0.25163556034971507,0.9626093073050638,2011,7
2011-07-31,control,158.00403685,288.66136445,0.9558744295543675,0.7928613773970732,2011,7
2011-07-31,irrigation stop,45.835583693333334,181.2869547,0.36858413805631846,0.9717233089041557,2011,7
2011-08-01,control,180.83774825,294.72278685000003,1.0951884959951257,0.6902294984691985,2011,8
2011-08-01,irrigation stop,67.60754405333333,187.2936722,0.5445548772299672,0.8578502897919609,2011,8
2011-08-02,control,197.32961945,311.81263060000003,1.20119982547217,0.6836656136498067,2011,8
2011-08-02,irrigation stop,79.68274991,187.1046249,0.6402441414779589,0.7830742311472788,2011,8
2011-08-03,control,215.5009996,274.6414346,1.3160307156801918,0.36769334627572237,2011,8
2011-08-03,irrigation stop,86.19316657666667,169.20097906666666,0.693457224841667,0.587438233443493,2011,8
2011-08-04,control,165.3282556,306.92981810000003,1.013743909270345,0.8454805462881176,2011,8
2011-08-04,irrigation stop,55.26868741,198.49785406666666,0.4580617270771315,1.0424450083869115,2011,8
2011-08-05,control,201.94934935,311.81263060000003,1.2303112914600836,0.6642581498472461,2011,8
2011-08-05,irrigation stop,86.19316657666667,216.4014999,0.692574778760653,0.9526694322898764,2011,8
2011-08-06,control,177.53528685,301.9259876,1.0826983692718068,0.7548610964972171,2011,8
2011-08-06,irrigation stop,81.43312594333334,214.77389573333335,0.6676509460036176,0.9618090444612591,2011,8
2011-08-07,control,165.3282556,240.94884535,1.004039907084992,0.4650324093005172,2011,8
2011-08-07,irrigation stop,79.68274991,153.9772677,0.6434411488053816,0.5283812812317764,2011,8
2011-08-08,control,147.2662052,309.37122435000003,0.895875055600251,0.9761698917399687,2011,8
2011-08-08,irrigation stop,63.41021601,237.49714613333333,0.5154062594162288,1.275653679867386,2011,8
2011-08-11,control,231.24622435,338.3042613,1.4035651972118748,0.6446750438866391,2011,8
2011-08-11,irrigation stop,155.09624556666665,250.5811874,1.234784988581065,0.6908767447082635,2011,8
2011-08-12,control,243.4532556,345.85025355,1.4822236593986897,0.6299026557973504,2011,8
2011-08-12,irrigation stop,159.47218563333334,279.8780624,1.2758451430486553,0.8784692203174439,2011,8
2011-08-13,control,233.6876306,345.99231810000003,1.4260896911789849,0.6770786416290031,2011,8
2011-08-13,irrigation stop,166.40829136666667,260.4700237,1.3307754886662477,0.677183439476296,2011,8
2011-08-14,control,248.6201973,324.6984149,1.5147733567639672,0.4644030375019222,2011,8
2011-08-14,irrigation stop,180.91692286666668,260.3468124,1.4432656873266856,0.5622156710082051,2011,8
2011-08-15,control,211.3409941,314.0325702,1.2934421485761085,0.6176368036700357,2011,8
2011-08-15,irrigation stop,165.65503446666668,259.4690624666667,1.319629093830879,0.6651754140457483,2011,8
2011-08-16,control,205.2634381,328.90247435000003,1.2493965445295399,0.7397683403427661,2011,8
2011-08-16,irrigation stop,174.7027726,272.8520039,1.384077714911943,0.7089126103940224,2011,8
2011-08-17,control,232.6209968,345.1294073,1.4135166980432472,0.6705642509269256,2011,8
2011-08-17,irrigation stop,198.49785406666666,268.8826088,1.5665594289011875,0.5036339514492767,2011,8
2011-08-18,control,247.97484095,364.2712951,1.5108668482789325,0.6931413919390141,2011,8
2011-08-18,irrigation stop,205.00827073333335,283.13327073333335,1.6206549583459098,0.562913284945086,2011,8
2011-08-19,control,216.59778685,328.7393632,1.3266422465213323,0.6665180981948973,2011,8
2011-08-19,irrigation stop,187.1046249,270.1124374,1.4867237278193397,0.6003421477231417,2011,8
2011-08-20,control,236.12903685,360.64075560000003,1.438910182960742,0.7363290994451119,2011,8
2011-08-20,irrigation stop,203.38066656666666,279.8780624,1.6224037744716524,0.5538558560109126,2011,8
2011-08-21,control,265.42591185000003,379.8643095,1.6170160898052097,0.6731158248103408,2011,8
2011-08-21,irrigation stop,231.31007283333332,301.03691656666666,1.8522720001840767,0.5011759931372939,2011,8
2011-08-22,control,287.60377255000003,403.7862971,1.75773810598119,0.6861487735168414,2011,8
2011-08-22,irrigation stop,256.0873003,321.17001113333333,2.0472145767414585,0.4681878313564815,2011,8
2011-08-23,control,303.10459755,421.67591185000003,1.8537454642644349,0.7099341279828176,2011,8
2011-08-23,irrigation stop,276.62285406666666,355.3192719333333,2.212175997913799,0.5798565509930474,2011,8
2011-08-24,control,306.92981810000003,414.35169310000003,1.8834844610218453,0.6417336558801359,2011,8
2011-08-24,irrigation stop,302.66452073333335,371.02389573333335,2.4133396402277016,0.495664797121468,2011,8
2011-08-26,control,261.816419,377.39385365,1.5980616558924858,0.6984474913354612,2011,8
2011-08-26,irrigation stop,265.56987836666667,349.52128036666664,2.134942046249604,0.6114252488888711,2011,8
2011-08-27,control,268.6951816,350.87513060000003,1.6390359202840123,0.509181400458196,2011,8
2011-08-27,irrigation stop,246.0772138,287.36363846666666,1.9916652289643058,0.28782109005020934,2011,8
2011-08-28,control,262.98450560000003,354.97921870000005,1.6041955980234526,0.5543217883193206,2011,8
2011-08-28,irrigation stop,209.89108323333335,253.65380246666666,1.719174615071659,0.29969424908428144,2011,8
2011-08-29,control,272.75013060000003,375.28919310000003,1.6603295662431574,0.6209446734092983,2011,8
2011-08-29,irrigation stop,191.9874374,248.95358323333332,1.5744371394851728,0.3965311671661966,2011,8
2011-08-30,control,267.86731810000003,380.17200560000003,1.6249845804942902,0.6819306427216797,2011,8
2011-08-30,irrigation stop,162.6905624,230.799132,1.3197597888834989,0.48460486601196046,2011,8
2011-08-31,control,280.07434935000003,397.26184935000003,1.6987910415884286,0.7075716262851939,2011,8
2011-08-31,irrigation stop,149.60241656666668,225.3463073,1.1890061347120737,0.5444985030037153,2011,8
2011-09-01,control,264.68401900000003,375.28919310000003,1.6067937837478357,0.6696284548119436,2011,9
2011-09-01,irrigation stop,116.3108592,189.91689993333333,0.9110217151981962,0.5200972576740103,2011,9
2011-09-02,control,248.3360681,354.80032255000003,1.507864642962204,0.6464089307116057,2011,9
2011-09-02,irrigation stop,111.91352626666666,181.5846058,0.8891288421006387,0.4892690575207052,2011,9
2011-09-03,control,250.77747435,353.31653685000003,1.5158331336512845,0.6209446734092983,2011,9
2011-09-03,irrigation stop,104.0968124,170.25444456666668,0.8136020950075744,0.47175601578037224,2011,9
2011-09-04,control,196.60351155,184.8516046,1.1876828321614692,-0.07143218123506347,2011,9
2011-09-04,irrigation stop,65.00620989333333,55.54778600833333,0.5332974979844086,-0.08858888295054206,2011,9
2011-09-05,control,123.25945981,216.24525625,0.7358508597660698,0.5500614020627306,2011,9
2011-09-05,irrigation stop,23.26851305,86.10774952666667,0.18918972846979942,0.4451662622042926,2011,9
2011-09-06,control,141.31494229999998,255.66028685,0.8391234241535885,0.6829426886905041,2011,9
2011-09-06,irrigation stop,44.005385653333335,118.7452499,0.3269700593312632,0.5211772394324037,2011,9
2011-09-07,control,158.14625470000001,272.75013060000003,0.9374958908617895,0.6985736699179852,2011,9
2011-09-07,irrigation stop,50.539338557,112.23483323333333,0.33187693929149875,0.4253438644426269,2011,9
2011-09-08,control,175.0938806,282.48944735,1.0407658709339906,0.6560992228632376,2011,9
2011-09-08,irrigation stop,48.79338626,105.72441656666668,0.30945589796676926,0.4062405135445784,2011,9
2011-09-09,control,192.18372435,316.69544310000003,1.1402133155916432,0.7508851027231416,2011,9
2011-09-09,irrigation stop,52.045048986666664,122.00045823333333,0.3301964408483119,0.5018820884419251,2011,9
2011-09-10,control,194.6251306,326.46106810000003,1.1530338073734003,0.7844945769757363,2011,9
2011-09-10,irrigation stop,48.758270743333334,125.19772596666667,0.30924144542731963,0.5499722249509614,2011,9
2011-09-11,control,224.5251146,345.4766763,1.3355054110391187,0.7358431391271094,2011,9
2011-09-11,irrigation stop,57.28782958,131.76608323333335,0.36397930451535915,0.5379950508415382,2011,9
2011-09-12,control,212.5410536,333.78528685000003,1.2681649553248726,0.7369369109255943,2011,9
2011-09-12,irrigation stop,45.46071901333333,120.37285406666668,0.28900018148931683,0.5264116811342535,2011,9
2011-09-13,control,233.7166009,345.99231810000003,1.3971873905742889,0.6817209367703165,2011,9
2011-09-13,irrigation stop,53.98697107666667,123.6280624,0.3429383201128642,0.4990800841925603,2011,9
2011-09-14,control,241.01184935,344.6633453,1.44514316215355,0.6308898919249906,2011,9
2011-09-14,irrigation stop,56.89629157666666,119.91937472000001,0.36070571266528506,0.4550244209378696,2011,9
2011-09-15,control,235.2292945,350.87513060000003,1.4099253843975328,0.6994759276032634,2011,9
2011-09-15,irrigation stop,49.011375496666666,125.92412797,0.3107871711420895,0.5496444910835303,2011,9
2011-09-16,control,248.3360681,352.98505285,1.4884566385914977,0.6271724509754464,2011,9
2011-09-16,irrigation stop,59.64583647966666,134.23928673666666,0.3888610524720051,0.5378161172412078,2011,9
2011-09-17,control,253.26106475,265.07864285,1.519254979675071,0.07583934594251905,2011,9
2011-09-17,irrigation stop,55.541672625333334,65.0343124,0.35940555182557604,0.058608773587068966,2011,9
2011-09-18,control,171.17395034999998,133.54788115,1.0201812453497863,-0.2364007863499824,2011,9
2011-09-18,irrigation stop,11.32337491,17.735361951,0.07091741318685317,0.045831810090616286,2011,9
2011-09-19,control,101.8516931,128.70716185,0.6027791054618363,0.15558141287735744,2011,9
2011-09-19,irrigation stop,29.227020743333334,59.98698938,0.20220130547038093,0.21500369986826934,2011,9
2011-09-20,control,93.7119184,177.53528685,0.5406269184518402,0.49840344098587785,2011,9
2011-09-20,irrigation stop,28.113858886666666,94.3311874,0.1962856061831627,0.46383493260921166,2011,9
2011-09-21,control,109.17591185,199.4448033,0.6315365786217546,0.5371026457754507,2011,9
2011-09-21,irrigation stop,28.412793936666667,92.70358323333333,0.20061912622034955,0.44956153755683737,2011,9
2011-09-22,control,121.325064935,221.48059935,0.7000720786657952,0.6036911404922859,2011,9
2011-09-22,irrigation stop,32.48222907666667,92.70358323333333,0.2247283937437982,0.4263347161144029,2011,9
2011-09-23,control,128.70716185,238.48156965,0.7389525139684877,0.6686434521529667,2011,9
2011-09-23,irrigation stop,27.599416576666666,90.67215063333333,0.19402632261722175,0.4437482619919996,2011,9
2011-09-24,control,133.89021201,252.99789125,0.7667668137947035,0.7263231387502753,2011,9
2011-09-24,irrigation stop,24.344208243333334,94.3311874,0.17326412650583273,0.494465650019035,2011,9
2011-09-25,control,150.89601175,262.98450560000003,0.8700282352531339,0.6807953507508768,2011,9
2011-09-25,irrigation stop,32.48222907666667,97.58639573333333,0.2314551853952774,0.46288113281144444,2011,9
2011-09-26,control,161.96407165,270.30872435000003,0.9378536463551492,0.6611354171794858,2011,9
2011-09-26,irrigation stop,30.854624910000002,97.58639573333333,0.22151531038008998,0.4728210078266319,2011,9
2011-09-27,control,170.2110681,284.9413769,0.9860128808144171,0.7043408749118332,2011,9
2011-09-27,irrigation stop,34.109833243333334,100.4900697,0.24227750649147897,0.4701656618614576,2011,9
2011-09-28,control,179.7609654,292.28138060000003,1.0456568669650315,0.6881246269761233,2011,9
2011-09-28,irrigation stop,33.331108836666665,102.46920823333333,0.23125524005610515,0.48882124978774216,2011,9
2011-09-29,control,187.5063376,292.28138060000003,1.0917993323029762,0.6419821616381787,2011,9
2011-09-29,irrigation stop,34.109833243333334,99.2139999,0.23058881535054876,0.46288113281144444,2011,9
2011-09-30,control,204.3907556,306.0182201,1.199463773407752,0.6210096241422627,2011,9
2011-09-30,irrigation stop,45.50306241,105.72441656666668,0.3095420703513825,0.42545227003338876,2011,9
2011-10-01,control,209.2735681,311.3960624,1.2299567580639428,0.6236091609799457,2011,10
2011-10-01,irrigation stop,45.83841558666667,108.9796249,0.3136626069907643,0.4488207211568751,2011,10
2011-10-02,control,219.27622285,309.37122435000003,1.2926585035065377,0.5502744372776229,2011,10
2011-10-02,irrigation stop,51.536422683333335,108.91283336666667,0.35462119459628727,0.4074542337026035,2011,10
2011-10-03,control,216.59778685,313.406911,1.2781222355945672,0.5894539758966849,2011,10
2011-10-03,irrigation stop,45.56970999333333,108.9796249,0.3099852257339325,0.45249810241370697,2011,10
2011-10-07,control,160.27443945,167.76966185,0.9431970797747442,0.04940331362862199,2011,10
2011-10-07,irrigation stop,60.15149991,100.84160406666666,0.4779575531437919,0.2891904022241245,2011,10
2011-10-08,control,138.47278685,131.1485681,0.8144944865588987,-0.043313476437947765,2011,10
2011-10-08,irrigation stop,78.45730941333333,77.71064205333333,0.6012399266937978,-0.007214890193008426,2011,10
2011-10-09,control,114.39619735000001,192.18372435,0.6644724132492738,0.47574090234236943,2011,10
2011-10-09,irrigation stop,65.07183642666666,118.61181093333333,0.49647273297909067,0.37776681272022783,2011,10
2011-10-28,control,96.9688806,128.70716185,0.5092101066008508,0.1957783997189012,2011,10
2011-10-28,irrigation stop,74.79993741,94.33118741,0.5101881956534757,0.13537942172825007,2011,10
2011-10-29,control,99.41028685,135.32479655,0.5220305983826078,0.22256091832457464,2011,10
2011-10-29,irrigation stop,75.19098517666666,95.95879157666667,0.525359501013037,0.13687478303535552,2011,10
2011-10-30,control,99.59727697250001,118.94153685,0.5233841550090278,0.12061838199834275,2011,10
2011-10-30,irrigation stop,74.79993741,91.01634702666666,0.5227593328754201,0.10752625750525804,2011,10
2011-10-31,control,96.9688806,111.6173181,0.5092101066008508,0.09147895396857207,2011,10
2011-10-31,irrigation stop,63.406708243333334,78.05514574333333,0.4438060778745864,0.09210621337972931,2011,10
2011-11-01,control,94.52747435,130.356689565,0.49638961481909366,0.2156872492849684,2011,11
2011-11-01,irrigation stop,58.917614246666666,89.35346063,0.40878167730819664,0.21134856738964683,2011,11
2011-11-02,control,114.130199372,138.133410335,0.6091749341467444,0.14463891044398708,2011,11
2011-11-02,irrigation stop,73.33043649333334,95.70920217,0.5141046353393216,0.15917652864648008,2011,11
2011-11-03,control,133.269033485,186.961535335,0.7185656694809444,0.320770017300988,2011,11
2011-11-03,irrigation stop,92.70358324333333,130.13847906666666,0.6549256712399619,0.2710755443557779,2011,11
2011-11-04,control,169.871691585,223.582629085,0.9350362410316031,0.3305708301254211,2011,11
2011-11-04,irrigation stop,112.76916549666667,156.05829303333334,0.810551659303789,0.31851637519517895,2011,11
2011-11-05,control,179.637316585,221.101715605,1.000874211436661,0.2565359648837105,2011,11
2011-11-05,irrigation stop,123.18852223666667,158.82980066666667,0.8975089688118237,0.24475684612668253,2011,11
2011-11-06,control,179.637316585,159.525904455,1.0105782136220143,-0.0970595244587211,2011,11
2011-11-06,irrigation stop,127.15743935,143.0592191,0.9229322045873705,0.10529984963003894,2011,11
2011-11-07,control,123.67986395,145.457629085,0.6977096474410213,0.12367767905104074,2011,11
2011-11-07,irrigation stop,117.00884866666667,136.64889573333335,0.8481806625204368,0.13246575160440574,2011,11
2011-11-08,control,143.53324713,196.727160335,0.8074573931237722,0.32197626952660063,2011,11
2011-11-08,irrigation stop,138.2764999,174.08379156666666,0.9973130807915093,0.2593707772396328,2011,11
2011-11-09,control,173.111245875,199.16856660000002,0.9873257905619878,0.15978036507139856,2011,11
2011-11-09,irrigation stop,154.55254156666666,173.9014999,1.1280312279543712,0.14001166733594061,2011,11
2011-11-10,control,177.195910335,179.60923427,1.0171657262109632,0.017469214738426924,2011,11
2011-11-10,irrigation stop,154.55254156666666,161.06295823333335,1.1397199190953013,0.046486291712228976,2011,11
2011-11-11,control,167.430285335,174.638747785,0.9610317579912584,0.04270560845496181,2011,11
2011-11-11,irrigation stop,151.29733323333335,162.46644043333333,1.118075276902898,0.07581963671826031,2011,11
2011-11-12,control,160.106066585,169.871691585,0.9177182815533106,0.056133968219704844,2011,11
2011-11-12,irrigation stop,148.4610257,161.06295823333335,1.0998713327799454,0.0854524319465708,2011,11
2011-11-13,control,162.547472835,177.195910335,0.9305387733350676,0.08662695287589553,2011,11
2011-11-13,irrigation stop,154.55254156666666,172.4561874,1.137955026933273,0.1321663383645419,2011,11
2011-11-14,control,170.86088208500001,174.21658834500002,0.9790467595666404,0.021341947957593872,2011,11
2011-11-14,irrigation stop,161.06295823333335,170.82858323333335,1.1929330024590097,0.06724848782361799,2011,11
2011-11-15,control,169.871691585,164.099660035,0.9738522497730154,-0.04001451812296799,2011,11
2011-11-15,irrigation stop,161.06295823333335,159.43535406666666,1.1929330024590097,-0.010822321096201565,2011,11
2011-11-18,control,145.457629085,151.502394335,0.8165353253993854,0.03659471626360547,2011,11
2011-11-18,irrigation stop,134.6450175,147.70176800000002,0.9987225587623563,0.0892609218026878,2011,11
2011-11-19,control,145.457629085,157.664660335,0.8165353253993854,0.07380646109413846,2011,11
2011-11-19,irrigation stop,138.37686156666666,152.56058096666666,1.0240051295308887,0.10116145859087769,2011,11
2011-11-20,control,157.664660335,176.033957625,0.8903417864935239,0.11356096606011737,2011,11
2011-11-20,irrigation stop,152.33092290000002,177.3389999,1.1220491864555708,0.18053914213084893,2011,11
2011-11-21,control,167.430285335,171.59695203500002,0.9513277558059052,0.026732307241917767,2011,11
2011-11-21,irrigation stop,170.18277783333335,177.3389999,1.257652271168955,0.04493605741746465,2011,11
2011-11-22,control,162.547472835,164.988879085,0.9256867722423912,0.012820491781757076,2011,11
2011-11-22,irrigation stop,166.39401466666666,174.08379156666666,1.2281003174176024,0.0537258150574282,2011,11
2011-11-23,control,157.664660335,155.09304575000002,0.8951937875862004,-0.013763024747124616,2011,11
2011-11-23,irrigation stop,162.6905624,166.55503433333334,1.2037553235552112,0.023930886324116066,2011,11
2011-11-24,control,148.166371095,151.632950775,0.836065129497416,0.02031920618905023,2011,11
2011-11-24,irrigation stop,159.43535406666666,162.6905624,1.177148781873357,0.019879750030374874,2011,11
2011-11-25,control,128.66766434000002,135.409383595,0.7144065997326371,0.039096964673570704,2011,11
2011-11-25,irrigation stop,133.3936874,144.78691656666666,0.9926357301898355,0.07222646334935448,2011,11
2011-11-26,control,130.809191585,138.133410335,0.7250563714308134,0.043313476437947765,2011,11
2011-11-26,irrigation stop,135.02129156666666,148.0421249,0.9976137057155721,0.08801068393500702,2011,11
2011-11-27,control,134.2885219,143.016222835,0.7438981099399611,0.0501127214923142,2011,11
2011-11-27,irrigation stop,144.28730063333333,161.0411405,1.062077630867556,0.11503680280196661,2011,11
2011-11-28,control,136.59284386500002,142.892194185,0.756543611783156,0.03681591129434328,2011,11
2011-11-28,irrigation stop,154.66569053333333,162.6905624,1.1337454814092693,0.0565562588429833,2011,11
2011-11-29,control,133.250597835,140.574816585,0.7378768632125705,0.043313476437947765,2011,11
2011-11-29,irrigation stop,148.4134086,163.54145466666668,1.089426334738579,0.0998063957214045,2011,11
2011-12-03,control,143.016222835,133.250597835,0.7988628325249518,-0.06098596931238138,2011,12
2011-12-03,irrigation stop,156.11896856666667,147.7628577,1.1358325982284379,-0.06067714243835221,2011,12
2011-12-04,control,114.09921889,108.83653533500001,0.618654679370606,-0.028390738346312408,2011,12
2011-12-04,irrigation stop,130.13847906666666,125.25566656666668,0.9449663674725297,-0.03742886277805567,2011,12
2011-12-05,control,84.76184935,77.4376306,0.44510764769206534,-0.03360947425259469,2011,12
2011-12-05,irrigation stop,106.38896713333334,110.60722906666666,0.7686072948919583,0.03833231260927873,2011,12
2011-12-06,control,68.22034285,72.5548181,0.3582436740534579,0.027613515822498578,2011,12
2011-12-06,irrigation stop,104.19690570333333,113.8624374,0.7597133790531132,0.06622353239748467,2011,12
2011-12-07,control,55.46497435,54.946638322,0.2912617463109804,0.0010999464064102831,2011,12
2011-12-07,irrigation stop,95.95879156666666,88.7851153,0.693770573086056,-0.058146095093079636,2011,12
2011-12-08,control,50.58216185,59.6950044285,0.26562076274746627,0.05628665035862321,2011,12
2011-12-08,irrigation stop,56.89629157666666,79.23450596666667,0.37504174204925766,0.14579492780498501,2011,12
2011-12-09,control,54.8252475785,60.3347660165,0.29148298723790483,0.03502949152540602,2011,12
2011-12-09,irrigation stop,71.77537885333334,80.96127006333334,0.4669167076282843,0.06427614822996339,2011,12
2011-12-10,control,54.328209086,57.1641931,0.28669155759957937,0.018345252084180495,2011,12
2011-12-10,irrigation stop,70.70256392433333,78.05514573333333,0.45666912061057685,0.0493558887370752,2011,12
2011-12-11,control,55.46497435,57.9063806,0.2912617463109804,0.017672492874433614,2011,12
2011-12-11,irrigation stop,74.7999374,75.98523416666667,0.4852628132362631,0.00723867753466209,2011,12
2011-12-12,control,53.0235681,58.898609878,0.2784412545292233,0.032823387084132405,2011,12
2011-12-12,irrigation stop,71.54472906666666,78.05514573333333,0.4586562715544089,0.04064194614176391,2011,12
2011-12-13,control,55.46497435,60.34778685,0.2912617463109804,0.03049298465619069,2011,12
2011-12-13,irrigation stop,65.0343124,74.241403,0.41128753376116584,0.06383748517236973,2011,12
2011-12-14,control,50.58216185,55.46497435,0.26562076274746627,0.03049298465619069,2011,12
2011-12-14,irrigation stop,64.00176328666667,64.57301282333333,0.4033090695086515,0.008216656076898657,2011,12
2011-12-15,control,50.58216185,54.6946911,0.26562076274746627,0.026448016688958645,2011,12
2011-12-15,irrigation stop,51.04913451666666,50.285781605666664,0.32182659666201324,0.0012916678335714755,2011,12
2011-12-16,control,50.58216185,54.9536281245,0.26562076274746627,0.027543976085734702,2011,12
2011-12-16,irrigation stop,38.992645743333334,36.15589125133334,0.2460724110121385,-0.012717791256071087,2011,12
2011-12-17,control,50.58216185,55.46497435,0.26562076274746627,0.03049298465619069,2011,12
2011-12-17,irrigation stop,24.344208243333334,27.47298661,0.15308375155139506,0.025834426389587,2011,12
2011-12-18,control,50.58216185,55.3344179,0.26562076274746627,0.029807397038693444,2011,12
2011-12-18,irrigation stop,21.088999910000002,21.015017902333334,0.13232155544000604,0.005969215892972561,2011,12
2011-12-19,control,50.58216185,54.884773666,0.26562076274746627,0.02629311318714226,2011,12
2011-12-19,irrigation stop,13.090425753333333,46.52807124,0.0817088973129884,0.28867946220365287,2011,12
2011-12-20,control,50.58216185,54.247272373,0.26562076274746627,0.022887932454681684,2011,12
2011-12-20,irrigation stop,13.188200384666667,16.889433009333334,0.08155864283258721,0.03541014646588484,2011,12
2011-12-21,control,50.58216185,52.9517620395,0.26562076274746627,0.01544024272775809,2011,12
2011-12-21,irrigation stop,12.950979076666668,0,0.08581918769149158,-0.08581918769149158,2011,12
2011-12-22,control,55.46497435,57.425343965,0.2912617463109804,0.015094614196169961,2011,12
2011-12-22,irrigation stop,0.20018660866666668,4.747723533,0.00122255147204254,0.034823000283933134,2011,12
2011-12-23,control,51.90377645,53.0235681,0.27256092238617863,0.005880332143044668,2011,12
2011-12-23,irrigation stop,0,1.3186204879999999,0,0.00805289339485315,2011,12
2011-12-24,control,52.4752309,87.2032556,0.27556178595809483,0.20177435788643375,2011,12
2011-12-24,irrigation stop,0,27.257559600666667,0,0.18505288958138771,2011,12
2011-12-25,control,89.8731357,95.826511365,0.49135641428511045,0.03384448319613023,2011,12
2011-12-25,irrigation stop,31.74870265,34.87770638,0.2187708536730393,0.02413196397428407,2011,12
2011-12-26,control,92.0860681,91.26356225,0.5029771274080427,-0.0043192031192564135,2011,12
2011-12-26,irrigation stop,34.09960607,38.650788766666665,0.24029125578280477,0.047092271074450354,2011,12
2011-12-27,control,65.23059935,53.9896861,0.35709971671603835,-0.06873311130681502,2011,12
2011-12-27,irrigation stop,30.512767933333333,33.60675825933333,0.2332719213762473,0.026104479642770684,2011,12
2011-12-28,control,50.58216185,52.9387064,0.26562076274746627,0.012374859790999329,2011,12
2011-12-28,irrigation stop,29.159332383333332,33.27621351,0.2250064103363836,0.030718848174465255,2011,12
2011-12-29,control,50.58216185,60.28577252,0.26562076274746627,0.05568506799876137,2011,12
2011-12-29,irrigation stop,28.44562360666667,28.133459033333335,0.21392095692758176,-0.014054511585222257,2011,12
2011-12-30,control,60.34778685,70.11341185,0.3169027298744945,0.05613396821970488,2011,12
2011-12-30,irrigation stop,19.11953876733333,28.885163767333335,0.1286267228539713,0.05963925009112463,2011,12
2011-12-31,control,70.11341185,77.4376306,0.3730366980941994,0.03846147534527123,2011,12
2011-12-31,irrigation stop,30.55411082066667,36.516188187666664,0.1919024074682708,0.04175374336465644,2011,12
2012-01-01,control,72.96607105,77.14101114900001,0.38316479047418994,0.026186257662305853,2012,1
2012-01-01,irrigation stop,30.551215276666667,33.59753323566667,0.19187275709771082,0.025349950329694896,2012,1
2012-01-02,control,74.99622435,82.085441429,0.39382568056503703,0.04161238086803698,2012,1
2012-01-02,irrigation stop,28.92361111,32.693718348666664,0.18193288208252337,0.026034760902002338,2012,1
2012-01-03,control,84.43632855,94.52747435,0.4433982489628735,0.057843366948896704,2012,1
2012-01-03,irrigation stop,30.551215276666667,35.43402777666667,0.19187275709771082,0.03742886277805567,2012,1
2012-01-04,control,92.0860681,109.17591185,0.48356912303733657,0.09944744465765261,2012,1
2012-01-04,irrigation stop,31.358472033333335,46.58790339,0.197240396236665,0.10370838674729957,2012,1
2012-01-05,control,114.05872435,133.58997435,0.6086575512585033,0.11226793643940969,2012,1
2012-01-05,irrigation stop,48.45486111,60.46605763666667,0.3132328504023366,0.07688287268732263,2012,1
2012-01-06,control,145.7970056,177.53528685,0.7947319487920514,0.1957783997189012,2012,1
2012-01-06,irrigation stop,66.35850693333333,102.1657986,0.42874859807542676,0.25352643166916766,2012,1
2012-01-07,control,182.41809935,169.53689965,1.0161513320744668,-0.07249470287285821,2012,1
2012-01-07,irrigation stop,100.53819443333333,98.91059026666666,0.6714527086483928,-0.009939875015187437,2012,1
2012-01-08,control,170.2110681,207.57633385,0.9471968720730048,0.23017923502887538,2012,1
2012-01-08,irrigation stop,99.36753796666666,122.62399963333333,0.6578243942020321,0.1610316721840889,2012,1
2012-01-09,control,214.1563806,218.44842501,1.2167817328860446,0.026216619401138314,2012,1
2012-01-09,irrigation stop,121.6970486,126.3013406,0.8203017897158869,0.034845475512529055,2012,1
2012-01-10,control,217.07431805,216.23875652,1.232104620298742,-0.005101291635499505,2012,1
2012-01-10,irrigation stop,120.33890093,123.32465276666666,0.812238703145552,0.023847307155987447,2012,1
2012-01-11,control,202.1451841,196.498616145,1.1391516525193208,-0.04048434853017947,2012,1
2012-01-11,irrigation stop,111.9314236,108.32541973333333,0.7553678631386775,-0.02466941736585284,2012,1
2012-01-12,control,167.877299,169.17313242,0.935155528278765,0.006154093147720009,2012,1
2012-01-12,irrigation stop,92.4001736,92.4001736,0.6214205565758218,0.004961899489450974,2012,1
2012-01-13,control,150.6798181,126.2657556,0.8349289356335952,-0.13790892000292382,2012,1
2012-01-13,irrigation stop,87.32437772333333,83.94011344,0.5908187480179253,-0.013353896325219513,2012,1
2012-01-14,control,118.94153685,123.74601546000001,0.6537065391927237,0.029925952801966648,2012,1
2012-01-14,irrigation stop,79.37934026666666,85.68086656,0.5433336716197168,0.05855091402552088,2012,1
2012-01-15,control,118.94153685,123.82434935,0.6537065391927237,0.03049298465619069,2012,1
2012-01-15,irrigation stop,87.5173611,120.06944443333333,0.6325113505235153,0.3090735049704588,2012,1
2012-01-16,control,118.94153685,123.82434935,0.6537065391927237,0.03049298465619069,2012,1
2012-01-16,irrigation stop,131.484433,181.91840276666667,1.06520113006812,0.5038727131887223,2012,1
2012-01-17,control,118.94153685,123.82434935,0.6537065391927237,0.03049298465619069,2012,1
2012-01-17,irrigation stop,185.48507657333334,212.84288193333333,1.6120264694317585,0.2269592759280296,2012,1
2012-01-18,control,118.94153685,123.82434935,0.6537065391927237,0.03049298465619069,2012,1
2012-01-18,irrigation stop,211.21527776666667,219.3446641,1.8290458703446006,0.05317174658831694,2012,1
2012-01-19,control,121.3829431,228.8048181,0.6713790320671573,0.6854016657142248,2012,1
2012-01-19,irrigation stop,199.16968876666667,236.57369883333334,1.6867965915769398,0.19309223369492773,2012,1
2012-01-20,control,131.1485681,136.0313806,0.7420690035648917,0.006232979192808005,2012,1
2012-01-20,irrigation stop,74.62898928666667,43.607889633333336,0.6538657033998609,-0.3297247160552779,2012,1
2012-01-21,control,131.1485681,133.58997435,0.7129569970088325,0.007968490689080537,2012,1
2012-01-21,irrigation stop,41.48749675,51.71006944333333,0.28985702699730537,0.05935649498140699,2012,1
2012-01-22,control,136.0313806,189.7423181,0.724041977294317,0.31601482684739146,2012,1
2012-01-22,irrigation stop,51.94818459333334,83.87048333333334,0.3323538922412888,0.21536285071891192,2012,1
2012-01-23,control,201.94934935,220.4687866,1.1138632652358469,0.11665863321069975,2012,1
2012-01-23,irrigation stop,93.2586422,113.31532233333333,0.6135424688390488,0.1403531468249118,2012,1
2012-01-24,control,223.9220056,262.77561525,1.2535076967350434,0.23314293471863856,2012,1
2012-01-24,irrigation stop,113.88063713333334,141.18913166666667,0.7573480266194719,0.1922496444732855,2012,1
2012-01-25,control,253.2188806,253.2188806,1.4316136035795108,0,2012,1
2012-01-25,irrigation stop,128.20746526666667,134.51334344333333,0.8618261819386649,0.04527426365564311,2012,1
2012-01-26,control,248.3360681,244.56002645,1.40112061892332,-0.024681028294272905,2012,1
2012-01-26,irrigation stop,126.5798611,128.0464456,0.8518863069234774,0.015596009211273899,2012,1
2012-01-27,control,225.19493135,245.30062985,1.2553401768165515,0.11895595657242744,2012,1
2012-01-27,irrigation stop,115.99716573333333,136.3454861,0.777883029830408,0.13540741934622236,2012,1
2012-01-28,control,241.73979469,241.01184935,1.3530351791482342,-0.004932038848214712,2012,1
2012-01-28,irrigation stop,124.94496493333334,122.99244603333334,0.8421881619083529,-0.012210411205455435,2012,1
2012-01-29,control,227.79300539,226.36341185,1.2618999713411976,-0.010127786102427027,2012,1
2012-01-29,irrigation stop,111.9314236,109.98697915666666,0.753935747973283,-0.014066765529268227,2012,1
2012-01-30,control,206.074934245,201.94934935,1.1243189386777779,-0.02501167671996052,2012,1
2012-01-30,irrigation stop,94.74339997333334,90.77256943333333,0.6290973810050078,-0.028090167507655674,2012,1
2012-01-31,control,192.90178505,192.18372435,1.0372400246305307,-0.003770733077771334,2012,1
2012-01-31,irrigation stop,85.01285256233334,84.26215276666667,0.5583669323959253,-0.004728456691816229,2012,1
2012-02-01,control,182.50296107,187.30091185,0.9730197671920591,0.029956539704509615,2012,2
2012-02-01,irrigation stop,81.00694444333334,87.5173611,0.5328762796537906,0.05993987495411685,2012,2
2012-02-02,control,165.55672945,151.7895482135,0.8693836551488736,-0.07008977804379357,2012,2
2012-02-02,irrigation stop,76.12413194333334,77.7517361,0.506253661935651,0.015784220524581956,2012,2
2012-02-03,control,143.35559935,148.04219210649998,0.7527994504542351,0.029358795010495764,2012,2
2012-02-03,irrigation stop,76.12413194333334,85.88975693333333,0.5179423530765812,0.093273208287450185,2012,2
2012-02-04,control,143.35559935,147.8968665985,0.7527994504542351,0.028526614315305635,2012,2
2012-02-04,irrigation stop,87.67402889,105.42100693333333,0.647339431626428,0.1697204753080685,2012,2
2012-02-05,control,143.35559935,148.02299365,0.7527994504542351,0.029361764785371933,2012,2
2012-02-05,irrigation stop,111.93142361,173.78038193333333,0.8962977108841781,0.6207621960503185,2012,2
2012-02-06,control,143.6297679665,147.7292416,0.7547840619548772,0.02583458094843828,2012,2
2012-02-06,irrigation stop,185.29111194666666,203.07725693333333,1.6470152954508475,0.17588895705411425,2012,2
2012-02-07,control,143.35559935,148.23841185,0.7527994504542351,0.03049298465619069,2012,2
2012-02-07,irrigation stop,201.44965276666667,204.70486110000002,1.806237585838295,0.027488987762868233,2012,2
2012-02-08,control,143.35559935,148.23841185,0.7527994504542351,0.03049298465619069,2012,2
2012-02-08,irrigation stop,198.69491096666667,206.16033579999998,1.782687422907796,0.05992782086395045,2012,2
2012-02-09,control,143.8575707285,148.23841185,0.7564330471199727,0.026859387990453117,2012,2
2012-02-09,irrigation stop,201.52363477333333,210.53183993333334,1.8067295095184412,0.07468852504698406,2012,2
2012-02-10,control,144.219582259,149.2763359,0.7590535230007173,0.029689335099783568,2012,2
2012-02-10,irrigation stop,195.03062563333333,206.33246526666667,1.7346624024224966,0.10315970062338903,2012,2
2012-02-11,control,145.7970056,150.6798181,0.7704719433286688,0.03049298465619069,2012,2
2012-02-11,irrigation stop,195.00016247666667,211.16740706666667,1.7408584789874155,0.146671274859178,2012,2
2012-02-12,control,146.22457808500002,152.02747435,0.7735669922147221,0.03447484723366717,2012,2
2012-02-12,irrigation stop,206.33246526666667,210.76425493333335,1.8445488946973647,0.03324263257731446,2012,2
2012-02-13,control,148.23841185,151.76343695,0.7881444362031024,0.01851087066113529,2012,2
2012-02-13,irrigation stop,203.75488063333333,214.47048610000002,1.8220806410730568,0.0999572413871763,2012,2
2012-02-14,control,149.3451827,283.7917973,0.7939563925650202,0.8467239672019817,2012,2
2012-02-14,irrigation stop,209.58767360000002,283.63495943333334,1.872037882460233,0.4446952368479852,2012,2
2012-02-15,control,276.16418269999997,258.10169310000003,1.5909216676693452,-0.10940707506293741,2012,2
2012-02-15,irrigation stop,263.2986111,258.9297820666667,2.1076435670027376,-0.005624236159099951,2012,2
2012-02-16,control,150.6798181,194.6251306,0.8106689301702126,0.2501768564423335,2012,2
2012-02-16,irrigation stop,73.49994661666666,67.98611111,0.6150565329078688,-0.11759182705489929,2012,2
2012-02-17,control,192.30775305,192.18372435,1.0535286045408052,-6.513086173396874e-4,2012,2
2012-02-17,irrigation stop,66.61961991,71.24131944333334,0.48661369383182296,0.0280834238084791,2012,2
2012-02-18,control,197.06653685,197.5665057,1.0833702805796561,0.002625473139736321,2012,2
2012-02-18,irrigation stop,67.98611111,70.32307217333333,0.49393492152891305,0.02860798896765077,2012,2
2012-02-19,control,210.48121557500002,258.10169310000003,1.1610664816972331,0.2913361043531153,2012,2
2012-02-19,irrigation stop,69.61371527666667,118.44184026666666,0.4980304509736354,0.33481032389162485,2012,2
2012-02-20,control,272.75013060000003,279.58802645000003,1.5390295389262438,0.03979315367932296,2012,2
2012-02-20,irrigation stop,135.17047773333334,139.69643586666666,0.9513498619816421,0.041782846212560544,2012,2
2012-02-21,control,282.51575560000003,267.63884425000003,1.5951635071459487,-0.0834287947215335,2012,2
2012-02-21,irrigation stop,150.9939236,146.1111111,1.0799410398070115,-0.004677350601673652,2012,2
2012-02-22,control,260.921713155,255.66028685,1.4582597296329642,-0.018677635364372794,2012,2
2012-02-22,irrigation stop,130.74461293333331,193.70997676666667,0.9690777429474626,0.4660844795818735,2012,2
2012-02-23,control,270.30872435000003,277.86766628500004,1.5116530438664573,0.044805537364783043,2012,2
2012-02-23,irrigation stop,115.29988183333333,136.2976154,0.8607401902399908,0.15282700751290204,2012,2
2012-02-24,control,314.25403685000003,391.8881375,1.7715339024941439,0.4659019034130165,2012,2
2012-02-24,irrigation stop,133.09027776666667,219.3532986,0.9483243705268499,0.6143775521830515,2012,2
2012-02-25,control,397.26184935,421.67591185,2.2705066372786793,0.15246492328095346,2012,2
2012-02-25,irrigation stop,238.8845486,277.9470486,1.7159471581461807,0.29976367922107916,2012,2
2012-02-26,control,402.25533895,439.5621502,2.3161368209278606,0.22987227446593897,2012,2
2012-02-26,irrigation stop,269.8177548666667,290.69068853333334,1.965187044741061,0.14213631654105446,2012,2
2012-02-27,control,419.2345056,424.1173181,2.4344110742412584,0.03049298465619069,2012,2
2012-02-27,irrigation stop,275.1559362333333,263.2986111,2.0112364861060743,-0.08763186211854386,2012,2
2012-02-28,control,414.3516931,428.46484899999996,2.408770090677744,0.08760423616533244,2012,2
2012-02-28,irrigation stop,250.88032526666666,247.02256943333333,1.8357439489874015,-0.029403888859774418,2012,2
2012-02-29,control,421.22428445,450.97278685,2.454563949240769,0.18047752581206697,2012,2
2012-02-29,irrigation stop,241.52988393333334,251.8705669,1.7702056779129862,0.06748032766163649,2012,2
2012-03-01,control,431.44153685,465.62122435,2.527625539706103,0.19889488931530522,2012,3
2012-03-01,irrigation stop,241.16058333333334,256.76704866666665,1.7746860828292068,0.10053821883500645,2012,3
2012-03-02,control,441.20716185,475.38684935,2.593463510111161,0.19889488931530522,2012,3
2012-03-02,irrigation stop,240.41205946666668,256.78819443333333,1.769635058083314,0.10571838202995912,2012,3
2012-03-03,control,449.29513605,481.77758925,2.642305547290663,0.18846437588772497,2012,3
2012-03-03,irrigation stop,231.5777374,253.5329861,1.706722879935801,0.14114157241460404,2012,3
2012-03-04,control,443.6485681,482.7110681,2.606284001892918,0.23423987506417243,2012,3
2012-03-04,irrigation stop,221.0365771,242.13975693333333,1.6271289143836631,0.1417822829659081,2012,3
2012-03-05,control,436.32434935,479.69268535000003,2.56297052545497,0.26556400719264295,2012,3
2012-03-05,irrigation stop,206.33246526666667,232.37413193333333,1.5203466651698545,0.19035739725398657,2012,3
2012-03-06,control,453.4141931,482.7110681,2.672121972297976,0.18295790793714414,2012,3
2012-03-06,irrigation stop,216.09809026666667,230.74652776666667,1.601048736296431,0.09971545111222269,2012,3
2012-03-07,control,450.97278685,487.5938806,2.659301480516219,0.2262713843750919,2012,3
2012-03-07,irrigation stop,219.3532986,227.49131943333333,1.632617177467736,0.048267259910542724,2012,3
2012-03-08,control,468.0626306,509.52435275,2.773304928451901,0.25169084769494704,2012,3
2012-03-08,irrigation stop,219.3532986,243.20746526666667,1.6343820696297644,0.16442706801163032,2012,3
2012-03-09,control,470.50403685,506.97254275,2.786125420233658,0.22547010385206517,2012,3
2012-03-09,irrigation stop,226.46050346666667,232.37413193333333,1.6964793497165553,0.0344050876617235,2012,3
2012-03-10,control,477.8282556,514.4493493499999,2.8342908977642827,0.2262713843750919,2012,3
2012-03-10,irrigation stop,227.49131943333333,240.51215276666667,1.7168329568820835,0.08481367660758427,2012,3
2012-03-11,control,495.37372315,538.8634118499999,2.946740447231103,0.2711387592819015,2012,3
2012-03-11,irrigation stop,232.37413193333333,253.34585513333334,1.7609886113116184,0.14176045789576375,2012,3
2012-03-12,control,506.38796985,536.4220055999999,3.0216167569523287,0.1882939588715951,2012,3
2012-03-12,irrigation stop,237.25694443333333,250.27777776666667,1.8109886113116185,0.08393123052657013,2012,3
2012-03-13,control,509.71912475,565.7188805999999,3.050435436081319,0.34243318767974873,2012,3
2012-03-13,irrigation stop,239.1413097,269.80902776666665,1.829223333218638,0.20372326859084292,2012,3
2012-03-14,control,538.8634118499999,597.4571618499999,3.232435209791034,0.3562118136889352,2012,3
2012-03-14,irrigation stop,258.4157986,282.8298611,1.9773707290905078,0.17049372325989717,2012,3
2012-03-15,control,568.2287621,627.0621755,3.4110367852149115,0.3627986549905128,2012,3
2012-03-15,irrigation stop,280.76171875,307.6171875,2.3665419353695363,0.19610133479872116,2012,3
2012-03-16,control,597.4571618499999,655.2774491,3.5934990245726457,0.36031698735567724,2012,3
2012-03-16,irrigation stop,297.8515625,327.1484375,2.524008898658141,0.22110133479872113,2012,3
2012-03-17,control,612.1055993499999,663.3751305999999,3.6946819807265703,0.32260233943634053,2012,3
2012-03-17,irrigation stop,307.6171875,341.796875,2.6240088986581407,0.2623348164430235,2012,3
2012-03-18,control,619.7511250499999,678.0235680999999,3.750025288893554,0.3635899863306058,2012,3
2012-03-18,irrigation stop,308.87705755,351.5625,2.645676486325838,0.34066722877532596,2012,3
2012-03-19,control,577.9259118499999,587.64944365,3.5054910935966186,0.06076492640947767,2012,3
2012-03-19,irrigation stop,279.3517087,288.0859375,2.4134690609474196,0.06313894784490716,2012,3
2012-03-20,control,553.8170251500001,628.9586687999999,3.359480732979523,0.4620467719444761,2012,3
2012-03-20,irrigation stop,263.671875,312.5,2.2792071189265126,0.37726874302023283,2012,3
2012-03-21,control,597.4571618499999,658.4923180999999,3.6274630322213812,0.36903230547069227,2012,3
2012-03-21,irrigation stop,295.41015625,329.58984375,2.542841490436629,0.25356829808732584,2012,3
2012-03-22,control,619.4298180999999,685.3477868499999,3.7574034615352243,0.4043772912195595,2012,3
2012-03-22,irrigation stop,307.6171875,351.5625,2.650308453725234,0.33603526137593054,2012,3
2012-03-23,control,641.4024743499999,699.7689938999999,3.8921958919417445,0.3691229745698918,2012,3
2012-03-23,irrigation stop,319.82421875,356.4453125,2.7577754170138387,0.2873348164430235,2012,3
2012-03-24,control,648.7266930999999,717.0860680999999,3.945213370565045,0.4220497840939931,2012,3
2012-03-24,irrigation stop,324.70703125,366.2109375,2.8165419353695365,0.31980177973162816,2012,3
2012-03-25,control,660.9337243499999,729.1981850499999,4.02387183275186,0.4262147334965085,2012,3
2012-03-25,irrigation stop,329.58984375,371.09375,2.8665419353695363,0.31980177973162816,2012,3
2012-03-26,control,671.253016,738.1407555999999,4.092617258127248,0.41734947289555213,2012,3
2012-03-26,irrigation stop,334.47265625,369.7014361,2.916541935369536,0.26431100375132577,2012,3
2012-03-27,control,682.9063805999999,748.8243493499999,4.168368265343734,0.41408129340491256,2012,3
2012-03-27,irrigation stop,336.9140625,371.9269283,2.9415419353695365,0.2621000438793257,2012,3
2012-03-28,control,692.0404952,760.88124065,4.230890001962098,0.4245775919498981,2012,3
2012-03-28,irrigation stop,334.84474224999997,373.53515625,2.929118614365234,0.29099161909162824,2012,3
2012-03-29,control,698.14726605,770.7970055999999,4.2726623276784075,0.4542836636621115,2012,3
2012-03-29,irrigation stop,336.9140625,378.41796875,2.9415419353695365,0.31980177973162816,2012,3
2012-03-30,control,708.3648949999999,793.5293548,4.340873894418076,0.529705883827825,2012,3
2012-03-30,irrigation stop,334.47265625,389.4594254,2.916541935369536,0.4444620065113928,2012,3
2012-03-31,control,712.2032555999999,787.8868493499999,4.370734177651584,0.4702152616246174,2012,3
2012-03-31,irrigation stop,329.58984375,373.53515625,2.875308453725234,0.33603526137593054,2012,3
2012-04-01,control,724.4102868499999,783.0040368499999,4.449392639838399,0.3707678169669648,2012,4
2012-04-01,irrigation stop,327.1484375,363.40042015,2.841541935369536,0.2848805103370412,2012,4
2012-04-02,control,706.3934921,785.4454430999999,4.345583479365685,0.4873974692214347,2012,4
2012-04-02,irrigation stop,306.73372804999997,351.5625,2.6651515402241923,0.34749172994406485,2012,4
2012-04-03,control,724.4102868499999,790.3282555999999,4.4542446409310745,0.40922929231223604,2012,4
2012-04-03,irrigation stop,303.736248,351.42725665,2.6272107641552083,0.384047614109049,2012,4
2012-04-04,control,719.5274743499999,748.8243493499999,4.428603657367561,0.18780990902982067,2012,4
2012-04-04,irrigation stop,285.8573307666667,313.24185876666667,2.2297587440532944,0.1851047476236162,2012,4
2012-04-05,control,678.0235680999999,716.4111548999999,4.1766912894289545,0.2390584147346896,2012,4
2012-04-05,irrigation stop,280.68977543333335,291.97754426666665,2.1189107930127764,0.06573806527898692,2012,4
2012-04-06,control,641.4024743499999,739.0587243499999,3.950419905053863,0.5904516887531077,2012,4
2012-04-06,irrigation stop,248.1376921,288.81021953333334,1.8349795624862062,0.2993396361095576,2012,4
2012-04-07,control,638.4532555999999,682.9063805999999,3.9252287487961475,0.27225152310364514,2012,4
2012-04-07,irrigation stop,228.6064421,246.51008793333332,1.6726929741520393,0.12047764722361168,2012,4
2012-04-08,control,651.1680993499999,708.2840397499999,4.001701872180892,0.35111095069074394,2012,4
2012-04-08,irrigation stop,223.7236296,251.0767471,1.6150837364195458,0.21534987277029488,2012,4
2012-04-09,control,651.1680993499999,712.2032555999999,4.001701872180892,0.3787363076560454,2012,4
2012-04-09,irrigation stop,210.70279626666667,244.88248376666667,1.5203462608330596,0.258805032118967,2012,4
2012-04-10,control,670.6993493499999,750.01377115,4.123673810805654,0.4795777303209534,2012,4
2012-04-10,irrigation stop,213.9580046,251.39290043333332,1.5352641113739836,0.29974760318479365,2012,4
2012-04-11,control,679.2129899,718.2754899,4.16352926415818,0.24394387724952551,2012,4
2012-04-11,irrigation stop,198.26902533333333,213.9580046,1.4081311890474937,0.10783499345306632,2012,4
2012-04-12,control,665.4239274,731.9773929,4.081415124389464,0.4106853361117686,2012,4
2012-04-12,irrigation stop,181.40592126666667,218.8408171,1.2621391259073294,0.27956722823035596,2012,4
2012-04-13,control,645.0333024,681.65439615,3.959782373750199,0.2262713843750919,2012,4
2012-04-13,irrigation stop,166.75748376666667,176.52310876666667,1.1296721626187247,0.06228658833416701,2012,4
2012-04-14,control,631.87575035,671.88877115,3.8761324669380617,0.24408332078217088,2012,4
2012-04-14,irrigation stop,145.75330472666667,158.61946293333332,0.9379667515309852,0.0949184944514478,2012,4
2012-04-15,control,589.6652202,540.05283365,3.617901797457369,-0.2967365899909018,2012,4
2012-04-15,irrigation stop,122.81217126666667,136.10720141433333,0.7650227849292928,0.07967943725723045,2012,4
2012-04-16,control,470.80057605,548.92414675,2.90200588002693,0.4608930171518804,2012,4
2012-04-16,irrigation stop,121.98606546666667,150.4814421,0.7511532470853797,0.21383403311645333,2012,4
2012-04-17,control,518.2172617,598.1113020500001,3.1676846398320233,0.47670565696408046,2012,4
2012-04-17,irrigation stop,127.69498376666667,158.61946293333332,0.7945096329782212,0.23131604435609873,2012,4
2012-04-18,control,544.93564615,601.0879899,3.317694184473922,0.3336873197218251,2012,4
2012-04-18,irrigation stop,117.92935876666667,145.32580096666666,0.7281435912356173,0.20127842989444886,2012,4
2012-04-19,control,561.614237,596.2051774,3.414164712059768,0.21157580857246477,2012,4
2012-04-19,irrigation stop,117.92935876666667,135.75301550666666,0.7281435912356173,0.13339936432102936,2012,4
2012-04-20,control,527.8458024,615.25634895,3.2085427376309164,0.5314732306163851,2012,4
2012-04-20,irrigation stop,101.86775306666668,146.92144226666667,0.6238772916616877,0.3471584714597006,2012,4
2012-04-21,control,566.9083024,627.57796265,3.4427826126950887,0.3706046129410517,2012,4
2012-04-21,irrigation stop,114.67415043333334,146.29219112,0.7316412234871029,0.23841811432089874,2012,4
2012-04-22,control,537.6114274,625.3519124500001,3.269528706943298,0.5332309095216989,2012,4
2012-04-22,irrigation stop,91.98260636666667,143.97102543333332,0.5617432233098348,0.37605569405319267,2012,4
2012-04-23,control,567.56761265,620.6192399,3.447555130867829,0.325798311952681,2012,4
2012-04-23,irrigation stop,101.76756577266667,126.94565850666666,0.6228551788437366,0.18685239003199675,2012,4
2012-04-24,control,540.05283365,589.27915595,3.282349198725055,0.30865552085109993,2012,4
2012-04-24,irrigation stop,88.63248376666667,121.1845671,0.5412838262331163,0.2394910272092579,2012,4
2012-04-25,control,540.05283365,601.0879899,3.2872011998177313,0.36903230547069227,2012,4
2012-04-25,irrigation stop,83.74967126666667,117.77819898333334,0.511464201187554,0.2434639059519013,2012,4
2012-04-26,control,577.38425035,640.1504899,3.504058362325577,0.38641501802701844,2012,4
2012-04-26,irrigation stop,93.51529626666667,127.69498376666667,0.573750789521721,0.2579225860379528,2012,4
2012-04-27,control,586.4395524,654.32537875,3.5647545513198513,0.41862192969949297,2012,4
2012-04-27,irrigation stop,90.26008793333334,122.75247489,0.5512237012483038,0.2348002829037544,2012,4
2012-04-28,control,605.9708024,688.9786149,3.6915784910372906,0.5183807391552417,2012,4
2012-04-28,irrigation stop,88.90979659999999,139.08821293333332,0.5429773921257903,0.3842998290650984,2012,4
2012-04-29,control,625.6338777999999,686.53720865,3.8239466830683275,0.3877480586204775,2012,4
2012-04-29,irrigation stop,101.8251977,147.42345213333334,0.6218525113557513,0.36185253151410296,2012,4
2012-04-30,control,621.5367446,699.33284955,3.812921479777354,0.4841446643831877,2012,4
2012-04-30,irrigation stop,98.39810876666667,152.85741994333333,0.6009230763242409,0.4320678463397529,2012,4
2012-05-01,control,586.4395524,614.52989555,3.613274562246617,0.17571232912479318,2012,5
2012-05-01,irrigation stop,77.2392546,103.03484720333333,0.4717047011268043,0.19368194441591832,2012,5
2012-05-02,control,537.7801639,576.6739274,3.324122143948404,0.23301845007850824,2012,5
2012-05-02,irrigation stop,72.8545451,96.73086528066666,0.44492702059458744,0.16160991972874025,2012,5
2012-05-03,control,515.63877115,603.52939615,3.1929602896488962,0.5197617172553732,2012,5
2012-05-03,irrigation stop,78.86685876666667,121.79491866333333,0.4816445761419917,0.3260163609144793,2012,5
2012-05-04,control,530.28720865,605.9708024,3.274735241432115,0.45080725725391124,2012,5
2012-05-04,irrigation stop,72.3564421,116.3017546,0.441885076081242,0.3386246571645293,2012,5
2012-05-05,control,510.75595865,549.81845865,3.1624673049927052,0.23423987506417243,2012,5
2012-05-05,irrigation stop,65.84602543333334,94.95348098333334,0.40212557602049226,0.20829749211636142,2012,5
2012-05-06,control,471.69345865,542.4679316500001,2.9330794310212096,0.41532411969072924,2012,5
2012-05-06,irrigation stop,70.72883793333334,102.67517861666667,0.43194520106605455,0.2476242518572305,2012,5
2012-05-07,control,474.91885095,552.2598649,2.9500168479198075,0.4595108239188276,2012,5
2012-05-07,irrigation stop,67.4736296,106.5361296,0.41206545103567965,0.30207824046748777,2012,5
2012-05-08,control,476.57627115,527.8458024,2.9635724156774,0.30319433506563453,2012,5
2012-05-08,irrigation stop,64.21842126666667,96.64395222333333,0.39218570100530475,0.25386802629821703,2012,5
2012-05-09,control,417.98252115,476.57627115,2.6122126030811414,0.34165581041090554,2012,5
2012-05-09,irrigation stop,56.08040043333333,93.51529626666667,0.34248632592936756,0.2836466816387928,2012,5
2012-05-10,control,406.97514645,500.76981955,2.5447058665577114,0.541061486009473,2012,5
2012-05-10,irrigation stop,54.69887033333333,116.2074363,0.3340492398091944,0.47224008169254583,2012,5
2012-05-11,control,425.3067399,513.1973649,2.6506740784264124,0.5149097161626968,2012,5
2012-05-11,irrigation stop,49.56998376666667,87.35641397666666,0.3027268258686178,0.28724639365585947,2012,5
2012-05-12,control,435.0723649,386.41467155,2.7165120488314707,-0.28774637638806294,2012,5
2012-05-12,irrigation stop,47.66818276666667,47.759975684666664,0.2911124145572527,0.00653351185464365,2012,5
2012-05-13,control,334.97470865,422.86533365,2.1180918693892825,0.5197617172553732,2012,5
2012-05-13,irrigation stop,43.0595671,83.74967126666667,0.2629673258078681,0.31113566940166104,2012,5
2012-05-14,control,364.27158365,442.39658365,2.2913457751410737,0.4636277490356683,2012,5
2012-05-14,irrigation stop,39.80435876666667,80.49446293333334,0.2430875757774932,0.29856453217971674,2012,5
2012-05-15,control,375.78257685,463.07115115,2.3614971501143276,0.5296880929514627,2012,5
2012-05-15,irrigation stop,49.56998376666667,86.03228686666667,0.32963399247453473,0.27398267756146477,2012,5
2012-05-16,control,376.4786149,413.09970865,2.365152236235212,0.22141938328241537,2012,5
2012-05-16,irrigation stop,23.18418503,49.2258517,0.14831398234977838,0.1836306056228642,2012,5
2012-05-17,control,371.86311924999995,447.27939615,2.341446266611652,0.44402024222128067,2012,5
2012-05-17,irrigation stop,13.41856003,67.54445069333333,0.08194794060717452,0.3732339733700917,2012,5
2012-05-18,control,391.1270524,459.4864274,2.4517791891111074,0.41234578190864,2012,5
2012-05-18,irrigation stop,20.066371853333333,58.9914767,0.12254652102476295,0.28337334642297685,2012,5
2012-05-19,control,368.2316184,466.81064615,2.321845002606057,0.5952974470369914,2012,5
2012-05-19,irrigation stop,15.046164196666666,68.21847010333333,0.09188781562236197,0.4070843491238932,2012,5
2012-05-20,control,389.70333815000004,479.0176774,2.4414734155683577,0.5543274962615058,2012,5
2012-05-20,irrigation stop,12.699179376666665,46.119552623333334,0.07755464036322052,0.2878018132727674,2012,5
2012-05-21,control,386.26002485000004,476.57627115,2.431073097728859,0.5519073223192474,2012,5
2012-05-21,irrigation stop,8.138020833333334,53.679299406666665,0.04969937507593719,0.35584979583647675,2012,5
2012-05-22,control,280.55758035,252.5719861,1.7768774695140253,-0.17398884650048538,2012,5
2012-05-22,irrigation stop,13.347760303333333,45.62116033333333,0.08151556248441673,0.21815838590509187,2012,5
2012-05-23,control,178.72470865,260.55391125,1.1326123582058274,0.4855891855074932,2012,5
2012-05-23,irrigation stop,23.11338530333333,81.62979773333333,0.14115481257554133,0.39893916841417526,2012,5
2012-05-24,control,173.84189615,276.38095865,1.087563370271607,0.6112406712239453,2012,5
2012-05-24,irrigation stop,21.485781136666663,110.37124843333334,0.1312149375603539,0.616606627708337,2012,5
2012-05-25,control,190.67022559999998,308.1192399,1.1773796984182807,0.7172027427961727,2012,5
2012-05-25,irrigation stop,41.01703113333333,94.12828968333334,0.270673812676684,0.396978328433338,2012,5
2012-05-26,control,188.91652745,314.4542682,1.1715763822344196,0.7659770269795969,2012,5
2012-05-26,irrigation stop,28.30347753,101.02593643333334,0.1728510131056841,0.5304693156712781,2012,5
2012-05-27,control,215.3458024,293.4708024,1.3346237371175365,0.4781837523136979,2012,5
2012-05-27,irrigation stop,25.03069247666667,67.3484008,0.1528639210055634,0.3058570688907912,2012,5
2012-05-28,control,181.27936245,305.67783365,1.1365486075289963,0.7549173440890533,2012,5
2012-05-28,irrigation stop,16.892671643333333,107.27216003333334,0.1031645459296262,0.61812146525282,2012,5
2012-05-29,control,222.67002115,339.85752115,1.3876412157408375,0.7172756284705469,2012,5
2012-05-29,irrigation stop,38.346814677,95.60472647,0.23522881201184453,0.42821345735342914,2012,5
2012-05-30,control,238.06195385,351.40492595,1.4893540746225482,0.6942984258334832,2012,5
2012-05-30,irrigation stop,38.7159258,79.04394955666666,0.23644045120467191,0.3226464414682478,2012,5
2012-05-31,control,248.4761598,352.0645524,1.5598868975198403,0.633392411063712,2012,5
2012-05-31,irrigation stop,32.45861387,77.7784258,0.19822667675690767,0.34790125264774535,2012,5
2012-06-01,control,252.4467406,354.50595865,1.5876749213686563,0.6184248789966533,2012,6
2012-06-01,irrigation stop,27.322696616666665,71.12036469333333,0.17358811764805476,0.34472201593320695,2012,6
2012-06-02,control,259.2911149,368.56572555,1.6333206044866355,0.6599969675946453,2012,6
2012-06-02,irrigation stop,22.439884116666665,83.80639574666667,0.1572220759054509,0.4738377254681105,2012,6
2012-06-03,control,244.6426774,305.4678202,1.54669365161074,0.37278146851264155,2012,6
2012-06-03,irrigation stop,15.929467449999999,56.61957161666667,0.1040089925417427,0.29768208609870256,2012,6
2012-06-04,control,164.07627115,286.14658365,1.0605414086079614,0.7380646109413845,2012,6
2012-06-04,irrigation stop,15.929467449999999,82.66123828333333,0.09728220089026347,0.5252032259341418,2012,6
2012-06-05,control,208.02158365,317.6792173,1.320422267235648,0.6680302391613163,2012,6
2012-06-05,irrigation stop,40.47098107,90.92671023333334,0.2717512830137189,0.38775828709944377,2012,6
2012-06-06,control,216.4169316,200.6973649,1.3700671380875715,-0.09295834728987121,2012,6
2012-06-06,irrigation stop,35.54190604,31.928695702666666,0.2517431225218775,-0.05081425103927075,2012,6
2012-06-07,control,132.3379899,275.49700125000004,0.8550590067037072,0.8633631382439901,2012,6
2012-06-07,irrigation stop,20.93973107,103.19263667,0.12788017747196137,0.5929533225267846,2012,6
2012-06-08,control,159.19345865,168.95908365,1.0154924206737412,0.056133968219704844,2012,6
2012-06-08,irrigation stop,23.123350347333332,36.94860661,0.14151712711082606,0.10607546827519462,2012,6
2012-06-09,control,41.50390625,187.98828125,0.30043237886537144,0.8711215298516318,2012,6
2012-06-09,irrigation stop,10.069723093333334,101.85291422,0.061496395152556005,0.6547686683881683,2012,6
2012-06-10,control,119.62890625,221.23921065000002,0.7592081268083632,0.6159261902917141,2012,6
2012-06-10,irrigation stop,41.74053572333333,92.19626488666667,0.28971342215330326,0.37518714987749946,2012,6
2012-06-11,control,90.57458997,163.98462755,0.5726719599410169,0.4340161910454441,2012,6
2012-06-11,irrigation stop,12.443660722,72.65890260333333,0.08124116701731673,0.4262721263874366,2012,6
2012-06-12,control,76.751708985,129.39453125,0.48067622787509473,0.31040586168959067,2012,6
2012-06-12,irrigation stop,20.976675144333335,62.673892333333335,0.129777499934356,0.3092616151022408,2012,6
2012-06-13,control,87.890625,177.5187229,0.5440217227187558,0.5434154954037206,2012,6
2012-06-13,irrigation stop,37.09273570333333,77.14890620666667,0.26494766314598334,0.28157204962777294,2012,6
2012-06-14,control,92.7734375,196.7543397,0.56966270628227,0.6233925800721378,2012,6
2012-06-14,irrigation stop,29.07862267666667,80.92204186666666,0.20193001928507734,0.3570021449152683,2012,6
2012-06-15,control,126.953125,241.31897825,0.7782615977829284,0.6919987054364508,2012,6
2012-06-15,irrigation stop,29.077751903333333,89.29910606666667,0.1855215672770257,0.44067074553908914,2012,6
2012-06-16,control,161.23804554999998,290.52734375,0.9922650978960866,0.7856774809521854,2012,6
2012-06-16,irrigation stop,38.843376903333336,97.43712690333334,0.2478081556111927,0.45852048323118966,2012,6
2012-06-17,control,195.3125,314.94140625,1.2100153840622743,0.730096120252304,2012,6
2012-06-17,irrigation stop,42.098585236666665,100.69233523666666,0.27033524388460994,0.4576380371501755,2012,6
2012-06-18,control,202.63671875,344.2376676,1.2581808615928987,0.8605979997115623,2012,6
2012-06-18,irrigation stop,33.960564403333336,112.08556440333334,0.22063586880867278,0.6073534882623982,2012,6
2012-06-19,control,214.89815950000002,311.99488145,1.3372331752745445,0.5961054614952164,2012,6
2012-06-19,irrigation stop,38.843376903333336,71.32866870666666,0.2639090771571936,0.2619108405783462,2012,6
2012-06-20,control,185.9603602,266.11328125,1.1617264928523263,0.49286316927105156,2012,6
2012-06-20,irrigation stop,20.93973107,56.747022736666665,0.13670463828210264,0.2745892527046195,2012,6
2012-06-21,control,147.1999596,310.05859375,0.9193210805971519,0.9854454379685593,2012,6
2012-06-21,irrigation stop,9.482106853333333,92.59103359333334,0.0630487480536679,0.6266436212215806,2012,6
2012-06-22,control,136.71875,236.02715855,0.8586555714660158,0.5975590902392971,2012,6
2012-06-22,irrigation stop,4.8828125,84.15382215333334,0.0324669632886047,0.5837042845138353,2012,6
2012-06-23,control,156.25,275.87890625,0.9709235079054255,0.730096120252304,2012,6
2012-06-23,irrigation stop,34.60856449333333,91.56924790666666,0.2842143923487999,0.42026590599307884,2012,6
2012-06-24,control,183.10546875,310.02702385,1.136208922968136,0.7732438145130738,2012,6
2012-06-24,irrigation stop,31.982602696666667,89.04014746666667,0.25361747724880274,0.4237287638187204,2012,6
2012-06-25,control,202.15160129999998,285.64453125,1.255633377215437,0.5160762224400267,2012,6
2012-06-25,irrigation stop,30.446397466666667,58.26682808333334,0.2255525494878127,0.20717649252107423,2012,6
2012-06-26,control,181.75030375,263.671875,1.1312513547578005,0.5008138133984671,2012,6
2012-06-26,irrigation stop,16.277797443333334,43.9453125,0.10470414927002084,0.20116899571812644,2012,6
2012-06-27,control,136.9655158,300.10395665,0.8555898223918855,0.9868225338413634,2012,6
2012-06-27,irrigation stop,4.8828125,84.38231191666667,0.02981962504556231,0.6038953255776696,2012,6
2012-06-28,control,192.960735,322.07620555,1.192991773098371,0.784210064876065,2012,6
2012-06-28,irrigation stop,16.276041666666668,83.0078125,0.10469342663795915,0.5167115421206343,2012,6
2012-06-29,control,224.609375,358.88671875,1.3881212909067422,0.8167230731281996,2012,6
2012-06-29,irrigation stop,30.924479166666668,97.41720662333333,0.21786246105314028,0.5430413027526636,2012,6
2012-06-30,control,253.90625,375.0997564,1.5759311999365626,0.7365697168565337,2012,6
2012-06-30,irrigation stop,51.50574698333333,110.53422886666667,0.39704749221462154,0.4878532373142647,2012,6
2012-07-01,control,244.86147125,317.1789263,1.5284345935720194,0.4428347447094424,2012,7
2012-07-01,irrigation stop,47.200520833333336,71.61809867666666,0.3737228826598909,0.19565746611366364,2012,7
2012-07-02,control,127.8801746,88.61147125,0.8237881969679616,-0.23573250957903835,2012,7
2012-07-02,irrigation stop,4.8828125,8.399477921666668,0.0324669632886047,0.024249499374083584,2012,7
2012-07-03,control,26.85546875,180.6640625,0.19439742161876974,0.9047310041042265,2012,7
2012-07-03,irrigation stop,1.215583245,84.13622271333334,0.007452630362722174,0.606334615778693,2012,7
2012-07-04,control,83.31298828,190.4296875,0.5011817963847914,0.6492285964652331,2012,7
2012-07-04,irrigation stop,32.0142206,88.18385528333333,0.23620626765029856,0.4207247728996368,2012,7
2012-07-05,control,69.52471145999999,183.10546875,0.41592924717297297,0.6863156681464273,2012,7
2012-07-05,irrigation stop,20.25267583666667,71.0767206,0.14851956145014722,0.38303815501615984,2012,7
2012-07-06,control,92.7734375,195.3125,0.5502547019115638,0.6257966745019748,2012,7
2012-07-06,irrigation stop,13.210646762333333,59.68349143333333,0.09440696660641522,0.3388995659856346,2012,7
2012-07-07,control,54.7549946,195.3125,0.32149745615999975,0.8351459158828328,2012,7
2012-07-07,irrigation stop,3.2552083333333335,96.60368706666667,0.02164464219240313,0.6823623030672418,2012,7
2012-07-08,control,107.421875,222.0943585,0.6271776526021062,0.6990702965331306,2012,7
2012-07-08,irrigation stop,32.29047274,86.00141024,0.24550259355847637,0.39330200776620294,2012,7
2012-07-09,control,129.39453125,278.3203125,0.7619700830086262,0.9082020270967716,2012,7
2012-07-09,irrigation stop,32.29047274,92.51182690666667,0.24550259355847637,0.45853655926747516,2012,7
2012-07-10,control,144.04296875,258.7890625,0.8631530391625513,0.6996031355961133,2012,7
2012-07-10,irrigation stop,16.276041666666668,69.98697916666667,0.10822321096201565,0.40002879941768216,2012,7
2012-07-11,control,163.1629235,310.05859375,0.9801252137902646,0.9003812993120641,2012,7
2012-07-11,irrigation stop,29.296875,94.76312207666666,0.19127199540757167,0.5172061621553261,2012,7
2012-07-12,control,197.75390625,327.1484375,1.1937238692879724,0.795934090657362,2012,7
2012-07-12,irrigation stop,39.252328563333336,96.77038337,0.3025899697906266,0.43683056939770304,2012,7
2012-07-13,control,203.74075285,295.41015625,1.236085982877052,0.5626455784420576,2012,7
2012-07-13,irrigation stop,41.43184170266667,82.12194587,0.32680452650834635,0.29768208610277397,2012,7
2012-07-14,control,90.17944338000001,136.71875,0.5316345318236142,0.2930570319936659,2012,7
2012-07-14,irrigation stop,6.510416666666667,47.147790676666666,0.04913362995527137,0.3198264071447177,2012,7
2012-07-15,control,66.29235285,180.5864113,0.3772312779418703,0.6922230511269148,2012,7
2012-07-15,irrigation stop,23.05713980333333,78.125,0.17988670941166124,0.41930787203386327,2012,7
2012-07-16,control,95.21484375,207.48273935,0.5436671893226148,0.6865163200140518,2012,7
2012-07-16,irrigation stop,42.978592963333334,105.79427083333333,0.32687649814482367,0.44978764237239477,2012,7
2012-07-17,control,122.18447898,239.2578125,0.7049270148348896,0.726153219113659,2012,7
2012-07-17,irrigation stop,58.80115528333334,110.32554895666667,0.4311150608088893,0.37849578438830406,2012,7
2012-07-18,control,146.484375,288.0859375,0.8565655265736021,0.8648885506588238,2012,7
2012-07-18,irrigation stop,65.10416666666667,119.7501856,0.4687254784429801,0.42184031864259597,2012,7
2012-07-19,control,185.6573697,314.94140625,1.1010896417058142,0.7953538527746753,2012,7
2012-07-19,irrigation stop,68.359375,125.22357586666666,0.511432941670835,0.44034878653598225,2012,7
2012-07-20,control,195.63346074999998,297.8515625,1.1686706977501713,0.6331773531653422,2012,7
2012-07-20,irrigation stop,69.98697916666667,102.09964453333333,0.5187254784429801,0.2535526019162867,2012,7
2012-07-21,control,174.17451255,314.94140625,1.0456420201024872,0.8605054765633556,2012,7
2012-07-21,irrigation stop,50.455729166666664,114.2873414,0.35467399794678484,0.4940382023445324,2012,7
2012-07-22,control,205.078125,332.03125,1.227333343540567,0.7782615977829284,2012,7
2012-07-22,irrigation stop,60.221354166666664,128.5428211,0.45147699061936214,0.5030295938740813,2012,7
2012-07-23,control,241.3775648,353.40933965,1.4519156350731444,0.6890198763983786,2012,7
2012-07-23,irrigation stop,61.848958333333336,131.72696183333332,0.4994630542970164,0.49286241115111035,2012,7
2012-07-24,control,239.2578125,358.88671875,1.4456362372265783,0.730096120252304,2012,7
2012-07-24,irrigation stop,68.39101309333333,141.27323243333333,0.5167188152360194,0.5348440080748902,2012,7
2012-07-25,control,252.904377,375.7924047,1.5318540821262012,0.7419926655839058,2012,7
2012-07-25,irrigation stop,66.9843301,149.73958333333334,0.5088798066215113,0.6221771356096035,2012,7
2012-07-26,control,276.13437165,396.72325394999996,1.6786088480992398,0.7224890505666461,2012,7
2012-07-26,irrigation stop,74.86979166666667,154.62239583333334,0.5789820544185158,0.6020748878125989,2012,7
2012-07-27,control,293.7895676,419.73528745,1.7918526833868336,0.7515613370189886,2012,7
2012-07-27,irrigation stop,83.31188973666667,175.78125,0.639404418130413,0.7156438796120844,2012,7
2012-07-28,control,293.51596175,290.900921,1.7898721455576507,-0.0071653614651741755,2012,7
2012-07-28,irrigation stop,84.63541666666667,91.98116547666666,0.6520748878125989,0.04080911635402928,2012,7
2012-07-29,control,161.1328125,258.7890625,1.0014164925616162,0.5953036898457842,2012,7
2012-07-29,irrigation stop,31.68896794333333,92.7734375,0.21910609978075243,0.4484845357660072,2012,7
2012-07-30,control,163.57421875,278.24138775,1.0045329821580202,0.6990318267113296,2012,7
2012-07-30,irrigation stop,39.0625,96.97925086666666,0.27340618169954256,0.43508808056583353,2012,7
2012-07-31,control,194.36540275,320.75553105,1.1837516712645006,0.7644822578003202,2012,7
2012-07-31,irrigation stop,45.572916666666664,109.04947916666667,0.3216573655737998,0.47753386321683594,2012,7
2012-08-01,control,224.609375,354.00390625,1.3638612854433594,0.7813780873793323,2012,8
2012-08-01,irrigation stop,50.67543815333333,119.87849566666667,0.36221849445633625,0.5393874757790621,2012,8
2012-08-02,control,207.51953125,295.41015625,1.2595618396930301,0.5343177205334028,2012,8
2012-08-02,irrigation stop,34.72808113,89.51822916666667,0.2442402079357293,0.3926644325207394,2012,8
2012-08-03,control,173.3873009,317.3828125,1.0463601575707346,0.8726078308768652,2012,8
2012-08-03,irrigation stop,26.041666666666668,100.91145833333333,0.1652151228100979,0.5757850470910931,2012,8
2012-08-04,control,219.7265625,344.23828125,1.3236642986018157,0.7605891049084947,2012,8
2012-08-04,irrigation stop,48.828125,109.04947916666667,0.35587314498814726,0.4634984587569261,2012,8
2012-08-05,control,151.3671875,183.10546875,0.9307265210638818,0.2054824019042543,2012,8
2012-08-05,irrigation stop,28.255143728666667,68.359375,0.18942824626161725,0.291018075394864,2012,8
2012-08-06,control,114.74609375,147.9505367,0.7093071377814664,0.20493792666787464,2012,8
2012-08-06,irrigation stop,27.669270833333332,42.20170199,0.17515499782528535,0.10573378515630724,2012,8
2012-08-07,control,87.890625,218.5479526,0.5391697216260793,0.780815029884047,2012,8
2012-08-07,irrigation stop,17.903645833333332,79.75260416666667,0.11286840949111833,0.4599847504691551,2012,8
2012-08-08,control,131.8359375,253.90625,0.7893465780684128,0.7380646109413845,2012,8
2012-08-08,irrigation stop,32.57317539666667,89.28270113333333,0.2320105999563882,0.4151443479959867,2012,8
2012-08-09,control,156.25,288.0859375,0.9321074991640133,0.799050580253766,2012,8
2012-08-09,irrigation stop,38.178868163333334,106.39187926666666,0.2710845833435551,0.5109940794220539,2012,8
2012-08-10,control,182.1373249,314.94140625,1.0855328556710373,0.806058637716776,2012,8
2012-08-10,irrigation stop,45.572916666666664,125.1462383,0.33599339495777236,0.6104956106468012,2012,8
2012-08-11,control,209.9609375,339.40282360000003,1.2529743271040812,0.7913307628304523,2012,8
2012-08-11,irrigation stop,57.00215866,136.71875,0.44207374902927166,0.6121115313233859,2012,8
2012-08-12,control,235.2326492,356.4453125,1.4067954743166708,0.7464123891951013,2012,8
2012-08-12,irrigation stop,72.03260829,159.12635423333333,0.5701468913629899,0.6656540250318379,2012,8
2012-08-13,control,237.3007563,363.76953125,1.4213161375160448,0.7752052024336753,2012,8
2012-08-13,irrigation stop,76.49739583333333,165.7097901,0.5974136132472108,0.6929306752341595,2012,8
2012-08-14,control,245.9611564,370.68860285,1.4747514138330766,0.7581038629963366,2012,8
2012-08-14,irrigation stop,79.75260416666667,162.3385754,0.6316293926615582,0.6179463130851067,2012,8
2012-08-15,control,270.99609375,380.859375,1.62685863366745,0.6594061487545695,2012,8
2012-08-15,irrigation stop,85.41582298333333,170.27396406666668,0.6823159268363408,0.6441008453089738,2012,8
2012-08-16,control,272.16418035,375.9765625,1.640166008426521,0.6350137937100138,2012,8
2012-08-16,irrigation stop,88.75188422333333,181.65618493333332,0.7102986880874689,0.7134907385875546,2012,8
2012-08-17,control,262.67527505,380.37004145000003,1.5783117383879333,0.7093361275900967,2012,8
2012-08-17,irrigation stop,96.92162262333333,192.05729166666666,0.7744264211088038,0.7242439380151338,2012,8
2012-08-18,control,288.11490779999997,392.60338095,1.7313677853691423,0.6253517786324194,2012,8
2012-08-18,irrigation stop,116.32272543333333,200.1953125,0.9381980445467965,0.6312345106885301,2012,8
2012-08-19,control,305.4628506,410.15625,1.8423875216957284,0.617131166478082,2012,8
2012-08-19,irrigation stop,135.09114583333334,216.1977483,1.0904505008168106,0.6129911738430751,2012,8
2012-08-20,control,322.265625,421.9160409,1.9494609731037904,0.5903307606118722,2012,8
2012-08-20,irrigation stop,152.99479166666666,234.1280364,1.236070422484311,0.6214482268399208,2012,8
2012-08-21,control,173.65622469,285.64453125,1.0095851102245001,0.674788469762786,2012,8
2012-08-21,irrigation stop,104.51677720333333,157.87760416666666,0.8311684283046064,0.3946936463130254,2012,8
2012-08-22,control,204.4940817,319.21517975,1.1911598305071378,0.6986144106599539,2012,8
2012-08-22,irrigation stop,100.91145833333333,182.29166666666666,0.8117978707400398,0.621388892722308,2012,8
2012-08-23,control,202.6947219,277.8471038,1.1760014334180697,0.46648527760956016,2012,8
2012-08-23,irrigation stop,109.04947916666667,156.25,0.8749508291189355,0.3544249537864673,2012,8
2012-08-24,control,184.531376285,241.69921875,1.0633354852295347,0.34660123285203537,2012,8
2012-08-24,irrigation stop,51.302927016666665,81.32057628333334,0.3678940228696578,0.19733457593091777,2012,8
2012-08-25,control,163.57421875,238.56476815,0.9317529657678721,0.4471678918703057,2012,8
2012-08-25,irrigation stop,30.924479166666668,74.44443507,0.20385920866580148,0.31993297623069,2012,8
2012-08-26,control,139.16015625,277.7152226,0.7841400435795952,0.8525400241006036,2012,8
2012-08-26,irrigation stop,23.74263184,108.7911014,0.15787031681518326,0.6333489690011989,2012,8
2012-08-27,control,183.10546875,295.41015625,1.044020902207282,0.6867826438143563,2012,8
2012-08-27,irrigation stop,63.184788966666666,112.20977321666666,0.4789583326405732,0.34163066819097154,2012,8
2012-08-28,control,205.415598,295.2418325,1.180585495613329,0.5540502953950789,2012,8
2012-08-28,irrigation stop,53.0605989,91.14583333333333,0.3717774944678024,0.28300903573298086,2012,8
2012-08-29,control,205.078125,326.90640155,1.1788133326138017,0.7508685999441448,2012,8
2012-08-29,irrigation stop,38.07820374333333,99.28385416666667,0.24931232038478057,0.4502116854024889,2012,8
2012-08-30,control,176.060572075,153.80859375,1.0074454028113098,-0.13667840635581913,2012,8
2012-08-30,irrigation stop,22.786458333333332,19.102011011,0.1515124953468219,-0.02107814995031216,2012,8
2012-08-31,control,126.832107,202.63671875,0.7096980838770441,0.46599875914035344,2012,8
2012-08-31,irrigation stop,11.97201082,53.7109375,0.07960470236850549,0.312265190232303,2012,8
2012-09-01,control,129.39453125,165.048026625,0.7280060753598904,0.21441527432369492,2012,9
2012-09-01,irrigation stop,17.689209863333332,44.43963733333333,0.12269405329588232,0.19337445266649467,2012,9
2012-09-02,control,117.82691592500001,212.40234375,0.6539761232288523,0.5730026869155735,2012,9
2012-09-02,irrigation stop,22.786458333333332,73.03873696666666,0.1690455320582172,0.3653426758642082,2012,9
2012-09-03,control,124.51171875,201.30599515,0.6878090885183465,0.46634375773260045,2012,9
2012-09-03,irrigation stop,29.374212564,66.73177083333333,0.22356571830941122,0.2639240959588976,2012,9
2012-09-04,control,124.51171875,222.16796875,0.6878090885183465,0.5904516887531077,2012,9
2012-09-04,irrigation stop,22.786458333333332,56.966145833333336,0.14974760318479366,0.2511957943864736,2012,9
2012-09-05,control,141.79098195,263.36669919999997,0.7882512265016307,0.7403193571372486,2012,9
2012-09-05,irrigation stop,27.669270833333332,76.49739583333333,0.19390325761432858,0.3576380371501755,2012,9
2012-09-06,control,148.92578125,275.1701109,0.830570009613947,0.7695414367540103,2012,9
2012-09-06,irrigation stop,29.546284846666666,82.6316707,0.21121063890096464,0.3986519220837019,2012,9
2012-09-07,control,163.895179485,287.5955546,0.9195202859032484,0.7595680708976301,2012,9
2012-09-07,irrigation stop,37.434895833333336,90.97358149,0.2813321203923842,0.40074173937355734,2012,9
2012-09-08,control,180.60618435,300.29296875,1.0211924742486786,0.7352520553364734,2012,9
2012-09-08,irrigation stop,50.455729166666664,107.0527639,0.390405625362843,0.4268283732365964,2012,9
2012-09-09,control,195.62293743499998,314.94140625,1.1152225111041785,0.7327009724495459,2012,9
2012-09-09,irrigation stop,63.4765625,125.82821500333334,0.4994791303333018,0.4748703779918811,2012,9
2012-09-10,control,205.078125,322.09725215000003,1.173961331521125,0.7209088369137522,2012,9
2012-09-10,irrigation stop,73.2421875,139.58727053333334,0.5936347847628367,0.5001807218266899,2012,9
2012-09-11,control,227.29044464999998,326.13293880000003,1.310488602136546,0.6135945019027895,2012,9
2012-09-11,irrigation stop,89.51822916666667,144.85677083333334,0.7301972774961637,0.41173356659489785,2012,9
2012-09-12,control,194.5803415,134.958422745,1.1222315241046985,-0.35880236952280575,2012,9
2012-09-12,irrigation stop,74.86979166666667,59.93209699366666,0.624637480813476,-0.12845496395167602,2012,9
2012-09-13,control,78.125,185.020618925,0.41510773810890295,0.64373830655531,2012,9
2012-09-13,irrigation stop,48.828125,105.79427083333333,0.40560802479154423,0.41759398820164845,2012,9
2012-09-14,control,117.1875,185.546875,0.6396436109877224,0.4171977830013166,2012,9
2012-09-14,irrigation stop,74.86979166666667,103.3947326,0.6187931352430109,0.1938351171731988,2012,9
2012-09-15,control,122.0703125,197.14355469,0.6652845945512365,0.46094513733142906,2012,9
2012-09-15,irrigation stop,109.86328125,136.71875,0.9233700778189541,0.19610133479872116,2012,9
2012-09-16,control,118.39108431,214.84375,0.6435039391693135,0.591443361664193,2012,9
2012-09-16,irrigation stop,106.5079937,147.3860607,0.8977784516626517,0.310155443530875,2012,9
2012-09-17,control,126.955758665,228.22939115,0.6957966433946947,0.6214886667173161,2012,9
2012-09-17,irrigation stop,109.86328125,156.25,0.9233700778189541,0.36103526137593056,2012,9
2012-09-18,control,139.85092129999998,229.4921875,0.7732114364576335,0.5532148183444452,2012,9
2012-09-18,irrigation stop,117.1875,161.1328125,0.9896035594632564,0.3448017797316282,2012,9
2012-09-19,control,119.62890625,199.40963315,0.6524641027694794,0.48687842699730866,2012,9
2012-09-19,irrigation stop,99.85799285,140.9553699,0.8472154796700471,0.32440543907932573,2012,9
2012-09-20,control,139.291697535,233.6594154,0.7656842209368814,0.5865047964842585,2012,9
2012-09-20,irrigation stop,119.62890625,168.45703125,1.023370077818954,0.37726874302023283,2012,9
2012-09-21,control,158.69140625,246.58203125,0.8818519767409753,0.5488737238114324,2012,9
2012-09-21,irrigation stop,134.27734375,178.22265625,1.1470705227518612,0.33603526137593054,2012,9
2012-09-22,control,142.064587825,136.71875,0.7857562117788853,-0.024140662166400293,2012,9
2012-09-22,irrigation stop,107.421875,92.7734375,0.9071365961746517,-0.14123348164430236,2012,9
2012-09-23,control,100.09765625,212.28141265,0.5353441652373931,0.6810552644420315,2012,9
2012-09-23,irrigation stop,73.2421875,136.71875,0.6009691879531399,0.4922026695974423,2012,9
2012-09-24,control,131.8359375,119.09953985,0.7214185627709414,-0.07173430771453235,2012,9
2012-09-24,irrigation stop,85.83373365,77.53969526,0.6948405471063492,-0.0673979164022047,2012,9
2012-09-25,control,95.21484375,197.75390625,0.509703181673879,0.6209446734092983,2012,9
2012-09-25,irrigation stop,65.91796875,128.972689995,0.5347357063088376,0.49664953350193997,2012,9
2012-09-26,control,132.165145465,214.84375,0.7189495839285229,0.5062937147196305,2012,9
2012-09-26,irrigation stop,92.7734375,141.6015625,0.748370077818954,0.40356829808732586,2012,9
2012-09-27,control,134.27734375,203.6913219,0.7439430567380514,0.4227357925061215,2012,9
2012-09-27,irrigation stop,104.98046875,134.27734375,0.873370077818954,0.2123348164430235,2012,9
2012-09-28,control,139.16015625,209.9609375,0.7744360413942422,0.43487027587575017,2012,9
2012-09-28,irrigation stop,109.86328125,131.8359375,0.9146035594632564,0.15486785315441878,2012,9
2012-09-29,control,124.55381196,131.8359375,0.6832617855699412,0.04786077938635312,2012,9
2012-09-29,irrigation stop,93.05818034,90.33203125,0.763914932519099,-0.031778336344447315,2012,9
2012-09-30,control,97.65625,117.07550889,0.5225236734556361,0.12116127383127542,2012,9
2012-09-30,irrigation stop,63.4765625,68.359375,0.5097357063088376,0.023700444932907044,2012,9
2012-10-01,control,81.3204475,151.3671875,0.42703590558210364,0.42120659690627693,2012,10
2012-10-01,irrigation stop,51.26953125,80.56640625,0.3935022246645352,0.22110133479872113,2012,10
2012-10-02,control,87.93280915,168.45703125,0.466611225742154,0.4810787214038792,2012,10
2012-10-02,irrigation stop,36.62109375,72.67270181,0.24350222466453522,0.2727367646217258,2012,10
2012-10-03,control,102.5390625,179.29307845,0.5481646570191503,0.4661323391010823,2012,10
2012-10-03,irrigation stop,45.817233059,80.951336395,0.3201376544772999,0.27210803460366345,2012,10
2012-10-04,control,119.62890625,143.87423225,0.6524641027694794,0.14639149720261263,2012,10
2012-10-04,irrigation stop,60.46567056,69.74617811,0.44383809942044694,0.07047478545083366,2012,10
2012-10-05,control,107.421875,190.4296875,0.578657641675341,0.4989727347845355,2012,10
2012-10-05,irrigation stop,50.70004556,89.76254556,0.3701376544875399,0.3035682980873258,2012,10
2012-10-06,control,124.51171875,209.9609375,0.6781050863329936,0.5166452276589691,2012,10
2012-10-06,irrigation stop,65.34848306,99.52817056,0.49383809942044693,0.2623348164430235,2012,10
2012-10-07,control,121.219758075,104.98046875,0.6575521300667184,-0.09656698126581113,2012,10
2012-10-07,irrigation stop,60.46567056,45.50545174,0.4526046177761446,-0.12689308564970705,2012,10
2012-10-08,control,87.890625,133.53384854,0.46153770414325473,0.27217144760927137,2012,10
2012-10-08,irrigation stop,38.551017481,67.78988931,0.2632646436699752,0.22050738232768113,2012,10
2012-10-09,control,63.4765625,44.8100870695,0.33333278632568397,-0.09023650991782221,2012,10
2012-10-09,irrigation stop,39.0625,32.6768780375,0.2597357063088376,-0.039089213828907045,2012,10
2012-10-10,control,12.20703125,4.482926994,0.06410245890878538,-0.036263598028380375,2012,10
2012-10-10,irrigation stop,24.4140625,21.751200969,0.16233481644302347,-0.009734665366044695,2012,10
2012-10-11,control,0,51.00060745,0,0.2969301415662992,2012,10
2012-10-11,irrigation stop,19.53125,29.296875,0.13863437151011643,0.07370044493290705,2012,10
2012-10-12,control,16.0609472555,43.48128712,0.0871476187846549,0.16937432109626172,2012,10
2012-10-12,irrigation stop,21.97265625,31.664538665000002,0.14610133479872114,0.09047835757390235,2012,10
2012-10-13,control,26.46526559,86.157417795,0.1527568675708639,0.3500564095493504,2012,10
2012-10-13,irrigation stop,31.73828125,73.2421875,0.23733481644302346,0.3285682980873258,2012,10
2012-10-14,control,43.48128712,94.75081837,0.25166993878824007,0.3031943350656343,2012,10
2012-10-14,irrigation stop,56.15234375,82.169403,0.43473570630883757,0.1992930721327602,2012,10
2012-10-15,control,45.92269337,71.257544865,0.26449043056999716,0.1542781942842234,2012,10
2012-10-15,irrigation stop,53.7109375,70.6162257,0.41850222466453524,0.13024320180522356,2012,10
2012-10-16,control,50.80550587,96.63855798,0.2901314141335113,0.27839755186511006,2012,10
2012-10-16,irrigation stop,65.91796875,90.33203125,0.5259691879531398,0.17986785315441878,2012,10
2012-10-17,control,76.313585465,138.69613087,0.4485873225366431,0.37100981103759445,2012,10
2012-10-17,irrigation stop,81.5999173,125.97761710500001,0.6477751714276226,0.3441740036338572,2012,10
2012-10-18,control,102.94151248,163.11019335,0.6093018659190922,0.35790818969864924,2012,10
2012-10-18,irrigation stop,102.5390625,146.46067205,0.8220705227518611,0.34455906152362814,2012,10
2012-10-19,control,119.23343008,179.42490385,0.7077625241689922,0.35891153830921885,2012,10
2012-10-19,irrigation stop,114.74609375,153.80859375,0.9295374860404657,0.3035682980873258,2012,10
2012-10-20,control,155.7859746,189.9656621,0.9336005813651467,0.2085988915006583,2012,10
2012-10-20,irrigation stop,139.32361975,162.76668265,1.1367918013372598,0.1893161480376445,2012,10
2012-10-21,control,160.6687871,197.28988085,0.9689455671140139,0.22141938328241537,2012,10
2012-10-21,irrigation stop,148.92578125,168.45703125,1.22693837590628,0.13863437151011643,2012,10
2012-10-22,control,148.7721933,178.9740723,0.89738625502389,0.1822413732371868,2012,10
2012-10-22,irrigation stop,144.04296875,160.7432404,1.1857048942619777,0.11841167156181415,2012,10
2012-10-23,control,141.31372994999998,163.11019335,0.8519168468449616,0.12984921205080938,2012,10
2012-10-23,irrigation stop,141.6015625,156.25,1.1607048942619775,0.10616740822151174,2012,10
2012-10-24,control,126.48909961999999,149.5403944,0.7603466757581288,0.1356046551313661,2012,10
2012-10-24,irrigation stop,131.8359375,148.92578125,1.0694714126176752,0.13993392657720938,2012,10
2012-10-25,control,124.153153685,140.90552445,0.7434375735178319,0.10185659588758045,2012,10
2012-10-25,irrigation stop,136.71875,146.484375,1.119471412617675,0.07370044493290705,2012,10
2012-10-26,control,118.06282062,146.0203496,0.7063939785142239,0.16136863244586486,2012,10
2012-10-26,irrigation stop,131.8359375,153.80859375,1.0782379309733727,0.16363437151011645,2012,10
2012-10-27,control,121.60628711999999,131.37191212,0.7250016900092615,0.056133968219704844,2012,10
2012-10-27,irrigation stop,134.27734375,148.50394,1.094471412617675,0.12089552371642184,2012,10
2012-10-28,control,127.87817557,128.93050587,0.7579370912065518,0.005526074147980855,2012,10
2012-10-28,irrigation stop,144.04296875,141.6015625,1.1857048942619777,-0.01623348164430235,2012,10
2012-10-29,control,115.55286512,119.16488086999999,0.6835095136916813,0.018967682350469976,2012,10
2012-10-29,irrigation stop,134.27734375,139.16015625,1.1207709676847681,0.0324669632886047,2012,10
2012-10-30,control,111.84066211999999,124.04769336999999,0.6591637196042035,0.07380646109413846,2012,10
2012-10-30,irrigation stop,134.27734375,141.6015625,1.1207709676847681,0.048700444932907046,2012,10
2012-10-31,control,115.19233406999999,153.1551489,0.6816162665667536,0.23294068023854603,2012,10
2012-10-31,irrigation stop,134.88945425,164.78701235,1.1182724608490704,0.21242687865296425,2012,10
2012-11-01,control,148.46175585,153.34456835,0.8854351038345225,0.02564098356351415,2012,11
2012-11-01,irrigation stop,159.7007322,163.5214886,1.3073500653452754,0.02540510367201305,2012,11
2012-11-02,control,121.80666172,131.37191212,0.7212019107303748,0.055081746405914976,2012,11
2012-11-02,irrigation stop,136.71875,146.40527975,1.119471412617675,0.07317452210092182,2012,11
2012-11-03,control,126.77384247,181.58684019999998,0.7472859350437708,0.33150604860125193,2012,11
2012-11-03,irrigation stop,147.03395565,191.89663819999998,1.2055926662947962,0.35616906451111185,2012,11
2012-11-04,control,170.4344121,198.9192427,1.0153755331483656,0.16898963856699878,2012,11
2012-11-04,irrigation stop,178.22265625,207.3349757,1.4655727474163962,0.2455110410338141,2012,11
2012-11-05,control,135.56544829,167.99300585,0.8066392106550885,0.20076783180419672,2012,11
2012-11-05,irrigation stop,166.015625,179.6130828,1.3931718575505823,0.1041718944492094,2012,11
2012-11-06,control,141.22239885,127.41605067,0.8427359121647024,-0.0823735640759451,2012,11
2012-11-06,irrigation stop,166.55234165000002,156.25,1.4055071305475717,-0.08603571792989657,2012,11
2012-11-07,control,109.39925586999999,123.73435781,0.651195228915123,0.08435882545899936,2012,11
2012-11-07,irrigation stop,141.6015625,153.80859375,1.2045374860404658,0.1074669632886047,2012,11
2012-11-08,control,109.63363086999999,128.760782445,0.648039787138392,0.11419480922278401,2012,11
2012-11-08,irrigation stop,149.16666665,158.69140625,1.2723726710961853,0.06333222316579215,2012,11
2012-11-09,control,109.39925586999999,116.72347461999999,0.6463432278224466,0.043313476437947765,2012,11
2012-11-09,irrigation stop,148.92578125,151.3671875,1.2620044493290705,0.01623348164430235,2012,11
2012-11-10,control,102.07503712,106.95784962,0.5981777502918222,0.02564098356351415,2012,11
2012-11-10,irrigation stop,141.6015625,144.04296875,1.195770967684768,0.007466963288604696,2012,11
2012-11-11,control,89.86800587,69.964669895,0.5243712891976837,-0.11448132692622875,2012,11
2012-11-11,irrigation stop,134.27734375,123.32041705,1.1295374860404657,-0.09466589269660466,2012,11
2012-11-12,control,21.97265625,22.8419709505,0.11538442603581368,0.011144668628129368,2012,11
2012-11-12,irrigation stop,102.5390625,104.98046875,0.848370077818954,0.025,2012,11
2012-11-13,control,15.934418867,17.109427222,0.08623172367535885,0.006170290159113581,2012,11
2012-11-13,irrigation stop,100.59615259,112.42871615,0.8362801632332133,0.11291461011240395,2012,11
2012-11-14,control,15.934418867,27.880337149,0.08623172367535885,0.06706435381106357,2012,11
2012-11-14,irrigation stop,114.1308332,134.27734375,0.96051254804519,0.16025841963957804,2012,11
2012-11-15,control,27.201443432,48.3237417835,0.1453979504516021,0.11706483224458447,2012,11
2012-11-15,irrigation stop,134.27734375,151.3671875,1.1207709676847681,0.13116740822151174,2012,11
2012-11-16,control,45.590324197,52.555512617,0.2468149925829805,0.036576108911411,2012,11
2012-11-16,irrigation stop,148.92578125,153.80859375,1.2357048942619775,0.04123348164430235,2012,11
2012-11-17,control,50.114106367,54.063440017,0.27057060971263447,0.02073903087748779,2012,11
2012-11-17,irrigation stop,149.17090235,153.47196075,1.2382149343259776,0.03527631966030223,2012,11
2012-11-18,control,52.555512617,65.0122026625,0.2833911014943915,0.0671000099526484,2012,11
2012-11-18,irrigation stop,148.92578125,158.69140625,1.2357048942619775,0.07370044493290705,2012,11
2012-11-19,control,59.155142881,66.5250564,0.31660753216275506,0.04364424501837201,2012,11
2012-11-19,irrigation stop,156.51181300000002,158.69140625,1.2949127134731637,0.01449262572172093,2012,11
2012-11-20,control,58.5806943515,64.762543867,0.31244929854460257,0.03504426185857433,2012,11
2012-11-20,irrigation stop,153.80859375,157.14016420000002,1.2769383759062798,0.022152391781079094,2012,11
2012-11-21,control,62.321137617,70.95744904499999,0.3346730686214199,0.048556029213747735,2012,11
2012-11-21,irrigation stop,156.25,158.69140625,1.2931718575505822,0.01623348164430235,2012,11
2012-11-22,control,62.321137617,73.418438755,0.3346730686214199,0.06092150870674625,2012,11
2012-11-22,irrigation stop,153.80859375,157.21125684999998,1.2681718575505823,0.021740624375515626,2012,11
2012-11-23,control,57.692231367,63.276062533499996,0.3060180232241702,0.032285179597105466,2012,11
2012-11-23,irrigation stop,147.15199815,146.484375,1.21514407686456,-0.013205700958280189,2012,11
2012-11-24,control,60.147372159,84.42435036,0.3189379345906968,0.13718905286738037,2012,11
2012-11-24,irrigation stop,146.484375,169.93551789999998,1.2019383759062798,0.18205565926150458,2012,11
2012-11-25,control,77.237215909,92.82315341,0.41353337815567287,0.0915500217273289,2012,11
2012-11-25,irrigation stop,163.73109625,175.78125,1.3347122097277917,0.09709401933290712,2012,11
2012-11-26,control,82.39398816,99.20987216,0.44562026441117547,0.09785354306557933,2012,11
2012-11-26,irrigation stop,168.45703125,178.22265625,1.3743392657720939,0.07370044493290705,2012,11
2012-11-27,control,89.44424716,89.44424716,0.4921918403497265,0,2012,11
2012-11-27,irrigation stop,168.53557515,168.45703125,1.383628040904566,-5.222567767744159e-4,2012,11
2012-11-28,control,74.79580966,71.649398395,0.40556488747383096,-0.01792377850596672,2012,11
2012-11-28,irrigation stop,153.00241764999998,148.92578125,1.259916614286582,-0.03297823838030233,2012,11
2012-11-29,control,34.1796875,43.0444727605,0.17948688494459905,0.05446510295623095,2012,11
2012-11-29,irrigation stop,124.51171875,126.953125,1.0295374860404656,0.025,2012,11
2012-11-30,control,35.7202540105,31.73828125,0.19063851146288224,-0.019120117207363722,2012,11
2012-11-30,irrigation stop,124.51171875,120.81044245,1.0295374860404656,-0.033377170874728995,2012,11
2012-12-01,control,19.955558575,22.462243065,0.10479209460169091,0.018988281633796206,2012,12
2012-12-01,irrigation stop,104.98046875,95.21484375,0.873370077818954,-0.0649339265772094,2012,12
2012-12-02,control,0,4.4323926305,0,0.02812770676142621,2012,12
2012-12-02,irrigation stop,73.2421875,65.91796875,0.6272687430202328,-0.0574669632886047,2012,12
2012-12-03,control,0,4.304926446,0,0.02630986799072399,2012,12
2012-12-03,irrigation stop,61.03515625,58.59375,0.5285682980873259,-0.007466963288604696,2012,12
2012-12-04,control,0,9.765625,0,0.056133968219704844,2012,12
2012-12-04,irrigation stop,48.828125,39.949695375,0.44740088986581406,-0.09410083027559529,2012,12
2012-12-05,control,0,4.8828125,0,0.03049298465619069,2012,12
2012-12-05,irrigation stop,21.97265625,20.88613229,0.1899339265772094,-0.011126005350399992,2012,12
2012-12-06,control,0,4.8828125,0,0.03049298465619069,2012,12
2012-12-06,irrigation stop,14.6484375,20.880172745,0.1149339265772094,0.06381296890879999,2012,12
2012-12-07,control,0.0130208335,6.1067708335,6.837595704458331e-5,0.0344324173687254,2012,12
2012-12-07,irrigation stop,39.507582105,47.483393215,0.3678933816788439,0.07450397306426781,2012,12
2012-12-08,control,2.44140625,3.923222343,0.012820491781757076,0.010726352627615152,2012,12
2012-12-08,irrigation stop,36.62109375,29.296875,0.33993392657720944,-0.075,2012,12
2012-12-09,control,4.3671143885,24.4140625,0.023672387873530244,0.10938453103671705,2012,12
2012-12-09,irrigation stop,36.699427639999996,43.784556115,0.34045478694833436,0.06411335567384116,2012,12
2012-12-10,control,19.53125,18.604298965,0.1025639342540566,-1.56722518595033e-5,2012,12
2012-12-10,irrigation stop,34.1796875,16.394711825,0.3149339265772094,-0.17606619789077935,2012,12
2012-12-11,control,2.44140625,8.5071475325,0.017672492874433614,0.03670486714581943,2012,12
2012-12-11,irrigation stop,5.325161713,26.34674806,0.0369966192297247,0.17142845241479174,2012,12
2012-12-12,control,26.334635415,75.162760415,0.17710638008521318,0.3485978563959957,2012,12
2012-12-12,irrigation stop,82.97631634999999,190.237858675,0.7357127407999305,1.0899442160013346,2012,12
2012-12-13,control,84.928385415,106.90104166500001,0.5963942079789434,0.13964443149919636,2012,12
2012-12-13,irrigation stop,217.1915073,243.52335004500003,2.1100762961279305,0.26275176976589343,2012,12
2012-12-14,control,102.35677083499999,116.87555706500001,0.7073234296998568,0.07823999927036074,2012,12
2012-12-14,irrigation stop,206.7893728,236.7227573,2.0035584388479304,0.13995400852174478,2012,12
2012-12-15,control,49.134932735,51.483347955,0.35567073224501755,0.0032087824274451213,2012,12
2012-12-15,irrigation stop,148.8321323,118.9502349,1.3662437043494422,-0.27969107430890705,2012,12
2012-12-16,control,49.350350935,60.140844335,0.3416362053895535,0.06050391776022234,2012,12
2012-12-16,irrigation stop,21.879007305000002,17.08984375,0.1714419246690141,-0.0490410348032,2012,12
2012-12-17,control,55.76720212,58.20860837,0.37048084445336493,0.012820491781757076,2012,12
2012-12-17,irrigation stop,12.20703125,14.6484375,0.08116740822151174,0.01623348164430235,2012,12
2012-12-18,control,55.76720212,67.86326036,0.3607768422680119,0.06815116488067671,2012,12
2012-12-18,irrigation stop,12.20703125,16.749486846499998,0.08116740822151174,0.03774822695246235,2012,12
2012-12-19,control,60.65001462,60.65001462,0.37671382364617295,-0.004852001092676538,2012,12
2012-12-19,irrigation stop,12.4435534585,14.402987809999999,0.08358939563655174,0.02006460775936,2012,12
2012-12-20,control,49.180627505000004,30.478411175,0.2936909092647757,-0.09656284712415326,2012,12
2012-12-20,irrigation stop,12.20703125,19.53125,0.08116740822151174,0.08376651835569765,2012,12
2012-12-21,control,19.14610837,23.573191705,0.1248014557075669,0.027194119331694175,2012,12
2012-12-21,irrigation stop,2.4544969,4.8828125,0.01632052444043142,0.02491295720387093,2012,12
2012-12-22,control,11.821889622499999,14.2176011,0.07663597819007079,0.012489723180965995,2012,12
2012-12-22,irrigation stop,0,0,0,0,2012,12
2012-12-23,control,14.26329587,16.545109874,0.0797524677733466,0.014343563481644185,2012,12
2012-12-23,irrigation stop,0,4.556421289999999,0,0.037891235653902344,2012,12
2012-12-24,control,17.0833159235,31.35313962,0.09046161243778088,0.07903429780786525,2012,12
2012-12-24,irrigation stop,2.2974090990000002,7.32421875,0.020799152472519913,0.036667810816084785,2012,12
2012-12-25,control,34.284132685,65.53282709999999,0.18100835004172358,0.1776784472288492,2012,12
2012-12-25,irrigation stop,4.8828125,36.62109375,0.0324669632886047,0.24610133479872115,2012,12
2012-12-26,control,78.22291734000001,98.77903575,0.43113795371848074,0.12639378127404743,2012,12
2012-12-26,irrigation stop,41.50390625,48.828125,0.3110352613759305,0.048700444932907046,2012,12
2012-12-27,control,94.8297021,102.15392085,0.5367927041150404,0.043313476437947765,2012,12
2012-12-27,irrigation stop,46.38671875,51.26953125,0.3347357063088376,0.04123348164430235,2012,12
2012-12-28,control,94.8297021,121.68517085,0.5367927041150404,0.1749894172480636,2012,12
2012-12-28,irrigation stop,41.624832664,71.5927656,0.2859739927881976,0.24266217436279602,2012,12
2012-12-29,control,121.75044909,119.2437646,0.7171066489889029,-0.01329301831487934,2012,12
2012-12-29,irrigation stop,70.80078125,73.2421875,0.5233700778189541,0.01623348164430235,2012,12
2012-12-30,control,116.80235835,123.527618765,0.6909931388922664,0.03897782484068897,2012,12
2012-12-30,irrigation stop,70.80078125,75.68359375,0.5233700778189541,0.04123348164430235,2012,12
2012-12-31,control,119.65501755,115.607766545,0.7059732323649335,-0.027662014572123726,2012,12
2012-12-31,irrigation stop,73.2421875,70.80078125,0.5396035594632563,-0.025,2012,12
2013-01-01,control,65.25213068,67.69353693,0.42866952697852106,0.007968490689080537,2013,1
2013-01-01,irrigation stop,60.333901265,65.21671376500001,0.49760593447414475,0.04123348164430235,2013,1
2013-01-02,control,75.57616243,101.336507795,0.479141605754417,0.1584248565540558,2013,1
2013-01-02,irrigation stop,65.967413545,74.98233876500001,0.5438309946806024,0.06870886637075183,2013,1
2013-01-03,control,95.0124812,80.24654286,0.5996479742451211,-0.0825346867448504,2013,1
2013-01-03,irrigation stop,70.71966956,63.01603245,0.584196375695281,-0.06789193624243392,2013,1
2013-01-04,control,72.57634943,67.69353693,0.4719830034164688,-0.020788982470837616,2013,1
2013-01-04,irrigation stop,57.571774085,53.9205901,0.4617068675800387,-0.021006721079796314,2013,1
2013-01-05,control,62.81072443,89.66619320000001,0.42070103628944056,0.150729411929454,2013,1
2013-01-05,irrigation stop,50.568276265,72.54093251500001,0.4063724528298424,0.16363437151011645,2013,1
2013-01-06,control,94.54900570000001,111.3115832,0.5970714317824087,0.10193047890133888,2013,1
2013-01-06,irrigation stop,71.2580488,77.423745,0.5614766302195715,0.04976367566495117,2013,1
2013-01-07,control,104.31463070000001,99.43181820000001,0.65805740109479,-0.02564098356351415,2013,1
2013-01-07,irrigation stop,70.09952626500001,62.775307515,0.5537733426956565,-0.0574669632886047,2013,1
2013-01-08,control,88.92189372499999,84.032680895,0.5643089408036297,-0.032165608316111205,2013,1
2013-01-08,irrigation stop,53.009682515,50.568276265,0.42260593447414474,-0.007466963288604696,2013,1
2013-01-09,control,60.36931818,42.946555399999994,0.38847254013697735,-0.09765399217522822,2013,1
2013-01-09,irrigation stop,35.919838765,31.037026265,0.3089715629640283,-0.041233481644302364,2013,1
2013-01-10,control,45.592511810000005,43.27947443,0.2992903638133723,-0.010265268334047596,2013,1
2013-01-10,irrigation stop,23.19227916,23.712807515,0.18512810614283198,0.025143011888289248,2013,1
2013-01-11,control,33.51384943,60.36931818,0.22803912616694333,0.17013741615538708,2013,1
2013-01-11,irrigation stop,11.505776265,43.217876215,0.0765045996754236,0.24592724920646297,2013,1
2013-01-12,control,60.36931818,62.335464015,0.3933245412296538,0.014232247606941617,2013,1
2013-01-12,irrigation stop,50.568276265,50.326099235,0.38007289776274944,-0.0016102917616339634,2013,1
2013-01-13,control,60.36931818,55.48650568,0.3933245412296538,-0.02564098356351415,2013,1
2013-01-13,irrigation stop,48.126870015,48.126870015,0.36383941611844706,0.03506607342279061,2013,1
2013-01-14,control,43.27947443,50.47966452,0.29387709657200123,0.04241567599606082,2013,1
2013-01-14,irrigation stop,33.478432515,50.568276265,0.266438526252633,0.1224008898658141,2013,1
2013-01-15,control,53.04509943,59.671519885,0.34515906369902954,0.04361896586598758,2013,1
2013-01-15,irrigation stop,46.569679045,63.79744293,0.34789378058564707,0.17274205317013253,2013,1
2013-01-16,control,50.86480615,62.81072443,0.3342286781221481,0.08162035707461589,2013,1
2013-01-16,irrigation stop,60.333901265,82.30655751500001,0.49760593447414475,0.225,2013,1
2013-01-17,control,82.02863885,114.04108875,0.5598128517232401,0.22687501801809748,2013,1
2013-01-17,irrigation stop,98.63849816500002,153.045241415,0.8898450067301449,0.5483585325243023,2013,1
2013-01-18,control,117.387547335,138.4943182,0.8154273181695904,0.1482689962793887,2013,1
2013-01-18,irrigation stop,167.821054505,211.701088765,1.5980399847723334,0.4407994313461136,2013,1
2013-01-19,control,136.05291195,187.11410985,0.9460238215745455,0.2677222745709694,2013,1
2013-01-19,irrigation stop,204.376870015,256.3613845,1.9726059344741447,0.2868589144207271,2013,1
2013-01-20,control,106.75603695,123.2649043,0.724249904895989,0.04424405355998007,2013,1
2013-01-20,irrigation stop,165.31437,92.90886256499999,1.4937072691731275,-0.6187011392084943,2013,1
2013-01-21,control,129.5185599,150.70134945,0.7919798899341858,0.1387788615700479,2013,1
2013-01-21,irrigation stop,24.497545238,45.685463765,0.16570772218045535,0.16436517558229408,2013,1
2013-01-22,control,143.3771307,142.65059960000002,0.8874452750662859,-4.0710549304806727e-4,2013,1
2013-01-22,irrigation stop,49.74791126,53.009682515,0.36585158045653077,0.030454798950521035,2013,1
2013-01-23,control,139.7508286,148.2599432,0.8660477332888262,0.06159452861900343,2013,1
2013-01-23,irrigation stop,65.21671376500001,160.4315575,0.5125398610513542,0.8084361511420061,2013,1
2013-01-24,control,143.7100497,179.99822445,0.9141151656748646,0.2384175025079255,2013,1
2013-01-24,irrigation stop,170.1971825,223.42376595000002,1.403442975481965,0.4678807513419456,2013,1
2013-01-25,control,178.51384945,192.2052557,1.1417877925151345,0.07969933566911755,2013,1
2013-01-25,irrigation stop,221.46671375,230.82652860000002,1.8583108286363839,0.07100211825290592,2013,1
2013-01-26,control,194.64666195,243.01254735,1.2391596210586857,0.31220650221572616,2013,1
2013-01-26,irrigation stop,235.3493482,319.12296375,1.9741694503372906,0.7964761947421165,2013,1
2013-01-27,control,241.0333807,258.03183490000004,1.5409729780241885,0.10363790850261678,2013,1
2013-01-27,irrigation stop,319.12296375,338.65421375,2.7706456450794072,0.18246696328860468,2013,1
2013-01-28,control,198.9725901,155.58416195,1.2980846350430615,-0.2737568846778421,2013,1
2013-01-28,irrigation stop,271.64317570000003,223.90812,2.3107521705145,-0.3485426766768376,2013,1
2013-01-29,control,118.9630682,126.28728695,0.7737963605267447,0.03846147534527123,2013,1
2013-01-29,irrigation stop,145.78312,139.3097935,1.2937072691731273,-0.06628686335999999,2013,1
2013-01-30,control,116.52166193,152.5297669,0.7076038565807727,0.21259596117344476,2013,1
2013-01-30,irrigation stop,53.009682515,45.685463765,0.4313724528298424,-0.06623348164430234,2013,1
2013-01-31,control,143.2273911,140.93572445,0.8703562278114239,-0.010287447804924512,2013,1
2013-01-31,irrigation stop,50.568276265,69.219661745,0.4063724528298424,0.13839107718101407,2013,1
2013-02-01,control,137.15611425,140.93572445,0.8353690122804142,0.024699767726085106,2013,2
2013-02-01,irrigation stop,70.09952626500001,72.324936785,0.5537733426956565,0.014797275474926508,2013,2
2013-02-02,control,125.7911723,123.84588070000001,0.7698506252906694,-0.014081291034499283,2013,2
2013-02-02,irrigation stop,65.21671376500001,70.09952626500001,0.5037733426956565,0.04123348164430235,2013,2
2013-02-03,control,122.31308775,131.17009945,0.7481601340909203,0.06547867988122712,2013,2
2013-02-03,irrigation stop,70.09952626500001,70.09952626500001,0.5450068243399588,0,2013,2
2013-02-04,control,130.19353695,125.19061245,0.806569816822374,-0.029598069703332352,2013,2
2013-02-04,irrigation stop,65.21671376500001,60.333901265,0.5037733426956565,-0.04123348164430235,2013,2
2013-02-05,control,104.31463068,101.87322443,0.6386493965793109,-0.017672492874433614,2013,2
2013-02-05,irrigation stop,56.203801150000004,53.009682515,0.42901415422945177,-0.023941256466702355,2013,2
2013-02-06,control,101.87322443,96.99041193,0.6209769037048772,-0.03049298465619069,2013,2
2013-02-06,irrigation stop,53.408947345,52.60387236,0.40916136962194943,-0.0067867985724473605,2013,2
2013-02-07,control,82.34197443,72.647964015,0.4941529639874379,-0.060609901544697725,2013,2
2013-02-07,irrigation stop,45.685463765,38.361245015,0.3388394161184471,-0.0574669632886047,2013,2
2013-02-08,control,60.36931818,53.04509943,0.35936053358091813,-0.043313476437947765,2013,2
2013-02-08,irrigation stop,32.058096975,28.43599967,0.23436125361163768,-0.0195572396918047,2013,2
2013-02-09,control,39.45700459,25.64782127,0.2349882535082658,-0.0848144526878358,2013,2
2013-02-09,irrigation stop,26.331412605,26.154213765,0.2189163178858573,0.007588281789566276,2013,2
2013-02-10,control,12.4477599985,53.04509943,0.07434249935134662,0.28537256762571256,2013,2
2013-02-10,irrigation stop,31.1153601535,96.954995015,0.30332501510366766,0.6569461029274536,2013,2
2013-02-11,control,48.534372909999995,84.78338068,0.3312279006089261,0.20485756171632813,2013,2
2013-02-11,irrigation stop,131.954297465,145.78312,1.1871661997836565,0.09777455103377318,2013,2
2013-02-12,control,55.48650568,52.96676554,0.35797955548078664,-0.01823952472865765,2013,2
2013-02-12,irrigation stop,137.87636735,136.017495,1.2060673465559169,-0.012360077382789637,2013,2
2013-02-13,control,4.282252674,12.53995028,0.030997741513846495,0.048085696501927684,2013,2
2013-02-13,irrigation stop,62.775307515,59.464538395,0.5489054895412377,-0.033902275788800035,2013,2
2013-02-14,control,9.099786932,99.43181818,0.05131419743708452,0.5616942155787121,2013,2
2013-02-14,irrigation stop,47.65033884499999,165.31437,0.39925290554366544,1.0330887351395783,2013,2
2013-02-15,control,94.54900568,82.113500585,0.5825154283596059,-0.07243753325827927,2013,2
2013-02-15,irrigation stop,155.548745,153.10733875,1.3323416406832438,-0.01623348164430235,2013,2
2013-02-16,control,32.02947443,63.685452875,0.18142825842222277,0.16312061504547617,2013,2
2013-02-16,irrigation stop,35.919838765,33.478432515,0.3265045996754236,-0.025,2013,2
2013-02-17,control,65.8983852775,133.41514593,0.35086352123656156,0.44060063798519006,2013,2
2013-02-17,irrigation stop,28.595620015,136.017495,0.2515045996754236,0.9159031144306107,2013,2
2013-02-18,control,109.19744318,162.2686539,0.6497343768647954,0.3259400698981404,2013,2
2013-02-18,irrigation stop,133.57608875,177.52140125,1.1424077141060343,0.39740088986581407,2013,2
2013-02-19,control,150.70134945,187.3224432,0.9113507471335276,0.2214193832824153,2013,2
2013-02-19,irrigation stop,172.63858875,214.142495,1.4898086039718486,0.3899339265772094,2013,2
2013-02-20,control,151.17660985,133.61150568,0.9196429933851162,-0.1271476954247205,2013,2
2013-02-20,irrigation stop,189.7284325,150.4566691,1.6385090489047553,-0.2969446369476282,2013,2
2013-02-21,control,136.05291193,182.4396307,0.7810557842787701,0.30181335711027596,2013,2
2013-02-21,irrigation stop,31.037026265,43.244057515,0.28527111803112126,0.07240088986581411,2013,2
2013-02-22,control,177.23042694999998,179.99822445,1.0517519412239833,0.023148709475982222,2013,2
2013-02-22,irrigation stop,44.660595365,62.775307515,0.3670908996468989,0.17304807153864113,2013,2
2013-02-23,control,183.58852775,214.17791195,1.1034583172239207,0.2091532315327623,2013,2
2013-02-23,irrigation stop,82.30655751500001,191.50104925,0.7050728977627494,0.9340547099506107,2013,2
2013-02-24,control,215.42472635000001,249.47385739999999,1.3167848045624604,0.2199914135983455,2013,2
2013-02-24,irrigation stop,193.05127585,226.34952625,1.6546258844183925,0.29751753599647923,2013,2
2013-02-25,control,258.12322445,283.43159885,1.5870484106623992,0.1637905379642691,2013,2
2013-02-25,irrigation stop,233.11235215,269.21121995,2.0146440695878405,0.3238039841808455,2013,2
2013-02-26,control,273.18291485,290.94148435,1.6903909682446707,0.10781110751580723,2013,2
2013-02-26,irrigation stop,251.19384995,270.29483875,2.1539501849686857,0.17806108860060482,2013,2
2013-02-27,control,238.67683614999999,282.3936748,1.4849301083991002,0.2632476691974861,2013,2
2013-02-27,irrigation stop,241.4495912,267.8534325,2.08761336033616,0.2193979132331303,2013,2
2013-02-28,control,218.12724555,253.35108904999998,1.3466092560942222,0.2167767430343145,2013,2
2013-02-28,irrigation stop,219.0253075,233.673745,1.9122094938376626,0.10616740822151174,2013,2
2013-03-01,control,221.5021307,272.77166195,1.321961017545895,0.29834233397295784,2013,3
2013-03-01,irrigation stop,94.51358876500001,97.432838745,0.838839416118447,0.01059737832069101,2013,3
2013-03-02,control,238.59197445,255.16749525,1.4262604632962241,0.11028044252884647,2013,3
2013-03-02,irrigation stop,97.95642975,104.27921376500001,0.8441986350217203,0.05080818931823855,2013,3
2013-03-03,control,248.71940995,245.9161932,1.499569455484655,-0.010587511379776869,2013,3
2013-03-03,irrigation stop,101.1365525,110.9021775,0.6724806117690453,0.0649339265772094,2013,3
2013-03-04,control,233.70916195,270.3302557,1.4200274841034162,0.22141938328241537,2013,3
2013-03-04,irrigation stop,114.04483875,134.9767883,0.9687072691731273,0.13544449819072113,2013,3
2013-03-05,control,290.0503078,359.68964115,1.7644102574625715,0.4365421810918765,2013,3
2013-03-05,irrigation stop,154.06040109999998,204.37687,1.264501889013058,0.4012759029119306,2013,3
2013-03-06,control,352.43722845,387.42009945,2.16301074229427,0.22411686040319045,2013,3
2013-03-06,irrigation stop,204.37687,226.10799675,1.674544310280686,0.17956142203842268,2013,3
2013-03-07,control,370.42791195,402.1661932,2.2835350566621084,0.20063040081157774,2013,3
2013-03-07,irrigation stop,209.2596825,216.58390125,1.7333108286363836,0.048700444932907046,2013,3
2013-03-08,control,375.31072445,394.84197445,2.318880042410976,0.11711993753208622,2013,3
2013-03-08,irrigation stop,201.93546375,206.81827625,1.6846103837034767,0.023700444932907044,2013,3
2013-03-09,control,343.5724432,369.58414815000003,2.118249641599398,0.16474132951837314,2013,3
2013-03-09,irrigation stop,172.63858875,184.84562,1.4372094938376625,0.08993392657720939,2013,3
2013-03-10,control,346.01384945,397.2833807,2.1310701333811553,0.32260233943634053,2013,3
2013-03-10,irrigation stop,178.20447205,204.37687,1.4854376204739648,0.20663972651811646,2013,3
2013-03-11,control,382.6349432,416.41643339999996,2.3670455199416,0.21056848048069726,2013,3
2013-03-11,irrigation stop,201.93546375,219.0253075,1.6933769020591742,0.13993392657720938,2013,3
2013-03-12,control,386.38191425,441.2286932,2.394168543478479,0.3436447934300857,2013,3
2013-03-12,irrigation stop,206.81827625,236.11515125,1.752143420414872,0.2298678531544188,2013,3
2013-03-13,control,409.49041195,433.47478695,2.542034937189664,0.14935456453505314,2013,3
2013-03-13,irrigation stop,219.0253075,236.11515125,1.8683769020591745,0.13993392657720938,2013,3
2013-03-14,control,404.29353275,429.58455990000004,2.510436126537699,0.1516746792348307,2013,3
2013-03-14,irrigation stop,216.58390125,237.56166810000002,1.8609099387705696,0.1745521557157025,2013,3
2013-03-15,control,399.7443704,428.75473485,2.4714867234926157,0.18141444294746448,2013,3
2013-03-15,irrigation stop,211.70108875,228.7909325,1.8372094938376626,0.13993392657720938,2013,3
2013-03-16,control,403.09224385,432.25580095,2.495720817957488,0.18199286590950775,2013,3
2013-03-16,irrigation stop,216.58390125,217.68523795,1.8872094938376625,0.002511169452302394,2013,3
2013-03-17,control,435.5590081,480.08554560000005,2.700526480090762,0.28500282338139904,2013,3
2013-03-17,irrigation stop,226.34952625,265.41202625,1.9609099387705697,0.32110133479872116,2013,3
2013-03-18,control,463.32289130000004,468.08416195,2.8829480189884387,0.03955873735354293,2013,3
2013-03-18,irrigation stop,253.204995,258.0878075,2.1920773469920816,0.0324669632886047,2013,3
2013-03-19,control,429.02166195,480.2911932,2.678562879092456,0.32260233943634053,2013,3
2013-03-19,irrigation stop,231.23233875,255.64640125,2.0109099387705696,0.18863437151011642,2013,3
2013-03-20,control,455.8771307,494.9396307,2.8535522963405198,0.24394387724952551,2013,3
2013-03-20,irrigation stop,245.88077625,272.736245,2.1346103837034764,0.21363437151011644,2013,3
2013-03-21,control,444.6930645,494.9396307,2.78511770443716,0.31237846915288514,2013,3
2013-03-21,irrigation stop,242.40058595,267.8534325,2.1114697837505894,0.19554148981870145,2013,3
2013-03-22,control,472.96697445,521.79509945,2.967555744276202,0.30007784546923033,2013,3
2013-03-22,irrigation stop,255.64640125,275.3900048,2.2170773469920815,0.14957539021781396,2013,3
2013-03-23,control,480.2911932,531.01586125,3.0108692207141496,0.3148891126964445,2013,3
2013-03-23,irrigation stop,259.11604554999997,287.3846825,2.2576808608337404,0.2230308576684573,2013,3
2013-03-24,control,490.0568182,536.44353695,3.0767071911192074,0.2872573536874733,2013,3
2013-03-24,irrigation stop,265.41202625,294.70890125,2.3170773469920816,0.2298678531544188,2013,3
2013-03-25,control,477.84978695,477.84978695,3.002900730025069,0.004852001092676538,2013,3
2013-03-25,irrigation stop,255.67012979999998,260.52921375,2.2348533640554766,0.04099050129230248,2013,3
2013-03-26,control,463.20134945,497.38103695,2.916273777149174,0.21345089259333483,2013,3
2013-03-26,irrigation stop,246.2657064,272.736245,2.156085105150872,0.2096926867741164,2013,3
2013-03-27,control,465.6427557,533.75957195,2.929094268930931,0.4251459865435694,2013,3
2013-03-27,irrigation stop,252.192576,293.9917711,2.2080097314991742,0.33159205591132573,2013,3
2013-03-28,control,485.73294535,515.52548385,3.055112177775465,0.18444994722217783,2013,3
2013-03-28,irrigation stop,265.90768975000003,282.50187,2.3291396479849378,0.12787162558435305,2013,3
2013-03-29,control,429.02166195,421.28614795,2.6882668812778094,-0.04629070006671246,2013,3
2013-03-29,irrigation stop,236.11515125,227.33558019999998,2.078442975481965,-0.07591045975806085,2013,3
2013-03-30,control,371.2557754,357.79594405,2.3137876784387856,-0.08772704749101815,2013,3
2013-03-30,irrigation stop,201.93546375,194.25795295,1.7898086039718484,-0.06858260318388751,2013,3
2013-03-31,control,348.4552557,446.1115057,2.158446628440942,0.6001556909384607,2013,3
2013-03-31,irrigation stop,195.31782909999998,255.3010187,1.7308105435115462,0.4827300861685351,2013,3
2013-04-01,control,385.07634945,448.4685437,2.3701620095380043,0.39111375868792053,2013,4
2013-04-01,irrigation stop,226.3547993,265.41202625,1.991750886914604,0.30779342336608206,2013,4
2013-04-02,control,409.49041195,470.5255682,2.517774931726281,0.3787363076560454,2013,4
2013-04-02,irrigation stop,245.88077625,277.6190575,2.152143420414872,0.24610133479872115,2013,4
2013-04-03,control,414.6902902,465.6427557,2.555415046443382,0.3154552093754303,2013,4
2013-04-03,irrigation stop,248.3221825,272.736245,2.177143420414872,0.18863437151011642,2013,4
2013-04-04,control,416.8146307,480.2911932,2.570792410349582,0.39640880053047894,2013,4
2013-04-04,irrigation stop,243.43937,284.43179375,2.144676457126267,0.3233307172873258,2013,4
2013-04-05,control,443.5967525,475.4083807,2.740544661614983,0.2010155657015636,2013,4
2013-04-05,irrigation stop,258.0878075,270.29483875,2.2683769020591744,0.08993392657720939,2013,4
2013-04-06,control,439.145852,499.8224432,2.7227363720381845,0.3761407796519921,2013,4
2013-04-06,irrigation stop,250.76358875,282.50187,2.2109099387705697,0.24610133479872115,2013,4
2013-04-07,control,458.31853695,514.4708807,2.8469647837515706,0.34824332299985467,2013,4
2013-04-07,irrigation stop,258.80399445,292.05611784999996,2.2829090259041687,0.26317122729342446,2013,4
2013-04-08,control,455.8771307,497.38103695,2.834144291969814,0.2616163701239591,2013,4
2013-04-08,irrigation stop,255.64640125,280.06046375,2.2609099387705696,0.18863437151011642,2013,4
2013-04-09,control,436.3564381,430.8250333,2.717100775793768,-0.03033591821446064,2013,4
2013-04-09,irrigation stop,240.25277015,230.37626125,2.1295787113736626,-0.08358343938118508,2013,4
2013-04-10,control,371.35596269999996,464.4989792,2.3048088973612915,0.5743333721912037,2013,4
2013-04-10,irrigation stop,192.16983875,243.43937,1.7336411957503368,0.3935022246645352,2013,4
2013-04-11,control,400.0517139,459.90509699999996,2.48066985384805,0.3690206804909235,2013,4
2013-04-11,irrigation stop,215.06527275,245.77875785,1.9067248114204531,0.2356074222227213,2013,4
2013-04-12,control,395.2690887,477.84978695,2.4527988769353173,0.5112858443483396,2013,4
2013-04-12,irrigation stop,211.70108875,255.64640125,1.872275567260453,0.3448017797316282,2013,4
2013-04-13,control,387.7124368,482.73259945,2.408264830471638,0.5814608743755327,2013,4
2013-04-13,irrigation stop,204.37687,248.3221825,1.8148086039718485,0.33603526137593054,2013,4
2013-04-14,control,439.53078215,504.43164985,2.725522747854593,0.39755860826765776,2013,4
2013-04-14,irrigation stop,228.7909325,252.6038712,2.0122094938376627,0.17371234544241868,2013,4
2013-04-15,control,455.8771307,534.0021307,2.829292290877137,0.4830357534063745,2013,4
2013-04-15,irrigation stop,236.11515125,266.82214885,2.078442975481965,0.2304775700497434,2013,4
2013-04-16,control,480.2911932,560.85759945,2.986609215250767,0.5007082462808081,2013,4
2013-04-16,irrigation stop,236.11515125,275.17765125,2.0696764571262674,0.31233481644302347,2013,4
2013-04-17,control,492.49822445,575.50603695,3.0701196785302587,0.5135287380625652,2013,4
2013-04-17,irrigation stop,236.11515125,270.70613395,2.0696764571262674,0.2665464792910236,2013,4
2013-04-18,control,512.6780554,573.6644589499999,3.2003494941601067,0.384524381446467,2013,4
2013-04-18,irrigation stop,236.11515125,257.93554775,2.0696764571262674,0.14508892407977952,2013,4
2013-04-27,control,409.7429712,472.44607095000003,2.5676212003330336,0.3923471361393641,2013,4
2013-04-27,irrigation stop,99.39640125,138.45890125,0.7748746773946391,0.32110133479872116,2013,4
2013-04-28,control,336.24822445,389.95916195,2.147716181551598,0.34512683340345063,2013,4
2013-04-28,irrigation stop,50.65791753,72.5409325,0.3808393509979979,0.15410139981943174,2013,4
2013-04-29,control,336.24822445,343.36197715000003,2.152568182644275,0.04220826166086428,2013,4
2013-04-29,irrigation stop,40.802651265,43.244057515,0.27130637940705177,0.025,2013,4
2013-04-30,control,311.83416195,415.70442225,2.004955260455998,0.6279351570515816,2013,4
2013-04-30,irrigation stop,28.595620015,84.74796375,0.19013897118554005,0.434735706209099,2013,4
2013-05-01,control,357.0627342,450.9943182,2.2728990915634197,0.5792722266769685,2013,5
2013-05-01,irrigation stop,43.244057515,99.39640125,0.2963063794070518,0.45226874292049435,2013,5
2013-05-02,control,358.2208807,475.21369960000004,2.282508611958118,0.721105305874729,2013,5
2013-05-02,irrigation stop,38.097594232,96.954995,0.2611396321005271,0.47120200858271666,2013,5
2013-05-03,control,358.2208807,367.9865057,2.282508611958118,0.06583797040505791,2013,5
2013-05-03,irrigation stop,29.47621363,30.3594022395,0.19599424426235482,0.020972375257762875,2013,5
2013-05-04,control,338.6896307,432.44488105000005,2.165388674426032,0.5748184740184461,2013,5
2013-05-04,irrigation stop,18.829995015,66.5507867,0.12520504460833065,0.3699058246025476,2013,5
2013-05-05,control,355.7636554,448.55291195,2.2695736115613343,0.5697772148972968,2013,5
2013-05-05,irrigation stop,26.154213765,71.0928179,0.19143852625263302,0.34263988996824757,2013,5
2013-05-06,control,355.77947445,382.6349432,2.2745401212690375,0.16043341397003397,2013,5
2013-05-06,irrigation stop,16.388588765,31.037026265,0.1089715629640283,0.12370044493290705,2013,5
2013-05-07,control,331.36541195,450.30717035,2.1220751979880843,0.7255612850870636,2013,5
2013-05-07,irrigation stop,4.1815575135,77.105071705,0.027804154732542694,0.588939454913016,2013,5
2013-05-08,control,377.7521307,475.4083807,2.4093325516755577,0.5953036898457842,2013,5
2013-05-08,irrigation stop,33.159759205,84.42929043999999,0.2807083482696283,0.4022687429204943,2013,5
2013-05-09,control,390.40640229999997,465.6427557,2.4903395952308545,0.46301467916345906,2013,5
2013-05-09,irrigation stop,20.952727955,64.787307125,0.1732413849810236,0.3440654878998335,2013,5
2013-05-10,control,315.68042909999997,348.4552557,2.005745056589414,0.1769615773149105,2013,5
2013-05-10,irrigation stop,0,9.765625,0,0.09123348164430234,2013,5
2013-05-11,control,300.08588305,404.39713340000003,1.8859495375470066,0.6531809308211698,2013,5
2013-05-11,irrigation stop,0,63.4765625,0,0.4922026695974423,2013,5
2013-05-12,control,326.48259945,401.84592265000003,2.057618205683158,0.4682099665880136,2013,5
2013-05-12,irrigation stop,18.249907195,63.4765625,0.13427993954261408,0.35792273005482816,2013,5
2013-05-16,control,377.7521307,414.37322445,2.3850725462121747,0.23112338546776845,2013,5
2013-05-16,irrigation stop,18.39270046,49.21875,0.12611167102830476,0.20876966168162708,2013,5
2013-05-17,control,326.5287383,336.24822445,2.057952188811881,0.07035598836901134,2013,5
2013-05-17,irrigation stop,0,10.338626033333334,0,0.0719409519042104,2013,5
2013-05-18,control,302.1774342,410.8163481,1.9156455540018222,0.6770202463013504,2013,5
2013-05-18,irrigation stop,0,85.59510551666666,0,0.6207426719558274,2013,5
2013-05-19,control,320.3264673,337.112999,2.0349946746542065,0.07531330002434919,2013,5
2013-05-19,irrigation stop,11.393229166666666,31.550210356666668,0.09328928438480626,0.13998223088948145,2013,5
2013-05-20,control,272.77166195,343.53025905000004,1.712491372279707,0.43456491944836784,2013,5
2013-05-20,irrigation stop,0.8120444113333334,58.59375,0.004959203300619135,0.4038264001271735,2013,5
2013-05-21,control,289.8615057,331.45817,1.8167908180300363,0.2538099109468582,2013,5
2013-05-21,irrigation stop,16.276041666666668,45.41824154,0.10789043396538187,0.19769342474616344,2013,5
2013-05-22,control,272.77166195,326.48259945,1.712491372279707,0.33057083012542104,2013,5
2013-05-22,irrigation stop,3.2552083333333335,49.1313234,0.019879750030374874,0.3360801533767186,2013,5
2013-05-23,control,280.4438997,359.8947369,1.7583240375243796,0.49748503003222333,2013,5
2013-05-23,irrigation stop,6.9841092399999996,64.89236720333334,0.0472503588110305,0.4161021943604315,2013,5
2013-05-24,control,299.6271307,362.8772795,1.882628788435094,0.39476987030330984,2013,5
2013-05-24,irrigation stop,19.31945053666667,61.63715887,0.1291240503757179,0.30585706895186177,2013,5
2013-05-25,control,314.2755682,365.54509945,1.9741077424036662,0.32260233943634053,2013,5
2013-05-25,irrigation stop,20.577077434,53.572374366666665,0.13140131401801844,0.2335675492173722,2013,5
2013-05-26,control,310.43153975,370.42791195,1.9559861562045606,0.37121691029163684,2013,5
2013-05-26,irrigation stop,16.064242203333333,45.36111720333333,0.10075261653183554,0.20527524779491044,2013,5
2013-05-27,control,316.71697445,387.11787019999997,1.9917802352781,0.4376223688657117,2013,5
2013-05-27,irrigation stop,11.342787013,46.45438911666666,0.07024100184698072,0.24698196687229856,2013,5
2013-05-28,control,316.71697445,404.09721924999997,1.9966322363707765,0.545179258604033,2013,5
2013-05-28,irrigation stop,4.6710130366666665,51.87153387,0.02852615318248108,0.3459332699729598,2013,5
2013-05-29,control,233.7557129,233.70916195,1.4481484306320893,-0.028120946528673002,2013,5
2013-05-29,irrigation stop,0,10.729415083333334,0,0.09641562715037488,2013,5
2013-05-30,control,200.5366204,260.3249673,1.2187189727371128,0.3745630884054659,2013,5
2013-05-30,irrigation stop,0,41.488087203333336,0,0.2892567777129753,2013,5
2013-06-05,control,165.34978695,263.00603695,0.9834216967313935,0.6050076920311371,2013,6
2013-06-05,irrigation stop,0,66.05682483,0,0.4637371731927934,2013,6
2013-06-06,control,189.8009207,297.18572445,1.1409332923753064,0.6657989900732355,2013,6
2013-06-06,irrigation stop,7.522835673333334,67.74418984,0.04770729504114358,0.4330615078269527,2013,6
2013-06-07,control,209.29509945,321.59978695,1.2675625608224628,0.7013386470923859,2013,6
2013-06-07,irrigation stop,4.267627339666666,67.63872952666667,0.026945098927718892,0.4598492652821943,2013,6
2013-06-08,control,238.59197445,338.6896307,1.4602244709449599,0.6275321859982474,2013,6
2013-06-08,irrigation stop,7.522835673333334,64.48898150666666,0.04770729504114358,0.41318175779657784,2013,6
2013-06-09,control,236.1505682,284.9786932,1.4522559802558792,0.30978184765458355,2013,6
2013-06-09,irrigation stop,0,27.669270833333332,0,0.20117971835018814,2013,6
2013-06-10,control,214.17791195,294.12344329999996,1.3223155509420361,0.496213948272779,2013,6
2013-06-10,irrigation stop,0,42.212372783333336,0,0.30025187902171335,2013,6
2013-06-11,control,221.5021307,347.1053637,1.3704810284726605,0.7808769479701718,2013,6
2013-06-11,irrigation stop,0,73.86088800333333,0,0.529259749327031,2013,6
2013-06-12,control,248.35759945,357.90720965,1.5406184446280475,0.6868709828588093,2013,6
2013-06-12,irrigation stop,6.489324603333333,67.50866180666667,0.04051313566214025,0.44642652129342536,2013,6
2013-06-13,control,263.00603695,365.54509945,1.636949399689296,0.6355006766873279,2013,6
2013-06-13,irrigation stop,3.2341162706666666,65.95732857666667,0.019750939554822617,0.46414832590095306,2013,6
2013-06-14,control,242.5822494,318.61116895,1.5181056677059939,0.4776819822408883,2013,6
2013-06-14,irrigation stop,0,50.24152452,0,0.3703463560729473,2013,6
2013-06-15,control,226.3849432,362.93675945,1.4203820174995572,0.8432229534214054,2013,6
2013-06-15,irrigation stop,0,91.14583333333333,0,0.6693394516725024,2013,6
2013-06-16,control,253.24041195,370.20549570000003,1.5905194336549444,0.7205176354898146,2013,6
2013-06-16,irrigation stop,14.6484375,81.38020833333333,0.11813093390463211,0.4898043755147174,2013,6
2013-06-17,control,290.5718286,404.60759945,1.826784600171564,0.7138693589179682,2013,6
2013-06-17,irrigation stop,25.44372359,94.40104166666667,0.19927686070291792,0.5168495076058762,2013,6
2013-06-18,control,314.2755682,426.2986562,1.9886637456816958,0.6944482449113226,2013,6
2013-06-18,irrigation stop,24.983548193333334,92.7734375,0.21020601527126082,0.5094340613253044,2013,6
2013-06-19,control,341.13103695,460.7599432,2.1636531629297595,0.7495041246230101,2013,6
2013-06-19,irrigation stop,24.505362841666667,102.1286537,0.22045340265905086,0.5780422869647949,2013,6
2013-06-20,control,346.01384945,402.11385865,2.1989981486786268,0.3527164924409116,2013,6
2013-06-20,irrigation stop,11.393229166666666,54.24777367666667,0.11666666666666665,0.30593855194105335,2013,6
2013-06-21,control,293.7232794,418.36504990000003,1.876539612566351,0.7734453186909565,2013,6
2013-06-21,irrigation stop,0,77.64391743333333,0,0.5564455009018191,2013,6
2013-06-22,control,274.34132550000004,370.42791195,1.7529656287286848,0.5936454421382187,2013,6
2013-06-22,irrigation stop,0,91.0027856,0,0.6447556914167809,2013,6
2013-06-23,control,283.2776149,375.31072445,1.8174721492069188,0.5596319063161757,2013,6
2013-06-23,irrigation stop,42.535659646666666,97.65413713333334,0.2978139806326183,0.38171756284983976,2013,6
2013-06-24,control,305.6254133,396.29419025000004,1.948091418149681,0.5634625593415484,2013,6
2013-06-24,irrigation stop,65.10416666666667,115.55989583333333,0.4584689024674444,0.3590862283518555,2013,6
2013-06-25,control,294.7443182,409.49041195,1.8812478103349628,0.7093071377814664,2013,6
2013-06-25,irrigation stop,60.221354166666664,121.64717053333334,0.42688438525985384,0.42961098473783793,2013,6
2013-06-26,control,314.2755682,413.1314747,2.0032197489597254,0.611307416339282,2013,6
2013-06-26,irrigation stop,73.51825501666667,125.2534563,0.5244487922170067,0.3607971701349658,2013,6
2013-06-27,control,321.59978695,377.51009475,2.05138522649035,0.34697232604559325,2013,6
2013-06-27,irrigation stop,72.30007537,99.28385416666667,0.5086307451114643,0.1790886846259877,2013,6
2013-06-28,control,311.83416195,406.5491488,1.9903992571779683,0.5895623149897047,2013,6
2013-06-28,irrigation stop,63.95113391,108.85263507,0.4323258176552051,0.3163751415860029,2013,6
2013-06-29,control,309.50876205,282.53728695,1.9781879464601193,-0.16589459612661847,2013,6
2013-06-29,irrigation stop,54.5878794,12.949354676666667,0.3642838184001397,-0.28520134266710695,2013,6
2013-06-30,control,180.40951965,303.58189245,1.149840490647326,0.7614154461154818,2013,6
2013-06-30,irrigation stop,0,87.6972811,0,0.622803887556542,2013,6
2013-07-01,control,209.29509945,317.66611725,1.325786573934581,0.666125868621372,2013,7
2013-07-01,irrigation stop,42.317708333333336,112.3046875,0.2839118018353958,0.4895037505906546,2013,7
2013-07-02,control,216.6193182,346.01384945,1.3691000503725288,0.8007860917500385,2013,7
2013-07-02,irrigation stop,42.78869420666667,124.365832,0.26767508689044467,0.5946170645943913,2013,7
2013-07-03,control,228.9210592,216.22554300000002,1.4482558593534416,-0.07230220886040577,2013,7
2013-07-03,irrigation stop,48.828125,35.807291666666664,0.30437337302272205,-0.07543954671306265,2013,7
2013-07-04,control,162.9083807,302.06853695,1.038529220247108,0.8569200599697433,2013,7
2013-07-04,irrigation stop,13.020833333333334,100.91145833333333,0.0795190001214995,0.6292793266876898,2013,7
2013-07-05,control,197.0880682,328.9240057,1.2519801128404426,0.8136065835317956,2013,7
2013-07-05,irrigation stop,30.924479166666668,109.04947916666667,0.19326985569363195,0.567875184434537,2013,7
2013-07-06,control,210.4263545,335.9069526,1.3388273378807534,0.7731327242224979,2013,7
2013-07-06,irrigation stop,35.807291666666664,109.85275793333334,0.2239719268202084,0.5420787842975924,2013,7
2013-07-07,control,223.94353695,346.01384945,1.4269695300885064,0.7526206142194143,2013,7
2013-07-07,irrigation stop,45.636192853333334,118.81510416666667,0.30509473612371657,0.5309080295605637,2013,7
2013-07-08,control,223.97244485,338.6896307,1.4271787843479173,0.7139498846147321,2013,7
2013-07-08,irrigation stop,25.087625773333333,104.16666666666667,0.15795286188044053,0.5742549992831802,2013,7
2013-07-09,control,228.82634945,342.71663845,1.4623145158373736,0.7048130730332649,2013,7
2013-07-09,irrigation stop,31.07531317333333,99.28385416666667,0.19507345398414005,0.49882309832041083,2013,7
2013-07-10,control,228.82634945,348.4552557,1.4623145158373736,0.7398001224376571,2013,7
2013-07-10,irrigation stop,32.552083333333336,113.3774665,0.20409217678983352,0.598702613705224,2013,7
2013-07-11,control,241.0333807,365.54509945,1.5409729780241885,0.7654411060011712,2013,7
2013-07-11,irrigation stop,29.61958962,110.56845959,0.18547578572834886,0.5988328516672468,2013,7
2013-07-12,control,255.6818182,368.90006415,1.6324519319927606,0.7030995786888115,2013,7
2013-07-12,irrigation stop,37.434895833333336,109.896677,0.25409217678983353,0.5265627800524917,2013,7
2013-07-13,control,272.60855075,380.19353695,1.74074683732445,0.6668502028548351,2013,7
2013-07-13,irrigation stop,38.48598362133333,111.86237566666667,0.2464398329465441,0.5411437531385745,2013,7
2013-07-14,control,277.65447445,394.84197445,1.7769483645846336,0.7172756284705469,2013,7
2013-07-14,irrigation stop,37.81909424333333,115.55989583333333,0.24474980808690422,0.5722556536480152,2013,7
2013-07-15,control,294.7443182,411.14867605,1.8812478103349628,0.7164587352259768,2013,7
2013-07-15,irrigation stop,45.76315611333333,118.81510416666667,0.3202749739431803,0.5300638211250726,2013,7
2013-07-16,control,305.51708915,416.8146307,1.9485181293239973,0.6853502952303796,2013,7
2013-07-16,irrigation stop,47.200520833333336,123.38505106666666,0.33655914007843823,0.5492978290241074,2013,7
2013-07-17,control,272.77166195,348.4552557,1.746455379928443,0.4653632605319409,2013,7
2013-07-17,irrigation stop,4.8828125,92.28546805333333,0.02981962504556231,0.639071989541369,2013,7
2013-07-18,control,235.19408655,311.83416195,1.510309247782105,0.4703860072105104,2013,7
2013-07-18,irrigation stop,16.641910160000002,60.09507453333333,0.12540633358093417,0.2960092663443423,2013,7
2013-07-19,control,228.82634945,343.5724432,1.46716651693005,0.7044551366887899,2013,7
2013-07-19,irrigation stop,16.329044566666667,71.34417460666667,0.11761699254900214,0.3759491687271143,2013,7
2013-07-20,control,233.70916195,365.17718030000003,1.4928075004935644,0.8060913433502772,2013,7
2013-07-20,irrigation stop,8.365651111666667,92.64715786666666,0.054048763952566935,0.6059754171009534,2013,7
2013-07-21,control,253.24041195,381.531453,1.614779439118327,0.7840125349524374,2013,7
2013-07-21,irrigation stop,19.84694908333333,104.8787435,0.13924347099467863,0.6115806492916136,2013,7
2013-07-22,control,270.4040779,389.95916195,1.7243185465190178,0.7297084596946188,2013,7
2013-07-22,irrigation stop,31.00736248666667,105.6679912,0.2232620682412364,0.5399912722122776,2013,7
2013-07-23,control,255.6818182,385.07634945,1.637303933085437,0.7910820895646854,2013,7
2013-07-23,irrigation stop,12.975406606666667,105.43271723333334,0.09796520697137946,0.6503977181343286,2013,7
2013-07-24,control,266.21038265000004,392.30606215,1.7022963060632075,0.7737589170078403,2013,7
2013-07-24,irrigation stop,8.911669206666668,104.04038703333333,0.0592557746120777,0.6788392153612621,2013,7
2013-07-25,control,284.9786932,409.49041195,1.8202618410225813,0.7557371038158182,2013,7
2013-07-25,irrigation stop,22.68784709266667,113.80601203333333,0.17245429513713634,0.6472252120437941,2013,7
2013-07-26,control,302.5552397,426.52188524999997,1.928084359133908,0.7517915080170672,2013,7
2013-07-26,irrigation stop,39.011718726666665,120.05334613,0.27887193738297494,0.5913266876448636,2013,7
2013-07-27,control,321.59978695,445.11608255,2.05138522649035,0.7436795798711289,2013,7
2013-07-27,irrigation stop,40.95661874333334,141.86807706666667,0.31357727013846753,0.7348230472730215,2013,7
2013-07-28,control,346.3708723,462.06483275,2.210576975471447,0.7120259548432748,2013,7
2013-07-28,irrigation stop,63.743077076666665,161.29175553333332,0.4688364418970925,0.7281777941252858,2013,7
2013-07-29,control,288.7851868,231.6571179,1.8451027808328968,-0.3768533175103211,2013,7
2013-07-29,irrigation stop,25.150693696666668,6.470622625333333,0.21983195983558612,-0.1735107305827642,2013,7
2013-07-30,control,111.63884943,272.77166195,0.6625548686465524,1.0111204948917423,2013,7
2013-07-30,irrigation stop,0,89.48659106666666,0,0.6103539271849614,2013,7
2013-07-31,control,159.93334535,290.96407625,0.9751768327201054,0.8059271011850251,2013,7
2013-07-31,irrigation stop,19.499611906666665,109.01784106666666,0.12526240704009112,0.6240007261971768,2013,7
2013-08-01,control,184.88103695,316.71697445,1.1345056419122153,0.8039025813464425,2013,8
2013-08-01,irrigation stop,20.52389519666667,117.06465994333334,0.1332826579012779,0.6992623467140708,2013,8
2013-08-02,control,206.8536932,350.89666195,1.2741500734114117,0.8825610435332576,2013,8
2013-08-02,irrigation stop,22.75482024,125.29388273333333,0.14867194139452253,0.750607267879031,2013,8
2013-08-03,control,238.59197445,352.78153255,1.479632475315666,0.7101305703763794,2013,8
2013-08-03,irrigation stop,32.52044524,110.63489919999999,0.22352966695063387,0.5651577231065161,2013,8
2013-08-04,control,240.44534305,355.72685795,1.4990690227932526,0.7072667795496838,2013,8
2013-08-04,irrigation stop,22.754820239333334,107.22193223333333,0.15043683355247942,0.6165306368730062,2013,8
2013-08-05,control,238.7337335,367.9865057,1.4949328941269626,0.7903376740314186,2013,8
2013-08-05,irrigation stop,22.786458333333332,120.57180060333333,0.1690455320582172,0.7034875381460224,2013,8
2013-08-06,control,265.4474432,378.73919385,1.6643258947490827,0.7036316537119616,2013,8
2013-08-06,irrigation stop,28.233326285999997,111.90579451333333,0.1978367462878708,0.6059730541122494,2013,8
2013-08-07,control,236.1505682,271.83803565,1.4765159857192622,0.2246573520639873,2013,8
2013-08-07,irrigation stop,16.276041666666668,53.59868893666667,0.10822321096201565,0.2731231264557379,2013,8
2013-08-08,control,184.88103695,179.6554784,1.1636176484682745,-0.05238200877785596,2013,8
2013-08-08,irrigation stop,4.8828125,27.58079882,0.0324669632886047,0.16692435556403595,2013,8
2013-08-09,control,89.76110747999999,198.314033,0.5282608591821111,0.6816371191165896,2013,8
2013-08-09,irrigation stop,0,69.45029072333334,0,0.4949765363999799,2013,8
2013-08-10,control,129.5495108,253.24041195,0.7873519316691653,0.7643514932443667,2013,8
2013-08-10,irrigation stop,44.55814147,129.6716449,0.3148754067702945,0.600591500301186,2013,8
2013-08-11,control,148.46031779999998,272.75591095,0.9092864793509134,0.7643061713795255,2013,8
2013-08-11,irrigation stop,53.149588386666665,132.92685323333333,0.36089740734225845,0.5694873502701461,2013,8
2013-08-12,control,165.34978695,294.7443182,1.017385704380129,0.795934090657362,2013,8
2013-08-12,irrigation stop,61.62865083,134.16486032666666,0.4359457649276984,0.5083899375112654,2013,8
2013-08-13,control,175.11541195,319.1583807,1.083223674785187,0.8922650457186105,2013,8
2013-08-13,irrigation stop,37.55638322666667,129.06830886666665,0.23897744994019757,0.6625539356369403,2013,8
2013-08-14,control,204.41228695,326.48259945,1.2710335838150078,0.7574726153120908,2013,8
2013-08-14,irrigation stop,43.87968012333334,118.19484680000001,0.2934926540487025,0.520898147478185,2013,8
2013-08-15,control,216.6193182,336.24822445,1.3496920460018227,0.7398001224376571,2013,8
2013-08-15,irrigation stop,43.40862405666667,113.39560323333333,0.2780447495367102,0.500309995717063,2013,8
2013-08-16,control,226.3849432,355.77947445,1.4155300164068807,0.8007860917500385,2013,8
2013-08-16,irrigation stop,41.78101989,121.4159871,0.26722242844050864,0.575331751433549,2013,8
2013-08-17,control,234.73739999999998,363.1036932,1.4739470541857767,0.7856825304090902,2013,8
2013-08-17,irrigation stop,31.36857163666667,117.65104903333334,0.202750544362291,0.6233518543640473,2013,8
2013-08-18,control,253.24041195,374.6191673,1.5905194336549444,0.7441370574369829,2013,8
2013-08-18,irrigation stop,30.387790723333335,113.39560323333333,0.19764330333419658,0.6026567090360425,2013,8
2013-08-19,control,267.88884945,319.07708790000004,1.686850388716193,0.3124714465299876,2013,8
2013-08-19,irrigation stop,28.760186556666667,71.7804078,0.18770342831900916,0.32309937895767626,2013,8
2013-08-20,control,258.12322445,377.7521307,1.6258644194038117,0.730096120252304,2013,8
2013-08-20,irrigation stop,27.06930620333333,105.186309,0.19752319008132763,0.5567216297475608,2013,8
2013-08-21,control,272.77166195,382.6349432,1.7173433733723837,0.6739621520325991,2013,8
2013-08-21,irrigation stop,27.13258239,101.94021166666667,0.2037882738287245,0.5247880918157802,2013,8
2013-08-22,control,268.0624839,382.6349432,1.6927815021213095,0.7033760243763496,2013,8
2013-08-22,irrigation stop,20.622165723333335,97.11956156666666,0.14296595273252294,0.5418343879398411,2013,8
2013-08-23,control,272.77166195,389.95916195,1.7221953744650602,0.7172756284705469,2013,8
2013-08-23,irrigation stop,19.057837744,103.62997823333333,0.12668762341926404,0.6130906927788363,2013,8
2013-08-24,control,280.0958807,328.72427815000003,1.7703608519956844,0.2986320870239887,2013,8
2013-08-24,irrigation stop,20.622165723333335,44.95905733666667,0.13712160716205782,0.17321944341320997,2013,8
2013-08-25,control,182.4396307,288.45664480000005,1.155649157779194,0.6586163526211536,2013,8
2013-08-25,irrigation stop,0,79.75260416666667,0,0.575167721206682,2013,8
2013-08-26,control,204.41228695,299.34826315,1.2952935892783906,0.5804645726139261,2013,8
2013-08-26,irrigation stop,22.786458333333332,87.890625,0.1655157477341607,0.45030999565057067,2013,8
2013-08-27,control,199.52947445,298.2854096,1.2648006046221998,0.6107824394448851,2013,8
2013-08-27,irrigation stop,10.570638723333333,66.73177083333333,0.0694042051814635,0.39437544980835115,2013,8
2013-08-28,control,204.5019282,331.36541195,1.2957643199930888,0.7777908670682301,2013,8
2013-08-28,irrigation stop,12.345705059,91.14583333333333,0.08069062826233703,0.5567797573147975,2013,8
2013-08-29,control,212.01011154999998,336.24822445,1.3400438448477776,0.764004326869732,2013,8
2013-08-29,irrigation stop,17.903645833333332,92.10521423,0.1298517771181333,0.5272872438178524,2013,8
2013-08-30,control,214.78957044999999,341.13103695,1.3558551411838653,0.7786860151898349,2013,8
2013-08-30,irrigation stop,22.45322041,97.19516783333333,0.17851844624206906,0.5177400537859703,2013,8
2013-08-31,control,228.82634945,355.77947445,1.4429065114666675,0.7831135988756048,2013,8
2013-08-31,irrigation stop,36.67460790333333,108.588397,0.28901203506871614,0.5055984454676912,2013,8
2013-09-01,control,241.7592396,358.2208807,1.525606214168279,0.7229383901411035,2013,9
2013-09-01,irrigation stop,27.669270833333332,93.67493376666667,0.21904553205821722,0.4630310470027205,2013,9
2013-09-02,control,248.35759945,365.2412334,1.5697304511841068,0.7199280486440678,2013,9
2013-09-02,irrigation stop,26.041666666666668,93.47499103333334,0.20237886539155056,0.4716414559810785,2013,9
2013-09-03,control,270.3302557,370.42003645,1.7093748826833033,0.6129191747078754,2013,9
2013-09-03,irrigation stop,40.69361193333334,95.91627618333334,0.3070795399548942,0.3890787274108801,2013,9
2013-09-04,control,268.31241235,370.42791195,1.6996204157927841,0.6227306496107369,2013,9
2013-09-04,irrigation stop,26.273679356666666,94.40104166666667,0.1980772265067754,0.4821006222982141,2013,9
2013-09-05,control,271.28787625,377.7521307,1.7211587667210186,0.6493577762131266,2013,9
2013-09-05,irrigation stop,21.158854166666668,96.02864583333333,0.15237886539155054,0.5318945128581613,2013,9
2013-09-06,control,274.129168,377.7521307,1.7390280121070116,0.6314885308271336,2013,9
2013-09-06,irrigation stop,17.903645833333332,99.28385416666667,0.11904553205821722,0.5918343878733486,2013,9
2013-09-07,control,275.2130682,367.9865057,1.7495718695248468,0.56966270628227,2013,9
2013-09-07,irrigation stop,17.903645833333332,86.26302083333333,0.11904553205821722,0.4903701206353832,2013,9
2013-09-08,control,255.6818182,307.8668768,1.6275999309000841,0.3225580227946433,2013,9
2013-09-08,irrigation stop,8.138020833333334,50.455729166666664,0.054111605481007824,0.29913027730038255,2013,9
2013-09-11,control,182.4396307,281.55506705,1.1313891523158115,0.617128313719596,2013,9
2013-09-11,irrigation stop,36.17052365333333,103.54374781666667,0.2935054230000921,0.46915471472434755,2013,9
2013-09-12,control,188.29267805,291.02684215,1.1689053304586055,0.6369129494853476,2013,9
2013-09-12,irrigation stop,35.309264426666665,102.00588182333334,0.281915303916632,0.4591527404656092,2013,9
2013-09-13,control,194.64666195,308.83502065000005,1.2100476145026264,0.7063783185302981,2013,9
2013-09-13,irrigation stop,43.67226726333333,105.05390459,0.33312969630689,0.42065128008763675,2013,9
2013-09-14,control,215.48606875000002,316.71697445,1.3409019952286112,0.6314702356787825,2013,9
2013-09-14,irrigation stop,59.68817349,106.54790575666667,0.432563637187337,0.33036416394985824,2013,9
2013-09-15,control,183.39233015000002,179.6983103,1.1515761316742614,-0.020622442348220752,2013,9
2013-09-15,irrigation stop,4.349631824666667,4.436363841,0.03869588431412157,-0.004186008967604366,2013,9
2013-09-16,control,126.28728695000001,126.28728695000001,0.7831458293159568,0.004852001092676538,2013,9
2013-09-16,irrigation stop,0,4.791413562,0,0.03687068405201968,2013,9
2013-09-17,control,85.860549135,211.7365057,0.5390307099885159,0.7850203524497927,2013,9
2013-09-17,irrigation stop,1.6255374326666667,103.87840846666667,0.011110065687967513,0.7140427090945932,2013,9
2013-09-18,control,121.40447445000001,160.46697445,0.7575048457524427,0.24394387724952546,2013,9
2013-09-18,irrigation stop,44.90696296,72.86262896666666,0.30909866304300543,0.18947516732804298,2013,9
2013-09-19,control,78.394947195,196.3198671,0.4928340490964731,0.721148022066982,2013,9
2013-09-19,irrigation stop,13.439159241666665,105.77845179333333,0.08764134969757058,0.6566930341480206,2013,9
2013-09-20,control,111.63884945000001,201.4668484,0.6965188764400613,0.553193699539009,2013,9
2013-09-20,irrigation stop,39.1187455,107.1336168,0.2806632491938698,0.46966395210515055,2013,9
2013-09-21,control,111.19816625,209.10598549999997,0.6969862635233666,0.6034531037217622,2013,9
2013-09-21,irrigation stop,38.77424181,107.1336168,0.27252821794665205,0.4719546377819032,2013,9
2013-09-22,control,116.52166195000001,214.17791195,0.7318638621889285,0.6001556909384607,2013,9
2013-09-22,irrigation stop,28.90361009,98.8061765,0.20866006338039536,0.4790195773282969,2013,9
2013-09-23,control,126.28728695,226.3849432,0.7928498315013098,0.6129761827202178,2013,9
2013-09-23,irrigation stop,32.833310833333336,102.0750371,0.23452079794306546,0.47489426207483976,2013,9
2013-09-24,control,138.0566579,238.59197445,0.8654374055156369,0.6190470708927058,2013,9
2013-09-24,irrigation stop,33.224101336666664,103.7766832,0.23550770508649277,0.4852219981741946,2013,9
2013-09-25,control,149.1299908,250.1676075,0.9370631208485344,0.6263613463132995,2013,9
2013-09-25,irrigation stop,35.519033476666664,102.59429825999999,0.24537200718041763,0.46070485650089166,2013,9
2013-09-26,control,155.58416195,196.99315389999998,0.9806597405311306,0.2512253162484452,2013,9
2013-09-26,irrigation stop,37.146637644,68.07111681,0.2629211199321698,0.20760588507353317,2013,9
2013-09-27,control,143.3771307,238.59197445,0.9068532794369921,0.582483198064027,2013,9
2013-09-27,irrigation stop,21.158854166666668,89.51822916666667,0.14069017425062036,0.47691653733242473,2013,9
2013-09-28,control,153.3747684,250.7990057,0.9690576108771894,0.5989373288106448,2013,9
2013-09-28,irrigation stop,26.041666666666668,94.2744893,0.17315713753922504,0.4760750610228895,2013,9
2013-09-29,control,170.23259945,258.12322445,1.0721386944997027,0.5391697216260795,2013,9
2013-09-29,irrigation stop,45.572916666666664,104.16666666666667,0.30853655926747514,0.40878560342779263,2013,9
2013-09-30,control,156.23660669999998,220.8496859,0.9902345628238169,0.3949316484576071,2013,9
2013-09-30,irrigation stop,24.4140625,73.68160548333334,0.16233481644302347,0.3422404048811969,2013,9
2013-10-01,control,150.70134945,236.1505682,0.9550187569676163,0.5214972287516457,2013,10
2013-10-01,irrigation stop,25.250714318,83.84446433333333,0.1665618525521299,0.4079031574404201,2013,10
2013-10-02,control,150.70134945,260.5646307,0.9550187569676163,0.6691101509399227,2013,10
2013-10-02,irrigation stop,23.623110151333332,102.44063286666666,0.15662197753694246,0.5483943023823903,2013,10
2013-10-03,control,160.86685995,258.12322445,1.0140473575940907,0.5972610585316913,2013,10
2013-10-03,irrigation stop,50.35729954,118.3616248,0.3418345221634686,0.48128252015568057,2013,10
2013-10-04,control,179.99822445,259.66294500000004,1.133124663812084,0.4911212470260774,2013,10
2013-10-04,irrigation stop,84.53698703333333,130.0455021,0.595344877755637,0.32038161510841,2013,10
2013-10-05,control,148.76596115,193.06477919999998,0.9448555038037241,0.26572501639254253,2013,10
2013-10-05,irrigation stop,60.6034887,94.30261203333333,0.44591235183550515,0.23189948920873663,2013,10
2013-10-06,control,138.4943182,211.7365057,0.8812122958734778,0.44283876656483073,2013,10
2013-10-06,irrigation stop,72.74483716666667,124.62486009999999,0.5335315852279074,0.3598969710494684,2013,10
2013-10-07,control,136.5111694,213.42366715,0.8668569697015467,0.46542279064980585,2013,10
2013-10-07,irrigation stop,79.65417454,133.36511203333333,0.588902635032649,0.37135674060902324,2013,10
2013-10-08,control,139.08489595,215.77127845,0.8843135811226508,0.4592397993297119,2013,10
2013-10-08,irrigation stop,91.20525324333333,141.50313286666668,0.673867368045502,0.3504274120560799,2013,10
2013-10-09,control,144.2505648,176.54131945,0.9131757658763291,0.18522155972015544,2013,10
2013-10-09,irrigation stop,102.44063286666666,131.35299296666668,0.7576153900535185,0.2020445464527263,2013,10
2013-10-10,control,140.93572445,143.3771307,0.894032787655235,0.012820491781757076,2013,10
2013-10-10,irrigation stop,108.95104953333333,121.97188286666666,0.8117109194982409,0.10058182115695131,2013,10
2013-10-11,control,139.88112130000002,184.88103695,0.8815468802211905,0.27236676606173094,2013,10
2013-10-11,irrigation stop,130.1099037,159.4067787,0.976328145115102,0.21200203944638968,2013,10
2013-10-12,control,126.28728695000001,109.19744318,0.7831458293159568,-0.1285594513584849,2013,10
2013-10-12,irrigation stop,120.3442787,112.20625786666666,0.9242981327564708,-0.07572409560083998,2013,10
2013-10-13,control,62.81072443,94.54900568,0.3624770231773221,0.2054824019042543,2013,10
2013-10-13,irrigation stop,84.53698704,105.20486485333333,0.6482767649271705,0.1277205616909128,2013,10
2013-10-14,control,72.11499604,111.63884943,0.4305175728598883,0.2514453001573703,2013,10
2013-10-14,irrigation stop,100.32334131333333,129.99765513333332,0.7427121743762645,0.19692108423995264,2013,10
2013-10-15,control,67.69353693,84.78338068,0.41237801220421894,0.10429944575032915,2013,10
2013-10-15,irrigation stop,102.44063286666666,118.19752493333333,0.7584978361345327,0.09887561104921616,2013,10
2013-10-16,control,36.66183978,79.90056818,0.22031007879839865,0.26587439449995875,2013,10
2013-10-16,irrigation stop,69.64599082,97.55782036666666,0.5201728267442514,0.19008990155230965,2013,10
2013-10-17,control,35.95525568,87.3433018,0.21659961248531773,0.3137562252799009,2013,10
2013-10-17,irrigation stop,67.01651367666666,118.61121423333334,0.49897129161997683,0.3559666811236879,2013,10
2013-10-18,control,43.38470746,86.655915575,0.26531769743074013,0.26491439101146885,2013,10
2013-10-18,irrigation stop,89.41979954,123.59948703333333,0.6646428066697744,0.23509487279975905,2013,10
2013-10-19,control,53.523909705,94.54900568,0.32826542300526507,0.2493980042616644,2013,10
2013-10-19,irrigation stop,107.32344536666666,143.05339946666666,0.7976915910746166,0.24544488883793544,2013,10
2013-10-20,control,67.69353693,96.99041193,0.41237801220421894,0.1781059068444676,2013,10
2013-10-20,irrigation stop,123.63518002,146.23093543333334,0.907699790646368,0.15564049314462,2013,10
2013-10-21,control,33.745362095000004,96.99041193,0.20545496056943863,0.38017695738657137,2013,10
2013-10-21,irrigation stop,100.8130287,149.6599022,0.7503228532813735,0.3358847546737096,2013,10
2013-10-22,control,78.04846688500001,146.99986255,0.476458582971203,0.4154546443387673,2013,10
2013-10-22,irrigation stop,146.38594536666668,201.72448703333333,1.0769421183446244,0.39067074555944603,2013,10
2013-10-23,control,99.43181818,108.788810645,0.598452409737767,0.06288002124643292,2013,10
2013-10-23,irrigation stop,173.32050936666667,178.92748266666666,1.2673922534082318,0.040484803082152646,2013,10
2013-10-24,control,34.460189495,53.073590885,0.18095987761907262,0.11588541491171997,2013,10
2013-10-24,irrigation stop,108.95104953333333,103.88192382,0.8403829782661861,-0.03856668860336307,2013,10
2013-10-25,control,36.6578461,112.264692955,0.19735237445821768,0.4697327583490303,2013,10
2013-10-25,irrigation stop,99.18542454,156.15157036666668,0.7722520444022678,0.39972817445290565,2013,10
2013-10-26,control,58.59375,82.50478273499999,0.34165581041090554,0.1439716642298398,2013,10
2013-10-26,irrigation stop,130.34543173333333,146.38594536666668,0.9957600398495212,0.10136245344954077,2013,10
2013-10-27,control,53.7109375,58.59375,0.30631082466203835,0.03049298465619069,2013,10
2013-10-27,irrigation stop,133.36511203333333,136.33226956666667,1.008229363283041,0.018120606739479676,2013,10
2013-10-28,control,51.26953125,122.0703125,0.29349033288028126,0.43001827478307364,2013,10
2013-10-28,irrigation stop,131.73750786666668,198.4692787,0.99068025053536,0.48043024562019576,2013,10
2013-10-29,control,56.15234375,52.789718212,0.31427931535111886,-0.029192880804806993,2013,10
2013-10-29,irrigation stop,170.80000786666668,138.8209483,1.282501915027312,-0.21372988546512656,2013,10
2013-10-30,control,46.38671875,65.26411481,0.2532933460387375,0.12209091787989368,2013,10
2013-10-30,irrigation stop,131.73750786666668,145.8340364,1.016704971060263,0.09546246429361446,2013,10
2013-10-31,control,46.38671875,58.59375,0.2629973482240906,0.07380646109413846,2013,10
2013-10-31,irrigation stop,133.36511203333333,144.7583412,1.0275272921564644,0.07807080891981955,2013,10
2013-11-01,control,36.62109375,43.35074589,0.20201137891170923,0.040191244594225656,2013,11
2013-11-01,irrigation stop,130.1099037,137.2179288,1.0067650960450754,0.03172043900618186,2013,11
2013-11-02,control,34.1796875,24.4140625,0.18919088712995213,-0.056133968219704844,2013,11
2013-11-02,irrigation stop,130.1099037,108.95104954,0.9865847210906378,-0.1511636422731889,2013,11
2013-11-03,control,11.19153253,38.64156789,0.058769797458383656,0.16271909390533745,2013,11
2013-11-03,irrigation stop,81.40805834,100.8130287,0.6283542316575417,0.12020372946180365,2013,11
2013-11-04,control,26.434536638,33.029230543,0.14768243025510536,0.03318069807807746,2013,11
2013-11-04,irrigation stop,87.79219537333333,95.9302162,0.6614297233060662,0.05058182111623758,2013,11
2013-11-05,control,9.765625,33.935648549999996,0.0512819671270283,0.15069840998356213,2013,11
2013-11-05,irrigation stop,67.57560196,80.74158249666667,0.505695031382945,0.0845936881252078,2013,11
2013-11-06,control,2.44140625,19.53125,0.012820491781757076,0.09459544356497607,2013,11
2013-11-06,irrigation stop,56.867716206666664,65.00573704,0.4210723260520796,0.04969937507593719,2013,11
2013-11-07,control,9.765625,11.80628206,0.0512819671270283,0.015568049299366655,2013,11
2013-11-07,irrigation stop,58.505866403333336,61.21619645333333,0.4301998780083535,0.023273219951191516,2013,11
2013-11-08,control,4.8828125,11.128392715,0.02564098356351415,0.03764925055442101,2013,11
2013-11-08,irrigation stop,56.867716206666664,63.378132873333335,0.4269166716225447,0.03975950006074975,2013,11
2013-11-09,control,0,17.08984375,0,0.09944744465765261,2013,11
2013-11-09,irrigation stop,50.35729954,66.14674514,0.37778304166727333,0.10403631689420674,2013,11
2013-11-10,control,2.889612581,4.8406283745,0.015174145780601797,0.015013482625553501,2013,11
2013-11-10,irrigation stop,57.22589447,54.12926341,0.4264567492411744,-0.02563810088435316,2013,11
2013-11-11,control,0,12.20703125,0,0.06895446000146191,2013,11
2013-11-11,irrigation stop,35.70886204,55.24011204,0.2637315611710781,0.1421062133797293,2013,11
2013-11-12,control,4.8828125,4.622641113,0.02564098356351415,0.002968710680485199,2013,11
2013-11-12,irrigation stop,44.002352886666664,38.007177133333336,0.3235146329970561,-0.03795721450831136,2013,11
2013-11-13,control,0,11.874831263499999,0,0.06654977954555327,2013,11
2013-11-13,irrigation stop,32.58020608333333,47.102091206666664,0.2446246739980881,0.09045090444133029,2013,11
2013-11-14,control,7.32421875,9.765625,0.03846147534527123,0.017672492874433614,2013,11
2013-11-14,irrigation stop,47.102091206666664,45.47448704,0.3350755784394184,-0.016666666666666666,2013,11
2013-11-15,control,4.8828125,7.32421875,0.02564098356351415,0.017672492874433614,2013,11
2013-11-15,irrigation stop,44.145687093333336,44.704437756666664,0.30957340987987203,0.003715263953700214,2013,11
2013-11-16,control,0,4.772079171,0,0.029911493667375902,2013,11
2013-11-16,irrigation stop,34.081257873333335,29.381243248333334,0.23361131120145295,-0.036743553534801236,2013,11
2013-11-17,control,0,4.8828125,0,0.03049298465619069,2013,11
2013-11-17,irrigation stop,18.097621286666666,19.341421435333334,0.11405302906978183,0.013945006404877457,2013,11
2013-11-18,control,0,12.1648471245,0,0.06864910375142652,2013,11
2013-11-18,irrigation stop,12.922403706666666,34.081257873333335,0.08068277672552206,0.15292853447593088,2013,11
2013-11-19,control,24.7717638795,48.785940875,0.1348514707891832,0.13580901187757188,2013,11
2013-11-19,irrigation stop,48.87101826333333,82.90938286666666,0.343332191783506,0.2578409555063107,2013,11
2013-11-20,control,24.3718783745,24.4140625,0.1327515626602119,3.053562500353894e-4,2013,11
2013-11-20,irrigation stop,60.12292454,56.867716206666664,0.4239687084554395,-0.027488987762868233,2013,11
2013-11-21,control,19.53125,20.694074958999998,0.1025639342540566,0.010466838659113175,2013,11
2013-11-21,irrigation stop,55.48781003,54.74179505,0.3823494814435046,-0.005687849591117728,2013,11
2013-11-22,control,12.20703125,12.20703125,0.06410245890878538,0.004852001092676538,2013,11
2013-11-22,irrigation stop,45.660071736666666,44.85578653666666,0.30685571576365994,-0.00567882790056633,2013,11
2013-11-23,control,4.8828125,4.8828125,0.02564098356351415,0.004852001092676538,2013,11
2013-11-23,irrigation stop,34.081257873333335,24.851842709,0.2268845195499737,-0.06264014518740545,2013,11
2013-11-24,control,0,4.126764113,0,0.02652276784686443,2013,11
2013-11-24,irrigation stop,13.166588249999998,11.013572038333333,0.08040913402763396,-0.007584102444915028,2013,11
2013-11-25,control,0,9.5604205955,0,0.05464856472476063,2013,11
2013-11-25,irrigation stop,3.1846283470000003,22.375163113333333,0.019516092326859663,0.13323127517071043,2013,11
2013-11-26,control,13.198358194,7.32421875,0.0712783307466141,-0.027964854308666347,2013,11
2013-11-26,irrigation stop,32.460669243333335,40.98257112666667,0.22955862605453917,0.07739796812842574,2013,11
2013-11-27,control,0,4.4556982314999996,0,0.02825009084481643,2013,11
2013-11-27,irrigation stop,0,0,0,0,2013,11
2013-11-28,control,0,6.418088431,0,0.037862744696317396,2013,11
2013-11-28,irrigation stop,40.59167454,53.61250786666667,0.3017100930335141,0.09297258338374423,2013,11
2013-11-29,control,4.8828125,21.97265625,0.02564098356351415,0.08974344247229953,2013,11
2013-11-29,irrigation stop,48.72969536666667,66.6333412,0.3446826764172583,0.12367465455103441,2013,11
2013-11-30,control,14.6484375,4.8828125,0.07692295069054246,-0.04642996603435177,2013,11
2013-11-30,irrigation stop,51.9849037,42.726191277,0.33765525984171624,-0.07602821508676341,2013,11
2013-12-01,control,12.485898774,39.0625,0.06612108417068145,0.1438587854301083,2013,12
2013-12-01,irrigation stop,53.048176493666666,95.58571251,0.36499868082150005,0.33325037887086734,2013,12
2013-12-02,control,44.38729122,73.2421875,0.2427938053676248,0.18548895791917633,2013,12
2013-12-02,irrigation stop,105.35133751,144.25581771,0.7856779224704231,0.3370617236964458,2013,12
2013-12-03,control,76.02560109,78.125,0.44843092864677614,0.020048821481568686,2013,12
2013-12-03,irrigation stop,147.98519917666667,155.55044658,1.1670022175598616,0.05997411331483511,2013,12
2013-12-04,control,64.193363065,69.82737574000001,0.39077216417649885,0.03413449211158972,2013,12
2013-12-04,irrigation stop,146.04144167666666,146.04144167666666,1.1345270035379171,0,2013,12
2013-12-05,control,62.22685779,70.784973585,0.3801422572013985,0.054613592471390186,2013,12
2013-12-05,irrigation stop,142.78623334333332,147.65146912333333,1.1011936702045837,0.038194437133404716,2013,12
2013-12-06,control,58.61132672,34.526490445,0.36119104656000006,-0.1499043838714075,2013,12
2013-12-06,irrigation stop,145.42140199333335,111.24789484333333,1.1187155234026807,-0.22534682924651206,2013,12
2013-12-07,control,19.44199429,17.00058804,0.10209522811531796,-0.007968490689080537,2013,12
2013-12-07,irrigation stop,11.695548730666667,45.006846876666664,0.07653330382579443,0.2469051900897442,2013,12
2013-12-08,control,41.41465054,85.35996304,0.25144366179986744,0.27928886299839273,2013,12
2013-12-08,irrigation stop,93.11745187666666,148.41429873333334,0.6826255767761592,0.4272470784654513,2013,12
2013-12-09,control,88.606401955,104.89121305,0.5542323698537979,0.10332409471441428,2013,12
2013-12-09,irrigation stop,154.9247154,174.4559654,1.1698125302567979,0.15732468884471604,2013,12
2013-12-10,control,100.00840054,104.89121305,0.6270634798595087,0.03049298470870343,2013,12
2013-12-10,irrigation stop,164.9785348,171.20075706666665,1.2354542612561674,0.04577848729006885,2013,12
2013-12-11,control,101.03645496,104.89121305,0.6339509935210421,0.023605471047170028,2013,12
2013-12-11,irrigation stop,168.44472753333332,169.5731529,1.2576747213520252,0.006891360527544557,2013,12
2013-12-12,control,100.17713703999999,112.2154318,0.628284904845173,0.07258503616098694,2013,12
2013-12-12,irrigation stop,154.1954642,159.8075279,1.1608841149153417,0.03555103305959578,2013,12
2013-12-13,control,117.0982443,136.6294943,0.7313629256623506,0.1219719386247628,2013,12
2013-12-13,irrigation stop,161.5898072,185.30431626666666,1.2079588963554584,0.18719473597441633,2013,12
2013-12-14,control,139.07090055,153.4767793,0.8710073571615471,0.09020521164855946,2013,12
2013-12-14,irrigation stop,190.73200706666665,207.2601632,1.44759879028884,0.13241735322051446,2013,12
2013-12-15,control,146.3951193,151.2779318,0.9191728346921713,0.03049298465619069,2013,12
2013-12-15,irrigation stop,200.49763206666665,200.13555166666666,1.5107678247040213,-0.00825190290639049,2013,12
2013-12-16,control,143.95371305,148.44716334999998,0.9063523429104143,0.02844833727920173,2013,12
2013-12-16,irrigation stop,197.24242373333334,198.8700279,1.477434491370688,0.010822321096201565,2013,12
2013-12-17,control,120.39915210000001,122.8880155,0.7584008972852923,0.010020172421677478,2013,12
2013-12-17,irrigation stop,144.11151796666667,141.41402773333334,1.100010718511684,-0.029704115259993023,2013,12
2013-12-18,control,114.65683805,119.53965055,0.7088384316952405,0.03049298465619069,2013,12
2013-12-18,irrigation stop,91.95398696333334,89.82054872,0.677375562006094,-0.02712272824586116,2013,12
2013-12-19,control,117.0982443,121.9810568,0.7216589234769976,0.030492984656190728,2013,12
2013-12-19,irrigation stop,88.95952196666667,80.05492372,0.6338266820185002,-0.07772950268780233,2013,12
2013-12-20,control,119.75537825,158.60215055,0.7356122603987011,0.2088470244608433,2013,12
2013-12-20,irrigation stop,77.2672561,127.25544456666667,0.49871197821054725,0.3468567997196617,2013,12
2013-12-21,control,163.714887,173.25058805,0.9669126070395297,0.05446962851055704,2013,12
2013-12-21,irrigation stop,135.97275247333334,151.32500336666666,0.909691736450587,0.1159555513867157,2013,12
2013-12-22,control,175.6919943,219.6373068,1.034202727331844,0.2647328597203631,2013,12
2013-12-22,irrigation stop,156.55231956666665,203.72466693,1.0660625011901061,0.3495252930990081,2013,12
2013-12-23,control,225.1567791,246.49277555,1.332771846402511,0.1363011568050831,2013,12
2013-12-23,irrigation stop,210.26325706666668,227.34051773333334,1.4669737466888024,0.13472879295448892,2013,12
2013-12-24,control,273.34824430000003,334.38340055000003,1.639210419362981,0.38844030984139843,2013,12
2013-12-24,irrigation stop,245.03112946666667,285.13304873333334,1.730036900021741,0.30511265602566107,2013,12
2013-12-25,control,346.59043180000003,373.44590055000003,2.106309191391195,0.1749894172480636,2013,12
2013-12-25,irrigation stop,293.38607286666667,320.9403404,2.1007697385506945,0.21889286918022913,2013,12
2013-12-26,control,328.143082,309.07485729999996,1.9948811101842672,-0.11954046616769193,2013,12
2013-12-26,irrigation stop,288.38825706666665,252.7159632,2.097704617233061,-0.23660107056543747,2013,12
2013-12-27,control,273.10568555000003,263.58261930000003,1.6446959442241256,-0.061619493080849415,2013,12
2013-12-27,irrigation stop,213.5184654,203.7528404,1.5675749965369281,-0.07397527947509722,2013,12
2013-12-28,control,239.1685568,239.1685568,1.4257595267696463,0,2013,12
2013-12-28,irrigation stop,189.1044029,189.1044029,1.3813131287276639,0,2013,12
2013-12-29,control,237.0902045,236.72715055,1.4107150554890828,0.002223979498806254,2013,12
2013-12-29,irrigation stop,192.35961123333334,190.73200706666665,1.4011928787580388,-0.009939875015187437,2013,12
2013-12-30,control,226.96152555,222.07871305,1.3568050667681844,-0.03534498574886723,2013,12
2013-12-30,irrigation stop,183.1581989,185.84919456666665,1.3315457255259435,0.015551623787372756,2013,12
2013-12-31,control,190.59299105,184.81043615,1.1318599400730798,-0.03521777801858104,2013,12
2013-12-31,irrigation stop,153.29711123333334,150.0419029,1.1192950132449886,-0.022527088273417258,2013,12
2014-01-01,irrigation stop,140.5680514,130.8024264,0.9346698781398012,-0.0649339265772094,2014,1
2014-01-02,control,102.5390625,126.953125,0.7422447007262117,0.17672492874433612,2014,1
2014-01-03,control,126.953125,126.953125,0.9189696294705478,0,2014,1
2014-01-04,irrigation stop,185.3954916,223.4775228,1.2327380213043242,0.253216339748024,2014,1
2014-01-05,irrigation stop,211.9014073,226.5498448,1.2940944409216983,0.08945887513668693,2014,1
2014-01-06,control,196.3808076,192.71072915000002,1.1768093506398771,-0.01941390584509549,2014,1
2014-01-06,irrigation stop,171.20075706666665,171.77727346666666,1.2146303860247116,0.0029509464144131755,2014,1
2014-01-07,control,190.3404318,206.69205335,1.1402376845784457,0.09557083803054556,2014,1
2014-01-07,irrigation stop,169.5731529,182.59398623333334,1.1970812732770308,0.08712823785399286,2014,1
2014-01-08,control,207.43027555,219.6373068,1.2396851292360982,0.07380646109413846,2014,1
2014-01-08,irrigation stop,182.59398623333334,189.1044029,1.2842095111310237,0.04736873779324311,2014,1
2014-01-09,control,220.7738235,234.2857443,1.3194597502840253,0.0806587929221068,2014,1
2014-01-09,irrigation stop,189.1044029,193.9872154,1.331578248924267,0.03070207112657644,2014,1
2014-01-10,control,227.61537950000002,231.84433805,1.3615380886781165,0.030611963838935094,2014,1
2014-01-10,irrigation stop,189.06221879999998,191.93471346666666,1.325453411398384,0.017565366166846674,2014,1
2014-01-11,control,224.5201193,223.1099967,1.348836576079104,-0.007404939347791808,2014,1
2014-01-11,irrigation stop,187.51898286666668,188.54431042,1.315192074434659,0.004806481923942753,2014,1
2014-01-12,control,220.35167195000002,222.07871305,1.3226571672363927,0.01335891706095415,2014,1
2014-01-12,irrigation stop,186.36243476666667,190.73200706666665,1.3016575698207726,0.03401620854821657,2014,1
2014-01-13,control,219.6373068,231.84433805,1.3183435914229134,0.06895446000146191,2014,1
2014-01-13,irrigation stop,191.048388,203.36263723333334,1.337777469253648,0.07856209971839544,2014,1
2014-01-14,control,231.84433805,229.4029318,1.387298051424375,-0.012820491781757076,2014,1
2014-01-14,irrigation stop,200.49763206666665,195.61481956666665,1.3979603667031562,-0.02981962504556231,2014,1
2014-01-15,control,204.9888693,202.54746305,1.2220126363616646,-0.017672492874433614,2014,1
2014-01-15,irrigation stop,172.82836123333334,169.5731529,1.2102342316559265,-0.027488987762868233,2014,1
2014-01-16,control,201.23400429999998,238.57399015,1.1934701384099282,0.21887756773898925,2014,1
2014-01-16,irrigation stop,169.86492643333332,193.9872154,1.1857330048743915,0.1774297612574658,2014,1
2014-01-17,control,234.2857443,234.154203,1.390414541020779,0.004161241758537961,2014,1
2014-01-17,irrigation stop,193.9872154,193.22602983,1.3631627661318573,-0.007794540236799998,2014,1
2014-01-18,control,217.47537039999997,236.1246576,1.2928643278219234,0.1120588508508979,2014,1
2014-01-18,irrigation stop,184.2215904,199.85821613333334,1.2959142783082394,0.09902358351167449,2014,1
2014-01-19,control,253.91696565,321.99409635,1.5129114565399386,0.4202053965484287,2014,1
2014-01-19,irrigation stop,219.30037640333333,275.06049406666665,1.5204087305692073,0.41302998085692255,2014,1
2014-01-20,control,285.8031073,273.34824430000003,1.714810848517918,-0.07560042915493681,2014,1
2014-01-20,irrigation stop,249.32575706666668,237.9325279,1.7579129650997403,-0.07807080891981955,2014,1
2014-01-21,control,244.0513693,246.184803,1.456252511425837,0.015443186426399334,2014,1
2014-01-21,irrigation stop,209.24380736666666,211.89086123333334,1.4733190442319117,0.022010060264487517,2014,1
2014-01-22,control,241.60996305,234.2857443,1.4434320196440797,-0.04816547753062431,2014,1
2014-01-22,irrigation stop,211.89086123333334,203.7528404,1.4953291044963992,-0.0573086128084306,2014,1
2014-01-23,control,222.07871305,231.84433805,1.3214600810193171,0.06098596931238138,2014,1
2014-01-23,irrigation stop,197.24242373333334,209.904692,1.3897693078137114,0.09156995487182094,2014,1
2014-01-24,control,226.96152555,226.96152555,1.3519530656755079,0,2014,1
2014-01-24,irrigation stop,207.00804873333334,207.00804873333334,1.4637445872888086,0,2014,1
2014-01-25,control,219.6373068,199.45682585,1.3037875881448837,-0.12641944423410437,2014,1
2014-01-25,irrigation stop,203.86941183333334,192.17826780000001,1.4361482641923764,-0.06843441750149522,2014,1
2014-01-26,control,146.3951193,207.43027555,0.8512448193946998,0.3787363076560454,2014,1
2014-01-26,irrigation stop,115.8622154,177.81877283333333,0.7885607900458412,0.4648596864914101,2014,1
2014-01-27,control,212.31308805,217.19590055,1.2556221106142593,0.03049298465619069,2014,1
2014-01-27,irrigation stop,184.78519443333334,187.23072466666667,1.3040001448559813,0.02008147839088006,2014,1
2014-01-28,control,197.66465055,186.88878845,1.154439154460334,-0.06143899946478183,2014,1
2014-01-28,irrigation stop,178.1973412,182.59398623333334,1.261438392998482,0.03093002494941526,2014,1
2014-01-29,control,133.27585634000002,108.93397178500001,0.7659830283293717,-0.1519424521769724,2014,1
2014-01-29,irrigation stop,156.55231956666665,143.68616136,1.1160142730812495,-0.0940360483704337,2014,1
2014-01-30,control,114.65683805,150.35188115,0.6457624174904455,0.2214084391983865,2014,1
2014-01-30,irrigation stop,119.11742373333333,148.22922553333333,0.8250911307065972,0.21723835714040793,2014,1
2014-01-31,control,153.95384787,165.526196315,0.8911942403172795,0.0742738031985561,2014,1
2014-01-31,irrigation stop,151.66950706666665,159.64617056666665,1.0713089495673342,0.050478848449439,2014,1
2014-02-01,control,164.49520012,209.8716818,0.95800501973202,0.2847965991004821,2014,2
2014-02-01,irrigation stop,161.43513206666665,192.35961123333334,1.1403223295529807,0.22282436054259125,2014,2
2014-02-02,control,209.8716818,214.7544943,1.2428016188325022,0.03049298465619069,2014,2
2014-02-02,irrigation stop,181.15621063333333,179.3387779,1.2948297795643833,-0.010319643509296792,2014,2
2014-02-03,control,207.43027555,221.35157099999998,1.2251291259580686,0.07215089596621713,2014,2
2014-02-03,irrigation stop,173.7810194,187.47679873333334,1.2468966178885101,0.09933436138007763,2014,2
2014-02-04,control,222.07871305,236.53225945,1.302052076648611,0.09492020599970236,2014,2
2014-02-04,irrigation stop,190.73200706666665,198.8700279,1.3728375209504418,0.0649178505409239,2014,2
2014-02-05,control,229.4029318,283.11386930000003,1.3550695552719119,0.3354228312180976,2014,2
2014-02-05,irrigation stop,190.73200706666665,237.9325279,1.373719967031456,0.33744158615945236,2014,2
2014-02-06,control,256.25840055000003,245.23252480000002,1.5252069714272989,-0.0701084872871652,2014,2
2014-02-06,irrigation stop,220.02888206666665,208.6356529,1.5898014598862824,-0.08479760057129877,2014,2
2014-02-07,control,251.9978039,268.46543180000003,1.4979814123343074,0.10103202018713005,2014,2
2014-02-07,irrigation stop,212.17560406666666,233.0497154,1.5219550303882268,0.14913032178158347,2014,2
2014-02-08,control,241.60996305,244.0513693,1.4337280174587268,0.017672492874433614,2014,2
2014-02-08,irrigation stop,194.3765776,184.92465913333334,1.4078773686130512,-0.06642621193222623,2014,2
2014-02-09,control,239.1685568,248.9341818,1.4209075256769699,0.06098596931238138,2014,2
2014-02-09,irrigation stop,182.59398623333334,190.63729733333332,1.3263351532019272,0.06433945259175729,2014,2
2014-02-10,control,244.27283595,300.20371305000003,1.4530036305816032,0.35149220384408847,2014,2
2014-02-10,irrigation stop,189.1044029,254.20856956666668,1.3754687831571986,0.45791923338306406,2014,2
2014-02-11,control,285.55527555000003,295.32090055000003,1.7130168804571198,0.06098596931238138,2014,2
2014-02-11,irrigation stop,248.71408723333334,254.20856956666668,1.7963031032819157,0.047891158318263315,2014,2
2014-02-13,control,292.87949430000003,285.55527555000003,1.761182357987744,-0.043313476437947765,2014,2
2014-02-13,irrigation stop,253.4070712,250.95336123333334,1.8388649113442672,-0.0163152919364915,2014,2
2014-02-14,control,252.5059144,248.31263715,1.505564112683866,-0.023317762697768436,2014,2
2014-02-14,irrigation stop,214.10609503333333,207.00804873333334,1.5668276639937135,-0.04662140525002859,2014,2
2014-02-15,control,226.96152555,282.1014503,1.3471010645828314,0.3477788350939491,2014,2
2014-02-15,irrigation stop,190.94644303333334,225.38232383333334,1.4003935503497127,0.2447813853666982,2014,2
2014-02-16,control,268.5760457,261.14121305000003,1.604666129262191,-0.04411417208602493,2014,2
2014-02-16,irrigation stop,230.52921393333332,223.2840904,1.6821155606020948,-0.05313642181201392,2014,2
2014-02-17,control,223.24428765,215.82787115,1.3104892668184651,-0.046114071270932915,2014,2
2014-02-17,irrigation stop,189.60709706666665,179.602239,1.3914226164837815,-0.077307472158778,2014,2
2014-02-18,control,205.430848,217.09410215,1.1952215808112243,0.06104462460132822,2014,2
2014-02-18,irrigation stop,172.82836123333334,183.5495474,1.2716578026002536,0.06599299996748847,2014,2
2014-02-19,control,210.1084561,222.12603385,1.2149329788678414,0.0678967788229575,2014,2
2014-02-19,irrigation stop,182.59398623333334,190.73200706666665,1.3312970526913783,0.05730861280843055,2014,2
2014-02-20,control,212.44989095,239.16328945,1.2272284934926379,0.16452889710896457,2014,2
2014-02-20,irrigation stop,189.1044029,202.12523623333334,1.3786657904846213,0.08889313001602112,2014,2
2014-02-21,control,232.14820405,242.76752635,1.3506816232401857,0.06971707125307568,2014,2
2014-02-21,irrigation stop,202.12523623333334,216.77367373333334,1.4675589205006425,0.09971545111222269,2014,2
2014-02-22,control,217.19590055,248.9341818,1.2667070908997438,0.19092639862622468,2014,2
2014-02-22,irrigation stop,195.61481956666665,221.65648623333334,1.4201901827073995,0.17778626003204223,2014,2
2014-02-23,control,236.72715055,237.6604743,1.3886790295245066,0.004901138213516776,2014,2
2014-02-23,irrigation stop,213.5184654,215.14606956666665,1.545629729420462,0.016666666666666666,2014,2
2014-02-24,control,220.375529,253.8169943,1.2848713170842652,0.20810715819057057,2014,2
2014-02-24,irrigation stop,204.0554868,219.89587353333334,1.4860738666516002,0.10463782955246848,2014,2
2014-02-25,control,252.34899355,279.6178599,1.4872041282150743,0.16552175261766716,2014,2
2014-02-25,irrigation stop,231.18792356666668,247.3606799,1.6772483159195897,0.1090245564812879,2014,2
2014-02-26,control,283.11386930000003,323.67593995,1.6759363832119798,0.25181853276598815,2014,2
2014-02-26,irrigation stop,254.20856956666668,286.61300846666666,1.8357025777866713,0.23762685873017914,2014,2
2014-02-27,control,273.34824430000003,285.55527555000003,1.619802414992275,0.07865846218681499,2014,2
2014-02-27,irrigation stop,251.94585993333334,257.7105975333333,1.8335727672233109,0.03126378529054789,2014,2
2014-02-28,control,258.9763415,302.64511930000003,1.5351772008746396,0.27243512314745605,2014,2
2014-02-28,irrigation stop,239.56013206666668,271.5080112666667,1.742713918325928,0.226251272279127,2014,2
2014-03-01,control,275.78965055000003,268.46543180000003,1.6374749078667086,-0.03846147534527123,2014,3
2014-03-01,irrigation stop,255.83617373333334,246.07054873333334,1.8640579355942684,-0.06813093390463211,2014,3
2014-03-02,control,256.25840055000003,297.5068414,1.5252069714272989,0.25976714471906615,2014,3
2014-03-02,irrigation stop,237.9325279,268.85700706666665,1.7377359428001915,0.22194191446157713,2014,3
2014-03-03,control,276.38507265,282.635059,1.6514889640709411,0.040389481858258955,2014,3
2014-03-03,irrigation stop,259.09138206666665,258.7156460333333,1.8973912689276016,-0.0038475369813332993,2014,3
2014-03-04,control,261.14121305000003,299.8745051,1.5605519571761661,0.2415608551078472,2014,3
2014-03-04,irrigation stop,243.6660536,268.85700706666665,1.782993662665233,0.17580174851552144,2014,3
2014-03-05,control,281.96435185,327.05918180000003,1.6941599582284792,0.27562129125992296,2014,3
2014-03-05,irrigation stop,262.3465904,290.14965973333335,1.9172710189579765,0.19100932560721137,2014,3
2014-03-06,control,307.52793180000003,339.26621305000003,1.8526613119563158,0.1957783997189012,2014,3
2014-03-06,irrigation stop,283.50544456666665,299.00029643333335,2.0769263450853863,0.1016559425754101,2014,3
2014-03-07,control,312.41074430000003,353.21333945000003,1.8831542966125066,0.25308159268301816,2014,3
2014-03-07,irrigation stop,285.7960168,302.79908186666665,2.10038180475472,0.10559812000436282,2014,3
2014-03-08,control,329.50058805000003,370.45728255,1.9923057434555123,0.25389081050584017,2014,3
2014-03-08,irrigation stop,298.1608976,316.0575279,2.1883771352618795,0.12043099930027179,2014,3
2014-03-09,control,348.15314225,392.97715055000003,2.1127691091126963,0.2759454348732948,2014,3
2014-03-09,irrigation stop,311.1747154,332.2574585666667,2.290677200657519,0.14573692844097022,2014,3
2014-03-10,control,364.54844805,409.21276575,2.2168930366838078,0.27648716645417426,2014,3
2014-03-10,irrigation stop,325.8231529,345.3544029,2.4020813429106718,0.13714431389027834,2014,3
2014-03-11,control,378.32871305000003,422.27402555000003,2.3069395922027724,0.2744368619057162,2014,3
2014-03-11,irrigation stop,337.30758403333334,360.68833243333336,2.5000565039289753,0.16148642721169842,2014,3
2014-03-12,control,383.52063065000004,439.36386930000003,2.344522082536221,0.346005818415273,2014,3
2014-03-12,irrigation stop,346.98200706666665,369.7684654,2.5801521518304913,0.15206216443120224,2014,3
2014-03-13,control,406.60569325,458.89511930000003,2.4922188376885783,0.3251330029803552,2014,3
2014-03-13,irrigation stop,360.0028404,385.02725446666665,2.682498865149471,0.17190475545563547,2014,3
2014-03-14,control,420.3019177,478.4263693,2.581657052821326,0.36251872756504694,2014,3
2014-03-14,irrigation stop,373.02367373333334,397.43773623333334,2.7839631323874365,0.1687288310978689,2014,3
2014-03-15,control,432.09740425,494.73819015000004,2.6620737082620902,0.3962249766548308,2014,3
2014-03-15,irrigation stop,379.5376057666667,416.96898623333334,2.8439263818984726,0.25848103269905515,2014,3
2014-03-16,control,442.81551260000003,515.04746305,2.7329134291791473,0.4520897388603469,2014,3
2014-03-16,irrigation stop,379.5340904,426.73461123333334,2.844785453483638,0.3383240322404665,2014,3
2014-03-17,control,454.53847195000003,531.979287,2.814927588460481,0.48293517700250777,2014,3
2014-03-17,irrigation stop,391.14175553333337,431.2160604,2.944350015575548,0.2788632789783921,2014,3
2014-03-18,control,486.0426097,560.2029553499999,3.013863105704302,0.4640409981645407,2014,3
2014-03-18,irrigation stop,409.69222463333335,445.7502194,3.0907490619232494,0.2502492858427027,2014,3
2014-03-19,control,500.39902555,576.0826193,3.112932218441628,0.47506726271729394,2014,3
2014-03-19,irrigation stop,407.3997962,456.9337658,3.086643115633904,0.3527516586314986,2014,3
2014-03-20,control,512.6060568,594.4327138,3.19644268172112,0.5121781686568959,2014,3
2014-03-20,irrigation stop,421.85179873333334,468.2437905,3.19684761791484,0.3318095867598281,2014,3
2014-03-21,control,544.59571735,614.6768323,3.3988927300772342,0.44029552743406875,2014,3
2014-03-21,irrigation stop,426.73461123333334,472.3075279,3.236041372854924,0.33511094887675824,2014,3
2014-03-22,control,556.5513693,587.4933120000001,3.4854355469048652,0.19644860933964595,2014,3
2014-03-22,irrigation stop,428.4571296666667,451.13464266666665,3.260014478219414,0.15723356710864386,2014,3
2014-03-23,control,495.51621305000003,532.1373068,3.111551240341497,0.23112338546776828,2014,3
2014-03-23,irrigation stop,329.07836123333334,373.02367373333334,2.5690680631925757,0.30499069890713315,2014,3
2014-03-24,control,502.84043180000003,552.3097737,3.1597167178721213,0.3124993249601933,2014,3
2014-03-24,irrigation stop,355.1200279,397.43773623333334,2.7342831860026737,0.28744158615945237,2014,3
2014-03-25,control,506.62882079999997,561.4341818,3.1796105843847506,0.34602194936165886,2014,3
2014-03-25,irrigation stop,366.51325706666665,408.3193523333333,2.8065096493520283,0.29192637260154486,2014,3
2014-03-26,control,524.81308805,571.1998068,3.294509148278641,0.29210935478014965,2014,3
2014-03-26,irrigation stop,383.08855189999997,418.5965904,2.924832017280719,0.25158618151936607,2014,3
2014-03-27,control,523.51346015,580.9654318,3.2876844468135356,0.35992002555763647,2014,3
2014-03-27,irrigation stop,382.78929873333334,416.7447618333333,2.9228917671309174,0.22955939469407843,2014,3
2014-03-28,control,537.5877679,598.98983535,3.381845676822902,0.37801271831029765,2014,3
2014-03-28,irrigation stop,390.92731956666665,423.46302153333335,2.981082826020362,0.21921061027865707,2014,3
2014-03-29,control,566.35374665,629.6933695,3.5611705161344616,0.40034258387611127,2014,3
2014-03-29,irrigation stop,400.69294456666665,439.75544456666665,3.050096206006008,0.2742886277805567,2014,3
2014-03-30,control,583.85836695,644.4419943,3.6733974274015937,0.38031984768540994,2014,3
2014-03-30,irrigation stop,407.20336123333334,438.1278404,3.105074181531745,0.2035264316691677,2014,3
2014-03-31,control,595.8769518500001,662.5105052,3.7550209480234873,0.422691024897211,2014,3
2014-03-31,irrigation stop,404.15907353333336,439.7203669,3.080627467135224,0.23944467362620447,2014,3
2014-04-01,control,598.5140279,668.8560568,3.778572957613136,0.4421652440328514,2014,4
2014-04-01,irrigation stop,394.3488036333333,431.61742373333334,2.999677999217396,0.2507476311303573,2014,4
2014-04-02,control,602.93808805,677.76929425,3.8115089093337513,0.46573914152799395,2014,4
2014-04-02,irrigation stop,384.4169029,425.10700706666665,2.918828389758766,0.27253981165481395,2014,4
2014-04-03,control,620.5277887,659.0904318,3.9242786468661848,0.24032558656009748,2014,4
2014-04-03,irrigation stop,363.6939513666667,382.9428647666667,2.746103669885294,0.1257079351403243,2014,4
2014-04-04,control,634.8132705999999,714.2035994,4.017982292255094,0.49704703071611483,2014,4
2014-04-04,irrigation stop,350.2372154,408.8309654,2.629369514622079,0.41727728724130014,2014,4
2014-04-05,control,620.0279318,678.6216818,3.9352163594547864,0.36106381478161176,2014,4
2014-04-05,irrigation stop,324.19554873333334,361.63044456666665,2.415634735086232,0.2508951694624108,2014,4
2014-04-06,control,605.3794943,690.82871305,3.848589406578891,0.5263492298443222,2014,4
2014-04-06,irrigation stop,288.72712179999996,346.98200706666665,2.123785413212128,0.39450938349854336,2014,4
2014-04-07,control,605.67414675,693.7377762,3.8501367071617825,0.5437682484747105,2014,4
2014-04-07,irrigation stop,275.7146927333333,330.7059654,2.004874168953434,0.37454357377750175,2014,4
2014-04-08,control,620.0279318,642.9246472,3.944920361640139,0.14934891985753485,2014,4
2014-04-08,irrigation stop,257.46377789999997,224.91169456666665,1.8516187593174966,-0.23474601980755344,2014,4
2014-04-09,control,588.85105475,666.41465055,3.752536530612878,0.4796411847147349,2014,4
2014-04-09,irrigation stop,185.84919455333335,240.89533115666666,1.309832599471577,0.36573125053934086,2014,4
2014-04-10,control,600.4966818,669.6930966499999,3.8229484230153767,0.4300370502770361,2014,4
2014-04-10,irrigation stop,188.62235568333332,229.79450706666665,1.3032989511125346,0.2720460435197416,2014,4
2014-04-11,control,603.42742165,678.6216818,3.8441630320612674,0.4666731454531604,2014,4
2014-04-11,irrigation stop,180.96638205333335,228.1669029,1.2279635333762091,0.31990854952948444,2014,4
2014-04-12,control,612.70371305,666.41465055,3.906458886294868,0.3354228312180976,2014,4
2014-04-12,irrigation stop,169.57315288666666,210.26325706666665,1.13147724166398,0.27926660338772064,2014,4
2014-04-13,control,605.3794943,688.3873068,3.867997410949597,0.5135287380625652,2014,4
2014-04-13,irrigation stop,153.51833897,228.02628916666666,1.012366721444651,0.537217726076077,2014,4
2014-04-14,control,610.2623068,698.1529318,3.898490395605788,0.5488737238114324,2014,4
2014-04-14,irrigation stop,151.66950705333335,224.84495106666668,1.0010757954614664,0.5233119235800916,2014,4
2014-04-15,control,622.9587284,710.35996305,3.9806389873938457,0.5453835942101897,2014,4
2014-04-15,irrigation stop,148.70575750333333,224.89853333333332,0.9847408936400162,0.5525451926985897,2014,4
2014-04-16,control,640.3290420999999,707.36489015,4.091873056268426,0.4221732338444549,2014,4
2014-04-16,irrigation stop,156.09884020666667,215.1180074,1.0375001251812483,0.41314854357817504,2014,4
2014-04-17,control,632.8242680000001,700.02668595,4.0509334307186835,0.420826287365948,2014,4
2014-04-17,irrigation stop,146.95033475666668,207.00804872,0.974020422988716,0.4262178018457039,2014,4
2014-04-18,control,634.70790525,651.76621305,4.065739599966411,0.10892316904136448,2014,4
2014-04-18,irrigation stop,143.53148622066666,172.59684856,0.9531413125516289,0.20202211207142495,2014,4
2014-04-19,control,598.05527555,583.40683805,3.8440919388823556,-0.09633095506124861,2014,4
2014-04-19,irrigation stop,134.74664213333332,131.25531987666668,0.8959619652414849,-0.018218103196871362,2014,4
2014-04-20,control,497.95761930000003,582.6475238,3.182595745235372,0.5354088206868628,2014,4
2014-04-20,irrigation stop,118.47060046666667,172.72641625333333,0.7877387542794693,0.3825765463264517,2014,4
2014-04-21,control,507.72324430000003,573.64121305,3.2435817145477537,0.40922929231223604,2014,4
2014-04-21,irrigation stop,132.39487715,178.56540225666666,0.8745400285937236,0.32105008434792054,2014,4
2014-04-22,control,461.33652555000003,558.5480097,2.951472359767604,0.6017881863405474,2014,4
2014-04-22,irrigation stop,113.58778796666667,183.31814703666666,0.7552717909908645,0.49289845595545795,2014,4
2014-04-23,control,477.07938655,571.1998068,3.050873465776773,0.5842650482087836,2014,4
2014-04-23,irrigation stop,123.12257206,184.94575120333334,0.8161486202400826,0.4369996022319764,2014,4
2014-04-24,control,480.86777555000003,575.95050855,3.0782962994850434,0.5866414494849082,2014,4
2014-04-24,irrigation stop,118.97680997,191.09077666666667,0.7908302056886521,0.5083377349443388,2014,4
2014-04-25,control,490.63340055000003,576.0826193,3.1441342698901007,0.5312012309369988,2014,4
2014-04-25,irrigation stop,120.39327713566666,198.0525741,0.800363100618466,0.5663225977591471,2014,4
2014-04-26,control,470.71804995,568.4374398,3.0277579363532707,0.6025786353761113,2014,4
2014-04-26,irrigation stop,115.21539213333334,202.96784643333334,0.7660941120870661,0.632514963450232,2014,4
2014-04-27,control,377.87094935,374.6501344,2.403552125563545,-0.04075646946514861,2014,4
2014-04-27,irrigation stop,101.35139726666667,110.28688016433334,0.6739091649137986,0.06244702864952558,2014,4
2014-04-28,control,335.7002324,312.41074430000003,2.124518837801203,-0.14432451933516588,2014,4
2014-04-28,irrigation stop,94.05653796666667,89.08741014,0.6254039378364459,-0.030215307847270285,2014,4
2014-04-29,control,236.72715055,296.3784925,1.4760150491926844,0.3541633527312795,2014,4
2014-04-29,irrigation stop,72.8976838,100.56695463333334,0.48471376358582546,0.18541157380082107,2014,4
2014-04-30,control,248.3739807,307.52793180000003,1.538336454715164,0.37740087144594714,2014,4
2014-04-30,irrigation stop,81.03570463333334,113.58778796666667,0.5388253690668333,0.22603744390629946,2014,4
2014-05-01,control,266.02402555000003,349.03183805000003,1.6638249582225049,0.5135287380625652,2014,5
2014-05-01,irrigation stop,89.51822915666666,147.76747546666667,0.5915110946564477,0.4017197995056786,2014,5
2014-05-02,control,247.38199465000002,270.27154740000003,1.5482897681759686,0.1414295260815403,2014,5
2014-05-02,irrigation stop,80.52098469733333,92.4289338,0.534799497860444,0.08297912620722295,2014,5
2014-05-03,control,224.5201193,321.49257295,1.4070605891912225,0.596564889331571,2014,5
2014-05-03,irrigation stop,72.9925981,142.88466296666667,0.4853448709842078,0.4879901971112582,2014,5
2014-05-04,control,242.9464225,323.67593995,1.5210342012574174,0.5037607365740813,2014,5
2014-05-04,irrigation stop,99.65804802666666,147.76747546666667,0.6748213861217186,0.3292157531003237,2014,5
2014-05-05,control,245.09015334999998,339.16075275000003,1.5393394679938897,0.5811168695459185,2014,5
2014-05-05,irrigation stop,102.1945588,156.02981993333333,0.6949509108701869,0.36869564830518886,2014,5
2014-05-06,control,266.1292586,338.29280755,1.6742907059495022,0.4515214058587437,2014,5
2014-05-06,irrigation stop,110.33257963333334,160.62322224666667,0.7472976241891665,0.3583789526787098,2014,5
2014-05-07,control,236.72715055,262.70621705,1.500275054656067,0.16553518830263278,2014,5
2014-05-07,irrigation stop,79.40810046666667,113.58778796666667,0.5262381558086034,0.2593547012033473,2014,5
2014-05-08,control,183.4204889,289.33075475,1.1718271875616808,0.6558550967083372,2014,5
2014-05-08,irrigation stop,63.1320588,149.39507963333332,0.4197798370086161,0.6175745595104741,2014,5
2014-05-09,control,212.31308805,297.76230680000003,1.3575141335604666,0.5263492298443222,2014,5
2014-05-09,irrigation stop,76.15289213333334,142.49445980666667,0.5095554131056513,0.4773170113428099,2014,5
2014-05-10,control,194.50239805,270.90683805000003,1.2498580598880475,0.47357188954670737,2014,5
2014-05-10,irrigation stop,68.0148713,136.3742463,0.4522468002972208,0.49125256671639733,2014,5
2014-05-11,control,188.6935349,257.97896055,1.2205043900194195,0.42533373755871207,2014,5
2014-05-11,irrigation stop,66.38726713333334,151.0226838,0.4414244792010192,0.6242852751256679,2014,5
2014-05-12,control,161.0435568,236.72715055,1.0494677974021556,0.47021526162461746,2014,5
2014-05-12,irrigation stop,61.785682135,141.2570588,0.4106749889163851,0.5792945937731765,2014,5
2014-05-13,control,168.82444145,224.5201193,1.1009389209569707,0.34493767697566396,2014,5
2014-05-13,irrigation stop,69.64247546666667,132.28795084666666,0.4729929203723243,0.4531519554365776,2014,5
2014-05-14,control,175.6919943,224.5201193,1.1457987524634043,0.30007784546923033,2014,5
2014-05-14,irrigation stop,72.8976838,129.86382963333332,0.4937551164837133,0.40469007398307033,2014,5
2014-05-15,control,180.5748068,258.49986405,1.1762917371195951,0.4771337982623405,2014,5
2014-05-15,irrigation stop,73.458926616,157.53310046666667,0.49365789734908816,0.6135762492003769,2014,5
2014-05-16,control,185.4576193,268.46543180000003,1.2019327206831092,0.5183807391552417,2014,5
2014-05-16,irrigation stop,85.91851713333334,164.04351713333332,0.601946175373158,0.5593835006210295,2014,5
2014-05-17,control,195.2232443,278.23105680000003,1.2629186899954905,0.5183807391552417,2014,5
2014-05-17,irrigation stop,92.4289338,157.38226646666666,0.6560417048178803,0.45018951115813494,2014,5
2014-05-18,control,197.66465055,278.23105680000003,1.2854431839626006,0.5007082462808081,2014,5
2014-05-18,irrigation stop,85.91851713333334,154.02127203666666,0.601946175373158,0.48189798527505145,2014,5
2014-05-19,control,215.5226954,300.20371305000003,1.4001553720652316,0.53049249077005,2014,5
2014-05-19,irrigation stop,79.40810046666667,181.7577435,0.5420063003579705,0.7621211958840365,2014,5
2014-05-20,control,226.96152555,310.679661,1.478105094085098,0.5212742873034558,2014,5
2014-05-20,irrigation stop,92.4289338,180.3195588,0.649314913166401,0.6333587800961267,2014,5
2014-05-21,control,232.6072775,316.681887,1.5189727338346048,0.5261029125464859,2014,5
2014-05-21,irrigation stop,92.6569387,180.3195588,0.6508309711182315,0.6385695137957755,2014,5
2014-05-22,control,231.84433805,312.36602025,1.5183020809266417,0.5003845043984643,2014,5
2014-05-22,irrigation stop,77.98034854333333,163.59101511333333,0.5330796443698576,0.6361875481614742,2014,5
2014-05-23,control,161.0435568,219.6373068,1.0640238006801852,0.3513598125962587,2014,5
2014-05-23,irrigation stop,61.50445463333333,123.35341296666667,0.4089575159124145,0.4277829073771534,2014,5
2014-05-24,control,139.83910164,216.96964954999999,0.9138573998786983,0.47736396693232275,2014,5
2014-05-24,irrigation stop,61.50445463333333,129.66872806666666,0.4045452855073438,0.48333427824545155,2014,5
2014-05-25,control,136.62949429,231.78645985,0.8921508729760128,0.5870312649551597,2014,5
2014-05-25,irrigation stop,71.27007963333334,151.0226838,0.47852056498244105,0.5769326133687103,2014,5
2014-05-26,control,131.77304689,163.48496305,0.8618487361321778,0.20043955305173486,2014,5
2014-05-26,irrigation stop,68.0148713,110.33257963333334,0.44430478556809355,0.3000127233813967,2014,5
2014-05-27,control,104.89121304,146.3951193,0.7012244743497883,0.2567643690837953,2014,5
2014-05-27,irrigation stop,53.871552333333334,101.87077872,0.3546747774743906,0.3546166029101817,2014,5
2014-05-28,control,83.891962295,171.68787755,0.57154366241199706,0.538672374858238,2014,5
2014-05-28,irrigation stop,38.7179963,129.86382963333332,0.25744502056559254,0.655885868369544,2014,5
2014-05-29,control,88.21177809,187.8411474,0.5950438344315231,0.6144384170918251,2014,5
2014-05-29,irrigation stop,48.4836213,142.33626933333332,0.3255759544702247,0.6791433376626111,2014,5
2014-05-30,control,100.376716135,190.3404318,0.6726656155928782,0.5549080886537452,2014,5
2014-05-30,irrigation stop,62.27481818666667,149.39507963333332,0.43107017794322944,0.6310937160231156,2014,5
2014-05-31,control,102.44980679,202.54746305,0.6884039825680313,0.6129761827727305,2014,5
2014-05-31,irrigation stop,66.38726713333334,149.39507963333332,0.46270419232421756,0.5985772555611134,2014,5
2014-06-01,control,117.09824429,211.8983115,0.7798829365366033,0.585157094131235,2014,6
2014-06-01,irrigation stop,75.76352993333333,159.16070463333332,0.5273637197375453,0.6078930076228829,2014,6
2014-06-02,control,124.42246304,225.69094425,0.8280484140672275,0.6263033794974671,2014,6
2014-06-02,irrigation stop,77.8015429,168.27074256666668,0.5458768445035078,0.6633687424208301,2014,6
2014-06-03,control,126.86386929,217.19590055,0.8457209069416611,0.5568422145530257,2014,6
2014-06-03,irrigation stop,79.40810046666667,160.6269515,0.5556767757486755,0.5942912697389453,2014,6
2014-06-04,control,124.42246304,165.9263693,0.832900415159904,0.2519123679911188,2014,6
2014-06-04,irrigation stop,72.93626926666667,126.43128794333333,0.5009553640229498,0.38538520482346034,2014,6
2014-06-05,control,68.27011929,182.58909875,0.4798050910673729,0.7022122427645132,2014,6
2014-06-05,irrigation stop,37.348491186666664,139.62945463333332,0.2437866952703211,0.7467164804673353,2014,6
2014-06-06,control,102.44980679,199.3183381,0.6932559836607077,0.5911671636156735,2014,6
2014-06-06,irrigation stop,71.6524263,141.2570588,0.4982631371841529,0.5089067052201702,2014,6
2014-06-07,control,118.689775045,211.70929940000002,0.7932020621603687,0.5659934131953948,2014,6
2014-06-07,irrigation stop,84.29091296666667,138.00185046666667,0.597185091935168,0.3824957627062869,2014,6
2014-06-08,control,132.775591765,226.96152555,0.8830762276269176,0.5707688609947975,2014,6
2014-06-08,irrigation stop,92.58519784666666,140.55047473333332,0.6552114025004511,0.33962237034247705,2014,6
2014-06-09,control,149.057514895,239.1685568,0.9913778150625998,0.5459777368386068,2014,6
2014-06-09,irrigation stop,103.82216296666667,171.54616283333334,0.7433707587233342,0.5024476405305828,2014,6
2014-06-10,control,156.67527724,239.6582072,1.0421073425881413,0.5039367832720549,2014,6
2014-06-10,irrigation stop,116.8429963,181.25262496666667,0.8439525798802855,0.47454246913926357,2014,6
2014-06-11,control,158.60215054,257.98623325,1.0609073110312686,0.603177054579433,2014,6
2014-06-11,irrigation stop,124.98101713333334,190.18822636666667,0.9129498838296463,0.47011341132228057,2014,6
2014-06-12,control,170.80918179,268.33915215,1.1395657732180835,0.5895375942280339,2014,6
2014-06-12,irrigation stop,137.35151186666667,204.11140546666667,1.0100898974839727,0.4920936123252347,2014,6
2014-06-13,control,168.36777554,262.17098525,1.1267452814363264,0.5736765503247683,2014,6
2014-06-13,irrigation stop,137.7313133,220.2398027,1.0177428823094183,0.6111923642316411,2014,6
2014-06-14,control,124.42246304,201.70033715,0.8523084195306102,0.4785872637251268,2014,6
2014-06-14,irrigation stop,112.9292623,181.94716296666667,0.8291476803940528,0.4987488533941995,2014,6
2014-06-15,control,126.86386929,234.2857443,0.8651289113123672,0.6611416603033549,2014,6
2014-06-15,irrigation stop,113.58778796666667,212.87164213333332,0.8205430455258541,0.7301778488049895,2014,6
2014-06-16,control,126.86386929,241.60996305,0.8651289113123672,0.6996031356486261,2014,6
2014-06-16,irrigation stop,120.5471989,199.8508088,0.8641704596479389,0.5859686135259534,2014,6
2014-06-17,control,158.60215054,240.6628658,1.0609073110312686,0.5066730296880102,2014,6
2014-06-17,irrigation stop,134.05864346666667,207.98882963333332,0.9685209005031372,0.5438886849686365,2014,6
2014-06-18,control,134.18808804,236.72715055,0.9132943888429916,0.6306486756471641,2014,6
2014-06-18,irrigation stop,112.74762080000001,204.7336213,0.8015029940641332,0.6775732580743072,2014,6
2014-06-19,control,126.86386929,226.10662025,0.8651289113123672,0.6070078890947037,2014,6
2014-06-19,irrigation stop,110.33257963333334,183.15338093333332,0.7670293372380831,0.5372470210776079,2014,6
2014-06-20,control,126.86386929,234.2857443,0.8651289113123672,0.6562896592106783,2014,6
2014-06-20,irrigation stop,105.44976713333334,178.6497705,0.7296004744600274,0.5337184849805767,2014,6
2014-06-21,control,148.83652554,248.9341818,0.9999213417188871,0.6129761827727305,2014,6
2014-06-21,irrigation stop,118.47060046666667,168.92632963333332,0.8243379500465137,0.357654113186461,2014,6
2014-06-22,control,165.92636929,258.5472189,1.1090727885618927,0.5688614255491923,2014,6
2014-06-22,irrigation stop,120.31919399333333,190.0851838,0.8306964105376359,0.5159128783121998,2014,6
2014-06-23,control,124.43298634,195.2232443,0.8572156813490127,0.4299630141098604,2014,6
2014-06-23,irrigation stop,98.93935047666666,163.88181133333333,0.667895707349304,0.46718826239701516,2014,6
2014-06-24,control,74.4668326,136.71875,0.5390395672597056,0.37298801622575206,2014,6
2014-06-24,irrigation stop,58.24924631,97.11488703333333,0.3661341678421646,0.28653997981958396,2014,6
2014-06-25,control,53.7109375,195.3125,0.3887948432375395,0.8600365495661473,2014,6
2014-06-25,irrigation stop,26.385697356666668,162.2238791,0.16624691127865124,0.9991614995427957,2014,6
2014-06-26,control,109.86328125,235.77683969999998,0.7321861651447177,0.7728025495762382,2014,6
2014-06-26,irrigation stop,94.05653797666666,210.58737783333333,0.677554386131603,0.8592163708693792,2014,6
2014-06-27,control,136.71875,253.79587425,0.897471580207428,0.7213286578003777,2014,6
2014-06-27,irrigation stop,135.7255465,218.2064723,0.9969828436406865,0.6026151423048032,2014,6
2014-06-28,control,139.5130672,219.7265625,0.9176986730175276,0.49330164525246556,2014,6
2014-06-28,irrigation stop,136.3742463,193.23844716666667,1.0009444917283679,0.4102446126026426,2014,6
2014-06-29,control,121.52191887000001,166.015625,0.8079648624310442,0.27731662680620456,2014,6
2014-06-29,irrigation stop,117.78058057666667,146.1398713,0.8511105777424429,0.18874312003823138,2014,6
2014-06-30,control,95.21484375,226.8297919,0.6455592122688221,0.8075941069363095,2014,6
2014-06-30,irrigation stop,84.72681561,204.7336213,0.5910227143827891,0.8813267461041722,2014,6
2014-07-01,control,136.71875,236.81640625,0.897471580207428,0.6178281838128943,2014,7
2014-07-01,irrigation stop,138.00185046666667,212.87164213333332,0.9915864378701316,0.5524076648092328,2014,7
2014-07-02,control,102.8547616,83.0078125,0.69115792496977,-0.11940517379508635,2014,7
2014-07-02,irrigation stop,108.24136992999999,79.40810047666666,0.7693812020936165,-0.22517622533163234,2014,7
2014-07-03,control,48.828125,195.3125,0.35344985748867225,0.8905295342223379,2014,7
2014-07-03,irrigation stop,35.46278797666667,169.00015185333334,0.22256368722446984,0.9745203449252774,2014,7
2014-07-04,control,117.1875,211.87319775,0.7706476404899889,0.58350489483331,2014,7
2014-07-04,irrigation stop,115.21539213333334,198.22320463333332,0.816146891157069,0.6205225226775793,2014,7
2014-07-05,control,104.98046875,187.98828125,0.7016931804885269,0.5135287380625652,2014,7
2014-07-05,irrigation stop,117.08023902,183.01231213333332,0.836645199727873,0.47613374100214323,2014,7
2014-07-06,control,110.00534585,234.375,0.7283625204065843,0.764412749646628,2014,7
2014-07-06,irrigation stop,117.17097511,191.02452386666667,0.8322596589789953,0.5391869476184938,2014,7
2014-07-07,control,104.98046875,178.22265625,0.7016931804885269,0.4573947698428603,2014,7
2014-07-07,irrigation stop,120.09820463333334,168.92632963333332,0.8594200995055897,0.3459493460092453,2014,7
2014-07-08,control,58.59375,60.790505935,0.4144358268010536,-0.0030202371960047214,2014,7
2014-07-08,irrigation stop,30.579975476666664,16.901772856666668,0.22318101310888097,-0.106717715584019,2014,7
2014-07-09,control,46.142068435,134.03269345,0.31993663563647684,0.5391697217048484,2014,7
2014-07-09,irrigation stop,6.165912976666667,97.14337345666667,0.040998598708053606,0.646552492654825,2014,7
2014-07-10,control,37.562487765,4.09356479,0.2612284283476095,-0.2363021374749029,2014,7
2014-07-10,irrigation stop,24.06955881,9.259415496,0.15121966995612954,-0.09370225295109054,2014,7
2014-07-11,control,0,77.02005320500001,0,0.4750374268840001,2014,7
2014-07-11,irrigation stop,0,63.19181965333333,0,0.44520359044634134,2014,7
2014-07-12,control,14.85845094,136.71875,0.08814716731048022,0.755952400877506,2014,7
2014-07-12,irrigation stop,6.278403976666667,131.0660772,0.03893532938546766,0.9036692981675551,2014,7
2014-07-13,control,12.20703125,140.80158914999998,0.07380646109413846,0.7902474813132736,2014,7
2014-07-13,irrigation stop,12.48650108,150.534051,0.07684854597280161,1.0134479064118402,2014,7
2014-07-14,control,36.62109375,147.7419097,0.2262713843750919,0.6830650094636812,2014,7
2014-07-14,irrigation stop,45.253020383333336,168.58182593333333,0.32857165320200044,0.900615688065136,2014,7
2014-07-15,control,54.81165679,179.70644195,0.342436923254137,0.7658423300332234,2014,7
2014-07-15,irrigation stop,76.55236853666666,195.1641312,0.5646948504467515,0.8607201875868254,2014,7
2014-07-16,control,83.0078125,205.078125,0.5232327402479182,0.7526206142194142,2014,7
2014-07-16,irrigation stop,113.13028348,214.30941773333333,0.8428897648019227,0.7390037261698311,2014,7
2014-07-17,control,107.62752261,234.375,0.6816295764526673,0.7771816859518093,2014,7
2014-07-17,irrigation stop,137.81202191333333,218.22551073333332,1.0338819806199626,0.5782729276228924,2014,7
2014-07-18,control,156.25,277.6152512,0.9854795111834551,0.7489181445455182,2014,7
2014-07-18,irrigation stop,178.50212606666668,244.2053354,1.3414878656089106,0.47944343612534207,2014,7
2014-07-19,control,192.87109375,288.0859375,1.2263068988365766,0.5921872002493802,2014,7
2014-07-19,irrigation stop,208.77469836666666,281.0411885666667,1.5784067986182266,0.532436594699472,2014,7
2014-07-20,control,211.42893825,229.4921875,1.349368160108833,0.11776612638086503,2014,7
2014-07-20,irrigation stop,221.14219313333334,243.98946519999998,1.681182664527252,0.1600427952339027,2014,7
2014-07-21,control,138.23235169999998,176.07791665,0.9132800189097734,0.23214023063328976,2014,7
2014-07-21,irrigation stop,115.99275858,100.09941391,0.9037453611263245,-0.1437342677645418,2014,7
2014-07-22,control,85.44921875,117.1875,0.5845732429564406,0.19092639862622468,2014,7
2014-07-22,irrigation stop,22.140761206666667,35.07961550666667,0.155095322467291,0.09535751224053339,2014,7
2014-07-23,control,61.03515625,177.1935904,0.4272563185828107,0.7118717223108032,2014,7
2014-07-23,irrigation stop,4.08131412,152.57308005,0.027137612944036656,0.9451943866040762,2014,7
2014-07-24,control,60.74638779,94.660100335,0.4247486474436597,0.20797124416490834,2014,7
2014-07-24,irrigation stop,17.36931358,45.03858441333333,0.10843306318039217,0.19357048061769475,2014,7
2014-07-25,control,42.59657586,170.47132325,0.3083418351047151,0.7760777385184394,2014,7
2014-07-25,irrigation stop,6.510416666666667,135.09114583333334,0.03975950006074975,0.9269614127863924,2014,7
2014-07-26,control,67.93226073,63.62348119,0.46347490010883075,-0.027478580623212692,2014,7
2014-07-26,irrigation stop,14.6484375,19.529492326666666,0.12077827214767449,0.015472861446472396,2014,7
2014-07-27,control,48.8070329375,156.22890795,0.3436350951158487,0.6514376581311299,2014,7
2014-07-27,irrigation stop,11.391471493333333,139.5911973,0.07133328305322299,0.9202223723028478,2014,7
2014-07-28,control,68.411946055,165.99453295,0.4611418578199141,0.5997688658321224,2014,7
2014-07-28,irrigation stop,49.18141704666667,162.758659,0.3385925136018258,0.8324943907485236,2014,7
2014-07-29,control,0,33.148403825,0,0.18377533456470507,2014,7
2014-07-29,irrigation stop,4.8810548266666665,3.3929476176666666,0.02980889083044498,-0.00773414031448473,2014,7
2014-07-30,control,0,67.87425755999999,0,0.4195022997690443,2014,7
2014-07-30,irrigation stop,0,16.93795665633333,0,0.11751848558002859,2014,7
2014-07-31,control,5.135371765,113.2333974,0.037173174650687514,0.6447823766038998,2014,7
2014-07-31,irrigation stop,0,88.79055300666667,0,0.6209615527645612,2014,7
2014-08-01,control,21.158065855,128.18701065,0.12566279241314487,0.6493742741186319,2014,8
2014-08-01,irrigation stop,25.313990505666666,120.94540250666667,0.1703348561434022,0.6865939770064754,2014,8
2014-08-02,control,45.38440257,128.18701065,0.2771419162664871,0.5124511535433193,2014,8
2014-08-02,irrigation stop,43.34067337,108.95808024,0.29791674813491903,0.46991924682790176,2014,8
2014-08-03,control,23.206541915000003,83.973353945,0.146123902512167,0.37679385694107503,2014,8
2014-08-03,irrigation stop,12.293157172333334,79.75260416666667,0.08497151045143762,0.46009203682190475,2014,8
2014-08-04,control,22.555500245,130.6284169,0.14755710577887077,0.6597084569053693,2014,8
2014-08-04,irrigation stop,27.00207603,123.28925923333334,0.17108039965717062,0.68232249695207,2014,8
2014-08-05,control,47.16712507,162.36669815,0.3030401053258814,0.7048558581699363,2014,8
2014-08-05,irrigation stop,42.317708333333336,149.34146433333333,0.27310555677547976,0.7707190959240877,2014,8
2014-08-06,control,76.020253335,166.77070035,0.48803610607703846,0.5614429036995139,2014,8
2014-08-06,irrigation stop,69.98697916666667,147.7780215,0.4810120667771471,0.5539659305946265,2014,8
2014-08-07,control,91.966666105,191.66357315,0.5945381356446098,0.6157237401590583,2014,8
2014-08-07,irrigation stop,74.66787743333333,167.64322916666666,0.5104810357255503,0.6697061838059472,2014,8
2014-08-08,control,86.99421232,206.15382019999998,0.5687408056633712,0.7273173217086253,2014,8
2014-08-08,irrigation stop,69.29445644333333,174.13958445666668,0.47056297551247644,0.7577314393962113,2014,8
2014-08-09,control,13.440916915,98.89013564999999,0.07058192992175602,0.5312012308582297,2014,8
2014-08-09,irrigation stop,6.510416666666667,56.966145833333336,0.04328928438480626,0.3658130200033347,2014,8
2014-08-10,control,21.322870715,115.90631628,0.1276366590833263,0.5779127256764174,2014,8
2014-08-10,irrigation stop,7.0669975953333335,102.5390625,0.04668835707095812,0.6831888668099685,2014,8
2014-08-11,control,32.98795187,13.440916914999999,0.20478767619523752,-0.1196497429954519,2014,8
2014-08-11,irrigation stop,12.971653926666667,4.398740571,0.10360800835674115,-0.06939785314689277,2014,8
2014-08-12,control,0.852387527,100.09765625,0.006170137598838206,0.6116580462140562,2014,8
2014-08-12,irrigation stop,0,63.13205881,0,0.45296513342698347,2014,8
2014-08-13,control,9.765625,85.44921875,0.06583797040505791,0.4605112594392643,2014,8
2014-08-13,irrigation stop,6.510416666666667,58.59375,0.03975950006074975,0.3860094709940579,2014,8
2014-08-14,control,44.32941305,136.71875,0.27755185330088367,0.571399715979779,2014,8
2014-08-14,irrigation stop,45.572916666666664,123.45887329,0.3418377405282375,0.5376377675705393,2014,8
2014-08-15,control,61.03515625,130.7701193,0.38844030984139843,0.4320071887708187,2014,8
2014-08-15,irrigation stop,69.33664057,126.953125,0.5030651309860932,0.398737931320125,2014,8
2014-08-16,control,70.80078125,162.8323259,0.45427828024645633,0.565191694582853,2014,8
2014-08-16,irrigation stop,76.13531541333333,154.17418949333333,0.5439091100745355,0.5559078510545372,2014,8
2014-08-17,control,87.890625,170.8984375,0.563429727089462,0.5135287380625652,2014,8
2014-08-17,irrigation stop,97.65625,166.015625,0.7073340595712239,0.4813287677374954,2014,8
2014-08-18,control,101.5213705,202.2201505,0.6523939628190271,0.6181553882673085,2014,8
2014-08-18,irrigation stop,105.79427083333333,189.10912686666666,0.7655251184606686,0.6014052982918335,2014,8
2014-08-19,control,119.7234123,180.14140515,0.7694084061034154,0.37930869640194564,2014,8
2014-08-19,irrigation stop,98.16737321,130.20833333333334,0.7350854373651836,0.2187992180634112,2014,8
2014-08-20,control,114.74609375,185.546875,0.7432711454302021,0.4397222769684267,2014,8
2014-08-20,irrigation stop,83.73742816666666,153.99157553333333,0.6177646703022869,0.5034894843808753,2014,8
2014-08-21,control,117.1875,204.9626176,0.7609436383046357,0.5431856047218251,2014,8
2014-08-21,irrigation stop,92.7734375,188.80208333333334,0.6801617727687039,0.6933147311475996,2014,8
2014-08-22,control,141.6015625,227.4840924,0.9134085615855891,0.5311970623166289,2014,8
2014-08-22,irrigation stop,127.26693645,213.21614583333334,0.9368855576495861,0.6228528140759817,2014,8
2014-08-23,control,158.69140625,248.72416835,1.0225600084285948,0.5601226714562362,2014,8
2014-08-23,irrigation stop,147.08901413333334,249.82685,1.0929244920718193,0.7478631085192855,2014,8
2014-08-24,control,166.36739749999998,258.7890625,1.0732718450502847,0.5768203493765576,2014,8
2014-08-24,irrigation stop,153.90057856666667,263.671875,1.145875920733517,0.8030528532772458,2014,8
2014-08-25,control,180.76424980000002,217.28515625,1.1675825519273628,0.2305972745608735,2014,8
2014-08-25,irrigation stop,174.63070223333332,226.23697916666666,1.3126828686595442,0.3660528070153843,2014,8
2014-08-26,control,151.3671875,61.440159615,0.9889505341760001,-0.5851720308558062,2014,8
2014-08-26,irrigation stop,130.20833333333334,76.66523628333333,1.0032867582353582,-0.4308334398048425,2014,8
2014-08-27,control,0,117.1875,0,0.7269796306559,2014,8
2014-08-27,irrigation stop,9.765625,69.98697916666667,0.0649339265772094,0.43129661566492444,2014,8
2014-08-28,control,51.987746665,152.89108905,0.3180972494778632,0.6042522618659214,2014,8
2014-08-28,irrigation stop,27.669270833333332,110.67708333333333,0.17603744390629947,0.5868885644201832,2014,8
2014-08-29,control,80.56640625,153.80859375,0.4813002419101019,0.44283876656483073,2014,8
2014-08-29,irrigation stop,54.75274447666667,121.67659400000001,0.373322059615889,0.4836857782315136,2014,8
2014-08-30,control,70.85878442,168.1775614,0.42061886310341823,0.588124112956558,2014,8
2014-08-30,irrigation stop,46.87612546333333,136.71875,0.3219086171791171,0.6430634795422824,2014,8
2014-08-31,control,98.51916084999999,178.22265625,0.5901310684827805,0.48647286327310557,2014,8
2014-08-31,irrigation stop,68.359375,147.67431886666668,0.48540822114593224,0.5733334179777244,2014,8
2014-09-01,control,112.3046875,221.95795529999998,0.6770786416290031,0.6772939386183044,2014,9
2014-09-01,irrigation stop,80.26584435666666,182.29166666666666,0.5800670015976487,0.7375490807119044,2014,9
2014-09-02,control,146.83559025,227.05078125,0.893071859573974,0.4981659209291721,2014,9
2014-09-02,irrigation stop,115.55989583333333,188.80208333333334,0.8547188734007525,0.523719530005002,2014,9
2014-09-03,control,166.015625,249.0234375,1.0173534739397772,0.5183807391552417,2014,9
2014-09-03,irrigation stop,130.88679466666667,212.99819453333333,0.9730704597072387,0.5961247818472593,2014,9
2014-09-04,control,166.015625,211.49538504999998,1.0222054750324538,0.28554419539172127,2014,9
2014-09-04,irrigation stop,131.8359375,179.03645833333334,0.9895164739720512,0.3324796866700014,2014,9
2014-09-05,control,159.3253336,169.62272000000002,0.9870729255392017,0.06641922380163498,2014,9
2014-09-05,irrigation stop,121.06843953333333,138.3076854,0.9026959053178132,0.10881087955600732,2014,9
2014-09-06,control,141.88073085000002,248.49450955,0.8814653567738013,0.6552921314788049,2014,9
2014-09-06,irrigation stop,106.93523543333333,227.84353673333334,0.7935558778640712,0.8765642462636155,2014,9
2014-09-07,control,166.015625,266.11328125,1.0319094772178068,0.6178281838128943,2014,9
2014-09-07,irrigation stop,133.46354166666666,250.65104166666666,0.9994563489872387,0.8529700572750097,2014,9
2014-09-08,control,184.8365521,284.78196820000005,1.1514793422734186,0.6195181622416712,2014,9
2014-09-08,irrigation stop,156.25,266.55876773333335,1.1816226873517806,0.8018297677377666,2014,9
2014-09-09,control,185.546875,246.05060444999998,1.1635854180279226,0.37594564021919186,2014,9
2014-09-09,irrigation stop,159.50520833333334,234.375,1.214956020685114,0.5327769589391753,2014,9
2014-09-10,control,168.45703125,248.5876596,1.0592859722775936,0.4878497990568279,2014,9
2014-09-10,irrigation stop,139.03939853333333,240.81159443333334,1.0599089087805398,0.7288976263165958,2014,9
2014-09-11,control,178.22265625,273.2533422,1.120271941589975,0.586368136193935,2014,9
2014-09-11,irrigation stop,156.25,271.3589578666667,1.1874670329222456,0.833304998511738,2014,9
2014-09-12,control,202.8309812,287.05384085000003,1.2689049890211233,0.5247612839748605,2014,9
2014-09-12,irrigation stop,195.6005508,299.4791666666667,1.4936189779270372,0.7488642006651349,2014,9
2014-09-13,control,219.7265625,302.734375,1.3770363106212575,0.5183807391552417,2014,9
2014-09-13,irrigation stop,214.84375,307.825665,1.6465371852378157,0.656397817533768,2014,9
2014-09-14,control,222.16796875,305.17578125,1.3947088034956912,0.5183807391552417,2014,9
2014-09-14,irrigation stop,223.2348756,318.71436936666663,1.7121183154939228,0.6806336584227134,2014,9
2014-09-15,control,219.7265625,300.29296875,1.3818883117139342,0.5055602473734846,2014,9
2014-09-15,irrigation stop,227.20691263333333,317.3828125,1.7431025724896247,0.6450005277700478,2014,9
2014-09-16,control,217.88369455,311.487581,1.3722109082060836,0.578875621884215,2014,9
2014-09-16,irrigation stop,229.4921875,321.6940730333333,1.7637856730614336,0.6558935978376278,2014,9
2014-09-17,control,234.12480195,300.29296875,1.4764081698895979,0.40618838810514424,2014,9
2014-09-17,irrigation stop,245.49960083333335,315.56003523333334,1.8838562131113812,0.4989594240258005,2014,9
2014-09-18,control,258.7890625,316.9513571,1.6258321889634595,0.35794065882092885,2014,9
2014-09-18,irrigation stop,257.1614583333333,324.26409793333335,1.970809736982087,0.4862249474611772,2014,9
2014-09-19,control,260.0501844,343.26277335,1.6342185730674337,0.515753483566791,2014,9
2014-09-19,irrigation stop,262.68230573333335,346.6304727,2.0188619083235415,0.6060849481288341,2014,9
2014-09-20,control,261.81977370000004,341.64954875,1.6429184548373996,0.4956688217658976,2014,9
2014-09-20,irrigation stop,270.9903844,350.5641424,2.0839358660406284,0.5780893878991088,2014,9
2014-09-21,control,254.33585365,249.0234375,1.5975951705415807,-0.03274895089050253,2014,9
2014-09-21,irrigation stop,272.03439296666664,250.51423873333334,2.0962777504473444,-0.1746288320662849,2014,9
2014-09-22,control,214.84375,317.3828125,1.3513953270577432,0.6306486755946514,2014,9
2014-09-22,irrigation stop,196.94010416666666,302.3652639,1.5260595380142041,0.7533471361392453,2014,9
2014-09-23,control,249.0234375,324.70703125,1.5599942185584017,0.4702152616246174,2014,9
2014-09-23,irrigation stop,243.51840916666666,328.3155316333333,1.8781166980309159,0.6143282084215966,2014,9
2014-09-24,control,252.60136045000002,300.21141315,1.5836348713866242,0.29837133391287524,2014,9
2014-09-24,irrigation stop,265.2994791666667,323.8932291666667,2.0465338325829268,0.4190421794033284,2014,9
2014-09-25,control,232.35978749999998,324.70703125,1.462784833817779,0.5674246463652401,2014,9
2014-09-25,irrigation stop,248.33091476666667,348.3072916666667,1.920078091897298,0.7200710967572913,2014,9
2014-09-26,control,253.90625,328.60906285,1.5904872032145922,0.467967730033362,2014,9
2014-09-26,irrigation stop,282.4682477,354.8177083333333,2.1733297856837615,0.5209149324155504,2014,9
2014-09-27,control,253.90625,336.6187736,1.5904872032145922,0.5168300963993734,2014,9
2014-09-27,irrigation stop,289.53383343333337,354.8177083333333,2.226080492265758,0.46816422583355377,2014,9
2014-09-28,control,256.34765625,340.36389340000005,1.608159696089026,0.5221668573637821,2014,9
2014-09-28,irrigation stop,289.7135416666667,359.4970703,2.231030808230163,0.49855943918587114,2014,9
2014-09-29,control,266.70784785,350.81331309999996,1.6725711472795406,0.52235264499666,2014,9
2014-09-29,irrigation stop,301.1067708333333,370.3680217333333,2.315828408801462,0.495817235522572,2014,9
2014-09-30,control,273.52714125,275.30942055,1.71778187364673,0.013079452742635275,2014,9
2014-09-30,irrigation stop,301.38096763333334,291.2574496,2.3175029448940707,-0.07885366965792247,2014,9
2014-10-01,control,234.375,314.94140625,1.473367265682506,0.5007082462808081,2014,10
2014-10-01,irrigation stop,239.11075396666666,328.51200646666666,1.8465164916422072,0.6373521040803096,2014,10
2014-10-02,control,246.5872929,338.77142545000004,1.552053358232184,0.5654073890862097,2014,10
2014-10-02,irrigation stop,273.45507673333333,375.9765625,2.0904962042395723,0.7499502566841911,2014,10
2014-10-03,control,256.34765625,339.35546875,1.608159696089026,0.5135287380625652,2014,10
2014-10-03,irrigation stop,309.6560869,386.5542319,2.362195242649416,0.5567663961457046,2014,10
2014-10-04,control,261.55634,345.3251008,1.6410115496731583,0.5168770557648812,2014,10
2014-10-04,irrigation stop,319.0104166666667,390.625,2.4269319261305515,0.5173094393138711,2014,10
2014-10-05,control,263.671875,329.58984375,1.6514731725269738,0.40922929231223604,2014,10
2014-10-05,irrigation stop,324.2674938,381.313718,2.4663641044855953,0.41814767673462144,2014,10
2014-10-06,control,246.6647908,312.5,1.55246032089563,0.39909069710057404,2014,10
2014-10-06,irrigation stop,273.4690699,268.5546875,2.125098065675342,-0.04225078451940553,2014,10
2014-10-07,control,252.3928945,297.6698397,1.5825401596815354,0.2762164760399217,2014,10
2014-10-07,irrigation stop,207.91884566666667,244.140625,1.6195188705291774,0.24255013847908447,2014,10
2014-10-08,control,253.90625,319.82421875,1.595339204307269,0.399525290126883,2014,10
2014-10-08,irrigation stop,203.45052083333334,281.14313353333335,1.5760756140504895,0.5524290028410221,2014,10
2014-10-09,control,266.11328125,351.5625,1.6691456654014072,0.5263492298443222,2014,10
2014-10-09,irrigation stop,236.2691945,336.1266255,1.8205362701173702,0.7250444940938513,2014,10
2014-10-17,irrigation stop,117.1875,160.58189003333334,0.9386534565822114,0.3127444492820747,2014,10
2014-10-18,irrigation stop,120.44270833333333,198.56770833333334,0.9661424443450797,0.5585010545400153,2014,10
2014-10-19,irrigation stop,147.10391466666667,226.23697916666666,1.1552346900532395,0.5697060811010294,2014,10
2014-10-20,irrigation stop,171.77312836666667,240.58661243333333,1.3337674689369523,0.4881814921035597,2014,10
2014-10-21,irrigation stop,169.93874866666667,196.7432449,1.3103935516020189,0.1794665201797421,2014,10
2014-10-22,irrigation stop,188.80208333333334,232.74739583333334,1.4386467512724337,0.3207588434565002,2014,10
2014-10-23,irrigation stop,206.90610376666666,265.2994791666667,1.577881134753687,0.4201330411034909,2014,10
2014-10-24,irrigation stop,225.44517173333332,262.0442708333333,1.71349873561546,0.271362481862822,2014,10
2014-10-25,control,191.5719134,202.63671875,1.1621891970297522,0.06687965800708737,2014,10
2014-10-25,irrigation stop,223.84718826666668,253.90625,1.7041690540629493,0.2090475212229297,2014,10
2014-10-26,control,163.990787,187.98828125,0.9921644926645833,0.14542540840368418,2014,10
2014-10-26,irrigation stop,203.6649568,244.140625,1.5505942823824332,0.2944913589988136,2014,10
2014-10-27,control,161.1328125,189.79828935,0.972304486005557,0.17479026251321728,2014,10
2014-10-27,irrigation stop,208.33333333333334,255.53385416666666,1.5865973102226283,0.34416837781093157,2014,10
2014-10-28,control,165.40440275,192.87109375,0.9983730448383845,0.16485783979339713,2014,10
2014-10-28,irrigation stop,215.07927803333334,260.4166666666667,1.6354044316608953,0.33279011915072015,2014,10
2014-10-29,control,173.4082452,193.4907867,1.0464701418169144,0.11892505356145894,2014,10
2014-10-29,irrigation stop,227.96301296666667,262.0442708333333,1.7293580052749478,0.2487764205518552,2014,10
2014-10-30,control,175.78125,200.1953125,1.0589314388814524,0.14276092109560037,2014,10
2014-10-30,irrigation stop,231.11979166666666,273.4375,1.7494657197137464,0.30850440719490413,2014,10
2014-10-31,control,180.96989739999998,201.01262995000002,1.0910304462231444,0.11495387116608095,2014,10
2014-10-31,irrigation stop,239.30351196666666,275.9861242333333,1.8079358679519595,0.2635610338840803,2014,10
2014-11-01,control,185.546875,207.51953125,1.1150654071011572,0.1299404293138433,2014,11
2014-11-01,irrigation stop,244.140625,288.0859375,1.8383588497297676,0.3202091743721199,2014,11
2014-11-02,control,193.27711595,209.9609375,1.1653630182241779,0.09246330997257993,2014,11
2014-11-02,irrigation stop,252.35596446666665,288.0859375,1.8971681039424155,0.2605174740784579,2014,11
2014-11-03,control,195.3125,236.81640625,1.1760513764135387,0.25191236793860605,2014,11
2014-11-03,irrigation stop,258.2448386,314.1276041666667,1.9407593036855997,0.38886818879685076,2014,11
2014-11-04,control,222.16796875,261.23046875,1.3364847903835726,0.23909187615684896,2014,11
2014-11-04,irrigation stop,278.3203125,343.36999133333336,2.0676093769997754,0.49011279014611275,2014,11
2014-11-05,control,209.9609375,184.56410555,1.2626783292894341,-0.1741348536664999,2014,11
2014-11-05,irrigation stop,247.26838293333333,220.93980356666665,1.881526113023651,-0.19070039906283448,2014,11
2014-11-06,control,131.8359375,124.51171875,0.7408265671416474,-0.04816547753062431,2014,11
2014-11-06,irrigation stop,151.3671875,138.34635416666666,1.1737483294226843,-0.09561992166750034,2014,11
2014-11-07,control,109.86328125,109.86328125,0.5963301345497746,-0.004852001092676538,2014,11
2014-11-07,irrigation stop,117.1875,108.0229988,0.9126287360573087,-0.06467670038486169,2014,11
2014-11-08,control,102.5390625,102.391577333,0.5433126559264737,-0.0010675939585606262,2014,11
2014-11-08,irrigation stop,99.89552399,98.76470456666667,0.7785279004753318,-0.007361795566750453,2014,11
2014-11-09,control,98.2257357,144.04296875,0.5158101963976264,0.2794148274674534,2014,11
2014-11-09,irrigation stop,93.03005759666667,121.38482046666667,0.7288165084537062,0.195070603271185,2014,11
2014-11-10,control,136.71875,131.8359375,0.7567635485198085,-0.03049298465619069,2014,11
2014-11-10,irrigation stop,116.07904543333333,110.67708333333333,0.8836458720549953,-0.04760760164325524,2014,11
2014-11-11,control,97.65625,173.1504243,0.512819671270283,0.4639921188465273,2014,11
2014-11-11,irrigation stop,84.63541666666667,165.6578327,0.6447984270767394,0.5729987384822247,2014,11
2014-11-12,control,148.92578125,168.45703125,0.830570009613947,0.12197193862476276,2014,11
2014-11-12,irrigation stop,133.64458186666667,155.3817101,0.9932855114720484,0.15646008844028492,2014,11
2014-11-13,control,137.071280645,133.444207275,0.7641673966521909,-0.02140312473342182,2014,11
2014-11-13,irrigation stop,125.32552083333333,117.1875,0.9398331749323996,-0.058191058889444675,2014,11
2014-11-14,control,124.51171875,147.38606067999999,0.6878090885183465,0.1452701856943749,2014,11
2014-11-14,irrigation stop,110.67708333333333,127.47691123333333,0.8342733782497118,0.11810000289096485,2014,11
2014-11-15,control,171.76134835,186.539766215,0.9844498241208458,0.09413476819914567,2014,11
2014-11-15,irrigation stop,150.722856,169.27083333333334,1.1133013721994063,0.1288751633970841,2014,11
2014-11-16,control,124.51171875,118.65867135,0.673253085240317,-0.03558795341111373,2014,11
2014-11-16,irrigation stop,110.67708333333333,102.5390625,0.8526888610421212,-0.06403540445990978,2014,11
2014-11-17,control,104.98046875,117.1875,0.5512811466155543,0.06895446000146191,2014,11
2014-11-17,irrigation stop,89.51822916666667,94.40104166666667,0.6939159809957252,0.02981962504556231,2014,11
2014-11-18,control,107.1476782,109.399255872,0.5626617560258362,0.015753456513616034,2014,11
2014-11-18,irrigation stop,84.63541666666667,83.0078125,0.6497603265661903,-0.016666666666666666,2014,11
2014-11-19,control,102.5390625,102.080805016,0.5384606548337971,0.0015348341440599867,2014,11
2014-11-19,irrigation stop,76.49739583333333,74.86979166666667,0.5857249221062806,-0.009939875015187437,2014,11
2014-11-20,control,99.6076185925,116.62554049,0.5269449515452679,0.09892682731843579,2014,11
2014-11-20,irrigation stop,70.64434845333334,83.0078125,0.5423707774691066,0.08895799026838884,2014,11
2014-11-21,control,112.241547683,131.772797685,0.5989895769152944,0.12197193863924007,2014,11
2014-11-21,irrigation stop,81.38020833333333,96.02864583333333,0.621388892722308,0.09210621337972932,2014,11
2014-11-22,control,117.32956459,117.124360185,0.6358199661772026,-0.001485403498563538,2014,11
2014-11-22,irrigation stop,84.63541666666667,87.37972837333334,0.6295799516117526,0.016759674081473972,2014,11
2014-11-23,control,112.45441518,126.889985185,0.6053824519710532,0.0850860789272907,2014,11
2014-11-23,irrigation stop,83.0078125,99.28385416666667,0.612913284945086,0.10877288004639599,2014,11
2014-11-24,control,122.57052166999999,130.91329613,0.6632587098042545,0.05148117217073875,2014,11
2014-11-24,irrigation stop,96.02864583333333,105.20081861333334,0.6950796233096279,0.061171537090818,2014,11
2014-11-25,control,119.85267686,124.448578935,0.6489391063015976,0.028708932814989187,2014,11
2014-11-25,irrigation stop,93.4679755,99.28385416666667,0.6718322202358901,0.03640036145263344,2014,11
2014-11-26,control,107.358735183,107.358735183,0.5733485933517803,0,2014,11
2014-11-26,irrigation stop,81.38020833333333,81.38020833333333,0.5760662433239816,-8.82446081014128e-4,2014,11
2014-11-27,control,102.5179253715,121.0376474,0.5431596515861259,0.11951574534504486,2014,11
2014-11-27,irrigation stop,79.75260416666667,96.02788876666666,0.5652439222277801,0.10961180022824817,2014,11
2014-11-28,control,107.429700525,142.067946,0.5786812985269048,0.21677023469205448,2014,11
2014-11-28,irrigation stop,78.12424292333334,109.0487221,0.5534956290849101,0.22194191452806947,2014,11
2014-11-29,control,131.18955271,140.915959635,0.7312626213879974,0.06555408436561383,2014,11
2014-11-29,irrigation stop,92.77268042333334,108.4912475,0.664899771338063,0.11851968430595271,2014,11
2014-11-30,control,116.50189713500001,109.17767838500001,0.6492037835653343,-0.043313476437947765,2014,11
2014-11-30,irrigation stop,86.26226375666667,77.24087137666666,0.62921972468575,-0.06398024001514295,2014,11
2014-12-01,control,92.08783463500001,89.64642838500001,0.5015908613770573,-0.012820491781757076,2014,12
2014-12-01,irrigation stop,61.84820127,56.96538877,0.4546465480988435,-0.03742886277805567,2014,12
2014-12-02,control,77.567091783,84.76361588500001,0.41563446800986886,0.047494918021917264,2014,12
2014-12-02,irrigation stop,51.61424452666667,59.569029666666665,0.37908621576739754,0.058065960683777715,2014,12
2014-12-03,control,79.88080338500001,90.69910246500001,0.43263640137559545,0.07012347587781652,2014,12
2014-12-03,irrigation stop,54.24675738,65.10340960333333,0.39508726604887073,0.07943903208034761,2014,12
2014-12-04,control,84.76361588500001,84.527563555,0.4631293860317861,-0.0017087009259186086,2014,12
2014-12-04,irrigation stop,60.698682506666664,61.63328698666666,0.4410989131767135,0.01046446657978248,2014,12
2014-12-05,control,71.356381933,74.75146615,0.37816833127679955,0.02407605924022396,2014,12
2014-12-05,irrigation stop,48.82736793666666,56.91610964666666,0.3590266264313431,0.06353078623697644,2014,12
2014-12-06,control,71.1762339675,87.722807265,0.3793310453249804,0.10521890050800037,2014,12
2014-12-06,irrigation stop,52.55322601333334,69.66975701999999,0.38861216184984365,0.12123874863972364,2014,12
2014-12-07,control,84.42177055,87.90722445,0.46272980529493024,0.02315507256250795,2014,12
2014-12-07,irrigation stop,63.52159886333333,66.56976377,0.4648660862820824,0.019410343947694617,2014,12
2014-12-08,control,81.066781295,87.723089395,0.44122128402825134,0.04333070404592329,2014,12
2014-12-08,irrigation stop,58.813295133333334,66.73101377,0.4286224012102819,0.06257056358560308,2014,12
2014-12-09,control,73.25878695,68.37597445,0.3944059238888662,-0.03049298465619069,2014,12
2014-12-09,irrigation stop,54.71109493666667,46.94565964666667,0.4016856872433628,-0.05064119473399173,2014,12
2014-12-10,control,68.37597445,80.5830057,0.3639129392326755,0.07380646109413846,2014,12
2014-12-10,irrigation stop,47.42765546333333,62.52948861666666,0.35053791627487485,0.10435822260235601,2014,12
2014-12-11,control,87.90722445,94.3198467,0.4810328767647617,0.04337843504782221,2014,12
2014-12-11,irrigation stop,68.35861793666666,74.86903459,0.49528849424060734,0.04825118379282982,2014,12
2014-12-12,control,93.03118301,136.73534945,0.5132714340912311,0.277543290328114,2014,12
2014-12-12,irrigation stop,73.24143043666666,102.53830543333333,0.5335998030996771,0.19943090220951026,2014,12
2014-12-13,control,134.2939432,145.074509735,0.777994232637588,0.0639666516707246,2014,12
2014-12-13,irrigation stop,101.27863976666667,112.30393043333333,0.7244554064178783,0.0825505783664063,2014,12
2014-12-14,control,135.424042885,148.9423807,0.785501268133111,0.08397191847304918,2014,12
2014-12-14,irrigation stop,104.1659096,113.24808563333333,0.74881492589484,0.06395707059864258,2014,12
2014-12-15,control,128.17958305,119.58520161999999,0.7434385028825499,-0.052507743435368404,2014,12
2014-12-15,irrigation stop,94.40028459,83.00705542333334,0.6798015458427014,-0.08479760057129877,2014,12
2014-12-16,control,95.87740095000001,97.67284945,0.5387262194455336,0.012996628816962561,2014,12
2014-12-16,irrigation stop,60.26092487,60.22059710333333,0.4316660461113643,-4.1295633066668714e-4,2014,12
2014-12-17,control,70.8173807,72.8217873745,0.371881429921756,0.015109706912124606,2014,12
2014-12-17,irrigation stop,35.15744813333333,22.78570127,0.26117228971611345,-0.08897327621470034,2014,12
2014-12-18,control,56.1689432,56.1689432,0.29495847923121354,0.004852001092676538,2014,12
2014-12-18,irrigation stop,4.882524523333333,4.867206411,0.032465048464338016,-9.759947001897069e-4,2014,12
2014-12-19,control,43.96191196,43.96191196,0.23085602037494093,0.004852001092676538,2014,12
2014-12-19,irrigation stop,0,3.2552083333333335,0,0.020762196111389002,2014,12
2014-12-20,control,42.427016015,56.065212393500005,0.22279586207530325,0.08111574801915937,2014,12
2014-12-20,irrigation stop,3.334873384,11.393229166666666,0.027093060863189806,0.05009530197561561,2014,12
2014-12-21,control,49.201343875,47.973594605,0.2583697099984246,-0.0015952460322512414,2014,12
2014-12-21,irrigation stop,0.127622429,4.112969762333333,8.485914044714106e-4,0.03158871665718883,2014,12
2014-12-22,control,39.4693436,51.28613071,0.2072643154965079,0.06690518131638079,2014,12
2014-12-22,irrigation stop,0,12.271542027333334,0,0.07945549488055285,2014,12
2014-12-23,control,51.3487700775,61.0517557,0.26977092039065476,0.06053254458942603,2014,12
2014-12-23,irrigation stop,11.569422246666667,30.924479166666668,0.07242003884017474,0.1293415006669647,2014,12
2014-12-24,control,57.026264052500004,62.322118270000004,0.3060163285545603,0.033482850357305596,2014,12
2014-12-24,irrigation stop,26.041666666666668,35.78630017,0.1652151228100979,0.06791598097876544,2014,12
2014-12-25,control,73.25878695,104.94985174,0.40410992607421925,0.20028861723790745,2014,12
2014-12-25,irrigation stop,40.80958738333333,69.98697916666667,0.25981591943056015,0.19781876506472656,2014,12
2014-12-26,control,85.677021295,75.7001932,0.4940012163808035,-0.06736679633947411,2014,12
2014-12-26,irrigation stop,50.592732131,43.9453125,0.3218932809597817,-0.04380974865856547,2014,12
2014-12-27,control,48.97715022,48.7283205655,0.25719240781389485,0.0033139898076311007,2014,12
2014-12-27,irrigation stop,27.855976196666667,29.296875,0.17551399940934723,0.015425219001590659,2014,12
2014-12-28,control,39.07909946,36.63769321,0.20521503681142678,-0.007968490689080537,2014,12
2014-12-28,irrigation stop,16.276041666666668,36.675266588,0.09939875015187438,0.13217933928716885,2014,12
2014-12-29,control,7.34081821,4.8828125,0.038548643648584784,-0.00805565899239409,2014,12
2014-12-29,irrigation stop,27.669270833333332,30.920108665,0.17570466690966569,0.027444233825801568,2014,12
2014-12-30,control,0,4.8828125,0,0.03049298465619069,2014,12
2014-12-30,irrigation stop,21.158854166666668,22.42682617666667,0.13594516684891592,0.00862602622185878,2014,12
2014-12-31,control,0.29821996,19.53125,0.0015660345533791945,0.10584990079335393,2014,12
2014-12-31,irrigation stop,45.11579223333333,84.63541666666667,0.2889783977478081,0.2834743284158008,2014,12
2015-01-01,control,19.4960935,30.244945,0.10237931785958095,0.06456737921381843,2015,1
2015-01-01,irrigation stop,84.63739566666666,83.83896533333333,0.5657349650460016,-0.0061913961747600355,2015,1
2015-01-02,control,7.204509,11.234665999999999,0.04697607097921927,0.029846455197560802,2015,1
2015-01-02,irrigation stop,19.529895666666665,4.249792,0.1192702291883934,-0.08832349623997525,2015,1
2015-01-03,control,4.0868995,9.631411,0.029583647658916374,0.033967747532912713,2015,1
2015-01-03,irrigation stop,1.6276043333333332,13.020833333333334,0.010822322204407245,0.07807080721315288,2015,1
2015-01-04,control,6.504716,7.2184735,0.042280263213188285,0.0027465709822973835,2015,1
2015-01-04,irrigation stop,11.393229,12.00367,0.07895325338452949,0.004508616024937584,2015,1
2015-01-05,control,0,3.4463855,0,0.02294991321464169,2015,1
2015-01-05,irrigation stop,4.882812333333334,6.101344,0.03742886116175148,0.007219856116017997,2015,1
2015-01-06,control,0,26.837818,0,0.1457847222742875,2015,1
2015-01-06,irrigation stop,17.788871333333333,42.317708,0.11536448146249619,0.17758867045591512,2015,1
2015-01-07,control,29.143974,41.4862555,0.15304297642178227,0.06966469654304766,2015,1
2015-01-07,irrigation stop,43.945312,58.59374966666667,0.30289302591575556,0.11724848893182367,2015,1
2015-01-08,control,29.279224,26.779548,0.15375321115370477,0.001313716990884492,2015,1
2015-01-08,irrigation stop,10.061701666666666,10.229565666666666,0.06144740782495936,0.005855888316955789,2015,1
2015-01-09,control,12.1311105,30.897101,0.07329197685821517,0.10967065094166872,2015,1
2015-01-09,irrigation stop,11.083101666666666,37.124768,0.07369413733079863,0.17282435781808142,2015,1
2015-01-10,control,42.5515745,107.3459545,0.24943091718660382,0.3917882557704272,2015,1
2015-01-10,irrigation stop,42.48260533333334,79.698853,0.27427722617688416,0.2541492446924177,2015,1
2015-01-11,control,121.994392,143.967048,0.7375501280182796,0.1396444296895331,2015,1
2015-01-11,irrigation stop,82.69768499999999,106.61025766666667,0.54656337341772,0.1580569645715078,2015,1
2015-01-12,control,146.408454,157.956057,0.8900150481767515,0.06411857960929343,2015,1
2015-01-12,irrigation stop,107.11174733333333,118.50497633333333,0.7085654110670805,0.07310890841252538,2015,1
2015-01-13,control,175.705329,182.687933,1.0535649517431895,0.045692646371051096,2015,1
2015-01-13,irrigation stop,131.143466,133.733673,0.8597066331095321,0.018500022918407816,2015,1
2015-01-14,control,156.174079,165.40759,0.9218890109330735,0.05228217907712088,2015,1
2015-01-14,irrigation stop,110.36695566666667,113.622164,0.7302100532594837,0.026606542370677572,2015,1
2015-01-15,control,180.5881415,222.092048,1.0695019331213504,0.2616163719336224,2015,1
2015-01-15,irrigation stop,123.62383866666666,161.499024,0.8272715443080227,0.2468572525455019,2015,1
2015-01-16,control,217.2092355,205.002204,1.3006253199019373,-0.07380646240695682,2015,1
2015-01-16,irrigation stop,160.822685,154.31226833333332,1.0749602533355722,-0.041524392222778005,2015,1
2015-01-17,control,187.9123605,178.1467355,1.1176674119647931,-0.06098596931238143,2015,1
2015-01-17,irrigation stop,138.216861,133.153414,0.9240012340717357,-0.032687662794338476,2015,1
2015-01-18,control,161.056892,148.8498605,0.9523819987117459,-0.07380646240695682,2015,1
2015-01-18,irrigation stop,115.73602666666666,108.73935166666666,0.7731678728507432,-0.041541778755483844,2015,1
2015-01-19,control,148.8498605,175.7053295,0.8737235347152676,0.1652854168723738,2015,1
2015-01-19,irrigation stop,110.366956,136.40862233333334,0.7424484162996665,0.17370680380873305,2015,1
2015-01-20,control,164.6897395,162.03576700000002,0.9714590742775706,-0.014140599693863044,2015,1
2015-01-20,irrigation stop,128.27060166666666,121.76018499999999,0.8588466090969982,-0.042406838394154614,2015,1
2015-01-21,control,175.705329,183.029548,1.0341569473724832,0.04816547884344266,2015,1
2015-01-21,irrigation stop,131.53114133333332,141.291435,0.878761808410673,0.07482227627281146,2015,1
2015-01-22,control,178.1496055,187.9123605,1.0518445132113352,0.06582289875345802,2015,1
2015-01-22,irrigation stop,136.540299,153.63582966666667,0.9178418234795969,0.12138678562328496,2015,1
2015-01-23,control,186.92633899999998,200.1193915,1.110529944395523,0.08094392735059025,2015,1
2015-01-23,irrigation stop,151.114693,164.07789333333332,1.0173432810186656,0.09414731366648621,2015,1
2015-01-24,control,197.737728,208.27660400000002,1.178967105480294,0.0650465217463467,2015,1
2015-01-24,irrigation stop,162.45028933333333,175.47112266666667,1.1015507206878075,0.09473747558648622,2015,1
2015-01-25,control,197.6779855,178.1467355,1.173801380681343,-0.11711993802893118,2015,1
2015-01-25,irrigation stop,160.822685,141.29143466666667,1.1024170896243306,-0.13129997104432312,2015,1
2015-01-26,control,157.5619515,141.5256415,0.9222313362963914,-0.08696927823921338,2015,1
2015-01-26,irrigation stop,121.97334933333333,107.11174733333334,0.8335082726333534,-0.09693635679159514,2015,1
2015-01-27,control,146.4084545,148.6355915,0.8657550458358504,0.016547305957381797,2015,1
2015-01-27,irrigation stop,93.31467933333333,95.718518,0.6500562938854775,0.018701387994153575,2015,1
2015-01-28,control,141.556511,137.8930945,0.8402761638319644,-0.024089603332944208,2015,1
2015-01-28,irrigation stop,92.46330966666667,89.73740166666667,0.647113039687228,-0.022951399119372506,2015,1
2015-01-29,control,104.904548,106.67651599999999,0.5944346717168749,0.007974661027453887,2015,1
2015-01-29,irrigation stop,72.22173933333333,73.90945766666667,0.5073956497160819,0.012601808407357841,2015,1
2015-01-30,control,107.3459545,107.3459545,0.6024031642156187,0,2015,1
2015-01-30,irrigation stop,79.44247666666666,87.27467766666666,0.555022904469833,0.053676061415308805,2015,1
2015-01-31,control,95.138923,89.317828,0.5237447002191404,-0.03056816152917082,2015,1
2015-01-31,irrigation stop,74.64766666666667,69.62081666666667,0.5239758237403117,-0.03158171675780296,2015,1
2015-02-01,control,82.9318915,80.236773,0.4499382378121837,-0.009300802590492235,2015,2
2015-02-01,irrigation stop,72.93206,66.42164333333334,0.5117336200850268,-0.03975950006074975,2015,2
2015-02-02,control,82.931892,75.5928465,0.4547902420273418,-0.03371679995216887,2015,2
2015-02-02,irrigation stop,72.93206,87.58049733333334,0.5099687279229985,0.10699191142870002,2015,2
2015-02-03,control,82.931892,66.1408845,0.4547902420273418,-0.0885796209082739,2015,2
2015-02-03,irrigation stop,102.228935,95.78159066666666,0.7140287526402611,-0.038724086087735164,2015,2
2015-02-04,control,70.7248605,64.725492,0.380983779620385,-0.03624052239482066,2015,2
2015-02-04,irrigation stop,97.34612266666667,109.80823333333333,0.675717445487858,0.08691309268412437,2015,2
2015-02-05,control,58.576099,63.458911,0.30759911253478966,0.030492981533709065,2015,2
2015-02-05,irrigation stop,102.228935,107.11174733333334,0.7028897311821722,0.02981962402771911,2015,2
2015-02-06,control,56.1346925,57.132277,0.2947786194402142,0.012073168710681587,2015,2
2015-02-06,irrigation stop,95.71851833333334,103.66181933333334,0.649676647818464,0.05531468180545971,2015,2
2015-02-07,control,58.576099,63.3245115,0.3124511141243111,0.029520109185209913,2015,2
2015-02-07,irrigation stop,92.46331,105.03454766666667,0.6306793439594658,0.0843149673194186,2015,2
2015-02-08,control,73.2245365,92.755786,0.3893740648148536,0.10256393063473007,2015,2
2015-02-08,irrigation stop,121.913193,146.17424733333334,0.8392035819162861,0.17187385388413776,2015,2
2015-02-09,control,85.5129595,102.521411,0.44905193246862357,0.09416803010798835,2015,2
2015-02-09,irrigation stop,144.54664333333335,168.32242366666668,1.0011375618030796,0.19458891818381435,2015,2
2015-02-10,control,90.706752,95.1360875,0.4771057491716558,0.032062423065487705,2015,2
2015-02-10,irrigation stop,159.19508100000002,162.39973933333334,1.1259952890658576,0.0271528683815871,2015,2
2015-02-11,control,73.2245365,91.663105,0.3845220632253321,0.11406239631783394,2015,2
2015-02-11,irrigation stop,121.760185,140.25198666666665,0.8534876284657715,0.1424850324241388,2015,2
2015-02-12,control,68.341724,73.2245365,0.36858508184717104,0.04019698733838867,2015,2
2015-02-12,irrigation stop,97.34612233333334,99.16254266666667,0.6815617882434508,0.016915031226739402,2015,2
2015-02-13,control,43.2033035,58.576099,0.23837741497633752,0.0983337041145114,2015,2
2015-02-13,irrigation stop,45.262789,48.52224433333333,0.307024116392939,0.015843786500399037,2015,2
2015-02-14,control,81.49364750000001,116.955854,0.47646543706760447,0.21490846014603224,2015,2
2015-02-14,irrigation stop,56.656018333333336,71.30445566666667,0.3783681346791225,0.09706811244979809,2015,2
2015-02-15,control,132.67467,172.8006785,0.7840469895783808,0.2495286511822042,2015,2
2015-02-15,irrigation stop,78.149296,98.97372666666666,0.5195026903300667,0.13781534669500067,2015,2
2015-02-16,control,190.4120365,220.95357,1.1406137009341362,0.19681955961925163,2015,2
2015-02-16,irrigation stop,108.73935166666666,136.40862233333334,0.7263314176091745,0.19125591835344297,2015,2
2015-02-17,control,219.7089115,226.57431350000002,1.3284236094671118,0.049696263342130106,2015,2
2015-02-17,irrigation stop,136.40862266666667,150.8954,0.9184697841696805,0.10478684334585871,2015,2
2015-02-18,control,212.4791785,200.1776615,1.2857940825945473,-0.07449041016267643,2015,2
2015-02-18,irrigation stop,143.85748733333332,134.75271633333332,0.9729609279611606,-0.05787707085159746,2015,2
2015-02-19,control,207.50188,224.791447,1.2546171470601553,0.11505224982936588,2015,2
2015-02-19,irrigation stop,138.03622666666666,150.21816166666667,0.9369013412917089,0.08465237499358282,2015,2
2015-02-20,control,249.0057865,292.4795005,1.5210855195896094,0.27196036972808757,2015,2
2015-02-20,irrigation stop,164.48967466666667,207.995703,1.1189672664697432,0.30815231075086663,2015,2
2015-02-21,control,268.5370365,263.43733050000003,1.6382054576185403,-0.027211000365617827,2015,2
2015-02-21,irrigation stop,193.37476833333332,186.57323533333334,1.327572086851155,-0.0441121460358103,2015,2
2015-02-22,control,224.637693,219.604972,1.3543973466741237,-0.03137155253791642,2015,2
2015-02-22,irrigation stop,146.17424733333334,136.40862233333334,1.0188025584418046,-0.060521696262501236,2015,2
2015-02-23,control,207.8238285,222.150318,1.2514557860694278,0.08493631589642797,2015,2
2015-02-23,irrigation stop,128.46634033333333,147.66354266666667,0.8953673779805361,0.14182953807070253,2015,2
2015-02-24,control,222.5205835,256.33000549999997,1.3390723254683552,0.21562267018351206,2015,2
2015-02-24,irrigation stop,142.919039,178.72633066666666,1.0006877005734578,0.23919040228519511,2015,2
2015-02-25,control,249.0057865,249.0057865,1.5065295168084245,0,2015,2
2015-02-25,irrigation stop,172.228469,168.960706,1.1975479385928716,-0.015876967935438854,2015,2
2015-02-26,control,247.071974,273.419849,1.4915225370116878,0.1723239041703666,2015,2
2015-02-26,irrigation stop,168.960706,196.62997666666666,1.1816709706574327,0.19445292499204223,2015,2
2015-02-27,control,266.09563000000003,278.262497,1.6205329629344436,0.07351572552527019,2015,2
2015-02-27,irrigation stop,191.747164,204.76799766666667,1.338695032452037,0.09561992379354922,2015,2
2015-02-28,control,261.21281799999997,256.028627,1.5900399814007344,-0.03237540526451042,2015,2
2015-02-28,irrigation stop,191.747164,183.78390966666666,1.344539377424041,-0.05712374883731367,2015,2
2015-03-01,control,217.267505,200.1776615,1.3058991141871834,-0.10915144553018732,2015,3
2015-03-01,irrigation stop,143.009018,125.015393,1.0120922369764314,-0.14037386854829828,2015,3
2015-03-02,control,198.12302449999999,249.0057865,1.1714774811605038,0.31564403127721463,2015,3
2015-03-02,irrigation stop,118.50497666666666,149.42945566666666,0.8234671872783856,0.21609756718444537,2015,3
2015-03-03,control,241.681568,263.654224,1.4486600384052655,0.13479242909370148,2015,3
2015-03-03,irrigation stop,150.48711733333334,180.055027,1.0465940496060222,0.20636038060979295,2015,3
2015-03-04,control,251.811995,283.185474,1.5164136833646784,0.18901072275905134,2015,3
2015-03-04,irrigation stop,175.47112233333334,205.59465699999998,1.2173510144948732,0.20613100504908377,2015,3
2015-03-05,control,268.5370365,288.0682865,1.6139454516583127,0.12197193862476276,2015,3
2015-03-05,irrigation stop,198.25758066666666,208.02320566666666,1.3784545325127868,0.06901337938718526,2015,3
2015-03-06,control,270.97844299999997,297.3658795,1.6316179463424096,0.16674949356358992,2015,3
2015-03-06,irrigation stop,199.88518466666667,216.16122666666666,1.3951211974727868,0.11053777502329659,2015,3
2015-03-07,control,288.0682865,319.80656750000003,1.7407693918725968,0.20063039900191448,2015,3
2015-03-07,irrigation stop,211.48242733333333,233.83986233333334,1.4811952486278912,0.14852912008035765,2015,3
2015-03-08,control,302.716724,331.29767949999996,1.8371003469338456,0.17919841888604918,2015,3
2015-03-08,irrigation stop,226.42590233333334,246.41405133333333,1.5897064308857591,0.13787207499180093,2015,3
2015-03-09,control,307.7466915,341.779224,1.8780700844206963,0.20782614035850633,2015,3
2015-03-09,irrigation stop,235.69247666666666,258.478935,1.6644157764158314,0.15790651000166736,2015,3
2015-03-10,control,319.979445,366.1932865,1.9572071939037703,0.2908579568385838,2015,3
2015-03-10,irrigation stop,247.39805433333333,276.11422366666665,1.757134600341004,0.19556965431432155,2015,3
2015-03-11,control,334.45500549999997,368.63469250000003,2.052286752336271,0.2134508894708532,2015,3
2015-03-11,irrigation stop,256.8513306666667,282.8929973333333,1.8357597926663285,0.184513050994698,2015,3
2015-03-12,control,341.779224,378.40031799999997,2.100452228554077,0.2311233867805868,2015,3
2015-03-12,irrigation stop,267.5651863333333,294.28622633333333,1.9286112170292993,0.18991280948814107,2015,3
2015-03-13,control,358.86906750000003,393.04875500000003,2.2144556746800963,0.21830289368601136,2015,3
2015-03-13,irrigation stop,282.89299766666664,308.934664,2.0512594664902526,0.18539549494966323,2015,3
2015-03-14,control,364.485189,405.1526265,2.255108829881408,0.26041346362513523,2015,3
2015-03-14,irrigation stop,287.815777,323.58310166666666,2.09494193590093,0.2665707528017637,2015,3
2015-03-15,control,383.28313000000003,436.99406750000003,2.381476601239079,0.34027483231077416,2015,3
2015-03-15,irrigation stop,297.92054233333334,343.11435166666666,2.1843119112131717,0.3260337826110932,2015,3
2015-03-16,control,403.3538495,456.52531799999997,2.5159854439028946,0.3325899324868797,2015,3
2015-03-16,irrigation stop,314.02277333333336,361.0179973333333,2.3113974110212627,0.3378414117108177,2015,3
2015-03-17,control,421.1725745,471.17375500000003,2.6314851394600987,0.31827318996111903,2015,3
2015-03-17,irrigation stop,326.42186833333335,362.64560166666666,2.4147977244116703,0.250225319325445,2015,3
2015-03-18,control,434.5526615,488.263599,2.723486946855789,0.34027483231077416,2015,3
2015-03-18,irrigation stop,333.34872666666666,373.903891,2.4714364876815957,0.28428686341525683,2015,3
2015-03-19,control,444.3182865,498.029224,2.794176918353523,0.3402748323107743,2015,3
2015-03-19,irrigation stop,339.85914333333335,385.3993233333333,2.5322588081793365,0.32233988758198795,2015,3
2015-03-20,control,447.488947,446.75969250000003,2.821980230347652,-4.2681874400501106e-4,2015,3
2015-03-20,irrigation stop,336.74319833333334,339.96847233333335,2.512922669888565,0.027258385641465533,2015,3
2015-03-21,control,400.372974,465.3870915,2.534296059725837,0.40753862727215684,2015,3
2015-03-21,irrigation stop,277.56639966666665,323.58310166666666,2.105191190404328,0.3405727824401733,2015,3
2015-03-22,control,419.904224,483.044902,2.6562679983505997,0.3988294502522468,2015,3
2015-03-22,irrigation stop,289.403414,354.507581,2.206256867892291,0.4444656528949779,2015,3
2015-03-23,control,444.3182865,500.344929,2.8135849227242296,0.34758323086828835,2015,3
2015-03-23,irrigation stop,318.700289,373.25101433333333,2.4088847781329825,0.38497705857504955,2015,3
2015-03-24,control,463.8495365,516.735874,2.935556861348992,0.33430583897987803,2015,3
2015-03-24,irrigation stop,334.9763306666667,382.17685166666666,2.5302287947124995,0.3383240333486721,2015,3
2015-03-25,control,452.716194,484.5067665,2.8743008780010073,0.20108250275465955,2015,3
2015-03-25,irrigation stop,321.9554973333333,357.46084633333334,2.440453219304288,0.2509015931859228,2015,3
2015-03-26,control,454.0839115,526.4499785,2.889126894817796,0.45105283798273066,2015,3
2015-03-26,irrigation stop,326.83831,396.825289,2.4778820825017256,0.4962305411339281,2015,3
2015-03-27,control,479.8024,524.884693,3.046182104290389,0.2875190703981734,2015,3
2015-03-27,irrigation stop,347.997164,390.3148723333333,2.6366549614399157,0.2959332699729598,2015,3
2015-03-28,control,469.3892965,497.6099595,2.988907660833201,0.17730642445239908,2015,3
2015-03-28,irrigation stop,334.9763306666667,360.87331266666666,2.5419174858534297,0.17778510837740316,2015,3
2015-03-29,control,353.98625549999997,334.45500549999997,2.2324827040731523,-0.13167594081011583,2015,3
2015-03-29,irrigation stop,236.84199533333333,217.78883066666666,1.8490922549560427,-0.14139656589975616,2015,3
2015-03-30,control,242.0933175,307.5995365,1.5438285714498914,0.42080478149683065,2015,3
2015-03-30,irrigation stop,165.29158266666667,198.25503666666665,1.2741685442835922,0.2285497082357914,2015,3
2015-03-31,control,308.411384,380.841724,1.9640445855599435,0.4309594304931787,2015,3
2015-03-31,irrigation stop,199.26895033333332,269.87216433333333,1.5054809759337244,0.4832428580620436,2015,3
2015-04-01,control,351.544849,383.09126749999996,2.2051062072037024,0.19924157292509043,2015,4
2015-04-01,irrigation stop,247.08570566666666,269.872164,1.8299348757870377,0.15117971766136465,2015,4
2015-04-02,control,317.3651615,377.3533295,1.9965073157030444,0.37115752343087166,2015,4
2015-04-02,irrigation stop,216.16122666666666,264.98935166666666,1.6079929624336662,0.34241956099636534,2015,4
2015-04-03,control,305.15813000000003,349.10344299999997,1.9227008532960874,0.2744368650281978,2015,4
2015-04-03,irrigation stop,201.512789,235.30311866666665,1.5024331646427727,0.23309939141168037,2015,4
2015-04-04,control,324.68938000000003,378.2658495,2.04467279192085,0.3298647018893238,2015,4
2015-04-04,irrigation stop,214.02928066666666,264.8369623333333,1.5879728082616094,0.3606266183155085,2015,4
2015-04-05,control,347.007874,405.2557865,2.1812813109163525,0.3640997285981239,2015,4
2015-04-05,irrigation stop,232.43726833333332,278.010185,1.723492634041179,0.3158130200033347,2015,4
2015-04-06,control,378.40031750000003,427.22844250000003,2.375243622046271,0.3049298465619069,2015,4
2015-04-06,irrigation stop,255.33847166666666,287.77581,1.8879442435238252,0.22533669008614815,2015,4
2015-04-07,control,393.5207085,446.5845825,2.4740529339840625,0.3320249243474058,2015,4
2015-04-07,irrigation stop,264.199473,295.8620853333333,1.959857203193221,0.2112707207655713,2015,4
2015-04-08,control,417.46281750000003,466.29094250000003,2.62889150148115,0.3049298465619069,2015,4
2015-04-08,irrigation stop,273.1273723333333,302.42424766666664,2.0194098269600103,0.20031335043150836,2015,4
2015-04-09,control,433.63606100000004,496.4674955,2.7333154885574427,0.394683451883901,2015,4
2015-04-09,irrigation stop,279.637789,320.327893,2.0743878024857465,0.2792666015996265,2015,4
2015-04-10,control,451.9995775,502.9120365,2.8539214820898757,0.3207272549191207,2015,4
2015-04-10,irrigation stop,274.75497633333333,310.56226833333335,2.0378413840820384,0.24183774265428637,2015,4
2015-04-11,control,461.7339215,522.4432865,2.9244471885033274,0.3770254887199535,2015,4
2015-04-11,irrigation stop,269.872164,310.548001,1.9945681767513608,0.2724449460143299,2015,4
2015-04-12,control,478.497974,541.964027,3.031887816410241,0.3963327254090751,2015,4
2015-04-12,irrigation stop,266.86591366666664,307.30705966666665,1.9636376908360407,0.27013696321895747,2015,4
2015-04-13,control,493.1464115,559.0643805,3.1282187714714897,0.4140812947177309,2015,4
2015-04-13,irrigation stop,258.52092933333336,307.299891,1.8924940031458188,0.33042673961618174,2015,4
2015-04-14,control,513.008706,583.4784425,3.256781115880342,0.43798387046735043,2015,4
2015-04-14,irrigation stop,260.106539,299.169039,1.896333068913389,0.26171749064897487,2015,4
2015-04-15,control,532.2939955,581.0370365,3.3824825444651436,0.3091659535989632,2015,4
2015-04-15,irrigation stop,250.340914,287.77581,1.8097866522163475,0.2585044089919333,2015,4
2015-04-16,control,513.6826415,518.7039255,3.2774778775604774,0.03574287137921828,2015,4
2015-04-16,irrigation stop,216.23787933333332,216.16122666666666,1.5450557289246272,-0.01888360447747245,2015,4
2015-04-17,control,461.40813000000003,546.8540435,2.956700375406308,0.5291728640770669,2015,4
2015-04-17,irrigation stop,164.07789333333332,237.06089666666665,1.134651084788903,0.5010738560079582,2015,4
2015-04-18,control,476.51164600000004,559.0643805,3.0505690715090723,0.5111389990508548,2015,4
2015-04-18,irrigation stop,169.73302666666666,237.51725399999998,1.1589485964456532,0.4731053360752969,2015,4
2015-04-19,control,488.361896,568.6482570000001,3.1226973301606207,0.4990422986420032,2015,4
2015-04-19,irrigation stop,165.87648099999998,229.85835233333333,1.1264299397381436,0.43255712340165037,2015,4
2015-04-20,control,505.24537050000004,583.478443,3.2305697221863308,0.48845527274722617,2015,4
2015-04-20,irrigation stop,167.380858,222.67164333333332,1.1296802111306765,0.37108116533227425,2015,4
2015-04-21,control,524.8846925,600.5682865,3.3579611770294635,0.47506726403011235,2015,4
2015-04-21,irrigation stop,165.70549766666667,219.416435,1.1068775492464633,0.36727728622345696,2015,4
2015-04-22,control,532.2089115,612.7753175,3.4109786574624277,0.5055602455638213,2015,4
2015-04-22,irrigation stop,152.684664,216.16122666666666,1.005413279283988,0.44213501381525466,2015,4
2015-04-23,control,542.1398495000001,622.540943,3.4780132708274807,0.5043636057263077,2015,4
2015-04-23,irrigation stop,146.17424733333334,203.140393,0.9580445420892059,0.39388382721648757,2015,4
2015-04-24,control,555.728478,568.830005,3.571524637794739,0.0851334066038229,2015,4
2015-04-24,irrigation stop,138.03622666666666,149.009795,0.8940091387375018,0.07553837414851447,2015,4
2015-04-25,control,463.8495365,559.06438,2.9889288728715897,0.6067432022145914,2015,4
2015-04-25,irrigation stop,84.325289,168.35286166666666,0.5580512473989835,0.5904689612958306,2015,4
2015-04-26,control,501.641078,583.478443,3.2379234766440863,0.5102135248455297,2015,4
2015-04-26,irrigation stop,97.34612233333333,178.72633066666666,0.6393351396825113,0.5877549338664508,2015,4
2015-04-27,control,488.263599,566.3718994999999,3.160801801020094,0.48291487102239694,2015,4
2015-04-27,irrigation stop,79.61543,163.07892066666668,0.527522967456354,0.5887397304090088,2015,4
2015-04-28,control,500.47063000000003,573.712818,3.239460261397246,0.4476907707799891,2015,4
2015-04-28,irrigation stop,81.614459,154.31226833333332,0.5391438580024374,0.5066462482445547,2015,4
2015-04-29,control,478.497974,565.1165945,3.109519833893066,0.5305144379915632,2015,4
2015-04-29,irrigation stop,66.88436633333333,149.429456,0.4447298081435487,0.5753201280826221,2015,4
2015-04-30,control,451.64250500000003,363.5050145,2.9248264126499857,-0.5458086969278593,2015,4
2015-04-30,irrigation stop,59.911226666666664,43.074753,0.3983637702168456,-0.11188075154697251,2015,4
2015-05-01,control,229.4745365,273.419849,1.5252656093744366,0.2695848608130397,2015,5
2015-05-01,irrigation stop,14.33831,24.103934666666667,0.09533877952320176,0.06813093118012224,2015,5
2015-05-02,control,157.65867550000002,131.8182865,1.065656868300454,-0.1648069548310159,2015,5
2015-05-02,irrigation stop,0,1.575216,0,0.009619937379485794,2015,5
2015-05-03,control,65.917969,68.3593755,0.4771573094193708,0.0031164909092223567,2015,5
2015-05-03,irrigation stop,0,4.882812666666666,0,0.037428863197437885,2015,5
2015-05-04,control,71.573531,129.327113,0.4986879563468325,0.3598341311922214,2015,5
2015-05-04,irrigation stop,0,12.738703666666666,0,0.0846757780473893,2015,5
2015-05-05,control,53.7109375,197.7539065,0.3887948432375395,0.8631530404753696,2015,5
2015-05-05,irrigation stop,0,67.83350766666666,0,0.45731900138973414,2015,5
2015-05-06,control,125.7419175,228.0319265,0.8058652236640854,0.6118827312969488,2015,5
2015-05-06,irrigation stop,33.956817666666666,97.65624966666667,0.21162328375376205,0.42524584916037445,2015,5
2015-05-07,control,149.1190075,246.06197,0.9290087287605965,0.5911740092234326,2015,5
2015-05-07,irrigation stop,43.945312333333334,103.42712933333334,0.27455374686895406,0.4114935621522544,2015,5
2015-05-08,control,153.983635,260.78407649999997,0.9590222060864587,0.6472871894667374,2015,5
2015-05-08,irrigation stop,37.43489566666667,110.13959933333334,0.23302935464617602,0.5075745376490226,2015,5
2015-05-09,control,180.6640625,280.76171899999997,1.113684429001026,0.6081241834372045,2015,5
2015-05-09,irrigation stop,47.20052066666667,105.79427066666666,0.3011602892396316,0.40558859541154646,2015,5
2015-05-10,control,205.62625300000002,309.2948945,1.2652650596254869,0.638825305606805,2015,5
2015-05-10,irrigation stop,52.802298666666665,108.80500466666666,0.3362531253345369,0.3829055973057584,2015,5
2015-05-11,control,238.0736215,341.7968755,1.4710282970442359,0.6392206265482112,2015,5
2015-05-11,irrigation stop,51.032803333333334,107.421875,0.31871992022293233,0.3970863944706247,2015,5
2015-05-12,control,261.23046899999997,374.9335605,1.6240966787800053,0.7066092074233067,2015,5
2015-05-12,irrigation stop,43.945312333333334,102.53906233333333,0.2736713008783024,0.41055049558982093,2015,5
2015-05-13,control,245.2912745,351.2774485,1.53554360955003,0.6633064039160039,2015,5
2015-05-13,irrigation stop,18.739199,87.76537566666667,0.11444139782843928,0.4836360734331422,2015,5
2015-05-14,control,253.90625,214.20451300000002,1.595339204307269,-0.25278266162108487,2015,5
2015-05-14,irrigation stop,13.409287999999998,1.4352426666666667,0.08189131577097382,-0.07276690453809172,2015,5
2015-05-15,control,80.5664065,155.620383,0.5055602491831479,0.4753616829631756,2015,5
2015-05-15,irrigation stop,0,17.32939,0,0.1209506354812249,2015,5
2015-05-16,control,90.49031550000001,197.3502675,0.5722294116555577,0.6339308439625587,2015,5
2015-05-16,irrigation stop,0,67.124813,0,0.4601706841084349,2015,5
2015-05-17,control,109.8637745,220.958114,0.6691127416273888,0.6683183321274417,2015,5
2015-05-17,irrigation stop,13.020833333333334,87.890625,0.0795190001214995,0.5219707145680827,2015,5
2015-05-18,control,104.446553,152.514655,0.6261094265045124,0.29461539389919245,2015,5
2015-05-18,irrigation stop,6.738787333333334,33.492829,0.04115417324375751,0.18937361733816646,2015,5
2015-05-19,control,134.277344,189.2540125,0.8118710733483414,0.3397330177287541,2015,5
2015-05-19,irrigation stop,16.508725666666667,55.87486466666667,0.11362191229902373,0.28235979131883115,2015,5
2015-05-20,control,158.6914065,243.887028,0.9643359971261396,0.5293655284218598,2015,5
2015-05-20,irrigation stop,30.996939333333334,98.59699566666667,0.22306678026858232,0.48467817256982926,2015,5
2015-05-21,control,173.339844,241.699219,1.055814950597867,0.42690178518666966,2015,5
2015-05-21,irrigation stop,31.865225,83.94855833333334,0.2313941617348583,0.37079099552907113,2015,5
2015-05-22,control,183.105469,261.23046899999997,1.1216529214997695,0.48788775449905103,2015,5
2015-05-22,irrigation stop,29.992199,85.57616233333333,0.21995548105224158,0.38632520385938107,2015,5
2015-05-23,control,192.871094,291.53402900000003,1.1874908914079825,0.6151460713205266,2015,5
2015-05-23,irrigation stop,22.703780666666667,91.27194033333333,0.16695299424586924,0.4754353597020186,2015,5
2015-05-24,control,205.1691315,275.87890649999997,1.266808116266784,0.443915515389117,2015,5
2015-05-24,irrigation stop,11.393229,61.534982666666664,0.06957912408846886,0.3567535659113306,2015,5
2015-05-25,control,168.4570315,268.536945,1.0447299708092272,0.6225517507967665,2015,5
2015-05-25,irrigation stop,0,82.60221566666667,0,0.5893734600333502,2015,5
2015-05-26,control,193.2538815,302.734375,1.1992050154228795,0.6816560310755901,2015,5
2015-05-26,irrigation stop,17.903645666666666,97.025498,0.13216633656751273,0.55466509178374,2015,5
2015-05-27,control,219.726563,319.82421899999997,1.3624803104657097,0.6275321841885841,2015,5
2015-05-27,irrigation stop,27.674407666666667,99.283854,0.20617298809613077,0.5011771464031729,2015,5
2015-05-28,control,241.82805100000002,351.5625,1.5030573103090215,0.6924375849367082,2015,5
2015-05-28,irrigation stop,34.32201033333333,110.59813133333334,0.25445669346685873,0.5354439859208636,2015,5
2015-05-29,control,242.42388,353.902672,1.5156341353984122,0.7018536450868111,2015,5
2015-05-29,irrigation stop,18.791015,110.677083,0.13670310763607246,0.6604065252173144,2015,5
2015-05-30,control,256.34765649999997,361.328125,1.6081596974018444,0.6580251693416197,2015,5
2015-05-30,irrigation stop,21.914335,105.14820666666667,0.16203135678929248,0.5936344271039962,2015,5
2015-05-31,control,264.725889,370.8958165,1.6667120909262332,0.6642713437889232,2015,5
2015-05-31,irrigation stop,13.020833333333334,103.227021,0.09297258342445795,0.6501473965570567,2015,5
2015-06-01,control,264.1019485,371.0937505,1.6682876093501382,0.6637352309208655,2015,6
2015-06-01,irrigation stop,6.510416666666667,91.79306366666667,0.03975950006074975,0.6102847056603702,2015,6
2015-06-02,control,280.76171899999997,380.859375,1.7751806239608274,0.6226801835927525,2015,6
2015-06-02,irrigation stop,9.934853,87.53296433333334,0.07264812845147531,0.5512038614459805,2015,6
2015-06-03,control,288.8918995,395.322984,1.8324304286074131,0.6604234246163655,2015,6
2015-06-03,irrigation stop,7.073244666666667,95.67098566666667,0.048445325963237404,0.6403245177093969,2015,6
2015-06-04,control,288.0859375,395.507813,1.8330501023639865,0.6659936644660003,2015,6
2015-06-04,irrigation stop,4.882812666666667,92.77343733333333,0.029819626063405515,0.6360061162131202,2015,6
2015-06-05,control,294.305434,396.89687649999996,1.8754143812914494,0.6385363359125495,2015,6
2015-06-05,irrigation stop,4.882812666666667,97.65625,0.029819626063405515,0.6801617717508608,2015,6
2015-06-06,control,294.03680099999997,415.039063,1.8788557175446265,0.7518639900954757,2015,6
2015-06-06,irrigation stop,6.510417,119.76729033333334,0.046486294436738844,0.8387451613317068,2015,6
2015-06-07,control,249.160592,358.78629950000004,1.5998030411438624,0.6772940108383042,2015,6
2015-06-07,irrigation stop,0,98.85904966666666,0,0.7249362049265178,2015,6
2015-06-08,control,227.10404649999998,349.12109399999997,1.4642975072855642,0.7523409056368073,2015,6
2015-06-08,irrigation stop,0,117.893562,0,0.8581644663939436,2015,6
2015-06-09,control,214.8437505,327.148438,1.3853593378289608,0.6867826438143563,2015,6
2015-06-09,irrigation stop,0,108.990569,0,0.7950582049583735,2015,6
2015-06-10,control,229.492188,360.041579,1.4719862907048564,0.8055721479101174,2015,6
2015-06-10,irrigation stop,23.293498,144.85677066666668,0.16684737743640632,0.8966765269751075,2015,6
2015-06-11,control,234.375,345.92562899999996,1.5024792722385654,0.6910282781151524,2015,6
2015-06-11,irrigation stop,34.486546,139.494762,0.25130490594165533,0.7642544185965915,2015,6
2015-06-12,control,242.7820135,370.612832,1.556330801074131,0.7916188413856667,2015,6
2015-06-12,irrigation stop,42.31770866666667,158.64043933333332,0.30089517218692063,0.8613947815834174,2015,6
2015-06-13,control,258.7890625,336.914063,1.6597961966121955,0.4830357565288561,2015,6
2015-06-13,irrigation stop,61.80827566666667,138.34635433333332,0.4436353774690274,0.5581837624897805,2015,6
2015-06-14,control,232.5845725,361.328125,1.4992229908840775,0.7960738824154459,2015,6
2015-06-14,irrigation stop,37.62632933333333,169.25493766666668,0.25294671117221196,0.972416461478407,2015,6
2015-06-15,control,224.609375,327.148438,1.451197305111537,0.630648678717133,2015,6
2015-06-15,irrigation stop,43.945312333333334,139.34792,0.29330200665799727,0.7043705328969236,2015,6
2015-06-16,control,222.167969,353.985061,1.4335248140467667,0.8086556195656223,2015,6
2015-06-16,irrigation stop,43.945312666666666,168.808891,0.2807308715621018,0.9101048981276761,2015,6
2015-06-17,control,253.9062505,331.8493825,1.6293032150784863,0.47722871371683817,2015,6
2015-06-17,irrigation stop,80.62736,148.11197933333332,0.5508800034829763,0.4948102414191282,2015,6
2015-06-18,control,159.63681200000002,302.734375,1.0099954683032693,0.8999775847512594,2015,6
2015-06-18,irrigation stop,22.866009333333334,124.86148466666667,0.1520414485672398,0.7363747072073942,2015,6
2015-06-19,control,219.9040405,312.5000005,1.4022283020879704,0.5735827244940979,2015,6
2015-06-19,irrigation stop,47.63736433333333,126.885469,0.31200697847816444,0.5803048698410491,2015,6
2015-06-20,control,234.3750005,333.80447000000004,1.4976272742683705,0.6129914117360775,2015,6
2015-06-20,irrigation stop,63.94235,160.55564233333334,0.425934213535629,0.704241901213123,2015,6
2015-06-21,control,236.8164065,351.5625,1.5152997653331408,0.7093071364686481,2015,6
2015-06-21,irrigation stop,81.88235533333334,185.54687466666667,0.5513432714090151,0.7560483848715243,2015,6
2015-06-22,control,178.2226565,297.0258905,1.1251239444923147,0.7580833724275322,2015,6
2015-06-22,irrigation stop,41.860006999999996,123.67304266666667,0.2877316576949791,0.5876457321560601,2015,6
2015-06-23,control,217.2851565,319.82421899999997,1.393327826708378,0.6306486760914962,2015,6
2015-06-23,irrigation stop,60.221353666666666,152.99479166666666,0.40472222222292575,0.6590989555659676,2015,6
2015-06-24,control,229.87093249999998,349.12109399999997,1.4770598790442102,0.7347265322886398,2015,6
2015-06-24,irrigation stop,81.380208,191.997408,0.5424322829405366,0.8002737083315359,2015,6
2015-06-25,control,254.163849,363.51291000000003,1.6263158806584355,0.6756018954743378,2015,6
2015-06-25,irrigation stop,116.42072133333333,200.195312,0.788628615684563,0.6050249066985739,2015,6
2015-06-26,control,266.22965750000003,368.65234399999997,1.7085727976527707,0.6348895544901951,2015,6
2015-06-26,irrigation stop,128.58072866666666,216.471354,0.8713821835798148,0.6436153587961723,2015,6
2015-06-27,control,268.808154,375.976563,1.7274689225816569,0.65930690780892,2015,6
2015-06-27,irrigation stop,144.122683,222.98177066666668,0.9882430867274918,0.5673964018806216,2015,6
2015-06-28,control,285.64453149999997,393.06640649999997,1.8347856156699223,0.6611416602508421,2015,6
2015-06-28,irrigation stop,159.59228466666667,242.82107266666665,1.0921382001272733,0.6092401292293605,2015,6
2015-06-29,control,305.17578149999997,402.83203149999997,1.9616095548905164,0.5953036903426291,2015,6
2015-06-29,irrigation stop,180.31429133333333,247.31370833333332,1.2490784619261157,0.4806326614417851,2015,6
2015-06-30,control,317.3828125,422.01417649999996,2.0451200168571897,0.6409421192021008,2015,6
2015-06-30,irrigation stop,192.05729166666666,263.67187466666667,1.331050236921337,0.5164269904179847,2015,6
2015-07-01,control,324.74586650000003,431.33390099999997,2.093566608793047,0.6551057781461476,2015,7
2015-07-01,irrigation stop,206.705729,283.9622733333333,1.4374924786671959,0.5652188118117434,2015,7
2015-07-02,control,337.3057885,439.4531255,2.178853018004437,0.6188876161946482,2015,7
2015-07-02,irrigation stop,224.60937466666667,295.888164,1.5705412614060852,0.5211030709538356,2015,7
2015-07-03,control,363.76953149999997,468.75000050000006,2.3420813745396796,0.6386171675965504,2015,7
2015-07-03,irrigation stop,250.84404466666666,321.21493166666664,1.7694818219940227,0.5163826623619671,2015,7
2015-07-04,control,380.8593755,501.15140099999996,2.4512328226955034,0.7366681869654006,2015,7
2015-07-04,irrigation stop,273.5482083333333,357.583272,1.9513503397378875,0.6180455429968112,2015,7
2015-07-05,control,371.09375,454.1015625,2.395098851353317,0.5038247358772121,2015,7
2015-07-05,irrigation stop,281.5755203333333,333.658854,2.008865292538346,0.37928268206708854,2015,7
2015-07-06,control,368.65234399999997,482.0827045,2.3725743586990253,0.6903651623440397,2015,7
2015-07-06,irrigation stop,278.442196,340.7679366666667,1.9888474493219896,0.44607281135557125,2015,7
2015-07-07,control,344.3765115,480.793318,2.230814037115707,0.8422392648192433,2015,7
2015-07-07,irrigation stop,267.97721866666666,388.99739566666665,1.913176440019154,0.9007083535685172,2015,7
2015-07-08,control,385.7421875,494.65941150000003,2.4817258042292125,0.6768179734932442,2015,7
2015-07-08,irrigation stop,322.26562466666667,406.8968546666667,2.328159869774724,0.6371636218118464,2015,7
2015-07-09,control,402.83203149999997,500.25323050000003,2.595729253974558,0.5892173716812179,2015,7
2015-07-09,irrigation stop,342.4858726666667,400.39062466666667,2.493847689597362,0.4232501856473507,2015,7
2015-07-10,control,412.8185575,520.0195315,2.6583142489912666,0.6546906329569934,2015,7
2015-07-10,irrigation stop,344.195339,398.76302066666665,2.504656399843839,0.39577481044087354,2015,7
2015-07-11,control,425.088477,524.2409295,2.741715941515756,0.6031606577887856,2015,7
2015-07-11,irrigation stop,359.70052066666665,419.86202699999996,2.6217303521894477,0.4438025870319371,2015,7
2015-07-12,control,428.01000650000003,527.3386405,2.761909692361023,0.6040858360129543,2015,7
2015-07-12,irrigation stop,363.44024233333334,432.9427083333333,2.6514537031675633,0.5159414471611957,2015,7
2015-07-13,control,430.22976300000005,523.654998,2.7784182422885166,0.5609025204421785,2015,7
2015-07-13,irrigation stop,384.114583,426.4322916666667,2.807109772120669,0.3053074026823538,2015,7
2015-07-14,control,428.646303,524.5303015,2.7680338061364287,0.5776229749716733,2015,7
2015-07-14,irrigation stop,389.20872199999997,432.1126596666667,2.8449467729545344,0.3054569959028739,2015,7
2015-07-15,control,434.5703125,528.4137875,2.806063655161825,0.5558737619053371,2015,7
2015-07-15,irrigation stop,405.27343733333333,445.01362566666666,2.958273416141238,0.28320696663862893,2015,7
2015-07-16,control,441.89453149999997,507.7301485,2.8542291340052683,0.3940771737821577,2015,7
2015-07-16,irrigation stop,421.549479,473.63281233333333,3.0804998788921316,0.39946305429701634,2015,7
2015-07-17,control,417.480469,495.23108549999995,2.70176421122116,0.4706217184482878,2015,7
2015-07-17,irrigation stop,419.92187466666667,453.392826,3.0764043490280266,0.23656765174682926,2015,7
2015-07-18,control,365.8730815,475.310979,2.379878007641214,0.663932670115327,2015,7
2015-07-18,irrigation stop,351.5625,423.177083,2.6141566202022575,0.4859900394880112,2015,7
2015-07-19,control,346.75525400000004,483.39843800000006,2.2577369310284663,0.8289965683543652,2015,7
2015-07-19,irrigation stop,356.44531233333333,437.934837,2.608577393121729,0.5875207887122375,2015,7
2015-07-20,control,383.30078149999997,495.3504235,2.478609315945627,0.6800844573240604,2015,7
2015-07-20,irrigation stop,393.8802083333333,445.9635413333333,2.876123154921187,0.37343833164606455,2015,7
2015-07-21,control,390.6797705,495.605469,2.527062407035039,0.6431815543144657,2015,7
2015-07-21,irrigation stop,413.411458,476.25709266666667,3.024956157826347,0.4727983029023792,2015,7
2015-07-22,control,314.94140649999997,467.44765399999994,2.06141153294431,0.9292677790573916,2015,7
2015-07-22,irrigation stop,351.9581816666667,462.239583,2.5802917742890132,0.7991054133600866,2015,7
2015-07-23,control,349.12109399999997,473.6328125,2.265158423849137,0.755737102006155,2015,7
2015-07-23,irrigation stop,398.7630203333333,465.4947913333333,2.913552013866527,0.49156926878495133,2015,7
2015-07-24,control,251.473608,422.1929345,1.626232746329638,1.0711659032233478,2015,7
2015-07-24,irrigation stop,306.621182,393.8802083333333,2.2864326653242375,0.6254221170130079,2015,7
2015-07-25,control,327.148438,415.039063,2.1206619925700823,0.5391697216260793,2015,7
2015-07-25,irrigation stop,333.658854,402.018229,2.4618099057750724,0.500626696610919,2015,7
2015-07-26,control,239.257813,405.273438,1.5523802643879439,1.0367614783104835,2015,7
2015-07-26,irrigation stop,245.768229,364.28936566666664,1.854808622602021,0.8400518342362637,2015,7
2015-07-27,control,300.29296899999997,410.1562505,1.9553765756977084,0.6691101527495859,2015,7
2015-07-27,irrigation stop,281.57552066666665,390.625,2.083742449600504,0.7965438915654365,2015,7
2015-07-28,control,320.39189450000003,366.210938,2.080329533594645,0.2745723340396099,2015,7
2015-07-28,irrigation stop,310.1662053333333,355.9710806666667,2.2758303886591142,0.34363720458375707,2015,7
2015-07-29,control,288.2231845,424.8046875,1.8825224659010242,0.8334432133923606,2015,7
2015-07-29,irrigation stop,288.33572066666665,432.9427083333333,2.11348859368228,1.072654816435522,2015,7
2015-07-30,control,318.018111,434.3669715,2.0642747250829876,0.71120500856656,2015,7
2015-07-30,irrigation stop,356.849575,447.59114566666665,2.634756409130502,0.6569467965617826,2015,7
2015-07-31,control,285.7027055,283.203125,1.854614721444984,-0.027797598273805513,2015,7
2015-07-31,irrigation stop,338.2748956666667,299.47916633333335,2.499374474842206,-0.2647174288851459,2015,7
2015-08-01,control,181.027698,348.1910885,1.1883739953287582,1.0360884331965339,2015,8
2015-08-01,irrigation stop,191.22493933333334,309.24479133333335,1.4208213768831397,0.8527448752165893,2015,8
2015-08-02,control,237.099662,368.65234399999997,1.555603226156683,0.7927111275758043,2015,8
2015-08-02,irrigation stop,219.78704033333332,349.51020666666665,1.6060443359720726,0.9269812969407604,2015,8
2015-08-03,control,272.510125,363.76953149999997,1.7721733446098802,0.5553520261549247,2015,8
2015-08-03,irrigation stop,275.065104,365.51905266666665,1.9919335084899485,0.6665038406380966,2015,8
2015-08-04,control,263.6718755,395.49888150000004,1.7194011909469267,0.7941339276279381,2015,8
2015-08-04,irrigation stop,290.34941933333334,384.114583,2.107220993632346,0.668685267075046,2015,8
2015-08-05,control,294.5332095,417.48046899999997,1.9088316742492633,0.744412526045131,2015,8
2015-08-05,irrigation stop,327.695661,408.5286453333333,2.3683809918193233,0.580333551687708,2015,8
2015-08-06,control,323.22442,448.381789,2.090351898907546,0.7526122284776064,2015,8
2015-08-06,irrigation stop,365.78476233333333,434.57031233333333,2.646819174041725,0.5039414599862716,2015,8
2015-08-07,control,361.328125,464.93774900000005,2.3341128820409356,0.6286940962132226,2015,8
2015-08-07,irrigation stop,411.783854,475.2604166666667,2.995168685871199,0.4699246265925482,2015,8
2015-08-08,control,297.851563,328.458506,1.9474080868182913,0.1752814294471512,2015,8
2015-08-08,irrigation stop,386.31517866666667,406.90104133333335,2.813159689935563,0.14634502370330393,2015,8
2015-08-09,control,131.749808,206.7867035,0.9051711427220781,0.4558300351591864,2015,8
2015-08-09,irrigation stop,256.493669,252.27864533333334,1.8395587389994166,-0.04644216231926328,2015,8
2015-08-10,control,122.2681995,253.6561755,0.8312917909450795,0.7864972157787304,2015,8
2015-08-10,irrigation stop,198.567708,292.96875,1.3621011582659606,0.6842573050282986,2015,8
2015-08-11,control,151.963524,273.3989395,0.9981192078150889,0.72861681122015165,2015,8
2015-08-11,irrigation stop,214.84375,311.96688033333334,1.470874041127229,0.7076080504349257,2015,8
2015-08-12,control,183.105469,307.6171875,1.1847289352077197,0.7605891035956763,2015,8
2015-08-12,irrigation stop,240.88541633333332,341.79687466666667,1.6612314362551666,0.7450796233096278,2015,8
2015-08-13,control,151.367188,126.953125,0.9743945340204522,-0.15246492640343506,2015,8
2015-08-13,irrigation stop,200.19531233333333,179.03645833333334,1.4150491225412714,-0.15116364060723597,2015,8
2015-08-14,control,34.1796875,33.875994500000004,0.24741490024207058,-0.007050329859761333,2015,8
2015-08-14,irrigation stop,117.566934,113.93229133333334,0.760345638886207,-0.02307942414147123,2015,8
2015-08-15,control,0,70.8007815,0,0.4154622733147073,2015,8
2015-08-15,irrigation stop,86.62118133333333,113.93229166666667,0.5636102659677344,0.20783957824482666,2015,8
2015-08-16,control,9.765625,136.188277,0.0512819671270283,0.7706239379179995,2015,8
2015-08-16,irrigation stop,71.61458333333333,133.46354166666666,0.46559277526069937,0.44619839076802387,2015,8
2015-08-17,control,48.8281245,151.3671875,0.2806698379760426,0.6112406743464269,2015,8
2015-08-17,irrigation stop,87.890625,155.64638933333333,0.5649915254125737,0.4742653491186381,2015,8
2015-08-18,control,53.710937,153.8085935,0.29660681935420363,0.5984201812518515,2015,8
2015-08-18,irrigation stop,73.24218733333333,127.906052,0.47465020308666694,0.37541143051826126,2015,8
2015-08-19,control,78.125,180.6640625,0.43936774357228564,0.6160926723166218,2015,8
2015-08-19,irrigation stop,97.65624966666667,178.526297,0.633122456592696,0.5601029267018804,2015,8
2015-08-20,control,100.8378545,214.411352,0.5739254552132795,0.6821518724653771,2015,8
2015-08-20,irrigation stop,125.32552066666666,214.18285033333333,0.8208485926577689,0.6298917687511524,2015,8
2015-08-21,control,129.394531,241.4196925,0.7474140784177782,0.6799072504836123,2015,8
2015-08-21,irrigation stop,149.45160766666666,239.25781233333333,0.9933002519561825,0.6489499574941143,2015,8
2015-08-22,control,156.25,221.8859735,0.9175514958859836,0.40289645705477456,2015,8
2015-08-22,irrigation stop,169.27083333333334,219.72656233333333,1.1316836388420337,0.3675779104586963,2015,8
2015-08-23,control,146.496598,196.79970600000001,0.8711857156699684,0.3010750257600697,2015,8
2015-08-23,irrigation stop,161.13281233333333,203.45052066666668,1.0676482332739183,0.3085044072852666,2015,8
2015-08-24,control,80.566406,210.9091285,0.4473362324517029,0.7960613015828242,2015,8
2015-08-24,irrigation stop,117.34352266666666,221.35416633333332,0.7833256726680982,0.7437415642476428,2015,8
2015-08-25,control,130.2656615,241.6992185,0.7682758926770615,0.6707728301509045,2015,8
2015-08-25,irrigation stop,151.36718733333333,253.90625,1.015618220316826,0.7348391250770443,2015,8
2015-08-26,control,155.2340935,278.3203125,0.9267726958524858,0.7482514153455886,2015,8
2015-08-26,irrigation stop,175.9236,296.113416,1.1884905790106493,0.8796599507971404,2015,8
2015-08-27,control,191.763273,302.734375,1.1574134144610406,0.6749276211106634,2015,8
2015-08-27,irrigation stop,211.58854133333332,310.08294166666667,1.4460323888828932,0.722709269857208,2015,8
2015-08-28,control,210.358517,321.6270055,1.2793221312336405,0.6764892779439966,2015,8
2015-08-28,irrigation stop,231.11979133333332,329.607865,1.5957478399951157,0.7222391802480476,2015,8
2015-08-29,control,227.050781,348.240706,1.3863857780976512,0.7382934560470098,2015,8
2015-08-29,irrigation stop,253.90625,357.74949833333335,1.7720698355137023,0.7620382929172721,2015,8
2015-08-30,control,263.6718745,373.19250950000003,1.6126571606630797,0.6721628228827803,2015,8
2015-08-30,irrigation stop,298.12474833333334,385.28273733333333,2.115559861974609,0.6380095557162789,2015,8
2015-08-31,control,280.76171850000003,274.64074600000004,1.7266606104084252,-0.0369949018678389,2015,8
2015-08-31,irrigation stop,319.01311166666665,323.8932286666667,2.2794076295392753,0.03068560945811523,2015,8
2015-09-01,control,247.4743065,310.8871825,1.5425918706133706,0.33420850730882395,2015,9
2015-09-01,irrigation stop,271.80989566666665,400.2417673333333,1.9235341017338248,0.9489359837191842,2015,9
2015-09-02,control,257.386806,306.8238515,1.596273736755005,0.2608175998887746,2015,9
2015-09-02,irrigation stop,310.87239566666665,402.018229,2.2212001117962417,0.6693394515821399,2015,9
2015-09-03,control,261.81119,324.7331775,1.6211360087635107,0.3316307175698122,2015,9
2015-09-03,irrigation stop,323.893229,440.3107273333333,2.322664378345384,0.8496150288010447,2015,9
2015-09-04,control,273.674207,318.22844,1.685060575635072,0.2351766163252606,2015,9
2015-09-04,irrigation stop,356.445312,442.708333,2.56623485683703,0.6386373815637691,2015,9
2015-09-05,control,279.376501,332.8683485,1.7166335014836855,0.2821104739107249,2015,9
2015-09-05,irrigation stop,367.8385416666667,460.61197899999996,2.656876806811509,0.6810442177415122,2015,9
2015-09-06,control,281.7045295,327.191622,1.7304872375472247,0.24007531564139584,2015,9
2015-09-06,irrigation stop,389.15557,459.67682033333335,2.822460010740767,0.5155942894368064,2015,9
2015-09-07,control,281.0154645,329.054818,1.72849738967321,0.25347793702052906,2015,9
2015-09-07,irrigation stop,392.35510266666665,461.818379,2.848726538518592,0.5032888332272224,2015,9
2015-09-08,control,279.39354000000003,335.8743415,1.7216088414893704,0.2978062886457983,2015,9
2015-09-08,irrigation stop,393.11461133333336,460.61197866666663,2.8533649029159256,0.4912829105640652,2015,9
2015-09-09,control,282.654428,329.65006700000004,1.7403612778627346,0.2479971058005095,2015,9
2015-09-09,irrigation stop,400.39062466666667,462.1087826666667,2.9121359764440853,0.4474972540383206,2015,9
2015-09-10,control,265.504198,320.70392400000003,1.6519293515346951,0.29107901090594634,2015,9
2015-09-10,irrigation stop,377.355714,427.89381533333335,2.734161965238755,0.36404617057489363,2015,9
2015-09-11,control,279.41057850000004,332.924305,1.7265841788694187,0.2822253665221832,2015,9
2015-09-11,irrigation stop,378.75265966666666,448.862288,2.7458693825474416,0.5176482452245544,2015,9
2015-09-12,control,280.23006050000004,315.018668,1.7325161247738445,0.18389464557890553,2015,9
2015-09-12,irrigation stop,386.960022,404.682528,2.80794705630054,0.12312336727544029,2015,9
2015-09-13,control,240.259176,286.54127500000004,1.5242467017278507,0.2442501131482402,2015,9
2015-09-13,irrigation stop,281.5755203333333,291.3411453333333,2.054520718933306,0.09184109318312632,2015,9
2015-09-14,control,237.923711,275.1537255,1.5136111572724151,0.19671514229280773,2015,9
2015-09-14,irrigation stop,231.472927,275.0651036666667,1.69458556667089,0.3102518532227644,2015,9
2015-09-15,control,248.508818,312.4975565,1.570825070303869,0.3370402507062868,2015,9
2015-09-15,irrigation stop,239.25781233333333,353.190104,1.726168715906647,0.8447789990743885,2015,9
2015-09-16,control,262.5678785,276.85442950000004,1.6434817253572742,0.074303379862212,2015,9
2015-09-16,irrigation stop,288.210203,319.01041633333335,2.09272455834654,0.23287170671028132,2015,9
2015-09-17,control,238.9141995,281.94093399999997,1.5159289583154782,0.2252259409648305,2015,9
2015-09-17,irrigation stop,262.04427066666665,338.54166633333335,1.9132969543591007,0.5620147618099431,2015,9
2015-09-18,control,238.27907050000002,300.1174365,1.5092528913734569,0.3240109617073604,2015,9
2015-09-18,irrigation stop,276.5402296666667,382.41592433333335,2.0242762683946194,0.7681633498649127,2015,9
2015-09-19,control,245.317778,302.7480625,1.542874237185579,0.30086292142604115,2015,9
2015-09-19,irrigation stop,309.135187,398.930693,2.2608754244977223,0.6489528251600649,2015,9
2015-09-20,control,248.5195675,301.478456,1.5563468784302925,0.2773823974055174,2015,9
2015-09-20,irrigation stop,335.8621326666667,408.52864566666665,2.4604805379093255,0.522750412750988,2015,9
2015-09-21,control,246.8545305,289.6458645,1.5442624829686051,0.2239897885728755,2015,9
2015-09-21,irrigation stop,346.67968733333333,407.858571,2.5349348912417264,0.4448296686187418,2015,9
2015-09-22,control,242.7161145,266.76829050000003,1.5191896970787897,0.1255853469892403,2015,9
2015-09-22,irrigation stop,343.8182433333333,367.83854133333335,2.510733090969238,0.17216843424112482,2015,9
2015-09-23,control,244.1051305,299.202791,1.5231429690014429,0.288613673990089,2015,9
2015-09-23,irrigation stop,335.69850133333335,416.6666666666667,2.4459268703457586,0.5887683485703639,2015,9
2015-09-24,control,246.6782875,295.1445255,1.5333144890992783,0.25379026118748454,2015,9
2015-09-24,irrigation stop,364.5833333333333,424.13137333333333,2.6603744390629944,0.43146144784483176,2015,9
2015-09-25,control,244.997264,291.0220955,1.5211461431611513,0.2409697680929091,2015,9
2015-09-25,irrigation stop,368.62832533333335,424.80468733333333,2.6918042356709213,0.40692638659690517,2015,9
2015-09-26,control,238.4334285,286.89966649999997,1.4833368172788366,0.25379026118748443,2015,9
2015-09-26,irrigation stop,367.8385416666667,422.657633,2.6802541890933695,0.3977550069041848,2015,9
2015-09-27,control,239.19381149999998,280.335831,1.4839889654289748,0.21532878715503162,2015,9
2015-09-27,irrigation stop,366.29955566666666,411.7838536666667,2.6641767647622823,0.3313246953810404,2015,9
2015-09-28,control,238.3186335,281.0962135,1.4760523345567513,0.22391756255806688,2015,9
2015-09-28,irrigation stop,367.83854133333335,419.800302,2.67352739471738,0.3802392068941258,2015,9
2015-09-29,control,238.2731715,288.1929185,1.472472770266623,0.2614230343849848,2015,9
2015-09-29,irrigation stop,373.5513843333333,430.011622,2.716475325092824,0.4124320728404071,2015,9
2015-09-30,control,236.5921485,294.8240115,1.4603044279478223,0.30507222831451286,2015,9
2015-09-30,irrigation stop,379.23177066666665,444.2039946666667,2.7600898884685505,0.47939585367387744,2015,9
2015-10-01,control,252.3431305,286.19844950000004,1.5396763093898351,0.1770643303992684,2015,10
2015-10-01,irrigation stop,413.411458,444.335937,3.0127177970025754,0.22723658983945622,2015,10
2015-10-02,control,240.97052150000002,284.137746,1.476614798977772,0.22596369236954617,2015,10
2015-10-02,irrigation stop,393.880208,431.010815,2.8638847918810044,0.2734644878295208,2015,10
2015-10-03,control,236.4318915,284.8981295,1.4494403809356085,0.25379026118748443,2015,10
2015-10-03,irrigation stop,387.3697916666667,435.99184633333334,2.8165160569026337,0.3649020081186483,2015,10
2015-10-04,control,242.0750865,283.217106,1.4757335090299342,0.21532878715503162,2015,10
2015-10-04,irrigation stop,400.11519933333335,442.13884633333333,2.910304608930775,0.31098935049900067,2015,10
2015-10-05,control,220.86281350000002,249.7978015,1.361001232457077,0.1512263269334279,2015,10
2015-10-05,irrigation stop,371.09374966666667,384.114583,2.7010163830787097,0.09154046757024004,2015,10
2015-10-06,control,190.45793700000002,235.90974749999998,1.1979960813371424,0.2379606781385951,2015,10
2015-10-06,irrigation stop,261.21732533333335,288.08593733333333,1.9261125640439456,0.19981983177260398,2015,10
2015-10-07,control,195.528111,270.64927,1.2212801194771543,0.43229982044824916,2015,10
2015-10-07,irrigation stop,240.88541633333332,323.893229,1.7665455408339645,0.6053040482304358,2015,10
2015-10-08,control,188.51948099999998,270.99609350000003,1.159787380077349,0.4961832588333418,2015,10
2015-10-08,irrigation stop,273.43749966666667,349.749357,2.0033892303986414,0.5575840659842711,2015,10
2015-10-09,control,190.4296875,272.847167,1.164966396128054,0.5044035216772503,2015,10
2015-10-09,irrigation stop,299.848667,369.2999956666667,2.20184753498349,0.5066086355723759,2015,10
2015-10-10,control,192.8710935,282.895247,1.1826388871928244,0.5449095920914377,2015,10
2015-10-10,irrigation stop,315.9911833333333,394.505914,2.3098977946018078,0.5777717045147074,2015,10
2015-10-11,control,202.6367185,268.554687,1.233920854319853,0.40437728990674116,2015,10
2015-10-11,irrigation stop,352.6840266666667,397.13541633333335,2.5775064873072595,0.3253390920786203,2015,10
2015-10-12,control,204.4939895,236.816406,1.2485258937710557,0.18914185145362378,2015,10
2015-10-12,irrigation stop,348.662668,367.8385416666667,2.5381963948945923,0.13742867170596004,2015,10
2015-10-13,control,195.3125,251.4648435,1.1906073796915684,0.3385393190048383,2015,10
2015-10-13,irrigation stop,335.286458,377.60416633333335,2.43348669833338,0.316113645616221,2015,10
2015-10-14,control,201.024636,200.13683500000002,1.2257209766359438,-0.004927694127255194,2015,10
2015-10-14,irrigation stop,343.424479,329.8686823333333,2.490795312938839,-0.10488371302264823,2015,10
2015-10-15,control,173.95960200000002,203.50396899999998,1.0639214699144883,0.17627710990950746,2015,10
2015-10-15,irrigation stop,294.596354,320.63802066666665,2.1249983682829665,0.1912398433350007,2015,10
2015-10-16,control,173.7034195,224.609375,1.0584467485049416,0.3054145369384178,2015,10
2015-10-16,irrigation stop,292.99908066666666,346.5894803333333,2.1154082341505043,0.3929109932844921,2015,10
2015-10-17,control,178.222656,206.757521,1.0814559315357442,0.16925238288249522,2015,10
2015-10-17,irrigation stop,312.5,335.286458,2.2580471544351894,0.16639819109066498,2015,10
2015-10-18,control,158.691406,214.2479415,0.9594839929109815,0.33422647158973456,2015,10
2015-10-18,irrigation stop,292.96875,343.236591,2.110096595484995,0.37040805317248804,2015,10
2015-10-19,control,168.880907,212.4023435,1.0235382535368809,0.25681256731416857,2015,10
2015-10-19,irrigation stop,307.61718733333333,353.1901036666667,2.213891498897449,0.3359933922332625,2015,10
2015-10-20,control,175.7812495,223.374864,1.0637834368516472,0.2765856489563946,2015,10
2015-10-20,irrigation stop,319.58505533333334,370.4735043333333,2.295471660507592,0.3811107045620082,2015,10
2015-10-21,control,178.59395849999999,227.050781,1.0785537409003791,0.2835720312370444,2015,10
2015-10-21,irrigation stop,333.6588536666667,386.45991733333335,2.396639655694432,0.3907818279877887,2015,10
2015-10-22,control,183.1054685,222.1679685,1.102244913509737,0.23423987506417243,2015,10
2015-10-22,irrigation stop,349.93489566666665,369.4661453333333,2.512139329518356,0.15412767939124444,2015,10
2015-10-23,control,175.78125,224.609375,1.0589314388814524,0.29522584437655386,2015,10
2015-10-23,irrigation stop,340.1692703333333,374.348958,2.43816404791721,0.26056992538920093,2015,10
2015-10-24,control,187.988281,239.257812,1.1327378986627727,0.30319433325597106,2015,10
2015-10-24,irrigation stop,348.30729133333335,393.880208,2.4963551085133213,0.33952317859300546,2015,10
2015-10-25,control,187.988281,246.582031,1.1278858970732513,0.3562118136889352,2015,10
2015-10-25,irrigation stop,365.65054299999997,390.5259946666667,2.6236216048878895,0.17738259547421276,2015,10
2015-10-26,control,198.6767965,249.023437,1.190700349951391,0.30621785127973394,2015,10
2015-10-26,irrigation stop,371.09374966666667,395.50781233333333,2.6592235173156165,0.1789854088704338,2015,10
2015-10-27,control,221.2851775,270.99609350000003,1.3269970110521734,0.30471362189829,2015,10
2015-10-27,irrigation stop,377.60416633333335,411.7838536666667,2.701630355709771,0.24535144770780284,2015,10
2015-10-28,control,155.095364,138.77860750000002,0.8894941123458902,-0.10622703300445611,2015,10
2015-10-28,irrigation stop,315.94144266666666,279.9479166666667,2.2934002778596514,-0.2645875746581841,2015,10
2015-10-29,control,104.9804685,122.0703125,0.5706891496734421,0.09944744597047096,2015,10
2015-10-29,irrigation stop,216.471354,209.960937,1.565947645257032,-0.0482511865987671,2015,10
2015-10-30,control,95.2148435,139.160156,0.5097031803610607,0.2695848608130397,2015,10
2015-10-30,irrigation stop,191.006204,221.35416633333332,1.3726036259439904,0.21323984436185878,2015,10
2015-10-31,control,126.9531245,160.98755599999998,0.7103335793629751,0.20754743370867107,2015,10
2015-10-31,irrigation stop,214.94614766666666,257.276037,1.5382176363916855,0.2982955700449734,2015,10
2015-11-01,control,146.4843745,192.8710935,0.8323055179877379,0.2824053539076151,2015,11
2015-11-01,irrigation stop,245.849593,292.70236766666665,1.7524218589440268,0.32362918858887085,2015,11
2015-11-02,control,175.80149699999998,226.9280095,1.015409990553147,0.31186307413560654,2015,11
2015-11-02,irrigation stop,283.70562566666666,329.777535,2.0166951811331133,0.33143153489527194,2015,11
2015-11-03,control,193.4814455,207.519531,1.1234797896791076,0.08756203727749398,2015,11
2015-11-03,irrigation stop,310.87239566666665,323.8569013333333,2.219767995942024,0.09524792764811814,2015,11
2015-11-04,control,188.889693,199.580287,1.1052988992685742,0.06768149901440124,2015,11
2015-11-04,irrigation stop,307.61718733333333,314.79907333333335,2.1981233537496205,0.061064009684928255,2015,11
2015-11-05,control,187.988281,209.9609375,1.1036258921067135,0.1347924317193382,2015,11
2015-11-05,irrigation stop,302.062321,327.245426,2.156253556407229,0.19253996758496497,2015,11
2015-11-06,control,192.8710935,206.10958549999998,1.1389708778555807,0.07904543276588834,2015,11
2015-11-06,irrigation stop,312.50166433333334,325.5208333333333,2.2346799363355396,0.09649220356630371,2015,11
2015-11-07,control,194.6210935,207.91008645,1.1506448309241946,0.07939675512848163,2015,11
2015-11-07,irrigation stop,316.00915166666664,328.8808333333333,2.2617168726050583,0.09559148968901061,2015,11
2015-11-08,control,199.93446955,214.1523435,1.1833988220152212,0.08436594594421466,2015,11
2015-11-08,irrigation stop,322.3704163333333,337.018854,2.308174729523925,0.10732468995292171,2015,11
2015-11-09,control,201.9453125,216.59375,1.1988103097676372,0.08662695287589553,2015,11
2015-11-09,irrigation stop,325.68028546666665,341.23655396666663,2.3292707424677057,0.11871321277307095,2015,11
2015-11-10,control,199.503906,206.18408549999998,1.1859898166730618,0.03865149973641328,2015,11
2015-11-10,irrigation stop,327.3080890333333,332.64327123333334,2.3392118352304996,0.04060661388675074,2015,11
2015-11-11,control,194.6210935,201.68722150000002,1.155496831520026,0.04144524703518773,2015,11
2015-11-11,irrigation stop,322.37041666666664,328.8808333333333,2.300565494606304,0.05497797552573647,2015,11
2015-11-12,control,195.1587487,218.6031482,1.1583202059883346,0.13766895604079893,2015,11
2015-11-12,irrigation stop,324.2291934,346.784479,2.31637721161521,0.16725314245509218,2015,11
2015-11-13,control,202.7878622,210.92985115,1.2032347686239098,0.04760781086732238,2015,11
2015-11-13,irrigation stop,338.646458,348.3565810333333,2.4236744013121627,0.07540121775009544,2015,11
2015-11-14,control,190.3008135,192.91136095,1.1242238233856534,0.016325017200674335,2015,11
2015-11-14,irrigation stop,332.1360413333333,326.89525736666667,2.368696425786426,-0.03308230720294317,2015,11
2015-11-15,control,183.09794820000002,204.033333,1.0804296419510453,0.12379112165752323,2015,11
2015-11-15,irrigation stop,316.2612891333333,340.2101925333333,2.248920661568547,0.172614867985428,2015,11
2015-11-16,control,187.6758716,201.9453125,1.1093215700793035,0.07978473750298049,2015,11
2015-11-16,irrigation stop,325.9765458333333,340.3026234,2.3167439925939823,0.10766086155257854,2015,11
2015-11-17,control,194.6210935,209.89261679999998,1.145792829334673,0.09130586053403783,2015,11
2015-11-17,irrigation stop,332.33272836666663,344.5960153666667,2.3636388254233403,0.09198633836710696,2015,11
2015-11-18,control,197.0625,197.0625,1.16346532401877,0,2015,11
2015-11-18,irrigation stop,330.5084373333333,328.880833,2.3453029684861235,-0.010822322204407243,2015,11
2015-11-19,control,177.53125,188.67356604999998,1.0414933853940072,0.06624800160171457,2015,11
2015-11-19,irrigation stop,313.5271137666667,315.8599996666667,2.218043768601121,0.02169940209410899,2015,11
2015-11-20,control,174.30948415,165.3242185,1.0228539123841611,-0.05516698939711079,2015,11
2015-11-20,irrigation stop,302.8391663333333,280.6436351,2.132434557977162,-0.15716402876772706,2015,11
2015-11-21,control,49.328125,56.38967993,0.2590354723520454,0.05163815958015731,2015,11
2015-11-21,irrigation stop,172.9284055,161.237604,1.1684616128852827,-0.0874973386014009,2015,11
2015-11-22,control,32.238281,51.7695315,0.1692920285669275,0.1268239428399209,2015,11
2015-11-22,irrigation stop,130.3783903,133.53862261933332,0.8486146948316465,0.02502127961725121,2015,11
2015-11-23,control,34.6796875,35.849964,0.191816523846856,0.008471225592777567,2015,11
2015-11-23,irrigation stop,122.43937466666667,118.07141386566667,0.7909662960264059,-0.026312436498654036,2015,11
2015-11-24,control,10.265625,4.1962728725,0.05390760384393215,-0.027019825998043534,2015,11
2015-11-24,irrigation stop,88.3171385,81.08138973333334,0.5684606421055654,-0.04771893046593479,2015,11
2015-11-25,control,0,4.882812,0,0.030492981533709062,2015,11
2015-11-25,irrigation stop,73.78564283333334,73.25868552333334,0.4753982587665054,0.004604291480945498,2015,11
2015-11-26,control,0,4.882813,0,0.030492987778672313,2015,11
2015-11-26,irrigation stop,63.845624666666666,52.050000000000004,0.41724676602140376,-0.07203657825038047,2015,11
2015-11-27,control,2.4414065,7.324218500000001,0.012820493094575433,0.030492981533709062,2015,11
2015-11-27,irrigation stop,50.68384427466667,61.413122825,0.33686699386724583,0.07731440502586051,2015,11
2015-11-28,control,2.4414065,4.7944390815,0.012820493094575433,0.017208419073636343,2015,11
2015-11-28,irrigation stop,48.84625653333333,47.16718733333334,0.3329491005123106,-0.011164524149847393,2015,11
2015-11-29,control,0,7.071165000000001,0,0.04633370972027998,2015,11
2015-11-29,irrigation stop,37.40156233333334,42.284375000000004,0.24869174296838015,0.03742886457508481,2015,11
2015-11-30,control,4.6297585,32.628259615,0.028661215036183102,0.15188022489836847,2015,11
2015-11-30,irrigation stop,39.20242973333333,63.994883003333335,0.259783685870082,0.16510140061348716,2015,11
2015-12-01,control,41.859511649999995,82.7549795,0.22901726850673026,0.234161288254548,2015,12
2015-12-01,irrigation stop,63.44322866666667,80.67763955666666,0.4215161007864615,0.11054624422925653,2015,12
2015-12-02,control,79.7286548,85.1963855,0.4447554589876639,0.031243588242553105,2015,12
2015-12-02,irrigation stop,79.71927033333334,79.71927033333334,0.5262095274244206,0,2015,12
2015-12-03,control,82.98162255000001,106.78513275,0.45951671979917896,0.13955474451950506,2015,12
2015-12-03,irrigation stop,75.09904491333333,95.3324789,0.49038430027071633,0.13522887518141646,2015,12
2015-12-04,control,102.286229,119.376073,0.5705944889855298,0.09944744597047096,2015,12
2015-12-04,irrigation stop,94.36770800000001,107.33586813333334,0.6191981879030073,0.08269854800893399,2015,12
2015-12-05,control,114.9033845,116.67644895000001,0.6425176961529979,0.013347774747969478,2015,12
2015-12-05,irrigation stop,102.653048627,102.50572866666667,0.6663266643480168,0.004335789775112758,2015,12
2015-12-06,control,98.7367815,96.541963,0.5449012699025009,-0.011035529102236883,2015,12
2015-12-06,irrigation stop,91.57913580333333,91.11249966666666,0.5954414214258136,-0.0028497745158368704,2015,12
2015-12-07,control,90.1589041,98.387574,0.49235458713382046,0.05001889082276854,2015,12
2015-12-07,irrigation stop,86.85875359333333,89.48489566666667,0.5657313217880184,0.022764796096618113,2015,12
2015-12-08,control,93.99194299999999,97.4034165,0.5154070306697138,0.019842472566948686,2015,12
2015-12-08,irrigation stop,87.30703056333334,90.35210913333334,0.568468975785988,0.025793447437149744,2015,12
2015-12-09,control,92.806715,97.31153365,0.5068275763553902,0.027939424912044757,2015,12
2015-12-09,irrigation stop,86.98320887333334,90.48396776333334,0.5664913775518924,0.028106132781478197,2015,12
2015-12-10,control,90.3293065,87.574661,0.48889447568305794,-0.015087921547130068,2015,12
2015-12-10,irrigation stop,85.55888711333334,86.16914889333333,0.556910514059057,0.009571249795655922,2015,12
2015-12-11,control,82.7549795,94.9620105,0.4437705523905721,0.06895445819179864,2015,12
2015-12-11,irrigation stop,86.22968733333333,89.48489566666667,0.5601246847295777,0.02660654099303064,2015,12
2015-12-12,control,90.079198,90.079198,0.482232026423025,0.0048520005958316206,2015,12
2015-12-12,irrigation stop,89.48489566666667,89.48489533333334,0.5867312257226083,-8.824482070630054e-4,2015,12
2015-12-13,control,75.4307605,72.9332925,0.40530907573248254,-0.008374302248464926,2015,12
2015-12-13,irrigation stop,76.13569584633333,77.32430254333333,0.4926903603594507,0.012715834490262552,2015,12
2015-12-14,control,77.872167,75.4307605,0.418129568827058,-0.00796849249874381,2015,12
2015-12-14,irrigation stop,75.30454456666666,79.65796920333334,0.4939538592883426,0.0257041760288327,2015,12
2015-12-15,control,58.340917,57.34327885,0.31556563457300135,-3.868701178164416e-4,2015,12
2015-12-15,irrigation stop,71.58124966666666,68.03096096666667,0.4676856925561854,-0.01335012395886729,2015,12
2015-12-16,control,60.782323,85.1139919,0.3332381256377717,0.1326242480842964,2015,12
2015-12-16,irrigation stop,68.38760321666666,86.22968733333333,0.4584384812567243,0.11337489461378353,2015,12
2015-12-17,control,82.8201545,87.6377915,0.44909433319467174,0.03487320291496252,2015,12
2015-12-17,irrigation stop,86.22968733333333,89.48489566666667,0.5718133758705078,0.020762196021026524,2015,12
2015-12-18,control,83.35787335,84.86900270000001,0.45664051503383624,0.00986902909173624,2015,12
2015-12-18,irrigation stop,82.974479,82.974479,0.5452068334998303,0,2015,12
2015-12-19,control,77.8721665,82.7549795,0.4229815667972529,0.030492987778672306,2015,12
2015-12-19,irrigation stop,76.92633063333334,81.28465524333333,0.500911826440208,0.03397515332432445,2015,12
2015-12-20,control,78.1194255,92.43708735,0.42477138891949884,0.09410256417357699,2015,12
2015-12-20,irrigation stop,78.15058530966667,85.96378824333334,0.5092637454137754,0.06269066113242343,2015,12
2015-12-21,control,91.35806600000001,114.4932605,0.5108973125825941,0.13835564039941398,2015,12
2015-12-21,irrigation stop,85.15333367733334,105.60000059666667,0.5634388525857478,0.13461218792599416,2015,12
2015-12-22,control,107.613757,107.1690415,0.6082747974251496,-0.0023353226907525124,2015,12
2015-12-22,irrigation stop,99.72015671666666,99.99048467666667,0.6603775936329302,0.0014606881049747623,2015,12
2015-12-23,control,104.9740815,113.026281,0.5900509207669175,0.04858307653711186,2015,12
2015-12-23,irrigation stop,97.02578616066667,106.92540323333334,0.6374631889819877,0.07427540703991842,2015,12
2015-12-24,control,112.051854,121.817479,0.6315804582979112,0.06098596931238138,2015,12
2015-12-24,irrigation stop,103.38259157333333,113.89895800000001,0.6827443001529119,0.07271575555935973,2015,12
2015-12-25,control,119.376073,129.141698,0.6748939365455222,0.06098596931238138,2015,12
2015-12-25,irrigation stop,112.271354,123.4045244,0.7387933907522716,0.0830684090471468,2015,12
2015-12-26,control,126.7598785,141.3487295,0.7186387407949661,0.0910476274698942,2015,12
2015-12-26,irrigation stop,118.92174783333334,131.802604,0.7870169767918415,0.09388262674169846,2015,12
2015-12-27,control,138.907323,155.91168355,0.7920138735807635,0.10385055058997716,2015,12
2015-12-27,irrigation stop,130.175,141.568229,0.8642329385735399,0.08479759955345557,2015,12
2015-12-28,control,151.1745425,170.645604,0.8662560170330715,0.12153625495377482,2015,12
2015-12-28,irrigation stop,139.94062466666668,154.44952623333333,0.9323638697536621,0.10470764238562931,2015,12
2015-12-29,control,168.204198,173.026435,0.9701197809220761,0.034906500719136827,2015,12
2015-12-29,irrigation stop,151.333854,157.38000733333334,1.0104346803801483,0.044281741615988385,2015,12
2015-12-30,control,168.204198,170.645604,0.9749717815179075,0.01282049046893872,2015,12
2015-12-30,irrigation stop,152.14091723333334,155.13510976666666,1.0148430820280085,0.025532883351640435,2015,12
2015-12-31,control,168.204198,189.65310119999998,0.9701197809220761,0.13689406052501063,2015,12
2015-12-31,irrigation stop,149.77986356666668,166.5363032,1.000061922621671,0.11902737164853716,2015,12
2016-01-01,control,183.9301784,186.3701784,1.0717973974643888,0.017662313518537923,2016,1
2016-01-01,irrigation stop,162.93409726666667,164.56409726666666,1.0889448344973567,0.009954506511209825,2016,1
2016-01-02,control,181.4901784,192.58354125,1.0589842902858981,0.07060259249679157,2016,1
2016-01-02,irrigation stop,161.89887766666666,169.05060553333334,1.081740749313425,0.04543990111489983,2016,1
2016-01-03,control,169.2801784,165.65357085,0.9900070984208211,-0.019678682943577032,2016,1
2016-01-03,irrigation stop,146.96290933333333,143.07033196666666,0.9719295983859872,-0.030834620426266574,2016,1
2016-01-04,control,145.469381925,139.9801784,0.8363369671524012,-0.034156498518951306,2016,1
2016-01-04,irrigation stop,128.7574306,118.99076393333334,0.8453794084114035,-0.06725227367226767,2016,1
2016-01-05,control,110.6851784,100.9251784,0.6240884447915798,-0.056101635054010265,2016,1
2016-01-05,irrigation stop,99.63359571666668,99.63359571666666,0.6445326112463496,0.006722917019487957,2016,1
2016-01-06,control,83.83517839999999,81.3901784,0.45883578449536955,-0.012839363545659786,2016,1
2016-01-06,irrigation stop,88.24359571666666,85.440147189,0.5723273934758533,-0.01610506881246126,2016,1
2016-01-07,control,42.79307138,47.5648673895,0.22471811888883053,0.029799690751535,2016,1
2016-01-07,irrigation stop,60.61250860333333,63.34117848666667,0.3965217843712459,0.021379487242432695,2016,1
2016-01-08,control,42.738969385,42.738969385,0.22443401451977102,0.004849206340047166,2016,1
2016-01-08,irrigation stop,55.87998160666667,56.658021004,0.36585608620870147,0.007881253173238493,2016,1
2016-01-09,control,32.973969385,37.853969385,0.17315532943863884,0.030475420697028747,2016,1
2016-01-09,irrigation stop,50.80692905,54.06359571666666,0.3331089710393724,0.02750728743925014,2016,1
2016-01-10,control,32.973969385,37.853969385,0.17315532943863884,0.030475420697028747,2016,1
2016-01-10,irrigation stop,49.32430846,54.06359571666666,0.32405451931126894,0.03656173916735364,2016,1
2016-01-11,control,30.533969385,32.67604903,0.16034222226014808,0.01610778917117369,2016,1
2016-01-11,irrigation stop,49.180262383333336,48.780779624666664,0.3231748213921938,0.0026459900400435375,2016,1
2016-01-12,control,20.768969385,23.213969385,0.1090635371790159,0.017698506783944776,2016,1
2016-01-12,irrigation stop,42.666929051333334,45.36125,0.28339750908355954,0.023191071051238844,2016,1
2016-01-13,control,18.323969385,36.79322248,0.0962241736333561,0.10942661032997597,2016,1
2016-01-13,irrigation stop,42.80536308133333,55.127916666666664,0.2843477264322117,0.08188646531372108,2016,1
2016-01-14,control,26.487442112500002,10.998969384999999,0.1407591647285584,-0.07815136265779656,2016,1
2016-01-14,irrigation stop,40.477916666666665,36.953762599,0.26914714304836956,-0.018851591161380212,2016,1
2016-01-15,control,0,4.88,0,0.030475420697028723,2016,1
2016-01-15,irrigation stop,29.08458333333333,34.77423850666667,0.19339020274640842,0.04058804025164054,2016,1
2016-01-16,control,8.717913905,12.205,0.050629356027596384,0.028019992150405834,2016,1
2016-01-16,irrigation stop,36.755750383333336,46.16423850666666,0.2460794533528452,0.06418111105897367,2016,1
2016-01-17,control,19.53,31.735,0.12196413242069078,0.06894099859967011,2016,1
2016-01-17,irrigation stop,46.49800380533333,68.69498564,0.307837341842749,0.1469401930382523,2016,1
2016-01-18,control,31.735,33.94777162,0.19090513102036089,0.011619868823189612,2016,1
2016-01-18,irrigation stop,67.32090517333333,75.19780172666667,0.4447590144192378,0.08472274788010471,2016,1
2016-01-19,control,24.41,10.82563053,0.14759034677767235,-0.08589279443121864,2016,1
2016-01-19,irrigation stop,70.58090517333333,67.32423850666667,0.49389866926777054,-0.03246632887459517,2016,1
2016-01-20,control,9.765,9.76,0.051278685081132175,0.004822949972878113,2016,1
2016-01-20,irrigation stop,57.87089797333333,64.06757184,0.3836875800586614,0.03943925948207617,2016,1
2016-01-21,control,5.03683594,24.2588495575,0.026707853654163876,0.11008001792882359,2016,1
2016-01-21,irrigation stop,62.440905173333334,80.09169424333334,0.4123107521014874,0.11652340820403412,2016,1
2016-01-22,control,17.085,32.969183961,0.09456721295665167,0.08686051776037079,2016,1
2016-01-22,irrigation stop,64.86784230666667,81.97090516666667,0.4298154514085992,0.12161068747237269,2016,1
2016-01-23,control,12.205,9.27808204,0.06409179225962296,-0.01051090328799767,2016,1
2016-01-23,irrigation stop,64.06757183333333,69.0842313,0.4075791228110994,0.03593227764756165,2016,1
2016-01-24,control,3.5460596024999997,26.86,0.023480471823591892,0.14183463810519426,2016,1
2016-01-24,irrigation stop,51.73951568333333,68.76102730666666,0.33211856330648803,0.1154914360141794,2016,1
2016-01-25,control,43.95,83.01,0.26475778559265406,0.23422985216128725,2016,1
2016-01-25,irrigation stop,70.58090517333333,85.22757184,0.45386981402846976,0.10146621882373502,2016,1
2016-01-26,control,92.775,124.52,0.5551155291751206,0.19096758065293673,2016,1
2016-01-26,irrigation stop,83.60090517333333,96.54361215,0.5395609039776096,0.08897490581145909,2016,1
2016-01-27,control,126.9762306,159.7399448,0.7589814483251429,0.1935346862580985,2016,1
2016-01-27,irrigation stop,94.91361215,115.700933963,0.6185813032778589,0.13880673872851176,2016,1
2016-01-28,control,158.8951438,192.88,0.9460031515067431,0.20757888435159344,2016,1
2016-01-28,irrigation stop,114.58729825,140.37433929333335,0.7507616038967212,0.17574489059040707,2016,1
2016-01-29,control,183.11,185.1601217,1.0974179511717503,0.014840119760884457,2016,1
2016-01-29,irrigation stop,137.23361215,137.23361215,0.9069213140060277,0,2016,1
2016-01-30,control,171.14792035,175.785,1.0249033874125193,0.02435057317649532,2016,1
2016-01-30,irrigation stop,133.98027881666667,135.60694548333333,0.8852891391275274,0.00993414964717868,2016,1
2016-01-31,control,142.47802905,129.4,0.8483031401580309,-0.07659381597299197,2016,1
2016-01-31,irrigation stop,116.07694548333333,106.31361215,0.7674638225632636,-0.06811204735073417,2016,1
2016-02-01,control,88.16005531,86.6725,0.5168504023362243,-0.005908753590151894,2016,2
2016-02-01,irrigation stop,85.23090517333333,86.85423850666666,0.5539287139483245,0.015752964760990203,2016,2
2016-02-02,control,78.28115044,90.33500000000001,0.4550487867367894,0.06784687300141398,2016,2
2016-02-02,irrigation stop,82.42745664933334,91.53028602333333,0.5369153287371259,0.06044131123004666,2016,2
2016-02-03,control,78.13,79.84796255,0.44910545479848607,0.009021491099091545,2016,2
2016-02-03,irrigation stop,85.56395114,91.62213097966666,0.5534955939148044,0.05066775541768065,2016,2
2016-02-04,control,63.480000000000004,94.19973449999999,0.35761674307482405,0.19528204385028147,2016,2
2016-02-04,irrigation stop,80.34757184,96.62090516666666,0.521458287516969,0.11955096121759932,2016,2
2016-02-05,control,68.36500000000001,63.480000000000004,0.38326921379897466,-0.03051161396243555,2016,2
2016-02-05,irrigation stop,85.22757184,83.14417371,0.5579836534779931,-0.013593404308862961,2016,2
2016-02-06,control,56.155,91.7574723,0.3045936092538034,0.216073428803623,2016,2
2016-02-06,irrigation stop,75.46423850666667,85.23090517333334,0.48986979887768506,0.07222328432734107,2016,2
2016-02-07,control,103.5396269,175.785,0.5886025494568228,0.4315362992954333,2016,2
2016-02-07,irrigation stop,93.36757183333333,151.96090516666666,0.6135480638483799,0.405581358426499,2016,2
2016-02-08,control,126.95500000000001,126.95500000000001,0.7151972928842413,0,2016,2
2016-02-08,irrigation stop,103.13090516666666,94.37457907333334,0.7027263837685256,-0.06381642940830391,2016,2
2016-02-09,control,114.75,143.28924779000002,0.6414070879445241,0.17262139577820296,2016,2
2016-02-09,irrigation stop,90.11090517333334,116.1542385,0.6071052417696811,0.16930246132122248,2016,2
2016-02-10,control,83.01,97.66499999999999,0.4553149699988035,0.09637411132911598,2016,2
2016-02-10,irrigation stop,94.03510243666668,101.47625283333333,0.6261133126201819,0.052151289952221645,2016,2
2016-02-11,control,85.7146896,92.16499999499999,0.4792263842203115,0.03802420833892218,2016,2
2016-02-11,irrigation stop,93.36757184,89.84037961333333,0.6211547259502269,-0.029147433832079288,2016,2
2016-02-12,control,83.522748345,80.553733335,0.45902657738630404,-0.016642463310717188,2016,2
2016-02-12,irrigation stop,86.18308908133334,80.34757184,0.5660024671955296,-0.041350821076932366,2016,2
2016-02-13,control,68.36,65.617699115,0.35897705193509427,-0.010152152071149166,2016,2
2016-02-13,irrigation stop,75.46090517333333,71.82775197033334,0.4872018213878656,-0.01762359454058429,2016,2
2016-02-14,control,49.07345898,53.714999999999996,0.2576981514467258,0.0340823506285868,2016,2
2016-02-14,irrigation stop,60.81423850666666,65.67670977099999,0.3951061402094069,0.03634587170779738,2016,2
2016-02-15,control,51.275,63.480000000000004,0.27411818855677467,0.07379020493971729,2016,2
2016-02-15,irrigation stop,63.19981993766667,70.56351856433334,0.4158645294133394,0.04544587701983201,2016,2
2016-02-16,control,59.03281595,65.6981818,0.31970580769942647,0.0398508649547612,2016,2
2016-02-16,irrigation stop,67.310185231,70.56351856433334,0.44144210713881404,0.01986829929435736,2016,2
2016-02-17,control,52.2720383525,60.764079825,0.2753010400985671,0.057796955794458704,2016,2
2016-02-17,irrigation stop,59.36341350433334,59.190905173333334,0.392112576551813,-0.002829349012977899,2016,2
2016-02-18,control,53.714999999999996,64.62489616,0.2917805020753126,0.06926460387765691,2016,2
2016-02-18,irrigation stop,55.93423850666667,54.304238506666664,0.3685108263388013,-0.010850220772583475,2016,2
2016-02-19,control,60.752568015,106.670916115,0.336936457745589,0.279943326018717,2016,2
2016-02-19,irrigation stop,52.74112835333333,94.99423850000001,0.3481145993091044,0.28793151043335863,2016,2
2016-02-20,control,95.44863134500001,77.370916115,0.5502031134523355,-0.10659240355702151,2016,2
2016-02-20,irrigation stop,85.41103504,68.95090517333334,0.5682498502889083,-0.11000677094060089,2016,2
2016-02-21,control,51.27,61.035,0.2692327889513207,0.0561278914211793,2016,2
2016-02-21,irrigation stop,46.16757184,44.509220508,0.3003646456547338,-0.0035219071314018177,2016,2
2016-02-22,control,56.155,78.13000000000001,0.2948852596754713,0.1251050832862563,2016,2
2016-02-22,irrigation stop,44.509220508,56.50333137933333,0.296842738523332,0.07749559883157593,2016,2
2016-02-23,control,65.92,92.239390245,0.3510131510966506,0.15655261711989063,2016,2
2016-02-23,irrigation stop,51.184346498,64.07090517333333,0.3384900659660787,0.08643478249213506,2016,2
2016-02-24,control,67.5376496675,78.97252212400001,0.35787354950682626,0.06336631248386747,2016,2
2016-02-24,irrigation stop,59.18757184,59.18757184,0.3951020426526466,0,2016,2
2016-02-25,control,63.48,62.832492945,0.3333508375781127,0.004851147463703315,2016,2
2016-02-25,irrigation stop,51.7104248,48.933606323333336,0.34194428848007224,-0.017082451649010608,2016,2
2016-02-26,control,58.1973383105,111.90154185,0.30966903817996805,0.3256666684200521,2016,2
2016-02-26,irrigation stop,46.589033803333336,70.57757183999999,0.3096956689346807,0.17513452917071173,2016,2
2016-02-27,control,102.13154184999999,165.60654184999999,0.579171621913434,0.3818464553061286,2016,2
2016-02-27,irrigation stop,68.95090517333333,125.92090516666667,0.47489604845821376,0.3947994042798684,2016,2
2016-02-28,control,136.31154185,104.57154185,0.7877752597177397,-0.18123297470743557,2016,2
2016-02-28,irrigation stop,112.90090516666666,85.22757184,0.7808110041873142,-0.19359851613278192,2016,2
2016-02-29,control,85.38663035,92.30729240000001,0.4960986562403079,0.03634228876752615,2016,2
2016-02-29,irrigation stop,73.83423850666667,77.16474423333332,0.5091321577232861,0.020048188368880435,2016,2
2016-03-01,control,94.81154185000001,164.11261625,0.5455914436162467,0.41679436031904693,2016,3
2016-03-01,irrigation stop,82.71358449666667,143.82090516666668,0.5700955429131436,0.4258916621288022,2016,3
2016-03-02,control,136.31154185,155.701806165,0.7926244660577868,0.11610342793384126,2016,3
2016-03-02,irrigation stop,122.4817259,137.31090516666669,0.854434206806886,0.10003035994859714,2016,3
2016-03-03,control,114.34154185,117.78021441499999,0.6529980201185581,0.024891357758452887,2016,3
2016-03-03,irrigation stop,106.66512403,109.64090516666667,0.7429920813227585,0.023749081819978667,2016,3
2016-03-04,control,102.13654185,152.52934887,0.5840570215188879,0.3065557610388271,2016,3
2016-03-04,irrigation stop,98.24757183333334,135.6842385,0.6819379157920031,0.2567515220888847,2016,3
2016-03-05,control,148.52154185,153.26118787000001,0.866450864262911,0.02945944692721948,2016,3
2016-03-05,irrigation stop,134.24446545,138.94090516666668,0.9297871410763043,0.04136862567917873,2016,3
2016-03-06,control,124.10654184999999,182.70154185,0.7188342611180696,0.35622024094914706,2016,3
2016-03-06,irrigation stop,79.21646312666667,120.3576293,0.5630661874753837,0.29593115190080427,2016,3
2016-03-07,control,148.74336005,189.93497865,0.8676479486478137,0.25006848032050943,2016,3
2016-03-07,irrigation stop,105.30546960666666,144.92390733333332,0.7586830534232006,0.264702796661292,2016,3
2016-03-08,control,163.64361502,199.78654185,0.9565075435531774,0.22281258415078514,2016,3
2016-03-08,irrigation stop,125.91757183333334,160.09757183333335,0.8956967953796598,0.2350989903463534,2016,3
2016-03-09,control,175.37154185,200.8481584,1.0317035245591213,0.15363899456082153,2016,3
2016-03-09,irrigation stop,137.31090516666666,153.24768676666667,0.9737651564911777,0.10846128206679871,2016,3
2016-03-10,control,195.04694934999998,238.2035109,1.1544312315216383,0.2652138596545623,2016,3
2016-03-10,irrigation stop,154.35171150333335,182.88423849999998,1.0921407034745794,0.19159663862326737,2016,3
2016-03-11,control,209.55154184999998,248.61654185,1.2451563687034741,0.24396445810678846,2016,3
2016-03-11,irrigation stop,163.3542385,194.27757183333333,1.1591730417376067,0.2160922719800363,2016,3
2016-03-12,control,218.9861095,260.2047791,1.3085907876562364,0.2551242515864298,2016,3
2016-03-12,irrigation stop,172.02474966666665,202.4142385,1.2267535449319313,0.21253064571668337,2016,3
2016-03-13,control,236.41154185,287.68154185000003,1.4250290345506393,0.30804631346817357,2016,3
2016-03-13,irrigation stop,187.8096408,228.44703186666666,1.3398405723289053,0.290636176557279,2016,3
2016-03-14,control,243.73654185,291.1064423,1.468343818793328,0.2924150306521003,2016,3
2016-03-14,irrigation stop,191.05937169999999,228.45757183333333,1.3731655301960957,0.26410421841515463,2016,3
2016-03-15,control,253.50154185000002,292.10716130000003,1.5341800597928394,0.23183383875199542,2016,3
2016-03-15,irrigation stop,196.71230186666665,230.0842385,1.4186137939530254,0.2353130213248915,2016,3
2016-03-16,control,267.6602091,321.86154185,1.6301001944503613,0.330985553631184,2016,3
2016-03-16,irrigation stop,210.8592385,255.97649913333333,1.519038073629127,0.3369089238733833,2016,3
2016-03-17,control,307.44418045,363.35615555,1.8756678915977885,0.3469801499095795,2016,3
2016-03-17,irrigation stop,246.3642385,280.5442385,1.7887575600755896,0.24270384515791288,2016,3
2016-03-18,control,336.50654185,382.89654185,2.0622466161181325,0.292128448689524,2016,3
2016-03-18,irrigation stop,265.89090516666664,293.47289223333337,1.9299406962124028,0.19605294992070868,2016,3
2016-03-19,control,355.01174185,407.30654185000003,2.183678449863904,0.327985374401519,2016,3
2016-03-19,irrigation stop,277.3121650666667,311.4642385,2.0150179423860752,0.2500365083961078,2016,3
2016-03-20,control,378.01154184999996,432.91178575000004,2.333571800423553,0.3440327392393582,2016,3
2016-03-20,irrigation stop,296.8175718333333,330.39254673333335,2.163590039208022,0.24412701941477447,2016,3
2016-03-21,control,395.09654185,446.37154184999997,2.4475457756386314,0.3226400626519595,2016,3
2016-03-21,irrigation stop,306.5842385,340.7642385,2.244300116138994,0.24446952799162952,2016,3
2016-03-22,control,390.7424066,452.92837005,2.42572611377462,0.3919223291699018,2016,3
2016-03-22,irrigation stop,301.7009051666667,343.91881013333335,2.21271162749971,0.3083608301562469,2016,3
2016-03-23,control,403.66547755,458.58154185,2.5144225347875278,0.33928811438828155,2016,3
2016-03-23,irrigation stop,309.83757183333336,352.1542385,2.2776142494723275,0.3143431606193203,2016,3
2016-03-24,control,420.55300205000003,470.78654185,2.620048070220765,0.3171611334730937,2016,3
2016-03-24,irrigation stop,322.9944113,357.03757183333335,2.3857650059115536,0.23689714777773294,2016,3
2016-03-25,control,436.60654185,451.07340025,2.728605565889553,0.09017295011473339,2016,3
2016-03-25,irrigation stop,330.9975718333333,340.54992603333335,2.4431293810036077,0.07354450661723186,2016,3
2016-03-26,control,409.75154184999997,489.99270079999997,2.5681758555662206,0.49836165711220476,2016,3
2016-03-26,irrigation stop,311.4646663666667,365.17757183333333,2.3000690392400887,0.38752986975514825,2016,3
2016-03-27,control,451.25154184999997,485.00283894999995,2.824917227586093,0.21519881891632348,2016,3
2016-03-27,irrigation stop,342.7064224,363.55090516666667,2.5365824277993605,0.15189432143118747,2016,3
2016-03-28,control,412.19154185,468.34654185,2.5906973123230435,0.3482563401107034,2016,3
2016-03-28,irrigation stop,311.46757183333335,353.7809051666667,2.3118403563743053,0.3093499858506419,2016,3
2016-03-29,control,439.04654185000004,512.28654185,2.76082543532647,0.45253190264568727,2016,3
2016-03-29,irrigation stop,331.15934626666666,381.45090516666664,2.456768953326148,0.35976342379240644,2016,3
2016-03-30,control,412.42906395,502.3151117,2.597265858744149,0.5536101683271596,2016,3
2016-03-30,irrigation stop,308.21090516666663,376.57090516666665,2.291951700215917,0.486291435357471,2016,3
2016-03-31,control,453.69654185,514.73154185,2.852314147050132,0.3787416977059701,2016,3
2016-03-31,irrigation stop,338.05325220000003,384.70757183333336,2.5131242833122105,0.3358744226809396,2016,3
2016-04-01,control,473.22654185,539.1415418500001,2.979137422709108,0.40920718150476076,2016,4
2016-04-01,irrigation stop,347.2742385,402.6142385,2.584660878707163,0.3965250490146313,2016,4
2016-04-02,control,456.13654185,533.62595685,2.879684810147002,0.47484674274441097,2016,4
2016-04-02,irrigation stop,335.89513843333333,395.5305812,2.505783726736547,0.424214039830949,2016,4
2016-04-03,control,500.08154185,566.00154185,3.1492655457125345,0.4092433747701678,2016,4
2016-04-03,irrigation stop,352.15757183333335,412.3002788333333,2.616249367346447,0.45183525821191445,2016,4
2016-04-04,control,517.17154185,592.85654185,3.263275714193019,0.4702204725313942,2016,4
2016-04-04,irrigation stop,360.8293573,433.5342385,2.6915888400168355,0.5366497437619179,2016,4
2016-04-05,control,526.93654185,585.5315418499999,3.329102018294293,0.36592859052747917,2016,4
2016-04-05,irrigation stop,361.99099156666665,414.0042385,2.703208088435373,0.3820475430395167,2016,4
2016-04-06,control,465.10800205,423.9376923,2.9446260981681025,-0.29801758953271285,2016,4
2016-04-06,irrigation stop,316.85291666666666,272.4009051666667,2.3810049583266677,-0.2826072866833628,2016,4
2016-04-07,control,378.00654185,468.34654185,2.3578015126548575,0.56659458386051,2016,4
2016-04-07,irrigation stop,244.7342385,329.23008443333333,1.8846591489196793,0.583875714609817,2016,4
2016-04-08,control,414.63154185,433.8086752,2.588952863583155,0.11939991625911822,2016,4
2016-04-08,irrigation stop,290.3075718333333,305.74635513333334,2.1817330457127864,0.11126095618996891,2016,4
2016-04-09,control,338.95154185,375.57154185,2.0847943292421243,0.2359643640029378,2016,4
2016-04-09,irrigation stop,217.0642385,217.06423850000002,1.6632936072708893,0.02514156896311127,2016,4
2016-04-10,control,347.1206482,426.60890325,2.1501421527036406,0.4866872134691918,2016,4
2016-04-10,irrigation stop,200.99528243333333,273.84839256666663,1.5607480449296836,0.49256770591037036,2016,4
2016-04-11,control,365.80154185000004,441.48654185,2.2694537517967612,0.46537126619134705,2016,4
2016-04-11,irrigation stop,233.33757183333333,292.5302155333333,1.7693987344902262,0.4016365275089389,2016,4
2016-04-12,control,386.1158892,455.19516715,2.4003859129594316,0.42583360713901697,2016,4
2016-04-12,irrigation stop,251.24090516666666,300.4503436,1.8822650096191451,0.33717951623344816,2016,4
2016-04-13,control,403.66813475000004,446.37154184999997,2.51197425287648,0.267909998094205,2016,4
2016-04-13,irrigation stop,263.1127483,294.2282557666667,1.9576036441151905,0.2138116567774313,2016,4
2016-04-14,control,358.47654185,451.25654185,2.250394936152546,0.5648501351206219,2016,4
2016-04-14,irrigation stop,220.47533046666666,295.1875718333333,1.6309664658760719,0.5253148801969549,2016,4
2016-04-15,control,403.68972770000005,417.07654185,2.531494405619599,0.08485537742759502,2016,4
2016-04-15,irrigation stop,257.7542385,265.89423850000003,1.892827263828685,0.052359082589744005,2016,4
2016-04-16,control,387.77654185,443.3297791,2.438221565939917,0.3402471130281262,2016,4
2016-04-16,irrigation stop,241.55486483333334,286.1072190666667,1.7655450497038336,0.30926034487593673,2016,4
2016-04-17,control,348.71654185,356.03654185,2.1700373325000624,0.04813773421556662,2016,4
2016-04-17,irrigation stop,226.83090516666667,225.2042385,1.6466361886997662,-0.023393760155456876,2016,4
2016-04-18,control,309.65154185,365.61218485,1.9454796366517002,0.34723571835992895,2016,4
2016-04-18,irrigation stop,186.50550286666666,229.12933906666666,1.3345237453786922,0.30669737537874225,2016,4
2016-04-19,control,338.94654185,421.8645839,2.1332800100719025,0.5080303356341498,2016,4
2016-04-19,irrigation stop,202.4175718333333,269.14757183333336,1.447806923835153,0.462877318337983,2016,4
2016-04-20,control,362.28130905,439.0194954,2.2779363259687138,0.4729949168090293,2016,4
2016-04-20,irrigation stop,217.0642385,272.1653328333333,1.547507459825171,0.3748835104350873,2016,4
2016-04-21,control,381.106176,456.1311436,2.399645451204295,0.46544272696533145,2016,4
2016-04-21,irrigation stop,225.86825579999999,276.9757327666667,1.603039797589964,0.35049244546786684,2016,4
2016-04-22,control,383.99481235,452.240118,2.4280710198610524,0.4242438924582409,2016,4
2016-04-22,irrigation stop,211.32365534666667,263.7255992,1.4820009713155498,0.36837348171356615,2016,4
2016-04-23,control,314.53654185,356.03654185,1.9953980128725624,0.25674137201987235,2016,4
2016-04-23,irrigation stop,91.73757184,90.03745023666667,0.6164936534410198,0.002181152952284812,2016,4
2016-04-24,control,324.73839775,385.02254619999997,2.0546881526003906,0.373920635485907,2016,4
2016-04-24,irrigation stop,75.99117815999999,147.08090516666667,0.5118427023001909,0.4935915021672184,2016,4
2016-04-25,control,336.99561675,385.33154185,2.1288662896636015,0.30136511907070307,2016,4
2016-04-25,irrigation stop,115.24112762666667,163.02384338666667,0.7668027933072848,0.3372642195559262,2016,4
2016-04-26,control,353.59654185,409.1372688,2.2393262777139435,0.344472751095396,2016,4
2016-04-26,irrigation stop,135.01886053333334,181.03271943666667,0.9022037420637027,0.32350462761444065,2016,4
2016-04-27,control,353.7476923,414.63154184999996,2.2404204033845865,0.3776376351370895,2016,4
2016-04-27,irrigation stop,138.38645498666668,187.76757183333334,0.9151276670236697,0.35344639145467244,2016,4
2016-04-28,control,363.36654185,414.63154185,2.300339568740577,0.32257761301938387,2016,4
2016-04-28,irrigation stop,143.8242385,179.7719131,0.9519034102729764,0.24773641758333168,2016,4
2016-04-29,control,378.01154185,426.84154185,2.3966512304371173,0.30494155586801475,2016,4
2016-04-29,irrigation stop,153.58757183333333,190.26716953333332,1.014176285645868,0.2526013383553194,2016,4
2016-04-30,control,383.04875915,436.9441967,2.4331138989672825,0.3385723828988634,2016,4
2016-04-30,irrigation stop,159.26499836666667,200.78757183333335,1.0506125412257055,0.3027706694097051,2016,4
2016-05-01,control,281.56330975000003,299.15628745000004,1.7688754746838251,0.1020839490976756,2016,5
2016-05-01,irrigation stop,82.48012810333333,92.88751934999999,0.5434419777081793,0.0914710037620054,2016,5
2016-05-02,control,279.4608339,351.15654185,1.765763036935842,0.44619257768123183,2016,5
2016-05-02,irrigation stop,74.95698270333334,141.33891020000002,0.49738905035134606,0.4446297468409067,2016,5
2016-05-03,control,288.48431345,340.39842925,1.8294755261473932,0.3211370912353414,2016,5
2016-05-03,irrigation stop,97.72231551333333,137.6663544,0.6390374889226185,0.2720659999458308,2016,5
2016-05-04,control,285.23654185,367.4749932,1.8124205894252379,0.5031110143195255,2016,5
2016-05-04,irrigation stop,100.73655890666667,160.91791666666666,0.6583293968386859,0.4126300897506543,2016,5
2016-05-05,control,309.65154185,385.08935505,1.9600371925700797,0.4732903162781856,2016,5
2016-05-05,irrigation stop,121.85458333333334,173.0657044733333,0.7975508978337886,0.3617779302326561,2016,5
2016-05-06,control,344.4987813,414.39078695,2.18317909485347,0.43799534570775145,2016,5
2016-05-06,irrigation stop,138.721487581,187.5225963,0.9065270561449686,0.35129656290986,2016,5
2016-05-07,control,361.1644622,431.72154185,2.2941078276750186,0.442809585667189,2016,5
2016-05-07,irrigation stop,143.34132200000002,202.99198433333333,0.9331831792964786,0.43542819183193837,2016,5
2016-05-08,control,373.12654184999997,435.30844030000003,2.3806971723930612,0.3870337608068408,2016,5
2016-05-08,irrigation stop,146.26791666666668,199.98125,0.9510560662075248,0.39243187859486917,2016,5
2016-05-09,control,378.01154184999996,451.25154184999997,2.4160579926955434,0.4573811089857344,2016,5
2016-05-09,irrigation stop,143.3237554,212.63277298666665,0.9263529820106841,0.5087663359982688,2016,5
2016-05-10,control,376.84596535000003,468.05379239999996,2.4147864381260704,0.5705699766945502,2016,5
2016-05-10,irrigation stop,139.76827663333333,225.94720666,0.9037575248730594,0.635318027408966,2016,5
2016-05-11,control,387.77654185,456.13654185,2.4915926463751497,0.42690568828870573,2016,5
2016-05-11,irrigation stop,147.89791666666667,216.25458333333333,0.9610105727187346,0.5038059853954175,2016,5
2016-05-12,control,341.38654185,314.43415825,2.2140217536040048,-0.161134636419547,2016,5
2016-05-12,irrigation stop,105.18032127333333,62.132060169,0.6872315923082597,-0.2697784696561924,2016,5
2016-05-13,control,119.22154185,97.24654185,0.8144815071827625,-0.1396626392046356,2016,5
2016-05-13,irrigation stop,36.536152800000004,39.91917443966667,0.24293743240487972,0.028302819582770724,2016,5
2016-05-14,control,60.62654185,154.44725615,0.438854503975189,0.5675342985550933,2016,5
2016-05-14,irrigation stop,25.827916666666667,62.42877194,0.17173586375430308,0.254372817351679,2016,5
2016-05-15,control,105.164494725,204.67154184999998,0.6924947103563275,0.5949640803437762,2016,5
2016-05-15,irrigation stop,40.98214608,127.99901819333333,0.26340170226124615,0.6027179549164857,2016,5
2016-05-16,control,143.63654185000001,215.9513977,0.9087270298923718,0.4472973935004265,2016,5
2016-05-16,irrigation stop,84.14703113333333,142.5576719,0.5618605174705456,0.41615957177932233,2016,5
2016-05-17,control,158.89414715,241.29154185,0.9997647792530873,0.5042615500897658,2016,5
2016-05-17,irrigation stop,102.05036446666666,168.41547903333333,0.6881864031077424,0.47315242318785206,2016,5
2016-05-18,control,170.49154185,255.73680735,1.0691567402157038,0.5252732471117396,2016,5
2016-05-18,irrigation stop,113.4436978,178.04462653333334,0.7671367020113317,0.469187513006987,2016,5
2016-05-19,control,146.07654184999998,219.31654185000002,0.9312385497509568,0.4525319026456873,2016,5
2016-05-19,irrigation stop,97.35984723333334,150.19341044333333,0.6402405469056929,0.3833499614843805,2016,5
2016-05-20,control,163.17154185,248.61654185,1.0404257682585636,0.5214729012453573,2016,5
2016-05-20,irrigation stop,102.26882379999999,163.90036446666667,0.6778248122671048,0.42999062619810857,2016,5
2016-05-21,control,175.07939105,265.70654185,1.1126555530964062,0.5535449353096676,2016,5
2016-05-21,irrigation stop,108.0426297,172.03703113333333,0.7081285525758193,0.45114186657346156,2016,5
2016-05-22,control,191.76359525,297.44654185,1.2179230379506998,0.653766393761283,2016,5
2016-05-22,irrigation stop,116.69703113333334,202.96036446666665,0.7627453701346494,0.6435980619356215,2016,5
2016-05-23,control,77.71654185,25.463179781,0.509192004700536,-0.32776777249530664,2016,5
2016-05-23,irrigation stop,59.73369780333333,29.83643358433333,0.3858614007798435,-0.18610923866798582,2016,5
2016-05-24,control,0,82.68208725,0,0.4924065350029745,2016,5
2016-05-24,irrigation stop,11.18125,31.635072893333337,0.07434674857384167,0.14509523499452603,2016,5
2016-05-25,control,29.837990344999998,131.5150189,0.17124500193528835,0.6115609279130838,2016,5
2016-05-25,irrigation stop,7.320401114333333,74.86168916666666,0.04638167709229306,0.45524314879107186,2016,5
2016-05-26,control,38.2055024285,131.81367315,0.20382091971337865,0.5611465630054859,2016,5
2016-05-26,irrigation stop,28.378406226666666,95.10840623333333,0.17848886209014161,0.469612204617913,2016,5
2016-05-27,control,53.68367315,165.7787281,0.28675685298185777,0.6711279763921397,2016,5
2016-05-27,irrigation stop,40.736548776666666,130.43643856666665,0.25681654476187815,0.653550088295777,2016,5
2016-05-28,control,85.149656115,197.2460358,0.47454349710612964,0.6864391100966407,2016,5
2016-05-28,irrigation stop,62.558406233333336,150.4450729,0.4153517280613516,0.6476570990220505,2016,5
2016-05-29,control,70.87044305,3.9164826670000004,0.39156683708907286,-0.36628061807946827,2016,5
2016-05-29,irrigation stop,51.16507289333333,3.760561183,0.32470750144248717,-0.29639866202436976,2016,5
2016-05-30,control,0,141.03788079999998,0,0.8608011122385997,2016,5
2016-05-30,irrigation stop,0,48.78940249666667,0,0.36733766258592776,2016,5
2016-05-31,control,79.997880795,184.9778808,0.48688236446931454,0.6240664647092218,2016,5
2016-05-31,irrigation stop,12.800979169666666,94.3646911,0.0822622485013917,0.5663709335420062,2016,5
2016-06-01,control,104.407880795,208.99435655,0.6150659489885605,0.6316983739497319,2016,6
2016-06-01,irrigation stop,39.08090419333333,115.42981373333333,0.2448465749065332,0.5368440545203845,2016,6
2016-06-02,control,114.177880795,109.297880795,0.6712300336751467,-0.025626214356981543,2016,6
2016-06-02,irrigation stop,47.604035943333336,37.398024426666666,0.2986617207368565,-0.05823964376039716,2016,6
2016-06-03,control,75.112880795,151.82128035,0.43697392514669037,0.4610370675182939,2016,6
2016-06-03,irrigation stop,22.59395675,84.24949311666667,0.1404570100299702,0.4488798821452538,2016,6
2016-06-04,control,53.67849055,179.98609745,0.3098585251648757,0.7651687351421499,2016,6
2016-06-04,irrigation stop,14.695677413333332,110.63802443333334,0.09062930987652873,0.698633075214322,2016,6
2016-06-05,control,84.882880795,204.5078808,0.4979872161733237,0.7300666021876184,2016,6
2016-06-05,irrigation stop,35.76802442666666,125.95752767,0.243031466712154,0.6545454183148529,2016,6
2016-06-06,control,114.17788079500001,239.66155335,0.680928446355241,0.7676262939543548,2016,6
2016-06-06,irrigation stop,51.18410794,152.09775173333333,0.3536890146493297,0.7326007355427112,2016,6
2016-06-07,control,119.38880079,250.8928808,0.7132375881890209,0.8069184224942763,2016,6
2016-06-07,irrigation stop,53.67135776,160.2796011,0.3693435758800486,0.7758022703015162,2016,6
2016-06-08,control,137.4567389,209.139164,0.8300292620493014,0.44176138990090474,2016,6
2016-06-08,irrigation stop,63.43802443333334,115.22251687333333,0.43837350164647526,0.3798373868141403,2016,6
2016-06-09,control,104.412880795,226.16400285,0.6345089045123937,0.7412314504258162,2016,6
2016-06-09,irrigation stop,37.398024426666666,128.5446911,0.24129204554880246,0.6567816751412983,2016,6
2016-06-10,control,158.12288080000002,275.3128808,0.9602175315352985,0.7269980378166734,2016,6
2016-06-10,irrigation stop,79.7146911,173.74658763333332,0.5606062168639099,0.6751180478134751,2016,6
2016-06-11,control,143.4616861,192.3028808,0.8783461979420808,0.3050325273159027,2016,6
2016-06-11,irrigation stop,67.07424312666667,102.38518066666667,0.46708568584566745,0.24392572307312257,2016,6
2016-06-12,control,118.0674041,214.10553565,0.7256193022636117,0.5867987442147968,2016,6
2016-06-12,irrigation stop,43.904691093333334,123.66135776666667,0.2819105819295887,0.5836927123291566,2016,6
2016-06-13,control,105.505741105,177.6528808,0.6472689475029272,0.43976192279310916,2016,6
2016-06-13,irrigation stop,37.40171773,97.61802443333333,0.23370793870980378,0.4397645532830248,2016,6
2016-06-14,control,65.352880795,187.41788079999998,0.3808722900926801,0.7574372652844884,2016,6
2016-06-14,irrigation stop,27.628024426666666,133.4245039,0.17137179438671532,0.7740381389054154,2016,6
2016-06-15,control,109.297880795,226.4828808,0.6601613752365443,0.7221126382474126,2016,6
2016-06-15,irrigation stop,60.33945712,160.99280483333334,0.42417907925991977,0.7285157029510559,2016,6
2016-06-16,control,119.05788079999999,181.31015645000002,0.7259614230068423,0.38269399060243176,2016,6
2016-06-16,irrigation stop,65.0646911,118.77802443333333,0.45910586470684156,0.3857089615753813,2016,6
2016-06-17,control,2.445,134.19402655,0.01283936354565982,0.8131498798408836,2016,6
2016-06-17,irrigation stop,0,65.10333333333332,0,0.4570322415538062,2016,6
2016-06-18,control,56.07596658,163.0460464,0.3429821707735895,0.6481841672487095,2016,6
2016-06-18,irrigation stop,19.53,104.0932184,0.12103474194238051,0.6013389041727594,2016,6
2016-06-19,control,38.97902655,168.37402655,0.2289454951961735,0.7862306868380113,2016,6
2016-06-19,irrigation stop,17.903333333333332,121.16023036666667,0.10933671671105889,0.7521807486459776,2016,6
2016-06-20,control,80.9472495,199.8070067,0.48329642761443276,0.7254478748623232,2016,6
2016-06-20,irrigation stop,58.3298344,157.87666666666667,0.41621182048943794,0.7291326726385068,2016,6
2016-06-21,control,90.24902655,147.03786515,0.5467001582426791,0.34591856947729227,2016,6
2016-06-21,irrigation stop,65.10666666666667,112.94978400666666,0.4710579469019554,0.35321159602093266,2016,6
2016-06-22,control,79.625707965,236.73402655,0.4860650012383459,0.9511676627444975,2016,6
2016-06-22,irrigation stop,55.336666666666666,180.66333333333333,0.3970486228768663,0.9129331615470473,2016,6
2016-06-23,control,126.95558975,286.51975505,0.778441916879983,0.9803588396006837,2016,6
2016-06-23,irrigation stop,102.54,212.77511493333333,0.7529306810899202,0.8045412780250144,2016,6
2016-06-24,control,187.90902655000002,331.94902655,1.161432476318756,0.8922506981128837,2016,6
2016-06-24,irrigation stop,152.2063499,245.76666666666668,1.1310171157594828,0.6921311893420302,2016,6
2016-06-25,control,195.22902655000001,155.424175,1.224127766452702,-0.2588969694995203,2016,6
2016-06-25,irrigation stop,152.69821453333333,125.9311375,1.151646588257607,-0.18507856393023625,2016,6
2016-06-26,control,47.98821368,197.65355085,0.3012513032340473,0.9161707849152276,2016,6
2016-06-26,irrigation stop,34.17666666666667,157.81706896666665,0.3181045806840675,0.8865092781770849,2016,6
2016-06-27,control,113.29083752,251.37902655,0.6933663907659425,0.8450271412534882,2016,6
2016-06-27,irrigation stop,96.03,214.84333333333333,0.7584960148784778,0.8696244835628366,2016,6
2016-06-28,control,151.28943585000002,283.12402655,0.9254710750965244,0.8184475934942224,2016,6
2016-06-28,irrigation stop,142.2555747,235.94741380000002,1.1075093217143828,0.6790481108683968,2016,6
2016-06-29,control,175.69902654999999,319.74402655,1.087606078113632,0.8874277481400055,2016,6
2016-06-29,irrigation stop,158.54175666666669,260.41333333333336,1.2294990232440226,0.7427492107320857,2016,6
2016-06-30,control,109.78402655,229.40902655,0.6638413406904918,0.7397749517297572,2016,6
2016-06-30,irrigation stop,112.30333333333333,193.68333333333334,0.9430060549300205,0.5716463254903792,2016,6
2016-07-01,control,112.36438054999999,263.1204173,0.6919490410188904,0.9129608875602556,2016,7
2016-07-01,irrigation stop,110.67333333333333,229.49333333333334,0.8958798519649067,0.8562211705014968,2016,7
2016-07-02,control,164.82534585,203.65529395,1.01375441904705,0.2432462495619085,2016,7
2016-07-02,irrigation stop,156.50313893333333,193.68333333333334,1.2290303394349118,0.2686466485286522,2016,7
2016-07-03,control,129.31402655,286.84659065,0.805212235369609,0.9656527833141926,2016,7
2016-07-03,irrigation stop,136.71666666666667,263.67,1.0844948722822658,0.9211016283605092,2016,7
2016-07-04,control,185.46402655,314.23283185,1.1534423191131433,0.7962554365616993,2016,7
2016-07-04,irrigation stop,185.71511493333333,275.06333333333333,1.4505354178368155,0.6457053093841102,2016,7
2016-07-05,control,200.10902655,333.1880684,1.2546031871497307,0.8201341538523313,2016,7
2016-07-05,irrigation stop,193.68,288.0833333333333,1.5066891616790037,0.6909999103395944,2016,7
2016-07-06,control,209.87902655,351.48402655,1.320465684516411,0.8697654346214676,2016,7
2016-07-06,irrigation stop,202.32343413333334,296.22333333333336,1.5799306025678792,0.680929541922953,2016,7
2016-07-07,control,239.17402655,366.12402655,1.5082660579366134,0.7733913232923515,2016,7
2016-07-07,irrigation stop,226.23666666666668,298.83511493333333,1.7628706839020396,0.5203148492523084,2016,7
2016-07-08,control,261.14902655,395.42902655,1.652777903481296,0.8215915071404941,2016,7
2016-07-08,irrigation stop,236,315.1049425333333,1.83682371048019,0.5747397765133788,2016,7
2016-07-09,control,277.34420355,410.07402655,1.759450733369145,0.8063811326091384,2016,7
2016-07-09,irrigation stop,247.3091954,316.48068966666665,1.9269541017177232,0.49603105160486693,2016,7
2016-07-10,control,297.76902655,435.47503195,1.8936014107225188,0.832959907238126,2016,7
2016-07-10,irrigation stop,260.4166666666667,328.45713463333334,2.029832352981418,0.4861039098947693,2016,7
2016-07-11,control,313.9143363,446.27746295,1.9982314708212932,0.8108276117841035,2016,7
2016-07-11,irrigation stop,270.53741379999997,354.81666666666666,2.1077475861014197,0.620669175167121,2016,7
2016-07-12,control,248.75165405,190.34902655000002,1.604781719107177,-0.39172261109307727,2016,7
2016-07-12,irrigation stop,174.15333333333334,136.71333333333334,1.4704801831054186,-0.2743085931044676,2016,7
2016-07-13,control,114.66402655,253.82402654999999,0.7282810795643262,0.8520669278375228,2016,7
2016-07-13,irrigation stop,61.846666666666664,150.04032757333334,0.6333098666666667,0.6482189993483474,2016,7
2016-07-14,control,173.25402655,268.47402655,1.0941734768263984,0.5776632422991126,2016,7
2016-07-14,irrigation stop,106.74625406,201.00859383333332,0.9567120439021785,0.6764642997984677,2016,7
2016-07-15,control,190.36022125,324.62402655,1.1985925235436081,0.8166250729853901,2016,7
2016-07-15,irrigation stop,143.85969539,256.16302873333336,1.2220275203820186,0.8105669384408885,2016,7
2016-07-16,control,229.40902655,353.92402655,1.442429816937102,0.7606144093792677,2016,7
2016-07-16,irrigation stop,191.0596954,283.10419756666664,1.5653097418317532,0.6601225621734398,2016,7
2016-07-17,control,248.93902655,378.33402655,1.5692530925960777,0.7862306868380111,2016,7
2016-07-17,irrigation stop,216.137046,298.42710916666664,1.7430406612770786,0.5833647724624846,2016,7
2016-07-18,control,270.91402655,412.51402655,1.7089057949024755,0.8551816223359192,2016,7
2016-07-18,irrigation stop,233.45365506666667,313.1296954,1.8584961724095905,0.5729388537942651,2016,7
2016-07-19,control,305.37030975000005,446.22438055,1.9292177005221234,0.8488817111236526,2016,7
2016-07-19,irrigation stop,264.3733160666667,342.4263620666667,2.0918094227977795,0.555713777829352,2016,7
2016-07-20,control,331.94402655,479.95835324999996,2.102168855261418,0.8870452152511583,2016,7
2016-07-20,irrigation stop,292.4009023,358.6996954,2.3003411221436343,0.47523360881474347,2016,7
2016-07-21,control,341.71402654999997,493.08402655,2.1728904958663833,0.921034182804362,2016,7
2016-07-21,irrigation stop,304.33412066666665,390.88843103333335,2.3887222222383753,0.6356165607214811,2016,7
2016-07-22,control,351.47902654999996,373.45402655,2.2387167999676567,0.13481343286458852,2016,7
2016-07-22,irrigation stop,318.02021263333336,280.2221092,2.499570579097299,-0.24311705385277635,2016,7
2016-07-23,control,244.97469984999998,366.12402655,1.5890686441105204,0.7265530552952503,2016,7
2016-07-23,irrigation stop,181.29302873333333,288.50556293333335,1.5065460680126903,0.7818010721587288,2016,7
2016-07-24,control,251.53048675000002,417.39902655000003,1.6265242895560077,1.0020291229233904,2016,7
2016-07-24,irrigation stop,208.33539433333334,353.81618963333335,1.699524453824269,1.0684914936737975,2016,7
2016-07-25,control,268.47402654999996,431.7298783,1.725207799560743,0.9876749148389943,2016,7
2016-07-25,irrigation stop,248.33922743333332,368.2836896333333,1.9920826960370928,0.8732417627697069,2016,7
2016-07-26,control,285.56402655,445.15553095,1.8295096184628958,0.9659991819427614,2016,7
2016-07-26,irrigation stop,272.4363620666667,381.4896954,2.1687983891911267,0.7907345796629458,2016,7
2016-07-27,control,307.53402655,458.2944248,1.9642868580620776,0.916631424116555,2016,7
2016-07-27,irrigation stop,295.5918865,398.8170804,2.3345651633919737,0.759360520929575,2016,7
2016-07-28,control,302.64902655000003,451.57902655,1.9434835936779742,0.8985226629457769,2016,7
2016-07-28,irrigation stop,303.3630287333333,396.1396954,2.400682049353029,0.6752247814649993,2016,7
2016-07-29,control,324.62402655000005,457.8679646,2.078287089644325,0.8003595483982928,2016,7
2016-07-29,irrigation stop,323.1002916666667,387.9963620666667,2.5507717478900753,0.4601779707579711,2016,7
2016-07-30,control,336.83402655,446.5050885,2.152113487849449,0.6677218473923785,2016,7
2016-07-30,irrigation stop,334.28969539999997,389.6296954,2.6267247302875143,0.39917266964041986,2016,7
2016-07-31,control,264.81422525,357.26553094999997,1.6987157676033036,0.5576315616712892,2016,7
2016-07-31,irrigation stop,313.1296954,331.0330287333333,2.4720215886387247,0.12312055781584028,2016,7
2016-08-01,control,207.43902655,382.47075989999996,1.336767689174679,1.0535096742102326,2016,8
2016-08-01,irrigation stop,226.86302873333335,368.5207579,1.8251960347681415,1.0376650184666947,2016,8
2016-08-02,control,266.03402655,363.14960175,1.6881387237837788,0.591394590459795,2016,8
2016-08-02,irrigation stop,295.66183363333334,366.7941206666667,2.336796905038445,0.5241645191345733,2016,8
2016-08-03,control,258.70902655000003,381.6593363,1.6496731458811373,0.7444389531396713,2016,8
2016-08-03,irrigation stop,297.1163476666667,363.1476982666667,2.3455578057602517,0.48129181455987774,2016,8
2016-08-05,control,168.22320975,266.97509720000005,1.0434993136157313,0.6174871759516493,2016,8
2016-08-05,irrigation stop,229.50384593333334,282.6867130333334,1.9229375169222716,0.3569692906875668,2016,8
2016-08-06,control,190.34902655000002,322.18402655,1.1936523457556731,0.7941945876764549,2016,8
2016-08-06,irrigation stop,225.2396954,324.94814033333336,1.8498081250626834,0.7058531050798621,2016,8
2016-08-07,control,215.21194045,353.92402655,1.344521179131175,0.8439654912668151,2016,8
2016-08-07,irrigation stop,266.4509193,363.04314366666665,2.1474166238481507,0.6924012372771712,2016,8
2016-08-08,control,226.96902655,387.79132745,1.4247675034185638,0.9797890907033038,2016,8
2016-08-08,irrigation stop,288.71636206666665,386.2781691,2.306822492590427,0.6994374450642711,2016,8
2016-08-09,control,246.49902655,349.03902655,1.5515907790775398,0.6258009765146793,2016,8
2016-08-09,irrigation stop,308.2463620666667,379.85969539999996,2.4421987828331577,0.5272241999716658,2016,8
2016-08-10,control,100.01402655000001,236.73402655,0.6416415741807113,0.8295554079789377,2016,8
2016-08-10,irrigation stop,215.47302873333334,265.67992576666666,1.8153022751650865,0.3540268883213094,2016,8
2016-08-11,control,140.33141595,272.8046226,0.8849632950985502,0.7988143442100271,2016,8
2016-08-11,irrigation stop,207.62875225666664,303.20492936666665,1.7410371076908833,0.6796581672848786,2016,8
2016-08-12,control,179.57995575,309.5529646,1.115698778225783,0.7904246292793595,2016,8
2016-08-12,irrigation stop,244.7696954,341.5220517,1.9951006909265299,0.7003727147764591,2016,8
2016-08-13,control,192.78902655000002,339.27402655000003,1.201616246594117,0.8905325057401641,2016,8
2016-08-13,irrigation stop,268.24497256666666,359.281477,2.172626830926906,0.6486090328976285,2016,8
2016-08-14,control,215.8524482,371.01402655000004,1.3491575925293526,0.9436308967707906,2016,8
2016-08-14,irrigation stop,288.927102,375.3749777333333,2.3135168088608213,0.6156904619206681,2016,8
2016-08-15,control,246.49902655,402.74902655,1.5418824294992075,0.9515195403996284,2016,8
2016-08-15,irrigation stop,321.26636206666666,403.4384885,2.548618138285903,0.5893977610524607,2016,8
2016-08-16,control,274.1547361,422.27902655,1.71781654805226,0.9072479669473611,2016,8
2016-08-16,irrigation stop,352.19302873333334,431.7671828,2.7822674812815227,0.5784890241707918,2016,8
2016-08-17,control,280.67902655,405.18902655,1.7698928295619396,0.7605782161138606,2016,8
2016-08-17,irrigation stop,365.37868026666666,423.8063620666667,2.883843724759733,0.41307028377724897,2016,8
2016-08-18,control,288.00402655,353.91902655,1.8229159633829604,0.4043579751647136,2016,8
2016-08-18,irrigation stop,370.0930287333333,402.6430287333333,2.9126345299790857,0.23627889706456276,2016,8
2016-08-19,control,244.3559292,402.74902655,1.5651828157798113,0.9573243290575455,2016,8
2016-08-19,irrigation stop,326.32848846666667,412.4096954,2.584854111456177,0.6298821062422536,2016,8
2016-08-20,control,275.79402655,304.5263658,1.7490895651778364,0.1751373383931486,2016,8
2016-08-20,irrigation stop,355.8563620666667,363.58636206666665,2.8046396748517055,0.05073712610598959,2016,8
2016-08-21,control,241.61902655,412.51402655000004,1.5453713269789846,1.0381228525178365,2016,8
2016-08-21,irrigation stop,321.4279747333333,438.45636206666666,2.547928863152963,0.8572084145605746,2016,8
2016-08-22,control,288.00402655,409.80471090000003,1.8229159633829604,0.7458156263756368,2016,8
2016-08-22,irrigation stop,388.37927153333334,436.29105606666667,3.048021783420517,0.34124422171891233,2016,8
2016-08-23,control,295.44252545,414.95402655,1.8765251740640796,0.7246313189512794,2016,8
2016-08-23,irrigation stop,388.33624710000004,420.5496954,3.047059562741559,0.2232428726175462,2016,8
2016-08-24,control,297.76902655,418.46483585,1.8936014107225188,0.7259913019010953,2016,8
2016-08-24,irrigation stop,378.2363620666667,412.41302873333336,2.9708687251295793,0.2354010568292516,2016,8
2016-08-25,control,314.85902655,434.48902655,2.002752435964719,0.7155452394984527,2016,8
2016-08-25,irrigation stop,387.9963620666667,423.8063620666667,3.0456833326357704,0.24450775888172316,2016,8
2016-08-26,control,327.06902655,441.81402655,2.0814280405098904,0.6850435624342552,2016,8
2016-08-26,irrigation stop,402.64636206666665,436.16394826666664,3.1494932983528217,0.2304940756035331,2016,8
2016-08-27,control,331.94902655,449.13402655000004,2.116752667546966,0.6978566696127457,2016,8
2016-08-27,irrigation stop,414.0396954,448.2196954,3.233402638691756,0.24127616939000146,2016,8
2016-08-28,control,307.9352017,429.60402655,1.9768892384778876,0.7303135221795128,2016,8
2016-08-28,irrigation stop,410.7863620666667,447.5292356333333,3.2176234122604006,0.2586778891225052,2016,8
2016-08-29,control,322.53027929999996,441.451604,2.0624430439932446,0.7263813476407464,2016,8
2016-08-29,irrigation stop,417.8972528666667,475.3943174333333,3.2695368360107193,0.4269471597869007,2016,8
2016-08-30,control,317.29902655,424.6592478,2.034972305401636,0.6414148636297854,2016,8
2016-08-30,irrigation stop,423.80302873333335,457.48644843333335,3.31232667592498,0.24557914554659638,2016,8
2016-08-31,control,314.85902654999995,424.72402655,2.0173099918830983,0.6642665544173207,2016,8
2016-08-31,irrigation stop,421.66341750000004,462.5436609,3.2992599434380634,0.29742024589272675,2016,8
2016-09-01,control,312.41902655,444.25402655,2.0044968847046074,0.794194587676455,2016,9
2016-09-01,irrigation stop,422.1763620666667,467.96400786666663,3.3023925262778016,0.3358806384605354,2016,9
2016-09-02,control,324.62402655000005,440.9032505,2.078287089644325,0.700998483697478,2016,9
2016-09-02,irrigation stop,436.82636206666666,473.4481187,3.4205320710754736,0.26379297653610473,2016,9
2016-09-03,control,329.88150445,439.36902655,2.111494941905337,0.65668491651329,2016,9
2016-09-03,irrigation stop,444.9630287333333,478.8619632,3.484564724475748,0.24628260255572051,2016,9
2016-09-04,control,339.27402655000003,414.95402655,2.1697758013679866,0.45078745390579855,2016,9
2016-09-04,irrigation stop,451.47636206666664,479.1430287333333,3.5319486988536584,0.2055741534669242,2016,9
2016-09-05,control,216.7455752,156.16902655,1.4632659698945685,-0.3860227200928781,2016,9
2016-09-05,irrigation stop,340.45981033333334,278.4704409333333,2.7752211243044043,-0.4467187267911027,2016,9
2016-09-06,control,119.64099995,280.40911505,0.8516430620141606,0.9551094963534603,2016,9
2016-09-06,irrigation stop,205.70636205666668,297.95621086666665,1.7939198358930437,0.6563843325378489,2016,9
2016-09-07,control,171.3011233,312.21347345000004,1.1431065808134988,0.8404956140519824,2016,9
2016-09-07,irrigation stop,231.7496954,332.66302873333336,1.9649861729056153,0.7249158865649239,2016,9
2016-09-08,control,204.99402655,344.07845135,1.3384858815473983,0.8371125058791287,2016,9
2016-09-08,irrigation stop,264.2996954,366.8396954,2.2026945529876634,0.735731974004174,2016,9
2016-09-09,control,224.52902655,360.0997139,1.455627063995211,0.8138117034145216,2016,9
2016-09-09,irrigation stop,295.22636206666664,387.5684885,2.423778192486804,0.6649523872503342,2016,9
2016-09-10,control,241.61902655,370.77638795,1.5599288828973639,0.7752744319926519,2016,9
2016-09-10,irrigation stop,322.9350877666667,400.64475286666664,2.623433831166508,0.5598278842844813,2016,9
2016-09-11,control,256.78881590000003,388.09902654999996,1.6503309630610186,0.7903958196310082,2016,9
2016-09-11,irrigation stop,347.3063620666667,427.06302873333334,2.7959689557997827,0.5804993536868148,2016,9
2016-09-12,control,266.07181415,401.9787837,1.7078190173693826,0.8188209562667519,2016,9
2016-09-12,irrigation stop,373.3530287333333,442.6478275666667,2.985486270773244,0.5086023935337617,2016,9
2016-09-13,control,285.94730089999996,404.65460175,1.8315222968749107,0.7155491003047081,2016,9
2016-09-13,irrigation stop,396.6175067666667,441.7096954,3.157375938086684,0.3287091830110478,2016,9
2016-09-14,control,307.53402655,422.1256857,1.9642868580620776,0.6919691023705956,2016,9
2016-09-14,irrigation stop,412.9459023,460.79332389999996,3.2796636999894635,0.35739742549903597,2016,9
2016-09-15,control,323.4817848,422.07801770000003,2.0625904532074695,0.59983255297757,2016,9
2016-09-15,irrigation stop,421.6995804666667,477.5196954,3.346212877790806,0.41768594040846174,2016,9
2016-09-16,control,305.15934734999996,331.7701241,1.9616549350721162,0.15866186294217804,2016,9
2016-09-16,irrigation stop,427.1192215,436.48539013333334,3.3822973882659233,0.07225543202185208,2016,9
2016-09-17,control,258.70402655,334.20511925,1.683601270792536,0.4498578996524323,2016,9
2016-09-17,irrigation stop,365.01545296666666,412.4163620666667,2.9158133501440715,0.36150016132834767,2016,9
2016-09-18,control,246.84522125,289.5749115,1.6036729809565187,0.25002083586866036,2016,9
2016-09-18,irrigation stop,356.81796753333333,379.8596954,2.858515504069302,0.1743122201042162,2016,9
2016-09-19,control,226.96902655,351.48402655,1.4781385838537962,0.7460568534608885,2016,9
2016-09-19,irrigation stop,339.17302873333335,428.69302873333334,2.7225998980875654,0.6629409801181703,2016,9
2016-09-20,control,244.05902655,354.80199565,1.5727419900758548,0.6754710744884286,2016,9
2016-09-20,irrigation stop,380.7855917333333,449.84636206666664,3.027967354326502,0.5104564924969422,2016,9
2016-09-21,control,225.3621973,292.1590598,1.4600022714205116,0.3979042552690103,2016,9
2016-09-21,irrigation stop,378.2330287333333,394.5096954,3.0009471714144307,0.1190375493662325,2016,9
2016-09-22,control,214.75902655,341.71402654999997,1.3994629793086248,0.7637191669794261,2016,9
2016-09-22,irrigation stop,327.7796954,414.619393,2.6243490094482813,0.6401498186458479,2016,9
2016-09-23,control,224.52402655,346.59402655,1.450741664389757,0.7429159025953229,2016,9
2016-09-23,irrigation stop,353.81636206666667,427.0596954,2.821396332171907,0.5290143372261742,2016,9
2016-09-24,control,231.85402655000001,351.48402655,1.4940926418978524,0.7301027954168321,2016,9
2016-09-24,irrigation stop,372.6927047666667,425.2231362333333,2.950937171015252,0.38065266799899655,2016,9
2016-09-25,control,242.84462259999998,362.1583503,1.5615056796370235,0.7302590715020238,2016,9
2016-09-25,irrigation stop,379.86302873333335,427.99072493333335,3.005060698698224,0.3472788583096311,2016,9
2016-09-26,control,256.26402655000004,368.33694045,1.646532195015572,0.6851080204112356,2016,9
2016-09-26,irrigation stop,384.74302873333335,433.05903306666664,3.0424680024513195,0.34919335712566224,2016,9
2016-09-27,control,231.11782935,322.34393554999997,1.4954787105369656,0.5566802769914855,2016,9
2016-09-27,irrigation stop,367.1449441,344.47236526666666,2.913688339222957,-0.15575503518343595,2016,9
2016-09-28,control,228.1347387,324.82172315,1.4865767697003818,0.5834429643666145,2016,9
2016-09-28,irrigation stop,275.3394351,331.0729268333333,2.241778853413901,0.391324387529448,2016,9
2016-11-25,irrigation stop,257.70876479000003,273.3825481233333,2.1382328483593467,0.11446302775017358,2016,11
2016-11-26,irrigation stop,260.76921479000004,267.3852870233333,2.1628395487562657,0.04650778170224833,2016,11
2016-11-27,irrigation stop,261.37921479,259.3458814566667,2.167515461725402,-0.009896593176665245,2016,11
2016-11-28,irrigation stop,255.77980922333336,251.71330495666666,2.1324791957652747,-0.02830608306528409,2016,11
2016-11-29,irrigation stop,249.58254812333334,251.72143885666665,2.090099605482683,0.01905512696681726,2016,11
2016-11-30,irrigation stop,243.78045749,233.60720923333332,2.049483402127472,-0.07195386633887192,2016,11
2016-12-01,irrigation stop,215.0801918,209.88846956666666,1.8484456962749012,-0.038429072096855615,2016,12
2016-12-02,irrigation stop,201.74846956666667,196.87033093333332,1.7493666455881198,-0.034419400120812946,2016,12
2016-12-03,irrigation stop,188.22352513333334,184.05214180000002,1.6558442689741713,-0.030517072766099735,2016,12
2016-12-04,irrigation stop,172.35352513333333,166.3524807,1.5429445349314996,-0.04253128606424593,2016,12
2016-12-05,irrigation stop,162.99685846666668,161.97685846666667,1.4757184420669591,-0.01044480000000001,2016,12
2016-12-06,irrigation stop,160.75685846666667,159.33352513333332,1.4544615713218312,-0.013734568705897392,2016,12
2016-12-07,irrigation stop,159.22999146666666,168.28685846666667,1.4392543517560052,0.0553108230200375,2016,12
2016-12-08,irrigation stop,174.08688623333333,188.42685846666666,1.5274651938805328,0.0928016316813346,2016,12
2016-12-09,irrigation stop,182.1201918,214.5681828333333,1.5860637041762078,0.2207578246137905,2016,12
2016-12-10,irrigation stop,218.53685846666664,223.72615290000002,1.837288029448945,0.03798850335857205,2016,12
2016-12-11,irrigation stop,228.2025385,251.69685846666667,1.9088151019925284,0.1638451499807224,2016,12
2016-12-12,irrigation stop,255.77188343333333,264.1615334666667,2.1004230791230905,0.041639283076418676,2016,12
2016-12-13,irrigation stop,260.4501918,267.36911046666665,2.104678103712261,0.0359375357659198,2016,12
2016-12-14,irrigation stop,267.8716156,271.2301918,2.141568268659591,0.020940383586895085,2016,12
2016-12-15,irrigation stop,272.64878856666667,279.16685846666667,2.1713502217441705,0.05091365157784225,2016,12
2016-12-16,irrigation stop,280.79352513333333,290.3541056,2.2373504529578163,0.07552496947164111,2016,12
2016-12-17,irrigation stop,294.9329853333333,322.7068584666667,2.357384382954377,0.22861287765329527,2016,12
2016-12-18,irrigation stop,332.70402683333333,358.5101918,2.6719555306513225,0.21610033394662231,2016,12
2016-12-19,irrigation stop,357.2901918,290.7956649,2.870550480778236,-0.4700492013398409,2016,12
2016-12-20,irrigation stop,288.6160418,354.23685846666666,2.3161446807594985,0.4615125773701545,2016,12
2016-12-21,irrigation stop,352.81685846666664,352.739447,2.764232199795178,-6.355474338918214e-4,2016,12
2016-12-22,irrigation stop,339.6443146666667,335.5201918,2.664347349285576,-0.027447546966523177,2016,12
2016-12-23,irrigation stop,335.31685846666664,347.3201918,2.6356580336131556,0.08811718851729752,2016,12
2016-12-24,irrigation stop,343.6601918,338.9801918,2.6929781659853056,-0.03264732936767683,2016,12
2016-12-25,irrigation stop,330.6401918,356.07352513333336,2.5973708004150495,0.1849337954144719,2016,12
2016-12-26,irrigation stop,360.2457492,360.04466606666665,2.814034761056147,-0.0018263229617498046,2016,12
2016-12-27,irrigation stop,359.1235251333333,356.9892584666667,2.8031630667928984,-0.017873551977504582,2016,12
2016-12-28,irrigation stop,342.4401918,333.59444583333334,2.6791082675077225,-0.061033091413351746,2016,12
2016-12-29,irrigation stop,310.15017513333333,302.06199223333334,2.460758091477926,-0.04861582218778289,2016,12
2016-12-30,irrigation stop,286.6935251333333,293.0001918,2.312077239468797,0.04731822875260865,2016,12
2016-12-31,irrigation stop,303.7636617,342.33310290000003,2.4331810314390356,0.28725940634187724,2016,12
2017-01-01,irrigation,83.00354079,125.5980639,0.5867170752793712,0.30484453457406074,2017,1
2017-01-01,irrigation stop,302.04095456666664,331.64668846666666,2.4672948404612205,0.24081872964195697,2017,1
2017-01-02,irrigation,144.57390936666667,167.86,1.0268351917057592,0.16385006022474663,2017,1
2017-01-02,irrigation stop,344.9676398666667,373.05695,2.8248971925573554,0.23668335521873185,2017,1
2017-01-03,irrigation,131.94211277666668,118.48921365333334,0.9234418724523766,-0.096809059729948,2017,1
2017-01-03,irrigation stop,353.8345571333333,345.23777076666664,2.8859866214246406,-0.060988309728665424,2017,1
2017-01-04,irrigation,138.67087833333335,153.95616583333333,0.9746778329020547,0.11033884151114454,2017,1
2017-01-04,irrigation stop,344.26251666666667,353.6347166666667,2.814391829532557,0.08657800975972878,2017,1
2017-01-05,irrigation,0.203911111,37.439991273333334,0.0015600222274458776,0.26956167078657006,2017,1
2017-01-05,irrigation stop,251.20014466666666,253.54740086666666,2.1530867601860915,-0.0126390988888337,2017,1
2017-01-06,irrigation,70.26951323666667,241.33631666666665,0.49843601617805366,1.2130881127367812,2017,1
2017-01-06,irrigation stop,259.95976643333336,401.97470656666667,2.154845147882516,1.1210805447278056,2017,1
2017-01-07,irrigation,255.4060896,266.45040943333333,1.8110110169757268,0.07725884515862652,2017,1
2017-01-07,irrigation stop,424.6590221,449.8955611,3.477069014243343,0.2141467724354903,2017,1
2017-01-08,irrigation,257.2938681666667,251.80719443333334,1.8200709116989289,-0.04040307315952968,2017,1
2017-01-08,irrigation stop,434.6422277666667,426.10963830000003,3.546885031133885,-0.07099804037318554,2017,1
2017-01-09,irrigation,213.79475556666668,223.18586666666667,1.500687205221799,0.06688564838829646,2017,1
2017-01-09,irrigation stop,391.22133736666666,388.4635707,3.182380901150966,-0.025259267062515012,2017,1
2017-01-10,irrigation,224.17142223333332,230.64442166666666,1.574453478493493,0.04562313513430514,2017,1
2017-01-10,irrigation stop,385.93065679999995,386.4335707,3.1320249603798866,0.0031679863540086143,2017,1
2017-01-11,irrigation,215.2180889,207.3363393,1.509913930333364,-0.0556328081414055,2017,1
2017-01-11,irrigation stop,380.12690403333335,377.9041086666666,3.0764952324592807,-0.01704644364821346,2017,1
2017-01-12,irrigation,175.61298593333333,124.73803472333333,1.2301584498420102,-0.3551945836314076,2017,1
2017-01-12,irrigation stop,345.6317373666667,337.65283016666666,2.8189970440445307,-0.04830214895184856,2017,1
2017-01-13,irrigation,13.021355556666666,34.418460493333335,0.09581180303302524,0.14909169317265084,2017,1
2017-01-13,irrigation stop,214.4397994,206.14916136666668,1.8137543474948274,-0.07125779501468414,2017,1
2017-01-14,irrigation,54.631044446666664,62.47943123333334,0.3766571578887684,0.06321799109144302,2017,1
2017-01-14,irrigation stop,231.66896846666668,216.27239786666667,1.919929656365039,-0.10680390889737396,2017,1
2017-01-15,irrigation,124.31467495666666,148.72293635666668,0.8580713243294391,0.163564789769919,2017,1
2017-01-15,irrigation stop,260.54111151,301.17017273333335,2.1310317922674695,0.318479446458511,2017,1
2017-01-16,irrigation,152.99459999,153.97808889,1.0520142048045606,0.006881980319325032,2017,1
2017-01-16,irrigation stop,336.0354393,386.6352124,2.7365771041378264,0.45562489705806297,2017,1
2017-01-17,irrigation,156.21475555666666,155.80808889,1.0747942743316263,-0.0028867257064492625,2017,1
2017-01-17,irrigation stop,396.0882518,411.05023736666664,3.2784068059240776,0.1297769883891651,2017,1
2017-01-18,irrigation,156.07608737333334,154.75679785666668,1.073696538567473,-0.009379087316418414,2017,1
2017-01-18,irrigation stop,411.6635707,414.9169040333333,3.4143540854225676,0.032694253153915095,2017,1
2017-01-19,irrigation,155.55261011666667,153.97808888999998,1.0699713759993148,-0.011194462568261957,2017,1
2017-01-19,irrigation stop,414.5102373666667,414.5069040333333,3.44204370728238,9.302499874134467e-4,2017,1
2017-01-20,irrigation,154.18142222333333,151.73808889,1.0602273088917007,-0.01737226164315311,2017,1
2017-01-20,irrigation stop,411.25357069999995,407.70473903333334,3.4103899463398872,-0.03381894238435836,2017,1
2017-01-21,irrigation,151.73808889,149.51747928999998,1.0429743189413805,-0.015792971454881267,2017,1
2017-01-21,irrigation stop,396.72110960000003,390.93115636666664,3.276704107969736,-0.04808688444816342,2017,1
2017-01-22,irrigation,150.31475555666668,241.02459443333333,1.0327444746685521,0.6627196340711544,2017,1
2017-01-22,irrigation stop,378.5002373666667,379.52023736666666,3.1194386725059555,0.002621968790591896,2017,1
2017-01-23,irrigation,243.09142223333333,246.39338306666667,1.7100628454708466,0.022203836919206292,2017,1
2017-01-23,irrigation stop,359.3735707,359.62011236666666,2.9472105454556434,-6.612961817788805e-4,2017,1
2017-01-24,irrigation,248.17475556666668,247.56475556666666,1.744940417291649,-0.004337121167097112,2017,1
2017-01-24,irrigation stop,361.08974456666664,368.93690403333335,2.954261193303766,0.07398814740781526,2017,1
2017-01-25,irrigation,247.56475556666666,249.80142223333334,1.740603296124552,0.015898089207740516,2017,1
2017-01-25,irrigation stop,366.9035707,385.8235707,3.008998494409111,0.16453474601845575,2017,1
2017-01-26,irrigation,250.2080889,247.8537564,1.7592829045607554,-0.016737410472691373,2017,1
2017-01-26,irrigation stop,390.0183178333333,392.79847773333336,3.213966357190592,0.027518230524555168,2017,1
2017-01-27,irrigation,111.62302835666667,216.77718273333335,0.7830873893875723,0.7539748423436089,2017,1
2017-01-27,irrigation stop,353.28413179999995,299.5069246666667,2.9091753503654205,-0.3992945919869186,2017,1
2017-01-28,irrigation,286.5822111333333,396.58298383333334,2.0262498638284194,0.7679124238232099,2017,1
2017-01-28,irrigation stop,281.3909865,391.54487543333335,2.215593636461641,0.8141542635020026,2017,1
2017-01-29,irrigation,368.00313336666665,334.2062889,2.5869156333283296,-0.2390688562040363,2017,1
2017-01-29,irrigation stop,401.22553726666666,395.8786318,3.1185852504731804,-0.020714404209409898,2017,1
2017-01-30,irrigation,287.1821402333333,292.32142223333335,2.0125315184035,0.032955484448157754,2017,1
2017-01-30,irrigation stop,391.22898526666665,415.2082929333333,3.0757525828793097,0.16632097133990997,2017,1
2017-01-31,irrigation,231.79451666666668,205.94127170000002,1.6176967192065876,-0.1798897658817502,2017,1
2017-01-31,irrigation stop,404.04729783333335,394.51180853333335,3.1516035641958147,-0.0776867971862685,2017,1
2017-02-01,irrigation,157.37670022333333,145.34195554333334,1.098254383976458,-0.08472227701007254,2017,2
2017-02-01,irrigation stop,360.94629706666666,341.9114214333333,2.8302745456328253,-0.13775055517399182,2017,2
2017-02-02,control,138.83944490000002,142.21614544666664,0.8171661563758467,0.031013793573522803,2017,2
2017-02-02,irrigation,115.69657222333333,136.19802012333332,0.8049598754572485,0.1460027844441652,2017,2
2017-02-02,irrigation stop,312.36490706666666,298.0509694666667,2.476572598022513,-0.11402811293891638,2017,2
2017-02-03,control,144.90151558,152.39083118,0.8675390774652025,0.05213905367755171,2017,2
2017-02-03,irrigation,141.41219999,128.34650319,0.9915421366867837,-0.08917338729480219,2017,2
2017-02-03,irrigation stop,297.9929257333333,299.7635707,2.3644369923891686,0.007419794332783126,2017,2
2017-02-04,control,136.15151558,132.82428954666668,0.8159445148566677,-0.0212819087805135,2017,2
2017-02-04,irrigation,103.55322222333334,94.54289999,0.728469999849464,-0.06406846201934567,2017,2
2017-02-04,irrigation stop,286.4508262666667,281.6569040333333,2.2797541507258328,-0.039708414648790415,2017,2
2017-02-05,control,113.4080183,100.34538933333333,0.6691492578092193,-0.08202209844304827,2017,2
2017-02-05,irrigation,58.76475555666667,51.78781403,0.4094615574042845,-0.050197108552569925,2017,2
2017-02-05,irrigation stop,260.7035707,249.1346966,2.079787845274155,-0.08454566838002121,2017,2
2017-02-06,control,89.80978376666667,100.50413793333334,0.5188639722392403,0.06862631248334518,2017,2
2017-02-06,irrigation,40.454755555666665,52.49,0.27950130020753905,0.08523494268685866,2017,2
2017-02-06,irrigation stop,240.7635707,244.22023736666665,1.928443734947578,0.01203119191253885,2017,2
2017-02-07,control,97.78406711,135.74538933333332,0.5703488647106112,0.24180176212663912,2017,2
2017-02-07,irrigation,50.63304809833333,98.47,0.3513082708773835,0.34108922026610533,2017,2
2017-02-07,irrigation stop,240.47280403333335,257.44690403333334,1.911706577218377,0.11712144423338612,2017,2
2017-02-08,control,118.042056,110.64530441000001,0.6990096203506393,-0.047291147063533066,2017,2
2017-02-08,irrigation,67.95,56.500069673333336,0.4730889190126145,-0.08110510637665402,2017,2
2017-02-08,irrigation stop,249.1035707,243.2381308,1.968727245634821,-0.04647921289959425,2017,2
2017-02-09,control,93.422056,88.542056,0.5417835070461106,-0.03022974074747614,2017,2
2017-02-09,irrigation,33.53627963,32.553333333333335,0.23087611541412187,-0.004180244038765964,2017,2
2017-02-09,irrigation stop,228.76023736666667,223.87690403333335,1.8070585154804721,-0.039232408565309795,2017,2
2017-02-10,control,84.06872266666666,89.10766156666666,0.4824217605707641,0.03169805468578354,2017,2
2017-02-10,irrigation,29.296666666666667,45.980000000000004,0.2037729117937632,0.11868929869309512,2017,2
2017-02-10,irrigation stop,219.80690403333332,224.9793096,1.7352950448126778,0.03139132972741988,2017,2
2017-02-11,control,84.88205599999999,85.64551711,0.4873781573788259,0.011303617329857343,2017,2
2017-02-11,irrigation,40.11060200666667,48.68467222333333,0.2813249474672284,0.06540359214430985,2017,2
2017-02-11,irrigation stop,219.6035707,209.92916553333333,1.730870728880419,-0.06931614849905668,2017,2
2017-02-12,control,101.51992266666666,178.22058133333334,0.5933527591187477,0.48132075618283565,2017,2
2017-02-12,irrigation,72.43,145.46327776666666,0.5149416824936639,0.5165418330751077,2017,2
2017-02-12,irrigation stop,214.31690403333332,276.5400259,1.6922304594496316,0.436125242296539,2017,2
2017-02-13,control,178.51210043333333,209.55201156666666,1.0729335551875885,0.19588214514443344,2017,2
2017-02-13,irrigation,132.1828189,159.30333333333334,0.935598158516316,0.19540033408645502,2017,2
2017-02-13,irrigation stop,278.11353736666666,293.04690403333336,2.1433320096789306,0.10963821783888378,2017,2
2017-02-14,control,203.23721156666667,236.452056,1.225611999404509,0.2105559158124177,2017,2
2017-02-14,irrigation,151.4230463,175.98666666666668,1.0738010798275226,0.17458626752165124,2017,2
2017-02-14,irrigation stop,290.8660609666667,311.60610126666666,2.2389016333959693,0.15626958341799335,2017,2
2017-02-15,control,203.58050599999999,226.892056,1.229187680535634,0.14948476870276284,2017,2
2017-02-15,irrigation,147.23706903333334,168.45666666666668,1.042849960852537,0.15201307357384147,2017,2
2017-02-15,irrigation stop,303.6302373666667,313.63384336666667,2.345321283295926,0.07608520006295953,2017,2
2017-02-16,control,206.09953456666665,230.14872266666666,1.246821164465238,0.1520628961745145,2017,2
2017-02-16,irrigation,153.89675556666666,172.90181666666666,1.090134682155618,0.13596740598246784,2017,2
2017-02-16,irrigation stop,310.14023736666667,320.11023736666664,2.396816247638038,0.0749144864648259,2017,2
2017-02-17,control,214.482056,241.45202266666666,1.3003643081291796,0.1704144953197093,2017,2
2017-02-17,irrigation,160.48848333333333,183.30666666666667,1.1364538990194477,0.1644185881620912,2017,2
2017-02-17,irrigation stop,317.6669040333333,332.92690403333336,2.4537917403557836,0.11073410358057625,2017,2
2017-02-18,control,194.06218933333332,220.17538933333333,1.1695200671115225,0.16601428041044392,2017,2
2017-02-18,irrigation,141.13199443333332,165.40666666666667,0.9992005850650151,0.1746306222790643,2017,2
2017-02-18,irrigation stop,306.6289797,320.3135707,2.3808179411540014,0.10033772348110191,2017,2
2017-02-19,control,197.392056,220.98872266666666,1.1910857601043625,0.1480503602246203,2017,2
2017-02-19,irrigation,148.34082056666668,173.77982223333333,1.0510463995345174,0.18148141752863683,2017,2
2017-02-19,irrigation stop,310.46048736666665,325.27998736666666,2.4102913650407483,0.10565838098573092,2017,2
2017-02-20,control,209.2811837666667,236.65538933333335,1.2663851234370302,0.17244747038352906,2017,2
2017-02-20,irrigation,164.0388982,189.44648890000002,1.16165488637973,0.1813890036607183,2017,2
2017-02-20,irrigation stop,321.0374929,337.48900656666666,2.4892688855552234,0.11741412844170174,2017,2
2017-02-21,control,227.90872266666665,266.629156,1.3842845093424092,0.24426561933235003,2017,2
2017-02-21,irrigation,179.24,205.86554443333333,1.2692338507521979,0.1890698729678493,2017,2
2017-02-21,irrigation stop,334.9635707,356.3235707,2.5902030139196244,0.1517089538841741,2017,2
2017-02-22,control,215.3355062,259.9682949,1.3036603850756554,0.283634153741067,2017,2
2017-02-22,irrigation,160.46538333333334,205.48666666666668,1.1353218701842598,0.3199921074119979,2017,2
2017-02-22,irrigation stop,328.85690403333336,355.9169040333333,2.5507025872848894,0.186645718120842,2017,2
2017-02-23,control,223.432056,280.5186893333333,1.3564655301008006,0.35781727515718076,2017,2
2017-02-23,irrigation,173.34,224.7869,1.2274856053082364,0.36472837900271954,2017,2
2017-02-23,irrigation stop,341.0635707,374.4302373666667,2.639662148776684,0.2363614791063142,2017,2
2017-02-24,control,255.23813933333332,301.4072666,1.552750334852437,0.29479864750490337,2017,2
2017-02-24,irrigation,192.1407111,230.65670703333333,1.3614020683709427,0.2750580733684994,2017,2
2017-02-24,irrigation stop,364.0840707,401.0835707,2.8071190498319156,0.27699134795939995,2017,2
2017-02-25,control,239.43313326666666,283.652056,1.4538440410500109,0.2830522854238557,2017,2
2017-02-25,irrigation,197.42921416666667,233.56333333333333,1.4000259740976597,0.2574555421311996,2017,2
2017-02-25,irrigation stop,368.76499533333333,400.87690403333335,2.8603408278887876,0.23433941092650298,2017,2
2017-02-26,control,253.38443856666666,298.102056,1.5441536260905973,0.28409739881820373,2017,2
2017-02-26,irrigation,215.82848333333334,246.9933333333333,1.5299889338546366,0.22187202275811027,2017,2
2017-02-26,irrigation stop,385.2459269,415.5235707,2.988086522732903,0.21763216442977598,2017,2
2017-02-27,control,275.5187226666667,335.99305936666667,1.6878398164551043,0.3823093497610116,2017,2
2017-02-27,irrigation,224.57848333333334,270.7057074666667,1.5907402083091324,0.3258101338806832,2017,2
2017-02-27,irrigation stop,400.67690403333336,437.7035707,3.1040937128221056,0.2645958682045183,2017,2
2017-02-28,control,291.27728376666664,260.3885861333333,1.782827748382124,-0.19419299516128394,2017,2
2017-02-28,irrigation,220.52607776666667,182.98380556666666,1.5614612393977132,-0.27068023821519843,2017,2
2017-02-28,irrigation stop,409.7238818,369.53116869999997,3.1735058152494915,-0.2821844767268189,2017,2
2017-03-01,control,179.68872266666665,215.85732266666665,1.111784861311353,0.2387968298367254,2017,3
2017-03-01,irrigation,115.76666666666667,158.89666666666668,0.8203351051631106,0.3053678921472692,2017,3
2017-03-01,irrigation stop,332.23421513333335,346.4399873666667,2.5995331682830276,0.11567565129654446,2017,3
2017-03-02,control,161.84552959,156.8603171,1.0042720572606365,-0.040295791386209694,2017,3
2017-03-02,irrigation,98.17772484666666,103.35327776666666,0.6963158529219068,0.04116138697276104,2017,3
2017-03-02,irrigation stop,291.04740553333335,279.2135707,2.3155575364746905,-0.08670509653024572,2017,3
2017-03-03,control,121.912056,210.0424548,0.7385010539765084,0.5688766168455283,2017,3
2017-03-03,irrigation,79.1751359,180.11134933333332,0.566586319076267,0.7115624623700305,2017,3
2017-03-03,irrigation stop,264.77023736666666,310.14023736666667,2.1187828913150337,0.3187291380505638,2017,3
2017-03-04,control,205.40945879999998,198.2779032,1.2641946897138,-0.057346887994514914,2017,3
2017-03-04,irrigation,171.9235909,142.9487952,1.219647265217444,-0.20416208141038455,2017,3
2017-03-04,irrigation stop,312.1423929,318.0566262333333,2.435482717032449,0.05048400938411433,2017,3
2017-03-05,control,127.04012266666666,200.50130043333334,0.7737059459795084,0.4704272421726124,2017,3
2017-03-05,irrigation,95.52792766666667,168.4314858,0.6772184433422399,0.519352976674565,2017,3
2017-03-05,irrigation stop,278.11082623333334,325.19690403333334,2.1736383663712484,0.33349610349900705,2017,3
2017-03-06,control,111.53538933333334,105.83538933333334,0.6778374794125328,-0.035263351247930314,2017,3
2017-03-06,irrigation,75.94563010666667,67.04878570666666,0.5416280712327172,-0.06222580157159789,2017,3
2017-03-06,irrigation stop,276.85761513333335,270.58585403333336,2.1553804465971034,-0.048917359086769724,2017,3
2017-03-07,control,62.09538933333334,88.89095518,0.3620066696251404,0.16694577504758878,2017,3
2017-03-07,irrigation,27.683723790000002,71.30116354333333,0.19987405258594662,0.30886582404693524,2017,3
2017-03-07,irrigation stop,220.53604203333333,229.65772623333334,1.759726261349671,0.06944165304458767,2017,3
2017-03-08,control,70.77368721666667,107.01710869,0.40776145440681383,0.2343473498376307,2017,3
2017-03-08,irrigation,60.97663071666667,118.78147776666667,0.43645246227027507,0.40770463218244163,2017,3
2017-03-08,irrigation stop,221.55116513333334,234.8602373666667,1.7682262876604207,0.08961426936521862,2017,3
2017-03-09,control,69.01783091333333,54.81903968333333,0.39684442543509096,-0.08897824374648809,2017,3
2017-03-09,irrigation,57.45688392,38.93902271,0.4088941619138326,-0.13026236801437607,2017,3
2017-03-09,irrigation stop,220.4512739,209.50236513333334,1.7487644751909226,-0.08247921492207483,2017,3
2017-03-10,control,23.8817138,112.08720555666667,0.12619562841645537,0.5458101081051839,2017,3
2017-03-10,irrigation,12.82,112.88650556666667,0.09250003442133325,0.7082228058036233,2017,3
2017-03-10,irrigation stop,189.29023736666667,228.96357070000002,1.498632146661376,0.29158201950297125,2017,3
2017-03-11,control,67.12387222333334,162.49846113333334,0.38431149834331974,0.5983819114706945,2017,3
2017-03-11,irrigation,75.21431432666667,171.31,0.5368953787278237,0.6746138225276047,2017,3
2017-03-11,irrigation stop,212.48023736666667,285.31690403333334,1.6804687901932487,0.49255291900597004,2017,3
2017-03-12,control,106.23261665666666,188.7905389,0.626238916556953,0.5029087471430745,2017,3
2017-03-12,irrigation,113.8740785,183.88781303333334,0.806318773161451,0.4941498760403202,2017,3
2017-03-12,irrigation stop,244.78451170000002,302.0871557,1.894658070073077,0.378510959279002,2017,3
2017-03-13,control,119.90599445666666,204.7022778,0.7002201076118045,0.5213941419241546,2017,3
2017-03-13,irrigation,119.13213683333333,190.83666666666667,0.8425178992528319,0.5050483733830302,2017,3
2017-03-13,irrigation stop,253.00607273333333,306.35761513333335,1.9397292684767142,0.35044273220882655,2017,3
2017-03-14,control,140.41561112333335,223.17387223333336,0.8223259086556614,0.5118682731365699,2017,3
2017-03-14,irrigation,131.63333333333333,200.5716583,0.9313492329729405,0.4844905277440637,2017,3
2017-03-14,irrigation stop,269.6890171,326.7012873666667,2.0523336472392986,0.384552090550859,2017,3
2017-03-15,control,164.54981665666668,240.8325277666667,0.9712351369421031,0.47485174150600545,2017,3
2017-03-15,irrigation,147.03683676666668,210.77666666666667,1.0400400038573663,0.4479958704738503,2017,3
2017-03-15,irrigation stop,293.7778318,350.22023736666665,2.2255858452034643,0.38835393428730025,2017,3
2017-03-16,control,184.4049778,263.04720556666666,1.0963533171253612,0.48968844937520994,2017,3
2017-03-16,irrigation,158.49,222.56109076666667,1.1210190851266353,0.44888695545141316,2017,3
2017-03-16,irrigation stop,312.4974929,368.0044221333333,2.367314002296748,0.37951534760348826,2017,3
2017-03-17,control,201.90053336666665,291.6097833333333,1.2087252838669142,0.5605320106310172,2017,3
2017-03-17,irrigation,165.78249443333334,236.82,1.1725829194362751,0.49771131763654275,2017,3
2017-03-17,irrigation stop,325.7178318,390.41430280000003,2.466788154717282,0.4492186759722547,2017,3
2017-03-18,control,233.9572055666667,236.86625296666665,1.414076121803448,0.017257239429129847,2017,3
2017-03-18,irrigation,176.42620556666665,168.2053633,1.2466609288591208,-0.06077887421930281,2017,3
2017-03-18,irrigation stop,346.3535707,353.5744047333333,2.618234253153285,0.05120798987707419,2017,3
2017-03-19,control,83.77989836666667,184.88317163333332,0.4789760092941089,0.6270398926729122,2017,3
2017-03-19,irrigation,39.43848333333333,138.34666666666666,0.27814726647388105,0.6972164039118902,2017,3
2017-03-19,irrigation stop,255.32741043333334,327.83893393333335,1.944716438362473,0.5094893960096981,2017,3
2017-03-20,control,113.84942222333333,232.6469227,0.6607307054149798,0.7350780858882071,2017,3
2017-03-20,irrigation,77.01296233000001,180.22655573333333,0.5430226371232321,0.7272023211740677,2017,3
2017-03-20,irrigation stop,277.333754,367.63136496666664,2.1055877691354232,0.6270539743796899,2017,3
2017-03-21,control,142.44826665666665,231.67315,0.8350190707911951,0.553633649288953,2017,3
2017-03-21,irrigation,99.01866111,174.76666666666665,0.6971818236807468,0.5360633636446676,2017,3
2017-03-21,irrigation stop,299.4756561,372.3969040333333,2.26323205794663,0.5162624987556269,2017,3
2017-03-22,control,160.75539142333332,212.79720556666666,0.9480302779832661,0.3233683300043435,2017,3
2017-03-22,irrigation,115.15333333333334,154.59147776666666,0.8114117969902542,0.27885588331811806,2017,3
2017-03-22,irrigation stop,316.1147929333333,354.8969040333333,2.387784224323146,0.2740313024088492,2017,3
2017-03-23,control,118.92990802333334,233.13709443333332,0.6785118658016287,0.7201350148285824,2017,3
2017-03-23,irrigation,65.38443912666666,169.0075941,0.45555249485487204,0.7343767573772292,2017,3
2017-03-23,irrigation stop,279.2477944,364.2602373666667,2.1307162478584294,0.6054606015217239,2017,3
2017-03-24,control,202.38461667666667,277.53589443333334,1.203673516774888,0.47559927273358005,2017,3
2017-03-24,irrigation,136.36232,196.84505553333332,0.9592516805596571,0.42664638928527754,2017,3
2017-03-24,irrigation stop,341.27023736666666,396.8102373666667,2.5680821335228416,0.40063985457546814,2017,3
2017-03-25,control,221.75053889999998,306.99440903333334,1.3319495821732878,0.5374240778506713,2017,3
2017-03-25,irrigation,142.01,215.46792296666666,0.9997958356788275,0.5171827810065306,2017,3
2017-03-25,irrigation stop,354.2869040333333,422.30355373333333,2.6719329423345104,0.48707458248382113,2017,3
2017-03-26,control,188.58387222333332,231.31053889999998,1.1212679521621038,0.2785124313052658,2017,3
2017-03-26,irrigation,89.39658889,116.78333333333333,0.6217339936683222,0.19976632191624585,2017,3
2017-03-26,irrigation stop,315.17505403333337,331.9069040333333,2.3998372904039473,0.11811958672852596,2017,3
2017-03-27,control,190.21387222333334,295.9655916,1.1413328516086958,0.6660598987646692,2017,3
2017-03-27,irrigation,80.16,172.49238173333333,0.5585882971256383,0.6518852129652319,2017,3
2017-03-27,irrigation stop,306.3935373666667,391.1989707,2.3293391359133526,0.5865499890320349,2017,3
2017-03-28,control,228.0586861,310.2918833333333,1.3813287364639195,0.5178317763921667,2017,3
2017-03-28,irrigation,110.84741236666666,176.19,0.7757179194761002,0.4614551375839798,2017,3
2017-03-28,irrigation stop,341.99328783333334,400.26690403333333,2.5804171424982245,0.39756736328756037,2017,3
2017-03-29,control,239.4935778,319.44685556666667,1.4548538132029425,0.5049134996588039,2017,3
2017-03-29,irrigation,114.44460408333333,175.58,0.8010258127498672,0.4316486558057434,2017,3
2017-03-29,irrigation stop,348.740704,405.2352984666667,2.6281437891619666,0.38504180925742776,2017,3
2017-03-30,control,261.8703163,333.3649870333333,1.6011210058865442,0.44791880609440554,2017,3
2017-03-30,irrigation,120.78188334333333,175.03827823333333,0.8450726526980904,0.38393464857213605,2017,3
2017-03-30,irrigation stop,361.81690403333334,415.29307206666664,2.720015507686518,0.3660589427806693,2017,3
2017-03-31,control,281.19997686666665,353.7172874,1.7246985935267183,0.458695922288715,2017,3
2017-03-31,irrigation,124.61640852333333,185.14000000000001,0.8720854063354112,0.42744610149496703,2017,3
2017-03-31,irrigation stop,370.1870651333333,426.83116513333334,2.7796644116537323,0.396970064497401,2017,3
2017-04-01,control,299.50956666666667,368.2979104666666,1.8445098057225588,0.4347367964221925,2017,4
2017-04-01,irrigation,117.08935,179.61102393333334,0.8175458510325773,0.4445275879074516,2017,4
2017-04-01,irrigation stop,372.92024853333334,433.0506818,2.7918219131782527,0.4409902182356334,2017,4
2017-04-02,control,272.7326134666667,331.49546376666666,1.677231982019317,0.3763348449537665,2017,4
2017-04-02,irrigation,81.82112224333333,134.04504459333333,0.5664225344739543,0.36907329665443894,2017,4
2017-04-02,irrigation stop,327.3741272666667,389.4835707,2.4653742774098495,0.4279503441851309,2017,4
2017-04-03,control,274.1219278,367.8272055666667,1.69033767324842,0.591929152726368,2017,4
2017-04-03,irrigation,69.88409014999999,153.77741236666668,0.4806492021270455,0.5916669655833191,2017,4
2017-04-03,irrigation stop,341.2635707,411.45690403333333,2.5422661941829476,0.4863587704893637,2017,4
2017-04-04,control,287.38165143333333,346.18191666666667,1.7751508603039572,0.37284263217899105,2017,4
2017-04-04,irrigation,72.56487777666668,121.42661691666667,0.49874424061316613,0.34578693544910666,2017,4
2017-04-04,irrigation stop,348.70742113333336,392.9435707,2.585416580223753,0.30366560144911797,2017,4
2017-04-05,control,290.0224833333333,374.13387223333336,1.7970727779111564,0.5304061390311134,2017,4
2017-04-05,irrigation,64.15399581666667,141.19333333333333,0.43805130591535635,0.5459993258195629,2017,4
2017-04-05,irrigation stop,345.8310982666667,415.2793457,2.553674785470448,0.49432900261472107,2017,4
2017-04-06,control,298.77553333333333,369.744385,1.8521154949565222,0.4501237915529302,2017,4
2017-04-06,irrigation,69.27514261333333,130.61666666666667,0.47410786473333233,0.433811491612554,2017,4
2017-04-06,irrigation stop,351.267404,405.9669040333333,2.5928214868139734,0.3779763257130085,2017,4
2017-04-07,control,299.55057223333336,373.85061666666667,1.86001505012463,0.4720192401907078,2017,4
2017-04-07,irrigation,60.22096111,124.27712777666667,0.4090653239013539,0.45172106590098915,2017,4
2017-04-07,irrigation stop,346.1785095,398.7551207,2.547131306961339,0.35630021615461666,2017,4
2017-04-08,control,309.87629496666665,384.0798839,1.9299010433417927,0.4694045515797923,2017,4
2017-04-08,irrigation,53.608735655333334,110.88333333333334,0.36093791077851656,0.40526894252831214,2017,4
2017-04-08,irrigation stop,347.89526786666664,399.54385356666666,2.5462934597108364,0.3544618238409253,2017,4
2017-04-09,control,322.05461916666667,399.1572055666667,2.0111729228258284,0.4902560434249987,2017,4
2017-04-09,irrigation,46.07975062333333,99.65306111,0.30679157675369106,0.3801866001149878,2017,4
2017-04-09,irrigation stop,345.45197913333334,399.6569040333333,2.5172926600631818,0.3725660019757514,2017,4
2017-04-10,control,329.45588333333336,412.7905389,2.063012406830464,0.5321087606866141,2017,4
2017-04-10,irrigation,36.95617776666666,107.58923333333334,0.241933999636751,0.5009974294842549,2017,4
2017-04-10,irrigation stop,336.70144846666665,398.8435707,2.4394249200896247,0.43425277346165986,2017,4
2017-04-11,control,333.93470003333334,404.0405389,2.0966054551853164,0.44711176662751334,2017,4
2017-04-11,irrigation,35.16114253333333,108.23333333333333,0.2301827829327084,0.5175834681403101,2017,4
2017-04-11,irrigation stop,325.4243540333333,385.21023736666666,2.341898060245141,0.41684780414514766,2017,4
2017-04-12,control,323.1078722333333,409.29021113333334,2.0317836562875438,0.5496632169428317,2017,4
2017-04-12,irrigation,31.5005,116.43326009,0.20621834876093217,0.5998625816126744,2017,4
2017-04-12,irrigation stop,310.98112076666666,375.44690403333334,2.221815230482172,0.44904993203091415,2017,4
2017-04-13,control,330.6746624333333,415.80027823333336,2.0844406839868665,0.5410913701197568,2017,4
2017-04-13,irrigation,30.923333333333332,107.99904841333334,0.20243992121343768,0.5459683122410118,2017,4
2017-04-13,irrigation stop,306.7944429,369.14023736666667,2.176574370633842,0.4426875936601848,2017,4
2017-04-14,control,330.6784024333333,412.1623777666666,2.0873473308134542,0.5200077418779794,2017,4
2017-04-14,irrigation,28.44713255666667,111.04676750666667,0.1862294472411281,0.584420024273378,2017,4
2017-04-14,irrigation stop,297.14647786666666,362.4505474333333,2.0985276672816244,0.45940828346231166,2017,4
2017-04-15,control,328.19386113333337,384.2706055666667,2.076986706371894,0.3558586344975431,2017,4
2017-04-15,irrigation,25.766883333333336,91.47821513333334,0.16868316800417724,0.4679938757896059,2017,4
2017-04-15,irrigation stop,280.5507707,331.9361161333333,1.965133969025239,0.36934300758582905,2017,4
2017-04-16,control,306.9938722333333,372.1938978,1.9463114888988022,0.414101203070336,2017,4
2017-04-16,irrigation,18.476733333333332,86.35861666666666,0.1209581256962929,0.4825755272459013,2017,4
2017-04-16,irrigation stop,253.90048736666668,309.6437651333333,1.7529689649537707,0.39965462333809354,2017,4
2017-04-17,control,309.9270377666667,386.44681760000003,1.966717107324609,0.48673408791795975,2017,4
2017-04-17,irrigation,18.67978924,107.58808889000001,0.12228743328756779,0.6314585886224396,2017,4
2017-04-17,irrigation stop,248.23001374666666,321.01337623333336,1.6995435642620635,0.5277251998773013,2017,4
2017-04-18,control,307.2758278,350.3869737666667,1.9510671241050848,0.2694639077235914,2017,4
2017-04-18,irrigation,18.070005563333336,74.22808889,0.11829547814705986,0.4056974683514623,2017,4
2017-04-18,irrigation stop,234.34158065,294.06690403333334,1.5922712905739442,0.4435499505607034,2017,4
2017-04-19,control,299.9135222333333,342.8569394,1.9034893258077714,0.2710123922884355,2017,4
2017-04-19,irrigation,26.414755556666666,74.22339262333334,0.17940837809885507,0.345590381891503,2017,4
2017-04-19,irrigation stop,235.73790403333334,293.86357069999997,1.6035240733890788,0.4305023806700529,2017,4
2017-04-20,control,295.2335222333333,340.9705389,1.8728794437092475,0.28988698374267785,2017,4
2017-04-20,irrigation,25.290661110000002,63.23808889,0.17207686956544577,0.27438721925733794,2017,4
2017-04-20,irrigation stop,245.17652089666666,256.39973736666667,1.6663490106216567,0.09403014172895305,2017,4
2017-04-21,control,300.76305633333334,354.15456113333335,1.907999165810469,0.3397035464493046,2017,4
2017-04-21,irrigation,23.386783333333334,71.6187,0.15910114685165982,0.34556094663610865,2017,4
2017-04-21,irrigation stop,223.73142415666666,239.0346466,1.5215374719426107,0.109203678661596,2017,4
2017-04-22,control,310.4938472333333,383.4185745,1.9749455151789028,0.4661044019878012,2017,4
2017-04-22,irrigation,25.450333332333337,97.21475555666666,0.17251612006173422,0.5098956098705618,2017,4
2017-04-22,irrigation stop,203.86826383333334,266.1185686333333,1.3800466705861942,0.4311828572070984,2017,4
2017-04-23,control,306.8691611333333,379.0735166666667,1.9560812052688694,0.46025349635121793,2017,4
2017-04-23,irrigation,17.42434004333333,88.46747088333333,0.1150227956910475,0.5049585439940422,2017,4
2017-04-23,irrigation stop,202.58584103333334,263.68181326666667,1.3622297597518764,0.4246232167452195,2017,4
2017-04-24,control,298.11848333333336,385.2479611333333,1.9028646674637737,0.556514535860303,2017,4
2017-04-24,irrigation,13.796055556666666,91.43958763333333,0.09031602026348418,0.5504192950414412,2017,4
2017-04-24,irrigation stop,196.48340213333336,261.3551911,1.311957607607653,0.45389496348100605,2017,4
2017-04-25,control,304.3895111333333,361.99794413333336,1.9477036029219783,0.36507469213758675,2017,4
2017-04-25,irrigation,12.334766666666667,74.35384444333333,0.08074967744484653,0.4422804656321966,2017,4
2017-04-25,irrigation stop,192.0934355,243.04466326666665,1.2694769824604089,0.36651837751385663,2017,4
2017-04-26,control,199.59272594333333,229.04797423333332,1.2737040781602098,0.19511063218391625,2017,4
2017-04-26,irrigation,0,54.40703334,0,0.3898308110140273,2017,4
2017-04-26,irrigation stop,124.4044239,133.33181326666667,0.7846521892458154,0.07499742373076844,2017,4
2017-04-27,control,184.80791666666667,209.15076111000002,1.1874993829402052,0.15788906436557565,2017,4
2017-04-27,irrigation,7.450016673333333,24.060827786666664,0.054912923572257015,0.12145944426973261,2017,4
2017-04-27,irrigation stop,99.55847993333333,116.35132993333335,0.6268986291728521,0.12392302534054327,2017,4
2017-04-28,control,150.05321666666669,236.06605231666668,0.9695109765448663,0.550557440687622,2017,4
2017-04-28,irrigation,0,77.48006666666667,0,0.5523893020537703,2017,4
2017-04-28,irrigation stop,81.56824623333334,146.23499026666667,0.5172045760300757,0.46798645609072975,2017,4
2017-04-29,control,186.53624043,256.8547336,1.2048439221828955,0.44333248293655775,2017,4
2017-04-29,irrigation,42.89006666666666,102.89312222333334,0.3048510204549032,0.4270700102218203,2017,4
2017-04-29,irrigation stop,105.8099369,148.04165869,0.6924672693476991,0.29883909575828427,2017,4
2017-04-30,control,203.66460025,278.6156328,1.3140320881558603,0.4775063050800951,2017,4
2017-04-30,irrigation,65.36443438333333,139.1866761,0.4643399998057272,0.5214953634549605,2017,4
2017-04-30,irrigation stop,112.69157956666666,170.46969104333334,0.7422749300521821,0.41887866222647674,2017,4
2017-05-01,control,187.07714228333333,110.63669309666666,1.1997240295770992,-0.4719651585131494,2017,5
2017-05-01,irrigation,53.75945808333333,20.732732209999998,0.3766071324554536,-0.23016729388205148,2017,5
2017-05-01,irrigation stop,100.83144793666666,67.84592994433334,0.6564168076338651,-0.2266660794337361,2017,5
2017-05-02,control,65.62354131666667,140.65734826,0.45094521949072053,0.47446565397625495,2017,5
2017-05-02,irrigation,0,52.69234375,0,0.3736240138411674,2017,5
2017-05-02,irrigation stop,48.49181326666667,90.19906834,0.30664764145016915,0.3051754705863356,2017,5
2017-05-03,control,91.62570313,178.46420796666666,0.6134244506112757,0.540419303832325,2017,5
2017-05-03,irrigation,0.2423432063333333,80.61886230333333,0.0017286564904166206,0.567215442210134,2017,5
2017-05-03,irrigation stop,50.702249868,108.71292003333333,0.32807550008098224,0.416085398521167,2017,5
2017-05-04,control,103.11381435666667,157.67347718333335,0.6804460469006336,0.34338473459259994,2017,5
2017-05-04,irrigation,8.950364586666668,67.46883789333333,0.06026356488501782,0.41555810446631236,2017,5
2017-05-04,irrigation stop,52.73685478433333,91.13000797333333,0.3434785773449653,0.2739849011449441,2017,5
2017-05-05,control,94.25168892,196.36619583333334,0.6232742515349411,0.6398731106702389,2017,5
2017-05-05,irrigation,5.0461490866666665,105.30995660333333,0.033272492572971116,0.7065814253198527,2017,5
2017-05-05,irrigation stop,45.93428396666666,107.49356677666667,0.29780455082046114,0.4318026022066514,2017,5
2017-05-06,control,121.27358801666666,194.55692803333332,0.7897698060049585,0.4660923618963779,2017,5
2017-05-06,irrigation,32.63092533,111.53791615,0.22602613391048923,0.5585693737316486,2017,5
2017-05-06,irrigation stop,60.26480878766667,109.93371429,0.4007852418885414,0.3629361586050935,2017,5
2017-05-07,control,62.6432984,124.38091146333333,0.4268740784510565,0.393869940835132,2017,5
2017-05-07,irrigation,0,83.17362467666666,0,0.5901025744044467,2017,5
2017-05-07,irrigation stop,29.402697059999998,78.57990923666667,0.19550541537955538,0.35676033245945993,2017,5
2017-05-08,control,60.24483018066666,162.05056960000002,0.411816688886218,0.6423196702062687,2017,5
2017-05-08,irrigation,2.933756511,114.18268126666666,0.01920586731528241,0.790517354048239,2017,5
2017-05-08,irrigation stop,20.71213852,83.98152059,0.13771985734806227,0.45730574696737875,2017,5
2017-05-09,control,89.55606276333333,177.87562930000001,0.5982413265924388,0.5552502081709756,2017,5
2017-05-09,irrigation,33.61695321,137.82329273333335,0.23802075479987136,0.7362929781216779,2017,5
2017-05-09,irrigation stop,31.20064372666667,95.66651448333333,0.21431796357123228,0.45891374946461344,2017,5
2017-05-10,control,94.27303743,194.76614523333333,0.6259841887343268,0.6314435534541925,2017,5
2017-05-10,irrigation,54.81548023,167.0387907,0.3876700525258889,0.7906820112916262,2017,5
2017-05-10,irrigation stop,37.913915216666666,109.70783893,0.2655725439916875,0.5160528655745323,2017,5
2017-05-11,control,131.47331265,212.8664014,0.8607890027131656,0.5157868001434549,2017,5
2017-05-11,irrigation,89.44038528666667,193.33002013333333,0.6309712757624869,0.7361624574380685,2017,5
2017-05-11,irrigation stop,58.438307673333334,129.35064763333332,0.4136272075310853,0.5254526576880487,2017,5
2017-05-12,control,129.06066988333333,219.42820346666667,0.8491219330682325,0.5737085165119709,2017,5
2017-05-12,irrigation,94.69178231333333,198.45154793333333,0.6679744434701131,0.7352293849604682,2017,5
2017-05-12,irrigation stop,58.234857176666665,129.44253944666667,0.4142870327415636,0.5191100497304648,2017,5
2017-05-13,control,64.63642571666666,166.83097866666668,0.44395145412275067,0.6434657904592574,2017,5
2017-05-13,irrigation,23.119852498666667,132.7354022,0.16047874739818488,0.7768755233110729,2017,5
2017-05-13,irrigation stop,14.811542506666667,93.54301689666667,0.09848541323500638,0.5744387296410365,2017,5
2017-05-14,control,61.276440369999996,182.968674,0.42540608911864114,0.7679771461231661,2017,5
2017-05-14,irrigation,13.352332013,147.9938522,0.0917570397156602,0.9509408265094548,2017,5
2017-05-14,irrigation stop,21.206862373333333,121.50796912666667,0.14100939205458035,0.7319509286630657,2017,5
2017-05-15,control,86.91120597333334,203.48835443333334,0.5858858706200353,0.7353721413681978,2017,5
2017-05-15,irrigation,49.20234828666666,166.22976616666668,0.3443739713603561,0.8258305241661309,2017,5
2017-05-15,irrigation stop,46.163798676666666,131.76967432666666,0.32388792067169747,0.6211637218888598,2017,5
2017-05-16,control,113.97012524666667,216.88325233333333,0.7550767664456721,0.6522128846876369,2017,5
2017-05-16,irrigation,79.55791267666666,168.82176016666668,0.5585326252526018,0.6285745638480983,2017,5
2017-05-16,irrigation stop,69.42633124333334,131.56622378,0.49999884666901995,0.44420993726032076,2017,5
2017-05-17,control,127.39785960333333,225.62919643333333,0.8442989982076532,0.6203559558977156,2017,5
2017-05-17,irrigation,68.52743509333334,135.21749855666667,0.4819670261400379,0.4704558207195466,2017,5
2017-05-17,irrigation stop,73.31155242999999,128.58438022333334,0.5289470627522868,0.3952438983221363,2017,5
2017-05-18,control,134.38435053333333,218.58607846666666,0.8954189640248618,0.529336543131709,2017,5
2017-05-18,irrigation,55.22058424,157.2762822,0.3871104911184309,0.7215124862836625,2017,5
2017-05-18,irrigation stop,67.20770328666667,137.78401081,0.4716690532964158,0.5280944900617621,2017,5
2017-05-19,control,131.59300937,100.67497279333334,0.8763497654368678,-0.2064525096675075,2017,5
2017-05-19,irrigation,58.68002117333334,54.975998956666665,0.4125147247597949,-0.025113265390423863,2017,5
2017-05-19,irrigation stop,61.31392507333333,80.22412855,0.427210887745927,0.14259627589802978,2017,5
2017-05-20,control,4.067434896666667,123.4918558,0.029442750148019933,0.7457793817255747,2017,5
2017-05-20,irrigation,0,105.58247600333333,0,0.7481609653815466,2017,5
2017-05-20,irrigation stop,6.4923034500000005,63.81821762333333,0.043168845367220564,0.43265312948042406,2017,5
2017-05-21,control,54.48823839,158.5511453,0.3387742136319267,0.6481165760674186,2017,5
2017-05-21,irrigation,28.888351883333332,132.60573200000002,0.20426125717171675,0.7294633790965872,2017,5
2017-05-21,irrigation stop,26.29312539333333,92.32077463666667,0.1923621821860645,0.4691429928018684,2017,5
2017-05-22,control,69.13667588999999,192.94531856666666,0.42356089116875045,0.7783518575040866,2017,5
2017-05-22,irrigation,40.68712575,154.04670416666667,0.28498682783971047,0.7967177856608285,2017,5
2017-05-22,irrigation stop,46.52661877333333,133.10464882,0.3279599211650517,0.6175345379300335,2017,5
2017-05-23,control,93.34728788,193.03804306666666,0.573909724257854,0.6315197433003245,2017,5
2017-05-23,irrigation,65.26360958666666,165.56471636666666,0.4576171624175829,0.7073159984862838,2017,5
2017-05-23,irrigation stop,65.88952961,139.20816446666666,0.46939541960218284,0.532217650870956,2017,5
2017-05-24,control,102.09566026333334,225.49546586666668,0.6307346073144909,0.7787620866790286,2017,5
2017-05-24,irrigation,71.20843380333334,188.30837876666666,0.4985545917390857,0.8248934140046833,2017,5
2017-05-24,irrigation stop,66.07550114333334,164.73374498,0.4702226301632407,0.7135509751366409,2017,5
2017-05-25,control,122.27167634666667,235.55920193333333,0.7586997812817613,0.7171624682615543,2017,5
2017-05-25,irrigation,93.78784893,199.90642323333333,0.6580421699195715,0.7476461920154561,2017,5
2017-05-25,irrigation stop,86.62366466,169.3201702,0.6249766660968857,0.598636269262797,2017,5
2017-05-26,control,133.22358993,244.736213,0.8307706636209905,0.7061640091082155,2017,5
2017-05-26,irrigation,104.61873926333334,197.62431953333333,0.7352450686559219,0.6523230577663355,2017,5
2017-05-26,irrigation stop,98.61096936999999,168.70848996333334,0.718721096868029,0.4993063930973761,2017,5
2017-05-27,control,143.42940173333335,257.9387592333333,0.8998907402673221,0.7222588381220579,2017,5
2017-05-27,irrigation,105.58919823,194.16477333333336,0.7415479622417356,0.6201004384077401,2017,5
2017-05-27,irrigation stop,102.6964637,167.8794291,0.74523137150524,0.4690695384823334,2017,5
2017-05-28,control,157.4670931,248.17313423333331,0.9925618446324619,0.5708141583444908,2017,5
2017-05-28,irrigation,107.05980642333333,181.02695593333334,0.7523117032311333,0.5185754349343735,2017,5
2017-05-28,irrigation stop,109.62815415333333,164.63947956666667,0.7987710974096481,0.39524755416180263,2017,5
2017-05-29,control,159.0943582,266.56694973333333,1.0059946608802268,0.6761640097512424,2017,5
2017-05-29,irrigation,104.98249989333334,203.5232482,0.7381598736010647,0.6921021404277579,2017,5
2017-05-29,irrigation stop,111.85069259,188.20656503333333,0.8216480815893169,0.5579537709337338,2017,5
2017-05-30,control,35.02107530333333,151.2112749,0.2421800064805123,0.7170789712584476,2017,5
2017-05-30,irrigation,15.415785046666668,97.84228309333334,0.10343782103064597,0.5874084112263513,2017,5
2017-05-30,irrigation stop,46.299951457,115.37920221,0.3078006555478762,0.5091844762033658,2017,5
2017-05-31,control,67.13704257666667,185.9380668,0.4276230456047451,0.7406573135611532,2017,5
2017-05-31,irrigation,3.210449219,130.34924946666666,0.022568664616868392,0.8962343175871819,2017,5
2017-05-31,irrigation stop,56.36446869666667,150.76381777999998,0.37697217583578446,0.6960081700929209,2017,5
2017-06-01,control,60.18751187,198.9336463,0.3785592223615701,0.8692147703211356,2017,6
2017-06-01,irrigation,0,132.9691569,0,0.9473546049554267,2017,6
2017-06-01,irrigation stop,68.4609585,178.94883283333334,0.47485441057001904,0.8176428933037676,2017,6
2017-06-02,control,80.01515912666667,235.705685,0.4999708609891315,0.9785077162066033,2017,6
2017-06-02,irrigation,3.2552083333333335,140.69959853333333,0.02490397570815574,0.9774582537272145,2017,6
2017-06-02,irrigation stop,95.63041923333333,209.15580983333334,0.6911262573614155,0.8295167663034723,2017,6
2017-06-03,control,121.42611864,230.25010683333332,0.7619486340879028,0.6840523514973135,2017,6
2017-06-03,irrigation,18.56180827,120.3962538,0.13722398841438832,0.7250262406974716,2017,6
2017-06-03,irrigation stop,136.00671537,214.03862236666666,0.9969764766717258,0.5721638637611198,2017,6
2017-06-04,control,23.07858527,119.97578186999999,0.1358639951589747,0.61388812201325,2017,6
2017-06-04,irrigation,0,92.99757215,0,0.6645505028995791,2017,6
2017-06-04,irrigation stop,63.44446163666667,88.71310152,0.46277163129587523,0.18284072182616617,2017,6
2017-06-05,control,34.99038405,19.326389363333334,0.21637246795610693,-0.09532713165367013,2017,6
2017-06-05,irrigation,1.1283952336666667,7.12076823,0.007387051057489445,0.04570785003592956,2017,6
2017-06-05,irrigation stop,32.153856723333334,30.526252563333333,0.21379851997665664,-0.008740997221438838,2017,6
2017-06-06,control,1.4241536466666667,75.50218370666667,0.009448578782617513,0.46170805714341134,2017,6
2017-06-06,irrigation,0,83.35097877333334,0,0.6014131001522603,2017,6
2017-06-06,irrigation stop,25.033088496666664,90.84458480666666,0.16645086519739785,0.48549338802278436,2017,6
2017-06-07,control,36.85307489333333,161.6007487,0.2295230129982269,0.7834018174876617,2017,6
2017-06-07,irrigation,41.19067283333333,151.566068,0.29508725585426,0.7880141428531989,2017,6
2017-06-07,irrigation stop,60.02657809,171.81599393333335,0.43580797181354275,0.8214164606786324,2017,6
2017-06-08,control,75.27669271,190.22623696666668,0.46748089029270085,0.7262817949632738,2017,6
2017-06-08,irrigation,63.525213709999996,145.62547473333333,0.4563426996671053,0.5840635391048649,2017,6
2017-06-08,irrigation stop,109.66850516666666,199.5838019,0.8168856522404262,0.6480514512711287,2017,6
2017-06-09,control,105.59082032333333,202.60687933333332,0.6616617169179179,0.6138707826006924,2017,6
2017-06-09,irrigation,76.90429687333334,136.31184896666667,0.5494807560322454,0.42607260857939416,2017,6
2017-06-09,irrigation stop,138.24861863333334,219.12488536666666,1.0262607931224168,0.5887857578633299,2017,6
2017-06-10,control,116.80980891,236.38339576666667,0.7344849281927597,0.7540243875285354,2017,6
2017-06-10,irrigation,52.693684893333334,139.16015623333334,0.3819524589067252,0.6117142892305002,2017,6
2017-06-10,irrigation stop,148.32410413333332,231.42742066666665,1.0949332828333203,0.6002586486384075,2017,6
2017-06-11,control,131.862047,255.2470792,0.8299352982693056,0.779081061884569,2017,6
2017-06-11,irrigation,42.77411566666667,135.85745366666666,0.31174354868165377,0.6562590871777866,2017,6
2017-06-11,irrigation stop,167.85535413333332,238.85958589999998,1.2425945215918652,0.5069510146654689,2017,6
2017-06-12,control,146.07747393333332,271.59169713333335,0.922413535261457,0.7915995012513475,2017,6
2017-06-12,irrigation,36.621093746666666,139.2706977,0.2661692008165881,0.7242513353102615,2017,6
2017-06-12,irrigation stop,176.90212063333334,257.7804843,1.3083578381781382,0.5838810086130006,2017,6
2017-06-13,control,151.36718753333332,281.14008916666666,0.9558358283383923,0.8170424736108105,2017,6
2017-06-13,irrigation,32.34863281,146.63721763333334,0.23664074606215574,0.8039235082093225,2017,6
2017-06-13,irrigation stop,190.34002753333334,261.7352233666667,1.4150192836956057,0.5091204012712269,2017,6
2017-06-14,control,144.76210193333333,216.61716493333333,0.9120139558270457,0.4534899581596805,2017,6
2017-06-14,irrigation,21.082323547333335,92.71670471666667,0.15394010428840493,0.5064327739469942,2017,6
2017-06-14,irrigation stop,188.23885926666665,244.6606384,1.3995076985139556,0.4125097926753697,2017,6
2017-06-15,control,0,120.44270833333333,0,0.7517830445685986,2017,6
2017-06-15,irrigation,0,116.32309006666667,0,0.8261293375696314,2017,6
2017-06-15,irrigation stop,37.06820404366667,75.48881767666666,0.25273226814158567,0.2801934517076603,2017,6
2017-06-16,control,33.77278646,182.4951172,0.20079213995662928,0.9225126915845269,2017,6
2017-06-16,irrigation,40.690104166666664,162.76041666666666,0.2902721582573615,0.8627092103820675,2017,6
2017-06-16,irrigation stop,27.7823832,155.34754056333333,0.18291005345372296,0.9352716587375346,2017,6
2017-06-17,control,86.87337238333333,220.7438151,0.5229472723406661,0.8368907400343093,2017,6
2017-06-17,irrigation,74.82078780333333,161.13281253333335,0.5279443122139569,0.6144235835325524,2017,6
2017-06-17,irrigation stop,83.2267045,189.42143380000002,0.5984152805348123,0.7726075655990331,2017,6
2017-06-18,control,116.9840495,249.83723956666665,0.7094123844501459,0.8348191367124613,2017,6
2017-06-18,irrigation,79.70361274,163.37076823333334,0.5633841564024037,0.5964559242712089,2017,6
2017-06-18,irrigation stop,121.77820461666667,221.56915663333334,0.892161332228784,0.7217921601161736,2017,6
2017-06-19,control,136.53903538333333,286.15315753333334,0.831758792201145,0.9394959383344764,2017,6
2017-06-19,irrigation,70.39388020666667,170.2904595,0.4989910969337496,0.7118450471469099,2017,6
2017-06-19,irrigation stop,142.43029433333334,238.14681626666666,1.0417744146187629,0.6946413350861632,2017,6
2017-06-20,control,171.9156901,324.8067220333333,1.0546716792792963,0.961253290782475,2017,6
2017-06-20,irrigation,76.09049479,183.82213086666667,0.5419273784318059,0.7674625849626855,2017,6
2017-06-20,irrigation stop,173.15098446666667,257.7774179333333,1.27400856568867,0.6247296059826409,2017,6
2017-06-21,control,218.91276043333335,339.96582033333334,1.3520730777469379,0.7616872164365587,2017,6
2017-06-21,irrigation,95.16432019,190.94203136666667,0.6802083446290846,0.682375148391166,2017,6
2017-06-21,irrigation stop,209.16766316666667,272.5350405333333,1.5625722702833913,0.4651748682724637,2017,6
2017-06-22,control,243.1233724,369.38921486666663,1.5084157097893693,0.7927381614762156,2017,6
2017-06-22,irrigation,99.07870822333334,201.82291666666666,0.7102747159462066,0.7308784661434334,2017,6
2017-06-22,irrigation stop,230.01388166666666,291.14874883333334,1.7342096144885522,0.44826223870000764,2017,6
2017-06-23,control,264.07877606666665,390.4268052666667,1.6432327928477464,0.788357099170475,2017,6
2017-06-23,irrigation,102.89484703333333,207.67890083333333,0.7398918141009675,0.7459854622116727,2017,6
2017-06-23,irrigation stop,250.0546043,301.71951336666666,1.8932659310774806,0.3792684035365801,2017,6
2017-06-24,control,281.3720703,397.45042589999997,1.7522429997392095,0.7285951671383348,2017,6
2017-06-24,irrigation,103.14941407666667,214.235185,0.7439586562687178,0.7891849522009895,2017,6
2017-06-24,irrigation stop,262.25655773333335,320.53512193333336,1.9943714939474246,0.42781956398905285,2017,6
2017-06-25,control,210.46973166666666,359.6289740666667,1.2794955149465657,0.9536998266785233,2017,6
2017-06-25,irrigation,52.03296667666667,187.3779297,0.38342488493858523,0.9650588487323679,2017,6
2017-06-25,irrigation stop,248.0328094,313.3195675,1.8993260829975012,0.4788735447160595,2017,6
2017-06-26,control,269.8211303333334,384.2481468666667,1.668735983879589,0.7192984451855436,2017,6
2017-06-26,irrigation,98.87695311666667,208.43744013333335,0.7181297547568515,0.7813697715928691,2017,6
2017-06-26,irrigation stop,261.35784853333337,328.6856888666667,2.0030897174726405,0.49633225706254747,2017,6
2017-06-27,control,175.92567153333334,276.28580726666667,1.0743346958619835,0.6315154676380813,2017,6
2017-06-27,irrigation,18.974312703333332,134.02167426666668,0.14516300471585716,0.8185906214294724,2017,6
2017-06-27,irrigation stop,179.8706065,225.2297427,1.3777736331628565,0.32789083746121017,2017,6
2017-06-28,control,171.9156901,255.081136,1.0461705186481256,0.5244200166866224,2017,6
2017-06-28,irrigation,40.025679376666666,113.27133221999999,0.29623623090209955,0.5253785929290138,2017,6
2017-06-28,irrigation stop,145.94348506,225.13106916666666,1.1158298195400622,0.5791860400084059,2017,6
2017-06-29,control,156.6812745,282.6601821666667,0.9562562141838615,0.7885941932055531,2017,6
2017-06-29,irrigation,20.548502606666666,133.50524903333334,0.15699581245231142,0.8073676977318983,2017,6
2017-06-29,irrigation stop,150.82665353333334,272.22376126666666,1.1420078515287326,0.9004298525853235,2017,6
2017-06-30,control,194.70214846666667,340.44697533333334,1.1940902320107816,0.9150619731881534,2017,6
2017-06-30,irrigation,56.35579426333333,173.33543566666668,0.4133227746112448,0.834244371910069,2017,6
2017-06-30,irrigation stop,215.36188520000002,330.21088963333335,1.6313272436585036,0.8473596084964425,2017,6
2017-07-01,control,241.69921873333334,353.25839260000004,1.4892597424770246,0.7058745191029372,2017,7
2017-07-01,irrigation,86.35874346666667,178.22265626666666,0.6253652162820527,0.659441651874633,2017,7
2017-07-01,irrigation stop,262.8699559666667,347.50875786666666,1.9807522694292226,0.6325791441622761,2017,7
2017-07-02,control,233.5809306,343.5228136,1.4414154598432531,0.6913144846062066,2017,7
2017-07-02,irrigation,78.47816577,167.6405165,0.5717012470393064,0.6398815508419528,2017,7
2017-07-02,irrigation stop,261.85828166666664,340.284064,1.9730956252567924,0.5785102869356321,2017,7
2017-07-03,control,238.85091146666667,362.94280833333335,1.4768709072232022,0.778995438013913,2017,7
2017-07-03,irrigation,78.53190106,176.18815106666668,0.5731901367348479,0.6978204603845324,2017,7
2017-07-03,irrigation stop,268.7698541,334.1790324,2.0196783580383584,0.47670635981316234,2017,7
2017-07-04,control,256.3903481666667,378.30607096666665,1.5870262151722492,0.7658459083025045,2017,7
2017-07-04,irrigation,84.22851561666667,182.2916667,0.6160211509174792,0.697866072443642,2017,7
2017-07-04,irrigation stop,286.67147216666666,332.5505751,2.154044740843113,0.3278390401166294,2017,7
2017-07-05,control,278.52376303333335,402.8089735333333,1.7293220017625648,0.7777802539852863,2017,7
2017-07-05,irrigation,88.70442709333334,186.76757813333333,0.648979519534138,0.6959639446717975,2017,7
2017-07-05,irrigation stop,298.5748453666667,336.11434556666666,2.241227277990073,0.2678697493680753,2017,7
2017-07-06,control,308.83789063333336,424.78230793333336,1.923677447636718,0.7199449366646409,2017,7
2017-07-06,irrigation,98.87695311,190.4296875,0.7227406804438364,0.648921084907823,2017,7
2017-07-06,irrigation stop,319.17119403333334,355.54489263333335,2.400446000598195,0.2580916889463112,2017,7
2017-07-07,control,327.35188803333335,422.7701823,2.042753008909534,0.5926028570341936,2017,7
2017-07-07,irrigation,88.05474174666666,185.13997396666667,0.645568140675479,0.6874564250855033,2017,7
2017-07-07,irrigation stop,341.7050056333333,374.4637515,2.5749515890628305,0.23435443793781688,2017,7
2017-07-08,control,332.03125,437.7827249333333,2.0732838161017915,0.6535320482479012,2017,7
2017-07-08,irrigation,82.60091145333332,182.44009383333332,0.6061862019718193,0.7063979134363517,2017,7
2017-07-08,irrigation stop,357.16740319999997,385.1542048333333,2.6937388747567694,0.20195695392365381,2017,7
2017-07-09,control,341.502889,381.9619455,2.1332187345955096,0.25106617945193727,2017,7
2017-07-09,irrigation,58.07685125166667,109.18680827333333,0.43937636409640685,0.3693059492940092,2017,7
2017-07-09,irrigation stop,370.0866811,391.55359526666666,2.7954364777731744,0.15859898689760105,2017,7
2017-07-10,control,243.20614709999998,357.62637886666664,1.5109775439220956,0.7149673609494996,2017,7
2017-07-10,irrigation,29.80057637333333,152.4786155,0.22798934940381185,0.8655946351461898,2017,7
2017-07-10,irrigation stop,304.77451346666663,371.5225244,2.2998283400442263,0.49279498259495635,2017,7
2017-07-11,control,122.15270995333334,257.9375892666667,0.7578122965061815,0.8503830811195665,2017,7
2017-07-11,irrigation,9.101289883333333,141.59758293333334,0.06962943042583049,0.9388462463296273,2017,7
2017-07-11,irrigation stop,246.58763926666668,299.0836152,1.860388863676774,0.38591020695972794,2017,7
2017-07-12,control,171.5508355,318.01910656666666,1.062873398603545,0.9107603293136797,2017,7
2017-07-12,irrigation,54.67054579,172.9666643,0.39072435969990427,0.8375448758568883,2017,7
2017-07-12,irrigation stop,235.80849156666667,335.09641476666667,1.77447634544868,0.735592449332132,2017,7
2017-07-13,control,211.18164063333333,358.43098956666665,1.3093557182403188,0.9194392102005813,2017,7
2017-07-13,irrigation,70.33623589333334,184.10326623333333,0.5012678857986694,0.807431805524354,2017,7
2017-07-13,irrigation stop,273.9591941666667,372.42924623333334,2.065347965563111,0.7295079761197838,2017,7
2017-07-14,control,242.9369044,374.71300116666663,1.509264680639619,0.8224697609702405,2017,7
2017-07-14,irrigation,77.57617382,183.63054063333334,0.5535873873873818,0.7533978435597334,2017,7
2017-07-14,irrigation stop,316.67158293333335,396.9474076,2.388292556295948,0.6011966575240357,2017,7
2017-07-15,control,273.67418076666667,401.18442113333333,1.6991139135849598,0.7985351306496387,2017,7
2017-07-15,irrigation,96.89873591,206.1859131,0.6916170107131973,0.7766560958451145,2017,7
2017-07-15,irrigation stop,354.6247783333333,421.05392076666664,2.685675704103697,0.5021300620898262,2017,7
2017-07-16,control,298.05501300000003,407.19726833333334,1.8563239468223491,0.6813465425477433,2017,7
2017-07-16,irrigation,96.20225693666666,177.79353020000002,0.6881574641596868,0.5788599741628697,2017,7
2017-07-16,irrigation stop,383.1075212,412.51442423333333,2.9081832507390204,0.20152939986776394,2017,7
2017-07-17,control,305.1947699333333,424.93967573333333,1.9018873237575562,0.748471592157812,2017,7
2017-07-17,irrigation,90.27438692666666,192.14569696666666,0.647347411430741,0.7208732697410051,2017,7
2017-07-17,irrigation stop,385.1394784666667,419.93799466666667,2.920887433473128,0.2444227956700616,2017,7
2017-07-18,control,318.6194260666667,439.766312,1.9879519339052227,0.7506718532029366,2017,7
2017-07-18,irrigation,83.76397026666666,209.7913954,0.6024875799159016,0.8898380346436475,2017,7
2017-07-18,irrigation stop,392.0571353,421.7858179,2.9730867436580946,0.2175677360989893,2017,7
2017-07-19,control,332.93863933333336,440.32038446666667,2.077372939439358,0.6659369531235458,2017,7
2017-07-19,irrigation,89.19735589333334,201.94426803333332,0.6428724023093643,0.7948751653343418,2017,7
2017-07-19,irrigation stop,406.3874942333333,439.8769869,3.0893130304115486,0.2545057875617079,2017,7
2017-07-20,control,307.2256219,421.2917752,1.918043036693144,0.7091824837058941,2017,7
2017-07-20,irrigation,59.55268011,192.4393422,0.4345591371231507,0.9384688343396511,2017,7
2017-07-20,irrigation stop,395.0122541,431.1359113,3.003263743312703,0.2605164105702928,2017,7
2017-07-21,control,315.77193496666666,427.08790003333337,1.969827254789208,0.6958626667227396,2017,7
2017-07-21,irrigation,64.34708618666666,196.5335422,0.468703676738837,0.9355623435598309,2017,7
2017-07-21,irrigation stop,405.0774693,449.0521032333333,3.082184310635553,0.32565648818787973,2017,7
2017-07-22,control,252.10944279999998,368.65234376666666,1.5624549426804937,0.731672690327213,2017,7
2017-07-22,irrigation,29.44302029,160.52246093333335,0.22278318311668732,0.9289315128826945,2017,7
2017-07-22,irrigation stop,384.81718596666667,416.29798016666666,2.9323760673843298,0.21714487464245666,2017,7
2017-07-23,control,215.9268087,327.9479743,1.33387331661041,0.6987955220195746,2017,7
2017-07-23,irrigation,16.421943786666667,148.89275410000002,0.12563610290498944,0.9374984352624786,2017,7
2017-07-23,irrigation stop,337.2072172333333,373.574187,2.5747745041919456,0.2481996445801854,2017,7
2017-07-24,control,191.96719050000002,261.200653,1.1637060817047682,0.44342676829595,2017,7
2017-07-24,irrigation,27.66128056133333,104.37011717666667,0.20415450548628625,0.5463223222434659,2017,7
2017-07-24,irrigation stop,313.9036203333333,344.36426413333334,2.3938729091537647,0.21788230990433421,2017,7
2017-07-25,control,162.40200466666667,265.47711626666666,0.9812937225068326,0.6549227040423277,2017,7
2017-07-25,irrigation,9.765625,116.8680827,0.07471192712446724,0.7630774428310023,2017,7
2017-07-25,irrigation stop,288.69427873333336,359.8153139666667,2.2040209135579243,0.525227479462221,2017,7
2017-07-26,control,157.0977105,291.2382975666667,0.9499325378322799,0.844970104295463,2017,7
2017-07-26,irrigation,8.919393723333332,134.0157645,0.06768335140767442,0.8886324842761095,2017,7
2017-07-26,irrigation stop,284.4225335333333,382.42205766666666,2.169346343145201,0.7171671858764942,2017,7
2017-07-27,control,209.9609375,329.7329373,1.2847343607228556,0.7542884490563677,2017,7
2017-07-27,irrigation,53.36138493,153.62941343333333,0.38299523916129546,0.7123803535043358,2017,7
2017-07-27,irrigation stop,332.4490403,422.6815249333333,2.5247760713773815,0.6641362025735583,2017,7
2017-07-28,control,227.86458333333331,356.99971516666665,1.3996087916877775,0.8102775282253308,2017,7
2017-07-28,irrigation,45.97981771,159.3604194,0.33115486778233305,0.8045103331038531,2017,7
2017-07-28,irrigation stop,357.97103503333335,431.8367983333333,2.7068993076033387,0.5447347488763294,2017,7
2017-07-29,control,241.49576823333334,358.85753600000004,1.4873860876968537,0.7337197885847508,2017,7
2017-07-29,irrigation,42.31770833333333,153.40667823333334,0.3060504737253887,0.7881383202560025,2017,7
2017-07-29,irrigation stop,380.1471225,429.02816393333336,2.8737867214087096,0.35841169057633004,2017,7
2017-07-30,control,260.6201172,367.05152723333333,1.6065228004460226,0.6664240580512727,2017,7
2017-07-30,irrigation,54.788886176666665,152.8375902,0.3952881704981915,0.6952689381488849,2017,7
2017-07-30,irrigation stop,390.03551526666666,427.87326816666666,2.9485980502119005,0.27907932191242535,2017,7
2017-07-31,control,185.21202636666666,295.1599121,1.1200519161441251,0.6947806192204582,2017,7
2017-07-31,irrigation,9.56217448,124.65413410000001,0.07315542864908291,0.812912048727088,2017,7
2017-07-31,irrigation stop,352.3408809333333,374.57345853333334,2.673881564316346,0.1508174793616909,2017,7
2017-08-01,control,239.52467176666667,376.5625000333333,1.4659897262630535,0.862879050850878,2017,8
2017-08-01,irrigation,61.99306912,179.38073093333333,0.4412693910285985,0.8300164384699157,2017,8
2017-08-01,irrigation stop,338.4530093,409.2812563333333,2.5434831426815228,0.5339726832725535,2017,8
2017-08-02,control,91.97455512,238.43214246666668,0.5526560075853975,0.9063592687633786,2017,8
2017-08-02,irrigation,0,125.060357,0,0.886066429765906,2017,8
2017-08-02,irrigation stop,237.97541793333335,301.73697196666666,1.7764413880148193,0.44657818947701594,2017,8
2017-08-03,control,169.67773436666667,292.9687500333333,1.0300419357482131,0.7696223277714779,2017,8
2017-08-03,irrigation,52.492268880000005,145.61190626666667,0.37188906202166044,0.6577715471011318,2017,8
2017-08-03,irrigation stop,252.079447,318.11998596666666,1.8710882493945558,0.4847386515435056,2017,8
2017-08-04,control,203.8574219,320.48564353333336,1.2443794700503066,0.7309491413698634,2017,8
2017-08-04,irrigation,61.23928494,154.70309786666667,0.4331570355177642,0.6603682202032761,2017,8
2017-08-04,irrigation stop,272.2207095,345.370327,2.037389540394377,0.5435967830770848,2017,8
2017-08-05,control,212.19889326666666,350.8561876,1.2959558480127873,0.8709484897717618,2017,8
2017-08-05,irrigation,55.48027886,170.03818090000001,0.3929635669307245,0.8089312477987913,2017,8
2017-08-05,irrigation stop,291.24131726666667,368.70375813333334,2.2011138231617577,0.5698406526841671,2017,8
2017-08-06,control,221.15071616666665,345.93980576666667,1.355767355377609,0.7846798155494568,2017,8
2017-08-06,irrigation,44.8381212,162.3082882,0.3183807869062067,0.8322809277370682,2017,8
2017-08-06,irrigation stop,309.14392723333333,393.39823823333336,2.3456237995125644,0.6272861357698193,2017,8
2017-08-07,control,246.17513023333333,372.44216163333334,1.5113729718633346,0.7921708393839966,2017,8
2017-08-07,irrigation,77.45293511333334,182.8403049,0.55062875440726,0.7447192547446956,2017,8
2017-08-07,irrigation stop,354.2016368,398.5946968,2.698742491577675,0.32030520080819336,2017,8
2017-08-08,control,247.62650763333335,164.71654211666666,1.5200072891929357,-0.5254589705555949,2017,8
2017-08-08,irrigation,58.70878247666667,7.9156803233333335,0.4185616405005725,-0.36186764787359343,2017,8
2017-08-08,irrigation stop,363.31978093333333,305.8822763333333,2.7684774712985405,-0.43804755534895357,2017,8
2017-08-09,control,21.085557176666665,121.85790801,0.11072602623886292,0.6518733727565614,2017,8
2017-08-09,irrigation,0,124.9186198,0,0.883643978957788,2017,8
2017-08-09,irrigation stop,97.81173323666667,112.01257959333333,0.7744960333587596,0.12727388961447753,2017,8
2017-08-10,control,26.00355146,10.687934026666666,0.14334967779352645,-0.08653865770241248,2017,8
2017-08-10,irrigation,31.143500473333333,8.076512536666666,0.2199431658291872,-0.16623966747625743,2017,8
2017-08-10,irrigation stop,58.784837089999996,38.81766268333333,0.47334301734374445,-0.16096559171157024,2017,8
2017-08-11,control,0,35.91800266,0,0.22248882912894552,2017,8
2017-08-11,irrigation,0,52.234767043333335,0,0.3704370291358458,2017,8
2017-08-11,irrigation stop,13.220045043333332,9.691704641666666,0.10258015193932797,-0.02534457890930063,2017,8
2017-08-12,control,17.626953126666667,141.12141926666666,0.10598929947579556,0.7649198443002949,2017,8
2017-08-12,irrigation,61.31534361666667,171.50878906666668,0.4334325140470542,0.7783501977464531,2017,8
2017-08-12,irrigation stop,0.908406575,71.28844907999999,0.0060402079583543565,0.49729983174669934,2017,8
2017-08-13,control,64.82747396666667,173.11265733333335,0.3869786527735837,0.6671361468723199,2017,8
2017-08-13,irrigation,103.75976563333333,193.76118976666666,0.7305970665241612,0.6367591342944796,2017,8
2017-08-13,irrigation stop,29.159271562666667,91.85526221666666,0.19131895883400343,0.42789664215318973,2017,8
2017-08-14,control,81.43310546333333,206.8359375,0.4852114215070199,0.7755576565575011,2017,8
2017-08-14,irrigation,110.00196668666666,212.33927409999998,0.7737989694616195,0.7241560260145588,2017,8
2017-08-14,irrigation stop,41.25532419933334,128.05114437666666,0.2607648879339739,0.6256633519119796,2017,8
2017-08-15,control,127.08333330666666,235.57061086666667,0.7677978866997238,0.6793075760971617,2017,8
2017-08-15,irrigation,141.60823323333335,224.6744792,0.9972713671004544,0.5894374350695825,2017,8
2017-08-15,irrigation stop,79.80047978666667,148.59964701333334,0.5373443109028252,0.503040784082021,2017,8
2017-08-16,control,112.40819366,244.88118490000002,0.6793262013747098,0.8321138415958594,2017,8
2017-08-16,irrigation,80.84830127333333,199.99186196666668,0.5683061566179388,0.8434593932980412,2017,8
2017-08-16,irrigation stop,70.00978793,158.36527200333333,0.45571375254005597,0.6546358770849645,2017,8
2017-08-17,control,152.3111979,279.71890236666667,0.9323127244810319,0.80073083330305,2017,8
2017-08-17,irrigation,108.98168256333334,208.9436849,0.7673364241722558,0.7058469580764343,2017,8
2017-08-17,irrigation stop,95.55670537,175.77046404333333,0.6422587510714066,0.5921205716002045,2017,8
2017-08-18,control,175.58106279999998,301.2033537666667,1.082308123251308,0.7915603452326369,2017,8
2017-08-18,irrigation,112.78393402333333,212.40234376666666,0.7942560916265321,0.7030364223313913,2017,8
2017-08-18,irrigation stop,111.63076100333333,189.3660451,0.759889071936061,0.5818968982874871,2017,8
2017-08-19,control,62.91605631666667,210.79757183333334,0.39029941410220054,0.93392562443551,2017,8
2017-08-19,irrigation,40.974934893333334,160.07147896666666,0.2830781630249472,0.8451117834298545,2017,8
2017-08-19,irrigation stop,67.36490577666667,130.19619106666667,0.44126180358107087,0.4668142605931494,2017,8
2017-08-20,control,137.17854816666667,242.96956243333332,0.8557969014663958,0.6659913378503344,2017,8
2017-08-20,irrigation,93.65822648666666,179.03645833333334,0.6568711027826158,0.606057669440989,2017,8
2017-08-20,irrigation stop,90.46874694333333,155.83114121,0.6183358202739289,0.4758508668715923,2017,8
2017-08-21,control,162.6871745,263.9252423666667,1.013628225227765,0.638004018160042,2017,8
2017-08-21,irrigation,108.91677935,189.81933593333335,0.7657248513881193,0.5739919579248295,2017,8
2017-08-21,irrigation stop,112.6214569,176.89757993333333,0.7834613859430495,0.46956000945238224,2017,8
2017-08-22,control,181.81152343333335,293.8774956666667,1.1339423369507686,0.7062514472585918,2017,8
2017-08-22,irrigation,113.18664552,197.28224013333335,0.7964379540911437,0.5953131073515933,2017,8
2017-08-22,irrigation stop,125.64207398666666,209.48591416666667,0.8789472442989912,0.6102095858591801,2017,8
2017-08-23,control,206.632487,322.5212944666667,1.2918015563183345,0.7328441777657639,2017,8
2017-08-23,irrigation,122.00317384666667,205.01268173333335,0.8594460393038034,0.5872704264003342,2017,8
2017-08-23,irrigation stop,142.2324405,236.7482839,1.0032367193603486,0.6986886806774513,2017,8
2017-08-24,control,221.76560543333332,325.12580023333334,1.3889052441244123,0.6570724907454759,2017,8
2017-08-24,irrigation,121.11985950666667,193.96972656666668,0.854106952697788,0.5161399844219089,2017,8
2017-08-24,irrigation stop,159.12038139999999,238.57933863333335,1.1352797922768747,0.5888277125433374,2017,8
2017-08-25,control,217.4153646,344.81811523333334,1.3625965585001407,0.8020049464309265,2017,8
2017-08-25,irrigation,106.94738241666667,202.3678369,0.755302291394767,0.6729130329794315,2017,8
2017-08-25,irrigation stop,161.96665416666667,261.97879853333336,1.161979933777559,0.736771007214125,2017,8
2017-08-26,control,224.12923173333334,361.0514323,1.4056581563999,0.8629407671914607,2017,8
2017-08-26,irrigation,102.74251303333334,210.50516766666667,0.7252762409141145,0.7614108812111718,2017,8
2017-08-26,irrigation stop,175.59919543333334,282.02958816666666,1.2680327312637212,0.787940141621061,2017,8
2017-08-27,control,257.6985677,365.1204427,1.6189190381999525,0.6843547735039452,2017,8
2017-08-27,irrigation,132.17287057666667,211.58741553333334,0.935063837097033,0.5636503395067595,2017,8
2017-08-27,irrigation stop,209.5179576,292.8111095,1.5355091763577247,0.6152981170726322,2017,8
2017-08-28,control,265.0227864666667,376.2285020666667,1.6690900755505524,0.7036419069743018,2017,8
2017-08-28,irrigation,128.37727863666666,217.8955078,0.907842041882831,0.6328230105585498,2017,8
2017-08-28,irrigation stop,220.06293383333332,306.6476333333333,1.6183870041359338,0.636975661972557,2017,8
2017-08-29,control,273.97460936666664,394.3376329,1.7265077972272556,0.7593317418489489,2017,8
2017-08-29,irrigation,153.19824216333333,259.3994141,1.0839645609092456,0.7476251098128925,2017,8
2017-08-29,irrigation stop,241.6043121,318.96908203333334,1.7911391238036245,0.5561819747689062,2017,8
2017-08-30,control,289.3571641666667,390.95865883333335,1.8266454806611898,0.643154785022106,2017,8
2017-08-30,irrigation,175.5071522,281.64401583333336,1.2419296893233454,0.7475317073240277,2017,8
2017-08-30,irrigation stop,262.06414086666666,323.5093489,1.9482005706406276,0.4458064682381496,2017,8
2017-08-31,control,258.1471761,220.70282206666667,1.6309944040813944,-0.24803958885386163,2017,8
2017-08-31,irrigation,146.81871480666666,113.51631155666666,1.0391436930525584,-0.23811425844489506,2017,8
2017-08-31,irrigation stop,244.89756933333334,225.07191946666666,1.8187079261147447,-0.14461663050473397,2017,8
2017-09-01,control,155.28259276666665,279.87467446666665,0.9609389244208576,0.7975027992200276,2017,9
2017-09-01,irrigation,59.74392362333333,175.16909713333334,0.41971498942590385,0.8202033083922383,2017,9
2017-09-01,irrigation stop,155.02250691,234.51032823333333,1.1562087451545364,0.5807045415187995,2017,9
2017-09-02,control,198.05190183333335,273.9761677,1.241996350749461,0.47992180706909504,2017,9
2017-09-02,irrigation,101.45195857333334,173.61596736666667,0.7172565662946947,0.5141050478280557,2017,9
2017-09-02,irrigation stop,174.28897403333332,240.6102634,1.297828418611459,0.4843122451256886,2017,9
2017-09-03,control,214.6898058,332.6880561,1.3499724399110016,0.7467817112358337,2017,9
2017-09-03,irrigation,123.14973658000001,215.8610026,0.8724206129493919,0.6579445070988914,2017,9
2017-09-03,irrigation stop,200.62021863333334,305.1076589333333,1.4946413504752074,0.762370568850585,2017,9
2017-09-04,control,233.69140626666666,319.95442710000003,1.4724400849632002,0.5467841665680335,2017,9
2017-09-04,irrigation,123.83105958,190.4296875,0.8780385175077784,0.4748547273314625,2017,9
2017-09-04,irrigation stop,240.2927311,304.6112397,1.790602508647997,0.47064913215099896,2017,9
2017-09-05,control,237.55696613333333,365.7278824333333,1.4985422691536372,0.8095717574568819,2017,9
2017-09-05,irrigation,119.62144597333334,225.35298663333333,0.8483617429777965,0.7491190151007082,2017,9
2017-09-05,irrigation stop,247.47676476666666,334.8395733666667,1.8398837353713617,0.6302920027904466,2017,9
2017-09-06,control,253.34099659999998,381.31660203333337,1.5996871963982777,0.8122443653595318,2017,9
2017-09-06,irrigation,114.47177465,225.28686183333332,0.8113558881372881,0.7866155563670351,2017,9
2017-09-06,irrigation stop,266.7436838333333,355.2710975,1.9767806319661485,0.6491874895897229,2017,9
2017-09-07,control,270.02699110000003,390.1135736,1.7051343917792117,0.7635146876937993,2017,9
2017-09-07,irrigation,126.33327398333333,229.55729166666669,0.8962797763634678,0.7340957697705748,2017,9
2017-09-07,irrigation stop,296.44493213333334,375.3504329,2.206008583661867,0.58396387423466245,2017,9
2017-09-08,control,281.54161243333334,382.41373696666665,1.7786657835044952,0.6424525270811646,2017,9
2017-09-08,irrigation,136.02193197666668,231.11979166666666,0.965761550295209,0.6756554006788967,2017,9
2017-09-08,irrigation stop,321.52606106666667,370.41847010000004,2.398143388612385,0.3586103901800052,2017,9
2017-09-09,control,281.79996493333334,259.73307293333335,1.7829555100606111,-0.13671319091203848,2017,9
2017-09-09,irrigation,129.11965302,100.84183003,0.91666106494946,-0.20073863558756064,2017,9
2017-09-09,irrigation stop,316.87983233333335,285.54526726666666,2.3603396438922477,-0.23670682690563438,2017,9
2017-09-10,control,173.18081326666666,270.8404541333333,1.0800587717879213,0.6277427243588206,2017,9
2017-09-10,irrigation,42.17697305666667,130.34023706666667,0.2931050480993926,0.6298212203367171,2017,9
2017-09-10,irrigation stop,200.6761675,229.39655353333333,1.5039627970296072,0.21147734463460632,2017,9
2017-09-11,control,196.90592176666667,320.21257103333335,1.239036166776752,0.78485296994554965,2017,9
2017-09-11,irrigation,70.24928745,190.08043076666667,0.4955652642052429,0.8502769927989248,2017,9
2017-09-11,irrigation stop,184.4030285,275.54673833333334,1.384173921332148,0.6564329193016205,2017,9
2017-09-12,control,231.4215766,341.6804281666667,1.4612334574793695,0.701042999051294,2017,9
2017-09-12,irrigation,114.94954426333334,204.05375163333332,0.8138036009240275,0.6328985551367855,2017,9
2017-09-12,irrigation stop,229.30843746666665,318.73884383333336,1.7076464852687323,0.6588301078920349,2017,9
2017-09-13,control,250.33980936666666,307.1370443,1.5839180581406878,0.3595593182579537,2017,9
2017-09-13,irrigation,131.15166559333335,171.9156901,0.9292121383623322,0.2919646965564835,2017,9
2017-09-13,irrigation stop,276.46517973333334,300.80857986666666,2.0621238882759383,0.17419039544584955,2017,9
2017-09-14,control,235.72760973333334,234.65697939999998,1.4935905520366164,-0.0174041930422168,2017,9
2017-09-14,irrigation,107.40828268333334,118.68578952,0.7610206790535168,0.0835117409350521,2017,9
2017-09-14,irrigation stop,258.04616073333335,264.5051845666667,1.917142272851652,0.04656036474656061,2017,9
2017-09-15,control,205.04190466666665,313.47724066666666,1.2899572956352632,0.6952402085036069,2017,9
2017-09-15,irrigation,97.78713651000001,173.33984376666666,0.6929979432664481,0.5381055843815024,2017,9
2017-09-15,irrigation stop,247.78624489999999,318.6544118333333,1.8420981918414343,0.5251177305327416,2017,9
2017-09-16,control,234.54182943333333,336.3837348,1.4828191515110312,0.6520507109542887,2017,9
2017-09-16,irrigation,117.04406738666667,188.12086316666668,0.8292756946349251,0.5055964308682863,2017,9
2017-09-16,irrigation stop,282.75053933333334,340.9149506,2.1023413561528903,0.4273159093923678,2017,9
2017-09-17,control,241.45886863333334,330.2785477666667,1.5304510303367485,0.567476036828165,2017,9
2017-09-17,irrigation,113.78828973666667,178.8330078,0.8059117237109749,0.46415719702973834,2017,9
2017-09-17,irrigation stop,293.92604386666665,339.69424746666664,2.1844743349088858,0.3358257147921607,2017,9
2017-09-18,control,203.11923556666667,297.6942274333333,1.2840513093293693,0.6038064671845657,2017,9
2017-09-18,irrigation,77.2217033,155.36465116666668,0.546926830496336,0.5567856288237615,2017,9
2017-09-18,irrigation stop,256.38875956666664,296.3592865666667,1.9114388354974172,0.2896634464100277,2017,9
2017-09-19,control,226.04573566666667,311.3481309666667,1.433359760795125,0.5418251330346184,2017,9
2017-09-19,irrigation,108.84602865666666,170.06872176666667,0.7706669012392772,0.4370329225536165,2017,9
2017-09-19,irrigation stop,244.53099813333333,306.7632670666667,1.817993044274968,0.4550580092419684,2017,9
2017-09-20,control,232.67415363333333,332.68771703333334,1.4760876306370299,0.6333217009073515,2017,9
2017-09-20,irrigation,113.65559898333333,185.06854623333334,0.8049466068636881,0.5076196811009412,2017,9
2017-09-20,irrigation stop,265.89460556666666,325.161531,1.9719476814977153,0.43050807041502537,2017,9
2017-09-21,control,248.75013563333331,347.33276366666666,1.578635683170662,0.6258273735085413,2017,9
2017-09-21,irrigation,118.00130210333333,189.6158854,0.8363224491863059,0.5086537739740833,2017,9
2017-09-21,irrigation stop,291.81716036666666,337.0007065666667,2.163190961951652,0.3281880471453457,2017,9
2017-09-22,control,260.1399739666667,355.76171873333334,1.6532378412641338,0.6064581613985175,2017,9
2017-09-22,irrigation,122.40411955333333,192.2607422,0.8676443687308916,0.4968643655982368,2017,9
2017-09-22,irrigation stop,303.6835053,347.9832030333333,2.24989854688875,0.3211896043498269,2017,9
2017-09-23,control,269.2952474,366.57530583333335,1.7139753185918056,0.6159919515447165,2017,9
2017-09-23,irrigation,124.56563314333333,198.90314523333333,0.882480500864715,0.5287399638213384,2017,9
2017-09-23,irrigation stop,312.315038,353.5643480333333,2.312322236338898,0.2986475248998637,2017,9
2017-09-24,control,262.64071993333334,364.30664063333336,1.673497517639233,0.6376624520061258,2017,9
2017-09-24,irrigation,102.85330156666666,192.35449896666668,0.7289594527011347,0.6359073175236257,2017,9
2017-09-24,irrigation stop,309.9246387,350.83485890000003,2.2906639033858966,0.3007909170396211,2017,9
2017-09-25,control,285.16438800000003,372.44466143333335,1.813747167214403,0.5544774502079554,2017,9
2017-09-25,irrigation,133.05664060666666,201.61946613333333,0.9433966377743805,0.4895034737877853,2017,9
2017-09-25,irrigation stop,330.0148936333334,365.771518,2.4472274649762458,0.26889368581049666,2017,9
2017-09-26,control,288.6822170666667,354.74446616666665,1.8394304352182114,0.41634691681848035,2017,9
2017-09-26,irrigation,134.20104983,181.11080593333332,0.9523389042791458,0.3364504109051487,2017,9
2017-09-26,irrigation stop,335.1840375,361.2101573,2.4884176638806177,0.19595547626746995,2017,9
2017-09-27,control,265.2834437,367.5584581333333,1.6911700008399229,0.6416367529690923,2017,9
2017-09-27,irrigation,96.9518562,195.71940103333333,0.6872814378783785,0.7019821039390786,2017,9
2017-09-27,irrigation stop,318.66676209999997,359.7520952666667,2.3651755660677702,0.30673148309074144,2017,9
2017-09-28,control,282.43374296666667,377.53092446666665,1.7968588922181148,0.5986379284430364,2017,9
2017-09-28,irrigation,122.19882541,204.67122396666667,0.8679148812941652,0.5848093535254036,2017,9
2017-09-28,irrigation stop,336.3179861,368.70371896666666,2.5090116947362455,0.23738497328450647,2017,9
2017-09-29,control,289.2333984333333,378.1692768,1.8398988387232982,0.5592306520634398,2017,9
2017-09-29,irrigation,125.86059571666667,203.8574219,0.8938310458895895,0.5538043061520651,2017,9
2017-09-29,irrigation stop,342.79381616666666,371.7550556333333,2.5619376990766103,0.21165231448567595,2017,9
2017-09-30,control,291.4713541333333,351.2858073,1.8529868670308827,0.3765219594227563,2017,9
2017-09-30,irrigation,128.30178869,171.71223956666668,0.9112303527656336,0.3110993474337628,2017,9
2017-09-30,irrigation stop,348.23916936666666,367.5669688,2.607454647084794,0.14151293725674693,2017,9
2017-10-01,control,247.26222916666669,324.8642163,1.5682189285009427,0.49111605227308286,2017,10
2017-10-01,irrigation,77.49023438666667,146.484375,0.5512503472628822,0.49298826747152125,2017,10
2017-10-01,irrigation stop,307.7993093333333,334.72951316666666,2.316901331805469,0.19867491507369575,2017,10
2017-10-02,control,249.9674479,286.18164063333336,1.5859259982871128,0.2239311879072795,2017,10
2017-10-02,irrigation,85.22135416,111.49088543,0.6055544366884805,0.1895373677077576,2017,10
2017-10-02,irrigation stop,302.71380823333334,307.6704573,2.2728055566946463,0.030527712319284018,2017,10
2017-10-03,control,214.73379473333333,192.91110566666666,1.3569064074266528,-0.15088927248638975,2017,10
2017-10-03,irrigation,42.421807184,36.41764323333334,0.30073817878065656,-0.04443765232411236,2017,10
2017-10-03,irrigation stop,262.6786198666667,230.33076936666666,1.9750579889624125,-0.24485883098600097,2017,10
2017-10-04,control,153.6484011,243.66048176666666,0.960062552124561,0.5695281667171794,2017,10
2017-10-04,irrigation,20.929972334,108.23567708333333,0.14618352616306537,0.6230011707296441,2017,10
2017-10-04,irrigation stop,173.1954275,202.36514593333334,1.3108788985465227,0.2183622229356113,2017,10
2017-10-05,control,168.29514033333334,265.6594758,1.0551055996964773,0.6104399786889508,2017,10
2017-10-05,irrigation,44.93691517,151.08879936666668,0.3175169683178808,0.7507528900551884,2017,10
2017-10-05,irrigation stop,165.3827921,225.68091470000002,1.2565772972962272,0.4340379614674787,2017,10
2017-10-06,control,189.33919273333333,269.99866073333334,1.1872068020075073,0.5073022828836602,2017,10
2017-10-06,irrigation,86.87337239333334,152.58789066666668,0.6119557964307444,0.46519283848356086,2017,10
2017-10-06,irrigation stop,181.00284123333333,248.75186466666668,1.3588191377614465,0.5077054885146937,2017,10
2017-10-07,control,216.01722703333334,289.43684893333335,1.354272073733062,0.4670667556727159,2017,10
2017-10-07,irrigation,113.04211116333333,164.71964516666668,0.7948023860520946,0.368239638998091,2017,10
2017-10-07,irrigation stop,228.5724837,292.2448971333333,1.7246542850513595,0.46828191482046094,2017,10
2017-10-08,control,207.29377603333333,276.44208233333336,1.2995782742067914,0.43786921220814873,2017,10
2017-10-08,irrigation,100.32484267,144.98494466666665,0.7041623681756931,0.31902384883521906,2017,10
2017-10-08,irrigation stop,243.6713757,290.0921948,1.8399264891962888,0.3299226945493421,2017,10
2017-10-09,control,210.29459636666667,300.51080683333333,1.3228003368021706,0.5705127984205004,2017,10
2017-10-09,irrigation,92.49437119999999,159.17426213333334,0.6489297521177101,0.4730557850705577,2017,10
2017-10-09,irrigation stop,243.91299263333332,310.600823,1.8294881465072503,0.4851390391843757,2017,10
2017-10-10,control,223.86082886666668,304.08528643333335,1.407435479320081,0.5096265237620353,2017,10
2017-10-10,irrigation,103.52804544666667,151.97753906666668,0.7266959944345464,0.34430152014844423,2017,10
2017-10-10,irrigation stop,275.3635319,321.7082042,2.0594215226712715,0.3415426337665936,2017,10
2017-10-11,control,228.80859376666666,313.7595455333333,1.4397185990128567,0.5386581681255868,2017,10
2017-10-11,irrigation,109.58061706333334,166.62597656666668,0.7690559753208216,0.40397977649447714,2017,10
2017-10-11,irrigation stop,288.59080523333336,330.9856142,2.1551063605475833,0.31167474508776505,2017,10
2017-10-12,control,239.7949219,326.78019206666664,1.5102655582203193,0.550676582964952,2017,10
2017-10-12,irrigation,128.98763021666667,185.546875,0.9058797094154659,0.3997680860386607,2017,10
2017-10-12,irrigation stop,301.52794703333336,345.7140093,2.2473586562349275,0.3218179117100126,2017,10
2017-10-13,control,250.37434896666667,332.4766204666667,1.5764599885285988,0.5196356253478585,2017,10
2017-10-13,irrigation,143.5185526,201.61946616666665,1.0081061718853448,0.4102997166093742,2017,10
2017-10-13,irrigation stop,316.88255026666667,352.4569551,2.3558454726514717,0.26355233131587874,2017,10
2017-10-14,control,258.33254766666664,336.02701823333337,1.6260197560324834,0.4916254904548191,2017,10
2017-10-14,irrigation,155.02929690000002,217.69205730000002,1.089382798800731,0.4419427428810392,2017,10
2017-10-14,irrigation stop,325.61839733333335,354.34268496666664,2.417765990691334,0.21465611862843903,2017,10
2017-10-15,control,266.65039063333336,342.7408854,1.6775633053182073,0.4812642765481667,2017,10
2017-10-15,irrigation,169.27083333333334,234.57845053333335,1.1902664596574053,0.4603662896697441,2017,10
2017-10-15,irrigation stop,332.0431516,360.7730777666667,2.4648891705188705,0.21233164226527115,2017,10
2017-10-16,control,272.05147723333334,341.7236328,1.7109158381679388,0.43979124675859216,2017,10
2017-10-16,irrigation,178.01920576666666,246.98893226666667,1.252486455638027,0.4851194157650662,2017,10
2017-10-16,irrigation stop,337.74146156666666,361.3013079333333,2.5058440618561764,0.17594664081979158,2017,10
2017-10-17,control,283.44455296666666,350.58458113333336,1.7809945219118266,0.4249424511911735,2017,10
2017-10-17,irrigation,201.90294056666667,265.29947916666663,1.4194107325690832,0.44518296377007355,2017,10
2017-10-17,irrigation stop,345.0670366333333,368.2146196333333,2.5651766412055856,0.1727559180223616,2017,10
2017-10-18,control,295.7438151,358.11055496666665,1.8573667419652258,0.3950886029698008,2017,10
2017-10-18,irrigation,223.3886719,279.9075319666667,1.568647200266571,0.3970436700421752,2017,10
2017-10-18,irrigation stop,354.5071408,376.4740326333333,2.63889266303225,0.16596378942441722,2017,10
2017-10-19,control,303.2714844,364.51009116666665,1.904562819423169,0.3869377166193481,2017,10
2017-10-19,irrigation,236.00260416666666,290.12044273333333,1.6553377405982592,0.38019786259939076,2017,10
2017-10-19,irrigation stop,360.2459399666667,382.5061341,2.6817225702842844,0.1659429351112953,2017,10
2017-10-20,control,305.30598960000003,354.94791663333336,1.9166536757901549,0.31603546185441467,2017,10
2017-10-20,irrigation,240.7296221,284.42382813333336,1.6874543129749033,0.30761569158074104,2017,10
2017-10-20,irrigation stop,365.8169553,377.36973973333335,2.7210114815220483,0.08219149937849246,2017,10
2017-10-21,control,305.53046333333333,368.17220053333335,1.918318486258351,0.39584156778599094,2017,10
2017-10-21,irrigation,243.32682293333332,299.6826172,1.7048231667623306,0.3959998470394004,2017,10
2017-10-21,irrigation stop,358.8185964666667,383.5595361333333,2.665241222974599,0.18383512945358096,2017,10
2017-10-22,control,280.5989583333333,327.28203663333335,1.7564361151463297,0.2954220975096454,2017,10
2017-10-22,irrigation,220.86927623333332,271.0404527333333,1.545392106128439,0.3558721032273847,2017,10
2017-10-22,irrigation stop,357.3862294666667,374.03900500000003,2.6499663964622084,0.130234414935286,2017,10
2017-10-23,control,273.52871366666665,304.4921875,1.7107883981903047,0.19425529757978197,2017,10
2017-10-23,irrigation,225.39177926666667,261.3553826333333,1.5778125904802094,0.2550131444662012,2017,10
2017-10-23,irrigation stop,352.26626806666667,349.58160373333334,2.610299467392195,-0.016400970289603328,2017,10
2017-10-24,control,269.81235076666667,313.2405599,1.6858934876166134,0.27513082337401845,2017,10
2017-10-24,irrigation,229.342328,285.2376302,1.6056574276514155,0.39349776238361933,2017,10
2017-10-24,irrigation stop,337.21127743333335,343.35635686666666,2.493779997288562,0.051103512574287545,2017,10
2017-10-25,control,271.23650446666664,322.8027344,1.696205828377006,0.3261465772373363,2017,10
2017-10-25,irrigation,234.50012206666668,303.9550781333333,1.6413368501936487,0.4880317482458503,2017,10
2017-10-25,irrigation stop,332.28566076666664,345.3908621,2.4568820695992746,0.10121291010703166,2017,10
2017-10-26,control,277.4332682333333,336.54378253333334,1.7363512155306926,0.37264422091532556,2017,10
2017-10-26,irrigation,244.54752603333333,315.5517578,1.7112771598974827,0.49892976059754934,2017,10
2017-10-26,irrigation stop,333.1017724,356.1737397,2.465644409156757,0.17243214595756998,2017,10
2017-10-27,control,284.87074110000003,331.9729297666667,1.7831287416260266,0.29859887791113365,2017,10
2017-10-27,irrigation,251.9965278,307.2102864666667,1.7640826544486616,0.38745972866701106,2017,10
2017-10-27,irrigation stop,344.21268153333335,352.96040926666666,2.546746736979107,0.056475583901170266,2017,10
2017-10-28,control,276.5441556666667,311.4074707,1.7280422500313317,0.22113832217856072,2017,10
2017-10-28,irrigation,242.88323963333332,291.46457246666665,1.7001138446634556,0.34192606841265183,2017,10
2017-10-28,irrigation stop,342.4199410333333,347.1399949,2.5268861220618435,0.038399909063235885,2017,10
2017-10-29,control,274.43644206666664,295.3369140666667,1.7152913070754394,0.13287090510609237,2017,10
2017-10-29,irrigation,253.22062176666665,279.2724609666667,1.772481637565152,0.183746381112306,2017,10
2017-10-29,irrigation stop,339.04320583333333,334.52592606666667,2.5000068617002,-0.03396324554092761,2017,10
2017-10-30,control,257.8116712666667,285.5712890666667,1.6085544236554277,0.17443608050220347,2017,10
2017-10-30,irrigation,229.86173816666667,272.01334636666667,1.6063261891001868,0.2977699772914525,2017,10
2017-10-30,irrigation stop,316.9420366333333,322.1975027,2.3311886921398015,0.04259852345374779,2017,10
2017-10-31,control,255.5737155,271.73665363333333,1.593286215926477,0.10177408800498143,2017,10
2017-10-31,irrigation,234.13140056666668,265.9098307666667,1.6370872898409676,0.22451109903916905,2017,10
2017-10-31,irrigation stop,316.90778916666665,315.280185,2.3310886286374104,-0.010160486548995342,2017,10
2017-11-01,control,250.07731116666665,281.29882813333336,1.5584032573892166,0.19815976050477907,2017,11
2017-11-01,irrigation,232.2621135,284.34163276666663,1.6238710146989075,0.36767195745767783,2017,11
2017-11-01,irrigation stop,310.4378671333333,318.2071598,2.28193376972608,0.06226007729576612,2017,11
2017-11-02,control,260.75032553333335,300.6266276333333,1.627311464036389,0.25338045071389614,2017,11
2017-11-02,irrigation,254.02730303333334,304.36197916666663,1.7770857861727145,0.35382355636699453,2017,11
2017-11-02,irrigation stop,312.8367442,331.5562266333333,2.302241023932461,0.13977078620830294,2017,11
2017-11-03,control,266.261122,286.90222289999997,1.6627985627601636,0.13036134859046783,2017,11
2017-11-03,irrigation,257.81249726666664,297.8515625333333,1.8026448076410446,0.28265376045059665,2017,11
2017-11-03,irrigation stop,324.4756399333333,324.84235946666666,2.386267498592284,0.003865513907929588,2017,11
2017-11-04,control,272.04996746666666,323.20963539999997,1.7001668246713941,0.3276188639445009,2017,11
2017-11-04,irrigation,273.2340495,330.1588270666667,1.9110629876151808,0.39976117584632404,2017,11
2017-11-04,irrigation stop,320.366448,344.1701589666667,2.3517154167816092,0.16793803659806064,2017,11
2017-11-05,control,289.1435017,239.5108882,1.8098426104493595,-0.32959614614548877,2017,11
2017-11-05,irrigation,274.2125061666667,219.5737198666667,1.9177468788807854,-0.388952343236697,2017,11
2017-11-05,irrigation stop,337.5372671,297.3671603,2.4730974077857955,-0.3092307191146322,2017,11
2017-11-06,control,172.96969203333333,208.87044269999998,1.0767372707801273,0.2268070678275637,2017,11
2017-11-06,irrigation,180.46170083333334,197.3470052,1.2524720479971263,0.12092942330112935,2017,11
2017-11-06,irrigation stop,224.90556046666669,221.6110897,1.6203239103110152,-0.02036030098148063,2017,11
2017-11-07,control,181.3108789,187.50813803333332,1.1259145893011424,0.0393722217173265,2017,11
2017-11-07,irrigation,168.25358073333334,174.9674479,1.1673581412998986,0.04891515953118633,2017,11
2017-11-07,irrigation stop,194.50924316666666,189.46556773333333,1.3974003739647876,-0.03593327963047214,2017,11
2017-11-08,control,176.9493951,174.28385416666666,1.0973130575796244,-0.015871454722644916,2017,11
2017-11-08,irrigation,165.16235726666667,161.53971356666668,1.1461782785526138,-0.024611618339248822,2017,11
2017-11-08,irrigation stop,176.36200966666667,171.44066673333333,1.258899432104966,-0.036648901650969665,2017,11
2017-11-09,control,153.7566812,150.07324219999998,0.9507478557291278,-0.021181723665252845,2017,11
2017-11-09,irrigation,131.75320096000002,130.24800620333332,0.9099827662677928,-0.009339237880536132,2017,11
2017-11-09,irrigation stop,153.61602753333332,147.63695582666668,1.0879754348524764,-0.04744558137343614,2017,11
2017-11-10,control,146.319241,179.68693316666668,0.9041485716469715,0.2087973266988007,2017,11
2017-11-10,irrigation,130.61523439,170.81556283333333,0.9032554107624369,0.28607657347657406,2017,11
2017-11-10,irrigation stop,143.11899791333335,161.99968243333333,1.0069868423676125,0.14317218613562657,2017,11
2017-11-11,control,167.4797906,174.80052696666667,1.0365509540775368,0.044398102399207225,2017,11
2017-11-11,irrigation,160.76727976666666,170.61564126666667,1.11782669801087,0.0703539743801566,2017,11
2017-11-11,irrigation stop,151.99247839,154.35082301,1.0725648182228564,0.016301422849652747,2017,11
2017-11-12,control,108.79365910333334,90.79731827666667,0.6732590445521826,-0.11040755931878418,2017,11
2017-11-12,irrigation,88.86806946666667,76.65763270666666,0.6103212678618307,-0.08323773974650224,2017,11
2017-11-12,irrigation stop,111.46201546333333,98.72697509333334,0.744431674661247,-0.10835403523677024,2017,11
2017-11-13,control,53.279606316666666,66.47745768333334,0.32169164642072456,0.08242980271107316,2017,11
2017-11-13,irrigation,52.162811516333335,97.85970052666667,0.35402518719309745,0.3185745000095808,2017,11
2017-11-13,irrigation stop,60.11153851333333,59.94978134,0.38332722738916714,0.0031718941675460384,2017,11
2017-11-14,control,50.585937503333334,46.74140370666667,0.3010813352378318,-0.02283329267980588,2017,11
2017-11-14,irrigation,90.04584418333333,84.55247928,0.6186387608527165,-0.03827892997747727,2017,11
2017-11-14,irrigation stop,54.860127473333336,51.97330427,0.3496231047704503,-0.01754061775008584,2017,11
2017-11-15,control,34.73834825,23.253905435,0.21113814985602417,-0.07246071645418414,2017,11
2017-11-15,irrigation,67.54387748333333,47.32488926,0.46226785752542854,-0.13777335101675514,2017,11
2017-11-15,irrigation stop,48.63569068333333,45.38184826333333,0.31154446882184916,-0.019871408316773396,2017,11
2017-11-16,control,14.265634336666666,9.03015137,0.08980704051661033,-0.03017772472283454,2017,11
2017-11-16,irrigation,15.422566732,18.7592249,0.10694856075581079,0.018834729236671347,2017,11
2017-11-16,irrigation stop,40.418531333333334,33.70805499,0.2604793440578759,-0.042235820529910525,2017,11
2017-11-17,control,4.96114095,3.7404378233333335,0.032351953756693606,-0.007817359163523514,2017,11
2017-11-17,irrigation,20.955403646666667,25.51201714,0.14036473824200277,0.03253252731067084,2017,11
2017-11-17,irrigation stop,19.46312769,19.66657821333333,0.12522327308514236,0.0012424843921660753,2017,11
2017-11-18,control,2.316284180333333,1.613178137,0.01536743848673556,-0.004664772553522386,2017,11
2017-11-18,irrigation,19.245877636666666,7.73111979,0.1301430252753292,-0.0791872217041629,2017,11
2017-11-18,irrigation stop,19.463127693333334,20.073479256666666,0.12511296734582428,0.006250000008533333,2017,11
2017-11-19,control,0,6.510416663333333,0,0.03733533579489932,2017,11
2017-11-19,irrigation,4.47591146,45.77636718666667,0.029870156148597764,0.2878735526834669,2017,11
2017-11-19,irrigation stop,17.428622483333335,24.022792946666666,0.1124675120455044,0.04872488823123856,2017,11
2017-11-20,control,5.28971354,17.17853599,0.030203732728080846,0.07190913180926564,2017,11
2017-11-20,irrigation,43.25290256,51.26953125,0.2982276428777329,0.0551613199226846,2017,11
2017-11-20,irrigation stop,23.93903915,26.3804454,0.1584438720855747,0.01326971173104646,2017,11
2017-11-21,control,19.53125,62.662760416666664,0.11515336518999662,0.26525032002003346,2017,11
2017-11-21,irrigation,50.65917968666667,83.82161458333333,0.34906341532872126,0.23350977800866754,2017,11
2017-11-21,irrigation stop,25.973544356666665,47.33584904333333,0.16743661137321286,0.1448258601864249,2017,11
2017-11-22,control,62.25585939333333,84.63541667,0.3757341328000812,0.13594927901251486,2017,11
2017-11-22,irrigation,82.60091146333333,102.33561197,0.5737886846785494,0.13888025744943894,2017,11
2017-11-22,irrigation stop,47.742750083333334,54.25316675,0.31676005549006986,0.04258585269511869,2017,11
2017-11-23,control,86.66992187,113.11848958333333,0.5224900656911768,0.16267990327339305,2017,11
2017-11-23,irrigation,104.16666666666667,126.22117865,0.7253297832561654,0.15525205341652573,2017,11
2017-11-23,irrigation stop,54.66006779,67.07054958333333,0.361830876928807,0.08290533882197905,2017,11
2017-11-24,control,109.36618380666667,119.83235677,0.6605733479592067,0.06512880158634372,2017,11
2017-11-24,irrigation,123.69791669,137.32910153666666,0.8628640767163147,0.09635433285801999,2017,11
2017-11-24,irrigation stop,65.03604436666667,68.37398924333334,0.4316495373656309,0.01996931752338764,2017,11
2017-11-25,control,113.52539064,90.90338813666666,0.6845992944787496,-0.14776047199401274,2017,11
2017-11-25,irrigation,133.54187011666667,108.64850413333333,0.9329113344072286,-0.17909639546598422,2017,11
2017-11-25,irrigation stop,65.44294541,54.296089959999996,0.4277802288750132,-0.08007738515703257,2017,11
2017-11-26,control,72.51707766666667,111.80623371666667,0.4146226579018626,0.251467469752369,2017,11
2017-11-26,irrigation,110.22323217666667,144.16848049333333,0.7651170264845645,0.24083226510231895,2017,11
2017-11-26,irrigation stop,53.64281519,76.42927353,0.3515516275699175,0.17528764386427087,2017,11
2017-11-27,control,101.43322133333334,96.25781547,0.6006146343767524,-0.03009975011190885,2017,11
2017-11-27,irrigation,132.16179741,126.13932291666667,0.9219651932596564,-0.04196724109870962,2017,11
2017-11-27,irrigation stop,70.00098056333333,68.49470320666667,0.47987025734535127,-0.011220035367312706,2017,11
2017-11-28,control,86.87337241,85.24576824333334,0.5111275210566227,-0.010251637886129867,2017,11
2017-11-28,irrigation,117.59440102666666,124.51171875666667,0.8210401213764221,0.049067719757584886,2017,11
2017-11-28,irrigation stop,63.61189071,64.22224227333334,0.43341298881225643,0.004168676176291573,2017,11
2017-11-29,control,85.35875836666666,83.21126303333334,0.500745649590856,-0.014774849372258064,2017,11
2017-11-29,irrigation,125.12207031000001,121.25651043666667,0.874447461869081,-0.0272643484053113,2017,11
2017-11-29,irrigation stop,64.83259383666666,64.83259383333333,0.44226027285077474,-0.0030324785790408278,2017,11
2017-11-30,control,73.65093291666668,86.87337239666667,0.42720495754554216,0.08371234300739762,2017,11
2017-11-30,irrigation,98.26660154666666,111.08398441,0.6852869341114868,0.09092150268433441,2017,11
2017-11-30,irrigation stop,56.08422144,60.96703394,0.37409778932882026,0.03654641669704154,2017,11
2017-12-01,control,83.73510537333333,81.38020835,0.49262595561848826,-0.010764981925022692,2017,12
2017-12-01,irrigation,106.60807293333333,103.55631512333333,0.7441833988709629,-0.0217892977101058,2017,12
2017-12-01,irrigation stop,59.33942977,59.628329513333334,0.3988020215631788,0.0015213360932502182,2017,12
2017-12-02,control,71.5274387,63.705783419999996,0.42899569556895734,-0.04406481873887772,2017,12
2017-12-02,irrigation,88.59415744333333,81.5507677,0.6202102531520217,-0.05045428754266576,2017,12
2017-12-02,irrigation stop,58.17877517,49.39134542,0.3897012200006133,-0.057228431054383376,2017,12
2017-12-03,control,54.03175039,47.40397135333333,0.33369227195628914,-0.0389188164504059,2017,12
2017-12-03,irrigation,37.027994793333335,32.34863281333333,0.26643998579817313,-0.03464152685614724,2017,12
2017-12-03,irrigation stop,45.9116954,37.08078798,0.3127854482276381,-0.05637208682037298,2017,12
2017-12-04,control,41.30045572666667,52.607218423333336,0.26244080339088205,0.07513457113988384,2017,12
2017-12-04,irrigation,13.470458983333332,6.226469026666667,0.09608602899476935,-0.05167204991866217,2017,12
2017-12-04,irrigation stop,36.95987248,37.77367456333333,0.2556749232894392,0.008333333333333333,2017,12
2017-12-05,control,49.031575536666665,62.22820391,0.3214221958231289,0.08039862011932325,2017,12
2017-12-05,irrigation,0,0.8138020833333334,0,0.006225993927038935,2017,12
2017-12-05,irrigation stop,30.449455816666667,30.856356856666665,0.21569481172969643,0.003325817696609215,2017,12
2017-12-06,control,70.56952583666667,97.16167229666667,0.4483695820196748,0.14859929209641198,2017,12
2017-12-06,irrigation,1.0555154606666666,11.973319298666668,0.00807522244363023,0.08346281081815705,2017,12
2017-12-06,irrigation stop,29.43220321,34.92536727666667,0.2103232387829274,0.03595931931477755,2017,12
2017-12-07,control,92.24887426666666,100.94061957466667,0.5657552094721373,0.05076629342948355,2017,12
2017-12-07,irrigation,20.011393232,27.920148306333335,0.1525981868716501,0.06094108304238209,2017,12
2017-12-07,irrigation stop,41.55568049,50.18415633666667,0.288455971373924,0.053425156087162196,2017,12
2017-12-08,control,49.61225975666667,24.90607367766667,0.30884499696233464,-0.14252917294606404,2017,12
2017-12-08,irrigation,4.523129219666667,20.343695748,0.03454034409691257,0.10085307853802737,2017,12
2017-12-08,irrigation stop,23.769265186666665,13.582745502666667,0.16972165514432658,-0.08111722594778528,2017,12
2017-12-09,control,5.900065104333334,46.19513618,0.041602327505228257,0.25631555589035215,2017,12
2017-12-09,irrigation,22.583007811999998,61.57599555833333,0.14887173793648228,0.2770199578541904,2017,12
2017-12-09,irrigation stop,4.954747999333334,28.541445049333337,0.031070081340738853,0.1493110606957696,2017,12
2017-12-10,control,47.446017796666666,53.752983943333334,0.30564932635518216,0.03380535985311596,2017,12
2017-12-10,irrigation,85.48177082,118.83951824166667,0.5841458116631937,0.24110322644740903,2017,12
2017-12-10,irrigation stop,65.32119103533333,82.672846952,0.4356913129025179,0.12583474879087697,2017,12
2017-12-11,control,67.00967608,57.96949597,0.3998795017675509,-0.03457956990815248,2017,12
2017-12-11,irrigation,121.43147786266667,73.08756511333334,0.8481495122312754,-0.34106100470307005,2017,12
2017-12-11,irrigation stop,66.40795725866667,48.649093554333334,0.433126674335677,-0.127601667452535,2017,12
2017-12-12,control,11.91711426,11.306762696666667,0.07575118682171883,-0.0032051229498153305,2017,12
2017-12-12,irrigation,51.909383139999996,70.67464192,0.3574407629627253,0.12991189074271484,2017,12
2017-12-12,irrigation stop,2.2211557616666666,3.84899442,0.014768984590807957,0.010823880286183392,2017,12
2017-12-13,control,10.899861656666667,17.00337728,0.07000498182762922,0.04005397450077286,2017,12
2017-12-13,irrigation,71.61458332,88.01676433666667,0.4934007226820284,0.10965126960762339,2017,12
2017-12-13,irrigation stop,3.530594353333333,5.565099564333333,0.023475748302157488,0.019261941198231224,2017,12
2017-12-14,control,11.424424913333333,5.607435439666666,0.07616368404897494,-0.038909202561084294,2017,12
2017-12-14,irrigation,88.29752606000001,61.2124973,0.6076556589571844,-0.18838816176678091,2017,12
2017-12-14,irrigation stop,3.530594353333333,4.54784696,0.023475748302157488,0.0067639507017490655,2017,12
2017-12-15,control,0,0.9301079646666667,0,0.005449464620012502,2017,12
2017-12-15,irrigation,57.77994790666666,75.27669271,0.3948442150345371,0.11852982877095891,2017,12
2017-12-15,irrigation stop,1.699539667,5.3616490426666665,0.01130063707668817,0.024860154147539407,2017,12
2017-12-16,control,1.0172526043333334,1.1369493273333333,0.005746205001328268,0.0018771616049200978,2017,12
2017-12-16,irrigation,74.86979166,71.25845972,0.5098118316978922,-0.02444885825359324,2017,12
2017-12-16,irrigation stop,3.7340448766666667,5.479115482,0.02482853845580577,0.013000781983960817,2017,12
2017-12-17,control,2.2386841973333333,19.583527283666665,0.014254153271334419,0.11484841128319039,2017,12
2017-12-17,irrigation,63.68001304,101.90731298333334,0.4318900457202501,0.26387976543202807,2017,12
2017-12-17,irrigation stop,4.954747999333333,16.668750821,0.03217313894146434,0.08020880702096486,2017,12
2017-12-18,control,41.824536120000005,43.655590806666666,0.25406924623942,0.012358393141537036,2017,12
2017-12-18,irrigation,148.29169379666666,174.30623372333332,1.0033499544469586,0.17123103127465625,2017,12
2017-12-18,irrigation stop,47.56440783,83.25437635,0.3373716332252185,0.2806540431108954,2017,12
2017-12-19,control,43.45214029,43.85904133,0.2645149971321217,0.0028225046961306895,2017,12
2017-12-19,irrigation,183.58823847666667,192.46419271,1.2355703332989045,0.0580012589969233,2017,12
2017-12-19,irrigation stop,110.28447349999999,117.62206883333334,0.8364379322504497,0.0690192826347608,2017,12
2017-12-20,control,43.45214028666667,44.06249185,0.265605086611941,0.0038908790310298847,2017,12
2017-12-20,irrigation,191.85384115,193.48144533666667,1.2890214373082047,0.010879735170732908,2017,12
2017-12-20,irrigation stop,101.84176826666666,94.74731433333334,0.7943178745375205,-0.058828702145498526,2017,12
2017-12-21,control,43.45214029,44.26594237,0.2660094200588034,0.00495925331767141,2017,12
2017-12-21,irrigation,194.70214844333333,196.32975263666665,1.3072186953493512,0.011328950302066317,2017,12
2017-12-21,irrigation stop,88.32519383333333,94.83561048666667,0.6802927720595787,0.05668678479881294,2017,12
2017-12-22,control,47.606599923333334,104.60549484666667,0.29418682799111706,0.37195558236373844,2017,12
2017-12-22,irrigation,190.83658857,247.07094423333334,1.2825865903252835,0.42391024073999456,2017,12
2017-12-22,irrigation stop,76.32161311,92.45829034333333,0.5725113866340326,0.09478703749758341,2017,12
2017-12-23,control,15.616603667333335,14.969067371000001,0.10259604898716754,-0.004690554593681008,2017,12
2017-12-23,irrigation,109.04947916,114.74609377,0.7489357127257358,0.03993926312465278,2017,12
2017-12-23,irrigation stop,12.569008938333333,9.110350084,0.0824242771764485,-0.022887126570319404,2017,12
2017-12-24,control,11.713859036,31.531635185333336,0.07615023101064315,0.11692989849061834,2017,12
2017-12-24,irrigation,118.22713215,158.56323243,0.8115583624532824,0.2675491509094223,2017,12
2017-12-24,irrigation stop,6.872394354,37.50356569,0.04465645909331091,0.2297989103472856,2017,12
2017-12-25,control,34.90721841,62.779939766666665,0.2141928283540025,0.18053217429286983,2017,12
2017-12-25,irrigation,166.49780274666665,191.16833815,1.1319496901118353,0.17315117236666858,2017,12
2017-12-25,irrigation stop,43.40532621333333,55.90396987666667,0.32337157393998717,0.09389196482094093,2017,12
2017-12-26,control,64.00064289,76.08285259,0.4025423617928916,0.08022161565242972,2017,12
2017-12-26,irrigation,202.04498578333332,173.68265787666667,1.3856760537356358,-0.19316941378572644,2017,12
2017-12-26,irrigation stop,52.44531102,57.77554181,0.38941451268690785,0.03255597633179266,2017,12
2017-12-27,control,30.348771936666665,35.514383371,0.19429299720299326,0.019174386318639342,2017,12
2017-12-27,irrigation,118.3336046,188.29345703,0.8069278515290184,0.49495407952569936,2017,12
2017-12-27,irrigation stop,15.191486152333333,18.82866753333333,0.10025479823772192,0.023615890796945264,2017,12
2017-12-28,control,45.03932393,89.22850747666666,0.2774606110818316,0.2913851552445917,2017,12
2017-12-28,irrigation,185.56759367666666,222.37141925333333,1.275610595804089,0.25673740421896096,2017,12
2017-12-28,irrigation stop,22.493865463333332,48.33034939,0.16020291347785406,0.19980786217750265,2017,12
2017-12-29,control,90.93640315,136.02212727333333,0.5759673457021744,0.2520348258134249,2017,12
2017-12-29,irrigation,219.59771052666667,310.61299643333336,1.5114872772027699,0.6277931920965087,2017,12
2017-12-29,irrigation stop,47.26816813333333,127.65446712,0.36053341056324223,0.6268869935918884,2017,12
2017-12-30,control,134.35634127,147.8563766,0.8193125516603121,0.1099324499926002,2017,12
2017-12-30,irrigation,279.7927091,225.25408423,1.9230422129709042,-0.3836415538814801,2017,12
2017-12-30,irrigation stop,109.13899739333334,119.18083463333333,0.8465721613169204,0.05665006214204718,2017,12
2017-12-31,control,60.54198403666667,62.98339028666667,0.37525156277059596,0.0174266713326793,2017,12
2017-12-31,irrigation,159.30175781333332,165.12586806000002,1.09173543725255,0.037858436604613785,2017,12
2017-12-31,irrigation stop,26.04166667,25.521172416666666,0.1824046163680083,-0.004860387142981324,2017,12
