date,ET
2007-01-01,0.25987153061555884
2007-01-02,0.5797538019553018
2007-01-03,0.6635507844344118
2007-01-04,0.3506963168419456
2007-01-05,0.6551421960530034
2007-01-06,0.6508787074775998
2007-01-07,0.3979233431948914
2007-01-08,0.4708054660742236
2007-01-09,0.31090977843010603
2007-01-10,0.5843492945848481
2007-01-11,0.42479797546441805
2007-01-12,0.2267843576048906
2007-01-13,0.6026077817143503
2007-01-14,0.25627915600571666
2007-01-15,0.6178677264721026
2007-01-16,0.30311737656420246
2007-01-17,0.2770591165150291
2007-01-18,0.2595565671108355
2007-01-19,0.1526681832573177
2007-01-20,0.4916980370346529
2007-01-21,0.3884772257251461
2007-01-22,0.26457621352849997
2007-01-23,0.5517294859929719
2007-01-24,0.21404740541339984
2007-01-25,0.29505112920664756
2007-01-26,0.25570689343809655
2007-01-27,0.6283272346677491
2007-01-28,0.6985139283625944
2007-01-29,0.2705499412986212
2007-01-30,0.2643664105225604
2007-01-31,0.42821152676510554
2007-02-01,0.2032683629262222
2007-02-02,0.15902911730986896
2007-02-03,0.2276274310575458
2007-02-04,0.2638785610044337
2007-02-05,0.19874460364402477
2007-02-06,0.1762088475566122
2007-02-07,0.5282275195983581
2007-02-08,0.27709787173970685
2007-02-09,0.39513648078479624
2007-02-10,0.266997925268611
2007-02-11,0.24418515623260711
2007-02-12,0.7041096509083788
2007-02-13,0.871408257201364
2007-02-14,0.6788516389189684
2007-02-15,0.5374464851512185
2007-02-16,0.2893275921020585
2007-02-17,0.31379718207773716
2007-02-18,0.3931201564456756
2007-02-19,0.2226365206330027
2007-02-20,0.31846676690521436
2007-02-21,0.21910272688694638
2007-02-22,0.15903159634047886
2007-02-23,0.33171102065449554
2007-02-24,0.37081927657787106
2007-02-25,0.2735719161095451
2007-02-26,0.7532665458969146
2007-02-27,0.6119605466935935
2007-02-28,0.8267304477090763
2007-03-01,0.7218345435446606
2007-03-02,0.9748122582208363
2007-03-03,0.6143729244318065
2007-03-04,1.5596331299236923
2007-03-05,0.5370819428625816
2007-03-06,0.5086868500518124
2007-03-07,0.7355305481836409
2007-03-08,0.9246951075199055
2007-03-09,0.38671322013311527
2007-03-10,0.4989539585589817
2007-03-11,0.3581542399833005
2007-03-12,0.5194597731986651
2007-03-13,0.28031345029572113
2007-03-14,0.1946813254375053
2007-03-15,0.2160464942791663
2007-03-16,0.3060197792755775
2007-03-17,0.22215440482920207
2007-03-18,0.4449575166053182
2007-03-19,0.8186455317816975
2007-03-20,0.9767893532257477
2007-03-21,0.7384447300629869
2007-03-22,0.49888147628925056
2007-03-23,0.6569134368604337
2007-03-24,0.4026426193312259
2007-03-25,0.6274640698671653
2007-03-26,0.5237989287621115
2007-03-27,0.4351544561188486
2007-03-28,0.31942134210022444
2007-03-29,0.33400112949916744
2007-03-30,0.3914556772481769
2007-03-31,0.3764921695374886
2007-04-01,0.5105362178123226
2007-04-02,0.6360047068645678
2007-04-03,0.3074666754947718
2007-04-04,0.5972887892627261
2007-04-05,0.6311516420251584
2007-04-06,0.32091351254059974
2007-04-07,0.492339973998342
2007-04-08,0.38744221559650555
2007-04-09,0.4223547297510076
2007-04-10,0.6699949802453853
2007-04-11,0.8059522798866099
2007-04-12,1.23860938041817
2007-04-13,1.1567799259568958
2007-04-14,1.248166644973406
2007-04-15,0.9643770607591637
2007-04-16,0.7508891445031697
2007-04-17,0.9098066968101443
2007-04-18,0.7797013160241705
2007-04-19,1.1391715759113294
2007-04-20,0.7863540881234569
2007-04-21,0.9241572043109718
2007-04-22,1.1856487563845506
2007-04-23,0.8331253492739631
2007-04-24,0.8425547109918023
2007-04-25,1.120094554145206
2007-04-26,1.1751664913832085
2007-04-27,1.9461657001255512
2007-04-28,1.089193147422096
2007-04-29,1.202201872466618
2007-04-30,0.9808294664042146
2007-05-01,1.2460611617852544
2007-05-02,1.8531199918888388
2007-05-03,1.1499839900398692
2007-05-04,1.3124195382469692
2007-05-05,0.7336486551209978
2007-05-06,0.5604072725298624
2007-05-07,1.271478241139372
2007-05-08,1.676382401356797
2007-05-09,1.2859801471767338
2007-05-10,1.7528630605765325
2007-05-11,1.5204816233835714
2007-05-12,1.4454413186778867
2007-05-13,1.980278452411794
2007-05-14,2.073895553659366
2007-05-15,1.9821657913083794
2007-05-16,1.0036310131698367
2007-05-17,1.366095970438633
2007-05-18,2.522215083497421
2007-05-19,1.4281020282222978
2007-05-20,1.9905013603865567
2007-05-21,1.678671713140775
2007-05-22,1.2285063200271737
2007-05-23,1.4578644588679301
2007-05-24,0.9526833310039449
2007-05-25,2.2414764264922407
2007-05-26,1.5277084756248591
2007-05-27,2.2659521772506945
2007-05-28,1.9912589768752516
2007-05-29,3.055556444457505
2007-05-30,3.110738705413753
2007-05-31,1.5803441584717228
2007-06-01,0.5568503061538358
2007-06-02,1.9723830460198868
2007-06-03,1.2713946677746173
2007-06-04,1.8839710952311732
2007-06-05,1.3026091219547202
2007-06-06,1.4016270675947375
2007-06-07,1.7609102331941708
2007-06-08,1.4824777165250973
2007-06-09,1.1139994520457859
2007-06-10,1.8364327826873705
2007-06-11,1.6380652981018757
2007-06-12,1.8025491094596149
2007-06-13,1.3501899858540476
2007-06-14,2.546881995896974
2007-06-15,1.3759505218655563
2007-06-16,1.947926366496531
2007-06-17,2.3776640293239235
2007-06-18,2.267203030214085
2007-06-19,1.7616975510122233
2007-06-20,1.699729500807487
2007-06-21,1.809575207855365
2007-06-22,1.6192936957827617
2007-06-23,1.3923336905832715
2007-06-24,2.22281690613723
2007-06-25,1.8969191866842627
2007-06-26,2.0844344473040723
2007-06-27,1.3576229693588948
2007-06-28,1.1612712290061615
2007-06-29,1.2535025929084056
2007-06-30,1.3745411293336771
2007-07-01,2.542907263554229
2007-07-02,0.645473599103847
2007-07-03,2.0161589746480577
2007-07-04,1.7767933542179801
2007-07-05,1.8696178021537664
2007-07-06,1.35228394446844
2007-07-07,1.241452945220315
2007-07-08,1.3451571456976894
2007-07-09,0.9030924735991203
2007-07-10,2.1324120053139355
2007-07-11,1.8012781963595152
2007-07-12,1.1092797336843185
2007-07-13,1.4159567304690082
2007-07-14,1.9510164596116626
2007-07-15,3.4300517118921023
2007-07-16,2.826136539566455
2007-07-17,2.2293860973432142
2007-07-18,1.6741260326243557
2007-07-19,2.9086908213446883
2007-07-20,2.8393524150072973
2007-07-21,1.7668049076405055
2007-07-22,1.1806399169814195
2007-07-23,2.4735891855076817
2007-07-24,0.853277764345804
2007-07-25,1.269242149283461
2007-07-26,1.2343833180678851
2007-07-27,1.2361036835282888
2007-07-28,1.3356707237237593
2007-07-29,1.6169410530852448
2007-07-30,1.5183088945908598
2007-07-31,1.1041334458183532
2007-08-01,1.4181828582019536
2007-08-02,1.2522674400286626
2007-08-03,1.395745462466319
2007-08-04,1.8022559608466229
2007-08-05,1.2300692131629503
2007-08-06,1.0198986307119915
2007-08-07,1.3438058579843337
2007-08-08,1.3967433435224414
2007-08-09,1.5758234526228017
2007-08-10,1.1511456249578167
2007-08-11,0.7732816786492271
2007-08-12,1.4113383923383862
2007-08-13,1.8713526988618132
2007-08-14,1.995153267867734
2007-08-15,2.6638308737911083
2007-08-16,1.0158644621831774
2007-08-17,1.1533354790408568
2007-08-18,1.2638845557397518
2007-08-19,1.6934906343911587
2007-08-20,0.863666927532704
2007-08-21,2.016897613484711
2007-08-22,2.2711815182762147
2007-08-23,1.235972794850194
2007-08-24,1.2886890043044852
2007-08-25,1.3620555568348915
2007-08-26,1.3392099248357023
2007-08-27,1.0661385903571887
2007-08-28,1.3132850981623938
2007-08-29,1.4633377683529347
2007-08-30,1.795714249814053
2007-08-31,1.188286969941059
2007-09-01,1.4481076221654743
2007-09-02,1.231893075993506
2007-09-03,1.0280586047813904
2007-09-04,1.5881380145125026
2007-09-05,1.8577369274175164
2007-09-06,1.255323545385627
2007-09-07,1.0718516172260937
2007-09-08,0.9817508148912412
2007-09-09,1.124208352646308
2007-09-10,1.4953547871140633
2007-09-11,1.2728024332713992
2007-09-12,1.0863413145985075
2007-09-13,1.3194075197555364
2007-09-14,1.100491633720625
2007-09-15,1.2546665694014967
2007-09-16,1.4886122138120652
2007-09-17,1.7916086774048283
2007-09-18,0.6117246589112006
2007-09-19,1.478368494142302
2007-09-20,0.7963705619805623
2007-09-21,1.0878131912019626
2007-09-22,1.122138627958504
2007-09-23,0.9870727662984414
2007-09-24,1.065446800711676
2007-09-25,0.7631034859269986
2007-09-26,0.6308392256944106
2007-09-27,1.0863147823381687
2007-09-28,1.249007643310513
2007-09-29,1.7299896477648171
2007-09-30,0.8177502542268577
2007-10-01,1.1647803782855644
2007-10-02,0.7566296829512913
2007-10-03,1.0399584826728994
2007-10-04,0.6266992323003922
2007-10-05,1.3766173528598977
2007-10-06,0.9837970041596358
2007-10-07,1.1883680112505681
2007-10-08,1.194311030327334
2007-10-09,0.8984937570928194
2007-10-10,0.9410209971813432
2007-10-11,0.5303352785213771
2007-10-12,0.9386879024590019
2007-10-13,0.6807577249861517
2007-10-14,0.9061056979288045
2007-10-15,0.7699767731673722
2007-10-16,0.8854080345065355
2007-10-17,0.849173084565727
2007-10-18,0.5754046080141526
2007-10-19,0.6070580681405626
2007-10-20,0.5345048355913564
2007-10-21,0.5516661683854095
2007-10-22,0.4341485405815064
2007-10-23,0.3385728275407861
2007-10-24,0.3210723551015402
2007-10-25,0.29750220772173674
2007-10-26,0.29787391127098123
2007-10-27,0.3903722732486508
2007-10-28,0.432180963745838
2007-10-29,0.48202829149439297
2007-10-30,0.22113628349845357
2007-10-31,0.3324011757383605
2007-11-01,0.34081793001192856
2007-11-02,0.21498142499319944
2007-11-03,0.21716642020272497
2007-11-04,0.2838443616129659
2007-11-05,0.25066908838598134
2007-11-06,0.6155655554355779
2007-11-07,0.5931391840348365
2007-11-08,0.5915264102007799
2007-11-09,0.7060146898614276
2007-11-10,0.5188831868170669
2007-11-11,0.6552851527718201
2007-11-12,0.9722881476060797
2007-11-13,1.106698634480339
2007-11-14,1.0056499824645277
2007-11-15,0.6698674667129411
2007-11-16,0.29142476586619265
2007-11-17,0.28146225357587606
2007-11-18,0.4747233629082129
2007-11-19,1.035622496050927
2007-11-20,1.1701145422756993
2007-11-21,1.2224680444085547
2007-11-22,0.6614780083575909
2007-11-23,0.9603265160422189
2007-11-24,0.4005909861530633
2007-11-25,0.5180186810432066
2007-11-26,0.6443719404286178
2007-11-27,0.28455593547898217
2007-11-28,0.3508584726061646
2007-11-29,0.14400945704733262
2007-11-30,0.24573279460697928
2007-12-01,0.35843740779652605
2007-12-02,0.6598370792421488
2007-12-03,0.6437140523807233
2007-12-04,0.6385925100670884
2007-12-05,0.6102243755351088
2007-12-06,0.5325227705601789
2007-12-07,0.4312464174055756
2007-12-08,0.8086209837559588
2007-12-09,1.0264265429609989
2007-12-10,0.7425957372264922
2007-12-11,0.8174478688919344
2007-12-12,0.5657754665987335
2007-12-13,0.3170123233416146
2007-12-14,0.1796728285299631
2007-12-15,0.3763363137506096
2007-12-16,0.20607623442079465
2007-12-17,0.41341112024546955
2007-12-18,0.5765097179680171
2007-12-19,0.3440939985744868
2007-12-20,0.43166398685989754
2007-12-21,0.30702664383273537
2007-12-22,0.28658732998722725
2007-12-23,0.1334742146584136
2007-12-24,0.14155195011460456
2007-12-25,0.24351570374697812
2007-12-26,0.18742953199576676
2007-12-27,0.13616161550539022
2007-12-28,0.3896642321608052
2007-12-29,0.32683657202458233
2007-12-30,0.2393539620289066
2007-12-31,0.3152646132817103
2008-01-01,0.12282158041263094
2008-01-02,0.2288615957854233
2008-01-03,0.15510511911728989
2008-01-04,0.17568332046782303
2008-01-05,0.23847070836139886
2008-01-06,0.2650925967655345
2008-01-07,0.46445214260662693
2008-01-08,1.0175113871471007
2008-01-09,0.3364119023979492
2008-01-10,0.3852644182259659
2008-01-11,0.8331153344477088
2008-01-12,0.6417566595628892
2008-01-13,0.4551415404560007
2008-01-14,0.6212533423162975
2008-01-15,0.7260063141598039
2008-01-16,1.0258924002955874
2008-01-17,0.6432489052091229
2008-01-18,0.4551098957160751
2008-01-19,0.5838312675118992
2008-01-20,0.5213723968375342
2008-01-21,0.5275900846340081
2008-01-22,0.6192347229987628
2008-01-23,0.8261756903769628
2008-01-24,0.4534475265105171
2008-01-25,0.2840292614161208
2008-01-26,0.2863877067488953
2008-01-27,0.4629914669321161
2008-01-28,0.28764315876105323
2008-01-29,0.36542397783890007
2008-01-30,0.2599053245433492
2008-01-31,0.6494364470400964
2008-02-01,0.3916792417696059
2008-02-02,0.7243280768813529
2008-02-03,0.6765868364868398
2008-02-04,0.6234736352517571
2008-02-05,0.7524219198990063
2008-02-06,0.4153450251099901
2008-02-07,0.6747138076823987
2008-02-08,0.4692798082499537
2008-02-09,0.19253382901183275
2008-02-10,0.19947376220970842
2008-02-11,0.2844786923986974
2008-02-12,0.15728572188145581
2008-02-13,0.26467826224654917
2008-02-14,0.12197965892688875
2008-02-15,0.09685238046729674
2008-02-16,0.1466967463889493
2008-02-17,0.09687548471381441
2008-02-18,0.12027352598132571
2008-02-19,0.16897142912615254
2008-02-20,0.15446114412467876
2008-02-21,0.11763323353619172
2008-02-22,0.1808406888573734
2008-02-23,0.13623598120623887
2008-02-24,0.519498395097178
2008-02-25,0.16953194627368143
2008-02-26,0.15110383672208286
2008-02-27,0.2741555254806639
2008-02-28,0.41651489627174215
2008-02-29,0.29097620001148805
2008-03-01,0.25396614797214484
2008-03-02,0.4071082920808692
2008-03-03,0.6592133354759667
2008-03-04,0.6679827004217123
2008-03-05,0.585889843229761
2008-03-06,0.24333826104455614
2008-03-07,0.441843455789803
2008-03-08,0.20358559924167827
2008-03-09,0.5093193270923693
2008-03-10,0.7721538679449975
2008-03-11,1.0009932858663735
2008-03-12,0.7411443667590234
2008-03-13,0.8119251532068107
2008-03-14,0.5091853086280602
2008-03-15,0.4887449878519328
2008-03-16,1.1118280989206948
2008-03-17,0.8386369643210182
2008-03-18,0.8551924081178711
2008-03-19,0.6895523953567245
2008-03-20,0.7160014505377594
2008-03-21,0.5838886233854097
2008-03-22,1.4970969456234071
2008-03-23,0.7460328712052858
2008-03-24,0.7727640508229068
2008-03-25,0.6963016859351768
2008-03-26,0.7010461391984073
2008-03-27,0.5453867770823471
2008-03-28,0.934063756605406
2008-03-29,0.45667171708104826
2008-03-30,1.2593726822773366
2008-03-31,0.4514516512922399
2008-04-01,0.6710749432090385
2008-04-02,0.40449423320008304
2008-04-03,0.770199481759052
2008-04-04,1.1766634545547503
2008-04-05,0.8693469248235243
2008-04-06,1.1083760933572906
2008-04-07,1.268887471884597
2008-04-08,1.180746436062967
2008-04-09,1.5089075835029953
2008-04-10,0.7220878569591654
2008-04-11,1.0027196436630128
2008-04-12,1.3327363678935187
2008-04-13,2.5607734769621233
2008-04-14,0.8209044148577547
2008-04-15,1.018835122519611
2008-04-16,0.7361646424528547
2008-04-17,2.1755405045767504
2008-04-18,0.8598347231925062
2008-04-19,0.5484179155919205
2008-04-20,0.9130186630361972
2008-04-21,0.7355401104887467
2008-04-22,0.9284951537705041
2008-04-23,0.9454699605326224
2008-04-24,0.8243666333952941
2008-04-25,0.8768568801160077
2008-04-26,1.1705242119112804
2008-04-27,1.0481741409761547
2008-04-28,1.0752255003081082
2008-04-29,1.3045441039424046
2008-04-30,1.4397818625537209
2008-05-01,1.737247352070422
2008-05-02,0.7864695555293426
2008-05-03,0.9111584737355175
2008-05-04,0.7975861939204618
2008-05-05,0.9904573050350527
2008-05-06,0.984678712864585
2008-05-07,0.9849986765160795
2008-05-08,1.125503925953256
2008-05-09,1.7357971003473263
2008-05-10,1.7000880773229883
2008-05-11,1.6556569910810648
2008-05-12,1.7301946708571965
2008-05-13,1.459952746008845
2008-05-14,1.5949165216523191
2008-05-15,2.0974552463129172
2008-05-16,1.9154695680118192
2008-05-17,0.9692045398508089
2008-05-18,0.8369976660610766
2008-05-19,1.3530647927250232
2008-05-20,1.2285011024651793
2008-05-21,1.010703445294327
2008-05-22,1.552164823154127
2008-05-23,3.4645543758616975
2008-05-24,2.346154940418675
2008-05-25,2.0422066221793482
2008-05-26,1.7544855979005038
2008-05-27,3.22177650670672
2008-05-28,2.674231026819117
2008-05-29,3.526139878127385
2008-05-30,1.6265257008102891
2008-05-31,1.12085494824223
2008-06-01,2.5785561040988147
2008-06-02,2.452830117785626
2008-06-03,1.159790074595221
2008-06-04,1.48270213192149
2008-06-05,1.3409799622633598
2008-06-06,1.3109845870706471
2008-06-07,1.060167992587423
2008-06-08,1.8666815089323705
2008-06-09,2.0938103286840275
2008-06-10,1.8849578466881918
2008-06-11,1.8296271451310135
2008-06-12,1.7312505457460972
2008-06-13,1.4367722690681568
2008-06-14,0.8439507269198088
2008-06-15,1.6899293842141565
2008-06-16,1.0436159254422517
2008-06-17,1.5042630556643266
2008-06-18,1.4989923483317689
2008-06-19,1.1721747608877375
2008-06-20,0.9353860288322838
2008-06-21,1.197070181284367
2008-06-22,1.895861633657145
2008-06-23,1.4041592010600108
2008-06-24,1.5065730810364562
2008-06-25,2.0324242421844754
2008-06-26,1.1884392031645967
2008-06-27,1.2682645050289176
2008-06-28,1.174984962081938
2008-06-29,1.116946480773341
2008-06-30,1.8439158562890219
2008-07-01,2.1573407024451035
2008-07-02,1.6559674558693307
2008-07-03,1.3552341204280314
2008-07-04,1.564587707997426
2008-07-05,1.114504498544811
2008-07-06,1.2201389230980177
2008-07-07,1.1423833433460238
2008-07-08,1.9996762009941802
2008-07-09,1.5415586889085267
2008-07-10,1.3905127210351875
2008-07-11,2.3843728898775525
2008-07-12,1.8810886634641295
2008-07-13,0.8152113040824011
2008-07-14,1.0224476245728877
2008-07-15,1.8760707218200317
2008-07-16,1.944632721499091
2008-07-17,1.5550835422646365
2008-07-18,1.8583211337573633
2008-07-19,2.7846052522321085
2008-07-20,1.101607332855551
2008-07-21,1.8398110488804413
2008-07-22,1.8588292634836134
2008-07-23,2.0834276823969433
2008-07-24,1.6045368477153619
2008-07-25,1.5225975009019814
2008-07-26,1.0910705267447744
2008-07-27,1.5813011468867821
2008-07-28,1.6564054592794477
2008-07-29,1.3838946596992778
2008-07-30,1.4038581740413096
2008-07-31,1.2782301057530696
2008-08-01,1.37538949635117
2008-08-02,2.115968552701484
2008-08-03,1.2650874356097157
2008-08-04,1.4907087347321903
2008-08-05,0.8899595729234994
2008-08-06,1.3246513526249653
2008-08-07,1.5788940479962754
2008-08-08,1.5723863857998868
2008-08-09,1.5608070086406411
2008-08-10,1.940620170771602
2008-08-11,1.7305094296710826
2008-08-12,1.8742584865270104
2008-08-13,0.9520111346567477
2008-08-14,1.3987022086129792
2008-08-15,1.128734286122223
2008-08-16,1.7049997427047523
2008-08-17,1.4989243911780805
2008-08-18,2.4545976290552263
2008-08-19,1.207737475512638
2008-08-20,0.8867286797559338
2008-08-21,2.0907347023685268
2008-08-22,1.3354641768579032
2008-08-23,1.699507689359059
2008-08-24,1.4451636517253976
2008-08-25,1.3879878326270203
2008-08-26,1.2599452139194962
2008-08-27,1.4022477423401387
2008-08-28,1.3654801230552758
2008-08-29,1.4486327137536736
2008-08-30,1.3438828712140816
2008-08-31,1.1488755966150002
2008-09-01,1.5368420483989982
2008-09-02,2.333045628098178
2008-09-03,1.3065136273735445
2008-09-04,1.786145718854893
2008-09-05,1.6195789979991162
2008-09-06,3.169982495378865
2008-09-07,0.5235631381926353
2008-09-08,1.4134126117283579
2008-09-09,1.4911336022696444
2008-09-10,1.62093785677597
2008-09-11,1.6412815466476784
2008-09-12,1.039074727200322
2008-09-13,0.4572539527617909
2008-09-14,0.8263886561394135
2008-09-15,1.6622133419277607
2008-09-16,1.1837791404543596
2008-09-17,0.7631612483628569
2008-09-18,1.1997578178738706
2008-09-19,1.0391885529201135
2008-09-20,1.012053125294182
2008-09-21,0.6599586377885556
2008-09-22,0.6545428277854162
2008-09-23,0.7433025880515252
2008-09-24,0.7662401020933464
2008-09-25,1.2227699812787751
2008-09-26,0.7028964748858195
2008-09-27,0.8482267828780868
2008-09-28,0.8932309589874772
2008-09-29,1.0156974837693877
2008-09-30,0.6533076101542431
2008-10-01,0.616012624296091
2008-10-02,0.47404311052202186
2008-10-03,0.3837224468176037
2008-10-04,1.0298506752356076
2008-10-05,1.5014943978475526
2008-10-06,0.9244283062858446
2008-10-07,0.7353967309932101
2008-10-08,0.9712109527446715
2008-10-09,0.8280293495121882
2008-10-10,0.7185208172911169
2008-10-11,0.8301624146363082
2008-10-12,0.787369850466383
2008-10-13,0.7097253182209329
2008-10-14,0.5148933880067856
2008-10-15,0.6409369104064964
2008-10-16,0.5031329931612702
2008-10-17,0.9528285622509202
2008-10-18,0.7510203806012621
2008-10-19,0.5360980346329672
2008-10-20,0.6557135750888594
2008-10-21,0.8395412013753014
2008-10-22,0.6161597432253805
2008-10-23,0.5664020979044353
2008-10-24,0.7358906020734817
2008-10-25,0.5326860421360278
2008-10-26,0.5296466515337951
2008-10-27,0.5981153283386772
2008-10-28,0.29606328021763517
2008-10-29,0.4776212718486856
2008-10-30,0.704020841817238
2008-10-31,0.8054312148638544
2008-11-01,0.9045694818849668
2008-11-02,1.1158464227684484
2008-11-03,1.0361616453666567
2008-11-04,1.136826261305186
2008-11-05,1.36309227265144
2008-11-06,0.802649938062732
2008-11-07,0.2027225386762849
2008-11-08,0.16736072554134185
2008-11-09,0.5771391863794952
2008-11-10,0.4057229103805262
2008-11-11,0.5167542254723355
2008-11-12,0.16459100315511574
2008-11-13,0.21926390484436137
2008-11-14,0.6687810870097174
2008-11-15,0.49796960510052507
2008-11-16,0.4037272541803006
2008-11-17,0.551298688367546
2008-11-18,0.29809923691647827
2008-11-19,0.21346667627246105
2008-11-20,0.21460195120852452
2008-11-21,0.14900641925802874
2008-11-22,0.19459426732291535
2008-11-23,0.6796989126759477
2008-11-24,0.41230119188116776
2008-11-25,0.3125989360664842
2008-11-26,0.4190382968825435
2008-11-27,0.6175254294143286
2008-11-28,0.7442250606363684
2008-11-29,0.9955887175941681
2008-11-30,1.8426535556192383
2008-12-01,0.594381833543179
2008-12-02,0.5137441377935624
2008-12-03,0.7261651036307665
2008-12-04,0.6630900392022987
2008-12-05,0.9250853460932602
2008-12-06,0.9359392925539198
2008-12-07,0.6691486380229565
2008-12-08,0.5363919371514676
2008-12-09,0.8179668660418735
2008-12-10,0.4666169144128334
2008-12-11,0.36565692903899
2008-12-12,0.27213264440240137
2008-12-13,0.46636041495208264
2008-12-14,1.7318686861117563
2008-12-15,1.1531063859418542
2008-12-16,0.5210982349787745
2008-12-17,0.3351560232543947
2008-12-18,0.2082721359388968
2008-12-19,0.376208917492414
2008-12-20,0.4534139958404002
2008-12-21,0.549518765865202
2008-12-22,0.3348717092888687
2008-12-23,0.35530908552510626
2008-12-24,0.8148295814813445
2008-12-25,0.4492398258949663
2008-12-26,0.7907339782128003
2008-12-27,0.17914806025232227
2008-12-28,0.46167945081480605
2008-12-29,0.5116003488966753
2008-12-30,0.4545324347388023
2008-12-31,0.3877773122436431
2009-01-01,0.4256690922541585
2009-01-02,0.24960966804896595
2009-01-03,0.13312790410007566
2009-01-04,0.25596497691563
2009-01-05,0.12269641131202169
2009-01-06,0.1904048811851848
2009-01-07,0.12009245523420206
2009-01-08,0.24004723231981173
2009-01-09,0.27350583037917847
2009-01-10,0.3490181584617163
2009-01-11,0.28299402759419046
2009-01-12,0.17852624216022484
2009-01-13,0.28553613551260043
2009-01-14,0.12612322247554011
2009-01-15,0.16007933710488373
2009-01-16,0.15111307679198294
2009-01-17,0.182116596001922
2009-01-18,0.25087502643865034
2009-01-19,0.6516058464237736
2009-01-20,0.4120960545471564
2009-01-21,0.2975573504686685
2009-01-22,0.5629983917806686
2009-01-23,0.5945990826594595
2009-01-24,0.6128852177188859
2009-01-25,0.8935989800998733
2009-01-26,0.6211184400173949
2009-01-27,0.3581075256122135
2009-01-28,0.27277982785208904
2009-01-29,0.22510674421768967
2009-01-30,0.41318956656989114
2009-01-31,0.2187903005056783
2009-02-01,0.5409748393586629
2009-02-02,0.8999079852598998
2009-02-03,0.43393629984779825
2009-02-04,0.3233592957297754
2009-02-05,0.7577489203461393
2009-02-06,0.5587802596577597
2009-02-07,0.5585822741180602
2009-02-08,0.601324759572963
2009-02-09,0.8628829142090462
2009-02-10,0.7032602916706531
2009-02-11,0.6429686333265642
2009-02-12,0.4410332105348201
2009-02-13,0.4571391857319577
2009-02-14,0.3721187604695977
2009-02-15,0.2088255668781969
2009-02-16,0.43783141769457107
2009-02-17,0.4681714407342665
2009-02-18,0.5675830691350778
2009-02-19,0.3536798312271585
2009-02-20,0.5718300877402077
2009-02-21,0.5775917197538685
2009-02-22,0.6179686981027261
2009-02-23,0.7909605498368777
2009-02-24,0.7616322079817371
2009-02-25,0.5446822775719802
2009-02-26,0.34371986988348224
2009-02-27,0.7666625610412693
2009-02-28,0.8411569508748702
2009-03-01,0.41149632247401985
2009-03-02,0.5267053955362783
2009-03-03,0.7327185037709747
2009-03-04,1.0135443968704765
2009-03-05,0.8986142945670783
2009-03-06,1.0585534630072662
2009-03-07,0.5660781447624668
2009-03-08,0.489749349567389
2009-03-09,0.598219351901569
2009-03-10,0.7771004307224756
2009-03-11,1.044032241214773
2009-03-12,0.7789520237114936
2009-03-13,0.7896799088801819
2009-03-14,0.6440268490339837
2009-03-15,0.5878977875390975
2009-03-16,0.32177136635186265
2009-03-17,0.18699665471422944
2009-03-18,0.23936831634509673
2009-03-19,0.2733813267408179
2009-03-20,0.2136144607794835
2009-03-21,0.1020322994982554
2009-03-22,0.19034698204415473
2009-03-23,0.14190537953338844
2009-03-24,0.3269669565620097
2009-03-25,0.63997592327842
2009-03-26,0.8811191522604388
2009-03-27,1.2030508509146105
2009-03-28,0.615835313864407
2009-03-29,0.5220161178456265
2009-03-30,1.038935841702804
2009-03-31,0.5348516789151943
2009-04-01,0.3309774015166257
2009-04-02,0.3059094076205697
2009-04-03,0.38454398611055723
2009-04-04,0.33642343064654523
2009-04-05,0.47214236330287057
2009-04-06,0.5284471123640899
2009-04-07,0.6532731025959807
2009-04-08,0.8330936217431548
2009-04-09,0.7909302907512764
2009-04-10,0.856954905511684
2009-04-11,0.8179594573285481
2009-04-12,0.741082094829431
2009-04-13,0.5925432494654103
2009-04-14,0.8438011347613557
2009-04-15,1.3596759654355064
2009-04-16,0.8377733578928975
2009-04-17,1.5559741355659227
2009-04-18,0.6160605117212321
2009-04-19,0.8174796879937456
2009-04-20,1.191087850478812
2009-04-21,0.82310037438312
2009-04-22,0.9533594519711017
2009-04-23,1.8244382655876168
2009-04-24,1.7521215914417454
2009-04-25,1.1337003378944073
2009-04-26,0.8923982800391653
2009-04-27,1.554699575182977
2009-04-28,1.6228880741215084
2009-04-29,2.0418669390481687
2009-04-30,1.3437171573575788
2009-05-01,0.8892440281894983
2009-05-02,2.007045994602756
2009-05-03,1.6202695043214281
2009-05-04,1.3222644292819217
2009-05-05,0.6222498273442643
2009-05-06,1.3459342843178166
2009-05-07,2.0955475186952
2009-05-08,1.8507287073482919
2009-05-09,1.725234737651976
2009-05-10,2.349845115164074
2009-05-11,2.1627333437788168
2009-05-12,1.5703640851698877
2009-05-13,1.9462733834068164
2009-05-14,1.9835069077483776
2009-05-15,1.7379751952273772
2009-05-16,2.007623331792711
2009-05-17,2.464351788282248
2009-05-18,0.7868563740961578
2009-05-19,1.7423142130521396
2009-05-20,2.6403072750862413
2009-05-21,2.593212175100152
2009-05-22,1.7561643999130518
2009-05-23,1.81632744709319
2009-05-24,2.099720124829474
2009-05-25,3.068222101411162
2009-05-26,1.849937405944995
2009-05-27,1.67050998240306
2009-05-28,0.7230963265690544
2009-05-29,1.094232444765292
2009-05-30,0.8729862698093238
2009-05-31,1.689181015965595
2009-06-01,1.2565751584247662
2009-06-02,1.3421064127353637
2009-06-03,1.2118505432993147
2009-06-04,1.3548053112380418
2009-06-05,1.4724989856711912
2009-06-06,1.3811437646959763
2009-06-07,3.4360301784584526
2009-06-08,3.1069125704134324
2009-06-09,1.2394542242728832
2009-06-10,2.6139662896512688
2009-06-11,1.0915119929216313
2009-06-12,1.4058445834045996
2009-06-13,1.161686762189242
2009-06-14,2.38596603966068
2009-06-15,1.9162989788928144
2009-06-16,1.7252548514210415
2009-06-17,1.8755509239558468
2009-06-18,1.345198852806321
2009-06-19,1.6421880500544646
2009-06-20,1.9229327136311638
2009-06-21,2.074472887680099
2009-06-22,2.694629713431563
2009-06-23,2.7952099579083978
2009-06-24,1.1089676740155532
2009-06-25,1.2685946660711565
2009-06-26,1.6742850092790522
2009-06-27,2.0851252238380797
2009-06-28,1.3815434754255826
2009-06-29,1.518258744156435
2009-06-30,2.391168977059142
2009-07-01,1.490367023903246
2009-07-02,1.5119519088310585
2009-07-03,1.826260905371623
2009-07-04,1.3763140691526363
2009-07-05,1.3954693123501178
2009-07-06,1.914618391477846
2009-07-07,0.9131124290150675
2009-07-08,2.0472418162544206
2009-07-09,1.6929930139004252
2009-07-10,2.10880267680639
2009-07-11,1.51162560482721
2009-07-12,1.2155509251465997
2009-07-13,1.5204365608609054
2009-07-14,1.8222980533220896
2009-07-15,1.5497265519309218
2009-07-16,1.6251279841203856
2009-07-17,0.8033684046372868
2009-07-18,1.717825807608013
2009-07-19,2.4677933788504114
2009-07-20,1.6136383775220688
2009-07-21,2.486713188628221
2009-07-22,1.6981736959125666
2009-07-23,2.3953450853955798
2009-07-24,1.1907880303034335
2009-07-25,1.6765426269817028
2009-07-26,1.5223690346323284
2009-07-27,1.801299541640277
2009-07-28,2.1062669069522566
2009-07-29,2.044002114979803
2009-07-30,1.575465746730523
2009-07-31,1.5959803729686577
2009-08-01,2.8163593821897495
2009-08-02,1.9143624299911262
2009-08-03,1.8147396099491844
2009-08-04,1.9753167691025033
2009-08-05,1.417190610432677
2009-08-06,1.8654054692970314
2009-08-07,1.5820671781406095
2009-08-08,0.9435783599368651
2009-08-09,1.527183862669948
2009-08-10,1.61742260752924
2009-08-11,2.250276764193011
2009-08-12,1.6395972820889964
2009-08-13,1.387368095860016
2009-08-14,2.326724856721469
2009-08-15,1.6565540356471748
2009-08-16,1.4548108101480048
2009-08-17,1.7322075772089147
2009-08-18,2.1276355224629007
2009-08-19,1.4870486171096897
2009-08-20,2.352205215156943
2009-08-21,1.6956198586161733
2009-08-22,1.1318090178980111
2009-08-23,1.7953199903027708
2009-08-24,1.783613130412865
2009-08-25,1.664150763178147
2009-08-26,1.5358663212358423
2009-08-27,1.2500217190311
2009-08-28,1.2742338271040348
2009-08-29,1.7542575383358343
2009-08-30,1.1825843405487095
2009-08-31,1.928468438135961
2009-09-01,1.7291637765188421
2009-09-02,1.189044279157475
2009-09-03,1.688323303939186
2009-09-04,1.2131489427894955
2009-09-05,1.4967767597189545
2009-09-06,1.046812758771705
2009-09-07,1.3077358346423977
2009-09-08,1.2712826526654413
2009-09-09,1.6686556659412726
2009-09-10,0.9507080669359815
2009-09-11,1.4665986631305754
2009-09-12,1.0168618880085305
2009-09-13,1.1753786297436009
2009-09-14,1.3557759926131272
2009-09-15,2.3237172373902983
2009-09-16,1.6690584820973446
2009-09-17,0.9644462689494433
2009-09-18,1.212323483105953
2009-09-19,1.1741751020798064
2009-09-20,1.0380045282317407
2009-09-21,1.3728061060163113
2009-09-22,1.641841183710175
2009-09-23,1.4458185708910218
2009-09-24,1.4582937978702097
2009-09-25,0.8641673723124161
2009-09-26,0.9670869907076005
2009-09-27,0.8262124190073865
2009-09-28,1.3388194059129277
2009-09-29,1.2423069739082941
2009-09-30,0.9071464119368183
2009-10-01,1.1756250450286403
2009-10-02,0.8307597249859444
2009-10-03,0.8195909050347169
2009-10-04,1.107177875504631
2009-10-05,0.9056149858476864
2009-10-06,0.8964837574476547
2009-10-07,1.5442871583861901
2009-10-08,1.0552180016358468
2009-10-09,0.6678644997705435
2009-10-10,0.6380054768055416
2009-10-11,1.1954201034505463
2009-10-12,1.8793687324905717
2009-10-13,1.4357365226960705
2009-10-14,1.1007019892158896
2009-10-15,1.1299911056776177
2009-10-16,0.8773087309640866
2009-10-17,1.3028177015536957
2009-10-18,1.0900292106020346
2009-10-19,1.1391644103269094
2009-10-20,1.2349799622161894
2009-10-21,1.808736546079789
2009-10-22,1.7364035018875303
2009-10-23,0.6269412687836126
2009-10-24,1.1464739532916832
2009-10-25,0.7905596690631589
2009-10-26,0.3731828964009183
2009-10-27,0.5685616579185194
2009-10-28,0.7179458329312235
2009-10-29,0.40534407534186256
2009-10-30,0.5820708603410568
2009-10-31,0.4428834748479572
2009-11-01,0.5827785003137104
2009-11-02,0.7806099382764917
2009-11-03,1.5182516161803679
2009-11-04,0.8802330220714137
2009-11-05,0.7831078782236909
2009-11-06,0.6805397964063896
2009-11-07,1.2702066909619685
2009-11-08,0.9602778219677864
2009-11-09,0.9461395540018693
2009-11-10,0.8201558194032229
2009-11-11,0.8143298234072447
2009-11-12,0.6107513515896982
2009-11-13,0.6225848608323018
2009-11-14,0.4791780421793221
2009-11-15,0.3014798036613882
2009-11-16,0.6622007186769165
2009-11-17,0.45571011139988754
2009-11-18,0.9983342343933721
2009-11-19,0.7892045170351984
2009-11-20,0.49690970894928926
2009-11-21,0.527601076679843
2009-11-22,0.3607711437421802
2009-11-23,0.7182813777954128
2009-11-24,0.384380740887608
2009-11-25,0.9665325550855899
2009-11-26,0.2642901564321994
2009-11-27,0.4519523813483427
2009-11-28,0.3914831547499713
2009-11-29,0.5721092833896828
2009-11-30,0.22011458104354825
2009-12-01,0.6325374930984433
2009-12-02,0.9086267088567105
2009-12-03,0.6186921022435139
2009-12-04,0.9011455795828089
2009-12-05,0.6540506531243269
2009-12-06,0.36263657499763413
2009-12-07,0.4360703212064789
2009-12-08,1.3588942354624611
2009-12-09,1.0519648962479689
2009-12-10,1.0304357051888422
2009-12-11,1.0483673933766586
2009-12-12,0.8735190385050534
2009-12-13,0.4442121854545617
2009-12-14,0.4625476075379259
2009-12-15,0.23721777612920975
2009-12-16,0.3755964190187959
2009-12-17,0.4382387587303478
2009-12-18,0.32716398781334394
2009-12-19,0.7503242867722343
2009-12-20,0.382356436685835
2009-12-21,1.4269448991934044
2009-12-22,0.7816571365569057
2009-12-23,1.1699271266099447
2009-12-24,1.5853069534752824
2009-12-25,0.7768323069245988
2009-12-26,0.7857303431723178
2009-12-27,0.6904598743593799
2009-12-28,0.606929984272487
2009-12-29,0.5800617507347362
2009-12-30,0.6577284859395013
2009-12-31,0.5430327096933263
2010-01-01,0.5277289446833707
2010-01-02,0.8728800231583198
2010-01-03,0.6728861853676934
2010-01-04,0.4608378182036543
2010-01-05,0.25464523018176327
2010-01-06,0.20366986996232755
2010-01-07,0.31396625454263555
2010-01-08,0.2636400694759067
2010-01-09,0.20520942393980324
2010-01-10,0.1936803188012388
2010-01-11,0.397347700674782
2010-01-12,0.47213024626338596
2010-01-13,0.40903651171890437
2010-01-14,0.6568526209682247
2010-01-15,0.1933063779996259
2010-01-16,0.8302222244186753
2010-01-17,0.4979453564225231
2010-01-18,0.26603731675924314
2010-01-19,0.2616742761705129
2010-01-20,0.33973173995819467
2010-01-21,0.4448224235052077
2010-01-22,0.2751617443331967
2010-01-23,0.4091709666704446
2010-01-24,0.15950611869954864
2010-01-25,0.1438428015984856
2010-01-26,0.46350754775215286
2010-01-27,0.31329634068120404
2010-01-28,0.5250780213998132
2010-01-29,0.8567903557386317
2010-01-30,0.6325235228601984
2010-01-31,0.223785126899186
2010-02-01,0.45287498849209334
2010-02-02,0.5851436007230947
2010-02-03,0.32657871807229005
2010-02-04,1.0681492345450976
2010-02-05,0.3331879621061484
2010-02-06,0.3849501205537669
2010-02-07,0.4934771998077138
2010-02-08,0.6329499241613208
2010-02-09,1.0062271780836167
2010-02-10,0.3653578304770406
2010-02-11,0.31562000901959225
2010-02-12,0.29377992006853915
2010-02-13,0.3807680120956353
2010-02-14,0.2996913641599975
2010-02-15,0.3868453766580618
2010-02-16,0.5428225705769493
2010-02-17,0.6274416556950015
2010-02-18,0.26737351257189823
2010-02-19,0.5968414336051947
2010-02-20,0.8621207620873983
2010-02-21,0.9798637634442711
2010-02-22,0.6349298010050639
2010-02-23,0.35599524747257144
2010-02-24,0.43051908756880053
2010-02-25,0.6615900487538666
2010-02-26,1.1960163700044786
2010-02-27,1.7778340925759077
2010-02-28,0.6748688811923815
2010-03-01,0.6173485914082748
2010-03-02,0.4229364115316828
2010-03-03,0.7241097733643164
2010-03-04,0.4184757803921187
2010-03-05,0.40655099123814864
2010-03-06,0.38753340412768206
2010-03-07,0.45441647851485745
2010-03-08,0.1516925073670283
2010-03-09,0.18649555484246141
2010-03-10,0.19810093482126678
2010-03-11,0.3594049639368679
2010-03-12,0.3092933760897441
2010-03-13,0.17455010811201171
2010-03-14,0.2649384255581306
2010-03-15,0.6973566011481863
2010-03-16,0.7617192189343969
2010-03-17,0.6658298550619532
2010-03-18,0.4500027683402085
2010-03-19,0.4909458131193127
2010-03-20,0.49128030139508966
2010-03-21,0.44202980302363365
2010-03-22,0.3936410343424847
2010-03-23,0.34185048025254067
2010-03-24,0.8185924830590695
2010-03-25,0.8620719773600477
2010-03-26,0.9687064721317937
2010-03-27,2.872465379517216
2010-03-28,1.6557290999038277
2010-03-29,1.8849955803518659
2010-03-30,1.077534316374083
2010-03-31,2.03175973537462
2010-04-01,0.6886376159935423
2010-04-02,2.2912289347535664
2010-04-03,1.8952243164916613
2010-04-04,0.6717335930173479
2010-04-05,1.0966628951164568
2010-04-06,1.7130452538428202
2010-04-07,0.6900323222465483
2010-04-08,0.5644152657433922
2010-04-09,0.7262539934096016
2010-04-10,0.6686583759219038
2010-04-11,0.714028535096374
2010-04-12,0.5245941560210627
2010-04-13,0.6528773843252201
2010-04-14,0.8804822071300074
2010-04-15,0.5282905490934056
2010-04-16,0.6815804681027645
2010-04-17,1.0936477173570225
2010-04-18,0.46296256523566737
2010-04-19,1.5931434962362745
2010-04-20,1.5372732008510457
2010-04-21,1.1534771115750304
2010-04-22,1.1189018618727298
2010-04-23,1.189471027790424
2010-04-24,0.9736361103175968
2010-04-25,1.1955415376597693
2010-04-26,0.9879606030041557
2010-04-27,1.08122954076245
2010-04-28,1.6800252009998746
2010-04-29,2.459526598310687
2010-04-30,2.4314821288832897
2010-05-01,1.6581509478933647
2010-05-02,1.4539340047449711
2010-05-03,1.5529346216468987
2010-05-04,1.4270392189296555
2010-05-05,1.950245657981733
2010-05-06,2.018367080567228
2010-05-07,1.0070362170051705
2010-05-08,1.321392172816162
2010-05-09,2.361813670284143
2010-05-10,2.2310647396879126
2010-05-11,3.2812925081451834
2010-05-12,2.1180490953591606
2010-05-13,1.4971771396643918
2010-05-14,1.8821557660664348
2010-05-15,1.557289133664029
2010-05-16,1.5591020711015724
2010-05-17,1.5539301536736014
2010-05-18,1.8847839619503874
2010-05-19,1.751714017376135
2010-05-20,1.8463442549032503
2010-05-21,1.6085522101251213
2010-05-22,1.391862999131675
2010-05-23,1.8787049106856788
2010-05-24,2.6396620849974832
2010-05-25,3.247555983116212
2010-05-26,2.8227084847875936
2010-05-27,2.6995120345384986
2010-05-28,1.9068962184661338
2010-05-29,2.272319216732138
2010-05-30,3.1775341018920256
2010-05-31,3.0388201303803766
2010-06-01,2.2493013909677253
2010-06-02,2.462969230889594
2010-06-03,2.360649732567261
2010-06-04,1.2417024725361085
2010-06-05,2.3051509659002094
2010-06-06,2.0370818338919103
2010-06-07,1.8314613591951663
2010-06-08,2.9337806272528675
2010-06-09,3.738799378496702
2010-06-10,3.1095723406875675
2010-06-11,3.033612169903456
2010-06-12,1.4152028329061064
2010-06-13,1.8662508780742613
2010-06-14,1.7583411043361195
2010-06-15,2.09468301220397
2010-06-16,2.0016196174562673
2010-06-17,2.0881856739277818
2010-06-18,2.472835129515515
2010-06-19,2.3825724076449943
2010-06-20,1.9881225056899836
2010-06-21,2.2468041597581547
2010-06-22,1.5163026075658321
2010-06-23,1.1193592658991738
2010-06-24,1.8093614990134923
2010-06-25,1.4516176451834095
2010-06-26,1.7090415714893104
2010-06-27,1.7762721558740884
2010-06-28,1.596527667908708
2010-06-29,1.6072748033570836
2010-06-30,1.4712910001292783
2010-07-01,1.4328333443645018
2010-07-02,1.940504131346718
2010-07-03,1.5324727682706023
2010-07-04,1.4916433664210658
2010-07-05,2.0119442580877505
2010-07-06,1.7430641986704154
2010-07-07,1.5836621093962504
2010-07-08,1.4262409602883552
2010-07-09,2.187121043224295
2010-07-10,1.9993805590048621
2010-07-11,1.6960181314283451
2010-07-12,2.3766186847721062
2010-07-13,2.9112056595455904
2010-07-14,2.689920080878733
2010-07-15,1.4932206167029638
2010-07-16,1.5806541004378525
2010-07-17,1.4890099565858224
2010-07-18,2.5665776643655107
2010-07-19,2.706716425534122
2010-07-20,2.016294720229554
2010-07-21,2.1612492035939233
2010-07-22,2.61559511574777
2010-07-23,2.485595406643079
2010-07-24,2.180081387725494
2010-07-25,2.25694054809844
2010-07-26,1.396421415126424
2010-07-27,2.5361696425793743
2010-07-28,2.389056776485483
2010-07-29,3.1744720478035884
2010-07-30,2.4007521275308723
2010-07-31,1.999030444680177
2010-08-01,1.7705541628090797
2010-08-02,1.9810115373263053
2010-08-03,2.4721652443872455
2010-08-04,1.884333082907875
2010-08-05,2.373325474728824
2010-08-06,2.266264250702516
2010-08-07,2.313098864993032
2010-08-08,2.722568836564103
2010-08-09,2.5466055347483145
2010-08-10,2.132931307566673
2010-08-11,2.178480270272222
2010-08-12,2.017091298503856
2010-08-13,2.0989571359816006
2010-08-14,2.2424198448733725
2010-08-15,2.0437179879622556
2010-08-16,1.6925436413885357
2010-08-17,2.265930828275209
2010-08-18,1.629135063122172
2010-08-19,2.209588851982334
2010-08-20,2.2459248269914482
2010-08-21,2.0803901167421923
2010-08-22,2.7029594525909193
2010-08-23,1.4632148998414298
2010-08-24,3.1394144804909883
2010-08-25,2.270174906119761
2010-08-26,1.5887564094961009
2010-08-27,2.3307204381744993
2010-08-28,3.2293018971137424
2010-08-29,1.4775173580562488
2010-08-30,1.7174115324631174
2010-08-31,2.0731390382701163
2010-09-01,1.7363396105835656
2010-09-02,1.4249710071351822
2010-09-03,1.5509080425889028
2010-09-04,1.4087308824287736
2010-09-05,1.3817208528718088
2010-09-06,1.2793657895583554
2010-09-07,1.8366810222420418
2010-09-08,1.7133592056136397
2010-09-09,1.8708222044947944
2010-09-10,1.2993658703516195
2010-09-11,1.1484209584477214
2010-09-12,1.38145694022172
2010-09-13,1.3839035545090066
2010-09-14,1.7792159291211858
2010-09-15,1.5044674690176474
2010-09-16,1.5828193674214288
2010-09-17,0.8131848625610083
2010-09-18,0.9877325172215425
2010-09-19,1.037846978230835
2010-09-20,1.803660535626562
2010-09-21,1.1224237630953358
2010-09-22,1.1612493596537699
2010-09-23,1.6482781349443225
2010-09-24,1.4801544557218516
2010-09-25,1.0826905901292063
2010-09-26,1.2437953723019874
2010-09-27,1.369236201434241
2010-09-28,1.066365121824536
2010-09-29,1.105399482062223
2010-09-30,1.2057617032460548
2010-10-01,1.6515748416553735
2010-10-02,2.0726208181602264
2010-10-03,1.796865073643485
2010-10-04,2.2764774711704754
2010-10-05,1.0102788644558944
2010-10-06,1.2273798446205886
2010-10-07,0.8897897521659863
2010-10-08,0.9807032568589233
2010-10-09,1.0961766205407824
2010-10-10,0.9351668478369594
2010-10-11,1.1511985063833778
2010-10-12,1.0030834798675952
2010-10-13,0.9924407685118759
2010-10-14,0.5652400986704423
2010-10-15,0.5400638287833309
2010-10-16,0.4889521348100021
2010-10-17,0.677408592963643
2010-10-18,0.7199888205911678
2010-10-19,0.786417734966874
2010-10-20,1.1280250487567138
2010-10-21,1.2126025599361074
2010-10-22,0.4413867461728398
2010-10-23,0.29611436857828316
2010-10-24,0.4494166604587847
2010-10-25,1.009205520046843
2010-10-26,0.833909487427049
2010-10-27,0.5268770114838833
2010-10-28,0.5784471690344754
2010-10-29,0.7436742946311151
2010-10-30,0.9500755510410609
2010-10-31,1.0424188304045274
2010-11-01,0.7713213356540032
2010-11-02,0.7708707194644723
2010-11-03,0.5018968700749221
2010-11-04,0.5433520960330553
2010-11-05,0.39430362114795486
2010-11-06,0.795732335435984
2010-11-07,0.411737821419429
2010-11-08,0.46135029191244686
2010-11-09,0.6689475431879465
2010-11-10,0.8524411087265451
2010-11-11,1.1108397835264487
2010-11-12,0.8251190898008594
2010-11-13,1.1059393077172444
2010-11-14,0.7436392855540349
2010-11-15,0.6782966275355624
2010-11-16,0.3257438544431207
2010-11-17,0.7158668963109457
2010-11-18,0.535832748124545
2010-11-19,0.8892607023776861
2010-11-20,0.842953780607157
2010-11-21,0.9892907382864633
2010-11-22,0.4279162868748553
2010-11-23,0.94658643949428
2010-11-24,0.7028812901475149
2010-11-25,0.6725412326394901
2010-11-26,0.516787177201969
2010-11-27,0.7392475066176768
2010-11-28,0.5419525563500722
2010-11-29,0.5913852863161578
2010-11-30,0.574895880579113
2010-12-01,0.5716254322151961
2010-12-02,0.49754588771077174
2010-12-03,0.43755214510176316
2010-12-04,0.3746324519002267
2010-12-05,0.8683917873828292
2010-12-06,1.0716214980538017
2010-12-07,0.9575714278029849
2010-12-08,0.41672982136729075
2010-12-09,0.8245947828725286
2010-12-10,0.5649467325250683
2010-12-11,0.8098046984604822
2010-12-12,0.8798725407602973
2010-12-13,0.5285188544502734
2010-12-14,0.43822308995229836
2010-12-15,0.39653078548603327
2010-12-16,0.40453356634191634
2010-12-17,0.5440127564375378
2010-12-18,0.49179834729927097
2010-12-19,1.0567728257065256
2010-12-20,0.6865962363043651
2010-12-21,0.4684259004982314
2010-12-22,0.575266381928108
2010-12-23,0.6061088715820476
2010-12-24,0.35242488459779314
2010-12-25,0.6844163056589505
2010-12-26,0.1779921146693099
2010-12-27,0.5096813446059626
2010-12-28,0.3266711597295214
2010-12-29,0.21779362564415256
2010-12-30,0.42989972570087276
2010-12-31,0.18663700548729842
2011-01-01,0.12110128685990881
2011-01-02,0.059252057662878284
2011-01-03,0.2302799009289832
2011-01-04,0.11794399490675767
2011-01-05,0.2182551094712362
2011-01-06,0.33263486864688774
2011-01-07,0.14346863023452142
2011-01-08,0.3047127151433128
2011-01-09,0.21414131062364192
2011-01-10,0.2809028221495095
2011-01-11,0.6114073517246879
2011-01-12,0.45133176872664893
2011-01-13,0.25448551293791216
2011-01-14,0.5033256870014069
2011-01-15,0.539468030485594
2011-01-16,0.42212371903298734
2011-01-17,0.3325539837904552
2011-01-18,0.21677712220621034
2011-01-19,0.4992025900125554
2011-01-20,0.36191855591461886
2011-01-21,0.23721083671480625
2011-01-22,0.10457420081775011
2011-01-23,0.12710040722631613
2011-01-24,0.2513631635492912
2011-01-25,0.2260489999710158
2011-01-26,0.39886833071898325
2011-01-27,0.3192748525361263
2011-01-28,0.4008325047325021
2011-01-29,0.24346633864598421
2011-01-30,0.18414357107937257
2011-01-31,0.13402620556885295
2011-02-01,0.12700441919205432
2011-02-02,0.1398448492799829
2011-02-03,0.10745698302385702
2011-02-04,0.18055148242753657
2011-02-05,0.20629582334675803
2011-02-06,0.28022993831202175
2011-02-07,0.49175291988203085
2011-02-08,0.1618170312350355
2011-02-09,0.16206395352451217
2011-02-10,0.23414725285429525
2011-02-11,0.13039325476115227
2011-02-12,0.14497099589907092
2011-02-13,0.20721683220657616
2011-02-14,0.244341434902321
2011-02-15,0.2922414357073841
2011-02-16,0.26210727583978755
2011-02-17,0.3596955214116668
2011-02-18,0.25986510157497433
2011-02-19,0.26450943001580923
2011-02-20,0.4687577136560004
2011-02-21,0.6175530986737303
2011-02-22,0.5763774186193593
2011-02-23,0.4177905042716534
2011-02-24,0.3604823856419046
2011-02-25,0.8791599442001942
2011-02-26,0.9972713932752968
2011-02-27,0.9241629886537011
2011-02-28,0.46496929668602166
2011-03-01,0.4523950947334812
2011-03-02,0.5053350690078787
2011-03-03,0.16244278554577457
2011-03-04,0.23380803953997062
2011-03-05,0.14708926228225944
2011-03-06,0.22608273948200233
2011-03-07,0.1991853844871255
2011-03-08,0.13446857778958282
2011-03-09,0.1326950924257535
2011-03-10,0.19661177787152295
2011-03-11,0.19896110471544382
2011-03-12,0.5214371920058423
2011-03-13,0.2941684558316365
2011-03-14,0.27424738928282144
2011-03-15,0.3099529508458741
2011-03-16,0.3155142315470659
2011-03-17,0.20949933618444327
2011-03-18,0.8493568978087505
2011-03-19,0.5084248362692894
2011-03-20,0.6558140499953405
2011-03-21,0.4713778767784894
2011-03-22,0.21582272054743043
2011-03-23,0.37259308301891064
2011-03-24,0.3113865215091473
2011-03-25,0.3479418249371113
2011-03-26,0.20799500410991212
2011-03-27,0.5584847280602131
2011-03-28,0.2921278424924747
2011-03-29,0.5394529936004381
2011-03-30,0.3502828019017252
2011-03-31,0.6547403494049494
2011-04-01,1.0831757632254966
2011-04-02,0.8171141885637276
2011-04-03,0.8734300862554466
2011-04-04,0.20336628990397346
2011-04-05,0.7264680677918188
2011-04-06,0.578139313687199
2011-04-07,0.7707642267548247
2011-04-08,0.80094490318228
2011-04-09,0.6407820673750739
2011-04-10,0.7149559320019061
2011-04-11,1.0159462614957262
2011-04-12,0.6546280806077084
2011-04-13,0.5813179917084285
2011-04-14,0.5179234657980765
2011-04-15,0.4513091516678446
2011-04-16,0.3555336041151144
2011-04-17,0.49675314455157554
2011-04-18,0.6237648628352492
2011-04-19,0.9850448023496557
2011-04-20,1.4692651280735705
2011-04-21,1.628242650482649
2011-04-22,1.5288964214132519
2011-04-23,1.2698783810274417
2011-04-24,0.7735498531190479
2011-04-25,1.066473528800443
2011-04-26,1.099174893850283
2011-04-27,1.037090279360724
2011-04-28,1.1544104384166898
2011-04-29,1.3836681617411521
2011-04-30,1.8531859325730053
2011-05-01,1.262287757017756
2011-05-02,1.4865508704794665
2011-05-03,1.446156873837262
2011-05-04,1.0061423838048362
2011-05-05,0.7596067405561621
2011-05-06,1.3573622612571807
2011-05-07,1.3224880131692291
2011-05-08,1.013288802900593
2011-05-09,1.1909157889211457
2011-05-10,1.3152539751314187
2011-05-11,1.2224101053758847
2011-05-12,1.2215406275928555
2011-05-13,1.6538426313438792
2011-05-14,2.3064610314679315
2011-05-15,1.60042487390132
2011-05-16,1.6202870825710738
2011-05-17,1.146563728681528
2011-05-18,1.5658834017765566
2011-05-19,2.2612306467822085
2011-05-20,1.727380398327944
2011-05-21,2.1620262981369156
2011-05-22,2.0774043405222424
2011-05-23,1.1186118309281514
2011-05-24,1.5216923220731136
2011-05-25,1.194480922313059
2011-05-26,1.4778729744497252
2011-05-27,0.7603643093927065
2011-05-28,2.3481935614276828
2011-05-29,1.3646624416365187
2011-05-30,2.029921432151311
2011-05-31,1.5591800079519658
2011-06-01,0.773791136225687
2011-06-02,1.3280034139480361
2011-06-03,1.9901014611356995
2011-06-04,1.5614234174739652
2011-06-05,1.7598505781608387
2011-06-06,1.8148885473054457
2011-06-07,1.7886560721719693
2011-06-08,1.3443476715111118
2011-06-09,1.3720521721937462
2011-06-10,1.232154433727109
2011-06-11,1.665989280399756
2011-06-12,1.2304469733440075
2011-06-13,2.0015914748844943
2011-06-14,2.419351430470175
2011-06-15,1.2876797630323553
2011-06-16,1.6535048081591732
2011-06-17,1.940780338301772
2011-06-18,1.5747525997667964
2011-06-19,1.4954200079000959
2011-06-20,1.6768595365544299
2011-06-21,1.4644579555838682
2011-06-22,1.7680720748075838
2011-06-23,2.1125058771504683
2011-06-24,1.6462588207550848
2011-06-25,1.2052983426115906
2011-06-26,1.5259879454341942
2011-06-27,1.6937636528031077
2011-06-28,1.6206707030529344
2011-06-29,1.7268481017037867
2011-06-30,1.9084829712480287
2011-07-01,1.2737538256164578
2011-07-02,1.114360290749735
2011-07-03,1.1667213407662802
2011-07-04,1.5486655216865368
2011-07-05,1.2487627782138377
2011-07-06,1.9037104703557288
2011-07-07,1.508128901307962
2011-07-08,3.1130015913959457
2011-07-09,2.1393743332641235
2011-07-10,1.8998452737703113
2011-07-11,1.4040302292119156
2011-07-12,2.42446861999307
2011-07-13,1.6047513092215968
2011-07-14,1.4617622337648934
2011-07-15,1.5589751376106784
2011-07-16,2.3590409540998962
2011-07-17,1.253422238286972
2011-07-18,1.393095651151087
2011-07-19,1.8629873465461613
2011-07-20,1.0831809656880091
2011-07-21,1.7987528930701904
2011-07-22,1.3351769016269794
2011-07-23,1.226209452349269
2011-07-24,2.1996541633598135
2011-07-25,0.8970629851221558
2011-07-26,1.698070573101612
2011-07-27,1.1921486464789648
2011-07-28,1.6839610313445537
2011-07-29,1.1707687949393928
2011-07-30,1.6324932409935609
2011-07-31,1.0534224264481344
2011-08-01,1.4366250193928531
2011-08-02,1.4663251598571077
2011-08-03,0.9561269587328755
2011-08-04,1.6245493022534085
2011-08-05,1.4068577773919968
2011-08-06,2.505924715924827
2011-08-07,0.6685134734635109
2011-08-08,1.5842340187215307
2011-08-09,1.3225613119841202
2011-08-10,1.7244381469908716
2011-08-11,1.6918232518941891
2011-08-12,1.3723980875571042
2011-08-13,1.2887303681966205
2011-08-14,2.038299939263125
2011-08-15,1.8714422180359382
2011-08-16,1.7299845921650268
2011-08-17,1.5633433280598452
2011-08-18,1.4096263607223096
2011-08-19,1.649275962189248
2011-08-20,1.7269805007565722
2011-08-21,1.5329598418116706
2011-08-22,1.8608301641331584
2011-08-23,2.2400284848229095
2011-08-24,2.1675156338885704
2011-08-25,1.8856847262743115
2011-08-26,3.050892127774585
2011-08-27,1.3187459878743006
2011-08-28,1.6872412479691568
2011-08-29,1.110331603530198
2011-08-30,0.941809641198669
2011-08-31,1.8375906042274948
2011-09-01,0.9658760085948198
2011-09-02,1.2059457677590388
2011-09-03,1.207824073461086
2011-09-04,1.5666725978928462
2011-09-05,0.7010140427020817
2011-09-06,1.4420251200467336
2011-09-07,1.310367544631726
2011-09-08,1.0826444929778831
2011-09-09,0.9971820065006323
2011-09-10,1.6883679867508878
2011-09-11,1.585914385282665
2011-09-12,1.7869292846279936
2011-09-13,1.203437045721214
2011-09-14,0.9163810227142534
2011-09-15,1.1350357472214263
2011-09-16,1.2461153841375987
2011-09-17,1.5660564360749092
2011-09-18,0.35280296633233577
2011-09-19,0.7238587197933727
2011-09-20,1.3107355281396815
2011-09-21,1.8634715955086778
2011-09-22,0.9849900410469878
2011-09-23,0.8124203278563604
2011-09-24,1.1826510182371477
2011-09-25,0.8003302201345167
2011-09-26,1.0299117831969373
2011-09-27,0.7576269054226543
2011-09-28,1.17500422064447
2011-09-29,1.027612483429075
2011-09-30,0.7665096510768904
2011-10-01,1.1207994042737455
2011-10-02,0.9051223393592727
2011-10-03,1.4688006029711864
2011-10-04,1.0352733346679004
2011-10-05,0.9640337537964095
2011-10-06,0.9575239585443359
2011-10-07,1.1151243614379756
2011-10-08,0.8390791832412291
2011-10-09,1.158986123460396
2011-10-10,0.7282417058570857
2011-10-11,1.0209957064147477
2011-10-12,0.9645380406575093
2011-10-13,0.9994598028221873
2011-10-14,0.5837212881741213
2011-10-15,0.6045322836095075
2011-10-16,0.7888739246259155
2011-10-17,0.6797101670412012
2011-10-18,0.6271811354835275
2011-10-19,0.6855156582339136
2011-10-20,0.6181918329135907
2011-10-21,0.766474244874616
2011-10-22,0.7518549757564119
2011-10-23,0.33699716838634586
2011-10-24,0.5276055210709191
2011-10-25,0.5311539620019098
2011-10-26,0.5153530437597292
2011-10-27,0.8306616899810181
2011-10-28,0.3067059179536952
2011-10-29,0.4794775451679991
2011-10-30,0.5460912286271448
2011-10-31,0.5574342457903356
2011-11-01,0.5732742036071237
2011-11-02,0.5510660803769252
2011-11-03,0.5088333139001147
2011-11-04,0.7495243112311605
2011-11-05,1.0593665607244593
2011-11-06,0.6431514581895378
2011-11-07,0.5405800987565934
2011-11-08,0.6328482931196245
2011-11-09,0.24754984561076934
2011-11-10,0.2557517923588631
2011-11-11,0.20370210596122598
2011-11-12,0.14910411316266256
2011-11-13,0.30309496831410465
2011-11-14,0.18162086732279561
2011-11-15,0.18843846032615005
2011-11-16,0.17076968266351944
2011-11-17,0.1888699079935191
2011-11-18,0.08528611768575951
2011-11-19,0.1101976858096793
2011-11-20,0.13431004817299935
2011-11-21,0.12424993519630309
2011-11-22,0.14983590001477476
2011-11-23,0.14531644592322107
2011-11-24,0.12950413454922907
2011-11-25,0.1562576917125608
2011-11-26,0.14057049313203532
2011-11-27,0.20087361085683567
2011-11-28,0.17975545237549714
2011-11-29,0.2710862124901337
2011-11-30,0.16740302968418236
2011-12-01,0.174589322313284
2011-12-02,0.197713956349867
2011-12-03,0.26128438817877575
2011-12-04,0.29964232256021905
2011-12-05,0.5347092079100769
2011-12-06,0.49295978273883817
2011-12-07,0.2879792848607244
2011-12-08,0.6846073375666013
2011-12-09,0.6394406783964212
2011-12-10,0.36373063748852186
2011-12-11,0.516725839702436
2011-12-12,0.41246538191687177
2011-12-13,0.8762056785796271
2011-12-14,0.5265228653269288
2011-12-15,0.4827214534390377
2011-12-16,0.7441861722165508
2011-12-17,0.5759865257676094
2011-12-18,0.39906596494444696
2011-12-19,0.4718462985109159
2011-12-20,0.41979022676186656
2011-12-21,0.37556973600444826
2011-12-22,0.36802076129256706
2011-12-23,0.8424960371604524
2011-12-24,0.7672071746498368
2011-12-25,0.46877485908229677
2011-12-26,0.6478228647386387
2011-12-27,0.824503495734457
2011-12-28,0.7571963715900656
2011-12-29,0.83431687778828
2011-12-30,0.6270248476882181
2011-12-31,0.42494826932457624
2012-01-01,0.5798440349415307
2012-01-02,0.7492408411466844
2012-01-03,0.8321039700484172
2012-01-04,0.7480224039367297
2012-01-05,0.5042318898455784
2012-01-06,0.4499628711283667
2012-01-07,0.49832444456452035
2012-01-08,0.38505811194115086
2012-01-09,0.7098194644495546
2012-01-10,0.37926155447259097
2012-01-11,0.3945551924037982
2012-01-12,0.4725853806867153
2012-01-13,0.4930461537908788
2012-01-14,0.3527623177617494
2012-01-15,0.3571050259958356
2012-01-16,0.3162014120375245
2012-01-17,0.278673406019433
2012-01-18,0.5078861814765501
2012-01-19,0.2570780115976642
2012-01-20,0.4154112700837816
2012-01-21,0.44995599856904755
2012-01-22,0.7276561253218193
2012-01-23,0.7015469697633397
2012-01-24,0.6189253324058477
2012-01-25,0.6104111310825591
2012-01-26,0.36964143920759407
2012-01-27,0.41256779207494776
2012-01-28,0.4768092825637005
2012-01-29,0.2691138355960444
2012-01-30,0.15936586275131032
2012-01-31,0.1662824979500046
2012-02-01,0.17770877430600138
2012-02-02,0.15419441679908583
2012-02-03,0.35460933140520096
2012-02-04,0.13985266819954534
2012-02-05,0.17624011420285549
2012-02-06,0.37602994367570197
2012-02-07,0.16783817035181597
2012-02-08,0.35304257363125024
2012-02-09,0.36274226084539113
2012-02-10,0.18764442681867619
2012-02-11,0.1452698261752699
2012-02-12,0.1320929397978553
2012-02-13,0.23217027250046177
2012-02-14,0.3663194877508725
2012-02-15,0.2616974184530189
2012-02-16,0.4819444204844907
2012-02-17,0.37353920654274897
2012-02-18,0.32664634598618364
2012-02-19,0.25361858729867426
2012-02-20,0.3134268578176228
2012-02-21,0.24063978228483265
2012-02-22,0.3587836779922105
2012-02-23,0.45013947956998557
2012-02-24,0.34759671916839985
2012-02-25,0.2556805596342996
2012-02-26,0.5027357495237773
2012-02-27,0.41880472393566176
2012-02-28,0.1710975785524867
2012-02-29,0.12363003643129838
2012-03-01,0.49040766630559274
2012-03-02,0.27472019240159967
2012-03-03,0.23726376273805946
2012-03-04,0.2478533573887401
2012-03-05,0.49533715780844656
2012-03-06,0.6237058637631353
2012-03-07,0.45878667723946803
2012-03-08,0.48674463897275166
2012-03-09,0.3291400669037187
2012-03-10,0.4010222499228918
2012-03-11,0.18099343772633286
2012-03-12,0.399197224265682
2012-03-13,0.22700046128674142
2012-03-14,0.3427030883056653
2012-03-15,0.45307435757800163
2012-03-16,0.4421879159264958
2012-03-17,0.5820098376740598
2012-03-18,0.5759502483919191
2012-03-19,0.1777678260953569
2012-03-20,0.7774451656597201
2012-03-21,0.8661935568776309
2012-03-22,0.4805239210760073
2012-03-23,0.394454841385827
2012-03-24,0.41316092371234264
2012-03-25,0.3706834136354445
2012-03-26,0.3016812632117095
2012-03-27,0.3347383300596494
2012-03-28,0.3202810380730411
2012-03-29,0.35892177658354746
2012-03-30,0.5073663268074204
2012-03-31,0.4868910803308772
2012-04-01,0.618530298512608
2012-04-02,0.39914704428575765
2012-04-03,0.6721451742738457
2012-04-04,0.580324296589209
2012-04-05,0.6990906388069119
2012-04-06,0.7479983650647115
2012-04-07,0.5802526136197511
2012-04-08,0.576360076588321
2012-04-09,0.5221863004964702
2012-04-10,0.9826828587989116
2012-04-11,0.45015992261720883
2012-04-12,1.6434481670530696
2012-04-13,0.6274441816664812
2012-04-14,0.8208723109515803
2012-04-15,0.7077502233375104
2012-04-16,0.8036922266697262
2012-04-17,0.43563495022291415
2012-04-18,0.4327455005865249
2012-04-19,1.8617847159521903
2012-04-20,0.7352103295831962
2012-04-21,1.1951168488740382
2012-04-22,0.9689776372123606
2012-04-23,1.0299416999844442
2012-04-24,1.233425021890275
2012-04-25,1.6918539512230384
2012-04-26,1.1650227351963431
2012-04-27,1.278136497834421
2012-04-28,1.442540555736836
2012-04-29,1.5286376280773017
2012-04-30,1.8177774690122976
2012-05-01,1.3738697836598859
2012-05-02,2.6537100149884942
2012-05-03,1.3594334887114057
2012-05-04,1.1016496984226098
2012-05-05,1.6477390072543336
2012-05-06,0.9212124177604832
2012-05-07,1.2637576114058051
2012-05-08,1.9530861425448431
2012-05-09,1.262127468828495
2012-05-10,1.7204536544945683
2012-05-11,1.9393219722873984
2012-05-12,1.6494170095608303
2012-05-13,0.7691572921991802
2012-05-14,1.013935517517935
2012-05-15,0.9522696999246727
2012-05-16,1.4035389525843982
2012-05-17,1.2674637914240856
2012-05-18,2.0430807816963017
2012-05-19,1.5685406196445475
2012-05-20,2.137347972925711
2012-05-21,2.0194500598759584
2012-05-22,1.156470380319539
2012-05-23,1.554085846291086
2012-05-24,1.1214606077781133
2012-05-25,1.3727518612667435
2012-05-26,1.26021772891115
2012-05-27,1.4140589925528066
2012-05-28,0.8878220816207918
2012-05-29,1.598861355255128
2012-05-30,1.3358355918072746
2012-05-31,1.2522878092576502
2012-06-01,1.375203951207585
2012-06-02,2.1700316959694335
2012-06-03,1.439522245808105
2012-06-04,1.981176365144701
2012-06-05,1.3161999969542935
2012-06-06,1.2953337532381854
2012-06-07,2.423097828511541
2012-06-08,1.3831591672252097
2012-06-09,1.4841585478085213
2012-06-10,1.603087969879741
2012-06-11,1.9200582089916656
2012-06-12,1.685219791960615
2012-06-13,2.585396002302948
2012-06-14,2.541207360191942
2012-06-15,2.496489302210803
2012-06-16,2.434669639120297
2012-06-17,1.3439727660198677
2012-06-18,1.9478202926350954
2012-06-19,2.255566890586255
2012-06-20,1.4179162314539249
2012-06-21,1.3096720990881077
2012-06-22,1.682487492418349
2012-06-23,1.1247897917700864
2012-06-24,1.9402401049487514
2012-06-25,1.9330769440701046
2012-06-26,1.8230015682197842
2012-06-27,1.6663844714880442
2012-06-28,2.82347412094507
2012-06-29,2.2811142611987583
2012-06-30,2.3581148023821235
2012-07-01,2.072849168396432
2012-07-02,1.9630669279732813
2012-07-03,1.5165268920503403
2012-07-04,2.090723021570183
2012-07-05,2.710485220331408
2012-07-06,1.4212309416839743
2012-07-07,1.5149242231528508
2012-07-08,2.2578517872207033
2012-07-09,1.4940215074394194
2012-07-10,2.145964920295927
2012-07-11,1.3787862379034619
2012-07-12,1.4111241076323104
2012-07-13,1.7951819185127298
2012-07-14,1.8371906160910916
2012-07-15,2.1883452746995995
2012-07-16,1.6997985489080096
2012-07-17,1.2123218372852136
2012-07-18,2.0060989343601277
2012-07-19,2.13166738588262
2012-07-20,0.9451438629448423
2012-07-21,1.8337865760110363
2012-07-22,2.4826003799233294
2012-07-23,1.0655413576239927
2012-07-24,2.02962269079015
2012-07-25,1.6639683998831112
2012-07-26,1.908176856171167
2012-07-27,1.4299609827369402
2012-07-28,1.3487800042124585
2012-07-29,1.5826357206306714
2012-07-30,1.247323741431272
2012-07-31,1.358052334528593
2012-08-01,2.3772415212484566
2012-08-02,1.478381284521267
2012-08-03,1.6845047377641982
2012-08-04,1.235677007636006
2012-08-05,2.147942639474031
2012-08-06,1.0058355253957814
2012-08-07,1.6912361520515098
2012-08-08,1.5372928432879038
2012-08-09,1.4484649322585978
2012-08-10,1.3486580111208528
2012-08-11,1.2333152650055408
2012-08-12,1.336904123005505
2012-08-13,1.5861252447350993
2012-08-14,1.4479234460562356
2012-08-15,1.8888828148578691
2012-08-16,1.4841241030452332
2012-08-17,1.8187255781362361
2012-08-18,1.478705174292234
2012-08-19,1.3716021447206275
2012-08-20,1.5537556048830679
2012-08-21,1.3924745028923398
2012-08-22,2.06589553824664
2012-08-23,1.9592288776978775
2012-08-24,1.6960351125290314
2012-08-25,1.7813190893163233
2012-08-26,1.5994553759844046
2012-08-27,1.6228055109196542
2012-08-28,1.1977784285434214
2012-08-29,1.5303597460075449
2012-08-30,1.4454455899457563
2012-08-31,1.7056294011077773
2012-09-01,1.5089673869638216
2012-09-02,1.4775764691159343
2012-09-03,1.3830195535346046
2012-09-04,1.3489470277081401
2012-09-05,1.2564650882254877
2012-09-06,1.8901360657322943
2012-09-07,1.6638624403504652
2012-09-08,1.1421953908967484
2012-09-09,1.0866995068167171
2012-09-10,1.0807961756253681
2012-09-11,1.6648260544533249
2012-09-12,1.4876440605546128
2012-09-13,1.4932799113105966
2012-09-14,1.0651946320675785
2012-09-15,0.8605000881714698
2012-09-16,1.4057229793551427
2012-09-17,1.253249323656453
2012-09-18,1.3713819526662996
2012-09-19,1.478873696689156
2012-09-20,1.118141590169586
2012-09-21,1.011316205772058
2012-09-22,1.4349395883215017
2012-09-23,1.5071651950080027
2012-09-24,0.9364848719745194
2012-09-25,1.642306271617015
2012-09-26,2.4995820162160456
2012-09-27,0.9453461061170904
2012-09-28,1.243518723439238
2012-09-29,0.9707735402265236
2012-09-30,1.200518421347132
2012-10-01,0.6505914279503104
2012-10-02,1.2520862930126457
2012-10-03,1.1514747263198906
2012-10-04,0.8089155869622641
2012-10-05,1.3474219252447088
2012-10-06,1.1003428535014284
2012-10-07,0.8839404025155053
2012-10-08,1.1777784302829697
2012-10-09,0.6462717694144595
2012-10-10,0.6812488330150943
2012-10-11,1.0262053105419173
2012-10-12,0.9655365936461172
2012-10-13,1.0594135989867064
2012-10-14,1.794194440196743
2012-10-15,0.7746748561073662
2012-10-16,0.9961177444964121
2012-10-17,0.7867570999178655
2012-10-18,1.4282069181161872
2012-10-19,1.5552311658243563
2012-10-20,1.5371474569652026
2012-10-21,1.3422782887839468
2012-10-22,1.0541089324688249
2012-10-23,1.2202711859392241
2012-10-24,1.0440251296480327
2012-10-25,1.1866854468185024
2012-10-26,0.8324292623860687
2012-10-27,0.409340425018764
2012-10-28,0.3201806813829285
2012-10-29,0.5472385781444157
2012-10-30,0.6537576326345991
2012-10-31,0.6466151236397671
2012-11-01,0.5374840732684228
2012-11-02,0.6175792419237474
2012-11-03,0.5627827843462939
2012-11-04,0.5763181105766467
2012-11-05,0.41828540882971504
2012-11-06,0.7797424959363884
2012-11-07,0.4559285520823203
2012-11-08,0.33689887274798846
2012-11-09,0.6370424335955833
2012-11-10,0.4903932635199674
2012-11-11,0.1505298422815137
2012-11-12,0.5066666419910455
2012-11-13,0.5430167038637423
2012-11-14,0.43921261009144397
2012-11-15,0.24009440544531327
2012-11-16,0.29093138890587267
2012-11-17,0.17039768023117008
2012-11-18,0.2214618505707707
2012-11-19,0.18906036729955686
2012-11-20,0.14924787812468066
2012-11-21,0.16946856032246366
2012-11-22,0.15340421487178754
2012-11-23,0.27380769309254555
2012-11-24,0.40609224361622803
2012-11-25,0.23747834198465098
2012-11-26,0.30358769903957705
2012-11-27,0.4520784049732968
2012-11-28,0.1302316756550459
2012-11-29,0.7013160979753705
2012-11-30,0.4735980010292431
2012-12-01,0.35968469109474205
2012-12-02,0.43408422136640984
2012-12-03,0.5716704230651624
2012-12-04,0.7301652828657846
2012-12-05,0.5143108897479118
2012-12-06,0.4108862150240602
2012-12-07,0.3754948532885061
2012-12-08,0.45673369040991135
2012-12-09,0.6028855793302641
2012-12-10,0.6135360576318595
2012-12-11,0.31895623855160415
2012-12-12,0.3131025657134307
2012-12-13,0.5062241983748699
2012-12-14,0.6621430086141757
2012-12-15,0.3986571133581407
2012-12-16,0.3381051769067378
2012-12-17,0.28199890161532803
2012-12-18,0.41861126424582296
2012-12-19,0.48786572641208514
2012-12-20,0.24834825579455574
2012-12-21,0.623310993806449
2012-12-22,0.42405213453737345
2012-12-23,0.2494735035964288
2012-12-24,0.6462253808425689
2012-12-25,0.32709898829131057
2012-12-26,0.36039535279538465
2012-12-27,0.5184484358910888
2012-12-28,0.7797221416300457
2012-12-29,0.8545243967472356
2012-12-30,0.2528086139150843
2012-12-31,0.6813164236940439
2013-01-01,0.5794552835754199
2013-01-02,0.3852899464319436
2013-01-03,0.49164451080147514
2013-01-04,0.5427271595888907
2013-01-05,0.510367476433646
2013-01-06,0.7413356036116789
2013-01-07,0.7802171842668464
2013-01-08,0.5568978806737312
2013-01-09,0.6941903442961675
2013-01-10,0.47820332924499187
2013-01-11,0.23079644507542682
2013-01-12,0.399827698181469
2013-01-13,0.3382753848183171
2013-01-14,0.34489925005218586
2013-01-15,0.5704638797476568
2013-01-16,0.4009562539286576
2013-01-17,0.2947348559292497
2013-01-18,0.43084063165518593
2013-01-19,0.6334791649302014
2013-01-20,0.4001912397116981
2013-01-21,0.5453400903554351
2013-01-22,0.6484293899108456
2013-01-23,0.6982784607722565
2013-01-24,0.7389370430401522
2013-01-25,0.5068128477438522
2013-01-26,0.7523560213656004
2013-01-27,0.9229505074415942
2013-01-28,0.5385215026593068
2013-01-29,0.7775595544106128
2013-01-30,0.8760204355588861
2013-01-31,0.9709344136993462
2013-02-01,0.4691316087177417
2013-02-02,0.4590727931879658
2013-02-03,0.7269663524562355
2013-02-04,0.6867731770391662
2013-02-05,0.5552113086855116
2013-02-06,0.7277704386461031
2013-02-07,0.630284338078754
2013-02-08,0.4791302849465908
2013-02-09,0.352587878802393
2013-02-10,0.6252987098118757
2013-02-11,0.6103663332619995
2013-02-12,0.40882119751648427
2013-02-13,0.3714017019572954
2013-02-14,0.2896275494690157
2013-02-15,0.49520545570909635
2013-02-16,0.34690924170891063
2013-02-17,0.2206113376313001
2013-02-18,0.22354809486587177
2013-02-19,0.3364759803544609
2013-02-20,0.287113125696534
2013-02-21,0.18426601960471017
2013-02-22,0.22043820077217596
2013-02-23,0.25788868407364185
2013-02-24,0.32942852309879267
2013-02-25,0.47816900812645635
2013-02-26,0.2488310903190618
2013-02-27,0.17333910019050652
2013-02-28,0.34961461368970814
2013-03-01,0.19064677111130815
2013-03-02,0.18289363541451858
2013-03-03,0.14341426117339595
2013-03-04,0.3422904706403086
2013-03-05,0.3981775670776407
2013-03-06,0.2569041175392918
2013-03-07,0.19537744921264122
2013-03-08,0.2950667835888415
2013-03-09,0.44303855479161736
2013-03-10,0.21609444271740838
2013-03-11,0.22079301631235626
2013-03-12,0.3200888935477852
2013-03-13,0.38563333597491967
2013-03-14,0.3254556135254306
2013-03-15,0.2801453955411502
2013-03-16,0.42614903507661256
2013-03-17,0.2640440798117809
2013-03-18,0.385023244733223
2013-03-19,0.7781046660455418
2013-03-20,0.7358747202497057
2013-03-21,0.47189039987235554
2013-03-22,0.28236381808899164
2013-03-23,0.20204436336019352
2013-03-24,0.2639558544598896
2013-03-25,0.1755501786192237
2013-03-26,0.41957851266742113
2013-03-27,0.8407613266656012
2013-03-28,0.5671465072364558
2013-03-29,0.3705292000019395
2013-03-30,0.18860876186650835
2013-03-31,0.8029247917283657
2013-04-01,0.9995877642595488
2013-04-02,0.31264988128117244
2013-04-03,0.3266246289429709
2013-04-04,0.31569477496300524
2013-04-05,0.23132815027134923
2013-04-06,0.5128783249402539
2013-04-07,0.6645120830017109
2013-04-08,0.36905823611512556
2013-04-09,0.7750275546254676
2013-04-10,0.29410065671508645
2013-04-11,0.5265633098457638
2013-04-12,0.5293718615330024
2013-04-13,0.8458030459323206
2013-04-14,0.511176384795853
2013-04-15,0.4795343480865606
2013-04-16,0.47463269648540096
2013-04-17,0.6366397637610591
2013-04-18,0.6585686037962537
2013-04-19,0.42630376358784555
2013-04-20,0.8940790972686576
2013-04-21,1.440013973541264
2013-04-22,0.7561096234127953
2013-04-23,0.8134142784924205
2013-04-24,1.1942175936161579
2013-04-25,0.8219903557196111
2013-04-26,1.4239560921278975
2013-04-27,1.2935352523158488
2013-04-28,0.8175739636024127
2013-04-29,0.8856264832715811
2013-04-30,1.520737939547946
2013-05-01,1.6104502351044983
2013-05-02,1.5110501068065254
2013-05-03,1.4389884057582856
2013-05-04,1.183747041033431
2013-05-05,1.0523846325133226
2013-05-06,0.761401033022031
2013-05-07,1.046691075263155
2013-05-08,1.78229734033001
2013-05-09,1.3750427853599207
2013-05-10,0.6714756808519939
2013-05-11,1.0191009198667946
2013-05-12,1.0936374140513208
2013-05-13,0.43164287407681984
2013-05-14,1.516568016249313
2013-05-15,1.7254262795746107
2013-05-16,1.5537801289121196
2013-05-17,1.7493028915959694
2013-05-18,1.9886819914263072
2013-05-19,1.6430875342983506
2013-05-20,0.9581881219698589
2013-05-21,0.8053731150661186
2013-05-22,0.8516909108885043
2013-05-23,0.9124436059446804
2013-05-24,1.026017375119124
2013-05-25,1.0389469448848914
2013-05-26,1.2174874810135674
2013-05-27,1.1218761189411008
2013-05-28,1.0161801277369704
2013-05-29,1.008990782921068
2013-05-30,1.0409167415146166
2013-05-31,0.8336248856481675
2013-06-01,0.9939543105857765
2013-06-02,0.5310035359889782
2013-06-03,0.9684838942337379
2013-06-04,1.1014266590871515
2013-06-05,1.0287361802774815
2013-06-06,1.7992850097141053
2013-06-07,1.4702362143286132
2013-06-08,1.6031346100798376
2013-06-09,1.2700628756651524
2013-06-10,0.7286185367423419
2013-06-11,1.478874434658146
2013-06-12,1.507213762613537
2013-06-13,1.310794973257305
2013-06-14,0.7911197435136916
2013-06-15,1.4087183801363792
2013-06-16,1.5764047331915934
2013-06-17,1.6692241726118755
2013-06-18,1.504616594565268
2013-06-19,1.5355346318570047
2013-06-20,1.4317882631155714
2013-06-21,0.9008369090600259
2013-06-22,1.1249703985467274
2013-06-23,0.8038011156576552
2013-06-24,1.4022365845507025
2013-06-25,1.104677162278772
2013-06-26,1.2631287004535967
2013-06-27,1.2647069369481856
2013-06-28,0.9173009060742675
2013-06-29,0.9826124316258283
2013-06-30,1.4524288867807402
2013-07-01,1.1343376395750842
2013-07-02,1.335858254290369
2013-07-03,0.8182417415761167
2013-07-04,1.0853477941260423
2013-07-05,0.8437542727374083
2013-07-06,1.2564552504687319
2013-07-07,1.2480366180641669
2013-07-08,0.9977365927400389
2013-07-09,1.2289435817486545
2013-07-10,1.3880295719223994
2013-07-11,1.1285118349526906
2013-07-12,1.4195747175219615
2013-07-13,1.1715227545467841
2013-07-14,0.9945568324089163
2013-07-15,0.9303303096873139
2013-07-16,1.2051759333111305
2013-07-17,0.7511726239700793
2013-07-18,1.0856267568201
2013-07-19,1.4997694926128013
2013-07-20,1.1687972576156869
2013-07-21,1.3244637536592763
2013-07-22,1.3264975919731878
2013-07-23,1.0401684118627044
2013-07-24,1.1625322909795774
2013-07-25,1.4577717859737527
2013-07-26,1.4906631241887376
2013-07-27,1.7760159438414065
2013-07-28,2.0578945560132533
2013-07-29,0.47582394529356054
2013-07-30,1.387661387523837
2013-07-31,0.9454801810788256
2013-08-01,1.3650810072625825
2013-08-02,1.901406073087103
2013-08-03,1.5325655782257386
2013-08-04,1.251173255256014
2013-08-05,1.3572657580625471
2013-08-06,1.4551010417123564
2013-08-07,1.7686903688620277
2013-08-08,1.7725248831770946
2013-08-09,0.6383782540981164
2013-08-10,1.7101355094353305
2013-08-11,1.134915046688268
2013-08-12,1.5411482443497437
2013-08-13,1.610937990107962
2013-08-14,1.0646781068700366
2013-08-15,1.0490781574050567
2013-08-16,1.266805694490683
2013-08-17,1.3970606780109411
2013-08-18,0.9286207875893424
2013-08-19,0.839692360568526
2013-08-20,1.3874738748842934
2013-08-21,1.344574316487317
2013-08-22,1.679031410255582
2013-08-23,1.1201886288774154
2013-08-24,1.9335868446413387
2013-08-25,1.205740035155126
2013-08-26,0.8905465586215894
2013-08-27,0.9573600986141748
2013-08-28,1.1901221194004938
2013-08-29,1.355962859203928
2013-08-30,1.0216340240332928
2013-08-31,1.1532526435463848
2013-09-01,1.0266409974035615
2013-09-02,1.174858422677937
2013-09-03,0.8983827861124715
2013-09-04,1.2299362485813121
2013-09-05,0.8871119799687738
2013-09-06,0.8193617685553434
2013-09-07,1.1961043104687246
2013-09-08,0.9349597104490729
2013-09-09,0.9914474891015435
2013-09-10,0.7434244587534797
2013-09-11,1.083727199645641
2013-09-12,0.900524411937556
2013-09-13,1.133401265547419
2013-09-14,0.7636649109901039
2013-09-15,0.7159308841774475
2013-09-16,0.6190127510871707
2013-09-17,1.2773529041086322
2013-09-18,1.2365902622162241
2013-09-19,0.8605383780035724
2013-09-20,1.063379337167121
2013-09-21,0.875604340388768
2013-09-22,1.0756113568113652
2013-09-23,0.7927764103998113
2013-09-24,1.1776945463576352
2013-09-25,0.8773824474991795
2013-09-26,1.0306745033420979
2013-09-27,1.0139997892711239
2013-09-28,1.0969979351948882
2013-09-29,0.8142365445523168
2013-09-30,0.563269643650471
2013-10-01,0.958374095928369
2013-10-02,1.003827733372486
2013-10-03,0.7865394150463155
2013-10-04,0.7507191978015445
2013-10-05,0.6048222720263757
2013-10-06,0.8420655964209546
2013-10-07,0.5125721714928825
2013-10-08,0.5265647263196217
2013-10-09,0.5484328523272978
2013-10-10,0.41003607463175656
2013-10-11,0.8966734817322431
2013-10-12,1.0394357059371524
2013-10-13,1.119615317557835
2013-10-14,0.7925340428759338
2013-10-15,0.6982442224177241
2013-10-16,1.2938621968188075
2013-10-17,0.853614142978107
2013-10-18,0.8968341112139911
2013-10-19,1.1072567018240604
2013-10-20,0.7234948051376882
2013-10-21,0.9658233894470541
2013-10-22,0.8880027545749516
2013-10-23,0.5641220509422322
2013-10-24,0.821767442665198
2013-10-25,1.0617938603469737
2013-10-26,0.8194410852764445
2013-10-27,0.7549493164676682
2013-10-28,0.9465672630089649
2013-10-29,0.6202065665396952
2013-10-30,0.6784609169797747
2013-10-31,0.5805429055364082
2013-11-01,0.529965905139571
2013-11-02,0.4704418443801592
2013-11-03,0.7002430898152763
2013-11-04,1.099350648733719
2013-11-05,0.8758240447471954
2013-11-06,0.6354588493314506
2013-11-07,0.82023646375991
2013-11-08,0.9393440800524628
2013-11-09,0.8532142932116783
2013-11-10,0.6702807007088403
2013-11-11,0.7698067182218195
2013-11-12,0.6965070443159004
2013-11-13,0.44563020735975234
2013-11-14,0.3726185950822272
2013-11-15,0.6699534215069195
2013-11-16,0.4740946393724085
2013-11-17,0.6249691769004936
2013-11-18,0.24360180498640202
2013-11-19,0.435907252198898
2013-11-20,0.4544457519898451
2013-11-21,0.6244222667915083
2013-11-22,0.3116133615829834
2013-11-23,0.3157271345264881
2013-11-24,0.48505992681021526
2013-11-25,0.32944805387142373
2013-11-26,0.2201998301663745
2013-11-27,0.34751189989484915
2013-11-28,0.26778572593274935
2013-11-29,0.3439533555288678
2013-11-30,0.4921014887731172
2013-12-01,0.1763737124586216
2013-12-02,0.39864566464215917
2013-12-03,0.5579593692367202
2013-12-04,0.34100882565263596
2013-12-05,0.25063644014676095
2013-12-06,0.5028043785879986
2013-12-07,0.16095240808493627
2013-12-08,0.1769035612863806
2013-12-09,0.19296882367173604
2013-12-10,0.24639614332579604
2013-12-11,0.4164058132963808
2013-12-12,0.38151990351766213
2013-12-13,0.20945182061649326
2013-12-14,0.22809341292980753
2013-12-15,0.20666120509212865
2013-12-16,0.39157235992595685
2013-12-17,0.4558588824278245
2013-12-18,0.20644436745089095
2013-12-19,0.16814184095075316
2013-12-20,0.265191885786801
2013-12-21,0.3731444898113313
2013-12-22,0.20912098590079228
2013-12-23,0.22342038048479423
2013-12-24,0.8000104129972485
2013-12-25,0.6566879267841818
2013-12-26,0.41209971798337913
2013-12-27,0.5817784340237974
2013-12-28,1.4236709415079243
2013-12-29,0.57307321290506
2013-12-30,0.6887714394990403
2013-12-31,0.991600134685278
2014-01-01,0.45747389845797587
2014-01-02,0.3468433274790935
2014-01-03,0.6568306938877682
2014-01-04,0.46364882100807464
2014-01-05,0.3623079100151968
2014-01-06,0.760881739673797
2014-01-07,0.5583615610704606
2014-01-08,0.2697007142708529
2014-01-09,0.3396726868816052
2014-01-10,0.3357850418367591
2014-01-11,0.5361881124067256
2014-01-12,0.626005901073222
2014-01-13,0.2771280358587292
2014-01-14,0.19965056416057825
2014-01-15,0.4096021307183581
2014-01-16,0.7684087446006862
2014-01-17,0.35584204431337935
2014-01-18,0.5645581629816706
2014-01-19,0.7315443174158331
2014-01-20,0.2668843929366012
2014-01-21,0.4958934984375313
2014-01-22,0.348597249809976
2014-01-23,0.27453297697406687
2014-01-24,0.33704775488664535
2014-01-25,0.18594498832985987
2014-01-26,0.46096378291866397
2014-01-27,0.5541221888136874
2014-01-28,0.36904070735634315
2014-01-29,0.7044518820742859
2014-01-30,0.5641010728535188
2014-01-31,0.82569953498246
2014-02-01,1.0100948366359288
2014-02-02,0.520729099742983
2014-02-03,1.0971098792998295
2014-02-04,0.9839465419608723
2014-02-05,0.722252480063899
2014-02-06,0.6499727651244448
2014-02-07,0.39332705772219495
2014-02-08,1.071919657446963
2014-02-09,0.7091357349197701
2014-02-10,0.7683650054401041
2014-02-11,0.5497514158362666
2014-02-12,0.4689080554493077
2014-02-13,0.47685832596116895
2014-02-14,1.101635177196186
2014-02-15,0.4487888917324767
2014-02-16,0.6385761289996505
2014-02-17,0.5189575774377365
2014-02-18,0.8858642779759025
2014-02-19,0.4798465604592867
2014-02-20,1.2742270895926782
2014-02-21,0.7344032388084878
2014-02-22,0.8554387557529456
2014-02-23,0.7585535575644186
2014-02-24,0.9898129995227511
2014-02-25,0.5079189692474957
2014-02-26,0.4998405310533616
2014-02-27,0.4294085943566323
2014-02-28,0.5241145659914647
2014-03-01,0.42862174270608644
2014-03-02,0.5140851402029762
2014-03-03,0.695606414270542
2014-03-04,0.31366636524237396
2014-03-05,0.621703342225025
2014-03-06,0.41698865419658704
2014-03-07,0.14851988979084663
2014-03-08,0.25721333073128344
2014-03-09,0.29396997858046436
2014-03-10,0.1716404807768813
2014-03-11,0.16246742008549933
2014-03-12,0.5109275566996657
2014-03-13,0.2854916043133983
2014-03-14,0.2219425726441521
2014-03-15,0.3360146743504988
2014-03-16,0.5633726959250991
2014-03-17,0.44712704127909314
2014-03-18,0.42409324366964823
2014-03-19,0.4589045109963435
2014-03-20,0.7849422447049168
2014-03-21,0.8440127572659852
2014-03-22,0.6170107108292673
2014-03-23,0.6924027170064891
2014-03-24,1.0555146815974479
2014-03-25,0.6599531538963862
2014-03-26,1.087760502549387
2014-03-27,1.0330748507771428
2014-03-28,0.8581507949796697
2014-03-29,0.6422881947073867
2014-03-30,0.7761505331795433
2014-03-31,0.36582047489904984
2014-04-01,0.637841550345827
2014-04-02,1.0793494384436793
2014-04-03,0.644507811334165
2014-04-04,0.7478532544314644
2014-04-05,0.30316472065898736
2014-04-06,0.5151389170874908
2014-04-07,1.1298759052782406
2014-04-08,0.6595368910708784
2014-04-09,0.6543255370110987
2014-04-10,0.5512853259835346
2014-04-11,0.6110073449068125
2014-04-12,0.4973142786438174
2014-04-13,0.7724943633447963
2014-04-14,0.5428420215450112
2014-04-15,0.43192068510939846
2014-04-16,0.33267826356380525
2014-04-17,0.44757036171845377
2014-04-18,0.36662255607291994
2014-04-19,0.9802185040977655
2014-04-20,0.8218766184100723
2014-04-21,0.7971702390435763
2014-04-22,0.7915318705724665
2014-04-23,0.597821213712343
2014-04-24,0.9186205087434032
2014-04-25,1.3394276582192424
2014-04-26,0.8632295545273025
2014-04-27,0.7312097490778906
2014-04-28,0.7867701435448367
2014-04-29,0.7438322164706637
2014-04-30,0.6499485142165411
2014-05-01,1.624272662693829
2014-05-02,1.2134303249734277
2014-05-03,0.9307746157532402
2014-05-04,0.7015503671161225
2014-05-05,0.8157318498854367
2014-05-06,2.0486718501306105
2014-05-07,1.0164780772011694
2014-05-08,1.6628778195515381
2014-05-09,1.254069752013206
2014-05-10,1.8121697208218817
2014-05-11,0.683559371881699
2014-05-12,0.9846318095842286
2014-05-13,2.0760651957764913
2014-05-14,1.5786037833703646
2014-05-15,1.4663956225418804
2014-05-16,0.7246813239794128
2014-05-17,0.5246305978702475
2014-05-18,1.2863966869980927
2014-05-19,1.6715559180401673
2014-05-20,1.5401241189546193
2014-05-21,1.9894191377524544
2014-05-22,1.7765664846816203
2014-05-23,2.5293769199136378
2014-05-24,1.4291815184646262
2014-05-25,1.8504033343668205
2014-05-26,1.1563160966312909
2014-05-27,0.5763128355839802
2014-05-28,0.8924957940584901
2014-05-29,0.8592943008770395
2014-05-30,0.6488925614311672
2014-05-31,0.9310414764331533
2014-06-01,0.9982067680898741
2014-06-02,0.8777992522853846
2014-06-03,0.9477259220470022
2014-06-04,0.9417024695459458
2014-06-05,1.381696089460144
2014-06-06,1.5035711494966038
2014-06-07,1.0425180976858062
2014-06-08,1.1613271840607409
2014-06-09,1.2978089651216798
2014-06-10,1.1394801466977487
2014-06-11,1.0384197429699114
2014-06-12,1.1992613800874459
2014-06-13,1.7367686442490713
2014-06-14,1.0926546664111745
2014-06-15,0.8265347834571762
2014-06-16,1.0248042598941944
2014-06-17,0.8415730332640651
2014-06-18,1.4555837740460773
2014-06-19,1.2927121468070444
2014-06-20,0.8853254642019093
2014-06-21,0.7979658776043729
2014-06-22,0.8360569098685348
2014-06-23,1.3403332339199123
2014-06-24,1.6781650418872172
2014-06-25,1.904890384084457
2014-06-26,1.0039561528924803
2014-06-27,0.8859646491148433
2014-06-28,1.6276264478490754
2014-06-29,0.6935408081895741
2014-06-30,1.9482293597928628
2014-07-01,1.4493823304721745
2014-07-02,1.35297825155639
2014-07-03,1.6208490830286018
2014-07-04,1.3738863234513699
2014-07-05,1.814816717063862
2014-07-06,1.5225528605089707
2014-07-07,2.355257144596994
2014-07-08,1.1886772151700626
2014-07-09,1.440038794760305
2014-07-10,1.5367835270047487
2014-07-11,1.4816701746325396
2014-07-12,1.3516941378414586
2014-07-13,1.20671575832313
2014-07-14,1.2651993275464106
2014-07-15,1.324651227695758
2014-07-16,1.572265230771588
2014-07-17,1.8647940480705216
2014-07-18,1.7848263091721008
2014-07-19,1.6625651007748625
2014-07-20,1.6848762780973032
2014-07-21,1.1387790243199156
2014-07-22,0.9736013990679735
2014-07-23,1.4199609424381252
2014-07-24,1.5524071339439973
2014-07-25,2.101652474850995
2014-07-26,1.0129935757667843
2014-07-27,1.6824854464787649
2014-07-28,2.0159011554178017
2014-07-29,1.264208080838711
2014-07-30,0.8316382321766769
2014-07-31,1.965773232824763
2014-08-01,1.6515265253342537
2014-08-02,1.652871709106213
2014-08-03,1.4652500032340268
2014-08-04,1.1540498669282375
2014-08-05,1.4278585934367936
2014-08-06,1.3359361400545493
2014-08-07,1.178406453107563
2014-08-08,1.9675192364196394
2014-08-09,1.2635946857082019
2014-08-10,2.177451010615717
2014-08-11,0.7635896654839086
2014-08-12,0.8252978498305737
2014-08-13,0.868117873496
2014-08-14,1.4870772670206478
2014-08-15,1.1541517247394144
2014-08-16,1.5759656762528216
2014-08-17,1.3128681472081831
2014-08-18,1.8822441685480238
2014-08-19,0.8530810262549371
2014-08-20,1.1935474089432243
2014-08-21,1.3805416761738039
2014-08-22,0.9701436899389335
2014-08-23,1.1330412881889331
2014-08-24,1.0258307200421368
2014-08-25,0.9195327067056122
2014-08-26,0.7916634114401595
2014-08-27,1.356559932038803
2014-08-28,1.1879143609940055
2014-08-29,0.9478316599465201
2014-08-30,1.1955925931553617
2014-08-31,0.6044976677187892
2014-09-01,1.662927523413573
2014-09-02,1.1612688136549372
2014-09-03,0.8113978333282332
2014-09-04,0.8996520279462905
2014-09-05,0.5510231769849757
2014-09-06,1.4570015385515933
2014-09-07,1.30203345673923
2014-09-08,1.0667856358577872
2014-09-09,0.9562446698900234
2014-09-10,0.9817672781462198
2014-09-11,1.0311083142867539
2014-09-12,0.8879900828283962
2014-09-13,1.043977363427787
2014-09-14,0.9090039193244687
2014-09-15,1.227647162661503
2014-09-16,1.1438821039496985
2014-09-17,1.9035258386165903
2014-09-18,1.1763083082946741
2014-09-19,0.9232870209933965
2014-09-20,0.980876962495737
2014-09-21,1.3101664208425652
2014-09-22,1.203176714686747
2014-09-23,0.7372167224987871
2014-09-24,0.8502636106782919
2014-09-25,0.6782460136401512
2014-09-26,0.7667336196797276
2014-09-27,0.658119544767715
2014-09-28,1.1085613747714973
2014-09-29,0.7619099099322918
2014-09-30,0.7446500236578352
2014-10-01,0.9269703537498339
2014-10-02,0.6196350719766764
2014-10-03,0.8188681114439058
2014-10-04,0.7327507559846504
2014-10-05,0.7127399468138272
2014-10-06,1.0043778302138802
2014-10-07,0.8481850445644542
2014-10-08,1.3507661458035878
2014-10-09,1.0017251082663041
2014-10-10,0.9863243783110545
2014-10-11,0.6576780355674375
2014-10-12,1.4912268470886416
2014-10-13,0.5272262908045741
2014-10-14,1.007995449367763
2014-10-15,0.8118857812780631
2014-10-16,0.7873166827542931
2014-10-17,0.8698314302673215
2014-10-18,0.6421816178178038
2014-10-19,0.9198903277223491
2014-10-20,0.772519589612976
2014-10-21,0.9464513016617484
2014-10-22,0.7277768937361125
2014-10-23,0.659413970469584
2014-10-24,0.6051874600543578
2014-10-25,0.49747995778527643
2014-10-26,0.5630510418894401
2014-10-27,0.47612999718953736
2014-10-28,0.31491468035973535
2014-10-29,0.4680494753974569
2014-10-30,0.4594567069086
2014-10-31,0.4357433014330345
2014-11-01,0.6106247724070963
2014-11-02,0.5721254393591093
2014-11-03,0.8937483433565033
2014-11-04,1.037895068513863
2014-11-05,0.25677524030097226
2014-11-06,0.3586482864509421
2014-11-07,0.44453831643665676
2014-11-08,1.0990816505507306
2014-11-09,1.431997707027605
2014-11-10,0.6208758350307325
2014-11-11,0.8500914158061257
2014-11-12,0.9853205369389869
2014-11-13,0.7824377318100629
2014-11-14,0.6665163459549378
2014-11-15,0.5509922567596781
2014-11-16,0.6275236602429897
2014-11-17,1.1478321725705667
2014-11-18,0.4136870971241302
2014-11-19,0.578716329801455
2014-11-20,0.6956214276809204
2014-11-21,0.3094849407967287
2014-11-22,0.43130203256635963
2014-11-23,0.6104377736549452
2014-11-24,0.4823666934692289
2014-11-25,0.4572293306058355
2014-11-26,0.21180196566848714
2014-11-27,0.41034334988384746
2014-11-28,0.34314231854017013
2014-11-29,0.33353286221472267
2014-11-30,0.29470089297117597
2014-12-01,0.2546534082360838
2014-12-02,0.20169528585794566
2014-12-03,0.3041263509505307
2014-12-04,0.3840293463778008
2014-12-05,0.15724673875171186
2014-12-06,0.3470368052560783
2014-12-07,0.38718764220624624
2014-12-08,0.42337389899463307
2014-12-09,0.823717122997449
2014-12-10,0.3258452456557211
2014-12-11,0.3728319780216734
2014-12-12,0.45372927606952485
2014-12-13,0.22670494390681425
2014-12-14,0.24667741783127128
2014-12-15,0.25812031331852314
2014-12-16,0.34216205542744205
2014-12-17,0.5094196661279479
2014-12-18,0.24288129490452934
2014-12-19,0.4725366594079747
2014-12-20,0.5399092644492319
2014-12-21,0.44329806624757845
2014-12-22,0.3170188336474153
2014-12-23,0.4561109311178153
2014-12-24,0.27604452088628584
2014-12-25,0.3141321150271111
2014-12-26,0.40298973148818557
2014-12-27,0.4477749288712273
2014-12-28,0.6668164315191242
2014-12-29,0.32171749122484306
2014-12-30,0.3347815183994613
2014-12-31,0.40240879226717724
2015-01-01,0.3165784878746052
2015-01-02,0.3693096996567282
2015-01-03,0.5667646680272472
2015-01-04,0.8305290766780188
2015-01-05,0.5174336188868922
2015-01-06,0.7180733881218575
2015-01-07,0.1289853609851405
2015-01-08,0.5694874010230707
2015-01-09,0.38564743978406746
2015-01-10,0.42717878333744036
2015-01-11,0.6775133922734198
2015-01-12,0.6286209374268433
2015-01-13,0.917887871360172
2015-01-14,0.4101799317435265
2015-01-15,0.8322933642759219
2015-01-16,0.8427432797473238
2015-01-17,0.1697727843447911
2015-01-18,0.4997233491712737
2015-01-19,0.7475735775074496
2015-01-20,0.503742281443405
2015-01-21,0.802817439665094
2015-01-22,0.6236557506646968
2015-01-23,0.17277283778642052
2015-01-24,0.30408604697127645
2015-01-25,0.2772300552671593
2015-01-26,0.21027896117133008
2015-01-27,0.4734669973066072
2015-01-28,0.5325872623723052
2015-01-29,0.36372494369289377
2015-01-30,0.5374489415421817
2015-01-31,0.4077518515260969
2015-02-01,0.3019040043982339
2015-02-02,0.22462786457344755
2015-02-03,0.5231389741569027
2015-02-04,0.35790148020461776
2015-02-05,0.1097255660727162
2015-02-06,0.13329199891006294
2015-02-07,0.21964481098268374
2015-02-08,0.28558154191702767
2015-02-09,0.09485949107949503
2015-02-10,0.5043244557775626
2015-02-11,0.5693799989053007
2015-02-12,0.34758156600432233
2015-02-13,0.3222723262860321
2015-02-14,0.46988880585156334
2015-02-15,0.43854574721607503
2015-02-16,0.5108488105664059
2015-02-17,0.17816256706519581
2015-02-18,0.2952034293347702
2015-02-19,0.25892603554245075
2015-02-20,0.35053211250204125
2015-02-21,0.5992465001665034
2015-02-22,0.21564788190386203
2015-02-23,0.690153360572089
2015-02-24,0.2841649755340012
2015-02-25,0.5989220284881099
2015-02-26,0.5668024948388527
2015-02-27,0.5922592379867881
2015-02-28,0.6322118647022562
2015-03-01,0.6234844957888617
2015-03-02,0.37861089196986497
2015-03-03,0.9849948033639679
2015-03-04,0.41394904051406933
2015-03-05,0.376953194315379
2015-03-06,0.3386769055708852
2015-03-07,0.36578197216087666
2015-03-08,0.1787052565822673
2015-03-09,0.15419523577238362
2015-03-10,0.13843444537644764
2015-03-11,0.336388962223068
2015-03-12,0.22366790293208194
2015-03-13,0.2064493265663337
2015-03-14,0.12834275570506973
2015-03-15,0.2642597663830659
2015-03-16,0.27826063390167577
2015-03-17,0.21106934210014527
2015-03-18,0.15781673333550836
2015-03-19,0.26434762598204087
2015-03-20,0.1699475953039679
2015-03-21,0.27363634979494894
2015-03-22,0.7185522068474184
2015-03-23,0.5593254842430117
2015-03-24,0.5421770447002751
2015-03-25,0.48069864747443075
2015-03-26,0.7282490143982078
2015-03-27,0.6147668663114338
2015-03-28,0.5421152023412066
2015-03-29,0.5812804672665882
2015-03-30,1.043341327597741
2015-03-31,1.2002331876599732
2015-04-01,0.4977288827953542
2015-04-02,0.19202874151979793
2015-04-03,1.313372709041423
2015-04-04,0.5486437365124828
2015-04-05,0.38790744315573555
2015-04-06,0.44694980584187416
2015-04-07,0.4610440874996091
2015-04-08,0.41069376119535544
2015-04-09,0.32754720153021716
2015-04-10,0.7176170541446742
2015-04-11,0.35128980355498884
2015-04-12,0.573337712797253
2015-04-13,0.6084451905151685
2015-04-14,0.7444928713317427
2015-04-15,0.8890185342037841
2015-04-16,1.1680642285502676
2015-04-17,0.2095846542427689
2015-04-18,0.6394737067794366
2015-04-19,1.007961448631901
2015-04-20,0.6606164898852968
2015-04-21,0.7938761517741545
2015-04-22,0.8885017391223488
2015-04-23,1.0300409005789246
2015-04-24,0.897432357450873
2015-04-25,1.1079895997508864
2015-04-26,1.5020195358335549
2015-04-27,1.1995496527614669
2015-04-28,0.7517417444788186
2015-04-29,1.932676228755227
2015-04-30,2.140583985625307
2015-05-01,0.7173901333000691
2015-05-02,2.238042989488085
2015-05-03,0.9800926577421031
2015-05-04,1.464539907786594
2015-05-05,2.351470445172276
2015-05-06,1.6690313949223359
2015-05-07,1.4918790600300897
2015-05-08,1.9969214985989532
2015-05-09,1.7706762935555052
2015-05-10,1.7713245174947903
2015-05-11,1.7200516702136806
2015-05-12,2.4304430554204077
2015-05-13,2.375529209249652
2015-05-14,1.5578723565176753
2015-05-15,0.7631753986796523
2015-05-16,1.0681195290472716
2015-05-17,1.4893811097739065
2015-05-18,2.785674563629001
2015-05-19,0.8185799627587974
2015-05-20,0.8415977518904867
2015-05-21,0.8400578321574711
2015-05-22,0.46338311282824024
2015-05-23,0.5574910776276184
2015-05-24,0.9010640549140528
2015-05-25,0.8809417260265441
2015-05-26,1.35033970394005
2015-05-27,1.5475748685769377
2015-05-28,1.6991374390970242
2015-05-29,2.1549573496345764
2015-05-30,1.3518166878832498
2015-05-31,1.1730184390399714
2015-06-01,2.6294771024745893
2015-06-02,1.5014936625364412
2015-06-03,1.5333513314860199
2015-06-04,1.7455155687426505
2015-06-05,1.939017462571588
2015-06-06,1.4589535097488113
2015-06-07,1.2440919015354628
2015-06-08,1.741393570786084
2015-06-09,1.0276184258880583
2015-06-10,1.7823622230891787
2015-06-11,2.7416946629237233
2015-06-12,2.235336264767307
2015-06-13,2.386848463590773
2015-06-14,1.8395904219754171
2015-06-15,0.5361138295312725
2015-06-16,1.0933847983056075
2015-06-17,1.5561282138944212
2015-06-18,1.4146005539861946
2015-06-19,1.151348049083484
2015-06-20,0.9745408585009405
2015-06-21,1.006478491363223
2015-06-22,2.1287901945984364
2015-06-23,1.7948716258847184
2015-06-24,1.5681777546955629
2015-06-25,1.406474540616535
2015-06-26,1.4776684148599413
2015-06-27,1.4136894324514668
2015-06-28,2.4528320617973924
2015-06-29,1.669391073815036
2015-06-30,1.4826921929812364
2015-07-01,1.770118293843168
2015-07-02,1.6187372730544431
2015-07-03,2.1760178032757045
2015-07-04,1.8582426941754973
2015-07-05,2.3310097914988197
2015-07-06,3.194328980377638
2015-07-07,2.49825733957921
2015-07-08,1.5450902782912823
2015-07-09,1.6584989228919025
2015-07-10,1.9843263761870797
2015-07-11,1.6496725368675138
2015-07-12,1.5547247305962675
2015-07-13,1.4704361464192017
2015-07-14,1.6757603671623917
2015-07-15,1.9362322043284899
2015-07-16,2.3580123110417506
2015-07-17,1.7413473617463502
2015-07-18,2.726171652711906
2015-07-19,2.724369595414983
2015-07-20,2.1537880923193944
2015-07-21,2.5509928832136906
2015-07-22,1.884931763215656
2015-07-23,2.8212963326144185
2015-07-24,3.169157236251991
2015-07-25,1.9671182334249093
2015-07-26,1.9627613805926714
2015-07-27,2.3336503679721488
2015-07-28,1.4391680406114535
2015-07-29,1.6168065695119571
2015-07-30,1.070151237644024
2015-07-31,1.7589459764087254
2015-08-01,0.8832378199105525
2015-08-02,1.665099778413665
2015-08-03,2.0089126146051597
2015-08-04,1.638898669911749
2015-08-05,2.5261579411926705
2015-08-06,1.808791555604039
2015-08-07,1.757925091743
2015-08-08,2.4141145372185466
2015-08-09,1.9697302993873247
2015-08-10,1.2668238598127826
2015-08-11,2.3099669327693633
2015-08-12,1.9486401824427695
2015-08-13,2.6405357070574738
2015-08-14,1.5241438676504897
2015-08-15,1.2547611033151296
2015-08-16,0.6715964294750185
2015-08-17,1.0782617141316186
2015-08-18,1.3184962998076741
2015-08-19,1.102478177769704
2015-08-20,1.5713284955458595
2015-08-21,1.3245525233047075
2015-08-22,1.4523458930157622
2015-08-23,1.9723118009058465
2015-08-24,2.8831668501078993
2015-08-25,1.1675048127298797
2015-08-26,1.8084862304994118
2015-08-27,2.314891140207631
2015-08-28,1.6423980896828914
2015-08-29,1.5021721171495477
2015-08-30,1.4564854525575381
2015-08-31,2.1950187343853567
2015-09-01,2.048101491328959
2015-09-02,0.9531649110741063
2015-09-03,1.1696948028527172
2015-09-04,1.6719760767739775
2015-09-05,0.3567166762495715
2015-09-06,1.1403230189592621
2015-09-07,0.8469587713091368
2015-09-08,1.2381942449928374
2015-09-09,1.7490737474843818
2015-09-10,1.048841824910855
2015-09-11,1.8970668886663276
2015-09-12,2.2903413994064996
2015-09-13,1.8124051440227633
2015-09-14,0.9840990416184626
2015-09-15,1.3716720556397912
2015-09-16,3.220750972287416
2015-09-17,2.411176909290739
2015-09-18,0.693182691159274
2015-09-19,1.0730111075082347
2015-09-20,1.3278215505773334
2015-09-21,1.0361748543547173
2015-09-22,0.8669796072932238
2015-09-23,0.6175816860542802
2015-09-24,0.8523032641632504
2015-09-25,1.077036690936336
2015-09-26,0.96523714077997
2015-09-27,0.9889989080853289
2015-09-28,0.8316895061533419
2015-09-29,1.197612675525986
2015-09-30,0.8470007845618169
2015-10-01,1.5525963104776865
2015-10-02,1.1596424937568406
2015-10-03,1.2892261892976005
2015-10-04,0.7799765491226327
2015-10-05,1.0830610498317081
2015-10-06,1.351371947266438
2015-10-07,0.4785919016012681
2015-10-08,0.38700441384576706
2015-10-09,1.0860934365699744
2015-10-10,0.7928108289697249
2015-10-11,0.9867128495370364
2015-10-12,0.9817613872896573
2015-10-13,0.26528625558500046
2015-10-14,0.34827798497040285
2015-10-15,0.23158997082949917
2015-10-16,0.19259361332493352
2015-10-17,0.31389566791226925
2015-10-18,0.6354259725872448
2015-10-19,0.23569542136458227
2015-10-20,0.8167869805287524
2015-10-21,0.7091198583525582
2015-10-22,0.6221073971326994
2015-10-23,0.4762532812109077
2015-10-24,0.8428707305395018
2015-10-25,0.371115196654909
2015-10-26,0.8979196616362113
2015-10-27,0.9909553136349013
2015-10-28,0.8024409458245181
2015-10-29,0.30108291954422756
2015-10-30,0.6262089394685789
2015-10-31,1.1232187296963176
2015-11-01,0.9561184901157568
2015-11-02,1.0614663148559091
2015-11-03,0.8505644399080455
2015-11-04,0.3636668407853097
2015-11-05,0.29852756647672746
2015-11-06,0.46939883027390006
2015-11-07,0.44904068119622464
2015-11-08,0.5305338338108985
2015-11-09,0.4702085440094791
2015-11-10,0.3476173580843028
2015-11-11,0.4141374233652506
2015-11-12,0.24703377427607678
2015-11-13,0.4310729057665567
2015-11-14,0.49752511490127194
2015-11-15,0.32901346158332767
2015-11-16,0.402340568196835
2015-11-17,0.5142302217113882
2015-11-18,0.6509492523584189
2015-11-19,0.3871940373170777
2015-11-20,0.13703538342547927
2015-11-21,0.35263745495547344
2015-11-22,0.48070261485716015
2015-11-23,0.3739656340223995
2015-11-24,0.40243114225524235
2015-11-25,0.33183502633942663
2015-11-26,0.2734442684609163
2015-11-27,0.3044949870034683
2015-11-28,0.24929210816138603
2015-11-29,0.34454699729705474
2015-11-30,0.27741816705241623
2015-12-01,0.047094511214249526
2015-12-02,0.6355834857809953
2015-12-03,0.7546364479508358
2015-12-04,0.4263392790131171
2015-12-05,0.16849069041308645
2015-12-06,0.15922887956309625
2015-12-07,0.13174141074769838
2015-12-08,0.2583334530175923
2015-12-09,0.09816737092167818
2015-12-10,0.46187518450607545
2015-12-11,0.3273549799995373
2015-12-12,0.15812590927593306
2015-12-13,0.10273619493306332
2015-12-14,0.10230060032600422
2015-12-15,0.1623271922785683
2015-12-16,0.08941515209248767
2015-12-17,0.3616388062874219
2015-12-18,0.18354805595368637
2015-12-19,0.17949192455695961
2015-12-20,0.32067535054885177
2015-12-21,0.162411657349859
2015-12-22,0.2904289102506076
2015-12-23,0.13685469025742827
2015-12-24,0.15968708544817134
2015-12-25,0.21829208666197908
2015-12-26,0.23944384727079177
2015-12-27,0.14175397289915026
2015-12-28,0.4391190643492737
2015-12-29,0.409194825481345
2015-12-30,0.3137924615901821
2015-12-31,0.14035520675023067
2016-01-01,0.2869785994151581
2016-01-02,0.22072515975838067
2016-01-03,0.41513521078335774
2016-01-04,0.3055065230654498
2016-01-05,0.22672100143765503
2016-01-06,0.3241471715723764
2016-01-07,0.2601649004167044
2016-01-08,0.2629661598515023
2016-01-09,0.2510976469275373
2016-01-10,0.4415060572741252
2016-01-11,0.3551273861137974
2016-01-12,0.20802498978516087
2016-01-13,0.12009636557471483
2016-01-14,0.33263952771193855
2016-01-15,0.24871463337493552
2016-01-16,0.2544083860159451
2016-01-17,0.2128432766036655
2016-01-18,0.4003576383188091
2016-01-19,0.18555539753736086
2016-01-20,0.10109371019620358
2016-01-21,0.3804298847820352
2016-01-22,0.5352739118946206
2016-01-23,0.5364945939677302
2016-01-24,0.347870140496515
2016-01-25,0.5575400401496929
2016-01-26,0.3071931355735909
2016-01-27,0.35202325799602996
2016-01-28,0.22790753132674046
2016-01-29,0.18805838130793065
2016-01-30,0.3290198782871692
2016-01-31,0.08047167205394279
2016-02-01,0.44536193164198756
2016-02-02,0.24986801068749917
2016-02-03,0.2708005026441065
2016-02-04,0.3982329686601131
2016-02-05,0.35992316448053896
2016-02-06,1.0226373951130863
2016-02-07,0.9064994746310147
2016-02-08,0.7855883720341127
2016-02-09,0.764712115234632
2016-02-10,0.47372051997724424
2016-02-11,0.7966447605857515
2016-02-12,0.7594884568855327
2016-02-13,0.3244202020015293
2016-02-14,0.4554896652684011
2016-02-15,0.4812162092386728
2016-02-16,0.19558006246946716
2016-02-17,0.3626734482519623
2016-02-18,0.3321635860110755
2016-02-19,0.42263688014656353
2016-02-20,0.2690343873209382
2016-02-21,0.5450742130985765
2016-02-22,0.4721256508766242
2016-02-23,0.4129578806439152
2016-02-24,0.6858323040316617
2016-02-25,0.3775479470497421
2016-02-26,0.7416910317045712
2016-02-27,0.3387803803530441
2016-02-28,0.38671549316653375
2016-02-29,0.5429523153548372
2016-03-01,0.23751035969100076
2016-03-02,0.7199058372578908
2016-03-03,0.792524989445759
2016-03-04,1.1193744039503528
2016-03-05,0.2460007336569387
2016-03-06,0.6778825172605576
2016-03-07,0.6093999506445664
2016-03-08,0.5363891961014939
2016-03-09,0.6298185675708362
2016-03-10,0.49730813308988736
2016-03-11,0.4853480195586984
2016-03-12,0.36779893190660756
2016-03-13,0.3136948483701213
2016-03-14,0.2890984162903833
2016-03-15,0.40757231055053167
2016-03-16,0.47699206082786805
2016-03-17,0.3919942625618635
2016-03-18,0.16743900798850617
2016-03-19,0.26025180725230107
2016-03-20,0.2682982335318321
2016-03-21,0.3765113428222882
2016-03-22,0.36183576064382966
2016-03-23,0.1559976486211624
2016-03-24,0.43053728153192666
2016-03-25,0.2972609787236896
2016-03-26,1.0958979715700237
2016-03-27,0.5545101484655798
2016-03-28,0.9167092979136486
2016-03-29,0.494269605104697
2016-03-30,0.6140912908514834
2016-03-31,1.1581123288785622
2016-04-01,1.2639875021088505
2016-04-02,1.3009424262673035
2016-04-03,1.2486037801209313
2016-04-04,1.7417082458561943
2016-04-05,1.4294039348893979
2016-04-06,0.8974390180796168
2016-04-07,0.9711138904819809
2016-04-08,0.3276066211195117
2016-04-09,0.13912825451438143
2016-04-10,1.4916324940300896
2016-04-11,1.68866518754071
2016-04-12,1.4043546906804532
2016-04-13,1.2357483806441656
2016-04-14,1.0543953759043754
2016-04-15,1.7979294935723604
2016-04-16,1.4234287404710084
2016-04-17,1.1406851674050194
2016-04-18,0.6970170368967148
2016-04-19,1.6030004063898844
2016-04-20,1.3208015268582673
2016-04-21,1.571480111379301
2016-04-22,1.1109507952297113
2016-04-23,0.8283745302268366
2016-04-24,0.8408735315808693
2016-04-25,1.0321260352216215
2016-04-26,1.165980814834553
2016-04-27,1.1045703320834093
2016-04-28,0.5518271654617727
2016-04-29,1.0756814443370868
2016-04-30,0.8214070449437537
2016-05-01,0.4614813442093947
2016-05-02,0.6306396685034893
2016-05-03,0.8434771031329062
2016-05-04,1.2443384716827306
2016-05-05,1.6662916203186078
2016-05-06,1.3550270246886233
2016-05-07,2.2341081211256055
2016-05-08,2.0878264900832946
2016-05-09,1.9933924960531295
2016-05-10,2.1857332988668907
2016-05-11,1.520755635537907
2016-05-12,0.2707998879927742
2016-05-13,0.235192904834838
2016-05-14,1.4913249215511664
2016-05-15,1.588578319492575
2016-05-16,1.0826015594447524
2016-05-17,1.2897508518989065
2016-05-18,1.92087850558823
2016-05-19,0.5560992850701263
2016-05-20,2.602397035209596
2016-05-21,2.572391714807432
2016-05-22,3.4378360347158594
2016-05-23,0.7372360391815187
2016-05-24,1.2818099992519345
2016-05-25,3.1372440058925513
2016-05-26,1.8177812145153989
2016-05-27,2.8384876980607956
2016-05-28,2.698358864526026
2016-05-29,1.7335559419150626
2016-05-30,1.1523058664542736
2016-05-31,1.577294740774321
2016-06-01,0.9732222594884135
2016-06-02,1.7157289944030762
2016-06-03,1.2704050639353293
2016-06-04,0.66635439572164
2016-06-05,1.3999386369867377
2016-06-06,1.924621173646762
2016-06-07,2.2440384688748787
2016-06-08,1.4838904652856015
2016-06-09,0.8078499700434973
2016-06-10,1.9335662959722193
2016-06-11,1.1878333882702978
2016-06-12,1.669029267532056
2016-06-13,1.660851334516626
2016-06-14,1.5615923975133257
2016-06-15,1.6757078424441443
2016-06-16,0.47464026487238853
2016-06-17,1.00602902027496
2016-06-18,2.0895624055585644
2016-06-19,1.284595313590333
2016-06-20,1.1333036731794954
2016-06-21,1.0957484995015514
2016-06-22,1.5120815096639078
2016-06-23,1.2655361928189344
2016-06-24,1.6084335104660437
2016-06-25,2.245922927342693
2016-06-26,0.5414629531294614
2016-06-27,1.633141437253436
2016-06-28,1.5125801296249237
2016-06-29,1.7911150528010515
2016-06-30,1.8433546686378948
2016-07-01,1.1558563555222747
2016-07-02,1.1491936689544409
2016-07-03,1.4102994299651164
2016-07-04,0.9568505850751209
2016-07-05,1.1938427665163434
2016-07-06,1.481701121007683
2016-07-07,1.7553683570208076
2016-07-08,1.2044133693950716
2016-07-09,1.2330645469793542
2016-07-10,1.7180308986657922
2016-07-11,2.076572149662338
2016-07-12,1.4540853480017693
2016-07-13,0.6069710129929188
2016-07-14,1.2749222567997136
2016-07-15,1.1000226744377286
2016-07-16,1.3233128123976523
2016-07-17,1.1187260349124308
2016-07-18,1.0772961383710224
2016-07-19,1.0260262023327387
2016-07-20,1.212455290211128
2016-07-21,2.0673189923092363
2016-07-22,1.4567090985953648
2016-07-23,1.5062114559876532
2016-07-24,1.4936539878616233
2016-07-25,1.039840955570002
2016-07-26,1.5639918611450607
2016-07-27,1.3272674372577218
2016-07-28,1.6397790077699341
2016-07-29,1.356494011325347
2016-07-30,1.5596516052183045
2016-07-31,1.0170098573587314
2016-08-01,1.4141345394122755
2016-08-02,1.4003986004273696
2016-08-03,1.4493852476381075
2016-08-04,2.218533754760572
2016-08-05,0.7046516253837853
2016-08-06,1.4971105088562326
2016-08-07,1.0698590565056758
2016-08-08,1.0920671180457133
2016-08-09,0.7437101353733155
2016-08-10,1.2378409115464772
2016-08-11,1.2847452287822083
2016-08-12,0.5150685343469878
2016-08-13,1.3016245237933026
2016-08-14,1.3261524996712704
2016-08-15,1.5333233963968746
2016-08-16,1.2474826508908334
2016-08-17,1.0014283674844768
2016-08-18,1.547878772033059
2016-08-19,1.6305287635687264
2016-08-20,0.9559485471489657
2016-08-21,1.824309563594994
2016-08-22,1.039223080654722
2016-08-23,0.9759935488716591
2016-08-24,0.9123524742059008
2016-08-25,1.5493172106553115
2016-08-26,1.3625615322444204
2016-08-27,1.2873569453981037
2016-08-28,1.1350221587411664
2016-08-29,1.0860558109342753
2016-08-30,1.2689534333783108
2016-08-31,1.0789295507112753
2016-09-01,1.1857722096214398
2016-09-02,1.1439523201722657
2016-09-03,1.3641248696203152
2016-09-04,1.0488572413302901
2016-09-05,0.7921468806300694
2016-09-06,1.6263992048256495
2016-09-07,1.5893930353661583
2016-09-08,1.0119557328905973
2016-09-09,1.0875623016527682
2016-09-10,0.7668369069700836
2016-09-11,1.3828866780935114
2016-09-12,1.566228540248379
2016-09-13,1.0522032263054926
2016-09-14,1.067458809493614
2016-09-15,0.795982274478314
2016-09-16,1.0853443511807426
2016-09-17,0.6366209681235815
2016-09-18,0.6443206074496717
2016-09-19,0.17044363095426804
2016-09-20,0.7208631638417213
2016-09-21,0.8218275303381257
2016-09-22,0.9552945577115635
2016-09-23,0.7596223396741975
2016-09-24,0.8063397582118884
2016-09-25,0.7667532222304453
2016-09-26,1.019603283637605
2016-09-27,0.9858186019617217
2016-09-28,0.9620694520238572
2016-09-29,1.0111635332819806
2016-09-30,0.6993833449269956
2016-10-01,0.7415721848673023
2016-10-02,0.7268229707616468
2016-10-03,1.0046567950871839
2016-10-04,0.6638569901805133
2016-10-05,0.6431538689715058
2016-10-06,0.4272263262964118
2016-10-07,0.5549051599209903
2016-10-08,0.7743114258410844
2016-10-09,0.7839537308309779
2016-10-10,0.6054370299321505
2016-10-11,0.6876075489220825
2016-10-12,0.6513113458896858
2016-10-13,0.37428667159711226
2016-10-14,1.0459038873432152
2016-10-15,0.5564298981097009
2016-10-16,0.710061466204777
2016-10-17,0.5356222751465984
2016-10-18,0.5778404808591748
2016-10-19,0.5343448327323334
2016-10-20,0.48439693411700363
2016-10-21,0.35883370511308577
2016-10-22,0.5290928910959171
2016-10-23,0.39179542159351394
2016-10-24,0.735145267748175
2016-10-25,0.28167541559534937
2016-10-26,0.33226057456262925
2016-10-27,0.699720616568781
2016-10-28,0.5107021386440277
2016-10-29,0.37189060858534284
2016-10-30,0.428939206961945
2016-10-31,0.3544207380308373
2016-11-01,0.5261259587996967
2016-11-02,0.47423228256026456
2016-11-03,0.4398892775803527
2016-11-04,0.3452387550688625
2016-11-05,0.45007047622730706
2016-11-06,0.32534006957787426
2016-11-07,0.36762214596486653
2016-11-08,0.6512926153540689
2016-11-09,0.5586490481810981
2016-11-10,0.5197942919355939
2016-11-11,0.669200315663144
2016-11-12,0.4774718226974423
2016-11-13,0.3890703669056339
2016-11-14,0.23509194619066692
2016-11-15,0.48499055856377776
2016-11-16,0.3116604880968993
2016-11-17,0.5281701794832607
2016-11-18,0.3897697634807327
2016-11-19,0.30787984331568524
2016-11-20,0.8437331525589453
2016-11-21,0.5595884541952184
2016-11-22,0.6717765260926746
2016-11-23,0.4985429160830331
2016-11-24,0.5062830009642196
2016-11-25,0.3167996886039716
2016-11-26,0.20786731341035458
2016-11-27,0.2752469693238921
2016-11-28,0.13997416286026468
2016-11-29,0.1978823878288234
2016-11-30,0.08196322890729828
2016-12-01,0.093666247777745
2016-12-02,0.06872064657766426
2016-12-03,0.16985455879185543
2016-12-04,0.1584458226501605
2016-12-05,0.08397771953112991
2016-12-06,0.12782597187660114
2016-12-07,0.15724711095876373
2016-12-08,0.0951306462978952
2016-12-09,0.08942305483393272
2016-12-10,0.09180131089669241
2016-12-11,0.17545187472106824
2016-12-12,0.15930620807277845
2016-12-13,0.09719086559525453
2016-12-14,0.09463511882701964
2016-12-15,0.1644451463020826
2016-12-16,0.099545119705520907
2016-12-17,0.13216168742006362
2016-12-18,0.08348139779155969
2016-12-19,0.29285322577092454
2016-12-20,0.14624141032561047
2016-12-21,0.08918100589942439
2016-12-22,0.06232950078988001
2016-12-23,0.10312902569791894
2016-12-24,0.13422126019114913
2016-12-25,0.19710547017743338
2016-12-26,0.2480566377983547
2016-12-27,0.2832880027292234
2016-12-28,0.1418566424675861
2016-12-29,0.11421937564938481
2016-12-30,0.06984023723371
2016-12-31,0.09135933310970015
2017-01-01,0.14233369165172827
2017-01-02,0.25185419842094076
2017-01-03,0.4204267657075045
2017-01-04,0.48969511744481853
2017-01-05,0.5799130668878029
2017-01-06,0.17844041696735383
2017-01-07,0.3027109405584967
2017-01-08,0.24110613195010785
2017-01-09,0.2263402170423658
2017-01-10,0.3011834986309426
2017-01-11,0.34281605392202597
2017-01-12,0.6541272777063943
2017-01-13,0.8056861478700997
2017-01-14,0.371600719773133
2017-01-15,0.27547502098531457
2017-01-16,0.219229528914746
2017-01-17,0.12494192601842362
2017-01-18,0.183822023689717
2017-01-19,0.43802660127203696
2017-01-20,0.4743173308612335
2017-01-21,0.6138325651263802
2017-01-22,0.46254888998169563
2017-01-23,0.2898075648509646
2017-01-24,0.14178229521488053
2017-01-25,0.184047210920226
2017-01-26,0.32848828194356394
2017-01-27,0.2457244891637548
2017-01-28,0.2615004233006868
2017-01-29,0.13882301285349002
2017-01-30,0.22616262351404334
2017-01-31,0.12473174689148891
2017-02-01,0.20848529827886592
2017-02-02,0.6893453543713874
2017-02-03,0.41528914606114836
2017-02-04,0.4067041578690151
2017-02-05,0.21290582183119494
2017-02-06,0.30065993720701656
2017-02-07,0.3933366587649062
2017-02-08,0.21851120152420161
2017-02-09,0.42575412831308024
2017-02-10,0.2703683338794019
2017-02-11,0.4630000657312397
2017-02-12,0.2999420070023136
2017-02-13,0.27887894690377146
2017-02-14,0.29387156597605596
2017-02-15,0.18019517775593163
2017-02-16,0.1167623915491194
2017-02-17,0.27299462459124707
2017-02-18,0.44727031448514604
2017-02-19,0.21439048425237647
2017-02-20,0.17526112117934314
2017-02-21,0.3684574701992549
2017-02-22,0.5455798669669081
2017-02-23,0.49531705906243373
2017-02-24,0.5336614839917061
2017-02-25,0.5281085173906535
2017-02-26,0.2218944392852395
2017-02-27,0.5980400517328798
2017-02-28,0.7187814078744694
2017-03-01,1.3923414530871188
2017-03-02,0.5618062249061949
2017-03-03,1.080158136125329
2017-03-04,0.6558088150523353
2017-03-05,1.1719926726566359
2017-03-06,1.1506912063538166
2017-03-07,0.9135973430343448
2017-03-08,1.2265569476683416
2017-03-09,0.277032774460694
2017-03-10,1.5979615279258288
2017-03-11,1.0375694561681061
2017-03-12,0.5120581029512424
2017-03-13,0.32602426317889127
2017-03-14,0.3605413626234874
2017-03-15,0.202088576338515
2017-03-16,0.2527727263246194
2017-03-17,0.24926934055316993
2017-03-18,0.22122702484543466
2017-03-19,0.5119698452666617
2017-03-20,0.4430760022695417
2017-03-21,0.3669230784143285
2017-03-22,0.16979825428565934
2017-03-23,0.7411584343144747
2017-03-24,0.5760262924897791
2017-03-25,0.8998911372049498
2017-03-26,0.17358585325193074
2017-03-27,0.5668230951248544
2017-03-28,0.38721961730950855
2017-03-29,0.6033823717720666
2017-03-30,0.5728590636771731
2017-03-31,0.9241494453359484
2017-04-01,1.0421097213576436
2017-04-02,0.7084493658312427
2017-04-03,0.6559958038732443
2017-04-04,0.5424237678468945
2017-04-05,0.38327338048582404
2017-04-06,0.3950519651286894
2017-04-07,0.495543069618086
2017-04-08,0.5850773506171216
2017-04-09,0.7231593067903951
2017-04-10,0.744903154647762
2017-04-11,0.5576849810606539
2017-04-12,0.6836711394484237
2017-04-13,0.6942174524120537
2017-04-14,0.7627505505914105
2017-04-15,0.6260552032277191
2017-04-16,0.9503501889727696
2017-04-17,1.3000591849369854
2017-04-18,1.0942663173459182
2017-04-19,0.5921699599767335
2017-04-20,0.4754647216940809
2017-04-21,0.5168470210558275
2017-04-22,0.4917678428620196
2017-04-23,0.8939288251025961
2017-04-24,0.9034364135941574
2017-04-25,0.8859742172565
2017-04-26,0.34170658639916734
2017-04-27,0.34297765102758243
2017-04-28,0.516080818427161
2017-04-29,1.1182347012429377
2017-04-30,1.3140689980913796
2017-05-01,0.37313381407100904
2017-05-02,1.851944356095416
2017-05-03,1.0423786424320982
2017-05-04,0.6578396020499571
2017-05-05,0.8359813250415868
2017-05-06,1.1203569512937772
2017-05-07,0.573357123362079
2017-05-08,0.5447441120285782
2017-05-09,1.1624933659182763
2017-05-10,1.6818074375618675
2017-05-11,1.2843348315395233
2017-05-12,1.2371589247436507
2017-05-13,1.4365066912591444
2017-05-14,0.8440880697509036
2017-05-15,1.50513749561348
2017-05-16,1.3928766235126078
2017-05-17,1.39202284635738
2017-05-18,1.6059533426788024
2017-05-19,1.0458510132718695
2017-05-20,0.7775412488355438
2017-05-21,0.902542114670292
2017-05-22,1.305125802682675
2017-05-23,1.4852728992532913
2017-05-24,1.3860663884815427
2017-05-25,1.6890563144395838
2017-05-26,1.2196165962292687
2017-05-27,1.2370708232225172
2017-05-28,1.3004776241689149
2017-05-29,1.3697671607748367
2017-05-30,1.1617581048966272
2017-05-31,1.1167005716744918
2017-06-01,1.2620494278729766
2017-06-02,1.2006517434431536
2017-06-03,1.1493416012418998
2017-06-04,1.2591619591293828
2017-06-05,1.2284519020112543
2017-06-06,1.3160601737862958
2017-06-07,1.1228501831096052
2017-06-08,0.9971932257051823
2017-06-09,0.9141306498605868
2017-06-10,1.0065731175121295
2017-06-11,1.0937468531362449
2017-06-12,1.0526711818692704
2017-06-13,1.466097711961255
2017-06-14,0.942698931556874
2017-06-15,1.326461726301913
2017-06-16,1.377550927872388
2017-06-17,1.4178682847537194
2017-06-18,1.0036380367698376
2017-06-19,1.123857644282421
2017-06-20,1.035367936053816
2017-06-21,1.3844294450185228
2017-06-22,1.3066945050564711
2017-06-23,0.9830322527633812
2017-06-24,1.7486108400419242
2017-06-25,1.5148151171211859
2017-06-26,1.7623161539053913
2017-06-27,2.1000471126050786
2017-06-28,0.8531805132710927
2017-06-29,1.8512613367789135
2017-06-30,2.4491365707242236
2017-07-01,1.1009700696309501
2017-07-02,0.7164600426855496
2017-07-03,1.6253572135205838
2017-07-04,1.5123758546919535
2017-07-05,1.4997555276208956
2017-07-06,1.6615051313430376
2017-07-07,1.2786072814376575
2017-07-08,1.1876948695455396
2017-07-09,2.3348448121138485
2017-07-10,1.7217207777768837
2017-07-11,2.5238359616168813
2017-07-12,1.6878756410223883
2017-07-13,2.1178022551213393
2017-07-14,2.1013037909396024
2017-07-15,1.959839540107204
2017-07-16,1.4696293840208452
2017-07-17,0.9619813458038555
2017-07-18,1.929981934615461
2017-07-19,2.0724158898733505
2017-07-20,1.40137299548644
2017-07-21,1.500038619442813
2017-07-22,2.07703563396561
2017-07-23,2.134842599291706
2017-07-24,1.6841212741255989
2017-07-25,1.3845687968009095
2017-07-26,1.4851255367159013
2017-07-27,1.2137630745098178
2017-07-28,1.8503793574923233
2017-07-29,1.9142093331268775
2017-07-30,1.690901556432835
2017-07-31,1.6597007952063305
2017-08-01,2.4611406900041475
2017-08-02,1.5057549367745369
2017-08-03,1.783714052666176
2017-08-04,1.6488643258658031
2017-08-05,2.3567837894849197
2017-08-06,0.6681354021742785
2017-08-07,2.2735092215405053
2017-08-08,1.719609597728074
2017-08-09,2.456741541952289
2017-08-10,0.8784727785952645
2017-08-11,0.7669538556623491
2017-08-12,1.1282964632098405
2017-08-13,2.0864143429472986
2017-08-14,2.0397222806723794
2017-08-15,1.530295714214641
2017-08-16,1.1322580082495408
2017-08-17,1.513618436589404
2017-08-18,1.9725682881677218
2017-08-19,1.4153956650842254
2017-08-20,1.4765144629829332
2017-08-21,1.4418795044093282
2017-08-22,1.3976481087080563
2017-08-23,1.1459424385308263
2017-08-24,1.641698009804982
2017-08-25,1.4934561815681584
2017-08-26,1.5697750760930318
2017-08-27,1.1513738655840124
2017-08-28,1.272718475454419
2017-08-29,1.1130262140746847
2017-08-30,1.3253347138779341
2017-08-31,1.0930720374055949
2017-09-01,0.8537643286527564
2017-09-02,0.4432703283093396
2017-09-03,1.1373910616778604
2017-09-04,1.0275496482646007
2017-09-05,1.1238147706041801
2017-09-06,1.0959313546616194
2017-09-07,1.3518043645019202
2017-09-08,1.4558685508619833
2017-09-09,0.6502570091902892
2017-09-10,0.5080562235001868
2017-09-11,1.2986393671105576
2017-09-12,1.0669725776946544
2017-09-13,1.1689948526647709
2017-09-14,0.7464881984476036
2017-09-15,0.800417712299648
2017-09-16,1.3665484862825454
2017-09-17,1.3409642677666453
2017-09-18,1.3085396276701613
2017-09-19,0.9869596096235899
2017-09-20,1.27842855643224
2017-09-21,0.8749640044639906
2017-09-22,0.7337535574286772
2017-09-23,0.6377840202590934
2017-09-24,1.2339822300186412
2017-09-25,0.9342432973940564
2017-09-26,1.1696111885236444
2017-09-27,0.9291951267470755
2017-09-28,0.8331149328213993
2017-09-29,0.6762779625924722
2017-09-30,0.9097904230618699
2017-10-01,1.1640085628074428
2017-10-02,0.6125282898980132
2017-10-03,1.1685204913087408
2017-10-04,0.8993986625087182
2017-10-05,0.9057520240957249
2017-10-06,0.9281868526453763
2017-10-07,0.726262128516215
2017-10-08,0.8774614879096152
2017-10-09,0.7840519321205107
2017-10-10,0.581918813622547
2017-10-11,0.7356069919734308
2017-10-12,0.6788265399698649
2017-10-13,0.7296999290906216
2017-10-14,0.5043277985962531
2017-10-15,0.7570036400555501
2017-10-16,0.6418694264052454
2017-10-17,0.6087580877533993
2017-10-18,1.0346695007417417
2017-10-19,0.5058363708599767
2017-10-20,0.658099969960587
2017-10-21,0.6372286243066758
2017-10-22,0.8155354483748337
2017-10-23,0.9231177690516118
2017-10-24,0.7161893936808329
2017-10-25,0.6022788230941077
2017-10-26,0.57524756647909
2017-10-27,0.8975875530847438
2017-10-28,0.9224038266229598
2017-10-29,1.0202198022982478
2017-10-30,0.7972622660495279
2017-10-31,0.281277893463324
2017-11-01,0.3617144905002975
2017-11-02,0.3793868400324218
2017-11-03,0.3532151210152984
2017-11-04,0.6200249434957406
2017-11-05,0.3522225472178709
2017-11-06,0.5539327904583369
2017-11-07,0.39721904136406716
2017-11-08,0.24113481153788777
2017-11-09,0.3574065782221024
2017-11-10,0.29727551023126825
2017-11-11,0.3319736118087733
2017-11-12,0.35449580532465724
2017-11-13,0.46590423918757345
2017-11-14,0.6628737234714872
2017-11-15,0.3279025475570071
2017-11-16,0.2890873026919297
2017-11-17,0.2741438573515932
2017-11-18,0.20496082409044553
2017-11-19,0.7725533593748911
2017-11-20,0.5392048535759512
2017-11-21,0.29671507784135087
2017-11-22,0.7763935787127262
2017-11-23,0.2768822508706367
2017-11-24,0.3882082620134404
2017-11-25,0.44863529185491796
2017-11-26,0.7327337519094741
2017-11-27,0.6166927195737193
2017-11-28,0.3560952765879486
2017-11-29,0.3231484512247754
2017-11-30,0.5883106473905272
2017-12-01,0.2623229336793557
2017-12-02,0.13804382365565804
2017-12-03,0.16611698683821066
2017-12-04,0.653760930386541
2017-12-05,0.23998539775645344
2017-12-06,0.36931696432040795
2017-12-07,0.5169990302170745
2017-12-08,0.33580661548675705
2017-12-09,0.35823032071960886
2017-12-10,0.4268377113153919
2017-12-11,0.5872542787529066
2017-12-12,0.2966738353497766
2017-12-13,0.6748600221918023
2017-12-14,0.4222731566011772
2017-12-15,0.36653322668397964
2017-12-16,0.4858888205795072
2017-12-17,0.41772742617562036
2017-12-18,0.14784351684107538
2017-12-19,0.1441916477118413
2017-12-20,0.13194288655847694
2017-12-21,0.23999042081904542
2017-12-22,0.11178531856460819
2017-12-23,0.24985893504509396
2017-12-24,0.662902807816193
2017-12-25,0.8831256412313075
2017-12-26,0.32539998016757793
2017-12-27,0.7209665926171993
2017-12-28,0.6028248837342792
2017-12-29,0.5933891910300599
2017-12-30,0.32763673848815306
2017-12-31,0.4446490711150778
2018-01-01,0.43193565504500847
2018-01-02,0.8001407670103355
2018-01-03,0.485275745007731
2018-01-04,0.09433545882213906
2018-01-05,0.33115782256239124
2018-01-06,0.5586106335349451
2018-01-07,0.9657994224735453
2018-01-08,0.575687279783593
2018-01-09,0.7005448374065918
2018-01-10,0.5472451169932501
2018-01-11,0.1702301640109339
2018-01-12,0.21149843088707057
2018-01-13,0.3101387691298898
2018-01-14,0.2012806384742547
2018-01-15,0.45326969657318
2018-01-16,0.4463038008423516
2018-01-17,0.7028236480149692
2018-01-18,0.2532892684663198
2018-01-19,0.5442731097251311
2018-01-20,0.43894217221919873
2018-01-21,0.657760499195426
2018-01-22,0.26866066455470144
2018-01-23,0.2523651970144972
2018-01-24,0.5864428501305546
2018-01-25,0.5630396433903561
2018-01-26,0.6566975418460812
2018-01-27,0.24255772446270407
2018-01-28,0.2787671432492461
2018-01-29,0.23493281304762165
2018-01-30,0.28940882242147775
2018-01-31,0.3597066231764509
2018-02-01,0.23242772139468856
2018-02-02,0.2011713936362466
2018-02-03,0.24917853227647951
2018-02-04,0.22591332003333106
2018-02-05,0.3221195566505865
2018-02-06,0.2798840290995452
2018-02-07,0.09665400104255104
2018-02-08,0.06543324502288739
2018-02-09,0.3429286967133975
2018-02-10,0.152067757028047
2018-02-11,0.2077774782030619
2018-02-12,0.31896275838111243
2018-02-13,0.41887824695692366
2018-02-14,0.1293886192218411
2018-02-15,0.14864270473717556
2018-02-16,0.3069025992178705
2018-02-17,0.4305956199617775
2018-02-18,0.21420673539687335
2018-02-19,0.21685108811986886
2018-02-20,0.2285701122665792
2018-02-21,0.17174787518158788
2018-02-22,0.1361599143321532
2018-02-23,0.14484525687255623
2018-02-24,0.12633412384949738
2018-02-25,0.041996979657708024
2018-02-26,0.12018850858930652
2018-02-27,0.14788464238449553
2018-02-28,0.26101839915940434
2018-03-01,0.275460153301516
2018-03-02,0.4147800831450768
2018-03-03,0.4301162498783343
2018-03-04,0.47368238614179387
2018-03-05,0.20249900070570168
2018-03-06,0.5498411493283712
2018-03-07,0.23601097851892025
2018-03-08,0.40304996496007517
2018-03-09,0.46979650014414936
2018-03-10,0.41379442574169606
2018-03-11,0.46742207149258586
2018-03-12,0.4110713026984806
2018-03-13,0.4657831866757021
2018-03-14,0.6711102275304054
2018-03-15,0.3788920141413555
2018-03-16,0.6164789454973354
2018-03-17,0.3762478954424151
2018-03-18,0.32418668235494574
2018-03-19,0.14477927365116663
2018-03-20,0.23269166051055523
2018-03-21,0.2946559886697193
2018-03-22,0.520511137743309
2018-03-23,0.4373478563142936
2018-03-24,0.7905382193181715
2018-03-25,0.6287123866649558
2018-03-26,0.4234912688843394
2018-03-27,0.5072914942096611
2018-03-28,0.561564977634836
2018-03-29,0.5550342580456799
2018-03-30,0.7689899984198976
2018-03-31,0.6705499822993533
2018-04-01,0.4509668959872228
2018-04-02,0.8688755089658815
2018-04-03,0.7821228124712073
2018-04-04,0.8113593722194751
2018-04-05,0.5794771611861101
2018-04-06,1.3537320105771928
2018-04-07,1.2808928933866557
2018-04-08,1.018726870294805
2018-04-09,1.0515762538734101
2018-04-10,0.7157214317241132
2018-04-11,1.1433249384788609
2018-04-12,0.6239675317204109
2018-04-13,0.9228063034958457
2018-04-14,1.205595046162898
2018-04-15,0.9115942927630631
2018-04-16,0.5760989005296292
2018-04-17,1.154720256377323
2018-04-18,1.4623227308849782
2018-04-19,1.6126321636567333
2018-04-20,1.6688402729937346
2018-04-21,1.719103017923913
2018-04-22,1.5377395639439617
2018-04-23,1.3625530852367638
2018-04-24,1.4309145504079268
2018-04-25,1.693334651513004
2018-04-26,0.7560563478561
2018-04-27,1.3182189659484087
2018-04-28,1.440495871269769
2018-04-29,1.3148724310399864
2018-04-30,1.150986005571626
2018-05-01,0.7305954372522434
2018-05-02,1.121879888613679
2018-05-03,0.4434488500518044
2018-05-04,0.9248572635026163
2018-05-05,1.4750951584985843
2018-05-06,1.338351695163658
2018-05-07,1.4272052074575075
2018-05-08,1.2980878165081136
2018-05-09,1.2644101879252128
2018-05-10,0.8249946840818189
2018-05-11,1.2357208672869513
2018-05-12,1.3581849088105116
2018-05-13,1.1618079102484469
2018-05-14,1.0585938992058306
2018-05-15,1.5200763528768564
2018-05-16,0.9562589117051562
2018-05-17,0.8057768591100797
2018-05-18,1.2002399232848826
2018-05-19,1.3503952926122844
2018-05-20,0.7735286842537187
2018-05-21,1.9916616764601893
2018-05-22,1.1700470596244075
2018-05-23,1.0689682463520915
2018-05-24,0.9491291926601835
2018-05-25,1.6922685558993245
2018-05-26,1.661872015797224
2018-05-27,1.3144036541033026
2018-05-28,2.5089768166210873
2018-05-29,1.5398500379769444
2018-05-30,1.673691417309345
2018-05-31,1.6624286082548
2018-06-01,1.1089975053095573
2018-06-02,1.6348158799777615
2018-06-03,1.392389945721258
2018-06-04,1.773127608733127
2018-06-05,1.609030817136595
2018-06-06,1.2064448707684092
2018-06-07,1.276159532479314
2018-06-08,1.8739011516990116
2018-06-09,1.2879973049456255
2018-06-10,1.395960774916945
2018-06-11,2.0656794504582945
2018-06-12,1.0379844182547255
2018-06-13,0.647993858559281
2018-06-14,1.2763710252038396
2018-06-15,0.7824694989713058
2018-06-16,1.030651151094868
2018-06-17,1.2059524284264784
2018-06-18,1.4039800296582434
2018-06-19,1.1800536828304946
2018-06-20,1.2080194406826241
2018-06-21,1.0996609795332997
2018-06-22,1.1163922865558518
2018-06-23,1.2992313393075967
2018-06-24,1.0251652307157528
2018-06-25,1.0995861012301476
2018-06-26,1.0269402568654054
2018-06-27,1.286925226966193
2018-06-28,0.9395987398686187
2018-06-29,0.9627707509873176
2018-06-30,1.253009451064673
2018-07-01,1.1148689372693275
2018-07-02,0.8797158278796379
2018-07-03,1.1427822686531062
2018-07-04,1.5256790420913469
2018-07-05,1.3003059952072282
2018-07-06,1.1451147090999374
2018-07-07,1.6195331343238066
2018-07-08,1.4489313675221895
2018-07-09,1.3742558611152922
2018-07-10,0.8794448831505369
2018-07-11,1.1754118234662358
2018-07-12,0.9713514660303257
2018-07-13,1.4155565437409978
2018-07-14,1.2021509088286109
2018-07-15,1.3289041985055445
2018-07-16,1.9791041400541112
2018-07-17,1.4118044473520042
2018-07-18,1.6788531826842006
2018-07-19,1.2944492579801645
2018-07-20,1.7467701760668939
2018-07-21,1.330951819030525
2018-07-22,1.385339483836198
2018-07-23,1.336484831719224
2018-07-24,1.2369299588927158
2018-07-25,1.356971283180516
2018-07-26,1.2826341401969008
2018-07-27,1.2511890452151142
2018-07-28,1.284280186760301
2018-07-29,1.2878586457899979
2018-07-30,1.4614327579888622
2018-07-31,1.2931128454405714
2018-08-01,1.2755209095666686
2018-08-02,1.6431679461835824
2018-08-03,1.911798980019293
2018-08-04,1.3954842308387412
2018-08-05,1.4547656455148188
2018-08-06,1.6321820501176356
2018-08-07,1.6863301851872654
2018-08-08,1.426897702241336
2018-08-09,1.721758390924076
2018-08-10,1.064774269846963
2018-08-11,1.0095894938835495
2018-08-12,1.679125965690053
2018-08-13,1.16179437561729
2018-08-14,1.224706886826498
2018-08-15,1.1345272773141983
2018-08-16,1.0488634759089837
2018-08-17,1.3226093061373674
2018-08-18,0.9635398915588429
2018-08-19,0.9624233811627395
2018-08-20,1.2049321322546882
2018-08-21,1.4289794702445735
2018-08-22,1.571014921999997
2018-08-23,1.0764375066948169
2018-08-24,1.7353863847578692
2018-08-25,1.0741031845710427
2018-08-26,1.265344891259985
2018-08-27,1.0728176966617728
2018-08-28,1.2815025130117903
2018-08-29,1.2879420214604231
2018-08-30,1.1425141443337625
2018-08-31,0.5156674467702599
2018-09-01,0.765446134347411
2018-09-02,1.1215689056756823
2018-09-03,0.7867167149840093
2018-09-04,1.2196285388896995
2018-09-05,0.896438902529489
2018-09-06,1.2600650082982623
2018-09-07,1.2039494084748932
2018-09-08,1.2074808179979137
2018-09-09,1.391163830855556
2018-09-10,1.2472509752878624
2018-09-11,1.2650039284427956
2018-09-12,1.1365674801025396
2018-09-13,0.9788666437264107
2018-09-14,0.8959190265186391
2018-09-15,1.1947313999058415
2018-09-16,0.9311349210459786
2018-09-17,1.032089098527087
2018-09-18,0.8667689352940285
2018-09-19,1.1757634179711165
2018-09-20,0.968537342049052
2018-09-21,1.2082011288794596
2018-09-22,1.543486342581514
2018-09-23,1.2772264610676833
2018-09-24,1.1851994448755916
2018-09-25,1.1306962971005712
2018-09-26,1.063368326601634
2018-09-27,0.6639808601334725
2018-09-28,0.9215129813188878
2018-09-29,0.7368561320136617
2018-09-30,0.7412299538479612
2018-10-01,0.6358644241826857
2018-10-02,0.9564860106950187
2018-10-03,0.46938335988744073
2018-10-04,0.7675920173983847
2018-10-05,0.7024469148464331
2018-10-06,0.5299307100979281
2018-10-07,0.45082933500959926
2018-10-08,0.6546034952012013
2018-10-09,0.4014787060223763
2018-10-10,0.5109910584517182
2018-10-11,0.9264965992766798
2018-10-12,0.6630931785941341
2018-10-13,0.7603794697029252
2018-10-14,1.0468633773831342
2018-10-15,0.996541728002427
2018-10-16,0.6226272168606385
2018-10-17,0.5058942390689564
2018-10-18,0.46908687822618117
2018-10-19,0.526605411060309
2018-10-20,0.6269467860751254
2018-10-21,0.48792136018431354
2018-10-22,0.6898889022141041
2018-10-23,0.6641326098690463
2018-10-24,0.8970935148970903
2018-10-25,0.7593870834742152
2018-10-26,0.50183901767375
2018-10-27,0.2538027234622624
2018-10-28,0.21288503715162418
2018-10-29,0.3132839964843189
2018-10-30,1.5898837407457491
2018-10-31,0.6627694125323572
2018-11-01,0.8998417244717227
2018-11-02,0.399935707346689
2018-11-03,0.9176618659753302
2018-11-04,0.68906835420161
2018-11-05,0.7496117691410988
2018-11-06,0.735773961445315
2018-11-07,0.5674275311512907
2018-11-08,0.34539712660241734
2018-11-09,0.36517330943824455
2018-11-10,0.49224725644911654
2018-11-11,0.5893110682881082
2018-11-12,0.4582081499650873
2018-11-13,0.2887440263403035
2018-11-14,0.4177521205243697
2018-11-15,0.16802397040995082
2018-11-16,0.1971391611336603
2018-11-17,0.17645195004988798
2018-11-18,0.18545354863396343
2018-11-19,0.3718220201519226
2018-11-20,0.27179381584215684
2018-11-21,0.36263663912925664
2018-11-22,0.24320447837949294
2018-11-23,0.17765273651205904
2018-11-24,0.13316467971516238
2018-11-25,0.28918849029382876
2018-11-26,0.3452804275960526
2018-11-27,0.6804239508582193
2018-11-28,0.3192663018631245
2018-11-29,0.49425402816202185
2018-11-30,0.15049309173698946
2018-12-01,0.43234793869474925
2018-12-02,0.2920614609096337
2018-12-03,0.35086871466800673
2018-12-04,0.32843447940311765
2018-12-05,0.18284135309708863
2018-12-06,0.18044637656908422
2018-12-07,0.7052899733457155
2018-12-08,0.8120988695040308
2018-12-09,0.7282614376866635
2018-12-10,1.1728017347626012
2018-12-11,0.6925169581996073
2018-12-12,0.43571795113335093
2018-12-13,0.704869083908143
2018-12-14,0.28526167306898975
2018-12-15,0.4992110505805533
2018-12-16,0.3972196579919061
2018-12-17,0.6316950599601793
2018-12-18,0.7149537026186797
2018-12-19,0.34529402783312374
2018-12-20,0.32496242881545107
2018-12-21,0.42679240834027066
2018-12-22,0.6084158447052683
2018-12-23,0.16583743063829154
2018-12-24,0.32457079558846197
2018-12-25,0.27211938289059906
2018-12-26,0.3584227638367983
2018-12-27,0.6561229633367612
2018-12-28,0.3433428184966051
2018-12-29,0.28811448981794946
2018-12-30,0.5131771234230669
2018-12-31,0.17500040287223906
2019-01-01,0.37909161259164076
2019-01-02,0.894331209852586
2019-01-03,0.5119204536567015
2019-01-04,0.37594334943876717
2019-01-05,0.3837447143531542
2019-01-06,0.7281452888631588
2019-01-07,0.19102027982928604
2019-01-08,0.9776923588760633
2019-01-09,0.9273232729430912
2019-01-10,0.4404657482412479
2019-01-11,0.3178868539976906
2019-01-12,0.20569792759606081
2019-01-13,0.40703021303069664
2019-01-14,1.0348008689098451
2019-01-15,0.5738468949951335
2019-01-16,0.917526697673179
2019-01-17,1.0205995647363484
2019-01-18,0.3985711654142806
2019-01-19,0.3325138557051482
2019-01-20,0.3234184107880596
2019-01-21,0.31102382685547414
2019-01-22,0.18100831059933126
2019-01-23,0.16952314142978162
2019-01-24,0.08867851042839318
2019-01-25,0.1381913155031816
2019-01-26,0.46432754347863203
2019-01-27,0.4680252923374241
2019-01-28,0.7035986389334861
2019-01-29,0.5060053545449038
2019-01-30,0.4925141130236967
2019-01-31,0.7718506197904228
2019-02-01,0.349933123898179
2019-02-02,0.5995444017000876
2019-02-03,0.6922089799597969
2019-02-04,0.7428806429054233
2019-02-05,0.4992146290228326
2019-02-06,0.679216226449606
2019-02-07,0.7044359836125935
2019-02-08,0.623470613092558
2019-02-09,0.41439352007090946
2019-02-10,0.4989887069280929
2019-02-11,1.0741378197897602
2019-02-12,0.7405845423249807
2019-02-13,0.6831789855890518
2019-02-14,0.3586529861254732
2019-02-15,0.4939868788359703
2019-02-16,0.4201646549770076
2019-02-17,0.5257384650215439
2019-02-18,0.4802042099066684
2019-02-19,0.181059353629963
2019-02-20,0.1232416025076973
2019-02-21,0.11142470996800775
2019-02-22,0.2961605651322897
2019-02-23,0.26542190658277864
2019-02-24,0.20203641015144497
2019-02-25,0.23027600963692937
2019-02-26,0.29606373638728206
2019-02-27,0.20587920929550277
2019-02-28,0.17360254941399283
2019-03-01,0.7936290596134862
2019-03-02,0.5604347129585261
2019-03-03,0.2826126675547637
2019-03-04,0.4290061851513699
2019-03-05,0.807396943044549
2019-03-06,0.43610751643092505
2019-03-07,0.44367886648525634
2019-03-08,0.8941564572724754
2019-03-09,0.7660429820988742
2019-03-10,0.6462404184180996
2019-03-11,0.8499332773386054
2019-03-12,1.8769829555318356
2019-03-13,0.7947173738485048
2019-03-14,0.6917221262741872
2019-03-15,0.4652751908204362
2019-03-16,1.2618539433175726
2019-03-17,0.9427672909734152
2019-03-18,1.0369516152837897
2019-03-19,0.44666213696523105
2019-03-20,0.368963095458118
2019-03-21,0.37209547359068296
2019-03-22,0.2681080179888405
2019-03-23,0.1739620575619165
2019-03-24,0.22967658478063754
2019-03-25,0.34147313243661165
2019-03-26,0.31608335347659244
2019-03-27,0.1570621619242634
2019-03-28,0.16415006569268858
2019-03-29,0.29560560375435785
2019-03-30,0.19356152061985105
2019-03-31,0.305076838706149
2019-04-01,0.48081756254154784
2019-04-02,0.6548718877203101
2019-04-03,0.5588110160412773
2019-04-04,0.36056801606529226
2019-04-05,0.7478255671040063
2019-04-06,0.7626540492399047
2019-04-07,0.5016523009309011
2019-04-08,0.44771288102606754
2019-04-09,0.5684906227603519
2019-04-10,0.52904489362362
2019-04-11,0.4125361431929686
2019-04-12,0.243177039060438
2019-04-13,0.38060128082757266
2019-04-14,0.7360728321484296
2019-04-15,0.7182958584607263
2019-04-16,0.4441303634984179
2019-04-17,0.72582979870080655
2019-04-18,0.5673697673888283
2019-04-19,0.8046420081066838
2019-04-20,1.183115420375373
2019-04-21,1.149542829127275
2019-04-22,0.9755972097451531
2019-04-23,0.8430872351353986
2019-04-24,1.1403858656476318
2019-04-25,1.7591230459872003
2019-04-26,0.5319236662034776
2019-04-27,1.5955560721491457
2019-04-28,1.3512400110201108
2019-04-29,0.8935698127567544
2019-04-30,0.6459935715630196
2019-05-01,0.6787296231097623
2019-05-02,0.8422651700428352
2019-05-03,1.2547686598385441
2019-05-04,0.7497367172391574
2019-05-05,0.8646248219508212
2019-05-06,0.3577514807216276
2019-05-07,0.4621991043596481
2019-05-08,0.8991233219107099
2019-05-09,1.1763775985573277
2019-05-10,0.7313243077992435
2019-05-11,0.5652848769293733
2019-05-12,1.066987803745127
2019-05-13,1.0113872806450426
2019-05-14,0.7532985065244918
2019-05-15,0.4960499487676385
2019-05-16,0.4366416899092157
2019-05-17,0.9698531092189554
2019-05-18,0.9494670890144803
2019-05-19,0.7122693807340298
2019-05-20,0.2846256621877987
2019-05-21,0.576135177794297
2019-05-22,0.8186033092556633
2019-05-23,1.0523809399246362
2019-05-24,1.3150545816270214
2019-05-25,0.9625902978632863
2019-05-26,1.0733760636532592
2019-05-27,0.5064855066901058
2019-05-28,0.35614519413393814
2019-05-29,0.6483914057651928
2019-05-30,0.8526406910758116
2019-05-31,1.539289636771185
2019-06-01,1.7393518689668301
2019-06-02,1.5475454372578468
2019-06-03,1.7711145884280541
2019-06-04,1.6284686599469982
2019-06-05,1.8125435931838816
2019-06-06,0.756633316831458
2019-06-07,2.363592488165741
2019-06-08,0.5681737051870989
2019-06-09,1.5810537462686
2019-06-10,1.5839144303144286
2019-06-11,2.0715864731266693
2019-06-12,1.416191956774042
2019-06-13,2.076673153318874
2019-06-14,2.312613439354591
2019-06-15,1.4650947592263546
2019-06-16,0.9439764834415926
2019-06-17,1.3793681062637522
2019-06-18,1.4671241237114867
2019-06-19,1.7354681262708878
2019-06-20,1.295741101840427
2019-06-21,0.7706715419248904
2019-06-22,1.4608638265901364
2019-06-23,1.29195238530667
2019-06-24,1.5305727045149107
2019-06-25,1.5812627584949976
2019-06-26,1.517640706523817
2019-06-27,1.382008700880274
2019-06-28,1.3376097263006317
2019-06-29,1.8056383189451044
2019-06-30,1.128242703696556
2019-07-01,1.7838218854680115
2019-07-02,1.6122803296138106
2019-07-03,1.679617811247037
2019-07-04,1.6365253792157195
2019-07-05,1.1721764455622241
2019-07-06,1.7252726903044402
2019-07-07,1.8402099993595946
2019-07-08,1.1757995197071176
2019-07-09,2.1755114992590516
2019-07-10,1.0927198734538988
2019-07-11,1.0301997289414035
2019-07-12,1.1639725886219394
2019-07-13,1.7359672120324299
2019-07-14,1.5436170086551315
2019-07-15,1.3826106841388472
2019-07-16,1.5849464800900346
2019-07-17,1.1363224319404537
2019-07-18,1.0793416499808903
2019-07-19,1.107159583234482
2019-07-20,2.3787922451356835
2019-07-21,0.8765074586594199
2019-07-22,1.1796583086430688
2019-07-23,1.3322882816729964
2019-07-24,1.5565729428752602
2019-07-25,1.0650479832037998
2019-07-26,1.3942781620713374
2019-07-27,1.6741022598426014
2019-07-28,0.49850400099295405
2019-07-29,1.2653076616564154
2019-07-30,1.222349934957904
2019-07-31,0.8652610794333592
2019-08-01,1.6106387820592143
2019-08-02,1.2868871712932446
2019-08-03,1.2649763356477317
2019-08-04,1.4313184451581218
2019-08-05,1.5675386159576679
2019-08-06,1.4863469738024
2019-08-07,0.3519507473448985
2019-08-08,1.822716181686133
2019-08-09,2.0561171571629955
2019-08-10,1.2436977395973845
2019-08-11,2.356388659770651
2019-08-12,1.272435898349022
2019-08-13,1.4872975523842995
2019-08-14,1.4946439667431513
2019-08-15,1.6124305422144969
2019-08-16,1.8324525543555212
2019-08-17,1.2129815216951876
2019-08-18,1.9298749090142917
2019-08-19,1.99379700042226
2019-08-20,0.7602172444440056
2019-08-21,1.6553981026228892
2019-08-22,1.5604766675297457
2019-08-23,1.2421672902767589
2019-08-24,1.883382659634076
2019-08-25,1.3470135508214605
2019-08-26,1.3629455718349452
2019-08-27,1.574226794467905
2019-08-28,1.1240017721342568
2019-08-29,1.0561114326996044
2019-08-30,1.28183037109368
2019-08-31,1.3762669253657676
2019-09-01,1.5666678978114568
2019-09-02,1.137344792138425
2019-09-03,1.4417148666258282
2019-09-04,1.4361636502842947
2019-09-05,0.6450584175798146
2019-09-06,0.7671548660192663
2019-09-07,0.8303137807094185
2019-09-08,0.196571872991873
2019-09-09,1.4816274319107847
2019-09-10,1.5569815599583527
2019-09-11,1.0570625586234375
2019-09-12,0.9318421804475457
2019-09-13,0.9761652155734775
2019-09-14,1.1710821587973972
2019-09-15,1.2583989221239558
2019-09-16,0.9042140218291873
2019-09-17,0.6095061729859227
2019-09-18,0.8211366078244381
2019-09-19,0.963608347142663
2019-09-20,1.0089315685372697
2019-09-21,0.9468589946307204
2019-09-22,1.1885860452402275
2019-09-23,0.7781235306558061
2019-09-24,1.3724230812456224
2019-09-25,1.0038977330387435
2019-09-26,0.8094431954706967
2019-09-27,0.9874008282992619
2019-09-28,0.9013553174118096
2019-09-29,1.372165375770154
2019-09-30,0.7699059144122273
2019-10-01,1.2057788411069903
2019-10-02,1.1570998440688525
2019-10-03,1.0764275571489976
2019-10-04,0.7502645749218805
2019-10-05,0.9966717469537704
2019-10-06,1.011397706547402
2019-10-07,1.084052509774863
2019-10-08,0.6703021471464838
2019-10-09,0.5624914393356338
2019-10-10,0.8786042715150071
2019-10-11,0.8302043708027244
2019-10-12,0.8647740706738851
2019-10-13,0.9873836592942226
2019-10-14,1.1124660784173488
2019-10-15,1.026598876639147
2019-10-16,1.5140276460724875
2019-10-17,0.9375701580008433
2019-10-18,0.7000567616389815
2019-10-19,1.0327768267599469
2019-10-20,1.4181724399252982
2019-10-21,2.182331226704619
2019-10-22,1.3496209273263098
2019-10-23,1.6133234787084754
2019-10-24,1.0338534070351444
2019-10-25,0.5404294667854623
2019-10-26,0.733966097101598
2019-10-27,0.6798586005286819
2019-10-28,0.296424025898308
2019-10-29,0.2820726253322447
2019-10-30,0.33240608911798886
2019-10-31,0.47833128062356123
2019-11-01,0.8411174992686583
2019-11-02,1.119902771710563
2019-11-03,0.7739888873015904
2019-11-04,0.681522476665411
2019-11-05,0.32079828415490275
2019-11-06,0.39849965231950296
2019-11-07,0.7885079536368303
2019-11-08,0.3793477249086664
2019-11-09,0.7340363466319166
2019-11-10,0.4843406515328001
2019-11-11,0.35858308743243994
2019-11-12,0.6218301656321027
2019-11-13,0.9389934651333897
2019-11-14,1.034058511889324
2019-11-15,0.5873706234885163
2019-11-16,0.6426674799226736
2019-11-17,0.12836974789733668
2019-11-18,0.47232934490519896
2019-11-19,0.279737901942158
2019-11-20,0.5997928308100089
2019-11-21,0.6595545431748993
2019-11-22,1.0209885182922263
2019-11-23,0.7230041672866645
2019-11-24,0.29327722563072955
2019-11-25,0.28123843907102525
2019-11-26,0.28962747337792
2019-11-27,0.376557621238024
2019-11-28,0.5565064392798128
2019-11-29,0.49109814021653847
2019-11-30,0.6677147063324208
2019-12-01,0.48071621401409936
2019-12-02,0.2910528662478555
2019-12-03,0.5902668193107159
2019-12-04,0.8550068740573358
2019-12-05,0.5183513135398866
2019-12-06,0.4643683050440314
2019-12-07,0.2518674480471637
2019-12-08,0.33223563243100995
2019-12-09,0.591869504183356
2019-12-10,0.604359300996612
2019-12-11,0.5521828619593665
2019-12-12,0.5937156297323178
2019-12-13,0.895741021266545
2019-12-14,0.6838470841706861
2019-12-15,0.6747773992908521
2019-12-16,0.4440512675088182
2019-12-17,0.6889330864738683
2019-12-18,0.20238534715188142
2019-12-19,0.30496906528331075
2019-12-20,0.45819586699807513
2019-12-21,0.3194942574300193
2019-12-22,0.5989630591361894
2019-12-23,1.186113342235474
2019-12-24,0.5422916724895196
2019-12-25,0.5491991299562262
2019-12-26,0.4807217004838182
2019-12-27,0.4352720556130277
2019-12-28,0.4067252197390498
2019-12-29,0.3819056116265377
2019-12-30,0.5615103070183144
2019-12-31,0.2331468008284047
2020-01-01,0.5333856370214782
2020-01-02,0.39951403236837757
2020-01-03,0.24054420725488915
2020-01-04,0.7902075457201859
2020-01-05,0.18190506873619833
2020-01-06,0.14726281646042494
2020-01-07,0.16562129358173783
2020-01-08,0.25462184446003494
2020-01-09,0.23330973123491094
2020-01-10,0.31880306537026515
2020-01-11,0.19023932974852512
2020-01-12,0.10468936296568934
2020-01-13,0.11136370555117922
2020-01-14,0.24832545112387464
2020-01-15,0.2056160558345992
2020-01-16,0.15672234090794832
2020-01-17,0.12237479988847567
2020-01-18,0.3295282056034335
2020-01-19,0.31074402384229377
2020-01-20,0.44874583609690616
2020-01-21,0.26519109427112086
2020-01-22,0.21688642532968896
2020-01-23,0.27027359377347293
2020-01-24,0.18755673359908764
2020-01-25,0.12382028504074005
2020-01-26,0.11952274959034961
2020-01-27,0.2761668698348366
2020-01-28,0.4506552421647165
2020-01-29,0.36190923178715817
2020-01-30,0.604385930600537
2020-01-31,0.37274835696123165
2020-02-01,0.7230967436289253
2020-02-02,0.2556051304413194
2020-02-03,0.4228966398715605
2020-02-04,0.922610950727686
2020-02-05,0.5741194952966869
2020-02-06,0.6315881616230717
2020-02-07,0.6832946736064018
2020-02-08,0.5012116978338166
2020-02-09,0.6804358223737319
2020-02-10,0.6894993723391754
2020-02-11,0.7534579896894036
2020-02-12,0.5256534327218609
2020-02-13,1.0289423602034806
2020-02-14,0.7348627657631228
2020-02-15,0.44320978242917486
2020-02-16,0.6572178373615354
2020-02-17,0.3309792763033093
2020-02-18,0.3315894580105093
2020-02-19,0.43852891828878215
2020-02-20,0.45676808580680966
2020-02-21,0.3343646864877779
2020-02-22,0.3208938498588099
2020-02-23,0.3779705021658301
2020-02-24,0.36546004236327956
2020-02-25,0.21984068699545464
2020-02-26,0.733356598811043
2020-02-27,1.0129911942485679
2020-02-28,1.1771412363640719
2020-02-29,1.182295612364
2020-03-01,0.6536368951042343
2020-03-02,0.6639742349308774
2020-03-03,0.5312809284721429
2020-03-04,0.6078956412772661
2020-03-05,0.5070685220671488
2020-03-06,0.4549261174150721
2020-03-07,0.46898905281227743
2020-03-08,0.39061966831919537
2020-03-09,0.5094772315713669
2020-03-10,0.22372222492287952
2020-03-11,0.5221839052213922
2020-03-12,0.3066329420748641
2020-03-13,0.2599953941335612
2020-03-14,0.31077964290284604
2020-03-15,0.5213982558122918
2020-03-16,0.4584388562905415
2020-03-17,0.2375396926803479
2020-03-18,0.18513196058034234
2020-03-19,0.33082902006114173
2020-03-20,0.431516378043267
2020-03-21,0.4486340954883258
2020-03-22,0.3805362617121531
2020-03-23,0.25321696881138506
2020-03-24,0.23071163099159475
2020-03-25,0.19056154146593884
2020-03-26,0.1586536758185831
2020-03-27,0.23781169067050972
2020-03-28,0.21934916758152798
2020-03-29,0.40336432405489936
2020-03-30,0.4246809071977682
2020-03-31,0.5032670317106103
2020-04-01,0.18911845015489806
2020-04-02,0.2253742537587166
2020-04-03,0.30615071716835435
2020-04-04,0.23544608079566834
2020-04-05,0.529777597682099
2020-04-06,0.5211258732476726
2020-04-07,0.6387811881763753
2020-04-08,0.4559193912348373
2020-04-09,0.5022280680698669
2020-04-10,0.5103468601523644
2020-04-11,0.631569416652304
2020-04-12,0.8986607497408378
2020-04-13,0.7610966199229491
2020-04-14,0.8185802937068556
2020-04-15,0.5881823164532569
2020-04-16,0.779303278917071
2020-04-17,0.9172391080768989
2020-04-18,0.8957207337932389
2020-04-19,1.0916238598268555
2020-04-20,1.1353051946743362
2020-04-21,1.1836727654475763
2020-04-22,1.2985479076596962
2020-04-23,0.9579762198713636
2020-04-24,1.2278792769880815
2020-04-25,0.9616887772557718
2020-04-26,1.0096929536063104
2020-04-27,1.3106834309745954
2020-04-28,1.1237292511736645
2020-04-29,1.1609901777847982
2020-04-30,0.9148812410341847
2020-05-01,1.518649236475675
2020-05-02,1.824002106608054
2020-05-03,1.5488525007393732
2020-05-04,1.5417131064816119
2020-05-05,0.7123279035124073
2020-05-06,1.4931931640449945
2020-05-07,1.2011040587169162
2020-05-08,1.3292011853718386
2020-05-09,1.2629014104601328
2020-05-10,1.5269372629780071
2020-05-11,1.9261653719191147
2020-05-12,0.9164825633385061
2020-05-13,0.9768023620312967
2020-05-14,0.9906065170716009
2020-05-15,0.30196448696742023
2020-05-16,1.084682016400751
2020-05-17,0.7668217142660433
2020-05-18,1.0718700106140475
2020-05-19,1.1129767015257497
2020-05-20,0.9273957892868705
2020-05-21,1.2031549543862277
2020-05-22,1.128891001344727
2020-05-23,1.7009845069811915
2020-05-24,0.9246880327036998
2020-05-25,0.6812662971635663
2020-05-26,0.8844374581692449
2020-05-27,0.9080838064649145
2020-05-28,0.527560618016116
2020-05-29,1.1667715564411698
2020-05-30,0.5731765865565126
2020-05-31,0.6272763798067806
2020-06-01,0.8478558379341746
2020-06-02,0.9700881983955186
2020-06-03,1.0258237796271805
2020-06-04,0.822301779455764
2020-06-05,1.9966710426599017
2020-06-06,1.541599935230555
2020-06-07,0.20427719019960525
2020-06-08,1.0187999613027743
2020-06-09,1.5562202072778113
2020-06-10,0.6638100131774249
2020-06-11,1.461611574589087
2020-06-12,2.2440244490402947
2020-06-13,1.588893258704792
2020-06-14,0.6929384181229075
2020-06-15,0.770980748945282
2020-06-16,1.180647191293183
2020-06-17,0.8408053605642788
2020-06-18,1.5459417580041968
2020-06-19,0.7673487976276286
2020-06-20,1.1595955855064148
2020-06-21,1.0725798785352785
2020-06-22,1.025368672395567
2020-06-23,1.2735531139857617
2020-06-24,1.0725118601424055
2020-06-25,0.7463036316754297
2020-06-26,1.180739507713499
2020-06-27,2.3537651362450998
2020-06-28,1.3290470315597842
2020-06-29,1.4358751397179121
2020-06-30,1.3098728438370206
2020-07-01,1.5626306336540365
2020-07-02,1.9804278422844503
2020-07-03,1.4902441774661486
2020-07-04,1.198583608604552
2020-07-05,1.064681694205571
2020-07-06,1.2777158607436432
2020-07-07,1.3659461071281571
2020-07-08,1.4696350197126011
2020-07-09,1.7277042405906398
2020-07-10,1.7374576485762105
2020-07-11,1.4940126220134122
2020-07-12,1.182281183818086
2020-07-13,1.0889377328507528
2020-07-14,1.184586706791363
2020-07-15,1.2326014467112143
2020-07-16,1.0077738698696848
2020-07-17,1.4716329458682713
2020-07-18,1.276474201902177
2020-07-19,1.2055930909453794
2020-07-20,1.342801671923653
2020-07-21,0.9408163345426829
2020-07-22,1.7807383735099125
2020-07-23,1.5965265352629856
2020-07-24,1.1058687650455234
2020-07-25,1.4507704890687954
2020-07-26,1.2170211738552565
2020-07-27,1.6015234271294827
2020-07-28,2.112009410120767
2020-07-29,1.0586253607717855
2020-07-30,1.4566988565289156
2020-07-31,1.5531665848782001
2020-08-01,1.3024739952427231
2020-08-02,1.023565691232685
2020-08-03,0.582052324748348
2020-08-04,0.6423055182699288
2020-08-05,1.3086331361423522
2020-08-06,0.989257821449108
2020-08-07,1.0888023291472761
2020-08-08,1.2481430399011795
2020-08-09,1.316789535148378
2020-08-10,1.2253238596526828
2020-08-11,1.4898015322686637
2020-08-12,1.1589442428241938
2020-08-13,1.8226249453979524
2020-08-14,1.2953065002597375
2020-08-15,1.4580400926667312
2020-08-16,1.625323113187631
2020-08-17,0.9268677063801887
2020-08-18,1.3318398053634786
2020-08-19,1.4360418845788352
2020-08-20,1.3128746150327055
2020-08-21,1.4053004079423428
2020-08-22,0.7304126748809198
2020-08-23,1.042151115492883
2020-08-24,0.8225915209134612
2020-08-25,1.6977500594388566
2020-08-26,0.9512425108566898
2020-08-27,1.0822979516006952
2020-08-28,1.0433911599433923
2020-08-29,0.5856088822298502
2020-08-30,0.581156935329225
2020-08-31,1.2124620575652707
2020-09-01,1.0433898958465317
2020-09-02,0.8694612111847435
2020-09-03,1.152144118297847
2020-09-04,1.2478801997856603
2020-09-05,1.113344269422223
2020-09-06,0.7622381335227513
2020-09-07,0.8707000971024984
2020-09-08,1.2071132782459164
2020-09-09,1.2578771686614585
2020-09-10,1.0156222354860511
2020-09-11,1.2796439449239672
2020-09-12,1.0970783327827323
2020-09-13,1.1192187720091358
2020-09-14,1.3012316670062607
2020-09-15,0.890510628838663
2020-09-16,0.9096367581668133
2020-09-17,0.9256893628947567
2020-09-18,0.9245221605805534
2020-09-19,1.1875293560476465
2020-09-20,0.813451453506709
2020-09-21,0.7626849210420901
2020-09-22,0.7103866847337165
2020-09-23,0.9029441660261011
2020-09-24,0.9003699174910442
2020-09-25,0.095573574067183
2020-09-26,0.5877599471209651
2020-09-27,0.8646213820690549
2020-09-28,0.7012743020959061
2020-09-29,0.45139511900584406
2020-09-30,0.7344596418531452
2020-10-01,1.008974643127367
2020-10-02,1.2368335064314921
2020-10-03,1.4036140629314604
2020-10-04,1.5710468615553081
2020-10-05,1.1811922642415573
2020-10-06,1.0461529038690172
2020-10-07,1.0424390355080517
2020-10-08,0.6023817384002746
2020-10-09,0.8980285333709791
2020-10-10,0.38753652807854605
2020-10-11,0.657721441825683
2020-10-12,0.7956899456711921
2020-10-13,0.4524410090662299
2020-10-14,0.2713272771029077
2020-10-15,0.38969482738142036
2020-10-16,0.35035116350379825
2020-10-17,0.5414796396105618
2020-10-18,0.5012421858027482
2020-10-19,0.5113383123241428
2020-10-20,1.0877315041441338
2020-10-21,0.9568795855553535
2020-10-22,0.8741391394197217
2020-10-23,0.80064719746595
2020-10-24,0.5140845665450636
2020-10-25,0.9933033615793642
2020-10-26,0.4694876938100318
2020-10-27,0.46382575134866333
2020-10-28,0.4410828226861738
2020-10-29,0.298240751783186
2020-10-30,0.6893168071504147
2020-10-31,0.9019273447742624
2020-11-01,0.5180780834627299
2020-11-02,0.34729374501699933
2020-11-03,0.2542096772475944
2020-11-04,0.29312229135831197
2020-11-05,0.2560832605900271
2020-11-06,0.5640369187349729
2020-11-07,0.59059155166752475
2020-11-08,0.42787535192330034
2020-11-09,0.28388681583332054
2020-11-10,0.28423453008866206
2020-11-11,0.18308508719798164
2020-11-12,0.2815676628168502
2020-11-13,0.22087122345057256
2020-11-14,0.3572217557185938
2020-11-15,0.39843628199445946
2020-11-16,0.5335062205165995
2020-11-17,0.2697256483475376
2020-11-18,0.5116265303194144
2020-11-19,0.3387410566981987
2020-11-20,0.6383408507353403
2020-11-21,0.3370649994933738
2020-11-22,0.22991630106416835
2020-11-23,0.1541685138820346
2020-11-24,0.2722591940930689
2020-11-25,0.20488580133209008
2020-11-26,0.10000579172707853
2020-11-27,0.10144464553057322
2020-11-28,0.13534571350039631
2020-11-29,0.10203950147970653
2020-11-30,0.14219185150679411
2020-12-01,0.2139276342636801
2020-12-02,0.24343850206789924
2020-12-03,0.3539226287579396
2020-12-04,0.7849068681578799
2020-12-05,0.223459029703092
2020-12-06,0.12762004534182317
2020-12-07,0.12174094808765454
2020-12-08,0.15348488449866035
2020-12-09,0.25464564507366255
2020-12-10,0.4422072101599594
2020-12-11,0.5842581367801567
2020-12-12,0.20512300506215153
2020-12-13,0.229980430674773
2020-12-14,0.27311698861813866
2020-12-15,0.22639822754418637
2020-12-16,0.3995393447534014
2020-12-17,0.15212354387556218
2020-12-18,0.2108296186426723
2020-12-19,0.22253884018604478
2020-12-20,0.15070296812278067
2020-12-21,0.13610469627257168
2020-12-22,0.25891644629169097
2020-12-23,0.42087039699888834
2020-12-24,0.20509397263769108
2020-12-25,0.3388230611729729
2020-12-26,0.2637414742961724
2020-12-27,0.7076599030218699
2020-12-28,0.2292300962228726
2020-12-29,0.3917316774827051
2020-12-30,0.15376599617779918
2020-12-31,0.30829326909916416
2021-01-01,0.11603113335260334
2021-01-02,0.11288819051772529
2021-01-03,0.191364359620017
2021-01-04,0.1236773402848384
2021-01-05,0.09500936120681426
2021-01-06,0.050277525958923035
2021-01-07,0.12010119613372842
2021-01-08,0.14079914611229213
2021-01-09,0.09726202754917668
2021-01-10,0.0662336000918133
2021-01-11,0.08163285499777032
2021-01-12,0.11518003793689298
2021-01-13,0.39454756216101616
2021-01-14,0.27306036256417177
2021-01-15,0.10224692591280592
2021-01-16,0.11140912075683158
2021-01-17,0.5367604739525396
2021-01-18,0.5882543482895903
2021-01-19,0.5544966601915976
2021-01-20,0.9131708926056669
2021-01-21,0.7448910872974844
2021-01-22,0.7905196060464026
2021-01-23,0.7748176113592209
2021-01-24,0.4657714881937242
2021-01-25,0.36808769931362856
2021-01-26,0.38082510713239204
2021-01-27,0.1591493401389494
2021-01-28,0.11436567918695567
2021-01-29,0.1900165208054999
2021-01-30,0.17753420369198325
2021-01-31,0.26482123070100383
2021-02-01,0.23166646058439433
2021-02-02,0.1866934278134103
2021-02-03,0.6822212711312136
2021-02-04,0.5620607481255764
2021-02-05,0.35953220472682706
2021-02-06,0.46275302075603497
2021-02-07,0.4083263428430811
2021-02-08,0.6137446057927191
2021-02-09,0.39908372793175856
2021-02-10,0.35493782136910257
2021-02-11,0.17500482517560892
2021-02-12,0.34513527508260133
2021-02-13,0.17954514611018688
2021-02-14,0.6828649377642522
2021-02-15,0.3849518187430945
2021-02-16,0.41072949603439074
2021-02-17,0.5898540837276748
2021-02-18,0.3999925899713502
2021-02-19,0.33006742683654566
2021-02-20,0.440573444186972
2021-02-21,0.6557359160342688
2021-02-22,0.5439914374759867
2021-02-23,0.1991113680399772
2021-02-24,0.4199246964236174
2021-02-25,0.5916525846517015
2021-02-26,0.33780745115135746
2021-02-27,0.1929285320387441
2021-02-28,0.3122048384224676
2021-03-01,0.27561268251566284
2021-03-02,0.4134137684867317
2021-03-03,0.18488360439945117
2021-03-04,0.20355539793358918
2021-03-05,0.46221467786337395
2021-03-06,0.4274862964390386
2021-03-07,0.14082185082240872
2021-03-08,0.5327797504848623
2021-03-09,0.35908965297960727
2021-03-10,0.2906533176591247
2021-03-11,0.42319620719088785
2021-03-12,0.4357392847248099
2021-03-13,0.9162693179004544
2021-03-14,0.7914688254747798
2021-03-15,0.729272036432445
2021-03-16,0.9484052736128835
2021-03-17,0.4967201494883961
2021-03-18,0.5960952717965498
2021-03-19,0.44631562037536515
2021-03-20,0.35703861782832114
2021-03-21,0.4661165253548041
2021-03-22,0.5608570807560174
2021-03-23,0.3499510412694553
2021-03-24,0.3515166055623953
2021-03-25,0.2817059397557938
2021-03-26,0.4749692595595106
2021-03-27,0.2936635867423339
2021-03-28,0.3930107385819483
2021-03-29,0.3327023164568383
2021-03-30,0.32227666126170446
2021-03-31,0.43148088122863126
2021-04-01,0.4596166215358271
2021-04-02,0.7474104718468455
2021-04-03,0.37077465702197326
2021-04-04,0.27673692317073423
2021-04-05,0.3920933091439828
2021-04-06,0.5693467485751745
2021-04-07,0.59428013784156275
2021-04-08,0.9109562790982696
2021-04-09,0.5880477576129312
2021-04-10,0.5434803235343318
2021-04-11,0.4075501302713045
2021-04-12,0.4334351037220248
2021-04-13,0.7090487468324884
2021-04-14,0.4058018910948787
2021-04-15,0.31377408271817736
2021-04-16,0.3004291690713746
2021-04-17,0.2461845362416029
2021-04-18,0.31994462320852224
2021-04-19,0.31116977312433386
2021-04-20,0.30465960559177346
2021-04-21,0.40446952542128
2021-04-22,0.6330105084696898
2021-04-23,0.3866742089963522
2021-04-24,0.35371496260154994
2021-04-25,0.5000482645936939
2021-04-26,0.5587620336945696
2021-04-27,0.6427461480862785
2021-04-28,0.6374840797919366
2021-04-29,0.3171191082492771
2021-04-30,1.1428014751555982
2021-05-01,0.570182575240852
2021-05-02,0.7370185399232185
2021-05-03,1.172483559224021
2021-05-04,1.2417950712041046
2021-05-05,0.7426689298559122
2021-05-06,1.6583326566934695
2021-05-07,1.0107778465065693
2021-05-08,1.070703981836813
2021-05-09,1.224451088226165
2021-05-10,1.3833254835027597
2021-05-11,1.5656690190394016
2021-05-12,1.07627954135136
2021-05-13,0.7033144858522057
2021-05-14,1.071804307345548
2021-05-15,1.2426746168061842
2021-05-16,0.9093011383197642
2021-05-17,1.3035540780075647
2021-05-18,0.7257141068108309
2021-05-19,1.1182473923807936
2021-05-20,1.273712572083427
2021-05-21,0.9239841821305759
2021-05-22,1.1983802758637507
2021-05-23,1.1395739287393332
2021-05-24,0.5647299969669444
2021-05-25,1.194557443696022
2021-05-26,1.3218200221083383
2021-05-27,1.188301817669243
2021-05-28,1.0735571024412336
2021-05-29,0.9575811223184456
2021-05-30,1.1841045350275907
2021-05-31,1.3267000209576971
2021-06-01,1.437558331165934
2021-06-02,1.3691065578245099
2021-06-03,1.3250016808678455
2021-06-04,1.2686966118500114
2021-06-05,0.7982037012798094
2021-06-06,0.9168200387553606
2021-06-07,1.2415626172430332
2021-06-08,0.8877357796823027
2021-06-09,1.031897001823609
2021-06-10,1.708456738526598
2021-06-11,1.3809491674287795
2021-06-12,1.7546861094664712
2021-06-13,1.1557678452762903
2021-06-14,0.9987548348404435
2021-06-15,1.265291158209472
2021-06-16,0.9579082449436932
2021-06-17,1.6297525669607544
2021-06-18,1.944687460253447
2021-06-19,1.090447232407606
2021-06-20,1.7499302161354913
2021-06-21,2.086734714129198
2021-06-22,1.718126127405751
2021-06-23,1.178212265513705
2021-06-24,1.388635129306504
2021-06-25,1.6231627715275607
2021-06-26,1.4604820903910518
2021-06-27,1.9592334325022023
2021-06-28,1.9208216596289984
2021-06-29,2.280492446363651
2021-06-30,1.4721098225658629
2021-07-01,1.2578150719073569
2021-07-02,1.0340377660701587
2021-07-03,0.933189133351706
2021-07-04,1.1979464720873205
2021-07-05,1.2819923650842069
2021-07-06,2.1291520299117352
2021-07-07,0.8513112425252065
2021-07-08,0.9121354882402217
2021-07-09,1.7750818207936707
2021-07-10,1.2831695179702618
2021-07-11,1.961597995197491
2021-07-12,2.3543249644599507
2021-07-13,1.1348139901326166
2021-07-14,1.309605449194417
2021-07-15,1.5465358800851856
2021-07-16,1.5136277134228007
2021-07-17,0.8933120850871957
2021-07-18,0.8104843702013701
2021-07-19,1.4746118368871148
2021-07-20,1.2463679769692642
2021-07-21,1.1195365141557314
2021-07-22,0.9377119753682622
2021-07-23,1.7551322554175244
2021-07-24,1.6636273075367303
2021-07-25,0.7509144180187929
2021-07-26,0.9356155678065389
2021-07-27,1.4377397610905636
2021-07-28,0.7313217470907943
2021-07-29,1.230832836266794
2021-07-30,1.8926845093412297
2021-07-31,1.125640479185608
2021-08-01,1.0240280207881955
2021-08-02,1.6537153589744877
2021-08-03,1.0557338217268664
2021-08-04,0.26212166093503375
2021-08-05,2.0678181834445515
2021-08-06,1.3387677736947927
2021-08-07,1.5693625620450435
2021-08-08,1.709967827437754
2021-08-09,1.1482122482501131
2021-08-10,1.5038008324745917
2021-08-11,1.706491749779005
2021-08-12,1.5063339998868819
2021-08-13,1.602379319034256
2021-08-14,1.2391016854557977
2021-08-15,2.0888383957766545
2021-08-16,1.210251329348498
2021-08-17,1.8370161289486377
2021-08-18,1.248100596720794
2021-08-19,1.1504494364188493
2021-08-20,1.6638193389366385
2021-08-21,1.124157159064797
2021-08-22,1.2092855287652602
2021-08-23,1.229716360938019
2021-08-24,1.1322006719634885
2021-08-25,1.2372540647541628
2021-08-26,0.9559613039486619
2021-08-27,0.9829400711149522
2021-08-28,0.8974759835852221
2021-08-29,1.0133893633094533
2021-08-30,0.7136393842141401
2021-08-31,1.0509543615252783
2021-09-01,1.144483131918722
2021-09-02,1.2014571765364084
2021-09-03,0.9561694530216718
2021-09-04,0.7662109797439021
2021-09-05,1.1399094283231768
2021-09-06,1.016103802806436
2021-09-07,0.9000495126373806
2021-09-08,1.5988570141794325
2021-09-09,0.8072966298999271
2021-09-10,1.049272484588244
2021-09-11,0.767373341756442
2021-09-12,1.0921824234554998
2021-09-13,0.9834699127965345
2021-09-14,0.9770761639655633
2021-09-15,0.7633993402012232
2021-09-16,0.803061439419861
2021-09-17,1.816345141918357
2021-09-18,1.2266132733959403
2021-09-19,0.48528617485391373
2021-09-20,0.930402955585297
2021-09-21,1.1947581937776848
2021-09-22,1.123607228124591
2021-09-23,1.5125037265751125
2021-09-24,1.0607566757564268
2021-09-25,0.9438247464169778
2021-09-26,0.7306317820271311
2021-09-27,1.192357344432865
2021-09-28,1.0065455405924368
2021-09-29,1.3781377007350397
2021-09-30,0.7896307492902886
2021-10-01,0.9415284331835906
2021-10-02,0.9002198026449256
2021-10-03,1.3683738966547512
2021-10-04,0.8501615242686409
2021-10-05,0.45205612627129244
2021-10-06,1.0923344810876807
2021-10-07,0.8355768751839087
2021-10-08,0.6076653538676179
2021-10-09,0.9279759447692029
2021-10-10,0.781910647732432
2021-10-11,0.6243392666273364
2021-10-12,0.6326372105674734
2021-10-13,0.5360331591264208
2021-10-14,0.4353386480698681
2021-10-15,0.4099471303910348
2021-10-16,0.42598130702601117
2021-10-17,0.5858947474666034
2021-10-18,0.49939117673940847
2021-10-19,0.5054337952130132
2021-10-20,1.1015409554968727
2021-10-21,0.6352644072346949
2021-10-22,0.5489129815160398
2021-10-23,0.4020369367048475
2021-10-24,0.423100904187819
2021-10-25,0.3964235754258124
2021-10-26,0.3676870552329572
2021-10-27,0.43781623392545266
2021-10-28,0.4408325650119867
2021-10-29,1.0158603655550447
2021-10-30,0.6064975545847465
2021-10-31,0.46398658577964363
2021-11-01,0.11919436621223602
2021-11-02,0.6324986557878001
2021-11-03,0.5962086446463447
2021-11-04,0.4232019778216067
2021-11-05,0.35884274244586145
2021-11-06,0.5508937161703835
2021-11-07,0.4692571831175063
2021-11-08,0.3847499903897592
2021-11-09,0.41428486992287783
2021-11-10,0.446113760768516
2021-11-11,0.32055411628194375
2021-11-12,0.3558994703848534
2021-11-13,0.2781052052633779
2021-11-14,0.11235539781130095
2021-11-15,0.195868453600915
2021-11-16,0.296219871070354
2021-11-17,0.2508815621078792
2021-11-18,0.2893780515785813
2021-11-19,0.2595462907888517
2021-11-20,0.2746142959248949
2021-11-21,0.13753416405929625
2021-11-22,0.17009435817359844
2021-11-23,0.1886297684667018
2021-11-24,0.21896498484493038
2021-11-25,0.14603041987482332
2021-11-26,0.2057549422918912
2021-11-27,0.5496010285172297
2021-11-28,0.5601136838642613
2021-11-29,0.5210658449039001
2021-11-30,0.48286821055444784
2021-12-01,0.4372560400319488
2021-12-02,0.5706070686952668
2021-12-03,0.6052678413732023
2021-12-04,0.4289095889868676
2021-12-05,0.6912241868324451
2021-12-06,0.3810138830687465
2021-12-07,0.6028307243396842
2021-12-08,0.42502456838631636
2021-12-09,0.6191451410057972
2021-12-10,0.45786241580613274
2021-12-11,0.5794984654581453
2021-12-12,0.3018559297567471
2021-12-13,0.09946455452011564
2021-12-14,0.16914721549403494
2021-12-15,0.1463444741931402
2021-12-16,0.08150006110748324
2021-12-17,0.12823245037443703
2021-12-18,0.15183451783997348
2021-12-19,0.091488364243228
2021-12-20,0.08901503764793704
2021-12-21,0.07986698742221483
2021-12-22,0.17694814165676032
2021-12-23,0.16118044689188282
2021-12-24,0.14187411637150776
2021-12-25,0.11338947614876106
2021-12-26,0.14526880600232953
2021-12-27,0.1498075133049765
2021-12-28,0.2644773643588181
2021-12-29,0.09923879481758603
2021-12-30,0.18837110553969627
2021-12-31,0.2757133526861941
2022-01-01,0.2644609349622507
2022-01-02,0.19110220568484393
2022-01-03,0.23025474365172705
2022-01-04,0.19073531322768358
2022-01-05,0.7448518184326445
2022-01-06,0.46851852519580406
2022-01-07,0.3374730273241919
2022-01-08,0.41000236698262066
2022-01-09,0.5162881184864547
2022-01-10,0.459510549056319
2022-01-11,0.27431012970371443
2022-01-12,0.21170079261295088
2022-01-13,0.28577961216788456
2022-01-14,0.21908856708972235
2022-01-15,0.2065219688900715
2022-01-16,0.2067110751847335
2022-01-17,0.18247781430600696
2022-01-18,0.09997049250927861
2022-01-19,0.14893183349840275
2022-01-20,0.37295390938149353
2022-01-21,0.24948786127546874
2022-01-22,0.12306384255539131
2022-01-23,0.09718683209159315
2022-01-24,0.07044162305090353
2022-01-25,0.0779779645771061
2022-01-26,0.10848497514956723
2022-01-27,0.1641842346580003
2022-01-28,0.23653680345900524
2022-01-29,0.09953652886497548
2022-01-30,0.29839911985420325
2022-01-31,0.7005277162076571
2022-02-01,0.6597699639576683
2022-02-02,0.5322841049176128
2022-02-03,0.40903443947418633
2022-02-04,0.40108684602057176
2022-02-05,0.49630140826692193
2022-02-06,0.4728517308737322
2022-02-07,0.7020191412850607
2022-02-08,0.43714243688844717
2022-02-09,0.6862963904970126
2022-02-10,0.2590014988971849
2022-02-11,0.6225191246408198
2022-02-12,0.5361000037803741
2022-02-13,0.5153084662418229
2022-02-14,0.32793597476150743
2022-02-15,1.0455465263164154
2022-02-16,0.4527414749724289
2022-02-17,0.8107112367163481
2022-02-18,0.3974827452023169
2022-02-19,0.9637020865753478
2022-02-20,0.1918482735223255
2022-02-21,0.5853852024973998
2022-02-22,0.982643388370447
2022-02-23,0.683113624781427
2022-02-24,0.6157324793822738
2022-02-25,0.47185285240175245
2022-02-26,0.33118787961781004
2022-02-27,0.20944553716443537
2022-02-28,0.10938221381746616
2022-03-01,0.20934273085197805
2022-03-02,0.16774870358561672
2022-03-03,0.11946710224271313
2022-03-04,0.21195389524990263
2022-03-05,0.13590601232803265
2022-03-06,0.10445378049935622
2022-03-07,0.14847193233109277
2022-03-08,0.12356266016279416
2022-03-09,0.11300425497325595
2022-03-10,0.2198254974824095
2022-03-11,0.333570491074428
2022-03-12,0.3065398232647401
2022-03-13,0.38131333496910313
2022-03-14,0.2206993676491274
2022-03-15,0.21532461155021543
2022-03-16,0.176546213680924
2022-03-17,0.2663810044729887
2022-03-18,0.2388760585984438
2022-03-19,0.37682245558177196
2022-03-20,0.6011984080131142
2022-03-21,0.3460261887869778
2022-03-22,0.5127952941651573
2022-03-23,0.4982081459727022
2022-03-24,0.34353129857848946
2022-03-25,0.2605023040190964
2022-03-26,0.628203728368429
2022-03-27,0.5002200411364088
2022-03-28,0.5405796179910815
2022-03-29,0.7001272643188747
2022-03-30,0.43187850782871856
2022-03-31,0.5475689048840877
2022-04-01,1.0615833614806949
2022-04-02,0.8902382219715288
2022-04-03,0.49894904080808766
2022-04-04,0.3111548834486829
2022-04-05,0.5717175912418374
2022-04-06,0.4176049560947928
2022-04-07,0.6622905403501932
2022-04-08,0.6885779146342584
2022-04-09,0.5719549758634762
2022-04-10,0.7225137684417565
2022-04-11,0.33228803030277465
2022-04-12,0.7196371919445953
2022-04-13,0.6368298957725722
2022-04-14,0.6356000418732191
2022-04-15,0.6149086068188176
2022-04-16,0.6718558124405196
2022-04-17,0.5876293723897049
2022-04-18,0.639706876979671
2022-04-19,0.7010467333312945
2022-04-20,0.6569904436187852
2022-04-21,0.6928312884960199
2022-04-22,0.7129043287029709
2022-04-23,1.1615686669043757
2022-04-24,1.643236659273289
2022-04-25,1.2348379064298356
2022-04-26,1.2995756195119017
2022-04-27,1.390078233958974
2022-04-28,0.9414386002845703
2022-04-29,0.9954818841891155
2022-04-30,1.3161849227773919
2022-05-01,0.9259506122094222
2022-05-02,1.1062803150704354
2022-05-03,1.106867043417944
2022-05-04,1.543231758790438
2022-05-05,1.3182296942177787
2022-05-06,1.0574086939023082
2022-05-07,0.9856614688603841
2022-05-08,1.1085268299149662
2022-05-09,1.819245662574633
2022-05-10,1.5898402794700544
2022-05-11,1.9140299211505427
2022-05-12,1.428702110028465
2022-05-13,1.1817443792935929
2022-05-14,1.2436558371853794
2022-05-15,1.5070836664256944
2022-05-16,1.361446060643031
2022-05-17,2.294876144781335
2022-05-18,1.5641563926526258
2022-05-19,1.653542332842182
2022-05-20,2.0345400399625344
2022-05-21,1.329734300759526
2022-05-22,1.86354082790646
2022-05-23,2.347911456479993
2022-05-24,1.0226100887514147
2022-05-25,1.2685852441504546
2022-05-26,1.2562685291556834
2022-05-27,1.6064915728166833
2022-05-28,1.2857463385375882
2022-05-29,1.4079190951332559
2022-05-30,0.7638510710238404
2022-05-31,1.3244967111559292
2022-06-01,1.2596193070401058
2022-06-02,1.9395644745771565
2022-06-03,1.1315097934985052
2022-06-04,2.581792646598354
2022-06-05,1.5014571533713992
2022-06-06,1.851613114965617
2022-06-07,1.5091334025527916
2022-06-08,1.3305536329684287
2022-06-09,1.8606545914094619
2022-06-10,1.5077004782424672
2022-06-11,1.069832757979105
2022-06-12,1.2276396849837825
2022-06-13,1.9868756091384658
2022-06-14,1.1652458055016623
2022-06-15,1.7100261423236853
2022-06-16,2.0831958816350236
2022-06-17,1.2544482892408262
2022-06-18,1.3056481195379472
2022-06-19,2.036215195844446
2022-06-20,1.3978546872265394
2022-06-21,1.9218680181246315
2022-06-22,1.2826229362808665
2022-06-23,2.7710746688249834
2022-06-24,1.8024639523115136
2022-06-25,1.780433787916702
2022-06-26,1.7173486889519476
2022-06-27,2.3253039214135236
2022-06-28,1.2272914866634457
2022-06-29,1.888502644068452
2022-06-30,2.762189915453072
2022-07-01,1.2539420125379859
2022-07-02,1.9060349102902394
2022-07-03,1.704732486474826
2022-07-04,1.5936264065138197
2022-07-05,1.877299072225905
2022-07-06,1.550193605115034
2022-07-07,1.2313348801233726
2022-07-08,1.6320893541213546
2022-07-09,1.2655898716921399
2022-07-10,0.9786075977434809
2022-07-11,1.4932418654532673
2022-07-12,1.462475769290239
2022-07-13,1.3662980442408605
2022-07-14,2.1444859879939706
2022-07-15,1.3334749489713988
2022-07-16,1.332583012512252
2022-07-17,1.2175472381009884
2022-07-18,0.9793314085187927
2022-07-19,1.3122768108852305
2022-07-20,2.0676733975941417
2022-07-21,1.9587589067787057
2022-07-22,1.7523605110498426
2022-07-23,2.033499120164809
2022-07-24,2.0161627750692674
2022-07-25,1.9829588125789268
2022-07-26,2.011897500376318
2022-07-27,1.8503307869492087
2022-07-28,2.369731835029309
2022-07-29,1.536650084103497
2022-07-30,1.9967449856475072
2022-07-31,0.9979800016711549
2022-08-01,1.5588402728770319
2022-08-02,1.8765140388840789
2022-08-03,1.303183520411811
2022-08-04,1.331080679658497
2022-08-05,1.1841408513990135
2022-08-06,1.6162533600631033
2022-08-07,1.4968835701555467
2022-08-08,1.292054359934728
2022-08-09,1.1698133357207698
2022-08-10,0.9783461418790006
2022-08-11,1.2244018442167295
2022-08-12,1.0417621068736946
2022-08-13,0.8866234022879051
2022-08-14,1.4711845358421438
2022-08-15,1.4065192436565788
2022-08-16,1.0589526127939992
2022-08-17,1.5778382880172186
2022-08-18,1.7622105297564472
2022-08-19,0.9205009142939536
2022-08-20,2.4562518033769085
2022-08-21,1.3187191143184707
2022-08-22,1.1195631399558423
2022-08-23,0.9279478751793988
2022-08-24,0.978989076313308
2022-08-25,1.01066803368796
2022-08-26,1.3633628865293759
2022-08-27,1.3789001332572555
2022-08-28,1.690367050163669
2022-08-29,1.0911203951072947
2022-08-30,0.9710166571602932
2022-08-31,0.8161574913434643
2022-09-01,1.2979169822091114
2022-09-02,1.022564779865651
2022-09-03,1.358932662906928
2022-09-04,1.8864387264196136
2022-09-05,1.249018208096861
2022-09-06,1.5951692655036203
2022-09-07,1.2373675845035221
2022-09-08,1.9537029943740916
2022-09-09,1.3264073865121564
2022-09-10,1.6564178513834678
2022-09-11,1.8732155681984255
2022-09-12,1.2286046162938238
2022-09-13,1.1236051773055662
2022-09-14,0.8669157007345899
2022-09-15,1.7735348841713385
2022-09-16,1.444457648009058
2022-09-17,1.0665675163672392
2022-09-18,1.4096018775439296
2022-09-19,0.8782710666388334
2022-09-20,0.7559932036439837
2022-09-21,0.8655569725951431
2022-09-22,0.8483131033138116
2022-09-23,1.1074434731145921
2022-09-24,0.5766974170688953
2022-09-25,1.2612483217976662
2022-09-26,1.1463566020782787
2022-09-27,1.1560696603022933
2022-09-28,0.8284507845954684
2022-09-29,0.9290896876297675
2022-09-30,0.6145987317248761
2022-10-01,0.7436705302015308
2022-10-02,1.2248481905868989
2022-10-03,1.1096557366246604
2022-10-04,0.9905276448519644
2022-10-05,0.9715869769392905
2022-10-06,0.8648873224291129
2022-10-07,0.7928355074796781
2022-10-08,0.8516155298690113
2022-10-09,0.6389117551997371
2022-10-10,0.9734287922904177
2022-10-11,0.5902118412061584
2022-10-12,0.7980929440333318
2022-10-13,0.8613548887970723
2022-10-14,0.4975664636866835
2022-10-15,0.6777592224927242
2022-10-16,0.785268157186372
2022-10-17,0.5111069987226236
2022-10-18,0.5634205461034564
2022-10-19,0.5175819396022755
2022-10-20,0.7499323391366031
2022-10-21,0.5552354780403242
2022-10-22,0.7922421518937063
2022-10-23,0.7805234358933223
2022-10-24,0.3130340742683318
2022-10-25,0.8184597159155569
2022-10-26,0.7159861982019335
2022-10-27,0.7828201144046762
2022-10-28,0.7480932691932366
2022-10-29,0.828198517224575
2022-10-30,0.7596627430015382
2022-10-31,1.0021689147051134
2022-11-01,0.6493666561681988
2022-11-02,0.46939066897537196
2022-11-03,0.7953743233734584
2022-11-04,0.5667046977169217
2022-11-05,0.5646077048914833
2022-11-06,0.7216221514289408
2022-11-07,0.46655955739674976
2022-11-08,0.7385556421424393
2022-11-09,0.34226602863284444
2022-11-10,0.6334628734163007
2022-11-11,0.2958165601890847
2022-11-12,0.4750519952703145
2022-11-13,0.5328851602332896
2022-11-14,0.889744000764347
2022-11-15,0.28789028329706057
2022-11-16,0.6473483746650474
2022-11-17,0.5485971680582877
2022-11-18,0.7705589383681306
2022-11-19,0.4804582955960087
2022-11-20,0.5815362013339443
2022-11-21,0.694744637922592
2022-11-22,0.6185922209676781
2022-11-23,0.6930217769398153
2022-11-24,0.5095865195204251
2022-11-25,0.4098563848750241
2022-11-26,0.4163727605639382
2022-11-27,0.3580013297727284
2022-11-28,0.28663370186103726
2022-11-29,0.33350879293565594
2022-11-30,0.24143483613745195
2022-12-01,0.24850295925711943
2022-12-02,0.24547440292019668
2022-12-03,0.2502446818246885
2022-12-04,0.13117774213606914
2022-12-05,0.23733695219624093
2022-12-06,0.16385116071124325
2022-12-07,0.24261814465649376
2022-12-08,0.2967074838392375
2022-12-09,0.1783379475488861
2022-12-10,0.16197455579658684
2022-12-11,0.43322901173208084
2022-12-12,0.1678606883310845
2022-12-13,0.31296584729322974
2022-12-14,0.2482325427487373
2022-12-15,0.16581290705334673
2022-12-16,0.18579323666224054
2022-12-17,0.29660789533506104
2022-12-18,0.6129801577403134
2022-12-19,0.42193944802936456
2022-12-20,0.22297820364115037
2022-12-21,0.1977123601248914
2022-12-22,0.28915796854875203
2022-12-23,0.33805129970182474
2022-12-24,0.3662192695373029
2022-12-25,0.6132860814334543
2022-12-26,0.3056209754865334
2022-12-27,0.41178020049918607
2022-12-28,0.42865082728826664
2022-12-29,0.3812674739387594
2022-12-30,0.33705154631096806
2022-12-31,0.27129415717821165
