date,depth,SWP
2020-05-05,800,-42.495164134920635
2020-05-05,500,-81.80617605555555
2020-05-05,150,-134.28310781746032
2020-05-06,800,-40.37111388888889
2020-05-06,500,-77.27229930555555
2020-05-06,150,-111.52476629629629
2020-05-07,800,-37.79518606481482
2020-05-07,500,-68.05336412037038
2020-05-07,150,-95.48943750000001
2020-05-08,800,-35.17032787037037
2020-05-08,500,-66.48969601851852
2020-05-08,150,-95.96321106481481
2020-05-09,800,-34.201162314814816
2020-05-09,500,-66.30317097222222
2020-05-09,150,-97.14937606481482
2020-05-10,800,-33.956009120370375
2020-05-10,500,-66.4419499537037
2020-05-10,150,-98.33380833333332
2020-05-11,800,-33.88165884259259
2020-05-11,500,-66.64397532407408
2020-05-11,150,-99.65579458333333
2020-05-12,800,-34.09160222222222
2020-05-12,500,-67.18504949074074
2020-05-12,150,-101.66199342592593
2020-05-13,800,-34.28117147222222
2020-05-13,500,-67.71068111111111
2020-05-13,150,-103.37603018518519
2020-05-14,800,-34.580031939814816
2020-05-14,500,-68.19177703703704
2020-05-14,150,-104.46545722222223
2020-05-15,800,-34.848886847222225
2020-05-15,500,-68.57990208333334
2020-05-15,150,-105.26428324074075
2020-05-16,800,-35.11138931018518
2020-05-16,500,-68.76371037037038
2020-05-16,150,-100.57900120370371
2020-05-17,800,-35.015211398148146
2020-05-17,500,-68.1955948611111
2020-05-17,150,-88.06879124999999
2020-05-18,800,-34.97117175925926
2020-05-18,500,-67.37967935185186
2020-05-18,150,-88.65475597222222
2020-05-19,800,-34.861222222222224
2020-05-19,500,-67.20444254629629
2020-05-19,150,-89.55001078703704
2020-05-20,800,-34.80169319444445
2020-05-20,500,-67.3498912962963
2020-05-20,150,-90.6363137037037
2020-05-21,800,-34.888628564814816
2020-05-21,500,-67.68656708333333
2020-05-21,150,-92.01494032407408
2020-05-22,800,-35.05706322685185
2020-05-22,500,-68.12764847222222
2020-05-22,150,-93.3241623611111
2020-05-23,800,-35.27052207407407
2020-05-23,500,-68.63267944444445
2020-05-23,150,-94.50528115740741
2020-05-24,800,-35.62547291203704
2020-05-24,500,-69.24789259259259
2020-05-24,150,-96.12281472222223
2020-05-25,800,-35.93600181018519
2020-05-25,500,-69.88164222222223
2020-05-25,150,-97.7571086574074
2020-05-26,800,-36.47787921296296
2020-05-26,500,-70.47092574074074
2020-05-26,150,-99.33766115740741
2020-05-27,800,-37.778119893518515
2020-05-27,500,-71.06536898148148
2020-05-27,150,-100.82143555555555
2020-05-28,800,-38.905124685185186
2020-05-28,500,-71.58982157407408
2020-05-28,150,-102.20946722222223
2020-05-29,800,-39.79654597222222
2020-05-29,500,-72.06156717592593
2020-05-29,150,-103.59744462962963
2020-05-30,800,-40.299325092592596
2020-05-30,500,-72.62959819444444
2020-05-30,150,-105.06204342592592
2020-05-31,800,-42.01650680555556
2020-05-31,500,-73.28419888888888
2020-05-31,150,-106.68592694444445
2020-06-01,800,-42.831078425925924
2020-06-01,500,-73.8754087037037
2020-06-01,150,-108.47822300925927
2020-06-02,800,-43.4246725
2020-06-02,500,-74.52393300925925
2020-06-02,150,-109.99078648148148
2020-06-03,800,-43.99551625
2020-06-03,500,-75.00680023148149
2020-06-03,150,-111.58119333333333
2020-06-04,800,-44.65354865740741
2020-06-04,500,-75.53857782407408
2020-06-04,150,-107.41451064814815
2020-06-05,800,-44.69569625
2020-06-05,500,-73.38989449074074
2020-06-05,150,-70.44139114814814
2020-06-06,800,-44.259985925925925
2020-06-06,500,-72.57839203703703
2020-06-06,150,-77.99822763888889
2020-06-07,800,-37.971470787037035
2020-06-07,500,-61.84374939814815
2020-06-07,150,-60.827288162037036
2020-06-08,800,-14.863182712962962
2020-06-08,500,-24.475089342592593
2020-06-08,150,-40.05698126851852
2020-06-09,800,-1.0081214305555555
2020-06-09,500,-12.82848085185185
2020-06-09,150,-37.43086533796296
2020-06-10,800,-1
2020-06-10,500,-2.014080490740741
2020-06-10,150,-34.07331581481482
2020-06-11,800,-1
2020-06-11,500,-1.329763050925926
2020-06-11,150,-35.3404137037037
2020-06-12,800,-1
2020-06-12,500,-5.753710902777778
2020-06-12,150,-40.919783611111114
2020-06-13,800,-1
2020-06-13,500,-10.158064675925926
2020-06-13,150,-46.36384092592593
2020-06-14,800,-1.0752595046296296
2020-06-14,500,-14.437187041666666
2020-06-14,150,-50.02770046296296
2020-06-15,800,-1.3401311805555556
2020-06-15,500,-17.622720555555556
2020-06-15,150,-51.910350092592594
2020-06-16,800,-1.5868220462962963
2020-06-16,500,-18.776259490740742
2020-06-16,150,-52.55950101851852
2020-06-17,800,-1.733579861111111
2020-06-17,500,-19.50456527777778
2020-06-17,150,-51.98303740740741
2020-06-18,800,-1.5198682175925926
2020-06-18,500,-18.12799962037037
2020-06-18,150,-48.38868879629629
2020-06-19,800,-1.3546720277777777
2020-06-19,500,-17.799727949074075
2020-06-19,150,-48.53514078703704
2020-06-20,800,-1.2895800509259259
2020-06-20,500,-17.556487356481483
2020-06-20,150,-49.265263240740744
2020-06-21,800,-1.3866136018518518
2020-06-21,500,-18.93436433796296
2020-06-21,150,-51.69774898148148
2020-06-22,800,-1.5821686203703704
2020-06-22,500,-20.671237685185183
2020-06-22,150,-53.97018958333333
2020-06-23,800,-1.813696310185185
2020-06-23,500,-22.131293333333332
2020-06-23,150,-56.11885074074074
2020-06-24,800,-2.0810562824074075
2020-06-24,500,-23.902579814814814
2020-06-24,150,-57.97580939814815
2020-06-25,800,-2.3504336712962965
2020-06-25,500,-26.25214939814815
2020-06-25,150,-59.46770023148148
2020-06-26,800,-2.9010513564814815
2020-06-26,500,-28.307236898148147
2020-06-26,150,-60.98648351851852
2020-06-27,800,-3.7819352546296297
2020-06-27,500,-29.978835972222225
2020-06-27,150,-62.31754458333334
2020-06-28,800,-5.008283416666667
2020-06-28,500,-31.569229768518518
2020-06-28,150,-63.60431722222222
2020-06-29,800,-7.081823615740741
2020-06-29,500,-32.94068564814815
2020-06-29,150,-64.66527171296296
2020-06-30,800,-9.00523763888889
2020-06-30,500,-34.035874722222225
2020-06-30,150,-65.42581416666667
2020-07-01,800,-10.752472430555557
2020-07-01,500,-34.81554310185185
2020-07-01,150,-61.995245555555556
2020-07-02,800,-9.981347449074075
2020-07-02,500,-33.68973138888889
2020-07-02,150,-55.78911314814815
2020-07-03,800,-6.9383460324074075
2020-07-03,500,-32.19296
2020-07-03,150,-51.74395342592593
2020-07-04,800,-4.764538361111111
2020-07-04,500,-31.03102013888889
2020-07-04,150,-54.44106162037037
2020-07-05,800,-4.587349648148148
2020-07-05,500,-31.644035787037037
2020-07-05,150,-57.52641495370371
2020-07-06,800,-4.96320575
2020-07-06,500,-32.31044884259259
2020-07-06,150,-59.77949703703704
2020-07-07,800,-5.887078722222222
2020-07-07,500,-33.004247407407405
2020-07-07,150,-61.86838800925926
2020-07-08,800,-7.552735296296296
2020-07-08,500,-33.70342347222223
2020-07-08,150,-63.8038075462963
2020-07-09,800,-9.47673575925926
2020-07-09,500,-34.39271462962963
2020-07-09,150,-65.48359351851852
2020-07-10,800,-11.772921097222223
2020-07-10,500,-35.223511342592595
2020-07-10,150,-66.84263143518518
2020-07-11,800,-13.126069212962964
2020-07-11,500,-35.83465564814814
2020-07-11,150,-66.31734226851852
2020-07-12,800,-13.565637222222222
2020-07-12,500,-35.868729351851854
2020-07-12,150,-66.27816060185185
2020-07-13,800,-14.289617175925926
2020-07-13,500,-36.23169717592593
2020-07-13,150,-67.09683277777778
2020-07-14,800,-15.183973333333332
2020-07-14,500,-36.91887199074074
2020-07-14,150,-67.996671481481485
2020-07-15,800,-16.30462412037037
2020-07-15,500,-37.96512671296296
2020-07-15,150,-69.10279453703703
2020-07-16,800,-18.062308194444444
2020-07-16,500,-39.025481990740744
2020-07-16,150,-70.06111467592592
2020-07-17,800,-18.310788935185187
2020-07-17,500,-38.37700300925926
2020-07-17,150,-58.462759444444444
2020-07-18,800,-16.92811726851852
2020-07-18,500,-37.09116648148148
2020-07-18,150,-57.86651939814815
2020-07-19,800,-15.178443449074074
2020-07-19,500,-36.888008425925925
2020-07-19,150,-61.644336064814816
2020-07-20,800,-13.926556902777778
2020-07-20,500,-37.161090370370374
2020-07-20,150,-63.975078333333336
2020-07-21,800,-14.557411592592594
2020-07-21,500,-37.59752078703704
2020-07-21,150,-65.91024143518518
2020-07-22,800,-15.729487671296296
2020-07-22,500,-38.052943240740746
2020-07-22,150,-67.55742722222222
2020-07-23,800,-16.625917731481483
2020-07-23,500,-38.71663898148148
2020-07-23,150,-69.01024824074074
2020-07-24,800,-17.48993074074074
2020-07-24,500,-39.379402731481484
2020-07-24,150,-70.26027314814814
2020-07-25,800,-18.514167407407406
2020-07-25,500,-40.0858850925926
2020-07-25,150,-70.77577865740741
2020-07-26,800,-19.280765416666668
2020-07-26,500,-41.101127175925924
2020-07-26,150,-71.5782449537037
2020-07-27,800,-20.311221296296296
2020-07-27,500,-42.13993402777778
2020-07-27,150,-72.97039041666666
2020-07-28,800,-21.353046203703705
2020-07-28,500,-43.30213166666667
2020-07-28,150,-74.37986875
2020-07-29,800,-22.412765833333335
2020-07-29,500,-44.32869347222223
2020-07-29,150,-76.03491333333334
2020-07-30,800,-23.630850092592592
2020-07-30,500,-45.70690898148148
2020-07-30,150,-77.56286953703705
2020-07-31,800,-24.818954722222223
2020-07-31,500,-46.911940925925926
2020-07-31,150,-79.3310937037037
2020-08-01,800,-26.111088055555555
2020-08-01,500,-48.2457525
2020-08-01,150,-81.36861675925925
2020-08-02,800,-27.428360787037036
2020-08-02,500,-49.661969490740745
2020-08-02,150,-83.77004055555555
2020-08-03,800,-27.929037175925927
2020-08-03,500,-49.98756189814815
2020-08-03,150,-80.79915115740741
2020-08-04,800,-24.821297564814817
2020-08-04,500,-44.74730805555556
2020-08-04,150,-47.41180083333333
2020-08-05,800,-18.85034986111111
2020-08-05,500,-40.380238703703704
2020-08-05,150,-54.39778342592592
2020-08-06,800,-18.217362962962962
2020-08-06,500,-41.128317546296294
2020-08-06,150,-60.15645189814815
2020-08-07,800,-18.263554675925928
2020-08-07,500,-42.07371532407407
2020-08-07,150,-63.58778347222222
2020-08-08,800,-18.57659889351852
2020-08-08,500,-43.00689699074074
2020-08-08,150,-66.23336314814814
2020-08-09,800,-19.37246624537037
2020-08-09,500,-43.91279407407408
2020-08-09,150,-69.01069606481482
2020-08-10,800,-21.013211125
2020-08-10,500,-44.836792777777774
2020-08-10,150,-71.55318212962963
2020-08-11,800,-22.67727487037037
2020-08-11,500,-45.22543472222222
2020-08-11,150,-71.87610212962963
2020-08-12,800,-23.715748148148148
2020-08-12,500,-45.79566810185185
2020-08-12,150,-72.64583212962962
2020-08-13,800,-24.65244212962963
2020-08-13,500,-46.62828648148148
2020-08-13,150,-74.14728166666667
2020-08-14,800,-25.501562222222223
2020-08-14,500,-47.48080050925926
2020-08-14,150,-76.45491833333332
2020-08-15,800,-26.427013425925928
2020-08-15,500,-48.29462703703704
2020-08-15,150,-78.51016106481481
2020-08-16,800,-27.394896944444444
2020-08-16,500,-49.17104310185185
2020-08-16,150,-80.65842435185185
2020-08-17,800,-28.09472912037037
2020-08-17,500,-49.577783564814816
2020-08-17,150,-66.78590092592593
2020-08-18,800,-26.857094444444446
2020-08-18,500,-47.80656722222222
2020-08-18,150,-63.432653611111114
2020-08-19,800,-26.321449814814816
2020-08-19,500,-47.82872893518518
2020-08-19,150,-67.66729324074073
2020-08-20,800,-26.43886722222222
2020-08-20,500,-48.18086074074074
2020-08-20,150,-70.77432976851853
2020-08-21,800,-26.84508328703704
2020-08-21,500,-48.583628194444444
2020-08-21,150,-73.50233814814814
2020-08-22,800,-27.351903749999998
2020-08-22,500,-49.09198347222222
2020-08-22,150,-75.75324231481481
2020-08-23,800,-27.928440555555554
2020-08-23,500,-49.60725185185185
2020-08-23,150,-78.09919393518518
2020-08-24,800,-28.687508101851854
2020-08-24,500,-50.30734532407408
2020-08-24,150,-80.62456231481481
2020-08-25,800,-29.82337412037037
2020-08-25,500,-51.363932222222225
2020-08-25,150,-83.64215842592593
2020-08-26,800,-31.481881574074073
2020-08-26,500,-53.15819662037037
2020-08-26,150,-87.17277564814815
2020-08-27,800,-32.6325637037037
2020-08-27,500,-55.08606560185185
2020-08-27,150,-90.88865717592593
2020-08-28,800,-33.885966574074075
2020-08-28,500,-57.01515282407408
2020-08-28,150,-84.42988767592593
2020-08-29,800,-13.12597487962963
2020-08-29,500,-19.31374140277778
2020-08-29,150,-35.90222346759259
2020-08-30,800,-1
2020-08-30,500,-1.350499875
2020-08-30,150,-32.072054046296294
2020-08-31,800,-1
2020-08-31,500,-7.82346486574074
2020-08-31,150,-39.621588287037035
2020-09-01,800,-1.0667754907407407
2020-09-01,500,-12.858060592592592
2020-09-01,150,-44.99396842592593
2020-09-02,800,-1.4114577407407407
2020-09-02,500,-17.48894236111111
2020-09-02,150,-49.23630032407407
2020-09-03,800,-1.8980515555555555
2020-09-03,500,-21.056908287037036
2020-09-03,150,-53.94683884259259
2020-09-04,800,-2.416167037037037
2020-09-04,500,-24.241359583333335
2020-09-04,150,-57.44849736111111
2020-09-05,800,-2.93313175462963
2020-09-05,500,-26.647642407407407
2020-09-05,150,-59.794013148148146
2020-09-06,800,-3.6907602314814816
2020-09-06,500,-28.367718611111112
2020-09-06,150,-61.3729187962963
2020-09-07,800,-4.298598310185185
2020-09-07,500,-28.829496111111112
2020-09-07,150,-56.980169583333335
2020-09-08,800,-3.65320762962963
2020-09-08,500,-28.551374444444445
2020-09-08,150,-57.06769837962963
2020-09-09,800,-3.4941050555555555
2020-09-09,500,-28.747728425925924
2020-09-09,150,-59.473110416666664
2020-09-10,800,-3.6675876296296295
2020-09-10,500,-29.63383305555556
2020-09-10,150,-58.35975263888889
2020-09-11,800,-2.7791812592592593
2020-09-11,500,-29.110339675925925
2020-09-11,150,-53.78780611111111
2020-09-12,800,-2.7039882314814814
2020-09-12,500,-29.422066342592593
2020-09-12,150,-56.89599472222222
2020-09-13,800,-3.2644027638888886
2020-09-13,500,-30.44530837962963
2020-09-13,150,-59.187445277777776
2020-09-14,800,-4.300652625
2020-09-14,500,-31.538679490740744
2020-09-14,150,-61.261559444444444
2020-09-15,800,-6.019901513888889
2020-09-15,500,-32.602813796296296
2020-09-15,150,-63.036563657407406
2020-09-16,800,-8.510728217592593
2020-09-16,500,-34.071864490740744
2020-09-16,150,-64.78804439814814
2020-09-17,800,-10.633461222222222
2020-09-17,500,-35.43340787037037
2020-09-17,150,-66.81467453703704
2020-09-18,800,-12.720175648148148
2020-09-18,500,-36.6478399537037
2020-09-18,150,-69.0778150462963
2020-09-19,800,-15.21856388888889
2020-09-19,500,-37.98505606481481
2020-09-19,150,-71.00210009259258
2020-09-20,800,-16.5160324537037
2020-09-20,500,-39.350868425925924
2020-09-20,150,-72.49653916666666
2020-09-21,800,-17.937644768518517
2020-09-21,500,-40.800261712962964
2020-09-21,150,-74.16272689814815
2020-09-22,800,-19.359036898148148
2020-09-22,500,-42.25697699074074
2020-09-22,150,-75.72337453703703
2020-09-23,800,-21.304123842592592
2020-09-23,500,-43.477925416666665
2020-09-23,150,-77.29484745370371
2020-09-24,800,-21.703303203703705
2020-09-24,500,-43.10037009259259
2020-09-24,150,-72.24616175925927
2020-09-25,800,-6.902477069444444
2020-09-25,500,-16.220886374603175
2020-09-25,150,-38.38690926851852
2020-09-26,800,-1
2020-09-26,500,-16.276884296296295
2020-09-26,150,-45.418035
2020-09-27,800,-1.000334962962963
2020-09-27,500,-20.130793333333333
2020-09-27,150,-47.76700731481482
2020-09-28,800,-1
2020-09-28,500,-16.782519375
2020-09-28,150,-45.59465055555556
2020-09-29,800,-1
2020-09-29,500,-12.471355243055555
2020-09-29,150,-42.31188958333333
2020-09-30,800,-1
2020-09-30,500,-4.587907256944445
2020-09-30,150,-41.334499120370374
2020-10-01,800,-1
2020-10-01,500,-6.759977430555556
2020-10-01,150,-44.78878212962963
2020-10-02,800,-1.0005679166666666
2020-10-02,500,-8.619966381944444
2020-10-02,150,-48.489198101851855
2020-10-03,800,-1.0392191944444444
2020-10-03,500,-8.359309055555554
2020-10-03,150,-42.07434784722222
2020-10-04,800,-1
2020-10-04,500,-5.433511534722222
2020-10-04,150,-42.68482462962963
2020-10-05,800,-1
2020-10-05,500,-7.476216145833333
2020-10-05,150,-44.94785263888889
2020-10-06,800,-1
2020-10-06,500,-9.269931111111111
2020-10-06,150,-47.57313712962963
2020-10-07,800,-1.0824616574074073
2020-10-07,500,-15.655684861111112
2020-10-07,150,-50.11405833333333
2020-10-08,800,-1.3328431759259258
2020-10-08,500,-18.689820416666667
2020-10-08,150,-52.09844888888889
2020-10-09,800,-1.613264912037037
2020-10-09,500,-21.455999166666665
2020-10-09,150,-55.34570870370371
2020-10-10,800,-1.8067858981481482
2020-10-10,500,-23.653080735867444
2020-10-10,150,-57.848180138888885
2020-10-11,800,-2.0667827453703707
2020-10-11,500,-26.37648304466231
2020-10-11,150,-59.5578499537037
2020-10-12,800,-2.4798127037037037
2020-10-12,500,-27.77873611111111
2020-10-12,150,-60.792043148148146
2020-10-13,800,-2.8977448425925925
2020-10-13,500,-28.671093194444445
2020-10-13,150,-61.85495412037037
2020-10-14,800,-3.537204138888889
2020-10-14,500,-29.502589675925925
2020-10-14,150,-62.939132407407406
2020-10-15,800,-4.187052907407407
2020-10-15,500,-30.55820527777778
2020-10-15,150,-64.2343301388889
2020-10-16,800,-5.271519782407408
2020-10-16,500,-31.79614875
2020-10-16,150,-65.25738310185184
2020-10-17,800,-6.5876279212962965
2020-10-17,500,-32.606638287037036
2020-10-17,150,-66.15378222222222
2020-10-18,800,-8.348198962962963
2020-10-18,500,-33.32501657407407
2020-10-18,150,-66.97731555555555
2020-10-19,800,-10.295293810185186
2020-10-19,500,-33.945447916666666
2020-10-19,150,-67.56745050925926
2020-10-20,800,-12.065142592592592
2020-10-20,500,-34.35583467592593
2020-10-20,150,-68.24985425925925
2020-10-21,800,-12.933542268518519
2020-10-21,500,-34.879865324074075
2020-10-21,150,-69.08945458333334
2020-10-22,800,-13.66443013888889
2020-10-22,500,-35.44055972222222
2020-10-22,150,-69.80391587962963
2020-10-23,800,-14.342328981481481
2020-10-23,500,-35.79177800925926
2020-10-23,150,-69.54637066452992
2020-10-24,800,-14.615881527777777
2020-10-24,500,-35.1330187962963
2020-10-24,150,-56.76645966374269
2020-10-25,800,-12.932478611111112
2020-10-25,500,-33.85207537037037
2020-10-25,150,-56.72519041666667
2020-10-26,800,-9.005307731481482
2020-10-26,500,-32.79846740740741
2020-10-26,150,-62.00724395833333
2020-10-27,800,-8.571966476851852
2020-10-27,500,-32.217550555555555
2020-10-27,150,-63.62572708333334
2020-10-28,800,-8.539446587962964
2020-10-28,500,-31.802931712962963
2020-10-28,150,-63.62681423611111
2020-10-29,800,-8.297926078703703
2020-10-29,500,-30.94140810185185
2020-10-29,150,-57.95700027777778
2020-10-30,800,-5.739805055555555
2020-10-30,500,-21.64342675
2020-10-30,150,-49.72657986111111
2020-10-31,800,-1.0400719953703703
2020-10-31,500,-17.36447074074074
2020-10-31,150,-52.137510694444444
2020-11-01,800,-1
2020-11-01,500,-14.967013273148147
2020-11-01,150,-55.16645881944444
2020-11-02,800,-1
2020-11-02,500,-12.47434638888889
2020-11-02,150,-57.420807986111114
2020-11-03,800,-1
2020-11-03,500,-13.699159212962963
2020-11-03,150,-59.16608180555555
2020-11-04,800,-1.052894310185185
2020-11-04,500,-15.739961800925926
2020-11-04,150,-61.091539652777776
2020-11-05,800,-1.244642037037037
2020-11-05,500,-17.511819560185184
2020-11-05,150,-62.78601729166667
2020-11-06,800,-1.4857796435185187
2020-11-06,500,-18.96188939351852
2020-11-06,150,-64.13143236111111
2020-11-07,800,-1.7707187962962962
2020-11-07,500,-20.417911486111112
2020-11-07,150,-65.10352402777778
2020-11-08,800,-2.1653808796296294
2020-11-08,500,-21.541070125
2020-11-08,150,-65.92903979166667
2020-11-09,800,-2.7748291944444445
2020-11-09,500,-22.585482833333334
2020-11-09,150,-66.73136833333334
2020-11-10,800,-3.4622575925925925
2020-11-10,500,-23.606178773148148
2020-11-10,150,-67.54372708333332
2020-11-11,800,-4.25500336443662
2020-11-11,500,-24.562579495370372
2020-11-11,150,-68.38973763888889
2020-11-12,800,-5.315520560185186
2020-11-12,500,-25.631982935185185
2020-11-12,150,-69.19770770833334
2020-11-13,800,-6.320199861111111
2020-11-13,500,-26.58420784722222
2020-11-13,150,-69.99671194444444
2020-11-14,800,-7.712200120370371
2020-11-14,500,-27.554499046296296
2020-11-14,150,-70.6956461111111
2020-11-15,800,-10.10581611111111
2020-11-15,500,-28.530338412037036
2020-11-15,150,-71.43097618055556
2020-11-16,800,-11.420387333333334
2020-11-16,500,-29.42328856481482
2020-11-16,150,-72.09104708333334
2020-11-17,800,-12.929830921296297
2020-11-17,500,-30.48920736111111
2020-11-17,150,-72.80031375
2020-11-18,800,-14.030546430555555
2020-11-18,500,-31.00685634259259
2020-11-18,150,-73.47340680555556
2020-11-19,800,-15.503939166666667
2020-11-19,500,-31.42672898148148
2020-11-19,150,-73.95275409722223
2020-11-20,800,-17.48089537037037
2020-11-20,500,-32.006705000000004
2020-11-20,150,-74.66510541666666
2020-11-21,800,-18.478644768518517
2020-11-21,500,-32.58561162037037
2020-11-21,150,-75.52046638888889
2020-11-22,800,-19.05493412037037
2020-11-22,500,-33.143838842592594
2020-11-22,150,-76.31359305555554
2020-11-23,800,-19.77299861111111
2020-11-23,500,-33.58149814814815
2020-11-23,150,-76.88455263888889
2020-11-24,800,-20.43895597222222
2020-11-24,500,-34.07020171296296
2020-11-24,150,-77.388766875
2020-11-25,800,-20.770661296296296
2020-11-25,500,-34.48797166666667
2020-11-25,150,-77.93991104166666
2020-11-26,800,-21.451453472222223
2020-11-26,500,-34.91651740740741
2020-11-26,150,-78.48312027777777
2020-11-27,800,-21.99826990740741
2020-11-27,500,-35.48175398148148
2020-11-27,150,-78.87386402777778
2020-11-28,800,-22.359018055555556
2020-11-28,500,-36.12110490740741
2020-11-28,150,-79.31306624999999
2020-11-29,800,-22.850750925925926
2020-11-29,500,-36.70927097222222
2020-11-29,150,-79.81233263888889
2020-11-30,800,-23.30633773148148
2020-11-30,500,-37.299291574074076
2020-11-30,150,-80.35151201388888
2020-12-01,800,-23.525290324074074
2020-12-01,500,-37.774953611111115
2020-12-01,150,-80.88094798611111
2020-12-02,800,-23.825266250000002
2020-12-02,500,-38.24847555555556
2020-12-02,150,-81.49898840277778
2020-12-03,800,-24.109456296296297
2020-12-03,500,-38.71123537037037
2020-12-03,150,-82.07533000000001
2020-12-04,800,-24.246590046296298
2020-12-04,500,-39.36767416666667
2020-12-04,150,-82.465975625
2020-12-05,800,-24.913423472222224
2020-12-05,500,-40.024315648148146
2020-12-05,150,-83.08549152777778
2020-12-06,800,-25.597926203703704
2020-12-06,500,-40.74850861111111
2020-12-06,150,-83.504758125
2020-12-07,800,-26.17697384259259
2020-12-07,500,-41.279813240740744
2020-12-07,150,-83.88601520833333
2020-12-08,800,-26.657817592592593
2020-12-08,500,-41.65555453703704
2020-12-08,150,-84.16134736111111
2020-12-09,800,-27.22044777777778
2020-12-09,500,-42.114122916666666
2020-12-09,150,-84.56450847222223
2020-12-10,800,-28.686396435185184
2020-12-10,500,-42.44432277777778
2020-12-10,150,-85.0068151388889
2020-12-11,800,-29.444123333333334
2020-12-11,500,-42.70434842592593
2020-12-11,150,-85.30864972222223
2020-12-12,800,-29.797056805555556
2020-12-12,500,-43.04913986111111
2020-12-12,150,-85.70100111111111
2020-12-13,800,-30.36302388888889
2020-12-13,500,-43.52774268518519
2020-12-13,150,-86.25667222222222
2020-12-14,800,-30.673630555555555
2020-12-14,500,-43.93280685185185
2020-12-14,150,-86.69656729166667
2020-12-15,800,-30.982589583333333
2020-12-15,500,-44.196460555555554
2020-12-15,150,-85.15544527777777
2020-12-16,800,-31.22909625
2020-12-16,500,-44.29323101851852
2020-12-16,150,-74.69839472222222
2020-12-17,800,-31.315746064814814
2020-12-17,500,-44.289298611111114
2020-12-17,150,-63.058302222222224
2020-12-18,800,-31.244862083333334
2020-12-18,500,-44.08868064814815
2020-12-18,150,-65.49900041666666
2020-12-19,800,-31.16379402777778
2020-12-19,500,-43.953962546296296
2020-12-19,150,-68.20439256944445
2020-12-20,800,-31.125515185185186
2020-12-20,500,-43.93257162037037
2020-12-20,150,-70.615253125
2020-12-21,800,-31.141885231481485
2020-12-21,500,-43.985599444444446
2020-12-21,150,-72.58250604166666
2020-12-22,800,-31.20281513888889
2020-12-22,500,-43.85697898148148
2020-12-22,150,-61.98321868055555
2020-12-23,800,-29.866784814814814
2020-12-23,500,-41.88614537037037
2020-12-23,150,-60.73873305555556
2020-12-24,800,-26.43943553240741
2020-12-24,500,-40.15568226851852
2020-12-24,150,-61.26712027777778
2020-12-25,800,-24.147933125
2020-12-25,500,-39.813656111111115
2020-12-25,150,-63.55956243055556
2020-12-26,800,-23.907653328703702
2020-12-26,500,-39.77783486111111
2020-12-26,150,-65.94608506944445
2020-12-27,800,-23.61307548611111
2020-12-27,500,-39.55267055555556
2020-12-27,150,-67.41929625
2020-12-28,800,-23.354282791666666
2020-12-28,500,-39.14926351851852
2020-12-28,150,-68.77653118055557
2020-12-29,800,-23.393313578703705
2020-12-29,500,-39.14165634259259
2020-12-29,150,-70.17496631944445
2020-12-30,800,-23.426399199074076
2020-12-30,500,-39.17669611111111
2020-12-30,150,-71.61192034722222
2020-12-31,800,-23.413525481481482
2020-12-31,500,-39.17418273148148
2020-12-31,150,-72.327184375
2021-01-01,800,-23.43262324537037
2021-01-01,500,-39.24385162037037
2021-01-01,150,-72.87075340277778
2021-01-02,800,-23.516729007407406
2021-01-02,500,-39.30126162962963
2021-01-02,150,-73.39284977777777
2021-03-07,800,-10.886322064814815
2021-03-07,500,-31.106847388888887
2021-03-07,150,-60.39247069444444
2021-03-08,800,-12.750458101851851
2021-03-08,500,-34.35535562962963
2021-03-08,150,-65.87437805555555
2021-03-09,800,-13.166667060185185
2021-03-09,500,-34.82857786574074
2021-03-09,150,-66.76483451388889
2021-03-10,800,-13.424672773148147
2021-03-10,500,-35.09615390740741
2021-03-10,150,-67.291633125
2021-03-11,800,-13.497755194444444
2021-03-11,500,-35.243326421296295
2021-03-11,150,-67.76423923611111
2021-03-12,800,-13.669343671296296
2021-03-12,500,-35.48100071759259
2021-03-12,150,-68.16166180555555
2021-03-13,800,-13.819374837962963
2021-03-13,500,-35.60937430092592
2021-03-13,150,-68.22794041666666
2021-03-14,800,-13.996845685185185
2021-03-14,500,-35.77080454166667
2021-03-14,150,-68.36403715277778
2021-03-15,800,-14.193177958333333
2021-03-15,500,-35.950684351851855
2021-03-15,150,-68.5375217361111
2021-03-16,800,-14.48577263425926
2021-03-16,500,-36.12984185185185
2021-03-16,150,-68.8377538888889
2021-03-17,800,-14.553446095238094
2021-03-17,500,-36.19408619047619
2021-03-17,150,-68.893975
2021-04-02,800,-11.5948042
2021-04-02,500,-14.157337991666667
2021-04-02,150,-45.05633525
2021-04-03,800,-1
2021-04-03,500,-9.15462837962963
2021-04-03,150,-47.84525680555556
2021-04-04,800,-1
2021-04-04,500,-8.372321888888889
2021-04-04,150,-52.97796229166667
2021-04-05,800,-1
2021-04-05,500,-10.79114826851852
2021-04-05,150,-56.21494451388889
2021-04-06,800,-1
2021-04-06,500,-12.552853916666667
2021-04-06,150,-57.99820951388888
2021-04-07,800,-1
2021-04-07,500,-14.54210462962963
2021-04-07,150,-59.32052638888889
2021-04-08,800,-1
2021-04-08,500,-16.085763287037036
2021-04-08,150,-60.40574201388888
2021-04-09,800,-1
2021-04-09,500,-17.238544722222223
2021-04-09,150,-61.42212784722222
2021-04-10,800,-1.0308168263888888
2021-04-10,500,-17.918356296296295
2021-04-10,150,-62.34479986111111
2021-04-11,800,-1.1343435
2021-04-11,500,-18.681744675925927
2021-04-11,150,-63.06647291666667
2021-04-12,800,-1.1632383124999999
2021-04-12,500,-19.130005046296297
2021-04-12,150,-61.64105263888888
2021-04-13,800,-1.020012923611111
2021-04-13,500,-19.108241666666668
2021-04-13,150,-54.2066137037037
2021-04-14,800,-1.0102060000000002
2021-04-14,500,-19.25368865740741
2021-04-14,150,-56.03425189814815
2021-04-15,800,-1.0470782083333332
2021-04-15,500,-19.52853875
2021-04-15,150,-55.67344060185185
2021-04-16,800,-1.0999674097222223
2021-04-16,500,-19.858242037037037
2021-04-16,150,-57.626746091269844
2021-04-17,800,-1.1650943680555557
2021-04-17,500,-20.263052175925925
2021-04-17,150,-58.649050092592596
2021-04-18,800,-1.2520201736111112
2021-04-18,500,-20.65004560185185
2021-04-18,150,-59.38288236111111
2021-04-19,800,-1.3534815277777779
2021-04-19,500,-21.16621287037037
2021-04-19,150,-60.09337486111111
2021-04-20,800,-1.4467944305555556
2021-04-20,500,-21.70105060185185
2021-04-20,150,-60.884877053376904
2021-04-21,800,-1.5821870416666666
2021-04-21,500,-22.57439960185185
2021-04-21,150,-65.48740902777777
2021-04-22,800,-1.7442779722222221
2021-04-22,500,-23.48295564814815
2021-04-22,150,-66.259661875
2021-04-23,800,-1.8907735069444445
2021-04-23,500,-23.840932439814814
2021-04-23,150,-65.36612722222222
2021-04-24,800,-1.4419766944444445
2021-04-24,500,-22.71919901851852
2021-04-24,150,-61.576669027777776
2021-04-25,800,-1
2021-04-25,500,-19.469204398148147
2021-04-25,150,-54.87328875
2021-04-26,800,-1
2021-04-26,500,-14.530409398148148
2021-04-26,150,-50.87995152777778
2021-04-27,800,-1
2021-04-27,500,-7.51265124537037
2021-04-27,150,-50.16221111111111
2021-04-28,800,-1
2021-04-28,500,-3.140868888888889
2021-04-28,150,-48.662240486111116
2021-04-29,800,-1
2021-04-29,500,-1.2673519953703705
2021-04-29,150,-47.07157715277778
2021-04-30,800,-1
2021-04-30,500,-1
2021-04-30,150,-44.915616111111106
2021-05-01,800,-1
2021-05-01,500,-1
2021-05-01,150,-44.17328631944444
2021-05-02,800,-1
2021-05-02,500,-2.404891027777778
2021-05-02,150,-44.964454861111115
2021-05-03,800,-1
2021-05-03,500,-5.485360833333334
2021-05-03,150,-49.79345597222222
2021-05-04,800,-1
2021-05-04,500,-1
2021-05-04,150,-51.14211972222222
2021-05-05,800,-1
2021-05-05,500,-7.387148035714286
2021-05-05,150,-48.08164506944445
2021-05-06,800,-1
2021-05-06,500,-7.909078194444445
2021-05-06,150,-49.851353680555555
2021-05-07,800,-1
2021-05-07,500,-7.414718101851851
2021-05-07,150,-47.56307034722222
2021-05-08,800,-1
2021-05-08,500,-7.157901805555556
2021-05-08,150,-47.772549444444444
2021-05-09,800,-1
2021-05-09,500,-4.3446891695906436
2021-05-09,150,-41.11519365972222
2021-05-10,800,-1
2021-05-10,500,-1
2021-05-10,150,-43.65891659722222
2021-05-11,800,-1
2021-05-11,500,-1
2021-05-11,150,-48.08298673611111
2021-05-12,800,-1
2021-05-12,500,-1
2021-05-12,150,-47.21309083333333
2021-05-13,800,-1
2021-05-13,500,-1
2021-05-13,150,-51.568746875
2021-05-14,800,-1
2021-05-14,500,-1
2021-05-14,150,-54.282489097222225
2021-05-15,800,-1
2021-05-15,500,-1.6918255277777778
2021-05-15,150,-56.61523347222223
2021-05-16,800,-1
2021-05-16,500,-6.806587722222222
2021-05-16,150,-58.16028590277777
2021-05-17,800,-1
2021-05-17,500,-7.942520902777778
2021-05-17,150,-59.156792361111115
2021-05-18,800,-1
2021-05-18,500,-9.097657152777778
2021-05-18,150,-59.31653895833333
2021-05-19,800,-1
2021-05-19,500,-10.153690277777779
2021-05-19,150,-53.89145951388889
2021-05-20,800,-1
2021-05-20,500,-9.571597430555556
2021-05-20,150,-52.45425909722222
2021-05-21,800,-1
2021-05-21,500,-10.140775972222222
2021-05-21,150,-55.57672854166667
2021-05-22,800,-1
2021-05-22,500,-10.880836805555555
2021-05-22,150,-54.95086979166666
2021-05-23,800,-1
2021-05-23,500,-9.37633798611111
2021-05-23,150,-49.14990041666667
2021-05-24,800,-1
2021-05-24,500,-8.644079305555556
2021-05-24,150,-52.819668888888884
2021-05-25,800,-1
2021-05-25,500,-8.646138888888888
2021-05-25,150,-54.10767506944445
2021-05-26,800,-1
2021-05-26,500,-9.460392777777777
2021-05-26,150,-55.418841597222226
2021-05-27,800,-1
2021-05-27,500,-10.794514444444445
2021-05-27,150,-57.13200770833333
2021-05-28,800,-1
2021-05-28,500,-11.98969111111111
2021-05-28,150,-58.639415069444446
2021-05-29,800,-1
2021-05-29,500,-13.159856319444444
2021-05-29,150,-60.35389944444444
2021-05-30,800,-1.0391139814814814
2021-05-30,500,-13.873109652777778
2021-05-30,150,-62.251885
2021-05-31,800,-1.2721661712962964
2021-05-31,500,-14.547193819444445
2021-05-31,150,-63.48873125
2021-06-01,800,-1.689706550925926
2021-06-01,500,-15.192159027777778
2021-06-01,150,-64.72461645833333
2021-06-02,800,-2.3734731296296294
2021-06-02,500,-16.37056201388889
2021-06-02,150,-65.74720118055555
2021-06-03,800,-5.1302254722222225
2021-06-03,500,-17.949011111111112
2021-06-03,150,-66.73206034722222
2021-06-04,800,-7.748560074074074
2021-06-04,500,-19.09569634027778
2021-06-04,150,-67.32191381944445
2021-06-05,800,-9.060663847222223
2021-06-05,500,-20.164983763888888
2021-06-05,150,-68.48885527777777
2021-06-06,800,-9.901198592592593
2021-06-06,500,-21.14631991666667
2021-06-06,150,-69.79174229166667
2021-06-07,800,-10.851181101851852
2021-06-07,500,-22.084067819444446
2021-06-07,150,-69.72416013888889
2021-06-08,800,-12.245055810185185
2021-06-08,500,-22.73468557638889
2021-06-08,150,-69.66475430555556
2021-06-09,800,-12.748142277777777
2021-06-09,500,-22.97005784027778
2021-06-09,150,-69.80238131944445
2021-06-10,800,-13.404185921296296
2021-06-10,500,-23.152487666666666
2021-06-10,150,-69.77530993055555
2021-06-11,800,-13.791119023148148
2021-06-11,500,-23.232089729166667
2021-06-11,150,-69.92250222222222
2021-06-12,800,-14.373352301127214
2021-06-12,500,-23.588090715277776
2021-06-12,150,-70.42841604166667
2021-06-13,800,-14.771324957539683
2021-06-13,500,-22.921380953703704
2021-06-13,150,-71.52987472222222
2021-06-14,800,-18.370447750544663
2021-06-14,500,-28.84194040277778
2021-06-14,150,-74.78600263888889
2021-06-15,800,-20.118428939814816
2021-06-15,500,-31.208705761208577
2021-06-15,150,-77.31084298611111
2021-06-16,800,-21.170532824074073
2021-06-16,500,-30.140454875
2021-06-16,150,-78.98660916666665
2021-06-17,800,-22.541335717592595
2021-06-17,500,-31.933649375
2021-06-17,150,-80.67194041666667
2021-06-18,800,-23.722023680555555
2021-06-18,500,-33.599601944444444
2021-06-18,150,-82.2537267361111
2021-06-19,800,-24.83112871759259
2021-06-19,500,-36.179835
2021-06-19,150,-84.11007069444445
2021-06-20,800,-26.079137916666667
2021-06-20,500,-38.91070756944444
2021-06-20,150,-85.93015423611112
2021-06-21,800,-27.359739537037036
2021-06-21,500,-40.243430625
2021-06-21,150,-84.22038910185185
2021-06-22,800,-28.364223333333335
2021-06-22,500,-41.78830625
2021-06-22,150,-87.59947208333334
2021-06-23,800,-29.892232962962964
2021-06-23,500,-43.80815951388889
2021-06-23,150,-90.67827595008052
2021-06-24,800,-31.420240879629628
2021-06-24,500,-46.32829423611111
2021-06-24,150,-93.18925717592593
2021-06-25,800,-28.76158126851852
2021-06-25,500,-46.259095763888894
2021-06-25,150,-86.30384884259259
2021-06-26,800,-28.817071439814814
2021-06-26,500,-46.25503590277778
2021-06-26,150,-87.59318958333333
2021-06-27,800,-29.791261546296298
2021-06-27,500,-46.76481048611112
2021-06-27,150,-89.32675509259259
2021-06-28,800,-30.997465148148144
2021-06-28,500,-47.543842777777776
2021-06-28,150,-91.23683236111111
2021-06-29,800,-32.39742324074074
2021-06-29,500,-49.52391555555556
2021-06-29,150,-92.81584078703703
2021-06-30,800,-33.639855833333336
2021-06-30,500,-50.82706826388889
2021-06-30,150,-92.31283583333334
2021-07-01,800,-34.8213049537037
2021-07-01,500,-51.26527631944444
2021-07-01,150,-92.75275773148148
2021-07-02,800,-35.803322916666666
2021-07-02,500,-51.899288541666664
2021-07-02,150,-93.88393476851851
2021-07-03,800,-36.56689115740741
2021-07-03,500,-52.933580694444444
2021-07-03,150,-95.81430865740741
2021-07-04,800,-37.87840814814815
2021-07-04,500,-54.00042923611112
2021-07-04,150,-97.27126967592592
2021-07-05,800,-39.03640356481481
2021-07-05,500,-54.556153958333326
2021-07-05,150,-97.30835194444445
2021-07-06,800,-40.118598657407404
2021-07-06,500,-55.16020347222222
2021-07-06,150,-97.6762699537037
2021-07-07,800,-40.98196791666667
2021-07-07,500,-56.23727138888889
2021-07-07,150,-94.76868064814815
2021-07-08,800,-39.541945569444444
2021-07-08,500,-53.81382104166667
2021-07-08,150,-70.30843513888888
2021-07-09,800,-23.22258238888889
2021-07-09,500,-26.53888314583333
2021-07-09,150,-46.1324774537037
2021-07-10,800,-12.087196342592593
2021-07-10,500,-18.065171729166664
2021-07-10,150,-55.43262365740741
2021-07-11,800,-12.014683101851851
2021-07-11,500,-18.915446854166667
2021-07-11,150,-53.002999814814814
2021-07-12,800,-11.865116157407407
2021-07-12,500,-19.515867909722225
2021-07-12,150,-57.73847930555556
2021-07-13,800,-11.924160194444445
2021-07-13,500,-20.763427423611112
2021-07-13,150,-61.00584699074074
2021-07-14,800,-12.091548587962963
2021-07-14,500,-21.820948673611113
2021-07-14,150,-60.49139157407407
2021-07-15,800,-11.770999944444446
2021-07-15,500,-18.65880427777778
2021-07-15,150,-48.176195
2021-07-16,800,-8.904019074074073
2021-07-16,500,-14.920456527777779
2021-07-16,150,-47.37365231481481
2021-07-17,800,-4.64118662037037
2021-07-17,500,-16.454049097222224
2021-07-17,150,-54.78686486111111
2021-07-18,800,-4.05527174537037
2021-07-18,500,-16.621554444444445
2021-07-18,150,-50.30417546296296
2021-07-19,800,-1.0867726481481481
2021-07-19,500,-16.128122291666667
2021-07-19,150,-53.12992083333333
2021-07-20,800,-1.0993876944444445
2021-07-20,500,-17.65502227777778
2021-07-20,150,-57.169041944444444
2021-07-21,800,-1.6548439074074073
2021-07-21,500,-19.114920756944443
2021-07-21,150,-60.63385523148148
2021-07-22,800,-3.6192228101851853
2021-07-22,500,-20.179708944444446
2021-07-22,150,-62.80976166666667
2021-07-23,800,-5.07985025
2021-07-23,500,-21.301858194444442
2021-07-23,150,-64.82215060185185
2021-07-24,800,-6.4986658703703695
2021-07-24,500,-22.60265267361111
2021-07-24,150,-66.79535166666666
2021-07-25,800,-7.833097662037037
2021-07-25,500,-23.64954272916667
2021-07-25,150,-64.14728601851851
2021-07-26,800,-7.785613287037037
2021-07-26,500,-21.795909
2021-07-26,150,-53.02939016203704
2021-07-27,800,-6.944592546296296
2021-07-27,500,-20.944413159722224
2021-07-27,150,-53.929374305555555
2021-07-28,800,-6.249524166666666
2021-07-28,500,-19.863327520833334
2021-07-28,150,-48.71582409259259
2021-07-29,800,-1.1671572037037037
2021-07-29,500,-16.742239444444444
2021-07-29,150,-47.94748736111111
2021-07-30,800,-1
2021-07-30,500,-17.924242083333333
2021-07-30,150,-52.76732
2021-07-31,800,-1
2021-07-31,500,-18.37992173611111
2021-07-31,150,-49.024845828703704
2021-08-01,800,-1
2021-08-01,500,-3.3424327638888887
2021-08-01,150,-30.042962777777777
2021-08-02,800,-1
2021-08-02,500,-1.0828916875
2021-08-02,150,-38.55645416666667
2021-08-03,800,-1
2021-08-03,500,-5.219019333333334
2021-08-03,150,-45.87842328703704
2021-08-04,800,-1
2021-08-04,500,-7.547579902777778
2021-08-04,150,-44.224372125
2021-08-05,800,-1
2021-08-05,500,-1
2021-08-05,150,-34.163400324074075
2021-08-06,800,-1
2021-08-06,500,-1.071614013888889
2021-08-06,150,-42.235387777777774
2021-08-07,800,-1
2021-08-07,500,-3.5907514097222224
2021-08-07,150,-44.20785499074074
2021-08-08,800,-1
2021-08-08,500,-1
2021-08-08,150,-30.685332037037035
2021-08-09,800,-1
2021-08-09,500,-1
2021-08-09,150,-39.59707569444444
2021-08-10,800,-1
2021-08-10,500,-1.3057526527777776
2021-08-10,150,-45.48925962962963
2021-08-11,800,-1
2021-08-11,500,-6.042376909722222
2021-08-11,150,-49.71122773148148
2021-08-12,800,-1
2021-08-12,500,-9.562190069444444
2021-08-12,150,-53.11594324074074
2021-08-13,800,-1
2021-08-13,500,-11.879116041666666
2021-08-13,150,-55.86420662037037
2021-08-14,800,-1
2021-08-14,500,-13.424252173611112
2021-08-14,150,-58.04587152777778
2021-08-15,800,-1.0359058703703703
2021-08-15,500,-14.653607159722222
2021-08-15,150,-59.82910555555556
2021-08-16,800,-1.1043444027777778
2021-08-16,500,-14.228281645833333
2021-08-16,150,-49.83886090740741
2021-08-17,800,-1
2021-08-17,500,-9.638948611111111
2021-08-17,150,-44.826598796296295
2021-08-18,800,-1
2021-08-18,500,-10.451981111111111
2021-08-18,150,-49.528032083333336
2021-08-19,800,-1
2021-08-19,500,-11.872668333333333
2021-08-19,150,-53.09666439814815
2021-08-20,800,-1
2021-08-20,500,-13.250192986111111
2021-08-20,150,-55.647595879629634
2021-08-21,800,-1
2021-08-21,500,-14.270352520833333
2021-08-21,150,-57.47577101851852
2021-08-22,800,-1
2021-08-22,500,-15.115957861111111
2021-08-22,150,-59.00822935185185
2021-08-23,800,-1.0265551064814815
2021-08-23,500,-16.212893541666666
2021-08-23,150,-60.683292083333335
2021-08-24,800,-1.6487229861111112
2021-08-24,500,-18.130751881944445
2021-08-24,150,-62.276742731481484
2021-08-25,800,-4.451279712962963
2021-08-25,500,-19.597513756944444
2021-08-25,150,-63.213567777777776
2021-08-26,800,-5.797520912037037
2021-08-26,500,-20.3891186875
2021-08-26,150,-64.26198870370371
2021-08-27,800,-6.94433237037037
2021-08-27,500,-21.636130006944445
2021-08-27,150,-59.84057717592592
2021-08-28,800,-8.498782101851852
2021-08-28,500,-22.948048340277776
2021-08-28,150,-67.34452560185186
2021-08-29,800,-9.902357041666667
2021-08-29,500,-23.910956437499998
2021-08-29,150,-68.55683342592593
2021-08-30,800,-9.651449787037038
2021-08-30,500,-22.825230131944444
2021-08-30,150,-58.59821523148148
2021-08-31,800,-9.263049430555556
2021-08-31,500,-21.96347222916667
2021-08-31,150,-59.53580125
2021-09-01,800,-8.960016699074075
2021-09-01,500,-21.766048090277774
2021-09-01,150,-61.32193851851852
2021-09-02,800,-8.783140574074075
2021-09-02,500,-21.70144759722222
2021-09-02,150,-63.09566671296296
2021-09-03,800,-8.825733069444444
2021-09-03,500,-21.871740513888888
2021-09-03,150,-64.48685851851852
2021-09-04,800,-8.97362286574074
2021-09-04,500,-22.14805457638889
2021-09-04,150,-65.74652509259259
2021-09-05,800,-9.238349930555556
2021-09-05,500,-22.503999444444442
2021-09-05,150,-67.01017351851851
2021-09-06,800,-9.556517662037038
2021-09-06,500,-22.944945055555557
2021-09-06,150,-68.26932013888889
2021-09-07,800,-9.902020953703705
2021-09-07,500,-23.405683020833337
2021-09-07,150,-69.59168370370371
2021-09-08,800,-10.5204615
2021-09-08,500,-23.930154777777776
2021-09-08,150,-70.8714475
2021-09-09,800,-11.614367680555556
2021-09-09,500,-24.798137416666666
2021-09-09,150,-72.47891412037036
2021-09-10,800,-12.725579189814814
2021-09-10,500,-25.90703946527778
2021-09-10,150,-73.84285763888889
2021-09-11,800,-14.148197125000001
2021-09-11,500,-26.781053486111112
2021-09-11,150,-75.14954226851852
2021-09-12,800,-16.43742924537037
2021-09-12,500,-28.235761097222223
2021-09-12,150,-76.78803805555556
2021-09-13,800,-18.529398921296295
2021-09-13,500,-29.992763340277776
2021-09-13,150,-77.61514226851851
2021-09-14,800,-19.46747856944444
2021-09-14,500,-31.821652041666667
2021-09-14,150,-74.54943476851851
2021-09-15,800,-20.436050722222223
2021-09-15,500,-33.589110902777776
2021-09-15,150,-74.32552527777779
2021-09-16,800,-21.415555537037037
2021-09-16,500,-34.68261493055556
2021-09-16,150,-74.4779425925926
2021-09-17,800,-22.136393953703703
2021-09-17,500,-34.94250319444444
2021-09-17,150,-65.45433989814815
2021-09-18,800,-23.08412276851852
2021-09-18,500,-34.95823534722222
2021-09-18,150,-74.78030248465609
2021-09-19,800,-23.912513055555554
2021-09-19,500,-35.25454659722222
2021-09-19,150,-74.89697087962963
2021-09-20,800,-23.843731712962963
2021-09-20,500,-33.530921944444444
2021-09-20,150,-62.206383826164874
2021-09-21,800,-22.978023657407405
2021-09-21,500,-32.717290902777776
2021-09-21,150,-65.20073796560847
2021-09-22,800,-22.58480925
2021-09-22,500,-32.816381944444444
2021-09-22,150,-67.55399678571429
2021-09-23,800,-22.49724598148148
2021-09-23,500,-32.985935833333336
2021-09-23,150,-70.69923102693602
2021-09-24,800,-22.742812861111112
2021-09-24,500,-33.27329638888889
2021-09-24,150,-74.02850347423511
2021-09-25,800,-23.102497685185185
2021-09-25,500,-33.63569451388889
2021-09-25,150,-76.46623822089947
2021-09-26,800,-23.46729527777778
2021-09-26,500,-34.03483104166667
2021-09-26,150,-77.9695878525641
2021-09-27,800,-23.693444166666666
2021-09-27,500,-34.160480069444446
2021-09-27,150,-78.38586393518518
2021-09-28,800,-23.888803287037035
2021-09-28,500,-34.33291381944444
2021-09-28,150,-81.92667152777778
2021-09-29,800,-22.57149523148148
2021-09-29,500,-32.10322911805556
2021-09-29,150,-51.494109298611114
2021-09-30,800,-17.206557185185183
2021-09-30,500,-29.557851409722222
2021-09-30,150,-54.94277465277777
2021-10-01,800,-16.55885949537037
2021-10-01,500,-29.312702881944446
2021-10-01,150,-58.88161173611111
2021-10-02,800,-16.540856550925927
2021-10-02,500,-29.557533701388888
2021-10-02,150,-62.622408194444446
2021-10-03,800,-16.6686215
2021-10-03,500,-29.99956688888889
2021-10-03,150,-65.622383125
2021-10-04,800,-17.055233787037036
2021-10-04,500,-30.522473361111114
2021-10-04,150,-68.51659597222223
2021-10-05,800,-17.515457680555553
2021-10-05,500,-30.97439920138889
2021-10-05,150,-70.66730819444444
2021-10-06,800,-18.38939484722222
2021-10-06,500,-31.536036034722223
2021-10-06,150,-72.64129527777777
2021-10-07,800,-19.314783583333334
2021-10-07,500,-31.985601791666667
2021-10-07,150,-74.40376875
2021-10-08,800,-20.47819637962963
2021-10-08,500,-32.4044358125
2021-10-08,150,-75.89065326388888
2021-10-09,800,-22.338978185185184
2021-10-09,500,-32.82745904861111
2021-10-09,150,-77.38938875
2021-10-10,800,-23.226928472222223
2021-10-10,500,-33.306198430555554
2021-10-10,150,-78.95317958333334
2021-10-11,800,-23.807600324074073
2021-10-11,500,-33.84421811111111
2021-10-11,150,-80.80956888888889
2021-10-12,800,-24.30738277777778
2021-10-12,500,-34.57176704861111
2021-10-12,150,-82.45971138888889
2021-10-13,800,-25.038296111111112
2021-10-13,500,-35.44954573611111
2021-10-13,150,-83.80520222222222
2021-10-14,800,-25.846818240740742
2021-10-14,500,-36.47495895833333
2021-10-14,150,-85.01311652777778
2021-10-15,800,-26.755173518518518
2021-10-15,500,-37.0558425
2021-10-15,150,-86.1783851388889
2021-10-16,800,-27.93394263888889
2021-10-16,500,-37.86433972222222
2021-10-16,150,-87.52995993055555
2021-10-17,800,-29.04818597222222
2021-10-17,500,-38.58343840277778
2021-10-17,150,-89.44262534722222
2021-10-18,800,-30.062167916666667
2021-10-18,500,-39.31532395833334
2021-10-18,150,-91.40680597222223
2021-10-19,800,-31.015297361111113
2021-10-19,500,-40.05397430555555
2021-10-19,150,-93.57341076388889
2021-10-20,800,-32.161493148148146
2021-10-20,500,-40.78872854166667
2021-10-20,150,-95.34437541666667
2021-10-21,800,-32.99597688888889
2021-10-21,500,-41.48838016666667
2021-10-21,150,-96.8400355
2021-10-25,800,-38.51551952380952
2021-10-25,500,-45.476304880952384
2021-10-25,150,-105.99499178571429
2021-10-26,800,-40.144205185185186
2021-10-26,500,-46.67331263888889
2021-10-26,150,-108.97078965277778
2021-10-27,800,-41.28288583333333
2021-10-27,500,-48.10253791666667
2021-10-27,150,-111.74310993055556
2021-10-28,800,-42.675302546296294
2021-10-28,500,-49.545630833333334
2021-10-28,150,-114.69890409722223
2021-10-29,800,-43.91375296296297
2021-10-29,500,-50.88788791666667
2021-10-29,150,-117.67192548611112
2021-10-30,800,-45.25344861111111
2021-10-30,500,-52.53206708333333
2021-10-30,150,-120.70547812499998
2021-10-31,800,-47.253198240740744
2021-10-31,500,-53.92500923611111
2021-10-31,150,-123.35338041666668
2021-11-01,800,-48.16798736111111
2021-11-01,500,-54.673466041666664
2021-11-01,150,-123.17583194444444
2021-11-02,800,-48.12097527777778
2021-11-02,500,-54.02635395833333
2021-11-02,150,-100.88472833333333
2021-11-03,800,-47.91636347222222
2021-11-03,500,-53.85489416666667
2021-11-03,150,-88.92855965277778
2021-11-04,800,-47.902832546296295
2021-11-04,500,-53.687199097222226
2021-11-04,150,-75.93941777777778
2021-11-05,800,-47.94064837962963
2021-11-05,500,-53.50023701388889
2021-11-05,150,-78.404839375
2021-11-06,800,-47.94149296296296
2021-11-06,500,-53.39497729166666
2021-11-06,150,-81.86878840277777
2021-11-07,800,-47.88704060185185
2021-11-07,500,-53.314787361111115
2021-11-07,150,-85.0784473611111
2021-11-08,800,-47.92366773148149
2021-11-08,500,-53.37394972222222
2021-11-08,150,-87.72692694444444
2021-11-09,800,-48.066993796296295
2021-11-09,500,-53.51302777777778
2021-11-09,150,-90.33913423611111
2021-11-10,800,-48.21036319444445
2021-11-10,500,-53.64436333333333
2021-11-10,150,-78.87044821527778
2021-11-11,800,-48.20808101851852
2021-11-11,500,-53.55634354166667
2021-11-11,150,-59.330761368055555
2021-11-12,800,-47.65380162037037
2021-11-12,500,-52.294216666666664
2021-11-12,150,-59.424955069444444
2021-11-13,800,-44.91460717592592
2021-11-13,500,-48.60206229166667
2021-11-13,150,-60.388545763888885
2021-11-14,800,-38.44634407407408
2021-11-14,500,-40.580469722222226
2021-11-14,150,-58.67264041666667
2021-11-15,800,-24.687827462962964
2021-11-15,500,-31.272125722222224
2021-11-15,150,-55.93745694444444
2021-11-16,800,-19.935760425925928
2021-11-16,500,-27.307427847222222
2021-11-16,150,-53.357846111111115
2021-11-17,800,-17.874960412037037
2021-11-17,500,-26.6980128125
2021-11-17,150,-54.894016666666666
2021-11-18,800,-17.21018786574074
2021-11-18,500,-26.849123868055557
2021-11-18,150,-56.85226902777778
2021-11-19,800,-16.832937694444446
2021-11-19,500,-27.052712375
2021-11-19,150,-59.52791111111111
2021-11-20,800,-16.718199800925927
2021-11-20,500,-27.31275867361111
2021-11-20,150,-61.737637847222224
2021-11-21,800,-16.681627425925925
2021-11-21,500,-27.51500234027778
2021-11-21,150,-42.09396666666667
2021-11-22,800,-16.73507175925926
2021-11-22,500,-27.714277833333334
2021-11-22,150,-46.207938593915344
2021-11-23,800,-16.809668555555557
2021-11-23,500,-27.90798996527778
2021-11-23,150,-64.60487993055555
2021-11-24,800,-16.840487773148148
2021-11-24,500,-28.10443823611111
2021-11-24,150,-47.859590571895424
2021-11-25,800,-16.80624737037037
2021-11-25,500,-28.26558345833333
2021-11-25,150,-52.55385358703704
2021-11-26,800,-16.799873597222224
2021-11-26,500,-28.416146875
2021-11-26,150,-55.9673162
2021-11-27,800,-16.84582485185185
2021-11-27,500,-28.61698802777778
2021-11-27,150,-56.51461526851852
2021-11-28,800,-16.95312171296296
2021-11-28,500,-28.916216458333334
2021-11-28,150,-58.02724158320292
2021-11-29,800,-17.243530476851852
2021-11-29,500,-29.317291569444443
2021-11-29,150,-56.767909805555554
2021-11-30,800,-17.629155449074073
2021-11-30,500,-29.730875756944442
2021-11-30,150,-59.829083528951486
2021-12-01,800,-17.746037203703704
2021-12-01,500,-30.003344541666667
2021-12-01,150,-61.42974687091503
2021-12-02,800,-17.908329444444444
2021-12-02,500,-30.265952847222223
2021-12-02,150,-62.912433981481485
2021-12-03,800,-18.371308689814814
2021-12-03,500,-30.789131611111113
2021-12-03,150,-72.97049506944444
2021-12-04,800,-18.637574046296297
2021-12-04,500,-31.1249025625
2021-12-04,150,-60.868445925925926
2021-12-05,800,-18.93891190277778
2021-12-05,500,-31.61195323611111
2021-12-05,150,-63.32199171296296
2021-12-06,800,-19.377406615740743
2021-12-06,500,-32.069326743055555
2021-12-06,150,-75.26106888888889
2021-12-07,800,-19.710346
2021-12-07,500,-32.495733305555554
2021-12-07,150,-75.76719902777778
2021-12-08,800,-19.972751657407407
2021-12-08,500,-32.72251338888889
2021-12-08,150,-76.13340694444445
2021-12-09,800,-20.91636410648148
2021-12-09,500,-33.181647222222225
2021-12-09,150,-51.462266712962965
2021-12-10,800,-21.292415273148148
2021-12-10,500,-33.47433359722223
2021-12-10,150,-57.74164937037037
2021-12-11,800,-22.722681805555556
2021-12-11,500,-34.17756893055556
2021-12-11,150,-63.55147427248677
2021-12-12,800,-24.28955162037037
2021-12-12,500,-34.87729920138889
2021-12-12,150,-60.208873435672515
2021-12-13,800,-24.56320361111111
2021-12-13,500,-35.33331895833334
2021-12-13,150,-60.18657160802469
2021-12-14,800,-24.766377777777777
2021-12-14,500,-35.67081652777778
2021-12-14,150,-71.76043526322752
2021-12-15,800,-25.091545787037038
2021-12-15,500,-35.959069166666666
2021-12-15,150,-78.0165513271605
2021-12-16,800,-25.99784513888889
2021-12-16,500,-36.241698125
2021-12-16,150,-80.66314284722222
2021-12-17,800,-27.005467546296295
2021-12-17,500,-36.57965548611111
2021-12-17,150,-80.96563006944444
2021-12-18,800,-27.29178361111111
2021-12-18,500,-36.845643333333335
2021-12-18,150,-81.24535263888889
2021-12-19,800,-27.600330925925928
2021-12-19,500,-37.059741527777774
2021-12-19,150,-81.44125638888889
2021-12-20,800,-27.87845652777778
2021-12-20,500,-37.214761875
2021-12-20,150,-81.64848291666667
2021-12-21,800,-28.125306157407408
2021-12-21,500,-37.487385625
2021-12-21,150,-81.96376375
2021-12-22,800,-28.401582083333334
2021-12-22,500,-37.77469388888889
2021-12-22,150,-82.38873847222223
2021-12-23,800,-28.635845787037038
2021-12-23,500,-38.08223576388889
2021-12-23,150,-82.71499888888889
2021-12-24,800,-28.85996916666667
2021-12-24,500,-38.37378666666667
2021-12-24,150,-82.96328645833333
2021-12-25,800,-29.09270824074074
2021-12-25,500,-38.61766527777778
2021-12-25,150,-83.22792298611111
2021-12-26,800,-29.574797037037037
2021-12-26,500,-38.92533041666667
2021-12-26,150,-83.57056652777777
2021-12-27,800,-29.882194953703703
2021-12-27,500,-39.22303506944445
2021-12-27,150,-83.92776770833333
2021-12-28,800,-30.15496550925926
2021-12-28,500,-39.514981319444445
2021-12-28,150,-84.35988055555556
2021-12-29,800,-30.543381342592593
2021-12-29,500,-39.86911645833333
2021-12-29,150,-83.75670134027777
2021-12-30,800,-26.680103092592592
2021-12-30,500,-37.01590528472222
2021-12-30,150,-52.5382205
2021-12-31,800,-18.547166666666666
2021-12-31,500,-32.249548125000004
2021-12-31,150,-55.07970013888888
2022-01-01,800,-17.913772731481483
2022-01-01,500,-30.99849261111111
2022-01-01,150,-56.682588680555554
2022-01-02,800,-17.677111712962965
2022-01-02,500,-30.67548726388889
2022-01-02,150,-57.44029472222222
2022-01-03,800,-17.449695833333333
2022-01-03,500,-30.336808805555556
2022-01-03,150,-57.080546597222224
2022-01-04,800,-17.08670972222222
2022-01-04,500,-29.89121651388889
2022-01-04,150,-57.74871381944445
2022-01-05,800,-16.769870555555556
2022-01-05,500,-29.27043711111111
2022-01-05,150,-54.97154902777777
2022-01-06,800,-16.42913412037037
2022-01-06,500,-28.443299256944442
2022-01-06,150,-57.06940402777778
2022-01-07,800,-15.52358287037037
2022-01-07,500,-28.26011836111111
2022-01-07,150,-59.572595069444446
2022-01-08,800,-14.73205699074074
2022-01-08,500,-28.333032319444445
2022-01-08,150,-61.50793118055556
2022-01-09,800,-13.933071435185186
2022-01-09,500,-28.451660368055556
2022-01-09,150,-62.73426055555555
2022-01-10,800,-13.777909583333333
2022-01-10,500,-28.7358190625
2022-01-10,150,-63.82059673611111
2022-01-11,800,-13.844752546296297
2022-01-11,500,-29.103946486111113
2022-01-11,150,-64.91207694444444
2022-01-12,800,-13.930168101851853
2022-01-12,500,-29.481808520833333
2022-01-12,150,-66.29851784722223
2022-01-13,800,-14.026787314814817
2022-01-13,500,-29.87232048611111
2022-01-13,150,-67.30792541666668
2022-01-14,800,-14.106926481481482
2022-01-14,500,-30.238003722222224
2022-01-14,150,-68.33174027777778
2022-01-15,800,-14.134118675925926
2022-01-15,500,-30.5414055
2022-01-15,150,-69.06166430555555
2022-01-16,800,-14.30266599537037
2022-01-16,500,-30.877021604166668
2022-01-16,150,-69.88675354166666
2022-01-17,800,-14.529866893518518
2022-01-17,500,-31.28209638888889
2022-01-17,150,-70.57973243055557
2022-01-18,800,-14.760103851851852
2022-01-18,500,-31.648455833333333
2022-01-18,150,-71.12333020833333
2022-01-19,800,-14.913676185185185
2022-01-19,500,-31.949107402777777
2022-01-19,150,-71.66172013888888
2022-01-20,800,-15.140756787037038
2022-01-20,500,-32.25320859027778
2022-01-20,150,-72.11866229166667
2022-01-21,800,-15.471999620370372
2022-01-21,500,-32.711412986111114
2022-01-21,150,-72.60972458333333
2022-01-22,800,-15.811377351851853
2022-01-22,500,-33.1860885625
2022-01-22,150,-73.13111951388889
2022-01-23,800,-16.16753725462963
2022-01-23,500,-33.57844393055556
2022-01-23,150,-73.567423125
2022-01-24,800,-16.493102819444445
2022-01-24,500,-34.02724909027778
2022-01-24,150,-74.10891854166667
2022-01-25,800,-16.843158412037038
2022-01-25,500,-34.49980570138889
2022-01-25,150,-74.6941825
2022-01-26,800,-17.801534074074073
2022-01-26,500,-34.96696111111111
2022-01-26,150,-75.407165625
2022-01-27,800,-19.12061137962963
2022-01-27,500,-35.41376138888889
2022-01-27,150,-76.00691666666667
2022-01-28,800,-19.365780305555557
2022-01-28,500,-35.755099375
2022-01-28,150,-76.51592458333334
2022-01-29,800,-19.570892185185187
2022-01-29,500,-36.09862041666667
2022-01-29,150,-77.04920388888888
2022-01-30,800,-20.833027199074074
2022-01-30,500,-36.38547798611111
2022-01-30,150,-77.42157645833333
2022-01-31,800,-21.15183737962963
2022-01-31,500,-36.606051666666666
2022-01-31,150,-77.64573694444445
2022-02-01,800,-21.477190680555555
2022-02-01,500,-36.95149555555555
2022-02-01,150,-78.25280395833333
2022-02-02,800,-21.808366680555558
2022-02-02,500,-37.267672777777776
2022-02-02,150,-78.72723423611112
2022-02-03,800,-22.12570161574074
2022-02-03,500,-37.653698750000004
2022-02-03,150,-79.41719861111112
2022-02-04,800,-22.5734931712963
2022-02-04,500,-37.95882006944444
2022-02-04,150,-79.79151131944445
2022-02-05,800,-22.9825506712963
2022-02-05,500,-38.330889444444445
2022-02-05,150,-80.10700506944445
2022-02-06,800,-23.20503452777778
2022-02-06,500,-38.55277590277778
2022-02-06,150,-80.21575006944445
2022-02-07,800,-23.463455527777775
2022-02-07,500,-38.808691180555556
2022-02-07,150,-80.35459090277777
2022-02-08,800,-23.892039175925927
2022-02-08,500,-39.19320388888889
2022-02-08,150,-80.72140375000001
2022-02-09,800,-24.104111152777776
2022-02-09,500,-39.39205305555556
2022-02-09,150,-80.96682826388889
2022-02-10,800,-24.289329550925927
2022-02-10,500,-39.532963611111114
2022-02-10,150,-81.12662631944445
2022-02-11,800,-24.505821587962963
2022-02-11,500,-39.807818958333336
2022-02-11,150,-81.30329256944444
2022-02-12,800,-24.792680125
2022-02-12,500,-40.05042819444445
2022-02-12,150,-81.58955125
2022-02-13,800,-24.876330162037036
2022-02-13,500,-40.21409368055556
2022-02-13,150,-81.74699840277778
2022-02-14,800,-25.016270958333333
2022-02-14,500,-40.359787777777775
2022-02-14,150,-81.85146840277778
2022-02-15,800,-25.333428212962964
2022-02-15,500,-40.67674486111111
2022-02-15,150,-82.1486620138889
2022-02-16,800,-25.55648777777778
2022-02-16,500,-41.02908430555556
2022-02-16,150,-82.4826586111111
2022-02-17,800,-25.51548422685185
2022-02-17,500,-41.16089090277777
2022-02-17,150,-82.37687131944445
2022-02-18,800,-24.57710074074074
2022-02-18,500,-40.699393888888885
2022-02-18,150,-79.86163173611112
2022-02-19,800,-24.400127638888886
2022-02-19,500,-40.555790625
2022-02-19,150,-77.66520249999999
2022-02-20,800,-24.288577083333333
2022-02-20,500,-40.52121840277778
2022-02-20,150,-77.30008715277778
2022-02-21,800,-24.159188935185185
2022-02-21,500,-40.42203958333334
2022-02-21,150,-77.42029208333334
2022-02-22,800,-24.217669722222222
2022-02-22,500,-40.524706111111115
2022-02-22,150,-77.783344375
2022-02-23,800,-24.203388564814816
2022-02-23,500,-40.55620034722222
2022-02-23,150,-78.04782812500001
2022-02-24,800,-24.09664337962963
2022-02-24,500,-40.40667402777778
2022-02-24,150,-78.13827284722223
2022-02-25,800,-24.027027222222223
2022-02-25,500,-40.36135986111111
2022-02-25,150,-78.30764833333333
2022-02-26,800,-23.98868037037037
2022-02-26,500,-40.307057291666666
2022-02-26,150,-78.48289798611111
2022-02-27,800,-23.898009787037036
2022-02-27,500,-40.20686305555555
2022-02-27,150,-78.56147631944444
2022-02-28,800,-23.835927925925926
2022-02-28,500,-40.13283625
2022-02-28,150,-78.69372840277778
2022-03-01,800,-23.79516400462963
2022-03-01,500,-40.09259763888888
2022-03-01,150,-78.78096638888888
2022-03-02,800,-23.75767723148148
2022-03-02,500,-40.04115201388889
2022-03-02,150,-78.8659707638889
2022-03-03,800,-23.725139175925925
2022-03-03,500,-39.980904305555555
2022-03-03,150,-78.96272125
2022-03-04,800,-23.74377697685185
2022-03-04,500,-39.967497361111114
2022-03-04,150,-79.110344375
2022-03-05,800,-23.792789805555554
2022-03-05,500,-40.01506756944445
2022-03-05,150,-79.27247847222222
2022-03-06,800,-23.83480240277778
2022-03-06,500,-40.04131541666666
2022-03-06,150,-79.47181326388889
2022-03-07,800,-23.915830185185186
2022-03-07,500,-40.13492375
2022-03-07,150,-79.71286854166667
2022-03-08,800,-24.03466585185185
2022-03-08,500,-40.23869583333333
2022-03-08,150,-79.9187232638889
2022-03-09,800,-24.19381883796296
2022-03-09,500,-40.33024569444444
2022-03-09,150,-80.18378236111111
2022-03-10,800,-24.311079250000002
2022-03-10,500,-40.4840975
2022-03-10,150,-80.38197875
2022-03-11,800,-24.478827925925927
2022-03-11,500,-40.63036215277778
2022-03-11,150,-80.59070909722223
2022-03-12,800,-24.648953703703704
2022-03-12,500,-40.79592548611111
2022-03-12,150,-80.85163256944445
2022-03-13,800,-24.817940611111112
2022-03-13,500,-40.999070347222215
2022-03-13,150,-81.04502729166667
2022-03-14,800,-25.080678379629628
2022-03-14,500,-41.28978666666667
2022-03-14,150,-81.43369430555555
2022-03-15,800,-25.260882958333333
2022-03-15,500,-41.519788194444445
2022-03-15,150,-81.63108506944445
2022-03-16,800,-25.359331685185186
2022-03-16,500,-41.63858194444444
2022-03-16,150,-81.76902166666667
2022-03-17,800,-25.266755638888892
2022-03-17,500,-41.53842993055556
2022-03-17,150,-66.87214843055555
2022-03-18,800,-23.916005416666668
2022-03-18,500,-40.24967854166667
2022-03-18,150,-54.89324868055556
2022-03-19,800,-20.05935711111111
2022-03-19,500,-36.28798744444445
2022-03-19,150,-55.48423069444444
2022-03-20,800,-17.807084212962963
2022-03-20,500,-32.735052208333336
2022-03-20,150,-56.503694305555555
2022-03-21,800,-17.58973699074074
2022-03-21,500,-32.06480802083333
2022-03-21,150,-58.30848666666667
2022-03-22,800,-17.334701157407405
2022-03-22,500,-31.854461541666666
2022-03-22,150,-60.230506874999996
2022-03-23,800,-17.07241078703704
2022-03-23,500,-31.816839729166666
2022-03-23,150,-61.86715986111111
2022-03-24,800,-16.803301666666666
2022-03-24,500,-31.883799902777778
2022-03-24,150,-62.48098652777777
2022-03-25,800,-16.561608240740743
2022-03-25,500,-32.007334791666665
2022-03-25,150,-60.00950909722222
2022-03-26,800,-16.30736537037037
2022-03-26,500,-32.12033517361111
2022-03-26,150,-55.995074861111114
2022-03-27,800,-16.149113055555556
2022-03-27,500,-32.079081770833334
2022-03-27,150,-54.59463631944445
2022-03-28,800,-15.854011064814815
2022-03-28,500,-31.545117770833333
2022-03-28,150,-54.25640652777778
2022-03-29,800,-15.008392546296298
2022-03-29,500,-30.214496736111112
2022-03-29,150,-53.885054930555555
2022-03-30,800,-13.018123935185185
2022-03-30,500,-28.023462381944444
2022-03-30,150,-53.20610541666667
2022-03-31,800,-4.783043694444444
2022-03-31,500,-24.142852361111114
2022-03-31,150,-52.53198701388889
2022-04-01,800,-1
2022-04-01,500,-20.19039513888889
2022-04-01,150,-52.724722847222225
2022-04-02,800,-1
2022-04-02,500,-19.418586944444446
2022-04-02,150,-54.755320347222224
2022-04-03,800,-1
2022-04-03,500,-19.676277687499997
2022-04-03,150,-57.18049701388889
2022-04-04,800,-1
2022-04-04,500,-20.115696701388888
2022-04-04,150,-59.36448722222222
2022-04-05,800,-1
2022-04-05,500,-20.6190634375
2022-04-05,150,-61.268869305555555
2022-04-06,800,-1
2022-04-06,500,-21.019799145833336
2022-04-06,150,-61.39826708333334
2022-04-07,800,-1
2022-04-07,500,-20.092943902777776
2022-04-07,150,-48.98200996527778
2022-04-08,800,-1
2022-04-08,500,-12.901245
2022-04-08,150,-40.47725452777778
2022-04-09,800,-1
2022-04-09,500,-7.292448819444444
2022-04-09,150,-42.796139374999996
2022-04-10,800,-1
2022-04-10,500,-8.68696423611111
2022-04-10,150,-48.17777638888889
2022-04-11,800,-1
2022-04-11,500,-10.737973333333333
2022-04-11,150,-51.35008048611111
2022-04-12,800,-1
2022-04-12,500,-11.750075069444444
2022-04-12,150,-49.62359791666667
2022-04-13,800,-1
2022-04-13,500,-5.920209479166667
2022-04-13,150,-41.02068224305556
2022-04-14,800,-1
2022-04-14,500,-1
2022-04-14,150,-41.35878631944445
2022-04-15,800,-1
2022-04-15,500,-1
2022-04-15,150,-42.834700624999996
2022-04-16,800,-1
2022-04-16,500,-1
2022-04-16,150,-46.33175625
2022-04-17,800,-1
2022-04-17,500,-1.4781811944444443
2022-04-17,150,-49.42087423611111
2022-04-18,800,-1
2022-04-18,500,-6.596227881944444
2022-04-18,150,-52.03259923611111
2022-04-19,800,-1
2022-04-19,500,-8.572720694444444
2022-04-19,150,-54.454118055555554
2022-04-20,800,-1
2022-04-20,500,-10.085944722222223
2022-04-20,150,-56.22411451388889
2022-04-21,800,-1
2022-04-21,500,-11.154587083333334
2022-04-21,150,-57.38208541666667
2022-04-22,800,-1
2022-04-22,500,-12.396589791666667
2022-04-22,150,-58.636995902777784
2022-04-23,800,-1
2022-04-23,500,-13.069873819444444
2022-04-23,150,-59.80781208333334
2022-04-24,800,-1
2022-04-24,500,-13.681867152777778
2022-04-24,150,-60.81047173611111
2022-04-25,800,-1
2022-04-25,500,-14.337677222222222
2022-04-25,150,-61.51115965277778
2022-04-26,800,-1
2022-04-26,500,-15.479210277777778
2022-04-26,150,-62.15404458333333
2022-04-27,800,-1
2022-04-27,500,-16.279769930555556
2022-04-27,150,-62.750335416666665
2022-04-28,800,-1
2022-04-28,500,-17.030616180555555
2022-04-28,150,-63.55011354166667
2022-04-29,800,-1.0193846064814815
2022-04-29,500,-17.591768416666667
2022-04-29,150,-64.35132881944445
2022-04-30,800,-1.9873797731481482
2022-04-30,500,-18.44416223611111
2022-04-30,150,-65.09762680555555
2022-05-01,800,-3.422698675925926
2022-05-01,500,-18.372140708333333
2022-05-01,150,-65.23867645833334
2022-05-02,800,-4.166592856481482
2022-05-02,500,-18.246120791666666
2022-05-02,150,-65.33167326388889
2022-05-03,800,-4.6257292129629635
2022-05-03,500,-18.35411314583333
2022-05-03,150,-65.48993756944445
2022-05-04,800,-5.1287336111111115
2022-05-04,500,-18.4967183125
2022-05-04,150,-65.53552125
2022-05-05,800,-5.4267645370370365
2022-05-05,500,-18.604876770833332
2022-05-05,150,-65.33237090277778
2022-05-06,800,-5.886932453703704
2022-05-06,500,-18.956520631944446
2022-05-06,150,-65.36883479166667
2022-05-07,800,-6.2786736111111106
2022-05-07,500,-19.311259777777778
2022-05-07,150,-65.44957375
2022-05-08,800,-7.253908379629629
2022-05-08,500,-19.726261333333333
2022-05-08,150,-65.59816354166666
2022-05-09,800,-7.923704907407408
2022-05-09,500,-20.176372555555556
2022-05-09,150,-65.72347541666667
2022-05-10,800,-8.427524444444444
2022-05-10,500,-20.369536486111112
2022-05-10,150,-65.75029791666665
2022-05-11,800,-8.52255476851852
2022-05-11,500,-20.50935213888889
2022-05-11,150,-66.00412493055555
2022-05-12,800,-8.71886550925926
2022-05-12,500,-20.9922096875
2022-05-12,150,-66.74153833333334
2022-05-13,800,-8.850987314814814
2022-05-13,500,-21.347346958333336
2022-05-13,150,-67.97981083333333
2022-05-14,800,-8.989784768518518
2022-05-14,500,-21.843088534722224
2022-05-14,150,-68.94816201388889
2022-05-15,800,-9.086008263888889
2022-05-15,500,-22.390522666666666
2022-05-15,150,-70.09359840277777
2022-05-16,800,-9.25203249074074
2022-05-16,500,-22.954462
2022-05-16,150,-64.84568034722221
2022-05-17,800,-9.536550166666668
2022-05-17,500,-22.997247666666667
2022-05-17,150,-56.567944097222224
2022-05-18,800,-10.194928041666666
2022-05-18,500,-23.241445666666667
2022-05-18,150,-61.42093798611111
2022-05-19,800,-10.921142703703705
2022-05-19,500,-24.07647120138889
2022-05-19,150,-64.76602243055555
2022-05-20,800,-11.916357458333334
2022-05-20,500,-24.59765420138889
2022-05-20,150,-66.97055083333333
2022-05-21,800,-12.555536851851853
2022-05-21,500,-25.397537243055552
2022-05-21,150,-68.43917847222222
2022-05-22,800,-12.904891347222222
2022-05-22,500,-26.581221618055558
2022-05-22,150,-69.92304861111111
2022-05-23,800,-13.158905175925927
2022-05-23,500,-27.722671715277777
2022-05-23,150,-71.64092027777778
2022-05-24,800,-13.660361231481483
2022-05-24,500,-28.477951972222222
2022-05-24,150,-72.15871993055555
2022-05-25,800,-14.10111814351852
2022-05-25,500,-26.98423090972222
2022-05-25,150,-54.54258276388889
2022-05-26,800,-13.027138601851851
2022-05-26,500,-24.674114423611112
2022-05-26,150,-57.780797500000006
2022-05-27,800,-12.630385879629628
2022-05-27,500,-24.436312986111112
2022-05-27,150,-61.745116180555556
2022-05-28,800,-12.601340092592592
2022-05-28,500,-24.69001026388889
2022-05-28,150,-64.60671430555556
2022-05-29,800,-12.61012259259259
2022-05-29,500,-25.05465578472222
2022-05-29,150,-66.73372979166666
2022-05-30,800,-12.66277276851852
2022-05-30,500,-25.507844291666665
2022-05-30,150,-68.61147041666666
2022-05-31,800,-12.755929462962964
2022-05-31,500,-25.998915298611113
2022-05-31,150,-70.31742861111111
2022-06-01,800,-12.941228064814815
2022-06-01,500,-26.436090562500002
2022-06-01,150,-71.66511416666667
2022-06-02,800,-13.185953240740742
2022-06-02,500,-26.794731729166664
2022-06-02,150,-72.60524916666667
2022-06-03,800,-13.386470523148148
2022-06-03,500,-26.875965944444445
2022-06-03,150,-66.18113958333333
2022-06-04,800,-13.176573074074073
2022-06-04,500,-26.1191165
2022-06-04,150,-55.92736222222223
2022-06-05,800,-13.133989310185186
2022-06-05,500,-25.797239284722224
2022-06-05,150,-56.101428750000004
2022-06-06,800,-12.88663048611111
2022-06-06,500,-23.14361904861111
2022-06-06,150,-49.69031458333333
2022-06-07,800,-12.661476712962964
2022-06-07,500,-22.968924868055556
2022-06-07,150,-54.90397791666667
2022-06-08,800,-12.51699226851852
2022-06-08,500,-22.983990416666668
2022-06-08,150,-57.99370520833333
2022-06-09,800,-12.34524402777778
2022-06-09,500,-21.830768444444445
2022-06-09,150,-59.92645243055556
2022-06-10,800,-11.978155694444444
2022-06-10,500,-20.706451069444448
2022-06-10,150,-60.651588333333336
2022-06-11,800,-11.831138842592594
2022-06-11,500,-21.108301034722224
2022-06-11,150,-62.175126666666664
2022-06-12,800,-11.830423703703703
2022-06-12,500,-21.658611041666667
2022-06-12,150,-63.88522638888889
2022-06-13,800,-11.868577356481481
2022-06-13,500,-22.20966240277778
2022-06-13,150,-65.22729034722222
2022-06-14,800,-11.942539921296296
2022-06-14,500,-22.71158032638889
2022-06-14,150,-66.77530430555555
2022-06-15,800,-12.040530606481482
2022-06-15,500,-23.198944145833334
2022-06-15,150,-68.24309451388889
2022-06-16,800,-12.187897101851853
2022-06-16,500,-23.738206631944443
2022-06-16,150,-69.63301819444445
2022-06-17,800,-12.349799935185185
2022-06-17,500,-24.30187278472222
2022-06-17,150,-71.0937045138889
2022-06-18,800,-12.550665421296296
2022-06-18,500,-24.889120215277778
2022-06-18,150,-72.61027868055555
2022-06-19,800,-12.834972810185183
2022-06-19,500,-25.578470722222225
2022-06-19,150,-74.21051750000001
2022-06-20,800,-13.188885462962963
2022-06-20,500,-26.53126746527778
2022-06-20,150,-76.19800597222222
2022-06-21,800,-15.821988814814814
2022-06-21,500,-27.805781180555556
2022-06-21,150,-79.11843694444445
2022-06-22,800,-16.759691749999998
2022-06-22,500,-28.521969215277778
2022-06-22,150,-74.6473311111111
2022-06-23,800,-15.324671328703703
2022-06-23,500,-27.36711502777778
2022-06-23,150,-64.6776545138889
2022-06-24,800,-15.22851360648148
2022-06-24,500,-27.384969597222224
2022-06-24,150,-64.61229791666666
2022-06-25,800,-13.664732541666666
2022-06-25,500,-25.426369055555558
2022-06-25,150,-58.05335770833334
2022-06-26,800,-12.859076587962962
2022-06-26,500,-25.036211104166668
2022-06-26,150,-61.202589861111115
2022-06-27,800,-12.85747851851852
2022-06-27,500,-25.387113048611113
2022-06-27,150,-63.956354375000004
2022-06-28,800,-12.903953333333334
2022-06-28,500,-25.598325541666664
2022-06-28,150,-61.34298229166667
2022-06-29,800,-12.896532870370372
2022-06-29,500,-24.56303009722222
2022-06-29,150,-57.17875361111111
2022-06-30,800,-12.875412037037037
2022-06-30,500,-24.687369402777776
2022-06-30,150,-59.790296041666664
2022-07-01,800,-12.761626249999999
2022-07-01,500,-20.609491430555558
2022-07-01,150,-48.433576458333334
2022-07-02,800,-11.849309120370371
2022-07-02,500,-17.054838194444446
2022-07-02,150,-50.827747708333334
2022-07-03,800,-11.582256851851852
2022-07-03,500,-18.430894340277778
2022-07-03,150,-55.51632625
2022-07-04,800,-11.576311481481483
2022-07-04,500,-19.010546611111113
2022-07-04,150,-51.841969229166665
2022-07-05,800,-11.017309444444445
2022-07-05,500,-16.268626652777776
2022-07-05,150,-47.58938083333334
2022-07-06,800,-10.125803287037037
2022-07-06,500,-16.716452222222223
2022-07-06,150,-51.536446111111104
2022-07-07,800,-10.10140587962963
2022-07-07,500,-18.0781325
2022-07-07,150,-55.67067638888889
2022-07-08,800,-10.276049166666667
2022-07-08,500,-19.14328898611111
2022-07-08,150,-58.50411361111111
2022-07-09,800,-10.496970833333334
2022-07-09,500,-20.15210123611111
2022-07-09,150,-61.01389423611111
2022-07-10,800,-10.692016018518519
2022-07-10,500,-21.10132346527778
2022-07-10,150,-63.456664583333335
2022-07-11,800,-10.948091203703704
2022-07-11,500,-22.309021604166666
2022-07-11,150,-65.52102840277777
2022-07-12,800,-11.292644166666667
2022-07-12,500,-23.58880870138889
2022-07-12,150,-67.54429819444444
2022-07-13,800,-11.623246125
2022-07-13,500,-24.98348928472222
2022-07-13,150,-69.72310743055556
2022-07-14,800,-12.116757523148149
2022-07-14,500,-26.495059534722223
2022-07-14,150,-71.87365069444445
2022-07-15,800,-15.206272416666668
2022-07-15,500,-28.368240854166665
2022-07-15,150,-74.17485888888888
2022-07-16,800,-16.566561759259258
2022-07-16,500,-30.497633125
2022-07-16,150,-77.04644048611111
2022-07-17,800,-17.31049666666667
2022-07-17,500,-32.43634743055556
2022-07-17,150,-80.47480201388889
2022-07-18,800,-18.04595137962963
2022-07-18,500,-35.03640138888889
2022-07-18,150,-84.47405430555557
2022-07-19,800,-19.691674532407408
2022-07-19,500,-38.16454263888889
2022-07-19,150,-88.57438888888889
2022-07-20,800,-21.653729583333334
2022-07-20,500,-41.0240575
2022-07-20,150,-92.78429006944444
2022-07-21,800,-22.941357430555556
2022-07-21,500,-43.61887236111111
2022-07-21,150,-96.21175326388888
2022-07-22,800,-24.228809703703703
2022-07-22,500,-46.938088263888886
2022-07-22,150,-100.56355402777777
2022-07-23,800,-24.970380106481482
2022-07-23,500,-48.64737090277778
2022-07-23,150,-68.56370825
2022-07-24,800,-24.673692532407408
2022-07-24,500,-47.66804451388889
2022-07-24,150,-62.75409215277778
2022-07-25,800,-25.020783972222223
2022-07-25,500,-47.875095486111114
2022-07-25,150,-66.41475640972222
2022-07-26,800,-23.53625111111111
2022-07-26,500,-43.43745138888889
2022-07-26,150,-49.91440708333333
2022-07-27,800,-22.051374537037038
2022-07-27,500,-42.423872638888895
2022-07-27,150,-58.780960208333326
2022-07-28,800,-22.246842731481483
2022-07-28,500,-43.108361180555555
2022-07-28,150,-64.01000493055557
2022-07-29,800,-22.533252083333334
2022-07-29,500,-43.72691826388889
2022-07-29,150,-59.816457847222225
2022-07-30,800,-22.574553425925927
2022-07-30,500,-43.77490604166667
2022-07-30,150,-58.49817263888889
2022-07-31,800,-22.653717685185185
2022-07-31,500,-43.90699562499999
2022-07-31,150,-64.420956875
2022-08-01,800,-23.050148240740743
2022-08-01,500,-44.37208388888889
2022-08-01,150,-69.19415951388889
2022-08-02,800,-23.018162731481482
2022-08-02,500,-44.121990625
2022-08-02,150,-54.40967294444444
2022-08-03,800,-22.74768425925926
2022-08-03,500,-43.910170625
2022-08-03,150,-61.82850027777778
2022-08-04,800,-23.121589217592593
2022-08-04,500,-44.370891944444445
2022-08-04,150,-67.39610270833333
2022-08-05,800,-23.754220379629633
2022-08-05,500,-44.99902180555556
2022-08-05,150,-65.00109475
2022-08-06,800,-23.316231175925925
2022-08-06,500,-44.58999263888889
2022-08-06,150,-56.59681770833333
2022-08-07,800,-23.322300722222224
2022-08-07,500,-44.61207298611111
2022-08-07,150,-62.52368840277778
2022-08-08,800,-23.717657513888888
2022-08-08,500,-45.03117708333333
2022-08-08,150,-67.11466770833334
2022-08-09,800,-24.282042944444445
2022-08-09,500,-45.85239791666667
2022-08-09,150,-71.55241541666666
2022-08-10,800,-25.049377949074074
2022-08-10,500,-47.27121722222222
2022-08-10,150,-76.19226152777779
2022-08-11,800,-25.832663291666666
2022-08-11,500,-49.05748277777778
2022-08-11,150,-81.6611
2022-08-12,800,-26.82755550462963
2022-08-12,500,-51.610371388888886
2022-08-12,150,-87.56568277777777
2022-08-13,800,-28.41499333796296
2022-08-13,500,-54.45324111111111
2022-08-13,150,-94.75753909722222
2022-08-14,800,-30.511012273148147
2022-08-14,500,-57.21358923611111
2022-08-14,150,-102.44710576388889
2022-08-15,800,-33.526718842592594
2022-08-15,500,-60.46115861111111
2022-08-15,150,-110.57327333333333
2022-08-16,800,-38.31115833333333
2022-08-16,500,-64.34772020833333
2022-08-16,150,-119.61572708333333
2022-08-17,800,-43.67393287037037
2022-08-17,500,-69.41724027777778
2022-08-17,150,-130.18776319444444
2022-08-18,800,-46.757155787037036
2022-08-18,500,-73.24862756944444
2022-08-18,150,-111.86661368055556
2022-08-19,800,-40.186014435185186
2022-08-19,500,-67.56739159722223
2022-08-19,150,-73.75952693055555
2022-08-20,800,-23.327673837962962
2022-08-20,500,-28.295705104166668
2022-08-20,150,-47.99842131944445
2022-08-21,800,-19.89646986111111
2022-08-21,500,-26.968101770833332
2022-08-21,150,-55.28873263888889
2022-08-22,800,-19.71657902777778
2022-08-22,500,-28.489579805555557
2022-08-22,150,-60.04497958333334
2022-08-23,800,-19.74219203703704
2022-08-23,500,-30.31040940277778
2022-08-23,150,-63.89677125
2022-08-24,800,-19.79778990740741
2022-08-24,500,-32.35633752777778
2022-08-24,150,-67.31956430555556
2022-08-25,800,-19.88118935185185
2022-08-25,500,-34.777520333333335
2022-08-25,150,-70.91190534722222
2022-08-26,800,-19.977937740740742
2022-08-26,500,-37.21868284722222
2022-08-26,150,-69.98678201388888
2022-08-27,800,-20.03540634259259
2022-08-27,500,-36.40790482638889
2022-08-27,150,-56.49357881944445
2022-08-28,800,-20.024266620370373
2022-08-28,500,-36.914906180555555
2022-08-28,150,-61.719077500000004
2022-08-29,800,-20.10372734722222
2022-08-29,500,-37.577040833333335
2022-08-29,150,-65.70817423611112
2022-08-30,800,-20.332778199074074
2022-08-30,500,-38.510630416666665
2022-08-30,150,-69.14250423611111
2022-08-31,800,-20.620755125
2022-08-31,500,-40.24017055555555
2022-08-31,150,-72.2430961111111
2022-09-01,800,-21.872606166666667
2022-09-01,500,-41.956883125000004
2022-09-01,150,-74.66842972222221
2022-09-02,800,-24.345914212962963
2022-09-02,500,-44.062828124999996
2022-09-02,150,-74.25583430555555
2022-09-03,800,-23.941682907407404
2022-09-03,500,-34.79795710185185
2022-09-03,150,-53.31623732638889
2022-09-04,800,-21.539781013888888
2022-09-04,500,-42.949188472222225
2022-09-04,150,-56.70105763888889
2022-09-05,800,-21.744854898148148
2022-09-05,500,-35.58637657407407
2022-09-05,150,-62.604325277777775
2022-09-06,800,-22.46374872685185
2022-09-06,500,-45.33036625
2022-09-06,150,-66.95839722222223
2022-09-07,800,-23.35456688425926
2022-09-07,500,-46.92159666666667
2022-09-07,150,-69.34043582638888
2022-09-08,800,-20.873409902777777
2022-09-08,500,-27.621740506944445
2022-09-08,150,-34.279155743055554
2022-09-09,800,-12.749059722222222
2022-09-09,500,-19.724025972222222
2022-09-09,150,-47.13648451388889
2022-09-10,800,-11.77993087962963
2022-09-10,500,-20.768019513888888
2022-09-10,150,-49.84223229166667
2022-09-11,800,-11.96464949074074
2022-09-11,500,-21.69169910416667
2022-09-11,150,-52.92092180555555
2022-09-12,800,-12.215644305555555
2022-09-12,500,-22.90636501388889
2022-09-12,150,-52.901972037037034
2022-09-13,800,-12.482020185185185
2022-09-13,500,-24.25763909027778
2022-09-13,150,-56.34102546296297
2022-09-14,800,-12.728930370370371
2022-09-14,500,-25.627859409722223
2022-09-14,150,-60.97180958333333
2022-09-15,800,-13.019470972222223
2022-09-15,500,-21.808898069444442
2022-09-15,150,-62.43896305555555
2022-09-16,800,-13.304287083333334
2022-09-16,500,-27.635873972222225
2022-09-16,150,-63.883061874999996
2022-09-17,800,-13.627667175925927
2022-09-17,500,-28.556580736111112
2022-09-17,150,-65.46749694444445
2022-09-18,800,-14.045956296296296
2022-09-18,500,-24.857548134259257
2022-09-18,150,-67.01987854166667
2022-09-19,800,-14.363082689814815
2022-09-19,500,-30.724103444444445
2022-09-19,150,-68.97008868055556
2022-09-20,800,-14.67672364814815
2022-09-20,500,-31.91621040277778
2022-09-20,150,-70.81413479166667
2022-09-21,800,-15.027436324074074
2022-09-21,500,-33.28190658333334
2022-09-21,150,-72.64736270833333
2022-09-22,800,-16.160890333333334
2022-09-22,500,-30.6141220462963
2022-09-22,150,-74.62348527777777
2022-09-23,800,-18.85223949074074
2022-09-23,500,-32.12331468196457
2022-09-23,150,-76.64006263888888
2022-09-24,800,-19.47385287037037
2022-09-24,500,-38.07241465277778
2022-09-24,150,-78.48718500000001
2022-09-25,800,-19.9020206712963
2022-09-25,500,-38.57734386805555
2022-09-25,150,-66.83960645833334
2022-09-26,800,-16.415471833333335
2022-09-26,500,-26.747245584656085
2022-09-26,150,-44.743015625
2022-09-27,800,-15.69211875
2022-09-27,500,-30.0219809375
2022-09-27,150,-50.46760826388889
2022-09-28,800,-15.514343101851852
2022-09-28,500,-30.2373353125
2022-09-28,150,-54.13537666666666
2022-09-29,800,-15.42011050925926
2022-09-29,500,-30.563774451388888
2022-09-29,150,-56.403543194444445
2022-09-30,800,-15.402195092592592
2022-09-30,500,-30.87888946527778
2022-09-30,150,-58.03538625
2022-10-01,800,-15.342497037037036
2022-10-01,500,-30.435607729166666
2022-10-01,150,-52.70768894444444
2022-10-02,800,-14.113493472222222
2022-10-02,500,-15.991577750000001
2022-10-02,150,-40.22563423611111
2022-10-03,800,-4.033930268518518
2022-10-03,500,-6.795382962962964
2022-10-03,150,-39.25650409722222
2022-10-04,800,-1
2022-10-04,500,-11.561664861111112
2022-10-04,150,-47.04229527777778
2022-10-05,800,-1
2022-10-05,500,-13.985285277777777
2022-10-05,150,-52.43065409722222
2022-10-06,800,-1
2022-10-06,500,-15.697127638888889
2022-10-06,150,-55.45486520833333
2022-10-07,800,-1
2022-10-07,500,-17.58458667361111
2022-10-07,150,-57.51134944444445
2022-10-08,800,-1.0247831666666667
2022-10-08,500,-19.128838020833335
2022-10-08,150,-59.5958342361111
2022-10-09,800,-1.3693288518518518
2022-10-09,500,-20.07043963888889
2022-10-09,150,-60.13722215277778
2022-10-10,800,-3.5899732083333333
2022-10-10,500,-20.83307903472222
2022-10-10,150,-59.29027
2022-10-11,800,-5.73159412037037
2022-10-11,500,-21.610350118055553
2022-10-11,150,-60.312391388888884
2022-10-12,800,-6.66909587962963
2022-10-12,500,-22.37983835416667
2022-10-12,150,-61.33421777777778
2022-10-13,800,-7.706882314814815
2022-10-13,500,-23.1218286875
2022-10-13,150,-62.66780208333333
2022-10-14,800,-8.328999444444444
2022-10-14,500,-23.854404666666667
2022-10-14,150,-63.751962847222224
2022-10-15,800,-8.856448703703704
2022-10-15,500,-24.453935055555554
2022-10-15,150,-64.58928791666668
2022-10-16,800,-9.277185462962963
2022-10-16,500,-22.27127268939394
2022-10-16,150,-65.70893756944444
2022-10-17,800,-9.668124212962963
2022-10-17,500,-26.413572930555553
2022-10-17,150,-67.15258145833333
2022-10-18,800,-10.037535680555555
2022-10-18,500,-27.430803180555554
2022-10-18,150,-68.50013409722223
2022-10-19,800,-10.633478925925926
2022-10-19,500,-28.284935465277776
2022-10-19,150,-69.77967284722222
2022-10-20,800,-11.922892861111112
2022-10-20,500,-29.042304430555554
2022-10-20,150,-71.25735659722223
2022-10-21,800,-13.920427333333334
2022-10-21,500,-29.76122877083333
2022-10-21,150,-72.30115090277778
2022-10-22,800,-13.742350273148148
2022-10-22,500,-28.07365132638889
2022-10-22,150,-47.098431222222224
2022-10-23,800,-12.021670462962964
2022-10-23,500,-24.144138729166666
2022-10-23,150,-50.151719444444446
2022-10-24,800,-11.177491157407408
2022-10-24,500,-18.500723930555555
2022-10-24,150,-37.498574958333336
2022-10-25,800,-1
2022-10-25,500,-6.052650092592593
2022-10-25,150,-41.18283652777778
2022-10-26,800,-1
2022-10-26,500,-10.722671041666667
2022-10-26,150,-46.77801486111111
2022-10-27,800,-1
2022-10-27,500,-9.191998527777779
2022-10-27,150,-50.40391381944445
2022-10-28,800,-1
2022-10-28,500,-14.533854722222223
2022-10-28,150,-53.23756034722222
2022-10-29,800,-1
2022-10-29,500,-15.906017222222223
2022-10-29,150,-55.317824861111106
2022-10-30,800,-1
2022-10-30,500,-17.683705291666666
2022-10-30,150,-57.134532083333326
2022-10-31,800,-1
2022-10-31,500,-18.873335229166667
2022-10-31,150,-58.967224791666666
2022-11-01,800,-1.002570912037037
2022-11-01,500,-17.34284210506425
2022-11-01,150,-60.49338333333334
2022-11-02,800,-1.2167990555555555
2022-11-02,500,-18.29330774074074
2022-11-02,150,-61.940217222222216
2022-11-03,800,-2.3269718075117374
2022-11-03,500,-21.666666154929576
2022-11-03,150,-62.84685859154929
2022-11-04,800,-4.601255435185185
2022-11-04,500,-22.430364243055553
2022-11-04,150,-63.622760416666665
2022-11-05,800,-5.5564939814814815
2022-11-05,500,-20.441776833333332
2022-11-05,150,-64.34096465277779
2022-11-06,800,-6.294900555555555
2022-11-06,500,-21.120969217592595
2022-11-06,150,-64.71940458333333
2022-11-07,800,-7.181817175925926
2022-11-07,500,-21.778597194444444
2022-11-07,150,-64.96089604166667
2022-11-08,800,-8.06502625
2022-11-08,500,-24.84725823611111
2022-11-08,150,-64.57838875
2022-11-09,800,-8.444567847222222
2022-11-09,500,-22.271078712962964
2022-11-09,150,-62.57796763888889
2022-11-10,800,-8.60486824074074
2022-11-10,500,-24.320399916666666
2022-11-10,150,-58.91305277777778
2022-11-11,800,-8.512700601851853
2022-11-11,500,-23.279467222222223
2022-11-11,150,-52.76283486111111
2022-11-12,800,-8.401756759259259
2022-11-12,500,-23.174862444444443
2022-11-12,150,-59.120206458333335
2022-11-13,800,-8.326645138888889
2022-11-13,500,-23.04728115972222
2022-11-13,150,-60.455464097222226
2022-11-14,800,-8.342215277777777
2022-11-14,500,-21.029478457912457
2022-11-14,150,-61.64901152777777
2022-11-15,800,-8.431224722222222
2022-11-15,500,-21.235807333333334
2022-11-15,150,-62.57486541666667
2022-11-16,800,-8.397512361111112
2022-11-16,500,-21.391573342592594
2022-11-16,150,-63.127934930555554
2022-11-17,800,-8.400491944444445
2022-11-17,500,-21.512529587962963
2022-11-17,150,-63.309314375
2022-11-18,800,-8.457591759259259
2022-11-18,500,-21.65145556194575
2022-11-18,150,-63.612595486111104
2022-11-19,800,-8.548935601851852
2022-11-19,500,-21.889021032407406
2022-11-19,150,-63.921148333333335
2022-11-20,800,-8.650048703703703
2022-11-20,500,-22.04527913095238
2022-11-20,150,-64.1789623611111
2022-11-21,800,-8.693795740740741
2022-11-21,500,-24.131353104166664
2022-11-21,150,-64.39332569444444
2022-11-22,800,-8.720298657407406
2022-11-22,500,-24.241450937499998
2022-11-22,150,-64.6023729861111
2022-11-23,800,-8.795112777777778
2022-11-23,500,-24.45896507638889
2022-11-23,150,-64.944835
2022-11-24,800,-8.922173657407408
2022-11-24,500,-24.705624520833336
2022-11-24,150,-65.33265645833333
2022-11-25,800,-9.03385976851852
2022-11-25,500,-24.947752506944443
2022-11-25,150,-65.71604729166665
2022-11-26,800,-9.2020145648148155
2022-11-26,500,-22.77233359722222
2022-11-26,150,-66.19268194444444
2022-11-27,800,-9.337768027777777
2022-11-27,500,-25.602547076388888
2022-11-27,150,-66.66305840277778
2022-11-28,800,-9.451116837962964
2022-11-28,500,-24.484065341750842
2022-11-28,150,-67.23248895833333
2022-11-29,800,-9.599491962962963
2022-11-29,500,-24.832641837121212
2022-11-29,150,-67.80127215277778
2022-11-30,800,-11.405475546296296
2022-11-30,500,-25.116618314814815
2022-11-30,150,-68.32836847222222
2022-12-01,800,-11.962866074074075
2022-12-01,500,-25.37358763888889
2022-12-01,150,-68.78239486111111
2022-12-02,800,-12.353601273148149
2022-12-02,500,-27.534234125
2022-12-02,150,-69.26552444444444
2022-12-03,800,-12.916859356481481
2022-12-03,500,-25.33111687962963
2022-12-03,150,-69.71657284722222
2022-12-04,800,-13.363149898148148
2022-12-04,500,-26.50162137037037
2022-12-04,150,-70.12821027777778
2022-12-05,800,-13.82834787037037
2022-12-05,500,-28.858899604166666
2022-12-05,150,-70.62025305555557
2022-12-06,800,-14.04136175925926
2022-12-06,500,-29.272026743055555
2022-12-06,150,-71.10824298611111
2022-12-07,800,-14.166267731481481
2022-12-07,500,-29.753144597222224
2022-12-07,150,-71.58297923611111
2022-12-08,800,-14.238902175925926
2022-12-08,500,-30.005948534722222
2022-12-08,150,-72.08835756944444
2022-12-09,800,-14.3215425
2022-12-09,500,-30.2857740625
2022-12-09,150,-72.61632826388889
2022-12-10,800,-14.48374550925926
2022-12-10,500,-30.627986166666666
2022-12-10,150,-73.13412895833333
2022-12-11,800,-14.629632407407406
2022-12-11,500,-30.97682434027778
2022-12-11,150,-73.739760625
2022-12-12,800,-14.967184861111111
2022-12-12,500,-31.38749092361111
2022-12-12,150,-74.33220756944445
2022-12-13,800,-15.373497083333334
2022-12-13,500,-31.85574673611111
2022-12-13,150,-74.98101680555556
2022-12-14,800,-15.732964953703704
2022-12-14,500,-32.30530659722222
2022-12-14,150,-75.76721645833334
2022-12-15,800,-16.01775851851852
2022-12-15,500,-32.73358611111111
2022-12-15,150,-76.52518888888889
2022-12-16,800,-16.348268287037037
2022-12-16,500,-30.717577175925925
2022-12-16,150,-77.12609229166667
2022-12-17,800,-16.719814212962966
2022-12-17,500,-33.64577888888889
2022-12-17,150,-77.67981395833334
2022-12-18,800,-17.117369398148146
2022-12-18,500,-31.989979675925923
2022-12-18,150,-78.42300152777779
2022-12-19,800,-17.595903101851853
2022-12-19,500,-34.909595555555555
2022-12-19,150,-79.5054486111111
2022-12-20,800,-17.93509060185185
2022-12-20,500,-35.328850208333336
2022-12-20,150,-80.15812770833334
2022-12-21,800,-18.387531157407405
2022-12-21,500,-33.44518523148148
2022-12-21,150,-80.37296534722222
2022-12-22,800,-19.061552777777777
2022-12-22,500,-35.998491875
2022-12-22,150,-80.329725
2022-12-23,800,-19.38903564814815
2022-12-23,500,-35.48874951388889
2022-12-23,150,-57.55385279166667
2022-12-24,800,-14.104511291666668
2022-12-24,500,-18.565164756944444
2022-12-24,150,-34.910723798611116
2022-12-25,800,-10.12026388888889
2022-12-25,500,-14.167325625
2022-12-25,150,-40.74161423611111
2022-12-26,800,-7.733156435185186
2022-12-26,500,-14.978836388888888
2022-12-26,150,-44.38396270833333
2022-12-27,800,-4.991003439814815
2022-12-27,500,-14.400967453703704
2022-12-27,150,-47.55976638888889
2022-12-28,800,-3.0436609814814815
2022-12-28,500,-16.094662777777778
2022-12-28,150,-50.05197527777778
2022-12-29,800,-2.507732324074074
2022-12-29,500,-16.615582361111112
2022-12-29,150,-52.10689013888889
2022-12-30,800,-2.661263611111111
2022-12-30,500,-17.382807243055556
2022-12-30,150,-53.93722298611111
2022-12-31,800,-3.2992076249999998
2022-12-31,500,-18.54812422222222
2022-12-31,150,-55.539560763888886
2023-01-01,800,-4.386676726851852
2023-01-01,500,-19.25274746527778
2023-01-01,150,-56.662393819444446
2023-01-02,800,-4.891117361111111
2023-01-02,500,-19.54643976388889
2023-01-02,150,-56.88483972222222
2023-01-03,800,-5.077466759259259
2023-01-03,500,-19.609785506944444
2023-01-03,150,-56.78554381944444
2023-01-04,800,-5.011174675925926
2023-01-04,500,-19.62801311111111
2023-01-04,150,-56.700871319444445
2023-01-05,800,-4.996212453703704
2023-01-05,500,-19.745896291666668
2023-01-05,150,-56.89400173611111
2023-01-06,800,-5.0674941203703705
2023-01-06,500,-19.97511695138889
2023-01-06,150,-57.09102986111111
2023-01-07,800,-5.217328842592592
2023-01-07,500,-18.77068634722222
2023-01-07,150,-57.49434868055556
2023-01-08,800,-5.532531944444444
2023-01-08,500,-20.390149986111112
2023-01-08,150,-58.000204374999996
2023-01-09,800,-5.750286527777778
2023-01-09,500,-19.407803458333333
2023-01-09,150,-58.57459111111111
2023-01-10,800,-6.900219074074074
2023-01-10,500,-20.017476123219375
2023-01-10,150,-59.316354652777775
2023-01-11,800,-7.366080138888889
2023-01-11,500,-21.965415673611112
2023-01-11,150,-60.12599041666667
2023-01-12,800,-7.341962175925926
2023-01-12,500,-20.967943578703704
2023-01-12,150,-60.831575486111106
2023-01-13,800,-7.316172037037037
2023-01-13,500,-22.781551916666665
2023-01-13,150,-61.64081368055556
2023-01-14,800,-7.975958194444445
2023-01-14,500,-23.197762125
2023-01-14,150,-62.36643041666666
2023-01-15,800,-8.470163611111111
2023-01-15,500,-23.54680651388889
2023-01-15,150,-62.92167048611111
2023-01-16,800,-8.44332824074074
2023-01-16,500,-23.79274252777778
2023-01-16,150,-63.36309541666667
2023-01-17,800,-8.335823194444444
2023-01-17,500,-24.220171979166665
2023-01-17,150,-63.76020069444444
2023-01-18,800,-8.691640092592593
2023-01-18,500,-24.675443812500003
2023-01-18,150,-64.37115763888889
2023-01-19,800,-9.158025601851852
2023-01-19,500,-25.193591361111114
2023-01-19,150,-65.05957666666667
2023-01-20,800,-9.362599953703704
2023-01-20,500,-24.028531486111113
2023-01-20,150,-65.76566243055555
2023-01-21,800,-9.58291925925926
2023-01-21,500,-26.294291256944444
2023-01-21,150,-66.77995180555556
2023-01-22,800,-11.322974152777778
2023-01-22,500,-26.957694694444445
2023-01-22,150,-68.02601986111111
2023-01-23,800,-12.219672087962962
2023-01-23,500,-27.95363222916667
2023-01-23,150,-69.56640118055556
2023-01-24,800,-13.445057731481482
2023-01-24,500,-27.238740050925927
2023-01-24,150,-71.35433131944444
2023-01-25,800,-13.920534351851853
2023-01-25,500,-28.121001217592593
2023-01-25,150,-72.48704951388889
2023-01-26,800,-14.269164074074075
2023-01-26,500,-31.417601597222223
2023-01-26,150,-73.58124388888889
2023-01-27,800,-14.710299537037036
2023-01-27,500,-32.358734375
2023-01-27,150,-75.2541763888889
2023-01-28,800,-15.187012916666667
2023-01-28,500,-33.206160069444444
2023-01-28,150,-77.53937611111111
2023-01-29,800,-15.836304953703705
2023-01-29,500,-34.33578090277778
2023-01-29,150,-80.88457479166667
2023-01-30,800,-16.577195833333334
2023-01-30,500,-32.05824032407407
2023-01-30,150,-83.07405972222222
2023-01-31,800,-18.308591759259258
2023-01-31,500,-37.45303555555555
2023-01-31,150,-84.34977319444445
2023-02-01,800,-18.952134444444443
2023-02-01,500,-34.366343472222226
2023-02-01,150,-85.48347611111112
2023-02-02,800,-19.63208814814815
2023-02-02,500,-40.099123472222225
2023-02-02,150,-86.20998944444445
2023-02-03,800,-20.19448175925926
2023-02-03,500,-40.82073868055556
2023-02-03,150,-86.71368229166667
2023-02-04,800,-20.728991666666666
2023-02-04,500,-41.37313569444444
2023-02-04,150,-86.88759548611111
2023-02-05,800,-20.939747731481482
2023-02-05,500,-41.922327708333334
2023-02-05,150,-86.83748180555556
2023-02-06,800,-21.068783564814815
2023-02-06,500,-42.213470486111106
2023-02-06,150,-86.70593729166666
2023-02-07,800,-21.516041064814814
2023-02-07,500,-37.709523520955166
2023-02-07,150,-86.65921993055557
2023-02-08,800,-21.95868541666667
2023-02-08,500,-38.096345416666665
2023-02-08,150,-86.71005423611112
2023-02-09,800,-22.42891037037037
2023-02-09,500,-43.69931555555556
2023-02-09,150,-87.01904111111111
2023-02-10,800,-23.145844212962963
2023-02-10,500,-44.87613409722222
2023-02-10,150,-88.22254361111112
2023-02-11,800,-23.50821351851852
2023-02-11,500,-46.420958472222225
2023-02-11,150,-90.1420961111111
2023-02-12,800,-23.743456435185188
2023-02-12,500,-41.62863523148148
2023-02-12,150,-91.80598958333334
2023-02-13,800,-24.09901148148148
2023-02-13,500,-42.44448393518519
2023-02-13,150,-92.37822402777778
2023-02-14,800,-24.54824976851852
2023-02-14,500,-43.07269388888889
2023-02-14,150,-92.298067986111107
2023-02-15,800,-25.276222685185186
2023-02-15,500,-43.34516699074074
2023-02-15,150,-92.03968215277777
2023-02-16,800,-25.53169226851852
2023-02-16,500,-49.87360298611111
2023-02-16,150,-91.72138444444445
2023-02-17,800,-25.67798402777778
2023-02-17,500,-49.95082458333333
2023-02-17,150,-91.62340375
2023-02-18,800,-25.786778842592593
2023-02-18,500,-49.93312520833333
2023-02-18,150,-90.92315159722222
2023-02-19,800,-25.85866935185185
2023-02-19,500,-49.858801875
2023-02-19,150,-89.7716875
2023-02-20,800,-25.93709323148148
2023-02-20,500,-49.84810861111111
2023-02-20,150,-89.20550854166667
2023-02-21,800,-25.74452737037037
2023-02-21,500,-43.870959120370365
2023-02-21,150,-88.76906666666667
2023-02-22,800,-25.74971511574074
2023-02-22,500,-43.755318055555556
2023-02-22,150,-88.04743736111111
2023-02-23,800,-25.783462310185186
2023-02-23,500,-43.76742467592592
2023-02-23,150,-87.14361458333333
2023-02-24,800,-25.768740513888886
2023-02-24,500,-43.62526717592593
2023-02-24,150,-86.12361270833333
2023-02-25,800,-25.681394722222223
2023-02-25,500,-49.09069868055556
2023-02-25,150,-85.35156173611111
2023-02-26,800,-25.61676402777778
2023-02-26,500,-48.97696381944445
2023-02-26,150,-85.12098041666667
2023-02-27,800,-25.644586166666667
2023-02-27,500,-43.26781967592593
2023-02-27,150,-85.38408409722223
2023-02-28,800,-25.454414462962962
2023-02-28,500,-48.86689840277778
2023-02-28,150,-85.92160472222221
2023-03-01,800,-25.348550421296295
2023-03-01,500,-48.82086916666666
2023-03-01,150,-86.61688083333334
2023-03-02,800,-25.452167546296298
2023-03-02,500,-43.22768027777778
2023-03-02,150,-87.420255
2023-03-03,800,-25.58272625462963
2023-03-03,500,-48.923558541666665
2023-03-03,150,-88.15515368055554
2023-03-04,800,-25.562726532407407
2023-03-04,500,-49.04576270833333
2023-03-04,150,-88.74066694444444
2023-03-05,800,-25.522607546296296
2023-03-05,500,-49.08578368055556
2023-03-05,150,-89.43806326388889
2023-03-06,800,-25.581049902777778
2023-03-06,500,-49.17553375
2023-03-06,150,-90.49242979166667
2023-03-07,800,-25.807800324074076
2023-03-07,500,-49.57867805555556
2023-03-07,150,-92.65592625
2023-03-08,800,-26.054437958333335
2023-03-08,500,-44.61784194444445
2023-03-08,150,-94.35037812499999
2023-03-09,800,-26.57029339814815
2023-03-09,500,-45.46981347222222
2023-03-09,150,-95.23087513888889
2023-03-10,800,-27.055297231481482
2023-03-10,500,-45.928064990740744
2023-03-10,150,-95.464635625
2023-03-11,800,-27.27904377314815
2023-03-11,500,-52.27624486111111
2023-03-11,150,-95.80688708333332
2023-03-12,800,-27.619775199074073
2023-03-12,500,-52.59653506944444
2023-03-12,150,-93.53281590277777
2023-03-13,800,-27.696942615740742
2023-03-13,500,-47.0438025462963
2023-03-13,150,-92.70302472222222
2023-03-14,800,-27.275922898148146
2023-03-14,500,-51.04133013888888
2023-03-14,150,-83.58375319444444
2023-03-15,800,-26.481309675925928
2023-03-15,500,-48.571535625
2023-03-15,150,-72.84844298611111
2023-03-16,800,-25.807493333333333
2023-03-16,500,-40.71896046296297
2023-03-16,150,-74.45721465277778
2023-03-17,800,-25.346335416666665
2023-03-17,500,-48.092470347222225
2023-03-17,150,-72.385643125
2023-03-18,800,-24.794360833333336
2023-03-18,500,-40.068606064814816
2023-03-18,150,-64.61267222222222
2023-03-19,800,-24.09318550925926
2023-03-19,500,-38.118647592592595
2023-03-19,150,-62.76483881944445
2023-03-20,800,-22.87976939814815
2023-03-20,500,-40.51502555555555
2023-03-20,150,-62.90698305555555
2023-03-21,800,-15.371067476851852
2023-03-21,500,-30.58809184259259
2023-03-21,150,-62.385184861111114
2023-03-22,800,-13.508881296296297
2023-03-22,500,-27.334268958333332
2023-03-22,150,-61.06882173611111
2023-03-23,800,-13.191544861111112
2023-03-23,500,-28.074782555555558
2023-03-23,150,-59.85575347222222
2023-03-24,800,-12.910669351851851
2023-03-24,500,-27.83736484027778
2023-03-24,150,-58.47906020833334
2023-03-25,800,-12.47319875
2023-03-25,500,-25.58096115740741
2023-03-25,150,-53.58089201388889
2023-03-26,800,-11.947912916666667
2023-03-26,500,-26.358545645833335
2023-03-26,150,-52.598526944444444
2023-03-27,800,-11.250036203703704
2023-03-27,500,-26.412973125
2023-03-27,150,-53.95355131944444
2023-03-28,800,-10.813011388888889
2023-03-28,500,-24.37672938888889
2023-03-28,150,-56.182636249999995
2023-03-29,800,-10.398524583333334
2023-03-29,500,-26.854460125
2023-03-29,150,-57.505872986111115
2023-03-30,800,-10.125015509259258
2023-03-30,500,-19.14889524074074
2023-03-30,150,-47.0578775
2023-03-31,800,-3.5960431111111113
2023-03-31,500,-15.738499097222222
2023-03-31,150,-41.78452083333333
2023-04-01,800,-1
2023-04-01,500,-10.055441675925927
2023-04-01,150,-44.612628541666666
2023-04-02,800,-1
2023-04-02,500,-13.836177430555555
2023-04-02,150,-46.45098847222222
2023-04-03,800,-1
2023-04-03,500,-14.212797986111111
2023-04-03,150,-47.73030763888889
2023-04-04,800,-1
2023-04-04,500,-14.793523125
2023-04-04,150,-49.572078472222216
2023-04-05,800,-1
2023-04-05,500,-15.678917083333333
2023-04-05,150,-51.942786041666665
2023-04-06,800,-1
2023-04-06,500,-16.623410347222222
2023-04-06,150,-54.19943562500001
2023-04-07,800,-1
2023-04-07,500,-17.57459048611111
2023-04-07,150,-56.01129486111111
2023-04-08,800,-1
2023-04-08,500,-17.008241319444444
2023-04-08,150,-57.339827777777785
2023-04-09,800,-1
2023-04-09,500,-19.41277342361111
2023-04-09,150,-58.46153826388889
2023-04-10,800,-1
2023-04-10,500,-20.088537340277778
2023-04-10,150,-59.197035486111105
2023-04-11,800,-1
2023-04-11,500,-20.686698243055556
2023-04-11,150,-59.93529729166667
2023-04-12,800,-1
2023-04-12,500,-21.1986879375
2023-04-12,150,-60.22674791666667
2023-04-13,800,-1
2023-04-13,500,-21.514276159722222
2023-04-13,150,-60.071289930555565
2023-04-14,800,-1
2023-04-14,500,-21.644839847222222
2023-04-14,150,-60.170011111111116
2023-04-15,800,-1
2023-04-15,500,-21.769782944444444
2023-04-15,150,-60.36353375
2023-04-16,800,-1
2023-04-16,500,-20.10752247685185
2023-04-16,150,-60.695183125
2023-04-17,800,-1
2023-04-17,500,-22.169163527777776
2023-04-17,150,-60.92197
2023-04-18,800,-1.0840306527777779
2023-04-18,500,-22.27752584027778
2023-04-18,150,-60.74775687500001
2023-04-19,800,-1.7412871435185184
2023-04-19,500,-22.108737319444444
2023-04-19,150,-59.12072090277778
2023-04-20,800,-1.6541437083333335
2023-04-20,500,-20.87610892361111
2023-04-20,150,-52.862863958333335
2023-04-21,800,-1.2095119583333334
2023-04-21,500,-18.47676597222222
2023-04-21,150,-47.534875625
2023-04-22,800,-1
2023-04-22,500,-14.785583263888888
2023-04-22,150,-47.14020701388888
2023-04-23,800,-1
2023-04-23,500,-15.196325555555555
2023-04-23,150,-47.95982798611111
2023-04-24,800,-1
2023-04-24,500,-14.777966388888888
2023-04-24,150,-45.82502229166666
2023-04-25,800,-1
2023-04-25,500,-12.418174305555556
2023-04-25,150,-44.570468194444445
2023-04-26,800,-1
2023-04-26,500,-11.173705592592592
2023-04-26,150,-47.398973125
2023-04-27,800,-1
2023-04-27,500,-14.641098125
2023-04-27,150,-50.06333333333333
2023-04-28,800,-1
2023-04-28,500,-15.698258541666666
2023-04-28,150,-51.51769395833333
2023-04-29,800,-1
2023-04-29,500,-2.7190861805555557
2023-04-29,150,-25.607790555555553
2023-04-30,800,-1
2023-04-30,500,-1.087734023148148
2023-04-30,150,-36.69684375
2023-05-01,800,-1
2023-05-01,500,-3.049166416666667
2023-05-01,150,-36.473350555555555
2023-05-02,800,-1
2023-05-02,500,-1
2023-05-02,150,-32.70170993055555
2023-05-03,800,-1
2023-05-03,500,-1.1373500972222224
2023-05-03,150,-39.23989673611111
2023-05-04,800,-1
2023-05-04,500,-5.411572819444444
2023-05-04,150,-42.961163194444445
2023-05-05,800,-1
2023-05-05,500,-7.613391319444444
2023-05-05,150,-46.307465763888885
2023-05-06,800,-1
2023-05-06,500,-8.874429583333333
2023-05-06,150,-47.87748395833333
2023-05-07,800,-1
2023-05-07,500,-9.981470069444445
2023-05-07,150,-48.493653333333334
2023-05-08,800,-1
2023-05-08,500,-10.534239722222223
2023-05-08,150,-45.73430097222223
2023-05-09,800,-1
2023-05-09,500,-7.816447152777778
2023-05-09,150,-32.705281944444444
2023-05-10,800,-1
2023-05-10,500,-2.6292539930555554
2023-05-10,150,-25.183191569444446
2023-05-11,800,-1
2023-05-11,500,-1
2023-05-11,150,-28.63594423611111
2023-05-12,800,-1
2023-05-12,500,-1
2023-05-12,150,-34.58533944444444
2023-05-13,800,-1
2023-05-13,500,-1
2023-05-13,150,-39.42255284722222
2023-05-14,800,-1
2023-05-14,500,-1
2023-05-14,150,-42.06181347222223
2023-05-15,800,-1
2023-05-15,500,-1.2680748518518519
2023-05-15,150,-44.460209097222226
2023-05-16,800,-1
2023-05-16,500,-3.3119647268518517
2023-05-16,150,-46.787339375
2023-05-17,800,-1
2023-05-17,500,-6.684589513888889
2023-05-17,150,-48.423651875000004
2023-05-18,800,-1
2023-05-18,500,-7.8105779166666665
2023-05-18,150,-49.75668527777778
2023-05-19,800,-1
2023-05-19,500,-9.029271458333334
2023-05-19,150,-50.93789020833333
2023-05-20,800,-1
2023-05-20,500,-10.346012222222223
2023-05-20,150,-52.075273611111115
2023-05-21,800,-1
2023-05-21,500,-11.372114583333333
2023-05-21,150,-53.73949381944445
2023-05-22,800,-1
2023-05-22,500,-12.630213888888889
2023-05-22,150,-55.53817659722222
2023-05-23,800,-1
2023-05-23,500,-13.833126527777777
2023-05-23,150,-57.68385673611111
2023-05-24,800,-1
2023-05-24,500,-14.77885451388889
2023-05-24,150,-58.24427576388889
2023-05-25,800,-1
2023-05-25,500,-14.958245625
2023-05-25,150,-56.082094375
2023-05-26,800,-1
2023-05-26,500,-14.89764712121212
2023-05-26,150,-56.612960909090916
2023-05-27,800,-1
2023-05-27,500,-14.947043819444444
2023-05-27,150,-52.51082996459695
2023-05-28,800,-1
2023-05-28,500,-14.130014078703704
2023-05-28,150,-53.62427393518519
2023-05-29,800,-1
2023-05-29,500,-16.021179527777775
2023-05-29,150,-54.9238224537037
2023-05-30,800,-1
2023-05-30,500,-17.5231048125
2023-05-30,150,-56.77888768518518
2023-05-31,800,-1.1765698703703704
2023-05-31,500,-18.40781377777778
2023-05-31,150,-58.35772273148148
2023-06-01,800,-1.423914178403756
2023-06-01,500,-17.34423934741784
2023-06-01,150,-59.868333802816906
2023-06-02,800,-1.7254503055555557
2023-06-02,500,-19.718540125
2023-06-02,150,-59.91669777777778
2023-06-03,800,-2.3017642777777776
2023-06-03,500,-20.40630323611111
2023-06-03,150,-59.71717370370371
2023-06-04,800,-2.8539110694444445
2023-06-04,500,-20.625723736111112
2023-06-04,150,-60.4056137037037
2023-06-05,800,-2.946258689814815
2023-06-05,500,-20.399484354166667
2023-06-05,150,-59.580252962962966
2023-06-06,800,-2.535054837962963
2023-06-06,500,-19.591965451388887
2023-06-06,150,-55.10861925925926
2023-06-07,800,-2.358754162037037
2023-06-07,500,-19.13412804861111
2023-06-07,150,-56.26983657407408
2023-06-08,800,-2.523305550925926
2023-06-08,500,-19.175526687500003
2023-06-08,150,-57.84693703703704
2023-06-09,800,-2.5137164444444444
2023-06-09,500,-17.989243569444444
2023-06-09,150,-59.33575782407407
2023-06-10,800,-2.493432175925926
2023-06-10,500,-19.6769746875
2023-06-10,150,-60.43041074074074
2023-06-11,800,-2.613367476851852
2023-06-11,500,-19.942432694444445
2023-06-11,150,-61.15952282407408
2023-06-12,800,-2.881920273148148
2023-06-12,500,-20.143388729166666
2023-06-12,150,-62.22663106481481
2023-06-13,800,-4.892075740740741
2023-06-13,500,-20.405356284722224
2023-06-13,150,-63.44834490740741
2023-06-14,800,-5.081982685185185
2023-06-14,500,-20.78723678472222
2023-06-14,150,-64.96333064814814
2023-06-15,800,-5.273931064814815
2023-06-15,500,-21.868167336805556
2023-06-15,150,-67.51240997619047
2023-06-16,800,-5.330258083333334
2023-06-16,500,-22.91042051346801
2023-06-16,150,-70.04330060185185
2023-06-17,800,-6.203237055555555
2023-06-17,500,-23.8814405244709
2023-06-17,150,-72.26686569444445
2023-06-18,800,-7.282157796296296
2023-06-18,500,-25.073219324074074
2023-06-18,150,-74.91005907407407
2023-06-19,800,-8.565083833333333
2023-06-19,500,-26.374161337962963
2023-06-19,150,-77.59272935185186
2023-06-20,800,-10.231467587962964
2023-06-20,500,-28.066013564814817
2023-06-20,150,-80.15342699074074
2023-06-21,800,-11.680704888888888
2023-06-21,500,-29.993435837962963
2023-06-21,150,-83.48041023148149
2023-06-22,800,-12.272188703703703
2023-06-22,500,-32.1724475
2023-06-22,150,-87.3153212037037
2023-06-23,800,-12.333831574074074
2023-06-23,500,-31.107790208333334
2023-06-23,150,-73.5588074074074
2023-06-24,800,-11.710119921296295
2023-06-24,500,-30.689946944444443
2023-06-24,150,-73.70039402777778
2023-06-25,800,-12.189543458333333
2023-06-25,500,-31.221238541666665
2023-06-25,150,-75.76052527777777
2023-06-26,800,-12.542061851851852
2023-06-26,500,-31.807932500000003
2023-06-26,150,-77.73504388888888
2023-06-27,800,-12.787537824074073
2023-06-27,500,-32.48027305555556
2023-06-27,150,-79.98325027777778
2023-06-28,800,-13.35010050925926
2023-06-28,500,-33.688825
2023-06-28,150,-83.04547060185185
2023-06-29,800,-14.054902175925926
2023-06-29,500,-35.928127430555556
2023-06-29,150,-82.34768800925926
2023-06-30,800,-13.935801435185185
2023-06-30,500,-35.10299763888889
2023-06-30,150,-61.656605
2023-07-01,800,-13.536248796296295
2023-07-01,500,-32.94422791666667
2023-07-01,150,-57.32096532407407
2023-07-02,800,-13.093398981481482
2023-07-02,500,-32.25580618055556
2023-07-02,150,-61.087285324074074
2023-07-03,800,-13.062641574074075
2023-07-03,500,-32.74637951388889
2023-07-03,150,-64.9430524537037
2023-07-04,800,-13.172380185185185
2023-07-04,500,-33.24063430555555
2023-07-04,150,-66.29697981481482
2023-07-05,800,-13.065804351851853
2023-07-05,500,-32.49113354166666
2023-07-05,150,-54.09839888888889
2023-07-06,800,-12.795033842592593
2023-07-06,500,-31.949330694444445
2023-07-06,150,-58.38338347222223
2023-07-07,800,-12.577207685185185
2023-07-07,500,-32.09607270833333
2023-07-07,150,-62.54343078703704
2023-07-08,800,-12.521650046296298
2023-07-08,500,-32.31525055555556
2023-07-08,150,-66.3744799074074
2023-07-09,800,-12.45162726851852
2023-07-09,500,-32.52758194444444
2023-07-09,150,-69.97769564814814
2023-07-10,800,-12.493623888888889
2023-07-10,500,-32.84644236111111
2023-07-10,150,-74.13884254629629
2023-07-11,800,-12.67011263888889
2023-07-11,500,-33.25685201388889
2023-07-11,150,-78.27345041666666
2023-07-12,800,-11.997712597222222
2023-07-12,500,-32.02368438194444
2023-07-12,150,-51.24860009259259
2023-07-13,800,-9.063381916666666
2023-07-13,500,-22.835975393518517
2023-07-13,150,-30.74691961111111
2023-07-14,800,-8.597494398148148
2023-07-14,500,-20.702247569444445
2023-07-14,150,-41.780710416666665
2023-07-15,800,-8.525939027777778
2023-07-15,500,-21.407455715277777
2023-07-15,150,-49.596819305555556
2023-07-16,800,-8.512597592592593
2023-07-16,500,-22.268624
2023-07-16,150,-55.04745263888889
2023-07-17,800,-8.504574537037037
2023-07-17,500,-23.202994736111112
2023-07-17,150,-59.28328509259259
2023-07-18,800,-8.502075787037038
2023-07-18,500,-24.15600821527778
2023-07-18,150,-60.34700018518519
2023-07-19,800,-8.504066203703703
2023-07-19,500,-24.949509868055554
2023-07-19,150,-62.70843125
2023-07-20,800,-8.53648236111111
2023-07-20,500,-26.1347974375
2023-07-20,150,-67.7102261574074
2023-07-21,800,-8.592086111111112
2023-07-21,500,-27.262736138888886
2023-07-21,150,-71.70765902777778
2023-07-22,800,-8.751199398148147
2023-07-22,500,-28.164711291666666
2023-07-22,150,-74.51221981481481
2023-07-23,800,-8.998240032407407
2023-07-23,500,-29.30525302777778
2023-07-23,150,-79.1393299074074
2023-07-24,800,-9.800133805555555
2023-07-24,500,-30.457593881944444
2023-07-24,150,-82.50358870370371
2023-07-25,800,-10.912368782407407
2023-07-25,500,-31.04689008333333
2023-07-25,150,-75.16039837962963
2023-07-26,800,-14.361939916666667
2023-07-26,500,-31.34365811111111
2023-07-26,150,-81.98171435185185
2023-07-27,800,-15.778162187793427
2023-07-27,500,-31.466778190140843
2023-07-27,150,-84.2728148826291
2023-07-28,800,-17.741205958333335
2023-07-28,500,-36.017430912037035
2023-07-28,150,-79.21297796296297
2023-07-29,800,-19.23991213888889
2023-07-29,500,-35.76575614351852
2023-07-29,150,-71.27135902777778
2023-07-30,800,-19.504004782407407
2023-07-30,500,-30.236357166666664
2023-07-30,150,-77.22562666666667
2023-07-31,800,-19.706176768518517
2023-07-31,500,-36.30490630092593
2023-07-31,150,-80.77417175925926
2023-08-01,800,-20.323517972222223
2023-08-01,500,-29.71480809722222
2023-08-01,150,-84.12044699074075
2023-08-02,800,-21.733763333333332
2023-08-02,500,-29.672909618055556
2023-08-02,150,-87.1842099537037
2023-08-03,800,-22.521880324074072
2023-08-03,500,-29.55135715277778
2023-08-03,150,-79.73138765740741
2023-08-04,800,-19.157939953703703
2023-08-04,500,-10.012142402777778
2023-08-04,150,-25.885549027777778
2023-08-05,800,-9.18584551388889
2023-08-05,500,-9.674652152777778
2023-08-05,150,-38.539522175925924
2023-08-06,800,-6.801122416666666
2023-08-06,500,-11.39312125
2023-08-06,150,-43.20497564814815
2023-08-07,800,-6.826851791666667
2023-08-07,500,-12.057516319444444
2023-08-07,150,-46.1340775462963
2023-08-08,800,-6.925264555555556
2023-08-08,500,-12.268883472222223
2023-08-08,150,-49.09844449074074
2023-08-09,800,-7.400211199074074
2023-08-09,500,-13.200261944444444
2023-08-09,150,-52.95468361111111
2023-08-10,800,-8.45866362962963
2023-08-10,500,-14.67979388888889
2023-08-10,150,-56.32287662037037
2023-08-11,800,-9.354992087962962
2023-08-11,500,-16.580552166666667
2023-08-11,150,-60.150323703703705
2023-08-12,800,-9.904657824074073
2023-08-12,500,-18.549770854166667
2023-08-12,150,-63.862888425925924
2023-08-13,800,-10.411501388888889
2023-08-13,500,-19.744007152777776
2023-08-13,150,-67.33933069444444
2023-08-14,800,-11.465772453703703
2023-08-14,500,-20.827725194444444
2023-08-14,150,-71.52134648148149
2023-08-15,800,-12.885881157407407
2023-08-15,500,-22.064631402777778
2023-08-15,150,-75.98445041666668
2023-08-16,800,-13.894111601851852
2023-08-16,500,-23.534605270833335
2023-08-16,150,-81.09900231481481
2023-08-17,800,-15.001277166666668
2023-08-17,500,-25.23912773611111
2023-08-17,150,-73.21668852314815
2023-08-18,800,-15.633423171296295
2023-08-18,500,-25.960570645833332
2023-08-18,150,-65.49046912037036
2023-08-19,800,-16.571479231481483
2023-08-19,500,-27.332980298611112
2023-08-19,150,-75.35287550925926
2023-08-20,800,-17.841630907407406
2023-08-20,500,-29.059505256944444
2023-08-20,150,-84.60678324074074
2023-08-21,800,-19.77716412962963
2023-08-21,500,-31.44177101388889
2023-08-21,150,-95.29394680555555
2023-08-22,800,-22.459205694444446
2023-08-22,500,-34.960265625000005
2023-08-22,150,-106.20899574074075
2023-08-23,800,-25.370737129629628
2023-08-23,500,-38.26953479166667
2023-08-23,150,-118.11565236111112
2023-08-24,800,-27.81676115740741
2023-08-24,500,-41.82166368055556
2023-08-24,150,-131.05045777777778
2023-08-25,800,-31.33035537037037
2023-08-25,500,-46.36355104166667
2023-08-25,150,-143.7508624074074
2023-08-26,800,-31.24417
2023-08-26,500,-47.77367576388889
2023-08-26,150,-81.66463074074073
2023-08-27,800,-11.391388597222223
2023-08-27,500,-17.015555368055555
2023-08-27,150,-20.622323277777777
2023-08-28,800,-1
2023-08-28,500,-1
2023-08-28,150,-13.841467046296296
2023-08-29,800,-1
2023-08-29,500,-1
2023-08-29,150,-19.933019671296297
2023-08-30,800,-1
2023-08-30,500,-1
2023-08-30,150,-29.41736703703704
2023-08-31,800,-1
2023-08-31,500,-1
2023-08-31,150,-36.65906064814815
2023-09-01,800,-1
2023-09-01,500,-1.5019272777777777
2023-09-01,150,-40.72466740740741
2023-09-02,800,-1
2023-09-02,500,-3.8997257546296296
2023-09-02,150,-44.07330337962963
2023-09-03,800,-1
2023-09-03,500,-5.326843194444444
2023-09-03,150,-47.05593291666667
2023-09-04,800,-1
2023-09-04,500,-6.5190478981481474
2023-09-04,150,-50.14713662037037
2023-09-05,800,-1
2023-09-05,500,-7.791070097222222
2023-09-05,150,-53.16102574074074
2023-09-06,800,-1
2023-09-06,500,-9.727056199834163
2023-09-06,150,-55.933390046296296
2023-09-07,800,-1
2023-09-07,500,-11.987141216931217
2023-09-07,150,-58.98650712962963
2023-09-08,800,-1
2023-09-08,500,-14.717597211226852
2023-09-08,150,-61.834897222222224
2023-09-09,800,-1
2023-09-09,500,-16.52080215277778
2023-09-09,150,-65.15516680555555
2023-09-10,800,-1
2023-09-10,500,-17.88844726388889
2023-09-10,150,-68.74235328703703
2023-09-11,800,-1.1770794722222222
2023-09-11,500,-22.231276680555556
2023-09-11,150,-72.80808037037036
2023-09-12,800,-1.929518185185185
2023-09-12,500,-21.165227041666668
2023-09-12,150,-77.82026652777778
2023-09-13,800,-2.5524206157407408
2023-09-13,500,-23.514471666666665
2023-09-13,150,-61.44830861111111
2023-09-14,800,-2.0207261203703704
2023-09-14,500,-21.35537882638889
2023-09-14,150,-52.378177663398695
2023-09-15,800,-1.7180934907407408
2023-09-15,500,-21.77202959027778
2023-09-15,150,-54.908479398148145
2023-09-16,800,-1.6951717175925924
2023-09-16,500,-22.24672703472222
2023-09-16,150,-57.24291157407408
2023-09-17,800,-1.8778476203703705
2023-09-17,500,-22.89066227777778
2023-09-17,150,-59.69808388888889
2023-09-18,800,-2.4074271388888886
2023-09-18,500,-23.48216125
2023-09-18,150,-58.444870601851854
2023-09-19,800,-4.429300601851852
2023-09-19,500,-23.00835027777778
2023-09-19,150,-51.50790787037037
2023-09-20,800,-4.428008842592592
2023-09-20,500,-23.034288027777777
2023-09-20,150,-57.20950555283225
2023-09-21,800,-4.514299027777778
2023-09-21,500,-23.252717805555555
2023-09-21,150,-60.6448943013468
2023-09-22,800,-4.630545462962963
2023-09-22,500,-22.89223122916667
2023-09-22,150,-50.59657681267806
2023-09-23,800,-4.289026486111111
2023-09-23,500,-16.88550142361111
2023-09-23,150,-34.811042666862285
2023-09-24,800,-1.6969410648148149
2023-09-24,500,-15.49611173611111
2023-09-24,150,-40.49968080026455
2023-09-25,800,-1.1775452037037037
2023-09-25,500,-16.703888125
2023-09-25,150,-45.87938207142857
2023-09-26,800,-1.1566480509259258
2023-09-26,500,-17.892745138888888
2023-09-26,150,-50.75871112962963
2023-09-27,800,-1.2403733564814814
2023-09-27,500,-18.772435388888887
2023-09-27,150,-54.07133999259259
2023-09-28,800,-1.422542787037037
2023-09-28,500,-19.499461472222222
2023-09-28,150,-56.63932077380952
2023-09-29,800,-1.7853205185185186
2023-09-29,500,-20.481246875
2023-09-29,150,-59.67377291666667
2023-09-30,800,-2.3188797407407407
2023-09-30,500,-21.28973993055556
2023-09-30,150,-62.03731796390778
2023-10-01,800,-3.926054736111111
2023-10-01,500,-22.152898458333333
2023-10-01,150,-65.59943351851852
2023-10-02,800,-4.298171578703704
2023-10-02,500,-23.286919680555556
2023-10-02,150,-70.80720562793427
2023-10-03,800,-4.616241527777778
2023-10-03,500,-24.596270756944445
2023-10-03,150,-74.62600244766506
2023-10-04,800,-5.503480972222222
2023-10-04,500,-25.32758298611111
2023-10-04,150,-75.85827503540305
2023-10-05,800,-6.575217874999999
2023-10-05,500,-26.153896854166668
2023-10-05,150,-76.04947486111111
2023-10-06,800,-7.4139021759259265
2023-10-06,500,-27.93455625
2023-10-06,150,-78.78488203703704
2023-10-07,800,-8.415387097222222
2023-10-07,500,-29.73757084027778
2023-10-07,150,-83.6716367701525
2023-10-08,800,-8.700670796296297
2023-10-08,500,-32.48268230555556
2023-10-08,150,-89.4316087037037
2023-10-09,800,-11.049302393518518
2023-10-09,500,-35.07327305555555
2023-10-09,150,-95.71008403690662
2023-10-10,800,-12.531778703703704
2023-10-10,500,-37.55028763888889
2023-10-10,150,-103.79124203703704
2023-10-11,800,-13.52947337962963
2023-10-11,500,-40.18415125
2023-10-11,150,-110.4798936574074
2023-10-12,800,-14.76569285185185
2023-10-12,500,-42.96699854166667
2023-10-12,150,-117.5041399537037
2023-10-13,800,-17.485839273148148
2023-10-13,500,-46.27589770833333
2023-10-13,150,-126.39173569444444
2023-10-14,800,-21.08806199074074
2023-10-14,500,-49.27992756944444
2023-10-14,150,-134.41568083333334
2023-10-15,800,-23.776660416666665
2023-10-15,500,-50.686997847222216
2023-10-15,150,-136.24398843253968
2023-10-16,800,-26.02482085648148
2023-10-16,500,-52.21691076388889
2023-10-16,150,-137.2900300925926
2023-10-17,800,-30.8610075
2023-10-17,500,-54.32838041666667
2023-10-17,150,-141.67420018518519
2023-10-18,800,-28.980960787037038
2023-10-18,500,-56.861157569444444
2023-10-18,150,-149.2066198611111
2023-10-19,800,-33.87353286887694
2023-10-19,500,-60.341949166666666
2023-10-19,150,-155.58586453703703
2023-10-20,800,-28.38339417948718
2023-10-20,500,-60.09186354166667
2023-10-20,150,-146.28820337962964
2023-10-21,800,-20.535367824074076
2023-10-21,500,-55.25001715277777
2023-10-21,150,-112.10758578703704
2023-10-22,800,-19.681010764309764
2023-10-22,500,-53.815847777777776
2023-10-22,150,-79.42851125
2023-10-23,800,-19.282802361111113
2023-10-23,500,-52.43814944444445
2023-10-23,150,-80.3209673611111
2023-10-24,800,-19.372417638888887
2023-10-24,500,-52.43445902777778
2023-10-24,150,-74.27092754629629
2023-10-25,800,-18.065880277777776
2023-10-25,500,-48.640148611111115
2023-10-25,150,-54.00541740740741
2023-10-26,800,-16.70477687037037
2023-10-26,500,-46.82487576388889
2023-10-26,150,-58.78658013888889
2023-10-27,800,-14.501791217592592
2023-10-27,500,-42.02971076388889
2023-10-27,150,-45.97890157407407
2023-10-28,800,-12.988601388888888
2023-10-28,500,-30.910295784722223
2023-10-28,150,-49.71823166666667
2023-10-29,800,-12.77097425925926
2023-10-29,500,-30.569349041666666
2023-10-29,150,-54.68643402777778
2023-10-30,800,-12.599077824074074
2023-10-30,500,-31.087404472222225
2023-10-30,150,-51.97735191203704
2023-10-31,800,-8.654250476851852
2023-10-31,500,-10.1725209375
2023-10-31,150,-20.87397126388889
2023-11-01,800,-1
2023-11-01,500,-7.229148402777778
2023-11-01,150,-33.47483611111111
2023-11-02,800,-1
2023-11-02,500,-8.192303958333333
2023-11-02,150,-38.530114212962964
2023-11-03,800,-1
2023-11-03,500,-7.618829236111111
2023-11-03,150,-33.60780573611111
2023-11-04,800,-1
2023-11-04,500,-7.99633125
2023-11-04,150,-37.762377037037034
2023-11-05,800,-1
2023-11-05,500,-8.917772708333333
2023-11-05,150,-38.95313296296296
2023-11-06,800,-1
2023-11-06,500,-8.591745416666667
2023-11-06,150,-35.285186018518516
2023-11-07,800,-1
2023-11-07,500,-9.31465486111111
2023-11-07,150,-39.53595578703704
2023-11-08,800,-1
2023-11-08,500,-10.939438125
2023-11-08,150,-42.325928796296296
2023-11-09,800,-1
2023-11-09,500,-12.044797708333332
2023-11-09,150,-44.82440828703704
2023-11-10,800,-1
2023-11-10,500,-12.608831666666667
2023-11-10,150,-46.63534671296296
2023-11-11,800,-1
2023-11-11,500,-13.359064930555556
2023-11-11,150,-47.944354537037036
2023-11-12,800,-1
2023-11-12,500,-14.378645555555556
2023-11-12,150,-49.03808912037037
2023-11-13,800,-1
2023-11-13,500,-15.003018958333334
2023-11-13,150,-38.619938115740744
2023-11-14,800,-1
2023-11-14,500,-9.016596006944445
2023-11-14,150,-23.559158324074076
2023-11-15,800,-1
2023-11-15,500,-1
2023-11-15,150,-21.6909685
2023-11-16,800,-1
2023-11-16,500,-1
2023-11-16,150,-31.686304953703704
2023-11-17,800,-1
2023-11-17,500,-1.8062706736111112
2023-11-17,150,-36.63277592592593
2023-11-18,800,-1
2023-11-18,500,-5.117552673611111
2023-11-18,150,-39.72877666666667
2023-11-19,800,-1
2023-11-19,500,-3.6052191944444445
2023-11-19,150,-27.686214310185186
2023-11-20,800,-1
2023-11-20,500,-1
2023-11-20,150,-24.364895152777777
2023-11-21,800,-1
2023-11-21,500,-1
2023-11-21,150,-31.60262828703704
2023-11-22,800,-1
2023-11-22,500,-1
2023-11-22,150,-35.802421851851854
2023-11-23,800,-1
2023-11-23,500,-1.0302855347222222
2023-11-23,150,-38.833955
2023-11-24,800,-1
2023-11-24,500,-1.7829025347222223
2023-11-24,150,-41.34273435185185
2023-11-25,800,-1
2023-11-25,500,-3.1547537569444444
2023-11-25,150,-43.380021481481485
2023-11-26,800,-1
2023-11-26,500,-6.067708055555555
2023-11-26,150,-44.91064333333333
2023-11-27,800,-1
2023-11-27,500,-6.913199166666667
2023-11-27,150,-46.11342853873239
2023-11-28,800,-1
2023-11-28,500,-7.510635208333333
2023-11-28,150,-47.0319875462963
2023-11-29,800,-1
2023-11-29,500,-8.6255375
2023-11-29,150,-48.18917379018169
2023-11-30,800,-1
2023-11-30,500,-9.31605298611111
2023-11-30,150,-49.10947401604069
2023-12-01,800,-1
2023-12-01,500,-10.024085
2023-12-01,150,-50.001585974178404
2023-12-02,800,-1
2023-12-02,500,-10.867380562500001
2023-12-02,150,-50.72732532407407
2023-12-03,800,-1
2023-12-03,500,-11.855495902777779
2023-12-03,150,-51.432932681272824
2023-12-04,800,-1
2023-12-04,500,-13.356654708333334
2023-12-04,150,-52.04809125
2023-12-05,800,-1
2023-12-05,500,-14.245261027777778
2023-12-05,150,-52.52843339774557
2023-12-06,800,-1
2023-12-06,500,-14.77949867361111
2023-12-06,150,-52.9679299537037
2023-12-07,800,-1
2023-12-07,500,-15.385142048611112
2023-12-07,150,-53.32282564814815
2023-12-08,800,-1
2023-12-08,500,-15.841174118055557
2023-12-08,150,-53.51987777777778
2023-12-09,800,-1
2023-12-09,500,-16.458311819444447
2023-12-09,150,-53.73996569444445
2023-12-10,800,-1
2023-12-10,500,-16.990226791666668
2023-12-10,150,-53.89633175925926
2023-12-11,800,-1
2023-12-11,500,-17.350355999999998
2023-12-11,150,-47.74821201851852
2023-12-12,800,-1
2023-12-12,500,-17.34718558333333
2023-12-12,150,-38.78264155092592
2023-12-13,800,-1
2023-12-13,500,-14.045195972222222
2023-12-13,150,-35.207695208333334
2023-12-14,800,-1
2023-12-14,500,-5.431461395833334
2023-12-14,150,-36.65583513888889
2023-12-15,800,-1
2023-12-15,500,-6.360348125
2023-12-15,150,-40.23453861111111
2023-12-16,800,-1
2023-12-16,500,-7.374464097222222
2023-12-16,150,-42.270284930555555
2023-12-17,800,-1
2023-12-17,500,-8.525391666666666
2023-12-17,150,-43.50696673611111
2023-12-18,800,-1
2023-12-18,500,-9.894060277777777
2023-12-18,150,-44.50921291666667
2023-12-19,800,-1
2023-12-19,500,-10.672431388888889
2023-12-19,150,-45.39448055555555
2023-12-20,800,-1
2023-12-20,500,-11.228576944444445
2023-12-20,150,-45.99085486111111
2023-12-21,800,-1
2023-12-21,500,-11.895909583333333
2023-12-21,150,-46.70668333333333
2023-12-22,800,-1
2023-12-22,500,-12.342072152777778
2023-12-22,150,-43.029988402777775
2023-12-23,800,-1
2023-12-23,500,-12.791061597222223
2023-12-23,150,-43.34799805555556
2023-12-24,800,-1
2023-12-24,500,-13.170802708333333
2023-12-24,150,-44.298922777777776
2023-12-25,800,-1
2023-12-25,500,-13.566723055555556
2023-12-25,150,-39.33112527777778
2023-12-26,800,-1
2023-12-26,500,-13.497770486111111
2023-12-26,150,-38.581746180555555
2023-12-27,800,-1
2023-12-27,500,-13.34550861111111
2023-12-27,150,-41.637159375
2023-12-28,800,-1
2023-12-28,500,-13.374301319444445
2023-12-28,150,-42.46337923611111
2023-12-29,800,-1
2023-12-29,500,-13.424198541666668
2023-12-29,150,-43.17142916666667
2023-12-30,800,-1
2023-12-30,500,-13.507999513888889
2023-12-30,150,-43.91590236111111
2023-12-31,800,-1
2023-12-31,500,-13.539618819444444
2023-12-31,150,-44.60691298611111
2024-01-01,800,-1
2024-01-01,500,-13.674266041666666
2024-01-01,150,-45.401161458333334
2024-01-02,800,-1
2024-01-02,500,-13.937685
2024-01-02,150,-46.070449374999995
2024-01-03,800,-1
2024-01-03,500,-14.257879097222222
2024-01-03,150,-46.85771
2024-01-04,800,-1
2024-01-04,500,-14.797637222222223
2024-01-04,150,-48.01265590277778
2024-01-05,800,-1
2024-01-05,500,-15.09482513888889
2024-01-05,150,-48.82805097222222
2024-01-06,800,-1
2024-01-06,500,-15.330581319444445
2024-01-06,150,-48.211398287037035
2024-01-07,800,-1
2024-01-07,500,-15.595352291666666
2024-01-07,150,-49.45068027777778
2024-01-08,800,-1
2024-01-08,500,-15.908933611111111
2024-01-08,150,-49.67742375
2024-01-09,800,-1
2024-01-09,500,-16.133128819444444
2024-01-09,150,-50.101034722222224
2024-01-10,800,-1
2024-01-10,500,-16.33402138888889
2024-01-10,150,-50.46895680555556
2024-01-11,800,-1
2024-01-11,500,-16.532193826388887
2024-01-11,150,-50.86494180555556
2024-01-12,800,-1
2024-01-12,500,-16.716265444444446
2024-01-12,150,-51.225504722222226
2024-01-13,800,-1
2024-01-13,500,-16.853843541666667
2024-01-13,150,-51.717816875
2024-01-14,800,-1
2024-01-14,500,-16.959344347222224
2024-01-14,150,-52.06400840277777
2024-01-15,800,-1
2024-01-15,500,-17.473739138888888
2024-01-15,150,-52.401005069444444
2024-01-16,800,-1
2024-01-16,500,-17.944794541666667
2024-01-16,150,-52.81004312500001
2024-01-17,800,-1
2024-01-17,500,-18.138955729166668
2024-01-17,150,-53.19911041666667
2024-01-18,800,-1
2024-01-18,500,-18.407722444444445
2024-01-18,150,-53.50030541666666
2024-01-19,800,-1
2024-01-19,500,-18.71366020138889
2024-01-19,150,-53.68543770833334
2024-01-20,800,-1
2024-01-20,500,-18.75814667361111
2024-01-20,150,-53.556794305555556
2024-01-21,800,-1
2024-01-21,500,-18.750905638888888
2024-01-21,150,-53.36797826388889
2024-01-22,800,-1
2024-01-22,500,-18.698697909722224
2024-01-22,150,-53.31863659722222
2024-01-23,800,-1
2024-01-23,500,-18.75304603472222
2024-01-23,150,-53.45575076388889
2024-01-24,800,-1
2024-01-24,500,-18.77041461111111
2024-01-24,150,-53.09418145833334
2024-01-25,800,-1
2024-01-25,500,-18.38605829861111
2024-01-25,150,-33.88459263888889
2024-01-26,800,-1
2024-01-26,500,-11.319848888888888
2024-01-26,150,-34.381667569444446
2024-01-27,800,-1
2024-01-27,500,-4.978454013888889
2024-01-27,150,-34.77076229166667
2024-01-28,800,-1
2024-01-28,500,-5.571277923611111
2024-01-28,150,-38.38020138888889
2024-01-29,800,-1
2024-01-29,500,-6.8418975
2024-01-29,150,-40.60532958333333
2024-01-30,800,-1
2024-01-30,500,-7.6654325
2024-01-30,150,-42.467060763888895
2024-01-31,800,-1
2024-01-31,500,-8.838491736111111
2024-01-31,150,-43.756213402777774
2024-02-01,800,-1
2024-02-01,500,-9.793888333333333
2024-02-01,150,-44.44989722222222
2024-02-02,800,-1
2024-02-02,500,-10.612484305555556
2024-02-02,150,-45.20762243055556
2024-02-03,800,-1
2024-02-03,500,-11.680319097222222
2024-02-03,150,-45.98432972222222
2024-02-04,800,-1
2024-02-04,500,-12.260274930555555
2024-02-04,150,-46.10831840277778
2024-02-05,800,-1
2024-02-05,500,-12.602844375
2024-02-05,150,-45.66044284722222
2024-02-06,800,-1
2024-02-06,500,-12.79933625
2024-02-06,150,-45.013800555555555
2024-02-07,800,-1
2024-02-07,500,-12.853552013888889
2024-02-07,150,-44.81467423611111
2024-02-08,800,-1
2024-02-08,500,-12.860268194444444
2024-02-08,150,-44.862263541666664
2024-02-09,800,-1
2024-02-09,500,-12.824746736111111
2024-02-09,150,-42.678812083333334
2024-02-10,800,-1
2024-02-10,500,-11.715082222222222
2024-02-10,150,-38.97925534722222
2024-02-11,800,-1
2024-02-11,500,-8.417458055555556
2024-02-11,150,-38.01067388888889
2024-02-12,800,-1
2024-02-12,500,-7.3258415277777775
2024-02-12,150,-40.022329166666665
2024-02-13,800,-1
2024-02-13,500,-8.085105138888888
2024-02-13,150,-41.625969097222224
2024-02-14,800,-1
2024-02-14,500,-8.925026666666668
2024-02-14,150,-42.95360090277778
2024-02-15,800,-1
2024-02-15,500,-9.834957222222222
2024-02-15,150,-43.72535638888889
2024-02-16,800,-1
2024-02-16,500,-10.347017708333333
2024-02-16,150,-40.321375555555555
2024-02-17,800,-1
2024-02-17,500,-9.337124444444445
2024-02-17,150,-36.426603472222226
2024-02-18,800,-1
2024-02-18,500,-6.023533347222222
2024-02-18,150,-34.88269020833334
2024-02-19,800,-1
2024-02-19,500,-3.251887923611111
2024-02-19,150,-36.467647291666665
2024-02-20,800,-1
2024-02-20,500,-4.2062134375
2024-02-20,150,-39.13046680555556
2024-02-21,800,-1
2024-02-21,500,-6.201056041666667
2024-02-21,150,-40.493201319444445
2024-02-22,800,-1
2024-02-22,500,-6.4333270138888885
2024-02-22,150,-40.99214465277778
2024-02-23,800,-1
2024-02-23,500,-5.564525805555555
2024-02-23,150,-39.90596020833333
2024-02-24,800,-1
2024-02-24,500,-6.134520472222222
2024-02-24,150,-40.93702916666667
2024-02-25,800,-1
2024-02-25,500,-6.873183819444445
2024-02-25,150,-42.14872798611111
2024-02-26,800,-1
2024-02-26,500,-7.619475
2024-02-26,150,-43.19318666666667
2024-02-27,800,-1
2024-02-27,500,-8.943403819444445
2024-02-27,150,-44.25060201388889
2024-02-28,800,-1
2024-02-28,500,-9.999001944444444
2024-02-28,150,-45.18198972222222
2024-02-29,800,-1
2024-02-29,500,-11.043699583333334
2024-02-29,150,-45.26194138888889
2024-03-01,800,-1
2024-03-01,500,-11.739081944444445
2024-03-01,150,-44.403600069444444
2024-03-02,800,-1
2024-03-02,500,-11.99710125
2024-03-02,150,-44.370805833333335
2024-03-03,800,-1
2024-03-03,500,-12.100037777777779
2024-03-03,150,-44.116048194444446
2024-03-04,800,-1
2024-03-04,500,-12.317575277777777
2024-03-04,150,-44.055045625000005
2024-03-05,800,-1
2024-03-05,500,-12.552844861111112
2024-03-05,150,-43.908516666666664
2024-03-06,800,-1
2024-03-06,500,-12.798091597222223
2024-03-06,150,-44.40056159722222
2024-03-07,800,-1
2024-03-07,500,-13.028375486111111
2024-03-07,150,-44.812576319444446
2024-03-08,800,-1
2024-03-08,500,-13.262169513888889
2024-03-08,150,-45.154725694444444
2024-03-09,800,-1
2024-03-09,500,-13.511122569444444
2024-03-09,150,-46.25727868055556
2024-03-10,800,-1
2024-03-10,500,-13.89359638888889
2024-03-10,150,-47.315618541666666
2024-03-11,800,-1
2024-03-11,500,-14.483376666666667
2024-03-11,150,-47.39327152777778
2024-03-12,800,-1
2024-03-12,500,-15.076971736111112
2024-03-12,150,-47.639723472222215
2024-03-13,800,-1
2024-03-13,500,-15.374432291666666
2024-03-13,150,-47.28716
2024-03-14,800,-1
2024-03-14,500,-15.676116736111112
2024-03-14,150,-43.17842375
2024-03-15,800,-1
2024-03-15,500,-16.029055486111112
2024-03-15,150,-33.87739234027778
2024-03-16,800,-1
2024-03-16,500,-15.957140486111111
2024-03-16,150,-28.82531175
2024-03-17,800,-1
2024-03-17,500,-14.822999444444445
2024-03-17,150,-28.658002395833332
2024-03-18,800,-1
2024-03-18,500,-13.413247430555556
2024-03-18,150,-27.879790680555555
2024-03-19,800,-1
2024-03-19,500,-10.927041805555556
2024-03-19,150,-27.425208756944446
2024-03-20,800,-1
2024-03-20,500,-8.515064375
2024-03-20,150,-29.63534707638889
2024-03-21,800,-1
2024-03-21,500,-5.538270659722222
2024-03-21,150,-28.03074984722222
2024-03-22,800,-1
2024-03-22,500,-1.001962826388889
2024-03-22,150,-26.848451430555553
2024-03-23,800,-1
2024-03-23,500,-1
2024-03-23,150,-31.0550313125
2024-03-24,800,-1
2024-03-24,500,-1
2024-03-24,150,-34.95782798611111
2024-03-25,800,-1
2024-03-25,500,-1.1233506111111111
2024-03-25,150,-38.25804729166667
2024-03-26,800,-1
2024-03-26,500,-2.0693267708333334
2024-03-26,150,-40.33451375
2024-03-27,800,-1
2024-03-27,500,-2.7320780625
2024-03-27,150,-33.40333585416667
2024-03-28,800,-1
2024-03-28,500,-2.0124217222222223
2024-03-28,150,-32.341369881944445
2024-03-29,800,-1
2024-03-29,500,-2.632720902777778
2024-03-29,150,-32.41751547222222
2024-03-30,800,-1
2024-03-30,500,-1.0059963888888888
2024-03-30,150,-26.89051566666667
2024-03-31,800,-1
2024-03-31,500,-1
2024-03-31,150,-24.60247451388889
2024-04-01,800,-1
2024-04-01,500,-1
2024-04-01,150,-12.420726437499999
2024-04-02,800,-1
2024-04-02,500,-1
2024-04-02,150,-23.724449375
2024-04-03,800,-1
2024-04-03,500,-1
2024-04-03,150,-27.764845555555556
2024-04-04,800,-1
2024-04-04,500,-1
2024-04-04,150,-30.673308958333337
2024-04-05,800,-1
2024-04-05,500,-1
2024-04-05,150,-32.56152041666667
2024-04-06,800,-1
2024-04-06,500,-1
2024-04-06,150,-34.52008673611111
2024-04-07,800,-1
2024-04-07,500,-1
2024-04-07,150,-38.57091861111111
2024-04-08,800,-1
2024-04-08,500,-1.587408076388889
2024-04-08,150,-41.47645777777778
2024-04-09,800,-1
2024-04-09,500,-3.936201625
2024-04-09,150,-43.65274013888889
2024-04-10,800,-1
2024-04-10,500,-6.972950763888889
2024-04-10,150,-45.09617708333333
2024-04-11,800,-1
2024-04-11,500,-8.212957222222222
2024-04-11,150,-45.91058798611111
2024-04-12,800,-1
2024-04-12,500,-9.058610277777777
2024-04-12,150,-46.923966875000005
2024-04-13,800,-1
2024-04-13,500,-9.947130625
2024-04-13,150,-48.52101673611111
2024-04-14,800,-1
2024-04-14,500,-11.036997569444445
2024-04-14,150,-50.40566972222222
2024-04-15,800,-1
2024-04-15,500,-11.988508611111111
2024-04-15,150,-52.58568076388889
2024-04-16,800,-1
2024-04-16,500,-13.067099465277778
2024-04-16,150,-54.04688027777778
2024-04-17,800,-1
2024-04-17,500,-14.0311009375
2024-04-17,150,-54.477220833333334
2024-04-18,800,-1
2024-04-18,500,-15.00909971527778
2024-04-18,150,-55.40213958333334
2024-04-19,800,-1
2024-04-19,500,-15.840507673611112
2024-04-19,150,-55.91593284722222
2024-04-20,800,-1
2024-04-20,500,-16.696105361111112
2024-04-20,150,-55.98940944444445
2024-04-21,800,-1
2024-04-21,500,-17.44821479166667
2024-04-21,150,-56.21597340277778
2024-04-22,800,-1
2024-04-22,500,-17.999626694444444
2024-04-22,150,-56.55210375
2024-04-23,800,-1
2024-04-23,500,-18.588212458333334
2024-04-23,150,-57.00939652777778
2024-04-24,800,-1
2024-04-24,500,-18.9978821875
2024-04-24,150,-57.312441041666666
2024-04-25,800,-1
2024-04-25,500,-19.326045833333332
2024-04-25,150,-57.44976861111111
2024-04-26,800,-1
2024-04-26,500,-19.632580145833334
2024-04-26,150,-57.598091736111115
2024-04-27,800,-1
2024-04-27,500,-19.97672757638889
2024-04-27,150,-53.73598784722222
2024-04-28,800,-1
2024-04-28,500,-19.108947520833333
2024-04-28,150,-35.1189695
2024-04-29,800,-1
2024-04-29,500,-16.68656929861111
2024-04-29,150,-40.73032708333333
2024-04-30,800,-1
2024-04-30,500,-16.741345604166668
2024-04-30,150,-45.39540256944444
2024-05-01,800,-1
2024-05-01,500,-16.75659977777778
2024-05-01,150,-48.36727743055556
2024-05-02,800,-1
2024-05-02,500,-16.933701041666666
2024-05-02,150,-50.224756111111105
2024-05-03,800,-1
2024-05-03,500,-17.34225976388889
2024-05-03,150,-51.952140347222226
2024-05-04,800,-1
2024-05-04,500,-17.64889051388889
2024-05-04,150,-53.34563847222222
2024-05-05,800,-1
2024-05-05,500,-17.9852416875
2024-05-05,150,-55.255814375
2024-05-06,800,-1
2024-05-06,500,-18.314145645833335
2024-05-06,150,-57.06994319444445
2024-05-07,800,-1
2024-05-07,500,-18.619435701388888
2024-05-07,150,-58.24506034722222
2024-05-08,800,-1
2024-05-08,500,-18.979484236111112
2024-05-08,150,-58.65489791666667
2024-05-09,800,-1
2024-05-09,500,-19.222454125
2024-05-09,150,-59.831112708333336
2024-05-10,800,-1
2024-05-10,500,-19.663372111111112
2024-05-10,150,-62.58075513888889
2024-05-11,800,-1.0718466296296296
2024-05-11,500,-20.28672995138889
2024-05-11,150,-66.64855958333334
2024-05-12,800,-1.6566476064814815
2024-05-12,500,-20.83290160416667
2024-05-12,150,-70.20668263888889
2024-05-13,800,-1.9650204722222222
2024-05-13,500,-21.139478493055556
2024-05-13,150,-69.78862555555556
2024-05-14,800,-2.0377118564814816
2024-05-14,500,-21.69984498611111
2024-05-14,150,-70.03457625
2024-05-15,800,-2.2698822962962963
2024-05-15,500,-23.049407055555555
2024-05-15,150,-71.68007638888889
2024-05-16,800,-3.575620856481482
2024-05-16,500,-24.4740514375
2024-05-16,150,-68.89412915972223
2024-05-17,800,-4.235463106481482
2024-05-17,500,-25.107064895833336
2024-05-17,150,-56.39335569444445
2024-05-18,800,-4.5209387870370374
2024-05-18,500,-25.928614541666665
2024-05-18,150,-64.86783631944445
2024-05-19,800,-4.732301976851852
2024-05-19,500,-27.10953743055556
2024-05-19,150,-70.4052667361111
2024-05-20,800,-5.381466277777778
2024-05-20,500,-28.074927875
2024-05-20,150,-75.04347534722223
2024-05-21,800,-6.468408606481481
2024-05-21,500,-28.421479645833333
2024-05-21,150,-42.80571897916667
2024-05-22,800,-6.406259953703703
2024-05-22,500,-24.806631513888888
2024-05-22,150,-39.40679708333333
2024-05-23,800,-6.124721064814815
2024-05-23,500,-24.547484173611114
2024-05-23,150,-45.06560972222222
2024-05-24,800,-6.19720074074074
2024-05-24,500,-24.59136861111111
2024-05-24,150,-47.87351208333333
2024-05-25,800,-6.029368703703703
2024-05-25,500,-24.725235965277776
2024-05-25,150,-50.267856180555555
2024-05-26,800,-6.090030092592593
2024-05-26,500,-24.67397636111111
2024-05-26,150,-50.668920902777785
2024-05-27,800,-5.987656111111112
2024-05-27,500,-24.8521615
2024-05-27,150,-52.26010881944444
2024-05-28,800,-5.867862546296297
2024-05-28,500,-25.07159360416667
2024-05-28,150,-54.101252708333334
2024-05-29,800,-6.087617222222222
2024-05-29,500,-25.34144295138889
2024-05-29,150,-57.35761375
2024-05-30,800,-5.931988935185186
2024-05-30,500,-25.37953951388889
2024-05-30,150,-39.15424471527778
2024-05-31,800,-5.803029074074074
2024-05-31,500,-17.760919041666668
2024-05-31,150,-21.657640277777777
2024-06-01,800,-4.024335916666667
2024-06-01,500,-7.012682451388889
2024-06-01,150,-19.893164034722222
2024-06-02,800,-1
2024-06-02,500,-1.3315453472222223
2024-06-02,150,-24.516123791666665
2024-06-03,800,-1
2024-06-03,500,-1
2024-06-03,150,-17.188456006944445
2024-06-04,800,-1
2024-06-04,500,-1
2024-06-04,150,-25.633628708333333
2024-06-05,800,-1
2024-06-05,500,-1
2024-06-05,150,-30.885833194444444
2024-06-06,800,-1
2024-06-06,500,-1.2497748194444445
2024-06-06,150,-34.69443597222222
2024-06-07,800,-1
2024-06-07,500,-2.8342621597222224
2024-06-07,150,-38.90894145833333
2024-06-08,800,-1
2024-06-08,500,-6.090313569444445
2024-06-08,150,-42.944884513888894
2024-06-09,800,-1
2024-06-09,500,-7.068480833333333
2024-06-09,150,-44.40409569444445
2024-06-10,800,-1
2024-06-10,500,-7.9025075000000005
2024-06-10,150,-45.14622486111111
2024-06-11,800,-1
2024-06-11,500,-8.671180069444445
2024-06-11,150,-46.12813229166667
2024-06-12,800,-1
2024-06-12,500,-9.818494791666666
2024-06-12,150,-46.88184777777778
2024-06-13,800,-1
2024-06-13,500,-11.207884027777778
2024-06-13,150,-48.31265833333333
2024-06-14,800,-1
2024-06-14,500,-12.670748541666667
2024-06-14,150,-50.59967763888889
2024-06-15,800,-1
2024-06-15,500,-13.694268472222221
2024-06-15,150,-52.14320944444444
2024-06-16,800,-1
2024-06-16,500,-13.004789305555557
2024-06-16,150,-51.26295694444444
2024-06-17,800,-1
2024-06-17,500,-12.587222506944444
2024-06-17,150,-50.74978041666667
2024-06-18,800,-1
2024-06-18,500,-12.814811944444445
2024-06-18,150,-51.162715069444445
2024-06-19,800,-1
2024-06-19,500,-13.077212430555555
2024-06-19,150,-51.95015715277778
2024-06-20,800,-1
2024-06-20,500,-13.372801388888888
2024-06-20,150,-53.13871888888889
2024-06-21,800,-1
2024-06-21,500,-13.587171527777778
2024-06-21,150,-53.89624270833333
2024-06-22,800,-1
2024-06-22,500,-13.955152152777778
2024-06-22,150,-53.983140069444445
2024-06-23,800,-1
2024-06-23,500,-12.615351180555555
2024-06-23,150,-36.95427013888889
2024-06-24,800,-1
2024-06-24,500,-11.483030486111112
2024-06-24,150,-34.60866625
2024-06-25,800,-1
2024-06-25,500,-11.953381319444444
2024-06-25,150,-41.091158819444445
2024-06-26,800,-1
2024-06-26,500,-12.382580625
2024-06-26,150,-45.12312548611111
2024-06-27,800,-1
2024-06-27,500,-12.764310694444445
2024-06-27,150,-46.598915625000004
2024-06-28,800,-1
2024-06-28,500,-13.144634305555556
2024-06-28,150,-49.31670555555556
2024-06-29,800,-1
2024-06-29,500,-13.418300069444445
2024-06-29,150,-51.69099395833334
2024-06-30,800,-1
2024-06-30,500,-13.85911638888889
2024-06-30,150,-53.41608756944444
2024-07-01,800,-1
2024-07-01,500,-14.361408104166665
2024-07-01,150,-55.010971041666664
2024-07-02,800,-1
2024-07-02,500,-15.00354025
2024-07-02,150,-57.667096875
2024-07-03,800,-1
2024-07-03,500,-15.532857937500001
2024-07-03,150,-59.93704736111111
2024-07-04,800,-1
2024-07-04,500,-16.164548
2024-07-04,150,-62.13491361111111
2024-07-05,800,-1.0058464861111112
2024-07-05,500,-16.9668296875
2024-07-05,150,-65.06848652777778
2024-07-06,800,-1.0874034953703704
2024-07-06,500,-17.708171243055556
2024-07-06,150,-67.10730027777778
2024-07-07,800,-1.0310713194444445
2024-07-07,500,-4.931376111111111
2024-07-07,150,-16.925405062499998
2024-07-08,800,-1
2024-07-08,500,-1
2024-07-08,150,-25.674710555555556
2024-07-09,800,-1
2024-07-09,500,-1.1571783819444446
2024-07-09,150,-33.35979486111111
2024-07-10,800,-1
2024-07-10,500,-3.381462138888889
2024-07-10,150,-38.89261694444444
2024-07-11,800,-1
2024-07-11,500,-6.462747083333333
2024-07-11,150,-42.566044444444444
2024-07-12,800,-1
2024-07-12,500,-7.189431319444444
2024-07-12,150,-28.671957125
2024-07-13,800,-1
2024-07-13,500,-4.032212229166666
2024-07-13,150,-22.168147708333336
2024-07-14,800,-1
2024-07-14,500,-4.232139965277778
2024-07-14,150,-30.30654298611111
2024-07-15,800,-1
2024-07-15,500,-6.338830625
2024-07-15,150,-35.661323333333335
2024-07-16,800,-1
2024-07-16,500,-7.070922569444445
2024-07-16,150,-39.71376291666667
2024-07-17,800,-1
2024-07-17,500,-7.913040347222222
2024-07-17,150,-42.77431958333333
2024-07-18,800,-1
2024-07-18,500,-9.16638375
2024-07-18,150,-45.55212638888889
2024-07-19,800,-1
2024-07-19,500,-10.493791944444444
2024-07-19,150,-44.87341159722222
2024-07-20,800,-1
2024-07-20,500,-10.648912222222222
2024-07-20,150,-45.09323256944444
2024-07-21,800,-1
2024-07-21,500,-11.476005972222222
2024-07-21,150,-47.005301805555554
2024-07-22,800,-1
2024-07-22,500,-10.268135347222222
2024-07-22,150,-45.300431180555556
2024-07-23,800,-1
2024-07-23,500,-10.333377916666667
2024-07-23,150,-46.18290215277778
2024-07-24,800,-1
2024-07-24,500,-10.829355208333334
2024-07-24,150,-48.316583125
2024-07-25,800,-1
2024-07-25,500,-11.446086944444444
2024-07-25,150,-50.46092138888889
2024-07-26,800,-1
2024-07-26,500,-11.977040069444444
2024-07-26,150,-52.91441659722222
2024-07-27,800,-1
2024-07-27,500,-12.660852291666666
2024-07-27,150,-54.69517048611111
2024-07-28,800,-1
2024-07-28,500,-13.337081291666665
2024-07-28,150,-57.216223472222225
2024-07-29,800,-1
2024-07-29,500,-14.132596534722222
2024-07-29,150,-61.429487361111114
2024-07-30,800,-1
2024-07-30,500,-15.380132152777778
2024-07-30,150,-66.555785
2024-07-31,800,-1
2024-07-31,500,-17.116274833333332
2024-07-31,150,-71.86973104166667
2024-08-01,800,-1.1314642731481481
2024-08-01,500,-20.47820797916667
2024-08-01,150,-76.63303152777777
2024-08-02,800,-1.376070861111111
2024-08-02,500,-21.88486327777778
2024-08-02,150,-78.83349298611111
2024-08-03,800,-2.5824306620370368
2024-08-03,500,-22.12154013888889
2024-08-03,150,-77.4781779861111
2024-08-04,800,-3.9494202685185185
2024-08-04,500,-23.44805053472222
2024-08-04,150,-79.84882895833334
2024-08-05,800,-4.925901824074074
2024-08-05,500,-25.764276770833334
2024-08-05,150,-83.29949652777778
2024-08-06,800,-5.622795842592593
2024-08-06,500,-29.256332104166667
2024-08-06,150,-91.44879875000001
2024-08-07,800,-6.845089449074074
2024-08-07,500,-30.645054695767197
2024-08-07,150,-91.96393270833333
2024-08-08,800,-7.280587097222222
2024-08-08,500,-30.54078115740741
2024-08-08,150,-87.9305425
2024-08-09,800,-8.757147615740742
2024-08-09,500,-31.20440837962963
2024-08-09,150,-92.00077520833332
2024-08-10,800,-12.887155814814815
2024-08-10,500,-35.879793185185186
2024-08-10,150,-98.29381159722223
2024-08-11,800,-16.64746287037037
2024-08-11,500,-39.82685036717753
2024-08-11,150,-107.33618423611111
2024-08-12,800,-20.368404305555554
2024-08-12,500,-45.930050171957674
2024-08-12,150,-118.84086618055555
2024-08-13,800,-24.24053550925926
2024-08-13,500,-50.52422511363636
2024-08-13,150,-130.10288090277777
2024-08-14,800,-28.81310375
2024-08-14,500,-55.552181245126704
2024-08-14,150,-140.2199657638889
2024-08-15,800,-33.12640833333333
2024-08-15,500,-60.88075575018897
2024-08-15,150,-149.72808069444443
2024-08-16,800,-37.03256842592592
2024-08-16,500,-66.30553387141859
2024-08-16,150,-160.23821444444445
2024-08-17,800,-41.10118680555556
2024-08-17,500,-71.91388511243386
2024-08-17,150,-168.1860026388889
2024-08-18,800,-27.770237837962963
2024-08-18,500,-50.830160925925924
2024-08-18,150,-132.13704784722222
2024-08-19,800,-20.01593375925926
2024-08-19,500,-36.65786329059829
2024-08-19,150,-93.54072000000001
2024-08-20,800,-18.51232728240741
2024-08-20,500,-37.186530967385295
2024-08-20,150,-92.57260868055556
2024-08-21,800,-18.00689211111111
2024-08-21,500,-37.498487702380956
2024-08-21,150,-81.04445277777778
2024-08-22,800,-17.45340320833333
2024-08-22,500,-38.09368906232726
2024-08-22,150,-82.65427020833334
2024-08-23,800,-17.75035824537037
2024-08-23,500,-39.411521979166665
2024-08-23,150,-85.74334916666668
2024-08-24,800,-19.143787773148148
2024-08-24,500,-41.26742574494949
2024-08-24,150,-91.22285118055555
2024-08-25,800,-20.890808287037036
2024-08-25,500,-43.13116675925926
2024-08-25,150,-91.83756506944444
2024-08-26,800,-22.30148875
2024-08-26,500,-44.55733687600644
2024-08-26,150,-90.75660847222221
2024-08-27,800,-24.026706157407407
2024-08-27,500,-45.996374259259255
2024-08-27,150,-90.197399375
2024-08-28,800,-21.333622907407406
2024-08-28,500,-44.252111203703706
2024-08-28,150,-87.81679409722221
2024-08-29,800,-20.06880464814815
2024-08-29,500,-45.58259976851852
2024-08-29,150,-92.42977173611112
2024-08-30,800,-22.306612625
2024-08-30,500,-47.55846282407408
2024-08-30,150,-98.55968895833334
2024-08-31,800,-25.184426166666668
2024-08-31,500,-50.34946141931217
2024-08-31,150,-102.15971555555555
2024-09-01,800,-26.73955610648148
2024-09-01,500,-53.522983421957676
2024-09-01,150,-109.50333611111111
2024-09-02,800,-29.92856325925926
2024-09-02,500,-57.402115828768906
2024-09-02,150,-117.10396597222221
2024-09-03,800,-33.05478842592593
2024-09-03,500,-61.10764694444445
2024-09-03,150,-125.66667041666668
2024-09-04,800,-35.369075601851854
2024-09-04,500,-65.06126513888888
2024-09-04,150,-136.53839770833332
2024-09-05,800,-38.875484444444446
2024-09-05,500,-70.08646064814815
2024-09-05,150,-147.43055541666666
2024-09-06,800,-42.71299694444444
2024-09-06,500,-75.62474717592593
2024-09-06,150,-157.85135368055555
2024-09-07,800,-46.707125185185184
2024-09-07,500,-81.70560950834637
2024-09-07,150,-171.9569676388889
2024-09-08,800,-49.855549768518514
2024-09-08,500,-82.6771850462963
2024-09-08,150,-162.0199422222222
2024-09-09,800,-44.63009572222222
2024-09-09,500,-59.96156189814815
2024-09-09,150,-72.85668493055556
2024-09-10,800,-47.80322185185185
2024-09-10,500,-41.84837664814815
2024-09-10,150,-52.06829027777778
2024-09-11,800,-54.5686650808555
2024-09-11,500,-53.93154907792123
2024-09-11,150,-98.0726382977208
2024-09-12,800,-49.6144350462963
2024-09-12,500,-65.74840416666666
2024-09-12,150,-121.77828074074074
2024-09-13,800,-49.156351666666666
2024-09-13,500,-67.67341509259259
2024-09-13,150,-122.73649782407408
2024-09-14,800,-48.891551481481486
2024-09-14,500,-69.47823361111111
2024-09-14,150,-122.5426173148148
2024-09-15,800,-48.518417175925926
2024-09-15,500,-70.71732277777778
2024-09-15,150,-121.18735953703704
2024-09-16,800,-48.25460782407407
2024-09-16,500,-71.4293324074074
2024-09-16,150,-123.3544824074074
2024-09-17,800,-48.6940069537037
2024-09-17,500,-71.93281212962962
2024-09-17,150,-120.11844027777778
2024-09-18,800,-49.63232089351852
2024-09-18,500,-72.13980703703704
2024-09-18,150,-130.97750208333335
2024-09-19,800,-50.52688773611111
2024-09-19,500,-72.66720893518519
2024-09-19,150,-159.01892657407407
2024-09-20,800,-51.73845298611111
2024-09-20,500,-73.4516224537037
2024-09-20,150,-173.7579736574074
2024-09-21,800,-52.210241296296296
2024-09-21,500,-74.5583312037037
2024-09-21,150,-182.70529953703704
2024-09-22,800,-52.925762175925925
2024-09-22,500,-75.95894888888888
2024-09-22,150,-189.27567435185185
2024-09-23,800,-54.097465370370365
2024-09-23,500,-77.49601648148148
2024-09-23,150,-179.9006259722222
2024-09-24,800,-54.63831662037037
2024-09-24,500,-75.34752236111112
2024-09-24,150,-72.587554125
2024-09-25,800,-54.153368611111105
2024-09-25,500,-73.40082912037037
2024-09-25,150,-107.55702611111111
2024-09-26,800,-53.61872606481481
2024-09-26,500,-73.49300703703703
2024-09-26,150,-146.98205041666665
2024-09-27,800,-50.37826761574074
2024-09-27,500,-63.28878541666666
2024-09-27,150,-110.87992736111111
2024-09-28,800,-14.047274467592592
2024-09-28,500,-12.68339550925926
2024-09-28,150,-17.265657328703703
2024-09-29,800,-1
2024-09-29,500,-8.992008967592593
2024-09-29,150,-30.303555518518518
2024-09-30,800,-1
2024-09-30,500,-13.710829694444444
2024-09-30,150,-49.086537962962964
2024-10-01,800,-1
2024-10-01,500,-17.309603888888887
2024-10-01,150,-61.420443194444445
2024-10-02,800,-1
2024-10-02,500,-19.5850525
2024-10-02,150,-59.45964273148148
2024-10-03,800,-1
2024-10-03,500,-20.18459550925926
2024-10-03,150,-57.7000388425926
2024-10-04,800,-1
2024-10-04,500,-20.953276805555554
2024-10-04,150,-55.07148166666667
2024-10-05,800,-1
2024-10-05,500,-20.904002777777777
2024-10-05,150,-54.241351342592594
2024-10-06,800,-1
2024-10-06,500,-21.903842453703703
2024-10-06,150,-58.179380046296295
2024-10-07,800,-1
2024-10-07,500,-23.855046527777777
2024-10-07,150,-64.96758800925926
2024-10-08,800,-1
2024-10-08,500,-25.32625199074074
2024-10-08,150,-61.45287748611111
2024-10-09,800,-1
2024-10-09,500,-12.840310162037037
2024-10-09,150,-31.986246828703703
2024-10-10,800,-1
2024-10-10,500,-6.221429421296296
2024-10-10,150,-26.028157462962962
2024-10-11,800,-1
2024-10-11,500,-4.928910546296296
2024-10-11,150,-28.058329453703703
2024-10-12,800,-1
2024-10-12,500,-9.762439930555555
2024-10-12,150,-35.89837986111111
2024-10-13,800,-1
2024-10-13,500,-14.975908912037037
2024-10-13,150,-41.69273884259259
2024-10-14,800,-1
2024-10-14,500,-18.39511074074074
2024-10-14,150,-46.051153148148146
2024-10-15,800,-1
2024-10-15,500,-20.78709060185185
2024-10-15,150,-49.375321712962965
2024-10-16,800,-1
2024-10-16,500,-22.581006712962964
2024-10-16,150,-54.54208287037037
2024-10-17,800,-1
2024-10-17,500,-24.373915277777776
2024-10-17,150,-62.728836018518514
2024-10-18,800,-1
2024-10-18,500,-27.10610115740741
2024-10-18,150,-66.57728083333333
2024-10-19,800,-1.000334462962963
2024-10-19,500,-28.82854236111111
2024-10-19,150,-66.01888907407408
2024-10-20,800,-1.644108236111111
2024-10-20,500,-29.95188032407407
2024-10-20,150,-67.52504217592593
2024-10-21,800,-2.9042456712962963
2024-10-21,500,-30.896961944444445
2024-10-21,150,-72.93118814814815
2024-10-22,800,-4.431344435185185
2024-10-22,500,-32.19189476851852
2024-10-22,150,-78.88904152777778
2024-10-23,800,-4.831899712962962
2024-10-23,500,-33.30562032407408
2024-10-23,150,-79.32981004629629
2024-10-24,800,-5.214604037037037
2024-10-24,500,-34.54732449074074
2024-10-24,150,-79.53989851851853
2024-10-25,800,-5.6550372546296295
2024-10-25,500,-35.56495060185185
2024-10-25,150,-83.27125379629629
2024-10-26,800,-6.113241259259259
2024-10-26,500,-36.70315018518519
2024-10-26,150,-89.12413074074074
2024-10-27,800,-6.848313421296297
2024-10-27,500,-37.73618259259259
2024-10-27,150,-95.62505787037037
2024-10-28,800,-7.432193634259259
2024-10-28,500,-38.835989444444444
2024-10-28,150,-98.76450888888888
2024-10-29,800,-7.936107328703704
2024-10-29,500,-39.854294861111114
2024-10-29,150,-101.17081648148148
2024-10-30,800,-8.576344037037037
2024-10-30,500,-40.94858990740741
2024-10-30,150,-103.99129949074074
2024-10-31,800,-9.604745097222223
2024-10-31,500,-42.29654282407407
2024-10-31,150,-107.83625671296296
2024-11-01,800,-10.61970314351852
2024-11-01,500,-43.8566499537037
2024-11-01,150,-112.85935972222222
2024-11-02,800,-11.882895194444444
2024-11-02,500,-45.28431212962963
2024-11-02,150,-116.71279884259259
2024-11-03,800,-13.529688638888889
2024-11-03,500,-46.63399532407407
2024-11-03,150,-119.67704375000001
2024-11-04,800,-14.739507648148148
2024-11-04,500,-48.38148162037037
2024-11-04,150,-124.17740967592592
2024-11-05,800,-15.463397953703703
2024-11-05,500,-50.11905629629629
2024-11-05,150,-128.57657263888888
2024-11-06,800,-16.225195694444444
2024-11-06,500,-51.751758055555555
2024-11-06,150,-131.1733761574074
2024-11-07,800,-17.243696898148148
2024-11-07,500,-53.24225717592592
2024-11-07,150,-132.26996935185184
2024-11-08,800,-18.73466872685185
2024-11-08,500,-54.69381194444445
2024-11-08,150,-133.39797421296296
2024-11-09,800,-19.727446078703704
2024-11-09,500,-56.13305578703704
2024-11-09,150,-135.08252976851853
2024-11-10,800,-20.895552680555557
2024-11-10,500,-57.7648600462963
2024-11-10,150,-135.28822425925927
2024-11-11,800,-21.563035430555555
2024-11-11,500,-59.08402810185185
2024-11-11,150,-134.692805
2024-11-12,800,-22.244056314814813
2024-11-12,500,-60.01698787037037
2024-11-12,150,-133.29018810185184
2024-11-13,800,-23.30386357407407
2024-11-13,500,-60.937695787037036
2024-11-13,150,-131.2826375
2024-11-14,800,-24.450256064814816
2024-11-14,500,-61.553463657407406
2024-11-14,150,-130.50508129629628
2024-11-15,800,-24.812584305555557
2024-11-15,500,-62.15946273148148
2024-11-15,150,-129.78637148148147
2024-11-16,800,-25.36590064814815
2024-11-16,500,-62.65521018518519
2024-11-16,150,-130.33602935185183
2024-11-17,800,-26.635074444444445
2024-11-17,500,-63.20916787037037
2024-11-17,150,-131.48425967592593
2024-11-18,800,-28.133032361111113
2024-11-18,500,-63.97423875
2024-11-18,150,-132.62625416666668
2024-11-19,800,-29.086689999999997
2024-11-19,500,-64.5015775925926
2024-11-19,150,-133.19886842592592
2024-11-20,800,-29.80055087962963
2024-11-20,500,-65.10927356481481
2024-11-20,150,-133.6320773148148
2024-11-21,800,-30.39786162037037
2024-11-21,500,-65.68269680555555
2024-11-21,150,-132.46734731481482
2024-11-22,800,-31.161512314814814
2024-11-22,500,-66.4966674074074
2024-11-22,150,-132.9620698611111
2024-11-23,800,-32.76768273148148
2024-11-23,500,-67.52381675925926
2024-11-23,150,-134.15128902777778
2024-11-24,800,-34.147479768518515
2024-11-24,500,-68.02234689814814
2024-11-24,150,-134.4493561574074
2024-11-25,800,-34.41561189814815
2024-11-25,500,-68.03584916666667
2024-11-25,150,-131.77599208333334
2024-11-26,800,-34.48571421296296
2024-11-26,500,-68.1989100925926
2024-11-26,150,-96.11424226851851
2024-11-27,800,-34.0733525
2024-11-27,500,-67.85354435185185
2024-11-27,150,-83.67073337962962
2024-11-28,800,-33.751013657407405
2024-11-28,500,-67.60190773148148
2024-11-28,150,-85.41561962962963
2024-11-29,800,-33.42187222222222
2024-11-29,500,-67.2457187037037
2024-11-29,150,-84.77741342592593
2024-11-30,800,-32.97538055555556
2024-11-30,500,-66.96699467592592
2024-11-30,150,-85.58747527777778
2024-12-01,800,-32.79153523148148
2024-12-01,500,-66.97017222222222
2024-12-01,150,-86.40861791666667
2024-12-02,800,-32.72449064814815
2024-12-02,500,-66.95776037037037
2024-12-02,150,-87.32223337962962
2024-12-03,800,-32.71545120370371
2024-12-03,500,-67.07451976851851
2024-12-03,150,-88.5486186574074
2024-12-04,800,-32.802298472222226
2024-12-04,500,-67.3004924074074
2024-12-04,150,-88.43291916666666
2024-12-05,800,-32.89587953703703
2024-12-05,500,-67.38132856481482
2024-12-05,150,-89.04885787037037
2024-12-06,800,-32.872818611111114
2024-12-06,500,-67.35186296296297
2024-12-06,150,-89.60706453703703
2024-12-07,800,-32.827620555555555
2024-12-07,500,-67.26426541666666
2024-12-07,150,-90.14295416666667
2024-12-08,800,-32.80810087962963
2024-12-08,500,-67.24569513888889
2024-12-08,150,-90.66371425925927
2024-12-09,800,-33.01467703703704
2024-12-09,500,-67.45195569444445
2024-12-09,150,-91.53801027777777
2024-12-10,800,-33.32903175925926
2024-12-10,500,-67.75948064814814
2024-12-10,150,-92.43333439814815
2024-12-11,800,-33.57940726851852
2024-12-11,500,-68.01310763888888
2024-12-11,150,-93.43687680555556
2024-12-12,800,-33.87591699074074
2024-12-12,500,-68.19494865740741
2024-12-12,150,-94.43627476851852
2024-12-13,800,-34.05608069444445
2024-12-13,500,-68.35119050925925
2024-12-13,150,-95.35804712962963
2024-12-14,800,-34.2883675
2024-12-14,500,-68.44187819444444
2024-12-14,150,-96.0863650462963
2024-12-15,800,-34.75715569444445
2024-12-15,500,-68.79891342592593
2024-12-15,150,-97.2145599074074
2024-12-16,800,-35.07339569444444
2024-12-16,500,-69.12783166666667
2024-12-16,150,-98.22070555555555
2024-12-17,800,-35.25564819444445
2024-12-17,500,-69.19558245370371
2024-12-17,150,-98.9420636574074
2024-12-18,800,-35.46805675925926
2024-12-18,500,-69.26157583333334
2024-12-18,150,-99.76883337962963
2024-12-19,800,-35.57980009259259
2024-12-19,500,-69.17538240740741
2024-12-19,150,-101.44266101851852
2024-12-20,800,-35.87910134259259
2024-12-20,500,-69.414795
2024-12-20,150,-102.00906851851852
2024-12-21,800,-36.029110370370375
2024-12-21,500,-69.58393074074074
2024-12-21,150,-102.12469643518519
2024-12-22,800,-36.174036388888894
2024-12-22,500,-69.48044777777778
2024-12-22,150,-101.76884638888889
2024-12-23,800,-36.73580476851852
2024-12-23,500,-69.59005731481481
2024-12-23,150,-101.92516759259259
2024-12-24,800,-37.90317074074074
2024-12-24,500,-69.95814842592593
2024-12-24,150,-102.43724666666667
2024-12-25,800,-38.32223898148148
2024-12-25,500,-70.18558361111111
2024-12-25,150,-102.77066467592593
2024-12-26,800,-38.53970972222222
2024-12-26,500,-70.32612319444445
2024-12-26,150,-102.88813657407408
2024-12-27,800,-38.727471666666666
2024-12-27,500,-70.46794986111111
2024-12-27,150,-103.01131712962963
2024-12-28,800,-38.88873736111111
2024-12-28,500,-70.57003912037037
2024-12-28,150,-103.12907962962963
2024-12-29,800,-39.03595611111111
2024-12-29,500,-70.69651453703703
2024-12-29,150,-103.28525175925925
2024-12-30,800,-39.20473527777778
2024-12-30,500,-70.86250185185186
2024-12-30,150,-103.3967838425926
2024-12-31,800,-39.31367083333333
2024-12-31,500,-71.02761467592592
2024-12-31,150,-103.52880699074075
2025-01-01,800,-39.41899625
2025-01-01,500,-71.11705425925925
2025-01-01,150,-103.54171444444444
2025-01-02,800,-39.442815555555555
2025-01-02,500,-71.08080944444444
2025-01-02,150,-103.35965185185185
2025-01-03,800,-39.552111574074075
2025-01-03,500,-71.27511953703703
2025-01-03,150,-103.57289333333333
2025-01-04,800,-39.65623087962963
2025-01-04,500,-71.46877185185186
2025-01-04,150,-103.76841717592593
2025-01-05,800,-39.74227208333333
2025-01-05,500,-71.60740273148149
2025-01-05,150,-103.83446472222222
2025-01-06,800,-39.98290814814815
2025-01-06,500,-71.78196444444444
2025-01-06,150,-104.51316101851852
2025-01-07,800,-40.293113425925924
2025-01-07,500,-71.97790611111111
2025-01-07,150,-105.2848225
2025-01-08,800,-40.43511791666666
2025-01-08,500,-72.1810850925926
2025-01-08,150,-104.35856925925926
2025-01-09,800,-40.47157546296296
2025-01-09,500,-72.15469240740741
2025-01-09,150,-103.80865083333333
2025-01-10,800,-40.560641296296296
2025-01-10,500,-72.26305953703704
2025-01-10,150,-103.4365137962963
2025-01-11,800,-40.562834861111114
2025-01-11,500,-72.23987143518518
2025-01-11,150,-102.86080833333334
2025-01-12,800,-40.59700819444444
2025-01-12,500,-72.36220472222222
2025-01-12,150,-102.83191796296296
2025-01-13,800,-40.603351296296296
2025-01-13,500,-72.42857194444444
2025-01-13,150,-102.89443629629629
2025-01-14,800,-40.59425291666667
2025-01-14,500,-72.43196083333333
2025-01-14,150,-102.97867435185185
2025-01-15,800,-40.605054305555555
2025-01-15,500,-72.4877900462963
2025-01-15,150,-103.29625787037037
2025-01-16,800,-40.7156924537037
2025-01-16,500,-72.74720273148148
2025-01-16,150,-103.83883453703703
2025-01-17,800,-40.82653689814815
2025-01-17,500,-73.16908467592593
2025-01-17,150,-104.49034185185185
2025-01-18,800,-40.937475416666665
2025-01-18,500,-73.35930199074075
2025-01-18,150,-105.1285662962963
2025-01-19,800,-40.984026712962965
2025-01-19,500,-73.49971537037037
2025-01-19,150,-105.4507925462963
2025-01-20,800,-41.09355333333333
2025-01-20,500,-73.73692342592592
2025-01-20,150,-106.0732261574074
2025-01-21,800,-41.214057824074075
2025-01-21,500,-73.87565657407407
2025-01-21,150,-106.5202075462963
2025-01-22,800,-41.42963018518518
2025-01-22,500,-74.19012319444445
2025-01-22,150,-107.07625226851852
2025-01-23,800,-41.852175324074075
2025-01-23,500,-74.68008675925925
2025-01-23,150,-107.89274601851852
2025-01-24,800,-42.25925430555556
2025-01-24,500,-75.30638444444445
2025-01-24,150,-108.78456523148148
2025-01-25,800,-42.53032847222222
2025-01-25,500,-75.6799487037037
2025-01-25,150,-109.63670277777777
2025-01-26,800,-42.870528425925926
2025-01-26,500,-75.98206435185185
2025-01-26,150,-111.68961615740741
2025-01-27,800,-43.18708731481482
2025-01-27,500,-76.06205625
2025-01-27,150,-111.54056296296297
2025-01-28,800,-44.44884875
2025-01-28,500,-76.01727078703703
2025-01-28,150,-111.21043754629629
2025-01-29,800,-44.67303513888889
2025-01-29,500,-76.22310680555556
2025-01-29,150,-111.14235407407408
2025-01-30,800,-44.79251060185185
2025-01-30,500,-76.26646726851853
2025-01-30,150,-110.95330569444445
2025-01-31,800,-44.85650314814815
2025-01-31,500,-76.30062111111111
2025-01-31,150,-110.8612826388889
2025-02-01,800,-45.13781796296296
2025-02-01,500,-76.29764560185185
2025-02-01,150,-110.65110587962963
2025-02-02,800,-45.15460050925926
2025-02-02,500,-76.21877777777777
2025-02-02,150,-110.39505185185186
2025-02-03,800,-45.17925212962963
2025-02-03,500,-76.28644212962962
2025-02-03,150,-110.40277722222223
2025-02-04,800,-45.210520555555554
2025-02-04,500,-76.34400583333333
2025-02-04,150,-110.44548537037038
2025-02-05,800,-45.28486574074074
2025-02-05,500,-76.49028615740741
2025-02-05,150,-110.65924481481481
2025-02-06,800,-45.2670475925926
2025-02-06,500,-76.45113217592592
2025-02-06,150,-110.6538224074074
2025-02-07,800,-45.27111569444445
2025-02-07,500,-76.44153430555555
2025-02-07,150,-110.66949111111111
2025-02-08,800,-45.65922287037037
2025-02-08,500,-76.56632300925926
2025-02-08,150,-110.89982981481481
2025-02-09,800,-45.90170513888889
2025-02-09,500,-76.80565847222222
2025-02-09,150,-111.26411458333332
2025-02-10,800,-46.027631990740744
2025-02-10,500,-76.97124837962963
2025-02-10,150,-111.46843981481481
2025-02-11,800,-46.10844703703704
2025-02-11,500,-77.05675944444444
2025-02-11,150,-112.26634236111111
2025-02-12,800,-46.26332212962963
2025-02-12,500,-77.14807013888888
2025-02-12,150,-113.92072962962963
2025-02-13,800,-46.33698069444445
2025-02-13,500,-77.13010189814815
2025-02-13,150,-113.85968319444444
2025-02-14,800,-46.481178148148146
2025-02-14,500,-77.16292004629629
2025-02-14,150,-113.75751939814815
2025-02-15,800,-46.563145
2025-02-15,500,-77.19474856481482
2025-02-15,150,-113.54263416666667
2025-02-16,800,-46.59470902777778
2025-02-16,500,-77.21214569444444
2025-02-16,150,-113.42769837962963
2025-02-17,800,-46.76949976851852
2025-02-17,500,-77.37974675925926
2025-02-17,150,-113.71461069444445
2025-02-18,800,-47.00807101851852
2025-02-18,500,-77.62949537037038
2025-02-18,150,-114.1023199074074
2025-02-19,800,-47.366409768518515
2025-02-19,500,-78.1179412962963
2025-02-19,150,-114.77956111111111
2025-02-20,800,-47.692990324074074
2025-02-20,500,-78.67907875
2025-02-20,150,-115.90868842592593
2025-02-21,800,-48.315602731481484
2025-02-21,500,-79.11084402777777
2025-02-21,150,-116.96264212962963
2025-02-22,800,-48.72291708333333
2025-02-22,500,-79.37697597222223
2025-02-22,150,-120.20479953703705
2025-02-23,800,-48.98762726851852
2025-02-23,500,-79.68058856481481
2025-02-23,150,-123.28284351851852
2025-02-24,800,-49.080150092592596
2025-02-24,500,-79.64338388888889
2025-02-24,150,-124.2465699074074
2025-02-25,800,-49.116240833333336
2025-02-25,500,-79.34617444444444
2025-02-25,150,-124.50742453703704
2025-02-26,800,-49.03392634259259
2025-02-26,500,-79.10330412037037
2025-02-26,150,-122.8357837962963
2025-02-27,800,-48.852494907407404
2025-02-27,500,-78.7517925925926
2025-02-27,150,-119.52261018518519
2025-02-28,800,-48.67773620370371
2025-02-28,500,-78.45955310185185
2025-02-28,150,-117.68791851851852
2025-03-01,800,-48.54610643518519
2025-03-01,500,-78.25317587962962
2025-03-01,150,-116.57346666666666
2025-03-02,800,-48.45731078703704
2025-03-02,500,-78.18520837962963
2025-03-02,150,-116.28072083333333
2025-03-03,800,-48.41270986111111
2025-03-03,500,-78.13839847222222
2025-03-03,150,-116.2345675925926
2025-03-04,800,-48.3847912962963
2025-03-04,500,-78.1619724074074
2025-03-04,150,-116.40713101851853
2025-03-05,800,-48.40436736111111
2025-03-05,500,-78.22771837962962
2025-03-05,150,-117.00952962962963
2025-03-06,800,-48.416766851851854
2025-03-06,500,-78.26618106481482
2025-03-06,150,-119.5208375
2025-03-07,800,-48.41094666666667
2025-03-07,500,-78.24984972222222
2025-03-07,150,-121.98705277777778
2025-03-08,800,-48.41524666666667
2025-03-08,500,-78.16702972222222
2025-03-08,150,-122.63800509259259
2025-03-09,800,-48.37310587962963
2025-03-09,500,-78.19147953703704
2025-03-09,150,-122.91352453703703
2025-03-10,800,-48.29987685185185
2025-03-10,500,-77.19317981481481
2025-03-10,150,-120.73375740740741
2025-03-11,800,-47.430656990740744
2025-03-11,500,-74.26246296296296
2025-03-11,150,-109.82098935185185
2025-03-12,800,-46.75562912037037
2025-03-12,500,-73.72559643518518
2025-03-12,150,-106.26022305555556
2025-03-13,800,-46.05454
2025-03-13,500,-72.43780037037037
2025-03-13,150,-96.13918699074074
2025-03-14,800,-45.36010509259259
2025-03-14,500,-71.79470074074074
2025-03-14,150,-92.24238685185185
2025-03-15,800,-44.868246944444444
2025-03-15,500,-71.30906
2025-03-15,150,-82.75599590740741
2025-03-16,800,-43.89823615740741
2025-03-16,500,-70.04689087962963
2025-03-16,150,-71.8953149537037
2025-03-17,800,-42.771569398148145
2025-03-17,500,-69.05854759259259
2025-03-17,150,-72.0730374537037
2025-03-18,800,-42.02550458333333
2025-03-18,500,-68.50179041666667
2025-03-18,150,-72.19763666666667
2025-03-19,800,-41.4127274537037
2025-03-19,500,-68.10666402777778
2025-03-19,150,-72.63222319444444
2025-03-20,800,-40.61730578703704
2025-03-20,500,-67.76485611111111
2025-03-20,150,-72.7500750925926
2025-03-21,800,-37.71887103703704
2025-03-21,500,-64.57080148148148
2025-03-21,150,-67.77898805555554
2025-03-22,800,-28.51203402314815
2025-03-22,500,-51.92647675925926
2025-03-22,150,-49.03774694444444
2025-03-23,800,-23.761463578703705
2025-03-23,500,-41.821726805555556
2025-03-23,150,-43.65342652314815
2025-03-24,800,-18.88710037037037
2025-03-24,500,-39.43476787037037
2025-03-24,150,-44.15614435185185
2025-03-25,800,-18.43695287037037
2025-03-25,500,-39.85475953703704
2025-03-25,150,-45.55736736111111
2025-03-26,800,-18.065650462962964
2025-03-26,500,-40.2253500462963
2025-03-26,150,-45.83457972222222
2025-03-27,800,-17.76118277777778
2025-03-27,500,-40.43773587962963
2025-03-27,150,-45.18615050925926
2025-03-28,800,-17.455585324074075
2025-03-28,500,-40.67479712962963
2025-03-28,150,-45.65026949074074
2025-03-29,800,-17.236807916666667
2025-03-29,500,-41.140294814814816
2025-03-29,150,-46.45229041666666
2025-03-30,800,-17.06022115740741
2025-03-30,500,-41.61499537037037
2025-03-30,150,-47.46473092592593
2025-03-31,800,-16.880349537037038
2025-03-31,500,-41.90437412037037
2025-03-31,150,-48.03380638888889
2025-04-01,800,-16.674788657407408
2025-04-01,500,-42.147540925925924
2025-04-01,150,-48.08723041666667
2025-04-02,800,-16.51124009259259
2025-04-02,500,-42.52238782407407
2025-04-02,150,-49.09640569444444
2025-04-03,800,-16.399140046296296
2025-04-03,500,-42.68256949074074
2025-04-03,150,-48.120936944444445
2025-04-04,800,-16.227078703703704
2025-04-04,500,-42.41923652777778
2025-04-04,150,-48.70137439814815
2025-04-05,800,-16.08189555555556
2025-04-05,500,-42.341245416666666
2025-04-05,150,-49.81631675925926
2025-04-06,800,-15.947404814814815
2025-04-06,500,-42.443995972222226
2025-04-06,150,-50.75473888888889
2025-04-07,800,-15.845103796296298
2025-04-07,500,-42.633567731481484
2025-04-07,150,-50.926841805555554
2025-04-08,800,-15.764256805555556
2025-04-08,500,-42.956803935185185
2025-04-08,150,-52.479125324074076
2025-04-09,800,-15.721060680555556
2025-04-09,500,-43.46730060185185
2025-04-09,150,-56.37832865740741
2025-04-10,800,-16.17365062037037
2025-04-10,500,-44.07017782407407
2025-04-10,150,-61.07838064814815
2025-04-11,800,-16.664967166666667
2025-04-11,500,-44.61145347222222
2025-04-11,150,-67.84395018518518
2025-04-12,800,-17.45898937037037
2025-04-12,500,-45.03437939814815
2025-04-12,150,-79.40702152777777
2025-04-13,800,-18.37536700462963
2025-04-13,500,-45.589141527777784
2025-04-13,150,-88.56910879629629
2025-04-14,800,-18.838730925925926
2025-04-14,500,-46.184845601851855
2025-04-14,150,-96.42351597222223
2025-04-15,800,-19.13714375
2025-04-15,500,-46.78246027777778
2025-04-15,150,-106.16658111111111
2025-04-16,800,-19.30792388888889
2025-04-16,500,-47.64120481481481
2025-04-16,150,-119.26038532407408
2025-04-17,800,-19.565801712962966
2025-04-17,500,-48.491855
2025-04-17,150,-121.96536472222223
2025-04-18,800,-19.812022384259258
2025-04-18,500,-49.12043694444444
2025-04-18,150,-115.2787525
2025-04-19,800,-20.108420541666668
2025-04-19,500,-49.70628175925926
2025-04-19,150,-118.23532717592593
2025-04-20,800,-20.484014662037037
2025-04-20,500,-50.528700925925925
2025-04-20,150,-128.31299731481482
2025-04-21,800,-20.773627342592594
2025-04-21,500,-51.50672106481482
2025-04-21,150,-135.55823425925925
2025-04-22,800,-21.24319197222222
2025-04-22,500,-52.56830328703704
2025-04-22,150,-143.11744569444443
2025-04-23,800,-21.846133925925926
2025-04-23,500,-53.705750370370374
2025-04-23,150,-148.06225944444444
2025-04-24,800,-22.76147098148148
2025-04-24,500,-54.959240925925926
2025-04-24,150,-146.26098319444444
2025-04-25,800,-23.46496473611111
2025-04-25,500,-55.90267458333334
2025-04-25,150,-141.26540717592593
2025-04-26,800,-23.945768166666667
2025-04-26,500,-56.79024231481482
2025-04-26,150,-143.53364944444445
2025-04-27,800,-24.39795160648148
2025-04-27,500,-57.868484861111114
2025-04-27,150,-149.79041796296298
2025-04-28,800,-25.010496657407405
2025-04-28,500,-59.12257092592592
2025-04-28,150,-155.65506518518518
2025-04-29,800,-25.699517949074075
2025-04-29,500,-60.487031018518515
2025-04-29,150,-163.94251194444445
2025-04-30,800,-26.819994055555554
2025-04-30,500,-61.702573657407406
2025-04-30,150,-174.68189532407408
2025-05-01,800,-28.22483099537037
2025-05-01,500,-63.12345069444444
2025-05-01,150,-184.51460712962964
2025-05-02,800,-34.44124138888889
2025-05-02,500,-70.73447416666667
2025-05-02,150,-250.13070708333333
2025-05-03,800,-38.88994152777778
2025-05-03,500,-73.04182083333333
2025-05-03,150,-258.5196248611111
2025-05-04,800,-42.40105284722222
2025-05-04,500,-75.21844972222223
2025-05-04,150,-257.35971277777776
2025-05-05,800,-33.376335625
2025-05-05,500,-63.890339930555555
2025-05-05,150,-36.26359045138889
2025-05-06,800,-28.335523319444444
2025-05-06,500,-52.21484388888889
2025-05-06,150,-43.41618625
2025-05-07,800,-27.21372016666667
2025-05-07,500,-47.86862701388889
2025-05-07,150,-30.7395703125
2025-05-08,800,-19.868371840277778
2025-05-08,500,-28.02178347222222
2025-05-08,150,-17.706010173611112
2025-05-09,800,-17.610287979166667
2025-05-09,500,-29.102086180555556
2025-05-09,150,-24.5559498125
2025-05-10,800,-13.533808125
2025-05-10,500,-26.29572701388889
2025-05-10,150,-19.639783430555557
2025-05-11,800,-9.891732916666667
2025-05-11,500,-28.077528125
2025-05-11,150,-41.799238402777775
2025-05-12,800,-9.141886944444444
2025-05-12,500,-29.799912291666665
2025-05-12,150,-61.551270208333335
2025-05-13,800,-8.904305138888889
2025-05-13,500,-27.860411111111112
2025-05-13,150,-21.542963611111112
2025-05-14,800,-4.321009833333333
2025-05-14,500,-27.159705694444447
2025-05-14,150,-30.04418027777778
2025-05-15,800,-2.6062230347222224
2025-05-15,500,-28.215317847222224
2025-05-15,150,-44.60205111111111
2025-05-16,800,-2.6622797222222223
2025-05-16,500,-29.113630069444447
2025-05-16,150,-49.25393743055555
2025-05-17,800,-2.892526861111111
2025-05-17,500,-29.922287152777777
2025-05-17,150,-57.31405826388889
2025-05-18,800,-3.3235771805555556
2025-05-18,500,-31.042843958333332
2025-05-18,150,-68.672033125
2025-05-19,800,-3.967397888888889
2025-05-19,500,-32.421528333333335
2025-05-19,150,-85.0465195138889
2025-05-20,800,-4.707001763888889
2025-05-20,500,-33.92533666666667
2025-05-20,150,-98.43424993055555
2025-05-21,800,-5.347234784722223
2025-05-21,500,-34.69477215277777
2025-05-21,150,-87.66489340277778
2025-05-22,800,-3.633910548611111
2025-05-22,500,-26.146777361111113
2025-05-22,150,-27.099362729166668
2025-05-23,800,-1
2025-05-23,500,-18.20374576388889
2025-05-23,150,-14.182982354166668
2025-05-24,800,-1
2025-05-24,500,-20.692101944444445
2025-05-24,150,-27.21782347222222
2025-05-25,800,-1
2025-05-25,500,-23.544004930555555
2025-05-25,150,-35.87549027777778
2025-05-26,800,-1
2025-05-26,500,-25.474374930555555
2025-05-26,150,-34.24757965277777
2025-05-27,800,-1
2025-05-27,500,-26.29520736111111
2025-05-27,150,-34.11112548611111
2025-05-28,800,-1
2025-05-28,500,-28.210573194444443
2025-05-28,150,-39.12988729166667
2025-05-29,800,-1
2025-05-29,500,-11.82156576388889
2025-05-29,150,-7.502873402777778
2025-05-30,800,-1
2025-05-30,500,-14.661633680555555
2025-05-30,150,-22.846812291666666
2025-05-31,800,-1
2025-05-31,500,-19.255642708333333
2025-05-31,150,-36.90131256944444
2025-06-01,800,-1
2025-06-01,500,-22.30771777777778
2025-06-01,150,-52.89687402777778
2025-06-02,800,-1
2025-06-02,500,-19.891977569444446
2025-06-02,150,-28.50578470138889
2025-06-03,800,-1
2025-06-03,500,-1.9035856319444444
2025-06-03,150,-5.083941847222222
2025-06-04,800,-1
2025-06-04,500,-4.545829854166667
2025-06-04,150,-18.002545534722223
2025-06-05,800,-1
2025-06-05,500,-5.449503166666666
2025-06-05,150,-12.721183298611113
2025-06-06,800,-1
2025-06-06,500,-2.7682269930555554
2025-06-06,150,-14.038798458333334
2025-06-07,800,-1
2025-06-07,500,-6.660050618055555
2025-06-07,150,-22.52759263888889
2025-06-08,800,-1
2025-06-08,500,-11.982456715277777
2025-06-08,150,-27.183199791666667
2025-06-09,800,-1
2025-06-09,500,-14.423267430555555
2025-06-09,150,-34.865709861111114
2025-06-10,800,-1
2025-06-10,500,-17.36141138888889
2025-06-10,150,-47.584073402777776
2025-06-11,800,-1
2025-06-11,500,-19.809833680555556
2025-06-11,150,-60.66837375
2025-06-12,800,-1
2025-06-12,500,-21.902540833333333
2025-06-12,150,-72.44939847222221
2025-06-13,800,-1
2025-06-13,500,-24.785035694444446
2025-06-13,150,-84.73796291666667
2025-06-14,800,-1
2025-06-14,500,-27.969093194444444
2025-06-14,150,-97.82210805555556
2025-06-15,800,-1
2025-06-15,500,-29.90251465277778
2025-06-15,150,-108.41311048611112
2025-06-16,800,-1.0221742361111112
2025-06-16,500,-30.935527569444446
2025-06-16,150,-111.025216875
2025-06-17,800,-1.1585549375
2025-06-17,500,-32.298990208333336
2025-06-17,150,-114.78256965277778
2025-06-18,800,-1.3171636388888888
2025-06-18,500,-33.85019548611111
2025-06-18,150,-124.40236083333333
2025-06-19,800,-1.5789301666666669
2025-06-19,500,-35.37399159722222
2025-06-19,150,-137.9066490972222
2025-06-20,800,-1.908701923611111
2025-06-20,500,-37.15819194444444
2025-06-20,150,-157.37893125
2025-06-21,800,-2.221676472222222
2025-06-21,500,-37.6788775
2025-06-21,150,-150.8249297222222
2025-06-22,800,-2.2710884305555554
2025-06-22,500,-34.21923631944444
2025-06-22,150,-142.64122854166666
2025-06-23,800,-2.3531060069444445
2025-06-23,500,-35.27903027777778
2025-06-23,150,-152.87903583333332
2025-06-24,800,-2.5220034236111113
2025-06-24,500,-36.54072229166667
2025-06-24,150,-155.86545243055554
2025-06-25,800,-2.8234740069444446
2025-06-25,500,-37.867227222222226
2025-06-25,150,-173.7807884722222
2025-06-26,800,-3.4522124375
2025-06-26,500,-39.20615104166667
2025-06-26,150,-194.19577354166665
2025-06-27,800,-4.107891770833334
2025-06-27,500,-41.247041805555554
2025-06-27,150,-200.5855853472222
2025-06-28,800,-4.984999743055556
2025-06-28,500,-43.40894451388888
2025-06-28,150,-216.90717631944446
2025-06-29,800,-5.810334701388889
2025-06-29,500,-45.95985131944445
2025-06-29,150,-233.04574680555555
2025-06-30,800,-6.800984861111112
2025-06-30,500,-48.23298729166667
2025-06-30,150,-205.13303791666667
2025-07-01,800,-6.704895416666667
2025-07-01,500,-43.672136180555555
2025-07-01,150,-187.78735645833333
2025-07-02,800,-6.507190208333333
2025-07-02,500,-43.61163166666667
2025-07-02,150,-195.0252842361111
2025-07-03,800,-6.5632544444444445
2025-07-03,500,-43.42024652777778
2025-07-03,150,-185.44331743055557
2025-07-04,800,-6.708426736111111
2025-07-04,500,-44.205194722222224
2025-07-04,150,-184.66144881944444
2025-07-05,800,-6.875600277777778
2025-07-05,500,-44.764167013888894
2025-07-05,150,-167.24460305555556
2025-07-06,800,-7.026267083333333
2025-07-06,500,-43.124958194444446
2025-07-06,150,-110.73905423611112
2025-07-07,800,-6.742485208333333
2025-07-07,500,-36.011005902777775
2025-07-07,150,-68.56228889583333
2025-07-08,800,-1.9374285625
2025-07-08,500,-12.212110506944445
2025-07-08,150,-34.069017951388886
2025-07-09,800,-1
2025-07-09,500,-14.043045597222221
2025-07-09,150,-43.79005430555556
2025-07-10,800,-1
2025-07-10,500,-20.16028574074074
2025-07-10,150,-59.63377550925926
2025-07-11,800,-1
2025-07-11,500,-23.67393101851852
2025-07-11,150,-76.57745391534391
2025-07-12,800,-1
2025-07-12,500,-27.14224324074074
2025-07-12,150,-89.59919385696041
2025-07-13,800,-1
2025-07-13,500,-29.498075046296297
2025-07-13,150,-98.31305810883997
2025-07-14,800,-1
2025-07-14,500,-30.870717916666667
2025-07-14,150,-94.68271108397191
2025-07-15,800,-1.0002365416666668
2025-07-15,500,-32.173447083333336
2025-07-15,150,-100.61892481902356
2025-07-16,800,-1.2449032361111112
2025-07-16,500,-33.47866277777778
2025-07-16,150,-104.73723021750524
2025-07-17,800,-1.9414920092592594
2025-07-17,500,-33.38185768518518
2025-07-17,150,-94.44896850438597
2025-07-18,800,-1.0565249722222223
2025-07-18,500,-32.722171851851854
2025-07-18,150,-98.78495089181285
2025-07-19,800,-1.0981442962962964
2025-07-19,500,-33.59308430555556
2025-07-19,150,-105.8251912037037
2025-07-20,800,-1.1743034722222223
2025-07-20,500,-34.58162907407407
2025-07-20,150,-113.09400097571628
2025-07-21,800,-1.095609087962963
2025-07-21,500,-18.093258125
2025-07-21,150,-57.36867232244009
2025-07-22,800,-1
2025-07-22,500,-13.102279893518519
2025-07-22,150,-53.61086380220646
2025-07-23,800,-1
2025-07-23,500,-18.724291712962962
2025-07-23,150,-63.269459914965985
2025-07-24,800,-1
2025-07-24,500,-18.097290601851853
2025-07-24,150,-35.651541977513226
2025-07-25,800,-1
2025-07-25,500,-17.698384675925926
2025-07-25,150,-38.4880195545977
2025-07-26,800,-1
2025-07-26,500,-12.78010763888889
2025-07-26,150,-28.613298574410777
2025-07-27,800,-1
2025-07-27,500,-6.787917574074074
2025-07-27,150,-26.169831326666667
2025-07-28,800,-1
2025-07-28,500,-12.573650148148149
2025-07-28,150,-33.17345799432497
2025-07-29,800,-1
2025-07-29,500,-17.516779629629628
2025-07-29,150,-40.02657457694764
2025-07-30,800,-1
2025-07-30,500,-20.951415462962963
2025-07-30,150,-52.4204140954416
2025-07-31,800,-1
2025-07-31,500,-23.860432361111112
2025-07-31,150,-59.624099935185185
2025-08-01,800,-1
2025-08-01,500,-26.452040324074073
2025-08-01,150,-64.52492874825298
2025-08-02,800,-1
2025-08-02,500,-26.971963425925928
2025-08-02,150,-49.97098972883598
2025-08-03,800,-1
2025-08-03,500,-26.146990046296295
2025-08-03,150,-41.749147265993265
2025-08-04,800,-1
2025-08-04,500,-26.888655833333335
2025-08-04,150,-45.84003615900383
2025-08-05,800,-1
2025-08-05,500,-28.19379564814815
2025-08-05,150,-57.668559447431306
2025-08-06,800,-1.0031376851851852
2025-08-06,500,-29.836832037037038
2025-08-06,150,-66.70653800127714
2025-08-07,800,-1.1250431574074073
2025-08-07,500,-31.00096537037037
2025-08-07,150,-76.50653243233617
2025-08-08,800,-1.3128290046296296
2025-08-08,500,-32.250224027777776
2025-08-08,150,-89.8654075462963
2025-08-09,800,-2.9277166712962965
2025-08-09,500,-33.59184148148148
2025-08-09,150,-103.85381290577342
2025-08-10,800,-4.985367759259259
2025-08-10,500,-35.225599537037034
2025-08-10,150,-119.75377538720538
2025-08-11,800,-5.825822388888889
2025-08-11,500,-36.7993100462963
2025-08-11,150,-136.0775478009259
2025-08-12,800,-6.799841546296296
2025-08-12,500,-38.2966299537037
2025-08-12,150,-157.2362647530864
2025-08-13,800,-7.753461842592593
2025-08-13,500,-40.34436541666667
2025-08-13,150,-176.93876936728395
2025-08-14,800,-9.383852143518519
2025-08-14,500,-42.78342199074074
2025-08-14,150,-191.42463688468013
2025-08-15,800,-10.810198046296296
2025-08-15,500,-44.11408027777778
2025-08-15,150,-156.3325817533491
2025-08-16,800,-9.156832291666667
2025-08-16,500,-38.337357546296296
2025-08-16,150,-123.61782387222222
2025-08-17,800,-4.142376814814815
2025-08-17,500,-36.81645337962963
2025-08-17,150,-132.42472280050507
2025-08-18,800,-3.3507709953703704
2025-08-18,500,-37.474377268518516
2025-08-18,150,-144.07435339743589
2025-08-19,800,-3.468662962962963
2025-08-19,500,-38.685463703703704
2025-08-19,150,-158.56552689074073
2025-08-20,800,-3.609194847222222
2025-08-20,500,-39.291614074074076
2025-08-20,150,-125.81051400462964
2025-08-21,800,-3.6654083611111115
2025-08-21,500,-34.21092925925926
2025-08-21,150,-61.50716483674464
2025-08-22,800,-3.2795310462962965
2025-08-22,500,-30.520105324074073
2025-08-22,150,-53.91793134074074
2025-08-23,800,-2.4523829537037036
2025-08-23,500,-30.56316902777778
2025-08-23,150,-61.35100787720097
2025-08-24,800,-2.2723773194444443
2025-08-24,500,-32.26307189814815
2025-08-24,150,-73.72616113333333
2025-08-25,800,-2.3646481203703704
2025-08-25,500,-33.54725851851852
2025-08-25,150,-91.59186783900837
2025-08-26,800,-2.5177909537037038
2025-08-26,500,-34.78037273148148
2025-08-26,150,-110.43537791750842
2025-08-27,800,-2.6926953287037034
2025-08-27,500,-36.141266342592594
2025-08-27,150,-122.7304279337232
2025-08-28,800,-2.908297828703704
2025-08-28,500,-35.67382791666667
2025-08-28,150,-70.21594313888889
2025-08-29,800,-1.4028184444444445
2025-08-29,500,-13.92072189351852
2025-08-29,150,-23.196988059996222
2025-08-30,800,-1
2025-08-30,500,-7.342303328703704
2025-08-30,150,-20.949654435185185
2025-08-31,800,-1
2025-08-31,500,-12.178720541666667
2025-08-31,150,-34.12260781746032
2025-09-01,800,-1
2025-09-01,500,-18.257352314814817
2025-09-01,150,-46.11363961640212
2025-09-02,800,-1
2025-09-02,500,-21.946448194444447
2025-09-02,150,-49.037951369509045
2025-09-03,800,-1
2025-09-03,500,-24.678996342592594
2025-09-03,150,-53.82304600734355
2025-09-04,800,-1
2025-09-04,500,-27.023252962962964
2025-09-04,150,-66.86505350475475
2025-09-05,800,-1
2025-09-05,500,-23.780753796296295
2025-09-05,150,-44.27959517460317
2025-09-06,800,-1
2025-09-06,500,-16.130658425925926
2025-09-06,150,-32.46160784722222
2025-09-07,800,-1
2025-09-07,500,-20.912914351851853
2025-09-07,150,-48.275996944444444
2025-09-08,800,-1
2025-09-08,500,-25.015545185185186
2025-09-08,150,-60.794848024332474
2025-09-09,800,-1
2025-09-09,500,-27.852220648148148
2025-09-09,150,-62.81936155905906
2025-09-10,800,-1
2025-09-10,500,-27.113744490740743
2025-09-10,150,-33.84615405081301
2025-09-11,800,-1
2025-09-11,500,-23.87789412037037
2025-09-11,150,-33.16917655595813
2025-09-12,800,-1
2025-09-12,500,-25.84724550925926
2025-09-12,150,-39.405084345238095
2025-09-13,800,-1
2025-09-13,500,-27.416257222222224
2025-09-13,150,-44.10161877691645
2025-09-14,800,-1.0007572731481482
2025-09-14,500,-28.680897129629628
2025-09-14,150,-51.75114363888889
2025-09-15,800,-1.0802084675925927
2025-09-15,500,-29.98298569444444
2025-09-15,150,-64.511878244302
2025-09-16,800,-1.2585010555555556
2025-09-16,500,-31.209048796296297
2025-09-16,150,-70.96530579434697
2025-09-17,800,-1.6477383981481482
2025-09-17,500,-32.23584490740741
2025-09-17,150,-77.17960341880342
2025-09-18,800,-3.5958806481481482
2025-09-18,500,-33.387891574074075
2025-09-18,150,-90.41983817460317
2025-09-19,800,-5.1845493703703704
2025-09-19,500,-34.77791560185185
2025-09-19,150,-103.36019682033097
2025-09-20,800,-5.851412333333333
2025-09-20,500,-36.084417916666666
2025-09-20,150,-116.89434485858587
2025-09-21,800,-6.480312361111111
2025-09-21,500,-37.516613194444446
2025-09-21,150,-126.79854552020203
2025-09-22,800,-7.113116398148148
2025-09-22,500,-38.64013393518519
2025-09-22,150,-124.28163982286634
2025-09-23,800,-7.702661125
2025-09-23,500,-39.43164055555556
2025-09-23,150,-110.76145159041394
2025-09-24,800,-7.886419175925926
2025-09-24,500,-39.23976717592593
2025-09-24,150,-61.10724267622461
2025-09-25,800,-7.577190185185185
2025-09-25,500,-38.41846689814815
2025-09-25,150,-49.52909098346561
2025-09-26,800,-3.1322189074074074
2025-09-26,500,-34.66717162037037
2025-09-26,150,-35.1698399486532
2025-09-27,800,-2.390713337962963
2025-09-27,500,-33.70373689814815
2025-09-27,150,-38.34388676599327
2025-09-28,800,-2.1956376990740742
2025-09-28,500,-33.51880384259259
2025-09-28,150,-38.88383431818182
2025-09-29,800,-2.068199171296296
2025-09-29,500,-33.69988736111111
2025-09-29,150,-44.23182591369672
2025-09-30,800,-2.055217990740741
2025-09-30,500,-34.184762962962964
2025-09-30,150,-48.214675956119166
2025-10-01,800,-2.1214294722222222
2025-10-01,500,-34.757586805555555
2025-10-01,150,-51.402447522486774
2025-10-02,800,-2.200095277777778
2025-10-02,500,-35.39192125
2025-10-02,150,-56.49521041087963
2025-10-03,800,-2.276529324074074
2025-10-03,500,-35.9521987962963
2025-10-03,150,-62.209359722222224
2025-10-04,800,-2.3548096296296297
2025-10-04,500,-36.566021481481485
2025-10-04,150,-72.08042949074074
2025-10-05,800,-3.258311472222222
2025-10-05,500,-37.13860967592593
2025-10-05,150,-77.50109072222222
2025-10-06,800,-4.946560217592593
2025-10-06,500,-37.61173157407407
2025-10-06,150,-76.1961358968254
2025-10-07,800,-6.184711092592592
2025-10-07,500,-38.040463888888894
2025-10-07,150,-76.93972647079772
2025-10-08,800,-6.606462134259259
2025-10-08,500,-38.439121203703706
2025-10-08,150,-82.06936254334121
2025-10-09,800,-7.252636069444444
2025-10-09,500,-38.90939046296296
2025-10-09,150,-85.93884692183462
2025-10-10,800,-7.7693736620370375
2025-10-10,500,-39.43636847222222
2025-10-10,150,-87.38240155555556
2025-10-11,800,-8.123783611111111
2025-10-11,500,-40.00501375
2025-10-11,150,-93.30875274691358
2025-10-12,800,-8.646954231481482
2025-10-12,500,-40.7179475
2025-10-12,150,-102.38080003623189
2025-10-13,800,-9.289377328703704
2025-10-13,500,-41.545761712962964
2025-10-13,150,-108.91925369708994
2025-10-14,800,-9.942147180555557
2025-10-14,500,-42.48742638888889
2025-10-14,150,-111.65322190740741
2025-10-15,800,-10.85031474074074
2025-10-15,500,-43.32551388888889
2025-10-15,150,-111.4292865120545
2025-10-16,800,-12.080471328703704
2025-10-16,500,-44.06329671296296
2025-10-16,150,-111.1615870436508
2025-10-17,800,-13.235448444444446
2025-10-17,500,-44.88970893518518
2025-10-17,150,-111.6330334940601
2025-10-18,800,-14.232157486111111
2025-10-18,500,-45.95081814814815
2025-10-18,150,-113.51796355902778
2025-10-19,800,-14.809729777777777
2025-10-19,500,-47.430559629629634
2025-10-19,150,-119.35903737373737
2025-10-20,800,-15.169172018518518
2025-10-20,500,-48.972706620370374
2025-10-20,150,-124.56173611111112
2025-10-21,800,-15.657020259259259
2025-10-21,500,-50.38926578703703
2025-10-21,150,-124.25093242816092
2025-10-22,800,-16.295243305555555
2025-10-22,500,-52.02009837962963
2025-10-22,150,-129.14174021604939
2025-10-23,800,-16.958005162037036
2025-10-23,500,-53.619774444444445
2025-10-23,150,-130.25287069444445
2025-10-24,800,-18.039234407407406
2025-10-24,500,-54.69721967592593
2025-10-24,150,-122.92814430555556
2025-10-25,800,-18.76801926388889
2025-10-25,500,-55.048740324074075
2025-10-25,150,-119.47289064814814
2025-10-26,800,-19.17464922685185
2025-10-26,500,-55.32113453703704
2025-10-26,150,-117.61541931216931
2025-10-27,800,-19.364989837962966
2025-10-27,500,-55.37001462962963
2025-10-27,150,-114.9573085
2025-10-28,800,-19.594784601851853
2025-10-28,500,-55.365883564814816
2025-10-28,150,-113.68626069444444
2025-10-29,800,-19.503371435185187
2025-10-29,500,-54.8059749537037
2025-10-29,150,-93.2536681574074
2025-10-30,800,-19.16445626388889
2025-10-30,500,-52.84784166666667
2025-10-30,150,-40.0249972962963
2025-10-31,800,-18.08699395833333
2025-10-31,500,-49.46824240740741
2025-10-31,150,-34.54677279074074
2025-11-01,800,-17.222742754629632
2025-11-01,500,-49.144847222222225
2025-11-01,150,-43.530257349773244
2025-11-02,800,-16.154627828703703
2025-11-02,500,-48.82956791666667
2025-11-02,150,-46.53142481368564
2025-11-03,800,-12.598648569444444
2025-11-03,500,-46.71117611111111
2025-11-03,150,-27.72779475146199
2025-11-04,800,-9.347095666666668
2025-11-04,500,-43.41509398148148
2025-11-04,150,-26.600779261574075
2025-11-05,800,-8.29162724074074
2025-11-05,500,-41.32840379629629
2025-11-05,150,-25.483281488425927
2025-11-06,800,-6.404343791666666
2025-11-06,500,-38.704343055555555
2025-11-06,150,-29.1371245513468
2025-11-07,800,-5.121945935185185
2025-11-07,500,-38.31323759259259
2025-11-07,150,-36.1674468800813
2025-11-08,800,-4.890212041666667
2025-11-08,500,-38.57535282407407
2025-11-08,150,-40.536925109427614
2025-11-09,800,-4.93805775925926
2025-11-09,500,-39.02164675925926
2025-11-09,150,-43.2291409040404
2025-11-10,800,-5.010029388888889
2025-11-10,500,-39.398662962962966
2025-11-10,150,-45.15769824074074
2025-11-11,800,-5.206995458333333
2025-11-11,500,-39.789343842592594
2025-11-11,150,-47.92294852777778
2025-11-12,800,-5.476081171296296
2025-11-12,500,-40.189265462962965
2025-11-12,150,-51.52571428240741
2025-11-13,800,-5.768220782407408
2025-11-13,500,-40.62427787037037
2025-11-13,150,-55.58481366666667
2025-11-14,800,-6.02693312037037
2025-11-14,500,-41.06411037037037
2025-11-14,150,-59.26927597883598
2025-11-15,800,-6.523323314814815
2025-11-15,500,-41.47583949074074
2025-11-15,150,-61.72093748148148
2025-11-16,800,-7.327613870370371
2025-11-16,500,-41.84225791666667
2025-11-16,150,-62.46317448170732
2025-11-17,800,-8.078226916666667
2025-11-17,500,-42.22333782407407
2025-11-17,150,-61.694697481481484
2025-11-18,800,-8.796788564814815
2025-11-18,500,-42.297089166666666
2025-11-18,150,-56.210725404719234
2025-11-19,800,-9.273473287037037
2025-11-19,500,-42.16915893518519
2025-11-19,150,-54.01323351322751
2025-11-20,800,-10.158722402777776
2025-11-20,500,-42.17233675925926
2025-11-20,150,-54.49486797138047
2025-11-21,800,-10.232674699074074
2025-11-21,500,-42.25023180555556
2025-11-21,150,-55.08511051224612
2025-11-22,800,-10.45811438888889
2025-11-22,500,-42.38486148148148
2025-11-22,150,-55.80432131535948
2025-11-23,800,-10.49809737037037
2025-11-23,500,-42.44124273148149
2025-11-23,150,-56.39292137840671
2025-11-24,800,-10.490141467592593
2025-11-24,500,-42.52032532407407
2025-11-24,150,-56.83381584824231
2025-11-25,800,-10.664989629629629
2025-11-25,500,-42.72362453703703
2025-11-25,150,-57.45377568502825
2025-11-26,800,-11.023979564814814
2025-11-26,500,-43.06222041666667
2025-11-26,150,-58.32486585354721
2025-11-27,800,-11.259023592592593
2025-11-27,500,-43.40651939814815
2025-11-27,150,-59.04428460978836
2025-11-28,800,-11.492216925925927
2025-11-28,500,-43.649297546296296
2025-11-28,150,-59.67443686965812
2025-11-29,800,-11.775906425925925
2025-11-29,500,-43.85077898148148
2025-11-29,150,-60.25735624358975
2025-11-30,800,-11.949606712962963
2025-11-30,500,-44.07526740740741
2025-11-30,150,-60.864213148148146
2025-12-01,800,-12.085350555555555
2025-12-01,500,-44.36708268518518
2025-12-01,150,-61.42012008125473
2025-12-02,800,-12.212887439814814
2025-12-02,500,-44.585369120370366
2025-12-02,150,-61.975086964285715
2025-12-03,800,-12.366248833333334
2025-12-03,500,-44.81290106481482
2025-12-03,150,-62.44338311302682
2025-12-04,800,-12.543665472222221
2025-12-04,500,-45.02041310185185
2025-12-04,150,-62.880633067738785
2025-12-05,800,-12.839831601851852
2025-12-05,500,-45.26233944444444
2025-12-05,150,-63.31279467592593
2025-12-06,800,-13.051103356481482
2025-12-06,500,-45.5294062037037
2025-12-06,150,-63.78871375816994
2025-12-07,800,-13.265152060185185
2025-12-07,500,-45.815834351851855
2025-12-07,150,-64.23979156318083
2025-12-08,800,-13.360450810185185
2025-12-08,500,-45.83080259259259
2025-12-08,150,-61.55126798690932
2025-12-09,800,-12.880210101851851
2025-12-09,500,-45.10483787037037
2025-12-09,150,-51.300251191520466
2025-12-10,800,-12.522561347222222
2025-12-10,500,-44.54267472222222
2025-12-10,150,-47.02110873430634
2025-12-11,800,-12.188693986111112
2025-12-11,500,-44.08086523148148
2025-12-11,150,-46.27409430555556
2025-12-12,800,-11.761053324074073
2025-12-12,500,-43.7219512037037
2025-12-12,150,-46.552442621625865
2025-12-13,800,-11.371169541666667
2025-12-13,500,-43.486880740740744
2025-12-13,150,-47.041754827441075
2025-12-14,800,-11.22712887962963
2025-12-14,500,-43.31830462962963
2025-12-14,150,-47.5322691559829
2025-12-15,800,-11.153655101851852
2025-12-15,500,-43.20234171296296
2025-12-15,150,-48.3353830343048
2025-12-16,800,-11.118701712962963
2025-12-16,500,-43.18629199074074
2025-12-16,150,-49.23213160575049
2025-12-17,800,-11.151321041666668
2025-12-17,500,-43.25836861111111
2025-12-17,150,-49.904757910052915
2025-12-18,800,-11.205000555555555
2025-12-18,500,-43.274596296296295
2025-12-18,150,-47.22115924216524
2025-12-19,800,-11.225907824074074
2025-12-19,500,-43.066572083333334
2025-12-19,150,-44.80550467293907
2025-12-20,800,-11.13209449074074
2025-12-20,500,-42.830992083333335
2025-12-20,150,-44.963312554466235
2025-12-21,800,-11.031894259259259
2025-12-21,500,-42.67811486111111
2025-12-21,150,-45.29747408154122
2025-12-22,800,-10.95795875
2025-12-22,500,-42.58687310185185
2025-12-22,150,-45.28654845131422
2025-12-23,800,-10.887384768518519
2025-12-23,500,-42.47899925925926
2025-12-23,150,-45.89199087216249
2025-12-24,800,-10.836960879629629
2025-12-24,500,-42.43646916666667
2025-12-24,150,-47.02093415608466
2025-12-25,800,-10.87215087962963
2025-12-25,500,-42.553782777777776
2025-12-25,150,-47.994594206349205
2025-12-26,800,-10.934858703703703
2025-12-26,500,-42.693256435185184
2025-12-26,150,-48.98205711328976
2025-12-27,800,-11.01386574074074
2025-12-27,500,-42.81856347222222
2025-12-27,150,-50.067393601851855
2025-12-28,800,-11.08101824074074
2025-12-28,500,-42.93421111111111
2025-12-28,150,-51.08148323979592
2025-12-29,800,-11.171951296296296
2025-12-29,500,-43.053726805555556
2025-12-29,150,-52.06598739623244
2025-12-30,800,-11.285059675925925
2025-12-30,500,-43.204170185185184
2025-12-30,150,-52.90184232228196
2025-12-31,800,-11.37521888888889
2025-12-31,500,-43.39555055555556
2025-12-31,150,-53.95939550287356
2026-01-01,800,-11.501882222222223
2026-01-01,500,-43.523149583333335
2026-01-01,150,-54.981042810971346
2026-01-02,800,-11.771299537037038
2026-01-02,500,-43.712296574074074
2026-01-02,150,-56.28349663105413
2026-01-03,800,-11.96303523148148
2026-01-03,500,-44.02906847222222
2026-01-03,150,-58.34582794992175
2026-01-04,800,-12.223163148148148
2026-01-04,500,-44.44179291666667
2026-01-04,150,-60.827990297619046
2026-01-05,800,-12.498056944444444
2026-01-05,500,-45.047989953703706
2026-01-05,150,-63.59688556481481
2026-01-06,800,-13.254068333333334
2026-01-06,500,-46.14730055555555
2026-01-06,150,-68.2806358399471
2026-01-07,800,-13.978340648148148
2026-01-07,500,-47.97929162037037
2026-01-07,150,-75.84280790343915
2026-01-08,800,-14.681292546296296
2026-01-08,500,-50.41281143518518
2026-01-08,150,-98.57698570156695
2026-01-09,800,-15.290819722222222
2026-01-09,500,-53.18861393518519
2026-01-09,150,-117.06409049114332
2026-01-10,800,-16.00563150925926
2026-01-10,500,-55.43857888888889
2026-01-10,150,-117.6992159039961
2026-01-11,800,-16.73146174537037
2026-01-11,500,-56.84995412037037
2026-01-11,150,-116.62142345679013
2026-01-12,800,-17.244239560185186
2026-01-12,500,-57.639886249999996
2026-01-12,150,-114.8383248611111
2026-01-13,800,-17.986023967592594
2026-01-13,500,-58.35429472222222
2026-01-13,150,-113.3473617089372
2026-01-14,800,-19.143088842592594
2026-01-14,500,-58.91137805555555
2026-01-14,150,-111.32941074074074
2026-01-15,800,-19.389143666666666
2026-01-15,500,-59.20350851851852
2026-01-15,150,-109.94119611111111
2026-01-16,800,-19.59465987037037
2026-01-16,500,-59.407075138888885
2026-01-16,150,-109.6120325
2026-01-17,800,-19.787318518518518
2026-01-17,500,-59.58857990740741
2026-01-17,150,-109.50730528619529
2026-01-18,800,-19.956669787037036
2026-01-18,500,-59.74184611111111
2026-01-18,150,-109.30179721104726
2026-01-19,800,-20.14752795833333
2026-01-19,500,-59.857661944444445
2026-01-19,150,-108.8297812962963
2026-01-20,800,-20.393549657407405
2026-01-20,500,-59.89905699074074
2026-01-20,150,-108.12878472222222
2026-01-21,800,-20.554196842592592
2026-01-21,500,-59.82426782407407
2026-01-21,150,-107.57869314814815
2026-01-22,800,-20.612729601851854
2026-01-22,500,-59.86669305555556
2026-01-22,150,-107.89699098915989
2026-01-23,800,-20.739701527777775
2026-01-23,500,-60.27104939814814
2026-01-23,150,-108.82599726851852
2026-01-24,800,-20.88512788888889
2026-01-24,500,-60.97776703703704
2026-01-24,150,-109.54990050925926
2026-01-25,800,-21.037097106481482
2026-01-25,500,-61.443260277777775
2026-01-25,150,-109.2203699537037
2026-01-26,800,-21.295786439814815
2026-01-26,500,-61.866389814814816
2026-01-26,150,-109.02946158730158
2026-01-27,800,-21.478551328703702
2026-01-27,500,-62.141464675925924
2026-01-27,150,-109.37836516381766
2026-01-28,800,-21.567720976851852
2026-01-28,500,-62.51616972222222
2026-01-28,150,-110.1511548561061
2026-01-29,800,-21.81836111574074
2026-01-29,500,-63.35270560185185
2026-01-29,150,-110.737398955314
2026-01-30,800,-22.05537724537037
2026-01-30,500,-63.86913583333333
2026-01-30,150,-110.60464267994409
2026-01-31,800,-22.283571143518518
2026-01-31,500,-64.38298231481483
2026-01-31,150,-111.45813338624339
2026-02-01,800,-22.546054828703703
2026-02-01,500,-65.10410166666666
2026-02-01,150,-113.3115506660693
2026-02-02,800,-22.738951125
2026-02-02,500,-65.89095671296296
2026-02-02,150,-115.82411111111111
2026-02-03,800,-22.96593223148148
2026-02-03,500,-66.95867722222222
2026-02-03,150,-118.93490784356725
2026-02-04,800,-23.394443439814815
2026-02-04,500,-67.86043611111111
2026-02-04,150,-120.01978370275889
2026-02-05,800,-23.808847435185182
2026-02-05,500,-68.43599199074075
2026-02-05,150,-119.81290636494253
2026-02-06,800,-24.240048481481484
2026-02-06,500,-69.16470856481482
2026-02-06,150,-119.69389336024979
2026-02-07,800,-24.612467092592592
2026-02-07,500,-69.98604712962963
2026-02-07,150,-119.6963529882949
2026-02-08,800,-25.238861115740743
2026-02-08,500,-70.36740287037037
2026-02-08,150,-119.00320142907059
2026-02-09,800,-25.48335938888889
2026-02-09,500,-70.49149212962963
2026-02-09,150,-118.32684453703705
2026-02-10,800,-25.619297046296296
2026-02-10,500,-70.62030643518519
2026-02-10,150,-118.74065068732195
2026-02-11,800,-25.814394416666666
2026-02-11,500,-70.81340439814815
2026-02-11,150,-119.21228976662887
2026-02-12,800,-25.930796046296297
2026-02-12,500,-71.03636041666667
2026-02-12,150,-118.76425306934594
2026-02-13,800,-26.179252212962965
2026-02-13,500,-71.37014324074073
2026-02-13,150,-118.27589804176516
2026-02-14,800,-26.363247981481482
2026-02-14,500,-71.55805472222222
2026-02-14,150,-117.69603148148147
2026-02-15,800,-26.543209342592593
2026-02-15,500,-71.79647277777778
2026-02-15,150,-117.1999430263158
2026-02-16,800,-26.715449643518518
2026-02-16,500,-71.66394287037038
2026-02-16,150,-116.39497360936409
2026-02-17,800,-26.827318814814817
2026-02-17,500,-71.83440569444444
2026-02-17,150,-116.47672547558923
2026-02-18,800,-26.92425299074074
2026-02-18,500,-71.91456606481482
2026-02-18,150,-116.21135349033817
2026-02-19,800,-26.92431488425926
2026-02-19,500,-71.79169833333333
2026-02-19,150,-115.65398385802469
2026-02-20,800,-27.697355907407406
2026-02-20,500,-72.05145592592592
2026-02-20,150,-115.76758566239317
2026-02-21,800,-27.850029037037036
2026-02-21,500,-72.15815157407408
2026-02-21,150,-115.61516914961013
2026-02-22,800,-27.872640356481483
2026-02-22,500,-72.1466949537037
2026-02-22,150,-115.14633839506173
2026-02-23,800,-27.835920050925925
2026-02-23,500,-72.01947583333333
2026-02-23,150,-113.4091275462963
2026-02-24,800,-27.734824078703703
2026-02-24,500,-71.80187388888889
2026-02-24,150,-105.95437033950617
2026-02-25,800,-27.221292875
2026-02-25,500,-70.58452550925927
2026-02-25,150,-71.1604741978458
2026-02-26,800,-26.331366555555554
2026-02-26,500,-68.81995254629629
2026-02-26,150,-69.23108074074074
2026-02-27,800,-25.668399949074075
2026-02-27,500,-67.08843282407408
2026-02-27,150,-66.6756635074074
2026-02-28,800,-25.191817930555555
2026-02-28,500,-65.50473592592593
2026-02-28,150,-64.71845142450142
2026-03-01,800,-24.931769380672925
2026-03-01,500,-63.8070374191445
2026-03-01,150,-62.91053777721887
2026-03-02,800,-24.750066435185186
2026-03-02,500,-62.26908546296296
2026-03-02,150,-61.82599271164021
2026-03-03,800,-24.566637546296295
2026-03-03,500,-61.32755050925926
2026-03-03,150,-61.55193773148148
2026-03-04,800,-24.363184074074073
2026-03-04,500,-60.61826023148148
2026-03-04,150,-61.70280959993012
2026-03-05,800,-24.152897361111112
2026-03-05,500,-60.20275921296296
2026-03-05,150,-62.037095077160494
2026-03-06,800,-23.970632222222225
2026-03-06,500,-59.917098055555556
2026-03-06,150,-61.865729216417904
2026-03-07,800,-23.726791851851853
2026-03-07,500,-59.36108162037037
2026-03-07,150,-59.16039398148148
2026-03-08,800,-23.35872402777778
2026-03-08,500,-58.252505462962965
2026-03-08,150,-56.06129355168601
2026-03-09,800,-22.858818935185184
2026-03-09,500,-56.876392546296294
2026-03-09,150,-54.4282124537037
2026-03-10,800,-22.088923981481482
2026-03-10,500,-55.50546222222222
2026-03-10,150,-53.45551142241379
2026-03-11,800,-20.760800231481483
2026-03-11,500,-54.11824981481482
2026-03-11,150,-51.45116291218638
2026-03-12,800,-18.929897208333333
2026-03-12,500,-52.48038560185185
2026-03-12,150,-48.35871190393519
2026-03-13,800,-15.526733185185185
2026-03-13,500,-50.396424074074076
2026-03-13,150,-45.43087288829152
2026-03-14,800,-15.172779907407408
2026-03-14,500,-48.22003865740741
2026-03-14,150,-43.82056956481482
2026-03-15,800,-14.905368472222221
2026-03-15,500,-46.51442615740741
2026-03-15,150,-42.465515899191445
2026-03-16,800,-14.581846342592593
2026-03-16,500,-45.436746898148144
2026-03-16,150,-43.32550654040404
2026-03-17,800,-14.149448148148148
2026-03-17,500,-44.950876111111114
2026-03-17,150,-44.336005460950076
2026-03-18,800,-13.574518287037037
2026-03-18,500,-44.74963041666667
2026-03-18,150,-44.93033158760684
2026-03-19,800,-12.919665
2026-03-19,500,-44.80933189814815
2026-03-19,150,-45.63930796296296
2026-03-20,800,-12.263365555555554
2026-03-20,500,-44.88308851851852
2026-03-20,150,-46.39810821438746
2026-03-21,800,-11.725038750000001
2026-03-21,500,-44.995805555555556
2026-03-21,150,-47.1884269212963
2026-03-22,800,-11.31930925925926
2026-03-22,500,-45.207913472222224
2026-03-22,150,-47.90714686159844
2026-03-23,800,-10.818206805555556
2026-03-23,500,-45.51590050925926
2026-03-23,150,-48.74717337719298
2026-03-24,800,-10.806419166666666
2026-03-24,500,-45.78852212962963
2026-03-24,150,-49.83960776639344
2026-03-25,800,-10.621227731481481
2026-03-25,500,-45.86909569444445
2026-03-25,150,-50.80128968220339
2026-03-26,800,-10.502860601851852
2026-03-26,500,-45.96433310185186
2026-03-26,150,-50.9702183887371
2026-03-27,800,-10.715324671296296
2026-03-27,500,-46.16486912037037
2026-03-27,150,-51.179218141762455
2026-03-28,800,-11.146493268518519
2026-03-28,500,-46.30360328703704
2026-03-28,150,-51.51740458678828
2026-03-29,800,-11.510729930555556
2026-03-29,500,-46.47687550925926
2026-03-29,150,-51.967602227920224
2026-03-30,800,-11.935803412037037
2026-03-30,500,-46.583458148148154
2026-03-30,150,-52.37048509661836
2026-03-31,800,-13.815719532407407
2026-03-31,500,-46.76292662037037
2026-03-31,150,-52.819604477207974
2026-04-01,800,-14.431814537037036
2026-04-01,500,-46.915254259259264
2026-04-01,150,-53.30133530196241
2026-04-02,800,-14.653005740740742
2026-04-02,500,-47.04652958333333
2026-04-02,150,-53.795765305958135
2026-04-03,800,-14.893903287037038
2026-04-03,500,-47.28818671296296
2026-04-03,150,-54.36253850040257
2026-04-04,800,-15.098564675925926
2026-04-04,500,-47.53761319444445
2026-04-04,150,-54.85910569576719
2026-04-05,800,-15.300297546296296
2026-04-05,500,-47.67275300925926
2026-04-05,150,-53.03064198422014
2026-04-06,800,-15.346678657407407
2026-04-06,500,-46.7190037962963
2026-04-06,150,-32.74008662446873
2026-04-07,800,-10.894382023148149
2026-04-07,500,-31.131940194444446
2026-04-07,150,-10.636482342592593
2026-04-08,800,-1.7528448518518518
2026-04-08,500,-17.08102238888889
2026-04-08,150,-10.363615416666667
2026-04-09,800,-1
2026-04-09,500,-11.468405916666667
2026-04-09,150,-11.158662962962962
2026-04-10,800,-1
2026-04-10,500,-11.752800851851852
2026-04-10,150,-11.700479398148149
2026-04-11,800,-1
2026-04-11,500,-10.708471513888888
2026-04-11,150,-11.751993749999999
2026-04-12,800,-1
2026-04-12,500,-12.056931226851852
2026-04-12,150,-12.17691749537037
2026-04-13,800,-1
2026-04-13,500,-12.852751064814814
2026-04-13,150,-12.647942916666667
2026-04-14,800,-1
2026-04-14,500,-14.879437837962964
2026-04-14,150,-13.589229029944839
2026-04-15,800,-1
2026-04-15,500,-18.77079010648148
2026-04-15,150,-16.11244021648148
2026-04-16,800,-1
2026-04-16,500,-20.774890925925927
2026-04-16,150,-20.092964534017714
2026-04-17,800,-1
2026-04-17,500,-22.076554861111113
2026-04-17,150,-25.496882759958073
2026-04-18,800,-1
2026-04-18,500,-23.276602407407406
2026-04-18,150,-31.155601855820105
2026-04-19,800,-1
2026-04-19,500,-24.689941620370373
2026-04-19,150,-34.71001885620915
2026-04-20,800,-1
2026-04-20,500,-25.577739953703706
2026-04-20,150,-35.705543621794874
2026-04-21,800,-1
2026-04-21,500,-26.329546203703703
2026-04-21,150,-39.02214171296296
2026-04-22,800,-1
2026-04-22,500,-27.25107537037037
2026-04-22,150,-41.94789135869565
2026-04-23,800,-1
2026-04-23,500,-28.409373796296297
2026-04-23,150,-45.86248308006536
2026-04-24,800,-1
2026-04-24,500,-29.606066296296298
2026-04-24,150,-52.429946816448805
2026-04-25,800,-1
2026-04-25,500,-30.659381342592592
2026-04-25,150,-61.80914119708995
2026-04-26,800,-1
2026-04-26,500,-31.92584462962963
2026-04-26,150,-72.0543723888889
2026-04-27,800,-1.1294751435185184
2026-04-27,500,-33.128387824074075
2026-04-27,150,-81.46857305555555
2026-04-28,800,-1.4872515509259259
2026-04-28,500,-34.108338333333336
2026-04-28,150,-89.10428617690059
2026-04-29,800,-3.4652773657407407
2026-04-29,500,-35.141521574074076
2026-04-29,150,-87.48036930555556
2026-04-30,800,-4.233420282407407
2026-04-30,500,-35.79661023148148
2026-04-30,150,-87.47778018997445
2026-05-01,800,-4.472047717592592
2026-05-01,500,-36.389291435185186
2026-05-01,150,-95.9671110696881
2026-05-02,800,-4.745799564814814
2026-05-02,500,-37.11269027777778
2026-05-02,150,-105.99458492225716
2026-05-03,800,-5.119744180555555
2026-05-03,500,-38.297400555555555
2026-05-03,150,-115.88229376811594
2026-05-04,800,-5.479445759259259
2026-05-04,500,-39.49095282407408
2026-05-04,150,-125.99020175925926
2026-05-05,800,-5.840708731481481
2026-05-05,500,-40.60412407407407
2026-05-05,150,-132.90496018888888
2026-05-06,800,-6.330939708333333
2026-05-06,500,-41.85483962962963
2026-05-06,150,-135.23916168650794
2026-05-07,800,-7.221600995370371
2026-05-07,500,-43.11835712962963
2026-05-07,150,-135.98754376068376
2026-05-08,800,-7.689519597222223
2026-05-08,500,-44.64882263888889
2026-05-08,150,-142.66885379629628
2026-05-09,800,-8.390213939814815
2026-05-09,500,-46.738678657407405
2026-05-09,150,-155.00807696385903
2026-05-10,800,-9.28689712962963
2026-05-10,500,-49.31254606481482
2026-05-10,150,-166.7053943823877
2026-05-11,800,-10.271751953703705
2026-05-11,500,-51.68671287037037
2026-05-11,150,-161.1911551653439
2026-05-12,800,-11.251814523148148
2026-05-12,500,-51.816794074074075
2026-05-12,150,-138.5725579653996
2026-05-13,800,-11.662865657407407
2026-05-13,500,-51.676824814814815
2026-05-13,150,-131.36477563058747
2026-05-14,800,-11.814134976851852
2026-05-14,500,-51.631617685185184
2026-05-14,150,-123.23156888888889
2026-05-15,800,-11.704997180555555
2026-05-15,500,-50.884316481481484
2026-05-15,150,-91.61262779040405
2026-05-16,800,-11.57195426851852
2026-05-16,500,-50.14693675925926
2026-05-16,150,-75.5275712037037
2026-05-17,800,-11.40060625462963
2026-05-17,500,-49.725647314814815
2026-05-17,150,-71.9202404025765
2026-05-18,800,-11.282153138888889
2026-05-18,500,-49.64752958333333
2026-05-18,150,-76.45475098544973
2026-05-19,800,-11.29895287962963
2026-05-19,500,-49.81490870370371
2026-05-19,150,-82.06923823924731
2026-05-20,800,-11.435666305555555
2026-05-20,500,-50.07995842592592
2026-05-20,150,-89.49031190932311
2026-05-21,800,-11.61866025925926
2026-05-21,500,-50.46867736111111
2026-05-21,150,-97.96396416779584
2026-05-22,800,-11.95015274537037
2026-05-22,500,-51.20928175925926
2026-05-22,150,-113.75925008064516
2026-05-23,800,-12.323711388888889
2026-05-23,500,-52.411637222222225
2026-05-23,150,-128.58099186819172
2026-05-24,800,-12.932440092592593
2026-05-24,500,-53.79354384259259
2026-05-24,150,-142.0208907271242
2026-05-25,800,-14.167542425925925
2026-05-25,500,-55.06031222222222
2026-05-25,150,-154.26194297619048
2026-05-26,800,-16.71787473611111
2026-05-26,500,-56.282789675925926
2026-05-26,150,-165.65482359006734
2026-05-27,800,-21.76181810185185
2026-05-27,500,-57.97612629629629
2026-05-27,150,-176.94480666310542
2026-05-28,800,-25.84307958333333
2026-05-28,500,-60.644241064814814
2026-05-28,150,-182.9394035462963
2026-05-29,800,-28.323922777777778
2026-05-29,500,-63.50972597222222
2026-05-29,150,-189.96053472222223
2026-05-30,800,-31.54224861111111
2026-05-30,500,-67.36912527777778
2026-05-30,150,-198.79317689814815
2026-05-31,800,-31.44487485648148
2026-05-31,500,-70.59065162037038
2026-05-31,150,-202.56947523148148
2026-06-01,800,-19.29050627777778
2026-06-01,500,-65.19616398148148
2026-06-01,150,-159.26501671296296
2026-06-02,800,-19.284806472222222
2026-06-02,500,-60.48842717592592
2026-06-02,150,-117.70317354398149
2026-06-03,800,-9.554257722222221
2026-06-03,500,-36.16307893518518
2026-06-03,150,-52.945333760233915
2026-06-04,800,-6.87814575
2026-06-04,500,-34.903486111111114
2026-06-04,150,-65.0359057617845
2026-06-05,800,-3.488920222222222
2026-06-05,500,-23.990337361111113
2026-06-05,150,-31.96347546111111
2026-06-06,800,-1.003615
2026-06-06,500,-22.628812685185185
2026-06-06,150,-38.064791990740744
2026-06-07,800,-1
2026-06-07,500,-26.588562361111112
2026-06-07,150,-48.94669266203704
2026-06-08,800,-1.0000213703703704
2026-06-08,500,-29.292929444444447
2026-06-08,150,-61.700412800925925
2026-06-09,800,-1.0316233564814814
2026-06-09,500,-31.022383564814817
2026-06-09,150,-65.56747147745571
2026-06-10,800,-1.0444755185185186
2026-06-10,500,-24.12526601851852
2026-06-10,150,-30.803890525925926
2026-06-11,800,-1
2026-06-11,500,-19.417965694444444
2026-06-11,150,-29.42793437037037
2026-06-12,800,-1
2026-06-12,500,-23.67788787037037
2026-06-12,150,-35.310223170549584
2026-06-13,800,-1
2026-06-13,500,-26.000606851851852
2026-06-13,150,-41.619131296296295
2026-06-14,800,-1
2026-06-14,500,-28.212402546296296
2026-06-14,150,-50.54107449074074
2026-06-15,800,-1
2026-06-15,500,-30.307504027777778
2026-06-15,150,-60.17174574074074
2026-06-16,800,-1
2026-06-16,500,-31.822510185185184
2026-06-16,150,-70.54128285225443
2026-06-17,800,-1
2026-06-17,500,-33.35158643518518
2026-06-17,150,-79.88649488756613
2026-06-18,800,-1.0132673796296296
2026-06-18,500,-34.8148
2026-06-18,150,-90.43879722222222
2026-06-19,800,-1.1016476805555555
2026-06-19,500,-36.12487930555555
2026-06-19,150,-96.48277073148148
2026-06-20,800,-1.2442642453703705
2026-06-20,500,-37.257302083333336
2026-06-20,150,-101.51429073232323
2026-06-21,800,-1.7063350787037037
2026-06-21,500,-38.604252037037035
2026-06-21,150,-111.73935748737374
2026-06-22,800,-3.7512260185185187
2026-06-22,500,-39.8810675462963
2026-06-22,150,-123.74690837962963
2026-06-23,800,-5.201438671296296
2026-06-23,500,-41.50613425925926
2026-06-23,150,-138.00686166666665
2026-06-24,800,-6.056088921296296
2026-06-24,500,-43.562317916666665
2026-06-24,150,-154.70205046296297
2026-06-25,800,-6.870802518518518
2026-06-25,500,-46.13185560185185
2026-06-25,150,-173.13544389814814
2026-06-26,800,-8.430642518518518
2026-06-26,500,-49.37728523148148
2026-06-26,150,-188.84604989651416
2026-06-27,800,-9.975859675925927
2026-06-27,500,-53.23368375
2026-06-27,150,-202.37866326058202
2026-06-28,800,-11.369319791666666
2026-06-28,500,-48.54887040277778
2026-06-28,150,-142.5436056064815
2026-06-29,800,-4.708920763888889
2026-06-29,500,-33.08724199074074
2026-06-29,150,-58.90547757834758
2026-06-30,800,-3.7465960694444447
2026-06-30,500,-35.486897175925925
2026-06-30,150,-77.48639637566137
2026-07-01,800,-3.602284523148148
2026-07-01,500,-35.41490226851852
2026-07-01,150,-59.10731356321839
2026-07-02,800,-2.5907310648148147
2026-07-02,500,-31.41140935185185
2026-07-02,150,-48.942564203703704
2026-07-03,800,-2.0804379120370373
2026-07-03,500,-32.95327782407407
2026-07-03,150,-71.74673097222222
2026-07-04,800,-2.201590087962963
2026-07-04,500,-34.52007282407408
2026-07-04,150,-90.7008475925926
2026-07-05,800,-2.3996155833333335
2026-07-05,500,-36.27597865740741
2026-07-05,150,-109.02027333333334
2026-07-06,800,-2.6464284351851854
2026-07-06,500,-38.20775138888889
2026-07-06,150,-126.88858555555555
2026-07-07,800,-2.991863902777778
2026-07-07,500,-40.428021666666666
2026-07-07,150,-147.0054788425926
2026-07-08,800,-3.625186365740741
2026-07-08,500,-42.56227486111111
2026-07-08,150,-165.74159439814815
2026-07-09,800,-6.0468475
2026-07-09,500,-44.73790430555555
2026-07-09,150,-178.27077144607844
2026-07-10,800,-7.912846296296297
2026-07-10,500,-47.31805856481481
2026-07-10,150,-188.24074017512078
2026-07-11,800,-8.918182175925926
2026-07-11,500,-50.25780865740741
2026-07-11,150,-201.82534353395062
2026-07-12,800,-10.448915
2026-07-12,500,-53.630174537037036
2026-07-12,150,-214.38374397222222
2026-07-13,800,-13.204386435185185
2026-07-13,500,-57.7184512037037
2026-07-13,150,-227.89178625805152
2026-07-14,800,-14.568704550925926
2026-07-14,500,-62.675647777777776
2026-07-14,150,-239.81711047979798
2026-07-15,800,-16.19123825
2026-07-15,500,-65.1360799537037
2026-07-15,150,-232.91039231682768
2026-07-16,800,-17.957005425925924
2026-07-16,500,-67.28843143518519
2026-07-16,150,-228.0998647733918
2026-07-17,800,-19.803888439814816
2026-07-17,500,-70.42241972222222
2026-07-17,150,-234.67919811191626
2026-07-18,800,-24.27052662037037
2026-07-18,500,-73.62664074074074
2026-07-18,150,-237.2669834109109
2026-07-19,800,-30.149786435185185
2026-07-19,500,-76.74914064814814
2026-07-19,150,-235.76495509033424
2026-07-20,800,-33.53777234937402
2026-07-20,500,-80.35231317097026
2026-07-20,150,-243.35139195040614
2026-07-21,800,-37.341735
2026-07-21,500,-85.23661939814815
2026-07-21,150,-252.18935208994708
2026-07-22,800,-41.800064212962965
2026-07-22,500,-91.16421856481482
2026-07-22,150,-260.45491266260166
2026-07-23,800,-46.983428009259256
2026-07-23,500,-99.28436546296297
2026-07-23,150,-269.87398587962963
2026-07-24,800,-52.84715388888889
2026-07-24,500,-108.04426976851852
2026-07-24,150,-278.26388541666665
2026-07-25,800,-59.14866083333333
2026-07-25,500,-116.60462472222223
2026-07-25,150,-292.0739101851852
2026-07-26,800,-64.81008569444444
2026-07-26,500,-124.59024805555556
2026-07-26,150,-297.31503935185185
2026-07-27,800,-69.3139887037037
2026-07-27,500,-130.71711333333334
2026-07-27,150,-303.2199997785829
2026-07-28,800,-75.46532814814815
2026-07-28,500,-138.84464458333335
2026-07-28,150,-317.02824537037037
2026-07-29,800,-85.47260782407407
2026-07-29,500,-147.9301225925926
2026-07-29,150,-331.74004788359787
2026-07-30,800,-93.54537851851852
2026-07-30,500,-157.76004930555555
2026-07-30,150,-347.21101935185186
2026-07-31,800,-101.80391925925926
2026-07-31,500,-167.23915740740742
2026-07-31,150,-341.9506922563353
2026-08-01,800,-107.3905000925926
2026-08-01,500,-170.99277546296295
2026-08-01,150,-340.5178996794872
2026-08-02,800,-113.08267375
2026-08-02,500,-178.53808874999999
2026-08-02,150,-356.52186527777775
2026-08-03,800,-121.03836259259259
2026-08-03,500,-188.39644814814815
2026-08-03,150,-370.88670022401436
2026-08-04,800,-130.03265935185186
2026-08-04,500,-199.96905416666667
2026-08-04,150,-383.6597943287037
2026-08-05,800,-140.12248875
2026-08-05,500,-214.74995185185185
2026-08-05,150,-398.26807497354497
2026-08-06,800,-150.92916134259258
2026-08-06,500,-230.54777175925926
2026-08-06,150,-412.8736794283414
2026-08-07,800,-160.45950518518518
2026-08-07,500,-239.980075
2026-08-07,150,-360.4827417814815
2026-08-08,800,-163.28187314814815
2026-08-08,500,-233.3583875
2026-08-08,150,-348.5631310846561
2026-08-09,800,-166.45036435185185
2026-08-09,500,-237.88205370370372
2026-08-09,150,-366.73214490740736
2026-08-10,800,-173.36043287037037
2026-08-10,500,-245.43776111111112
2026-08-10,150,-388.5681835648148
2026-08-11,800,-183.05786666666665
2026-08-11,500,-257.6885300925926
2026-08-11,150,-403.2501278594771
2026-08-12,800,-193.55221712962964
2026-08-12,500,-275.50147685185186
2026-08-12,150,-424.0229888888889
2026-08-13,800,-205.7192675925926
2026-08-13,500,-295.0431439814815
2026-08-13,150,-447.32507070105817
2026-08-14,800,-216.79110601851852
2026-08-14,500,-311.6585949074074
2026-08-14,150,-469.00772395330114
2026-08-15,800,-227.17842731481483
2026-08-15,500,-326.28348657407406
2026-08-15,150,-487.1636113425926
2026-08-16,800,-236.68690462962962
2026-08-16,500,-337.46196296296296
2026-08-16,150,-485.40135157407406
2026-08-17,800,-240.80027916666666
2026-08-17,500,-323.06135694444447
2026-08-17,150,-399.0477094907408
2026-08-18,800,-239.36054705882353
2026-08-18,500,-310.37123823529413
2026-08-18,150,-371.38528921568627
