scen,twd_pd_cor,twd_md_cor,min_pd_psi,min_md_psi,plfl_mean,plfl_max
1,-0.5190256861477204,-0.564020126465536,-133.04044159062752,-133.04044159062755,0.07455688032490333,0.38395671121243535
2,-0.47411661707627933,-0.5966290177529748,-696.9896725994292,-696.9896725994292,0.29072280598024564,1.4486898515765196
3,-0.5059502960968124,-0.6158123964997378,-194.68906652215205,-194.68906652215207,0.13497425649897465,0.655688971911835
4,-0.48080456028513285,-0.5838280286010721,-554.4644206073438,-554.4644206073438,0.20682565770232303,1.1176002658440152
5,-0.4658131323181198,-0.5982229151125017,-723.9007614836654,-723.9007614836654,0.3078575759766136,1.4544997524046668
6,-0.47758940167281955,-0.5870865162804584,-645.1484359434166,-645.1484359434166,0.24104780975642495,1.2986945236644427
7,-0.4792722150029692,-0.5888768584335193,-396.50207955636233,-396.5020795563625,0.18100399009891838,0.9146554307330593
8,-0.47887494693067134,-0.6043531004073943,-562.4123422159897,-562.4123422159898,0.25574068013922463,1.125926618238715
9,-0.49632647523876966,-0.6236723520347841,-253.0492079069119,-253.0492079069119,0.16081045410434294,0.7556974087240614
10,-0.4323620064753951,-0.5981695324898716,-1252.7994570749938,-1252.7994570749938,0.5476832618567857,2.6338070152395994
11,-0.49065219755501693,-0.6115690356794354,-307.77015630271046,-307.77015630271046,0.17191003933971452,0.9062071949013021
12,-0.4923215162816039,-0.6396650890717266,-276.3552887162281,-276.35528871622813,0.20821458265845752,0.8906826248053907
13,-0.4454270603336744,-0.6096056360953196,-680.9852808651268,-680.9852808651268,0.32358225430342996,1.6143516050927154
14,-0.48777011231808043,-0.6159683639672777,-284.86258542969426,-284.86258542969426,0.16044166366918117,0.7413335221585526
15,-0.4268657463944659,-0.6318828384479765,-529.4306851077517,-529.4306851077517,0.33145541175272786,1.6011823857040013
16,-0.43765720490168053,-0.6386521991712477,-939.1718578233804,-939.1718578233804,0.5563159120258,2.5630000000000006
17,-0.4630145256726267,-0.6233085973965594,-509.16646296749,-509.16646296749013,0.29044802657841423,1.325651245272698
18,-0.4811735501719892,-0.6100748059440051,-505.65892959907967,-505.65892959907967,0.24461116287899,1.071096884431315
19,-0.4846590359902756,-0.605716014816184,-464.33817528970354,-464.33817528970354,0.22028349025846178,1.0059648429683812
20,-0.4786591620031294,-0.594795642406452,-337.8889566809029,-337.8889566809029,0.15949837696168195,0.8049609435718823
21,-0.45279187238498264,-0.6045977270829097,-816.5306659647314,-816.5306659647314,0.39256668223930113,1.8443689349060863
22,-0.43364161897541653,-0.6521678838379009,-669.5429849792273,-669.5429849792273,0.48676236124274025,2.0950000000000006
23,-0.43099033114920865,-0.6704019371488419,-698.2041173893996,-698.2041173893999,0.52038005905321,1.5940000000000007
24,-0.48485245397783067,-0.6018981285878822,-263.46404573262487,-263.46404573262487,0.14115853361109423,0.6837270251474716
25,-0.486069103588044,-0.6088920651837871,-261.4990390775146,-261.4990390775146,0.14273586602436908,0.6823326189553514
26,-0.5015067302481504,-0.6135029163203928,-190.42140083417297,-190.42140083417303,0.13086626306029986,0.6191352568938989
27,-0.4827276850726524,-0.5959735412115144,-375.6439767620303,-375.6439767620303,0.1818879554279716,0.9051743290169111
28,-0.4832657908412457,-0.6358062778693406,-341.45876975814167,-341.4587697581417,0.23451945329138826,1.0260177458444504
29,-0.4911709707143768,-0.6151298832321588,-278.62359202871613,-278.62359202871613,0.1587969382854972,0.7427645656200649
30,-0.47306936062398763,-0.6078460025421729,-554.0990890913131,-554.0990890913131,0.26224868695913894,1.1320648943424865
31,-0.479611354835783,-0.6123726787859874,-468.9628332360394,-468.9628332360394,0.236608286415606,1.0427001466355954
32,-0.4570075897696059,-0.5819154583454833,-901.8371264052673,-901.8371264052673,0.3264055238237382,1.8359108868588052
33,-0.493118477689693,-0.6144106413906261,-342.88042845500075,-342.88042845500075,0.19287430749197598,0.9695063032385859
34,-0.47952273530866507,-0.5812229610710887,-628.3034953111691,-628.3034953111691,0.22339599792015502,1.3305875804772063
35,-0.5188991122358795,-0.6173259819496607,-188.904725359062,-188.90472535906204,0.1330729763750671,0.660627232443323
36,-0.4614022940466398,-0.6479439322052013,-333.565298074694,-333.565298074694,0.2864363608583567,1.2070196678760696
37,-0.4792360121031939,-0.5978043110276294,-365.3022018619781,-365.3022018619781,0.16788209441735197,0.8082458995510309
38,-0.43349568099005675,-0.6359156673870472,-1270.1924543979176,-1592.90133970847,0.6089193204285338,3.128449752834246
39,-0.4809876330968057,-0.6058002532305954,-315.18667261639143,-315.18667261639143,0.15859834995882974,0.808241558845176
40,-0.5040101082515686,-0.6083004185268439,-181.4999469608574,-181.49994696085744,0.10896244771978529,0.574425018331904
41,-0.5029008089196607,-0.6254014883082061,-269.5359200086958,-269.5359200086959,0.17153012972784704,0.826888306432377
42,-0.4314367969042799,-0.6222311457021309,-998.4750285932173,-998.4750285932176,0.4625249865087843,2.3271490621798083
43,-0.486697802983147,-0.6058652682730584,-458.3262314641229,-458.3262314641229,0.20391478452816403,0.9396241395055901
44,-0.4852397529548355,-0.61115073373834,-355.5830881214204,-355.5830881214205,0.18348793807950184,0.8882786158249133
45,-0.48620902897788104,-0.6146185838629481,-406.42845488660464,-406.4284548866047,0.21539298373374033,0.9924053171560646
46,-0.4464574076556182,-0.6211126654825199,-700.2470491353283,-700.2470491353283,0.390314126837683,1.8840258641620924
47,-0.5027475292396636,-0.625741679754332,-221.5845687868648,-221.58456878686482,0.17199471253620363,0.8035342001295243
48,-0.4289739288601577,-0.6103325718004983,-1023.6331569664962,-1023.6331569664962,0.47407777776380633,2.426385068237774
49,-0.5156543872798829,-0.6068180411885792,-168.16392449782984,-168.16392449782984,0.10668572199006454,0.5728605029223061
50,-0.4395950538121441,-0.6474497478044499,-424.1203330647327,-424.1203330647328,0.3438939050323925,1.5490046846901766
51,-0.48316763005675484,-0.5968911783361497,-366.2001473218993,-366.2001473218993,0.18198402429977034,0.9176598660815133
52,-0.48241234503622576,-0.6042374657029682,-485.3944376421213,-485.3944376421213,0.22439794641740146,1.0014351126467989
53,-0.48056667207258685,-0.6003825190396508,-527.30661696179,-527.30661696179,0.23007248330019828,0.9946592094142397
54,-0.4581679441771435,-0.5935712962704026,-851.1616032678082,-851.1616032678082,0.3639093753035978,1.828656444673832
55,-0.4368868367603481,-0.588801515416826,-1157.4266231841084,-1157.4266231841086,0.4887016643447483,2.3260304995727292
56,-0.50440226426704,-0.6260209132932405,-239.40027036991523,-239.4002703699153,0.1589741437748212,0.7414505127346129
57,-0.4861842942837246,-0.6152575106692768,-368.50519584332676,-368.5051958433268,0.19903753013384548,0.9496870972290647
58,-0.44291217978292263,-0.6460197220245223,-416.02750595080676,-416.0275059508068,0.33285004200817087,1.487961200659329
59,-0.4853942062904175,-0.6015032809973776,-243.98660306505724,-243.98660306505724,0.13194457274356267,0.6642344616061682
60,-0.4776970702728273,-0.5904113536645588,-345.1629591308857,-345.1629591308857,0.16518930812149688,0.8396229762453931
61,-0.43534644632407093,-0.6610059525966849,-858.8574171867504,-858.8574171867506,0.5305191986924944,1.7890000000000004
62,-0.43675032191778956,-0.6221989642490622,-1113.8384916399866,-1113.8384916399866,0.5633926123323455,2.8941718186078167
63,-0.4577455646111029,-0.5763855922950766,-1010.7170196478717,-1010.7170196478717,0.36949292039801346,2.26263364555751
64,-0.5159477486004828,-0.5592312522473647,-130.83490409136277,-130.83490409136277,0.06875403472983052,0.36711027331777807
65,-0.4848859472287635,-0.6145211486860013,-302.69023827824793,-302.69023827824793,0.16602823886036888,0.7657673573438163
66,-0.4713061699239923,-0.6218893182995212,-275.2088001629668,-275.2088001629668,0.1738568556940941,0.7962544166692502
67,-0.4255443152517439,-0.6489502076193117,-575.3250872185248,-575.3250872185249,0.42934542090168426,1.8140000000000003
68,-0.4330025167258615,-0.6251283523338435,-1435.207823960887,-1435.207823960887,0.6192163935726105,2.9350000000000005
69,-0.41409532783025965,-0.637727020386151,-367.4911660777391,-367.49116607773914,0.2868819980976001,1.1440000000000001
70,-0.4211429144542162,-0.6387722047871529,-410.8988412151583,-410.8988412151583,0.3066716057714624,1.312
71,-0.5043404400140924,-0.5002358712456116,-113.61850230156055,-113.61850230156057,0.04194034649901381,0.23140598312150484
72,-0.48278337320112086,-0.5890428285119172,-508.47695109990246,-508.47695109990246,0.20540902435534109,1.0593033884251162
73,-0.4279381220907444,-0.6408762886923063,-725.8763292634901,-725.8763292634901,0.43822394042820956,1.8430000000000002
74,-0.4589144190205989,-0.6116007520862355,-561.422127885382,-561.4221278853821,0.2760933651155735,1.2745742011052752
75,-0.46374218568914494,-0.5912695251970473,-827.8003343682819,-827.8003343682819,0.34639888022274434,1.8482191824541676
76,-0.4814779178387609,-0.5860583491252075,-631.6551391346325,-631.6551391346325,0.24496946748221773,1.4031988770627937
77,-0.4885466784167214,-0.613559467538417,-218.48615019997055,-218.48615019997067,0.13235454016620132,0.6047041836778597
78,-0.4786808225471897,-0.5799975065862674,-645.4849498327779,-645.4849498327779,0.22620044413569715,1.355563365440253
79,-0.5090502155146408,-0.5877308461591022,-149.34598246370547,-149.34598246370552,0.10076311081882142,0.49889759070289014
80,-0.46611155184956043,-0.609277095438534,-675.4734627075059,-675.4734627075061,0.3355671545291282,1.5000546004524857
81,-0.503373766139722,-0.6325283860354961,-265.70841889117054,-265.70841889117054,0.17916785208064073,0.8321167844295377
82,-0.4835946992227978,-0.6018511657592326,-523.5744680851078,-523.5744680851078,0.23653420172707315,1.0299928902052837
83,-0.49307792434863945,-0.44766056893429323,-105.6418813223485,-105.6418813223485,0.03529325594357359,0.2202508804288599
84,-0.47913430556226194,-0.589900405389421,-379.3612311584279,-379.3612311584279,0.17665761419276707,0.8836775428791316
85,-0.49600753964545535,-0.6232626793443817,-289.62972723679076,-289.62972723679076,0.1747179617476002,0.8042492133442167
86,-0.48571803542947095,-0.6397909598881268,-329.2705794112135,-329.2705794112135,0.23743216696745667,1.043517211076968
87,-0.4786095153223111,-0.5900008498003857,-380.12783265543396,-380.12783265543396,0.1712327596373268,0.8438462909110566
88,-0.4936172185001311,-0.6250849851507461,-250.35117839862784,-250.35117839862784,0.16506613757012578,0.7416890424073161
89,-0.46992703657871593,-0.594787429997379,-752.9490318272885,-752.9490318272885,0.32301627142499445,1.6757113206804268
90,-0.48967285566496105,-0.5999519336176465,-477.51691205730214,-477.5169120573023,0.2113176531296723,0.9859594563965033
91,-0.4719514741924847,-0.576989318193265,-825.8879930268045,-825.8879930268045,0.2858503232766157,1.7441469531654634
92,-0.43588302171440624,-0.6404625348647329,-908.5953878406708,-908.5953878406709,0.5103344613136339,2.1670000000000003
93,-0.45347380578523466,-0.6488269614783768,-341.4337788578374,-341.4337788578374,0.30045868223240807,1.2574070999027347
94,-0.47827635932489626,-0.5972729168425944,-621.9828446040323,-621.9828446040323,0.2641469910978324,1.2359359281470546
95,-0.42085719937941973,-0.6387742697241855,-597.4531305270633,-597.4531305270633,0.38281163615043434,1.689
96,-0.48566255698578986,-0.6197423389908959,-222.5428313796213,-222.5428313796214,0.16081014004304123,0.7418812284153038
97,-0.4879822033938068,-0.59402719189427,-527.6099480118036,-527.6099480118036,0.2155050130877338,1.0868918224841266
98,-0.483518708897026,-0.5919723852823258,-447.0643165635603,-447.0643165635603,0.1989470574542035,0.9687915933242507
99,-0.5100713217373217,-0.5856117254336051,-147.77414308064306,-147.77414308064309,0.09891156777066738,0.4895376235040767
100,-0.4749604072607545,-0.6410577236865315,-299.1399202852959,-299.1399202852959,0.23600663701560998,0.9963267575897737
101,-0.48324140276494765,-0.6077525495630389,-529.3063272987995,-529.3063272987995,0.25481411129920606,1.1064081628781202
102,-0.4985786808994433,-0.6143487515645519,-223.52303523035243,-223.52303523035243,0.13632509329494738,0.6491847564878158
103,-0.48271229012750494,-0.6150735647776572,-496.7526442753765,-496.75264427537655,0.2594127699545157,1.1477317783353629
104,-0.5048870266885876,-0.6029781533673806,-166.83316683316696,-166.83316683316696,0.0970426196413522,0.5177755752908156
105,-0.41551656256029024,-0.6510812916702983,-397.8116451738964,-397.8116451738965,0.3600827022005535,1.0180000000000002
106,-0.486562612778094,-0.6012454523263553,-376.7202437230796,-376.72024372307965,0.1929744373201804,0.9641300489287935
107,-0.4893991566555314,-0.6192093107637688,-309.8255553898914,-309.8255553898914,0.17747138126892356,0.8139364255710229
108,-0.4825918597832806,-0.5936902193532461,-395.48022598870216,-395.48022598870216,0.19039340196284024,0.9418717995262122
109,-0.4945374807959659,-0.6221686666919579,-262.397555216002,-262.397555216002,0.16132325175885187,0.7519245563438387
110,-0.49199868537766095,-0.6166785216750138,-378.4158690525737,-378.4158690525737,0.20855155412948317,0.9947858152670681
111,-0.4585183113755278,-0.6470757144879722,-326.4101958933217,-326.4101958933217,0.28371672838994927,1.1744253790573898
112,-0.45926856868487875,-0.6370456253539364,-437.7891404918427,-437.7891404918427,0.30577622285889566,1.398385157605346
113,-0.47871938648763346,-0.5914407287315552,-353.90815568989393,-353.90815568989393,0.16912145280649282,0.8470722767698554
114,-0.4916601417011974,-0.6307045151530059,-304.4971381847922,-304.4971381847922,0.19663435630678477,0.8887208660206279
115,-0.45553193741144443,-0.6146422493936252,-618.6282359220712,-618.6282359220712,0.3181076691379563,1.5190719899010479
116,-0.49346087639154895,-0.6149156881548806,-328.2674772036477,-328.26747720364773,0.18714833816902648,0.9608643507992815
117,-0.4853887337333414,-0.6027982783258699,-241.78941625750235,-241.78941625750235,0.13075663904306697,0.6518220526238824
118,-0.5029303364079765,-0.6106421172280883,-182.39252849883292,-182.39252849883303,0.12176881846685672,0.6001324041277802
119,-0.43567612998060856,-0.6200673097037143,-1109.0845317432463,-1109.0845317432477,0.5617858666098728,2.83741619213753
120,-0.4812915062637861,-0.5954779498419565,-632.0703896570299,-632.0703896570299,0.26891829309626486,1.4122946865943824
121,-0.4821456879306751,-0.5938822545634133,-489.23385077616445,-489.23385077616445,0.19510505695839683,0.8887201352468024
122,-0.4361755494026156,-0.5943110643515082,-1106.019766397124,-1106.0197663971244,0.48603376896215045,2.3258455684228925
123,-0.4998650658758435,-0.6221642883198519,-213.93949523650332,-213.93949523650338,0.17103173658762505,0.7863271044334992
124,-0.4221912610091259,-0.6663433157169234,-515.1515151515157,-515.1515151515158,0.42834549065304006,1.1390000000000002
125,-0.4310009246634543,-0.6458651358054304,-681.3463353255743,-681.3463353255743,0.4784629862020047,2.1660000000000004
126,-0.4818721383586009,-0.5847882221273822,-471.7858489380441,-471.7858489380441,0.18193399990643597,1.0040772069124988
127,-0.48004149635473253,-0.5840383417284943,-663.8064183971173,-663.8064183971173,0.24956748857467406,1.4403510647029236
128,-0.43217768722936717,-0.6382229432283026,-841.2149173394857,-841.2149173394862,0.48991765581273833,2.1880000000000006
129,-0.46218312552904833,-0.633219807240189,-253.69066545537112,-253.69066545537115,0.23604544553913645,1.0725790740628636
130,-0.4364243313000073,-0.6515248054950183,-1009.2208390963613,-1009.2208390963614,0.5791949124891383,2.1890000000000005
131,-0.48490237135923464,-0.603405977984507,-311.88826569888977,-311.88826569888977,0.16371273930420427,0.8602994359430995
132,-0.43483399262023026,-0.6072250482733896,-1277.6368249365728,-1277.6368249365728,0.5826088069254425,2.9507752308796293
133,-0.47755848843690996,-0.5994313814794825,-594.8644793152685,-594.8644793152686,0.2568693875672024,1.158669792900192
134,-0.49522639832480114,-0.614216556133659,-207.87056081173802,-207.87056081173802,0.13052136895238795,0.6146507008376128
135,-0.46469542630681343,-0.5913353282134151,-780.2789332028389,-780.2789332028389,0.3151219759869261,1.6279605096412477
136,-0.4855666847646172,-0.6044875938373693,-248.77771461057435,-248.77771461057435,0.13502174756180443,0.6689530156774165
137,-0.42338020607569504,-0.6640267112704152,-512.4041497519175,-512.4041497519177,0.4175422833185145,1.1360000000000003
138,-0.45291107206065917,-0.596024703472792,-890.4649330181238,-890.4649330181238,0.3966304511104392,1.9197654268639717
139,-0.4816293637043762,-0.5852927473152443,-502.7831715210371,-502.7831715210371,0.2000256769400564,1.0517312093324498
140,-0.5156688500880139,-0.5990664867690477,-153.29527763362768,-153.2952776336277,0.0906116328091721,0.5240318633565669
141,-0.4807688146432692,-0.5912705470825057,-601.5359885693877,-601.5359885693877,0.24074965587914518,1.229902769119544
142,-0.48361585808003676,-0.6034404524102647,-324.84712342443555,-324.84712342443555,0.16459203112453996,0.8409808972293624
143,-0.4836565821802984,-0.5956829724877619,-388.7590202256326,-388.75902022563264,0.1916645677909593,0.9525641982952296
144,-0.4857117702101691,-0.5934876337757227,-553.6636427076074,-553.6636427076074,0.2386519856703319,1.244750775280437
145,-0.49219034846222026,-0.6062284897911856,-180.5236564079012,-180.52365640790123,0.1153150300289913,0.5699675596191667
146,-0.4191336721584145,-0.6424352449518241,-323.4342840341088,-323.4342840341088,0.29933696128778936,1.1000000000000003
147,-0.4970991099820397,-0.6229187212584691,-223.7326083479932,-223.7326083479933,0.16126622943095734,0.7391793494856491
148,-0.4625779203726075,-0.6244209235908127,-375.5072809739804,-375.50728097398047,0.23093050194190493,1.042032715031433
149,-0.48564622722312356,-0.6082579900600737,-308.9283400285088,-308.9283400285088,0.16274048682154646,0.8379841310763629
150,-0.5046484217488462,-0.6176089010620598,-203.49367748663866,-203.49367748663875,0.13737319334817968,0.6674959109300337
151,-0.4368433258172634,-0.6348271348384678,-998.9636631048693,-1023.3372228704853,0.46962792966180406,2.2968516686585745
152,-0.49015560705631533,-0.6094499542836737,-351.8925801597422,-351.8925801597423,0.18975425963293274,0.9453237589020154
153,-0.5017708436416098,-0.6291507603110121,-244.85981308411237,-244.8598130841124,0.16906583897815375,0.7665932435066248
154,-0.43165669347996016,-0.6252941897062556,-968.3567062207851,-968.3567062207856,0.5122371234717148,2.5306690203452606
155,-0.49083120905020877,-0.6092948493771307,-407.95381654907015,-407.95381654907015,0.2084818419971956,0.9807812122618959
156,-0.47875121552449673,-0.5798891786481754,-635.3639378600114,-635.3639378600114,0.22258844340560918,1.3367137228053456
157,-0.511206782163048,-0.6237935201244236,-214.26074799021336,-214.2607479902134,0.14850867359019673,0.7113146168259037
158,-0.499845499920076,-0.6330687917161413,-269.1560866318153,-269.1560866318153,0.18356248331977104,0.8480737011336356
159,-0.46951719827917765,-0.6151467373542677,-214.4200626959249,-214.42006269592494,0.1639865907116675,0.7716151910285285
160,-0.48427276265691194,-0.5987121298023678,-368.01728795245845,-368.01728795245845,0.18363675832111254,0.9220050420825692
161,-0.43521271737257655,-0.6119349946237267,-1281.569268492049,-1281.569268492049,0.5631719444304473,3.120871065195099
162,-0.4285279402272501,-0.6266686799033575,-593.8421225024589,-593.8421225024589,0.33876569586631117,1.6822796639876403
163,-0.49466789384060833,-0.6149326907769784,-291.04401748500567,-291.04401748500567,0.17067436104605285,0.8286815749379117
164,-0.4815392790418517,-0.5904511467970749,-583.4601725012698,-583.4601725012698,0.23277288008883928,1.1864713931384356
165,-0.4849697772683409,-0.5986074155532277,-511.35485864359714,-511.35485864359714,0.22489148438440415,1.0284311009712064
166,-0.48468712570933586,-0.5934729133437863,-464.96895983783133,-464.9689598378314,0.20231813289683342,0.9609886753389137
167,-0.4810932133580639,-0.6017424319612754,-335.627018677152,-335.6270186771521,0.1620809781377447,0.8100866477772312
168,-0.48144237374906496,-0.6008333128165003,-564.2979615164799,-564.2979615164799,0.24383100384400147,1.1303975308515526
169,-0.4997403285180354,-0.6365063731108402,-298.0492968395587,-298.0492968395587,0.20383577841866,0.8996960397400302
170,-0.5078992757871851,-0.606623602276219,-172.09941301361368,-172.09941301361368,0.1115320243538954,0.5657704763502989
171,-0.46824938306946406,-0.6070608844318992,-626.3762005153432,-626.3762005153432,0.297169885814268,1.3373203723339897
172,-0.49334919396850596,-0.6236908386078651,-344.83262680894654,-344.8326268089466,0.20424779983139024,1.0025942154429386
173,-0.5110779000015924,-0.6221185536535955,-212.15128459587606,-212.15128459587606,0.1439835564521918,0.6974652807321556
174,-0.4416855833137563,-0.600531722525364,-904.0118870728102,-904.0118870728102,0.4040622845153509,1.980189118750205
175,-0.46570092547603875,-0.6098193835838986,-591.009039824093,-591.0090398240931,0.2872837019676509,1.3097417015828352
176,-0.4924487141717644,-0.6098810876294466,-227.82823186455897,-227.82823186455897,0.13151311119279654,0.6359046643335629
177,-0.44823113355537714,-0.6436662087405804,-438.41982958946573,-438.41982958946573,0.3354937280498512,1.4632673111589742
178,-0.47970314075324516,-0.5890422829288011,-407.6203359260519,-407.6203359260519,0.18138817882877967,0.9329121447087001
179,-0.481307015687362,-0.6121076150884349,-301.0804708917929,-301.0804708917929,0.16129815879320034,0.7291719170175665
180,-0.4450403931710006,-0.627860254192953,-604.9792531120336,-604.9792531120337,0.3634638228063707,1.7198428425245242
181,-0.4295049654300028,-0.5875168642061696,-1228.0210157618235,-1228.0210157618235,0.46440230289979834,2.3631962501325288
182,-0.5009908816981905,-0.6135344791322945,-197.1667739858341,-197.1667739858341,0.1267155961386457,0.625068181261986
183,-0.4666680049556192,-0.5751994822758404,-889.2577661844939,-889.257766184494,0.30470850016175277,1.8857297819929146
184,-0.4425616053507841,-0.6090598889064834,-697.185276832663,-697.1852768326632,0.32703179916433545,1.6000111761685718
185,-0.48040507015428496,-0.5865523015613077,-449.5370899531378,-449.5370899531378,0.19158769685164345,0.9441066509027997
186,-0.5120332695752988,-0.5835602223640177,-143.0330162283159,-143.0330162283159,0.07871085638123425,0.45143560819464096
187,-0.487830893077413,-0.6069032190755058,-306.7975669619044,-306.7975669619045,0.16682818170943764,0.8853320248252099
188,-0.47229197848305776,-0.5744861386340747,-440.56406301641533,-440.56406301641533,0.17201782122674342,0.9098838402799065
189,-0.4283779689872282,-0.6399521380189772,-563.3629947836764,-563.3629947836764,0.38270321542402735,1.8360000000000003
190,-0.49706703239575567,-0.6276786231011027,-284.77671565130584,-284.7767156513059,0.17953547847834234,0.8125274126552551
191,-0.4562327549244741,-0.6196886354460086,-659.6500126807017,-659.6500126807018,0.36649647078684866,1.7131680898832118
192,-0.47368446278136045,-0.5910510949610793,-660.4354519463387,-660.4354519463388,0.2574643861888282,1.270761046565375
193,-0.4812887810743334,-0.5979718460908039,-631.0735548300379,-631.0735548300379,0.2657122795029169,1.333961854750413
194,-0.45295532013533446,-0.6213894158142992,-590.654205607477,-590.654205607477,0.32925662026355423,1.5458069066083295
195,-0.4872564789952781,-0.6071265852851276,-263.25864204481525,-263.25864204481525,0.14400182629258895,0.6943315641133873
196,-0.4852514038195354,-0.595546695318001,-487.5746216854091,-487.57462168540917,0.211541003437161,0.9751253628522525
197,-0.4652280162191176,-0.6070378871907705,-662.5692938057359,-662.5692938057359,0.3168354376521776,1.4389399423165063
198,-0.48447569064071366,-0.6093639165269279,-317.6910896789997,-317.6910896789997,0.16546345049194777,0.8430798766184242
199,-0.4868918707015197,-0.6234410992185966,-342.08312300185145,-342.08312300185145,0.20240395771495492,0.9566040334761947
200,-0.5094046180774736,-0.6177054751463995,-201.33469064585495,-201.33469064585495,0.134294801250137,0.6552203731002468
201,-0.4911782217167661,-0.6093264802155814,-227.61323037916426,-227.61323037916435,0.13026469268740368,0.6241943207757208
202,-0.4830752290300162,-0.6184176056978389,-467.5420750878496,-467.5420750878496,0.25224837042416415,1.1184884597300717
203,-0.44558693382393294,-0.6083056778848693,-832.913518052059,-832.913518052059,0.4099584990756122,1.9828466788264105
204,-0.4301832225015326,-0.6468105631409173,-685.6073494385844,-685.6073494385845,0.4731447443473242,2.0150000000000006
205,-0.4607716186338487,-0.6391073656930127,-466.79362056653224,-466.79362056653224,0.331272896599218,1.4928820683263744
206,-0.42972021983121084,-0.6314285349483076,-866.4316490403492,-866.4316490403492,0.4670016561872616,2.2120000000000006
207,-0.48517299924882523,-0.6164544601201712,-235.9809241901004,-235.9809241901004,0.14661758839125738,0.6629863877734954
208,-0.4474479818071049,-0.6356631887866478,-527.9201510655532,-527.9201510655532,0.34428560944834224,1.6455158019894138
209,-0.47966297754891335,-0.6150092295833085,-353.05863133055016,-353.0586313305502,0.19127502674705582,0.9196876996302967
210,-0.4270185299387113,-0.6276453042324215,-827.8529980657667,-827.8529980657667,0.4230606341589953,2.14
211,-0.47164146071006396,-0.6260099481259677,-511.7504941796633,-511.7504941796633,0.3042389993524618,1.3565625156000625
212,-0.4321622926767777,-0.5893886782376688,-1206.5182316876455,-1206.5182316876455,0.4885202058411884,2.420703601467857
213,-0.5043868484419235,-0.6131872644394246,-195.75931232091705,-195.75931232091705,0.12429724182966581,0.6147155464956079
214,-0.4809418901634972,-0.5909900096423647,-664.5625109591471,-664.5625109591471,0.2724167406014207,1.5154213699549959
215,-0.5103197527828021,-0.5874791222115204,-145.00167065259328,-145.00166796397198,0.0787795046069634,0.46930342876677456
216,-0.4790447369239664,-0.5957731112828447,-272.0534502557681,-272.0534502557681,0.13732782195100174,0.6864019279024081
217,-0.4377276018389359,-0.6313672820647118,-1048.8790885703881,-1048.8790885703881,0.5482947988899598,2.8526431043641165
218,-0.4849365735330539,-0.5979963634011046,-406.4030581770405,-406.4030581770405,0.190569798854444,0.9065652621226601
219,-0.46907855220124045,-0.6226970110249275,-474.70817120622604,-474.7081712062261,0.27131158990002086,1.2249175458918538
220,-0.4809137247394629,-0.588317469688252,-588.5372112917044,-588.5372112917044,0.22633089525964128,1.2091754800903423
221,-0.49137611441533985,-0.6287087208452216,-283.298097251587,-283.2980972515871,0.18130761715898921,0.8160190240705502
222,-0.48072274293662637,-0.5812137691359781,-566.5199488854181,-566.5199488854182,0.211266411764852,1.2272215490859941
223,-0.483898985079252,-0.6090237486668902,-535.7206169118954,-535.7206169118954,0.26343392503502894,1.140922566111037
224,-0.5022740281371701,-0.594535582327633,-153.08355864555165,-153.08355864555168,0.08611157287571852,0.48451492577358685
225,-0.48246701129316605,-0.5921872925584883,-418.87937574509647,-418.87937574509647,0.19449889981194252,0.9786391728046029
226,-0.49355898811148596,-0.6153582245875938,-320.3927321972693,-320.39273219726937,0.18339098505236062,0.950978984411056
227,-0.49011008464636535,-0.6353875466531135,-277.47494285211917,-277.47494285211917,0.19717689821925316,0.8748286696240849
228,-0.4520597913408394,-0.6403840366463904,-296.5415746872704,-296.54157468727055,0.2516376245480065,1.0606112966884458
229,-0.5097620212612519,-0.6135616991871132,-184.0256378651547,-184.02563786515475,0.12390643764530684,0.6040996257896362
230,-0.48352098568167534,-0.5918836570938754,-644.7086337945844,-644.7086337945846,0.23800987105064883,1.2293897155270885
231,-0.4291974531651929,-0.6380510586208228,-638.6736907344286,-638.6736907344286,0.4143738755318883,1.9662566230953749
232,-0.481669730314743,-0.5988647647891598,-364.24382926496696,-364.24382926496696,0.1703910609241037,0.8279406994145907
233,-0.4775684544881262,-0.6027349637367097,-417.07988980716283,-417.07988980716283,0.1926613462393625,0.876662416209736
234,-0.4341975098154762,-0.6152455514639474,-867.4512232889431,-867.4512232889433,0.44322088372424334,2.2226852298845485
235,-0.47971204092312747,-0.6087266986085587,-499.9026669262215,-499.9026669262215,0.24073846184044462,1.0563608611236432
236,-0.4721444595032769,-0.5773644424940085,-822.2558995453574,-822.2558995453574,0.2867861479664544,1.76060349103888
237,-0.4495922724907818,-0.5866938299713013,-1033.7285902503315,-1033.7285902503315,0.4352957128528142,2.3257388341246723
238,-0.481788412356751,-0.5962911259257513,-377.459068409697,-377.459068409697,0.1749007778393364,0.841467234830353
239,-0.5085041073371571,-0.5540134476820056,-129.4196879559998,-129.4196879559998,0.06138520021128144,0.3512509405898188
240,-0.46082483277849895,-0.5837564685068001,-856.0188827694736,-856.0188827694737,0.31557935835499923,1.754206331736343
241,-0.5027744558416485,-0.623887447823606,-221.63550734979356,-221.6355073497936,0.1553813381056749,0.7134806742122466
242,-0.5017354692596963,-0.6107839080623962,-189.61948734278042,-189.61948734278045,0.1449039024469396,0.672933369176466
243,-0.4733789025455698,-0.5854156428115517,-866.3702316873392,-866.3702316873392,0.30222995426813076,1.6437919066051876
244,-0.46984205551238295,-0.6334972645294434,-338.71324342250716,-338.7132434225073,0.23027656211220862,1.0221331708174197
245,-0.4327614852022052,-0.6318874172666796,-868.9014271490216,-868.9014271490216,0.5033148967411849,2.614003889542048
246,-0.46017788431243045,-0.597865894968367,-921.0013908205848,-921.0013908205849,0.35243990521583896,1.9057159198398836
247,-0.43439778032737625,-0.6043237601848747,-1590.544533558466,-1590.5445335584668,0.620629372807335,3.229412925488705
248,-0.48872306909457697,-0.603155188590974,-430.644152595372,-430.6441525953721,0.20780343624151265,1.0100938849826244
249,-0.45977919827742514,-0.581938513923266,-894.1022280471834,-894.1022280471834,0.32853667501911005,1.875830220799122
250,-0.4832645175946725,-0.6004574867706697,-446.39223665675445,-446.39223665675445,0.20056630824919014,0.9462200401812068
251,-0.5011849270135413,-0.6347029884671774,-294.8293244994962,-294.8293244994962,0.1977874008922612,0.8789506540862219
252,-0.46267642948863275,-0.6308175688502099,-260.21214172873005,-260.21214172873005,0.20566217030707634,0.9290600491273314
253,-0.4974447706000219,-0.582437620838751,-145.96762641455396,-145.967626414554,0.08023404944484151,0.4354960985954452
254,-0.4328252854085269,-0.6348885289762387,-852.8275377590442,-852.8275377590446,0.4806385241651538,2.4280000000000004
255,-0.4548811167592724,-0.5678170210452305,-1076.727785613542,-1076.727785613542,0.3395429245857822,2.210689148444217
256,-0.47982285361247046,-0.6438346958695585,-297.99716771191703,-297.99716771191703,0.24109560780439837,1.006452137534062
257,-0.49076217601380934,-0.6092784302437979,-377.83315533404686,-377.83315533404686,0.19948352061720653,0.9730433014395166
258,-0.5030175093985897,-0.6113458427143825,-186.30218392512268,-186.30218392512273,0.13346559936156213,0.647768721490303
259,-0.500961531060595,-0.6013051945192825,-165.40968937747724,-165.40968937747726,0.09750295688155193,0.5035888675813363
260,-0.4851533084784659,-0.6039328768993546,-361.29203775089894,-361.292037750899,0.17838654753255523,0.8697315405741542
261,-0.42951590058401684,-0.5943757974136374,-1257.3338284441156,-1257.3338284441156,0.4749674462110361,2.4654882291209375
262,-0.5128040683542531,-0.6113574805646423,-177.59532111123605,-177.59532111123613,0.11669740047885391,0.5893738109373312
263,-0.47730342961975475,-0.5831087525349435,-743.0860194545113,-743.0860194545113,0.27832052208639557,1.651045203909408
264,-0.4874269757833843,-0.6111539580781322,-311.69520775255637,-311.69520775255637,0.16713074229676597,0.8460046610392502
265,-0.4831280831700056,-0.5981993733876586,-343.3828880341003,-343.38288803410035,0.17460587050717266,0.8870293543836384
266,-0.4587324082002983,-0.610027971245512,-567.5314255148442,-567.5314255148442,0.273250969555517,1.2677385172067102
267,-0.467406717988575,-0.6196769378332523,-377.2943575798778,-377.2943575798778,0.2179356834529359,1.023905752978698
268,-0.47477976827947954,-0.5898363677461471,-305.5526064338044,-305.5526064338044,0.14555387433079056,0.7728290698559427
269,-0.4882228288211852,-0.6112343804441526,-328.4671532846721,-328.4671532846721,0.17514652319068766,0.885442373609252
270,-0.49089545342739765,-0.6123378957242082,-271.4757082717035,-271.4757082717035,0.1536040742933671,0.7307525997901732
271,-0.4834597774613907,-0.5945894674827276,-574.2686277679019,-574.2686277679019,0.2428058149703928,1.2135344711291483
272,-0.47761620892553913,-0.6323691052836363,-251.06124924196507,-251.06124924196507,0.19928978298741956,0.8843260483260225
273,-0.5039666712333549,-0.5961552588986816,-155.34816941852137,-155.34816941852137,0.10060814525819212,0.5125520554532041
274,-0.4870881903928284,-0.6085415995374004,-305.270775539743,-305.270775539743,0.1632183597848299,0.8478730835256059
275,-0.475383389589872,-0.5828343542492437,-886.0702151755396,-886.0702151755396,0.2999184516924926,1.6955447815348537
276,-0.48827212154906796,-0.6074217192866102,-245.9874786568016,-245.9874786568016,0.13716685105876322,0.6680943893291085
277,-0.4799285869410698,-0.5910210194541665,-436.0945887131876,-436.09458871318776,0.17937879144222812,0.8788062692572185
278,-0.4474432534107915,-0.6217237324286995,-656.7575006881386,-656.7575006881389,0.3672338310718975,1.7849350184067445
279,-0.4718651191514896,-0.4450488667237169,-105.30688545020267,-105.30688545020267,0.029394035203026914,0.17421597357090512
280,-0.4330853516323993,-0.6064426587338516,-1350.7430997876886,-1350.7430997876886,0.547628362327222,3.0714981629411886
281,-0.4840221152613672,-0.6165047285905249,-499.0066823189464,-499.0066823189464,0.26568010086036487,1.1758561699944647
282,-0.47752522857230734,-0.5931057621811974,-332.4684514683345,-332.46845146833454,0.15676311851655905,0.7977491468774812
283,-0.5008289288927801,-0.6189856250100573,-242.26423064737594,-242.26423064737594,0.1506574775361327,0.7375142442930227
284,-0.4822673954875625,-0.5963506032053802,-618.8332395423005,-618.8332395423006,0.2542544367638285,1.2800359597226783
285,-0.48975710897622465,-0.6155303564489708,-432.9818126241798,-432.9818126241798,0.23023105307057928,1.0459579538744876
286,-0.4227770472354094,-0.6350302557532561,-615.067079463365,-615.067079463365,0.377242235308783,1.765733275215695
287,-0.49140206607743164,-0.6153323169654432,-373.40118278091103,-373.4011827809111,0.20334107215968028,0.9765558657943401
288,-0.4315698857923563,-0.6305314937584695,-731.9043181112145,-731.9043181112145,0.4342279972889276,2.115235168151072
289,-0.48775605676439737,-0.6000772390469553,-480.1284624648734,-480.1284624648734,0.2197197220393165,1.017337370359756
290,-0.46614966553257386,-0.6266791895737022,-529.3707917343859,-529.3707917343859,0.31758674686895844,1.4383072276653521
291,-0.4794265438473336,-0.5901888549197999,-374.93744369933023,-374.9374436993303,0.1784368856144739,0.902243415800254
292,-0.4753139144611839,-0.6197400028877628,-396.7191884308222,-396.71918843082227,0.21588865091410153,0.9924328355833605
293,-0.4774394641255277,-0.5922336357180986,-581.1275005051559,-581.1275005051559,0.22786443737649142,1.0551420945550372
294,-0.4731214564075902,-0.5850536407387574,-790.7897478641381,-790.7897478641382,0.30805370118918374,1.7903233548796371
295,-0.48204308919955546,-0.5947411888393145,-391.4733390015789,-391.4733390015789,0.1795320105006763,0.8667023088482159
296,-0.4443178421390527,-0.5926128040570604,-909.3398235473087,-909.3398235473087,0.3648987169902337,1.814771071200661
297,-0.4962962722595746,-0.6192175428538732,-281.5083229532329,-281.5083229532329,0.16765259279241235,0.7969246348383003
298,-0.4822393420330492,-0.6013562505183534,-294.63370172040607,-294.63370172040607,0.1511367320919587,0.7966264236518131
299,-0.5126002073035842,-0.5987806524344791,-154.31273774031055,-154.31273774031055,0.08880578665028992,0.5019541758758396
300,-0.4339285850724558,-0.6451126959037352,-806.7737733391227,-806.7737733391228,0.4733590216744311,1.8580000000000008
301,-0.44449243498644525,-0.6170195028367199,-638.5542168674718,-638.5542168674718,0.33232623023221025,1.6466639218779817
302,-0.47737466222880737,-0.6317686073812634,-361.74974567650196,-361.74974567650196,0.23817421725618487,1.0384384689864694
303,-0.4258792794894485,-0.668167116718698,-528.9545277885741,-528.9545277885742,0.47425230332313967,1.3610000000000004
304,-0.47090728566205375,-0.611251576382582,-588.8811025461341,-588.8811025461341,0.28402988626351394,1.276307947221887
305,-0.503290203457983,-0.6290562709485386,-265.22008679479273,-265.22008679479285,0.17269646940663505,0.8044986285245554
306,-0.42997912391915716,-0.5995588628709559,-981.5143974404573,-981.5143974404573,0.4007185421538488,2.059204157321658
307,-0.4736389194401332,-0.6085318626446635,-621.796252423002,-621.796252423002,0.3040037651022597,1.3577811673540405
308,-0.4249080246430925,-0.6722481245582133,-582.4501907587971,-582.4501907587971,0.5078792862763851,1.3740000000000006
309,-0.4787390750452698,-0.5908951236093318,-577.0629906184173,-577.0629906184173,0.22451933015833436,1.0520953128187867
310,-0.4895832716429656,-0.6286054891333704,-303.17117715424274,-303.17117715424274,0.19193963813703263,0.8688864350054593
311,-0.43414858735240847,-0.6322751081829572,-369.95059575704715,-369.9505957570473,0.26153957953315576,1.1686711423848022
312,-0.4687231772494817,-0.5930036866594627,-730.310820285113,-730.3108202851131,0.2977125508894606,1.4980697215508885
313,-0.4209585063261803,-0.64149037882808,-514.3045050970076,-514.3045050970076,0.36005283800546684,1.5640000000000003
314,-0.4296082139273616,-0.653971276550617,-603.1140768986351,-603.1140768986352,0.4676811961669132,1.8980000000000004
315,-0.43470096017567733,-0.6030741636479716,-1010.8058042605761,-1010.8058042605765,0.4668489258643762,2.302583239251468
316,-0.4861264152308597,-0.5953986266150845,-449.73476517013853,-449.73476517013864,0.19317046086420062,0.9326774376148687
317,-0.4297013169305233,-0.635172535983905,-824.4435111297789,-824.443511129779,0.44471202103793445,1.9630000000000003
318,-0.47365687271323076,-0.6102405328878326,-513.8304934720073,-513.8304934720073,0.24667358598561598,1.0740090448157007
319,-0.48740494993788047,-0.6057265050002095,-319.4429792172186,-319.44297921721864,0.1719755436333975,0.8988213965560252
320,-0.5023927388556769,-0.6186730213495696,-205.7518739482951,-205.7518739482951,0.15188460311747914,0.7223628870394385
321,-0.4468652644598223,-0.6243524384354362,-662.2173794606379,-662.2173794606379,0.3828624145070934,1.8473817271691388
322,-0.4340903221746126,-0.6334282982145086,-1284.052350945228,-1284.052350945228,0.6050589212931213,2.6490000000000005
323,-0.48881951342039354,-0.6064744666825268,-428.0863778351219,-428.0863778351219,0.2100919352923195,0.9637596296072914
324,-0.4643702601060572,-0.6140660563001362,-568.0196801968021,-568.0196801968021,0.28999977449134956,1.3164950583822062
325,-0.4796427748249414,-0.6038154137438502,-362.4411621490028,-362.4411621490029,0.17516442943508828,0.8378963453101946
326,-0.477557819804943,-0.5878353390687574,-663.7467648815473,-663.7467648815474,0.25194330377109964,1.3888177207266912
327,-0.5029688199699766,-0.6248784856747774,-254.53316814956628,-254.53316814956628,0.16245208484317084,0.7739961627183463
328,-0.5056859369313806,-0.6231927740066965,-219.91178323881542,-219.91178323881547,0.14899868701964886,0.6958479803511949
329,-0.4684426752411621,-0.6401154816062178,-318.01021541194814,-318.01021541194814,0.24400783006451698,1.075178035993643
330,-0.48505348417607425,-0.608858384173674,-269.4886288944399,-269.4886288944399,0.14590133415008172,0.6916616135009068
331,-0.49917341597358583,-0.6016959678247661,-166.21983914209147,-166.2198391420915,0.1038058157401331,0.5211696589285589
332,-0.4968365618199314,-0.6187478286644966,-230.05371413598866,-230.0537141359887,0.14492232238891892,0.6793879290228606
333,-0.48299334815619993,-0.5874951737454772,-552.5375268048608,-552.5375268048608,0.22038088857681304,1.1598940698116942
334,-0.48787128850011297,-0.604131413725933,-394.8380692393604,-394.8380692393605,0.19476592900886833,0.9312321861451797
335,-0.4398380197772351,-0.6322357437495796,-669.6453504607653,-669.6453504607654,0.42013352476999805,2.011013964864592
336,-0.48267451391535987,-0.5907311834027387,-626.4710623891673,-626.4710623891673,0.2573942654748044,1.4222066469832326
337,-0.4850949641751876,-0.5930435991119594,-474.9097248163372,-474.9097248163372,0.20673788489134554,0.9798772173496882
338,-0.430831172077304,-0.6546247902148399,-429.2439767377466,-429.2439767377466,0.3802103358443313,1.55
339,-0.4814130368555734,-0.594342841023695,-497.5981447738952,-497.5981447738953,0.20519161946365108,0.9257698199984886
340,-0.4285970409038311,-0.6037541139601791,-1756.2043795620432,-1756.2043795620432,0.6237150321654307,3.390504577971534
341,-0.468692760781369,-0.6368739553657287,-260.8695652173914,-260.8695652173914,0.229906337077474,1.0339389884636594
342,-0.46794641813897575,-0.6280018440298154,-503.5380050216851,-503.53800502168514,0.30610053019184397,1.3924255020739318
343,-0.41220228038031476,-0.6420177752800672,-311.3408330799635,-311.34083307996355,0.33251059355117263,1.0240000000000002
344,-0.5018915512999069,-0.6177719287640964,-225.52960347637185,-225.52960347637188,0.14165813657291831,0.6762190155413601
345,-0.4710044852072428,-0.5936913073617542,-817.8977906717278,-817.8977906717278,0.3402960621461402,1.7425211203572466
346,-0.43855700492966776,-0.6483514622745242,-463.7563998922136,-463.75639989221384,0.371514026001163,1.619021811104659
347,-0.4802293780602455,-0.5797042411458653,-579.2730085073478,-579.2730085073478,0.2027945799682947,1.2154637101244572
348,-0.48570293288767413,-0.5934535869145852,-489.9987419801231,-489.9987419801231,0.21373308367762303,1.077998868098911
349,-0.47703437248104774,-0.5794745995435615,-816.5251604887142,-816.5251604887142,0.2802231841290627,1.6572783068616344
350,-0.4294673355583888,-0.6657835139912419,-720.6240858117994,-720.6240858117994,0.48518133245055045,1.4780000000000004
351,-0.488396616686435,-0.612428445699431,-314.60973982655275,-314.60973982655275,0.17042679504610767,0.8652153642955571
352,-0.486693775049556,-0.6096282994811263,-443.9362876517914,-443.9362876517914,0.22067327757966013,0.9898240691332016
353,-0.46742533627332333,-0.5953386097917261,-761.5970459266114,-761.5970459266114,0.328005181027525,1.6526949255911394
354,-0.47832398602811504,-0.586517654737472,-398.6651128297501,-398.6651128297502,0.17656412385497872,0.92280584489658
355,-0.47308991402642614,-0.601842281439146,-635.0669299978058,-635.0669299978058,0.2841681989093201,1.2563745722482784
356,-0.5108405936134853,-0.6139544262420249,-189.31986676694987,-189.31986676694996,0.1237899113681229,0.6365229330666557
357,-0.4766988167131962,-0.5947885682281804,-566.2450756790402,-566.2450756790402,0.22821100613428708,1.0583164135797105
358,-0.48370541114435023,-0.6046393273267406,-570.5542927085158,-570.5542927085158,0.2697831309842,1.2357389848107312
359,-0.48383817946709456,-0.6006339821846588,-251.32467532467564,-251.32467532467567,0.13373839380685695,0.6617568210060275
360,-0.43347134096512785,-0.6138105013458405,-1048.71711594674,-1048.71711594674,0.5142967547490072,2.6333059629633078
361,-0.46925534505750427,-0.6334644799364129,-314.72970015320664,-314.72970015320664,0.22090776500473086,0.9699164732581635
362,-0.46197664699741275,-0.6030413612186306,-731.8643228521921,-731.8643228521921,0.3387652624518796,1.543456822234042
363,-0.489143531175594,-0.6260652323610013,-262.8428927680802,-262.8428927680803,0.17128711945434225,0.7799373341480367
364,-0.4640487552099455,-0.5723168528534557,-929.8026480139896,-929.8026480139896,0.30637773486683617,1.9323373179015622
365,-0.43186106750909053,-0.6037431187741737,-1400.3443822643148,-1400.3443822643148,0.5406806670426978,3.049848025759595
366,-0.48123563703423533,-0.589432217003587,-443.3145527002898,-443.3145527002898,0.17810067022597537,0.8736396299256546
367,-0.5216789628114332,-0.5943581131099798,-147.83063251437537,-147.83063251437537,0.09027436582242958,0.5222629080325665
368,-0.49110282055010707,-0.6123560664732001,-320.5878975772202,-320.5878975772202,0.17823017543771016,0.9233361685724535
369,-0.4772849794594416,-0.5857839262723937,-639.7602397602418,-639.7602397602418,0.23363221395265554,1.2636321245131141
370,-0.48514380771679455,-0.5968636594618395,-465.74776016540324,-465.74776016540324,0.20556718961113515,0.9647293422176825
371,-0.476069542890298,-0.6416998748571242,-294.57041814021323,-294.57041814021323,0.2356547040166881,0.9815304325172708
372,-0.4817267696116036,-0.6364697910167336,-271.57607636859547,-271.5760763685955,0.2046060885184489,0.8694032471075893
373,-0.48606459157338244,-0.5956614812446606,-471.59740754860866,-471.59740754860866,0.2098153053590027,0.9864958431377204
374,-0.44719069175358683,-0.6362146864023795,-321.10565745285476,-321.1056574528548,0.24527723183789588,1.06415248557526
375,-0.5125442832776462,-0.6217099346495869,-209.23242082662392,-209.23242082662398,0.14232855027302216,0.6990223115123585
376,-0.42849429075622447,-0.626150185063469,-785.7861213543446,-785.7861213543446,0.43223491774175765,2.262242719808257
377,-0.43352359906295435,-0.6558893026231376,-669.0066690066692,-669.0066690066694,0.483286723134332,1.9060000000000004
378,-0.43806219513799666,-0.6241209948617067,-1208.2498998798592,-1208.2498998798592,0.5887786948205687,3.017
379,-0.47906638745339053,-0.6059484807154885,-481.56014674647656,-481.56014674647656,0.2247539371297394,0.997051952466008
380,-0.48995618388257817,-0.6005323611346282,-507.6469762873582,-507.6469762873582,0.22391094372841186,1.0876218675503904
381,-0.43692374147889224,-0.6235997923742047,-573.1444410224832,-573.1444410224832,0.3216653459178266,1.5493239312320222
382,-0.42792655116186734,-0.6312905084774528,-778.7366240938932,-778.7366240938932,0.4478345542820814,2.2560000000000002
383,-0.4499211746533079,-0.6028852517779194,-814.7116188353338,-814.7116188353338,0.3736586213108546,1.8036908886538627
384,-0.47249025114843524,-0.5780099378598235,-402.716328840416,-402.716328840416,0.1698496364423607,0.8990146820110534
385,-0.43755912074660624,-0.6249762693521276,-1162.781509284867,-1162.7815092848675,0.5776253448261981,2.943
386,-0.4778670059772986,-0.5810184263253303,-734.4664778092566,-734.4664778092566,0.26463324524713,1.553741983245007
387,-0.5081081819761176,-0.5315592166488301,-121.89669372867405,-121.89669372867405,0.05347407693970065,0.2885541252008742
388,-0.4868778128459503,-0.6129599952497121,-300.5203206300099,-300.5203206300099,0.16311825148162715,0.762576931573872
389,-0.4748295855140582,-0.5840420303803354,-369.3130233027344,-369.3130233027344,0.16709352492338256,0.8518557640229141
390,-0.5077065555902804,-0.6303313582155463,-247.47774480712195,-247.47774480712195,0.16738976176218665,0.7870612255216305
391,-0.4784323182871143,-0.609330742994297,-593.5187037407512,-593.5187037407513,0.2932526834275064,1.3208505716605223
392,-0.5087753583678675,-0.6047809587553007,-168.13019552745575,-168.13019552745584,0.10506842651588971,0.546052475852586
393,-0.48112051275093864,-0.6103107014340933,-494.2354942354938,-494.2354942354938,0.24307080510246623,1.0739884824319317
394,-0.48301949559776225,-0.5983995149385009,-422.04105401077453,-422.04105401077453,0.18866871215834594,0.8648373031646167
395,-0.47935856452410736,-0.5781691646301207,-615.9975003905648,-615.9975003905648,0.21734463888966468,1.333728369498272
396,-0.47437714405395404,-0.5732931552968328,-785.8480749219577,-785.8480749219577,0.25418866617372254,1.5815845926081369
397,-0.4933860078428594,-0.5980387523553542,-161.94137433926056,-161.94137433926056,0.1063338784305098,0.5426958496022007
398,-0.4826255010816266,-0.5931854649759655,-403.9077845549465,-403.9077845549465,0.19294496084081775,0.9807153842541818
399,-0.4808571139393148,-0.6020304571305816,-286.5937931900996,-286.5937931900996,0.14553299010412515,0.7015179190942621
400,-0.4587880517186781,-0.5757056355408633,-976.2959103933359,-976.2959103933363,0.3437353401576674,2.1068857151141502
401,-0.43243939075416066,-0.6259819993992594,-1008.8960776384981,-1008.8960776384981,0.5006788712389896,2.495
402,-0.5213350370339966,-0.5692539050563601,-134.4725867154919,-134.4725867154919,0.07510782145118469,0.42625822636173116
403,-0.4723073083983144,-0.5998035357370451,-675.6875687568755,-675.6875687568755,0.2985123860053614,1.3645090939526026
404,-0.48217710773564804,-0.5931991802965847,-409.540846750149,-409.540846750149,0.1844894301202597,0.9238316462561025
405,-0.5101973697940896,-0.6156078092409737,-195.37190082644673,-195.37190082644673,0.1291434242981735,0.6470256865409626
406,-0.46960626233506203,-0.6150869332521837,-413.1843575418988,-413.18435754189886,0.22149470677223565,1.0108880051145126
407,-0.49712971371047815,-0.6192666564749292,-256.43114887673147,-256.4311488767315,0.15581754878342088,0.7439523486166744
408,-0.4814884264269085,-0.5926616158374061,-401.31347484461196,-401.31347484461196,0.18190304667479423,0.8777079383182999
409,-0.4858773915423971,-0.6011930786408877,-383.59121986326033,-383.59121986326033,0.1865082911855536,0.9018672440925944
410,-0.4958091250884068,-0.6290614060667209,-289.8940140319453,-289.8940140319453,0.18500707996635002,0.8244501008468851
411,-0.4864322459464019,-0.6132482239920207,-373.9292945024141,-373.9292945024142,0.19811416652217984,0.9415479483897911
412,-0.48943062738538673,-0.6080872592701265,-303.43569474004323,-303.43569474004323,0.16875342228349005,0.9036675062279458
413,-0.5083711736112251,-0.6127984790565774,-183.1828011703346,-183.1828011703346,0.12354556473024697,0.6059748020506317
414,-0.4815238281028869,-0.5975143986422408,-369.1594970218406,-369.1594970218406,0.17133167862544668,0.829738062583981
415,-0.4847534487805226,-0.5979671925893727,-539.5005497094385,-539.5005497094385,0.23541014453656578,1.1377455558062208
416,-0.4800690289460338,-0.6084244564101727,-515.6462585034026,-515.6462585034026,0.24720076431437263,1.0756335036717055
417,-0.4895995691018676,-0.6076260223923268,-435.8416111035524,-435.8416111035524,0.21631757353495945,0.9872479022209497
418,-0.4898851450041772,-0.610999332218931,-298.80884855360233,-298.80884855360233,0.16539892589841393,0.8257339797271783
419,-0.49797458362266617,-0.6406786067345985,-276.5534382767195,-276.5534382767195,0.20722124293360977,0.9100295216718569
420,-0.4702958032817574,-0.588277235618391,-810.0498158977686,-810.0498158977687,0.3306045765801589,1.873156346882157
421,-0.477887884660935,-0.5913041365066324,-685.0313955843635,-685.0313955843635,0.2696043083192081,1.4277274105958497
422,-0.43409045758776194,-0.6520491691222762,-458.0027359781126,-458.0027359781126,0.3846493982989014,1.6410399601940724
423,-0.46837547386682615,-0.5833187234446632,-800.235571260309,-800.235571260309,0.29400004766318066,1.678158382322384
424,-0.48156923621713354,-0.5944042276894614,-362.0184042875924,-362.0184042875925,0.1786895115723621,0.911376336520916
425,-0.41824368154371816,-0.6460342829313949,-459.10720104268603,-459.10720104268603,0.3531275655874053,1.4090000000000003
426,-0.46911948765108596,-0.5830517134428143,-816.7467398764584,-816.7467398764584,0.3042899873955781,1.7688013387397614
427,-0.500218412833533,-0.6041213520035698,-171.2161988978603,-171.2161988978603,0.10282842527621086,0.532385239320081
428,-0.47738914704584445,-0.5817130095490577,-688.9279437609854,-688.9279437609855,0.2440483099527404,1.4068032928501644
429,-0.47780666719398446,-0.587013599870805,-657.8688201693938,-657.8688201693938,0.24711413733955778,1.3656431444419537
430,-0.5129413479202554,-0.5732860835069332,-137.63464258513767,-137.6346425851377,0.07322263290991596,0.4108122187468159
431,-0.484545187922826,-0.6150718858904305,-493.6888888888893,-493.6888888888894,0.2588468725475386,1.149916388909156
432,-0.48270907677168884,-0.6066018015898154,-284.2304060434375,-284.2304060434375,0.14838606352743036,0.6859965441769714
433,-0.481000494499358,-0.5848343834836027,-639.7070789259574,-639.7070789259574,0.24427654182939726,1.4198517647598576
434,-0.4800663244650495,-0.5976285277145974,-307.2254666208647,-307.2254666208647,0.15136859079706608,0.7985332078859273
435,-0.47913787950664494,-0.5950053670277181,-266.20579100290547,-266.20579100290547,0.1353519757277001,0.6687454888847744
436,-0.4360009207238692,-0.6597486361235395,-755.2620718118037,-755.2620718118039,0.5208877089647956,1.8300000000000005
437,-0.5044431056728433,-0.5703992823969875,-138.61122217779584,-138.61122217779587,0.07507456576481224,0.4035352806475235
438,-0.5059487896371524,-0.5222845819406748,-118.82287617990005,-118.82287617990008,0.047399946590450964,0.26398419763691494
439,-0.4917391605273625,-0.6161629809539438,-375.05186004702017,-375.0518600470202,0.2058255808985048,0.9857221684882215
440,-0.4644751511711042,-0.5771335685107395,-885.3313477289656,-885.3313477289656,0.3067638575925366,1.8506335482058165
441,-0.46387220782671085,-0.6219871874411975,-633.3583771600304,-633.3583771600304,0.33885740052540514,1.5607314026349999
442,-0.488155679843317,-0.5988103022258044,-469.6618239531193,-469.66182395311944,0.21802155501356227,1.0280852207369038
443,-0.5072427438742413,-0.546462061236997,-126.6493740836811,-126.64937408368111,0.057648202467002335,0.32548115161490304
444,-0.4834851499860844,-0.5941722678918323,-407.3998155170656,-407.3998155170656,0.19705593113466377,1.0033466882753064
445,-0.4977254303538723,-0.6178620142843002,-210.212505733069,-210.21250573306904,0.14606116777949577,0.696987664703838
446,-0.47859007376261503,-0.5885176122079394,-666.4114832535894,-666.4114832535894,0.2578068309514875,1.4303636834303053
447,-0.4743248634829672,-0.5821027612983386,-388.66916087653686,-388.66916087653686,0.16823015431134342,0.8776029906134009
448,-0.48372904058723354,-0.5889458336877572,-574.0767559739339,-574.0767559739339,0.23337782960151035,1.264914763420207
449,-0.48872195264158985,-0.612470787913585,-202.93863439930868,-202.93863439930868,0.14307472315313877,0.6710786458929792
450,-0.44509318874823456,-0.5944528373275298,-948.8358723771207,-948.8358723771207,0.4042815454620549,2.0249852635155516
451,-0.4331713174187047,-0.6174686768598218,-1402.3727137914075,-1402.3727137914075,0.5738362184729221,2.8370000000000006
452,-0.4860114350359671,-0.5990588848569747,-386.4134404674952,-386.41344046749526,0.1920235288869631,0.9445325683820305
453,-0.4905817761850372,-0.609885745228618,-236.61080510957495,-236.61080510957498,0.13569561006990813,0.670462412395472
454,-0.47935134527946716,-0.6085886619744146,-535.8205993252659,-535.8205993252659,0.25764450850312975,1.109137178396666
455,-0.4339813251286459,-0.6430618372312314,-796.113194681216,-796.1131946812161,0.5183258952350956,2.3350000000000004
456,-0.44133751644949887,-0.6312348766078328,-565.6737588652502,-565.6737588652502,0.35240759759813794,1.6921534325759715
457,-0.49365437121065875,-0.6322217734907409,-296.73685902588,-296.7368590258801,0.19559815475511452,0.863207331377017
458,-0.4822493224794756,-0.6201264180950965,-381.7684594348224,-381.7684594348224,0.21731215468048093,1.0150238852389288
459,-0.4767364267997221,-0.5922007441218106,-317.3488423131795,-317.34884231317955,0.15210204340163735,0.7932054249770738
460,-0.5146879703270507,-0.6189275508103652,-199.69340827797694,-199.69340827797697,0.13559708909009835,0.6694998532693072
461,-0.4357261737735248,-0.6203236741298627,-1137.182787789633,-1137.182787789633,0.5619865479654436,2.9578633802314265
462,-0.48131857197694217,-0.6002801459026751,-341.8607782415522,-341.8607782415522,0.16414929853046709,0.8175184932707419
463,-0.4847458165858385,-0.599745773574401,-569.9918896999213,-569.9918896999213,0.2570233461562297,1.2182795266782362
464,-0.42908382616322627,-0.5850855543643438,-1215.0343332128668,-1215.0343332128668,0.4361654791838941,2.2827732304105006
465,-0.43100637562948513,-0.6375122303610731,-550.6195225143547,-550.6195225143548,0.36612293173290833,1.7754445548643405
466,-0.4183213191357537,-0.6667229117380999,-485.9853385079788,-485.98533850797907,0.45406640457000913,1.1270000000000002
467,-0.5158884827067474,-0.5581475263324228,-131.9175515302938,-131.9175515302938,0.07480215069278448,0.37626710229756694
468,-0.47317154382662685,-0.5924739972842967,-623.3999550864603,-623.3999550864604,0.24440350613423772,1.1103823910157258
469,-0.4866410939069154,-0.5977575432118988,-507.02657576179297,-507.02657576179314,0.22551174490136847,1.0870825762779828
470,-0.5096046200260237,-0.5947066068595912,-150.74360499702573,-150.74360499702576,0.08704034850220037,0.49935266708605924
471,-0.5012166483053129,-0.6184786845966039,-206.60772452303416,-206.6077245230342,0.15238377040589907,0.724807940517986
472,-0.5112306125054737,-0.604725191447043,-165.66744157592078,-165.66744157592086,0.10748239397255044,0.5530442482338254
473,-0.4831027652529728,-0.5975227753209431,-368.08439007967786,-368.08439007967786,0.17943931882564385,0.8924541486802702
474,-0.48777003065351854,-0.6053346630093217,-384.7234640439396,-384.7234640439396,0.19141371849100025,0.9181921122251536
475,-0.4828499074864396,-0.6196380513506843,-449.97215518841693,-449.97215518841693,0.24820878259404738,1.111548300898045
476,-0.4341208276121879,-0.6195917717621183,-1199.6345363179541,-1199.6345363179541,0.5253640595513964,2.626
477,-0.48132076795630796,-0.5941616883702958,-387.7576206343331,-387.7576206343331,0.1763937893048206,0.8523679489505323
478,-0.4874286475846051,-0.6107810928983017,-363.16769296863873,-363.16769296863873,0.1891839687447119,0.916234721042791
479,-0.41813335575522437,-0.6616531483333781,-456.57116871305186,-456.57116871305186,0.4209245983138221,1.0040000000000002
480,-0.4692890480910493,-0.5922072223598298,-750.1712719799041,-750.1712719799041,0.3077552741836213,1.6170441501143535
481,-0.47858418420589693,-0.5748112906867195,-751.6487657810447,-751.6487657810447,0.2440608366721342,1.5275357644378227
482,-0.4727595644039685,-0.6008995289680332,-560.9921082299909,-560.9921082299909,0.2421737682496228,1.0460520534818711
483,-0.4310484866449467,-0.6501164475445532,-691.1600149198089,-691.1600149198089,0.47390407818988173,1.8530000000000002
484,-0.48071208756167655,-0.5921605990586171,-585.4402008248169,-585.440200824817,0.23557423402713762,1.1452604923802834
485,-0.4343036586290969,-0.6390154692831951,-1241.4949688548143,-1241.4949688548156,0.6044835982366871,2.5910000000000006
486,-0.4933244956582043,-0.624209447205458,-222.57551669316433,-222.57551669316445,0.17710128609040804,0.8214759386303069
487,-0.4819137945903868,-0.6002061412610135,-405.1737333537428,-405.1737333537428,0.18494202327404433,0.857869717859276
488,-0.4829054008860115,-0.6054727111333112,-430.1342615614146,-430.13426156141463,0.20359353837531982,0.9206615731589233
489,-0.43237881558135466,-0.6214353204207358,-1105.002253267246,-1105.002253267246,0.4935447121574807,2.452
490,-0.48039100368475873,-0.5851901070567072,-515.1064146450367,-515.1064146450367,0.19550815083278938,1.0115759636543433
491,-0.5040792988575317,-0.5753126365311141,-140.60313016923274,-140.60313016923277,0.07381383481528658,0.41285823396246674
492,-0.49160812824612404,-0.5964158554380544,-159.83670905950748,-159.83670905950748,0.09805328548389393,0.5162615493319436
493,-0.5026456776429665,-0.606157085936501,-173.97307559544373,-173.97307559544373,0.10309752023639601,0.5199990688699854
494,-0.4707415070293063,-0.5710745224227368,-853.3995934041118,-853.3995934041119,0.2715595470550632,1.7254377275694144
495,-0.4778863215587662,-0.6071782763289123,-600.4094165813724,-600.4094165813727,0.2843542347568753,1.274975894171304
496,-0.43912150932040894,-0.6277181904774956,-1413.23561714271,-1553.885787891799,0.6261646413153519,3.3038040059870726
497,-0.47906859914151234,-0.5850386991223501,-449.0734824281162,-449.0734824281162,0.17939194228372643,0.8833278487412692
498,-0.4887615606594783,-0.6173826704653277,-282.3649337410817,-282.3649337410817,0.16144376376196384,0.7494764537678921
499,-0.4953320369361972,-0.6293985701918028,-341.78544636159063,-341.78544636159063,0.21451054797326394,1.0124700018583823
500,-0.4810663939603416,-0.6324308289895256,-306.78976726293655,-306.78976726293666,0.20681059060061674,0.906040945442283
501,-0.4805824138078186,-0.5849296839868006,-478.98727669965336,-478.9872766996534,0.18947172771654952,1.0280435168440107
502,-0.4944292212368748,-0.6214345518270138,-250.10609704343005,-250.10609704343005,0.15630016743603167,0.7309376858237129
503,-0.4858319929988534,-0.5937812277025671,-501.99871050935025,-501.99871050935025,0.21854869219963002,1.1255471702024267
504,-0.4848275828713337,-0.6030074019794391,-367.2135520875016,-367.2135520875016,0.1791639505200591,0.8682788994479665
505,-0.48351133865042645,-0.5962703183287063,-706.5282491515287,-706.5282491515287,0.2771166777521405,1.3920200486174892
506,-0.48225286182167143,-0.6034499158689364,-296.70879739707266,-296.70879739707266,0.15178732436658685,0.7626125704231865
507,-0.4836247504833928,-0.5973291080659667,-367.72514315460785,-367.7251431546079,0.1837659548992278,0.9270273149498814
508,-0.4880741874895896,-0.6321671476627305,-355.97395741685824,-355.97395741685824,0.23023604760998984,1.045079533767659
509,-0.48411870104698446,-0.6059558179564101,-528.7396730532605,-528.7396730532605,0.24649528814657648,1.070768401670436
510,-0.5166193268274769,-0.5722969954664815,-137.09767234658682,-137.09767234658688,0.07664095224834498,0.40997452234652276
511,-0.43547157215697047,-0.6466111753069567,-1093.7147876214128,-1179.7752808988796,0.601555145060777,2.4150000000000005
512,-0.4365265343744427,-0.6338688238322342,-1336.265403606506,-1416.124837451238,0.647013207710704,3.267
513,-0.48185766336920677,-0.5987661922619802,-351.6108654453578,-351.6108654453578,0.1689782615954198,0.8370408793375805
514,-0.4613805822053515,-0.6285820751881193,-494.7496947496968,-494.749694749697,0.30382306033865963,1.4163201185646537
515,-0.48718707530244115,-0.6058368049104468,-364.0400964344625,-364.0400964344626,0.18459759399250092,0.9012163388009385
516,-0.48242911796644017,-0.6016735911998544,-368.7760080355868,-368.77600803558687,0.1757825252291464,0.8457620118088843
517,-0.43282154937785333,-0.6328245088424486,-843.055107960045,-843.055107960045,0.5046121082612267,2.616
518,-0.43455658592670143,-0.6420169678944586,-616.5007112375546,-616.5007112375546,0.43142024001144264,2.1388718007256915
519,-0.4231472480244702,-0.6652429147803184,-512.3110151187918,-512.3110151187919,0.42909504516816355,1.1860000000000004
520,-0.4824699116065731,-0.6251301326692309,-347.7609143713698,-347.7609143713699,0.20777925733943584,0.9535530399457992
521,-0.4514231444860649,-0.6310846195177182,-259.7528471044344,-259.75284710443447,0.23110923854746682,1.0166439683856217
522,-0.48704391798740954,-0.5965799363103551,-516.0688091745563,-516.0688091745563,0.23014337011364822,1.1572140325419997
523,-0.4537858297536529,-0.6274765193975386,-639.4135889484076,-639.4135889484077,0.3445491015701455,1.6454015543557763
524,-0.43378783900336215,-0.6175277081564473,-1442.889390519189,-1442.889390519189,0.6139549334733607,3.196
525,-0.5021928476585614,-0.6145292794593734,-199.64552474996884,-199.6455247499689,0.12894277171306084,0.6318671438232435
526,-0.46734143857053195,-0.6398698665971728,-328.1705948372637,-328.1705948372637,0.24842702739923733,1.0850102174143932
527,-0.44675067811635205,-0.5844483630424525,-1037.5747224594359,-1037.5747224594359,0.4041659728243108,2.261191289175845
528,-0.4855995111494752,-0.5907986109465571,-509.300746775289,-509.3007467752892,0.20534820529195988,1.061038808105675
529,-0.4883842598682728,-0.6317997792236937,-352.2231909328695,-352.2231909328695,0.2284832176963452,1.02617766990441
530,-0.49026461469144744,-0.629989948212013,-305.00582072176945,-305.0058207217695,0.1956979801235673,0.8842596728679961
531,-0.4333800879496401,-0.6142984278311513,-1531.5765561108662,-1531.5765561108662,0.6299260984424466,3.3710000000000004
532,-0.49403908011577224,-0.6193925092818067,-260.8127531686928,-260.8127531686928,0.15662451768266,0.7328850083742672
533,-0.4416424626940145,-0.6320220553786902,-1177.7985995053855,-1292.2303826826387,0.5672339929339484,2.988649083724727
534,-0.48200459932126344,-0.5942412927724503,-653.681872543996,-653.681872543996,0.2803929443539797,1.5295064570796253
535,-0.48122555257791827,-0.6175137168255156,-472.12109599540264,-472.1210959954027,0.2530793037248805,1.1186641299300542
536,-0.49578769549437607,-0.6238371252426037,-336.10921501706616,-336.10921501706616,0.20032584394390168,0.9983393446238753
537,-0.483604606366156,-0.6232738943540956,-479.9170280973044,-479.9170280973045,0.2712049129050539,1.1971358010364863
538,-0.4914555639901496,-0.6122622831054892,-226.63105684853102,-226.6310568485311,0.13304551444227294,0.6306344569170242
539,-0.4606402122377048,-0.6276374442592544,-240.36488027366,-240.3648802736601,0.22688709691764747,1.0123370787204236
540,-0.5006398852034694,-0.6324955378728412,-258.5562696159023,-258.5562696159023,0.17901121459316255,0.8157166642018605
541,-0.4358074021686082,-0.6541663396665909,-756.3199336925015,-756.3199336925015,0.5012716802482985,1.8250000000000004
542,-0.47528135966946033,-0.6151896390740542,-386.2401931200972,-386.2401931200973,0.20800750019538788,0.9675558323654538
543,-0.4808004133352511,-0.6003655528660492,-380.3503427265815,-380.3503427265815,0.17664495595948562,0.838757426780699
544,-0.4766124370249474,-0.6371305530296816,-265.013322402132,-265.013322402132,0.21131764209612972,0.9241995635063045
545,-0.4869180771001348,-0.5994494755147294,-414.3120060625756,-414.31200606257573,0.2048464456981762,1.0066854210521172
546,-0.47971524266809534,-0.6295985225939242,-317.5217812197485,-317.5217812197485,0.2057923668803439,0.920257463147934
547,-0.49670082364599366,-0.61917524266327,-245.81836203692254,-245.81836203692254,0.15123741268929472,0.7322791898884418
548,-0.4858907346345484,-0.6035392875572864,-429.7340502833897,-429.73405028338976,0.20222199596080667,0.9216391908267665
549,-0.48277296666541103,-0.587836701494521,-540.8588252190164,-540.8588252190164,0.21563090045134647,1.0915935689675893
550,-0.502846461661822,-0.6294762690524695,-257.25160782254915,-257.25160782254915,0.16995488467018047,0.8039697289808649
551,-0.4837307548651121,-0.6015467706133218,-345.44115842434644,-345.44115842434644,0.17170100180740527,0.8588940183713133
552,-0.48592856404586743,-0.606493038156666,-316.9227047296491,-316.9227047296491,0.16647584982540822,0.8618657085083523
553,-0.49240926907629634,-0.48578226815969966,-110.75391475681843,-110.75391475681843,0.035029635022948445,0.20309559839640612
554,-0.4837264266816788,-0.6153414493405095,-390.31535412717625,-390.31535412717625,0.21007612038983292,0.9766603630042264
555,-0.46681760591764404,-0.6099966680234022,-567.0775924583055,-567.0775924583055,0.2747736050220567,1.2355919892160514
556,-0.47731632772192906,-0.5818454098877264,-446.1538461538462,-446.1538461538462,0.18394003871432973,0.917507669901479
557,-0.49499114701917557,-0.6119723314520416,-194.40353460972005,-194.40353460972005,0.13997847915014067,0.6633840342154502
558,-0.4828804943336367,-0.5906580174832282,-450.6895352879828,-450.68953528798284,0.19829747905849565,0.9657295517842924
559,-0.4846599375394753,-0.6144401192885107,-485.2759654381987,-485.2759654381987,0.25267215097624546,1.128135841223885
560,-0.4812467921205728,-0.5886531649757835,-512.2666255207555,-512.2666255207556,0.20024091959486137,1.026496801918916
561,-0.42070884105716677,-0.6735979864496418,-582.3978446340388,-582.3978446340391,0.5062068977598018,1.2970000000000004
562,-0.45238057415236776,-0.6178475671760556,-608.7666757419001,-608.7666757419003,0.3245607596124469,1.5482018233635104
563,-0.4809934264809315,-0.6168405460389632,-473.38074187968476,-473.38074187968476,0.2520048716262582,1.1113054398914033
564,-0.42934477696083256,-0.6119374885701577,-1054.3518178479642,-1054.3518178479642,0.48614706068688346,2.4145141264625725
565,-0.484057779265432,-0.6040520819489621,-260.1578141561658,-260.15781415616595,0.1384565319874608,0.6684648534062736
566,-0.4841808942567036,-0.6341149826511338,-323.61189007291165,-323.61189007291165,0.2187917206378692,0.9727940928439984
567,-0.46286652381062265,-0.6210234394513532,-225.7123625757239,-225.71236257572392,0.21336961035573399,0.9299726903812147
568,-0.4651253421941194,-0.5953259254447426,-749.8180053385121,-749.8180053385121,0.3164445323928161,1.5223999918567
569,-0.4609759002238849,-0.5745720260589207,-978.4075573549252,-978.4075573549258,0.31943205891018855,1.8887210631811107
570,-0.5147064773054396,-0.5977482041829798,-153.9454991605324,-153.94549916053242,0.10222687011508771,0.5307725844829653
571,-0.43534271709667466,-0.6607087337946463,-941.9576979832761,-941.9576979832761,0.5665482600987137,1.9150000000000005
572,-0.49362970499277037,-0.6174249616152051,-320.3655674941346,-320.3655674941346,0.18288329670413106,0.9406187659329845
573,-0.4819273288918942,-0.5932099933515667,-393.737221564619,-393.737221564619,0.1861287807239953,0.9142212075665619
574,-0.42532789213070527,-0.6638524954746262,-495.63699825480023,-495.63699825480063,0.44690964708323855,1.4200000000000002
575,-0.477980857511674,-0.5891807630025575,-681.2414600819853,-681.2414600819853,0.26602048126092054,1.4769682618804787
576,-0.43661257865908243,-0.5970759554139677,-958.4797189396386,-958.4797189396386,0.40113754040636745,1.987877624380199
577,-0.46633356788629826,-0.6188659360578254,-232.2305229455719,-232.23052294557195,0.16876580892918375,0.7692536410285861
578,-0.45440377273009147,-0.6033912333641802,-710.1573676680988,-710.1573676680988,0.3090021450554034,1.5223845103213955
579,-0.43778950517110865,-0.6380814751923373,-310.6691749529706,-310.6691749529708,0.25723779456592494,1.0808941360536082
580,-0.4778469650178986,-0.6066283540192943,-578.4652961530636,-578.4652961530636,0.2738369840433053,1.2099585758330367
581,-0.46357596091732794,-0.5969836385127705,-740.8967054743641,-740.8967054743641,0.31724470193149873,1.4558291151667144
582,-0.5063652078034087,-0.5932315737154691,-151.45368492224495,-151.45368492224495,0.09325728264757634,0.4880374553331068
583,-0.5089788200952043,-0.5840181085745649,-143.8283905755481,-143.8283905755481,0.07834047596625487,0.44500912024015754
584,-0.48003603620665236,-0.6218463441675028,-459.9014778325121,-459.9014778325122,0.25964281126565636,1.15986803269398
585,-0.4820200510439852,-0.6155447595279238,-290.9721076085164,-290.9721076085164,0.16208089038297777,0.7427166485697972
586,-0.4505623227302072,-0.5800893179694769,-1043.4161668094855,-1043.4161668094855,0.3766386045251762,2.1817245598090804
587,-0.4942310708468748,-0.6212861263898555,-278.793540637929,-278.7935406379291,0.16624002079121034,0.7681271994681959
588,-0.48286287962204516,-0.6096363389263995,-201.83169172282703,-201.8316917228271,0.1293655638471706,0.6258208075328031
589,-0.42288312312117604,-0.6549361945925746,-536.6988900823508,-536.6988900823508,0.41807074135339356,1.4990000000000006
590,-0.47452625925760916,-0.42330623428997305,-103.00866904640483,-103.00866904640485,0.03131156145912641,0.19845710215763124
591,-0.4295443987577636,-0.6141697112251168,-842.6465546794652,-842.6465546794652,0.4040609385665179,2.1125780384175616
592,-0.43462324621244525,-0.6325184698088725,-788.6792452830225,-788.6792452830225,0.40302228398897044,2.155653363128899
593,-0.4570224228299514,-0.6110360322590634,-625.4341437349765,-625.4341437349765,0.3076272427632683,1.4729808010770065
594,-0.43621729705932677,-0.5795204640194765,-1170.391966310335,-1170.391966310335,0.419870877613545,2.3076787036002937
595,-0.4632485637591865,-0.6353190293753552,-419.522571496102,-419.52257149610205,0.28782180881162517,1.314589875478835
596,-0.472535084172655,-0.5796485316584865,-388.74821094352126,-388.74821094352126,0.1630968134707921,0.8683210305630237
597,-0.48937833135746905,-0.6165786132339364,-222.4846480869156,-222.48464808691563,0.14139002847377002,0.6391639670187067
598,-0.4879052645738671,-0.6049740763894583,-454.29992892679627,-454.29992892679644,0.21779917420973424,1.0196150707260045
599,-0.47686017465063163,-0.5888900629033359,-346.829020801624,-346.829020801624,0.16460322527020776,0.8383625535328001
600,-0.48831211842608246,-0.6239283649047567,-368.8402190144348,-368.840219014435,0.21787763428628817,1.036115655682593
601,-0.4991024603736924,-0.629020865442918,-268.614380938874,-268.614380938874,0.1748310900206486,0.8073966783380951
602,-0.42997710529706207,-0.6150938779453707,-838.8945062352548,-838.8945062352548,0.4088223885398693,2.1227854545577247
603,-0.43393383665067575,-0.5989592593211428,-1659.55594253374,-1659.55594253374,0.6287603824052552,3.2207321854426914
604,-0.4334473708823048,-0.6237329305225712,-1033.5174953959488,-1033.517495395949,0.5324304246171584,2.6173386223303563
605,-0.43123528766299746,-0.595117424900417,-1477.118981297253,-1477.1189812972543,0.5090700618019564,2.6353421330274465
606,-0.5128865163183209,-0.5620213784948002,-133.0601422200796,-133.06014222007963,0.07175302520977814,0.3751755928044156
607,-0.48836691807233473,-0.5979803660638655,-497.934710193205,-497.93471019320504,0.21945098179286623,1.0708721865618671
608,-0.5125145942437697,-0.6005905626084107,-156.6249842111912,-156.62498421119122,0.10075586790163558,0.5310346200836346
609,-0.432550624155088,-0.6382628518948809,-714.758040276527,-714.7580402765273,0.4665960426636232,2.313100957532617
610,-0.4700372873202988,-0.5747619234233288,-397.51178890338065,-397.5117889033807,0.1650944138411901,0.8851295840863752
611,-0.46596192221427923,-0.6346402315061552,-370.6084959816317,-370.6084959816317,0.255379530556231,1.1101702003609246
612,-0.4990660952910216,-0.6172071223475654,-242.55274037951904,-242.5527403795191,0.14853206512645598,0.726476301459256
613,-0.481685624173506,-0.602369669114502,-292.21336603310823,-292.21336603310846,0.14902413715598328,0.7373781087747813
614,-0.4364252228349061,-0.6373915718969677,-1175.6821445667792,-1175.6821445667792,0.5794415841085592,2.4560000000000004
615,-0.4797406379479995,-0.6104563019319585,-342.45396661504094,-342.45396661504105,0.17689033728711745,0.8607673324191459
616,-0.48750657951909454,-0.604056457069765,-352.49082328264325,-352.49082328264325,0.18702879316873713,0.9389933316247664
617,-0.42565303465545873,-0.6402528077290716,-676.3586015922485,-676.3586015922486,0.4273167459893615,1.9540000000000002
618,-0.49116620012737666,-0.6242800189310221,-322.51583990109816,-322.51583990109816,0.19317507866111314,0.8700810022248893
619,-0.43593170129711517,-0.6255319346630984,-1258.7991718426533,-1258.7991718426535,0.5876220673999133,3.0400000000000005
620,-0.47743181210619834,-0.5810284517318592,-457.8382743107644,-457.8382743107644,0.18438289254520177,0.9752507816600247
621,-0.47855141046593386,-0.6024596207413173,-517.670286278382,-517.670286278382,0.2291169434455566,0.9923305423720138
622,-0.5074065116736708,-0.6254372872334283,-217.4805689983869,-217.4805689983869,0.16400426104822383,0.7726098080672471
623,-0.5070194138048142,-0.6208638418995458,-209.74926816851206,-209.74926816851212,0.14413879036344576,0.6854145258982819
624,-0.4191508722447293,-0.6574025106369817,-415.7798165137617,-415.7798165137619,0.3925829062660916,1.1330000000000005
625,-0.4830884506031426,-0.5924741601988922,-477.01880922076145,-477.01880922076145,0.19898496001993485,0.9299361311467401
626,-0.487481938122536,-0.6111804192414685,-491.8276374442785,-491.8276374442786,0.24293133203133888,1.0847140516042466
627,-0.48398167102132866,-0.5988618889045327,-533.2679418015367,-533.2679418015367,0.2339557390131921,1.112274263940054
628,-0.4836929080149988,-0.6059987022339577,-304.3874495508403,-304.3874495508403,0.15691123505692067,0.8015336566003871
629,-0.4858134198995644,-0.6256786438493683,-330.84014611236796,-330.84014611236796,0.20141790557984102,0.8886256614252492
630,-0.4675385735525487,-0.6433169489481827,-338.71329298363605,-338.7132929836361,0.26533770584904937,1.1523924353616717
631,-0.4920257535464696,-0.6189062771467898,-358.89788382332085,-358.89788382332085,0.20279271577753924,0.9843802887425998
632,-0.48409517628965776,-0.5951086490798607,-499.1777545223511,-499.1777545223511,0.2116968365616953,0.9934453001175083
633,-0.49825641484787403,-0.6215720239997599,-231.50553808286628,-231.50553808286628,0.15083130572214382,0.6948937019764885
634,-0.4775126365443378,-0.6199389524973252,-536.3842506699657,-536.3842506699657,0.2936164264347129,1.271279393243243
635,-0.4963872392659038,-0.6121471678353735,-210.23594318582,-210.23594318582002,0.12575521094828135,0.6015809868243692
636,-0.4729557105434349,-0.5956377279716211,-737.1754274857508,-737.1754274857508,0.3209833656245634,1.6948108616536446
637,-0.4864801627734438,-0.6076061182204467,-241.11961842600726,-241.11961842600726,0.13327192359546366,0.6503615946277745
638,-0.48582954107390414,-0.6334525381724648,-287.2515046507392,-287.25150465073926,0.19785863843657484,0.8902490774435725
639,-0.48577366823369017,-0.604916117732249,-244.8743194717947,-244.8743194717947,0.13354284834837374,0.6515316503079429
640,-0.4746551794686808,-0.5873418294898146,-340.71137539918544,-340.71137539918544,0.15641266080148666,0.7989628064379124
641,-0.45650388708849865,-0.6279657755996912,-527.374586198116,-527.374586198116,0.3198836575523303,1.4939268800416656
642,-0.4334413297397231,-0.6670363349604748,-823.4728234728229,-823.4728234728232,0.536127248992316,1.7120000000000002
643,-0.50438076546151,-0.6071402083599249,-175.82258298304163,-175.82258298304166,0.12399550662252883,0.5974018627888146
644,-0.5133669300252995,-0.607637209174384,-170.46455998992855,-170.46455998992855,0.11697961299965651,0.5857906980508972
645,-0.5091440601548407,-0.6030718315002034,-163.04804594481016,-163.0480459448102,0.11391595846671412,0.5760406320593691
646,-0.4313557953343054,-0.6283068818464774,-857.7487765089733,-857.7487765089734,0.48978630805098583,2.5935193822032
647,-0.43800521025760214,-0.6395648382947304,-1113.1172974560138,-1363.3732947498925,0.6046921069688997,3.1691676486724365
648,-0.4414760639381766,-0.6280763865229366,-979.3768723988746,-1004.9445105651955,0.48143734427756785,2.3956758644308707
649,-0.43496625139311107,-0.6476790993246865,-787.226408324364,-787.226408324364,0.5229580062387205,2.1940000000000004
650,-0.48072972417092674,-0.58219783045956,-577.3907821648405,-577.3907821648405,0.21409474932321157,1.229520790631879
651,-0.48546677053680265,-0.5948682875880121,-492.3327452842994,-492.3327452842994,0.21345381537506347,1.023919608436243
652,-0.43392602376102024,-0.5999645948949874,-1064.637590210228,-1064.6375902102286,0.46945417634852277,2.327955282080871
653,-0.5134348869407306,-0.6088779575258881,-172.87381878821571,-172.87381878821571,0.11226881179401489,0.5853023562273793
654,-0.49979685379616007,-0.6059606228819054,-174.9697864912048,-174.9697864912048,0.10896784733083131,0.5538309509257465
655,-0.4720179668652892,-0.6341982649951797,-413.30425299891044,-413.30425299891056,0.2770931482999891,1.2755317480331216
656,-0.4846646121753219,-0.6261970002626223,-305.4430156772953,-305.4430156772953,0.18931671202753048,0.8548718542879167
657,-0.4846329769522942,-0.6006175016277924,-412.26480836236914,-412.2648083623692,0.19066995422143881,0.8834939003542497
658,-0.4664607796389724,-0.5904414457976346,-793.930119867386,-793.9301198673861,0.30035497269910727,1.4962299420854461
659,-0.4837480186101377,-0.6341401867861242,-259.7377921337644,-259.7377921337644,0.19437506916446973,0.8323850194520371
660,-0.4904657622545329,-0.6116553125736665,-256.05291130270507,-256.05291130270507,0.14569856000948236,0.7114744902328303
661,-0.4885133360572757,-0.6057777242665983,-416.9658290121002,-416.9658290121002,0.20420303529631453,0.9477201910709679
662,-0.4953081549742805,-0.6103465753626115,-202.33695004173157,-202.3369500417316,0.11911403650779073,0.582915606661545
663,-0.43314906070920284,-0.6361557656670805,-1174.563936571725,-1447.3037096282267,0.5887445209140243,3.077463911174752
664,-0.4781801880026234,-0.5859722769060804,-631.8436834977751,-631.8436834977751,0.23292185083066447,1.2602975595775405
665,-0.4784863955277151,-0.5782116520003387,-527.5420875420899,-527.5420875420899,0.1919432050126838,1.0693535212459695
666,-0.5009919681378133,-0.6302082542676587,-254.1420544590118,-254.1420544590118,0.17233791625008224,0.7926919360234227
667,-0.47769874416383734,-0.5996853205324949,-621.4357937310486,-621.4357937310486,0.27194852232223055,1.2321446569674377
668,-0.4240146604183267,-0.6603832097185889,-529.1955900367491,-529.1955900367491,0.41433097596543883,1.2960000000000005
669,-0.48207251083518704,-0.5979172130382682,-673.4573947110689,-673.4573947110689,0.2794660560618285,1.3956554941211319
670,-0.4278677215448984,-0.6516766693382644,-506.26639463713195,-506.26639463713207,0.40768845265312875,1.7370000000000005
671,-0.483742886955495,-0.5916906659361699,-527.5209158960832,-527.5209158960832,0.21780633321324083,1.0891965527932963
672,-0.4821692653050939,-0.5944636434260245,-536.9284876905059,-536.9284876905059,0.22237058006470978,1.0825637635619993
673,-0.5047865869083663,-0.6132113643560069,-186.81623043899754,-186.8162304389976,0.12907662387100505,0.6234488373137379
674,-0.43139628501024174,-0.6023297101908536,-1079.6982617251565,-1079.6982617251565,0.48497660153503486,2.4859855737710137
675,-0.43705202104667895,-0.654317775324244,-922.5443530939003,-922.5443530939003,0.5696688918835151,2.1320000000000006
676,-0.42893969495044343,-0.6084170444821294,-1090.25949605115,-1090.25949605115,0.47937160409432417,2.3655279777086746
677,-0.5229556344783748,-0.6003056065209708,-153.1031420006663,-153.1031420006663,0.1000644208073639,0.5527807343074532
678,-0.5169532891228251,-0.5307779150500523,-120.8439191428258,-120.84391914282581,0.05682530598313111,0.2989558623060811
679,-0.48402062511403204,-0.5926819942656883,-450.2443093790973,-450.2443093790973,0.1994486381138948,0.9659884727877268
680,-0.49325603641868443,-0.6312653527003397,-301.5847606851285,-301.5847606851285,0.1960304672081293,0.8849451182889554
681,-0.5088993244305207,-0.5794288901297519,-142.31690407159982,-142.31690407159982,0.08057246693217861,0.437642016761624
682,-0.5117306977809142,-0.6033708531946427,-162.6364515683295,-162.6364515683296,0.11566493299665737,0.5786443557969977
683,-0.48530184341971067,-0.6129198420655245,-453.0958439355392,-453.0958439355392,0.23225227689724884,1.0348208797804215
684,-0.43667451990267536,-0.5868436214807091,-1148.829953198133,-1148.829953198133,0.44464821413691796,2.28279326015421
685,-0.48676936301272455,-0.6022071799444827,-375.980002272469,-375.980002272469,0.18798703021822644,0.9212724782404375
686,-0.4274523924108675,-0.5886910003021554,-1862.9071463296045,-1862.9071463296057,0.580451520920303,3.11678033586778
687,-0.4843712986965937,-0.6160571101864877,-422.8024369016538,-422.8024369016538,0.2262355961927806,1.02825579879375
688,-0.4782888184576079,-0.5965257876281512,-592.2969467172231,-592.2969467172231,0.24721958615799397,1.124542075119785
689,-0.43082111267557427,-0.6388601504294167,-800.7174172977286,-800.7174172977287,0.4614506500266477,2.0090000000000003
690,-0.4260841273714685,-0.6287186414141677,-645.1288918647498,-645.1288918647498,0.36828333796395707,1.7616394047879513
691,-0.42595645199944604,-0.668246579766254,-564.6346735840905,-564.6346735840906,0.4586967096903877,1.3060000000000005
692,-0.4865101258075638,-0.5989271408223809,-538.385987886726,-538.385987886726,0.22658957297065846,1.1003256154030316
693,-0.4362092531111503,-0.6378301959946426,-1080.411407199629,-1080.4114071996291,0.5459842111774857,2.3110000000000004
694,-0.47913111288230925,-0.6053242284629327,-501.0727520967435,-501.07275209674356,0.23118756297182214,1.0125563344715025
695,-0.47481112036284995,-0.6064497472889835,-428.7740628166163,-428.7740628166165,0.20461942981819123,0.9229587949504662
696,-0.4850260625950439,-0.5991619506090897,-356.04440370709966,-356.04440370709966,0.17996034012840112,0.9115359268753355
697,-0.4668810245461799,-0.6248408809752286,-554.1503793975629,-554.150379397563,0.3264876735057739,1.4603102975227953
698,-0.5092831024489815,-0.6173535171247747,-200.11514104778354,-200.11514104778357,0.13379207915704353,0.6571776052352128
699,-0.5082174826760604,-0.5930852070911329,-149.76331956893944,-149.76331956893955,0.07935682478048472,0.45981124408987684
700,-0.433535393163403,-0.6608782509343921,-675.9595959595974,-675.9595959595974,0.46399136024724114,1.6730000000000005
701,-0.48303381098682907,-0.5947990161093137,-412.3737058750163,-412.3737058750163,0.18491061800831782,0.9090643839877879
702,-0.43004260938161654,-0.5872293189294148,-1589.9547138740247,-1589.9547138740247,0.5514473137794673,2.8982765264324453
703,-0.451179094951201,-0.6131871749086774,-732.0419693301077,-732.0419693301077,0.37652187164128675,1.7949710151743352
704,-0.4863420669342467,-0.613146715575586,-208.4423512994942,-208.4423512994942,0.14315508524665432,0.6885462151855327
705,-0.49896132236954305,-0.6253092496937606,-225.4697286012527,-225.46972860125274,0.16752740326503393,0.7677934442626373
706,-0.4764426057429226,-0.606040361480167,-598.5871597756102,-598.5871597756102,0.2826503987248613,1.268805151860946
707,-0.43266897453445413,-0.6516441463326772,-469.3481276005548,-469.34812760055496,0.3885593271562812,1.6736502102541515
708,-0.44882874071962725,-0.6412809708795382,-287.8675562144805,-287.8675562144805,0.2623437433743912,1.124056131743091
709,-0.4907095117393512,-0.6369109860669461,-327.84041630529083,-327.84041630529083,0.22508772979031738,0.9954041339100652
710,-0.4340338639528228,-0.6462645253039726,-321.91597538132214,-321.91597538132214,0.30563284394244544,1.2030000000000003
711,-0.49594672596693945,-0.6125331972862267,-206.28535512256468,-206.28535512256474,0.12494188992731259,0.6040900189484605
712,-0.47871030694091005,-0.5887239209125441,-654.2522557112716,-654.2522557112716,0.2514610816153391,1.3727644721894772
713,-0.47104258253696274,-0.5940346185125718,-898.9227595691054,-898.9227595691056,0.36051700527777397,1.8736185304649335
714,-0.4670411933943145,-0.582308951346374,-794.8592411260736,-794.8592411260736,0.2844433625607029,1.6091946849406062
715,-0.48098318243012667,-0.5843919812770278,-494.2045599286729,-494.2045599286729,0.19525514198971813,1.0420839988717838
716,-0.48340320364996553,-0.5971783231567197,-364.1815737772722,-364.18157377727226,0.18243644776435644,0.9243435208069173
717,-0.43422552251537977,-0.6193749841226249,-1174.8222501045602,-1174.8222501045602,0.5379268415219314,2.8090000000000006
718,-0.4486037517755543,-0.6099575351295012,-806.2685760605239,-806.2685760605239,0.4074183712172207,1.945758996782215
719,-0.47649521161082525,-0.5965567704144342,-651.0813594232761,-651.0813594232761,0.2749493702460178,1.332539905759645
720,-0.48015621555168,-0.6274669195610755,-415.6993901239431,-415.6993901239431,0.2554655990808721,1.1636457713971697
721,-0.48798128802766055,-0.5988585285282974,-500.4596191726855,-500.45961917268556,0.22904796492151155,1.0831449760036016
722,-0.4633064129026305,-0.6102009621185067,-613.6760668829545,-613.6760668829546,0.3007140124544381,1.3981998254598156
723,-0.4857498136587514,-0.6056772364126303,-289.00570405994944,-289.0057040599495,0.15407248078019928,0.7534933503322147
724,-0.49093999125738785,-0.6145924877976665,-210.91927204853022,-210.91927204853025,0.1364337875628482,0.6402279486867534
725,-0.48269311209597393,-0.597084706038958,-353.2682824467536,-353.2682824467536,0.17633733126618747,0.8929075690070885
726,-0.4806961753787937,-0.6033488258048242,-405.0209205020923,-405.0209205020923,0.19022231826754896,0.8767501031650559
727,-0.4796247620797061,-0.5935279673954108,-375.3089631845979,-375.3089631845979,0.16852184823021438,0.8131088383572641
728,-0.4318566748811875,-0.613611428197733,-1050.6881503860395,-1050.6881503860395,0.5146158879563932,2.5929058916697563
729,-0.4798669936581588,-0.5924706526742132,-717.4530983513368,-717.4530983513368,0.295375503095324,1.5878631437098232
730,-0.4222724801151875,-0.6656892774578353,-474.3248383415756,-474.3248383415756,0.44729190482129644,1.2470000000000003
731,-0.48419205546014304,-0.5995790513266868,-404.6030232874843,-404.6030232874843,0.18627510184071053,0.8716950608051423
732,-0.4735526544283789,-0.5825768520723965,-369.33907744037026,-369.33907744037026,0.1630983135512385,0.8267365202694923
733,-0.4326418067533712,-0.6658303281555487,-687.7885018883769,-687.7885018883769,0.5091408010909453,1.6390000000000005
734,-0.4375114886587037,-0.6086888060297938,-1456.6990291262175,-1456.6990291262175,0.5998858529243589,3.1663808992378684
735,-0.4362628349919348,-0.6428289030249822,-894.095238095239,-894.0952380952396,0.4889946287596106,2.347
736,-0.4832681025737116,-0.6262205275295188,-329.51445717403334,-329.51445717403334,0.2030247178583518,0.8927138044618834
737,-0.4365082103888035,-0.6406646972188309,-908.9139743090701,-908.9139743090701,0.5305527613031625,2.3350000000000004
738,-0.4809955616264321,-0.6066680230467557,-362.6284037175941,-362.6284037175941,0.18013544562542438,0.8622553596936627
739,-0.46988681566414076,-0.570858237750257,-867.3399127840269,-867.3399127840269,0.27599494012236936,1.759166427757583
740,-0.482972975882268,-0.5865974015611495,-539.7596867827724,-539.7596867827724,0.21638132789848616,1.1383158303763912
741,-0.48263405668972365,-0.5991274334358843,-309.7291265090804,-309.7291265090804,0.16046822801839244,0.8511810174838547
742,-0.4817800339438612,-0.5988651670719175,-252.75195041145665,-252.7519504114567,0.13182143376704714,0.6483061942144388
743,-0.4839340926386982,-0.5922293586597167,-526.9575437050112,-526.9575437050112,0.21889288504420437,1.0932539340849312
744,-0.4839891203778172,-0.6025353943359477,-248.61378295801762,-248.61378295801762,0.13280445031284457,0.6577116474002346
745,-0.420595943023691,-0.6447578972402422,-317.80508716776393,-317.8050871677641,0.3242120404307845,1.1120000000000003
746,-0.4463615050939156,-0.6003425533359658,-942.4964936886422,-942.4964936886423,0.42170180364196747,2.1312982153074036
747,-0.4795231408969916,-0.5794076146597019,-541.2856941904628,-541.2856941904628,0.19484128385646884,1.1108299294528823
748,-0.48806009374899867,-0.6089439698002352,-362.62089633564955,-362.6208963356496,0.1842312779371642,0.8956035037233772
749,-0.4814742461865536,-0.6036544811879838,-422.7601277525656,-422.7601277525656,0.19710263424587396,0.8957563650648858
750,-0.4954845783410023,-0.6145047244283113,-252.39953591393368,-252.39953591393368,0.14953988628746295,0.7432035684477811
751,-0.48076183618860197,-0.5987966998267475,-306.724118380769,-306.724118380769,0.15398312747014947,0.8137461475043354
752,-0.48518669854969215,-0.6153196227034514,-325.3830358553156,-325.38303585531565,0.17860177440358088,0.8632374404305639
753,-0.49532101385874516,-0.619479646156925,-333.868378812199,-333.868378812199,0.19304799055693264,0.9744819151152462
754,-0.4917063329785006,-0.6110519399461535,-305.4062278121523,-305.4062278121523,0.17377294887082573,0.9272457077682418
755,-0.4991755545923384,-0.5995541062393815,-162.77553149863064,-162.77553149863064,0.0937834879880801,0.480766362363091
756,-0.4810957532176147,-0.5867424692297567,-515.8600148920328,-515.8600148920328,0.19953024400413982,1.0250429479009016
757,-0.47738021197966446,-0.5784377172886096,-488.81587261468474,-488.81587261468474,0.1824913272279071,0.9955993009602704
758,-0.48798995190568795,-0.5983665227239898,-463.37977849232055,-463.37977849232055,0.21572982084587863,1.0254659370088017
759,-0.4344764264174196,-0.5885701186104384,-1208.5758039816267,-1208.5758039816267,0.5056138534739106,2.4202802235993346
760,-0.4792714994889215,-0.5969651644622108,-419.08509591736356,-419.08509591736356,0.1822873753799239,0.8326080078886279
761,-0.4855935191563813,-0.5973752449062693,-427.044553860935,-427.044553860935,0.19816237453821242,0.976862381321854
762,-0.47230127206271466,-0.624517178939347,-413.5926671137944,-413.5926671137944,0.24079687936191993,1.096859508506298
763,-0.4882301917908112,-0.6063811683129126,-384.0514469453375,-384.0514469453375,0.19299007222261175,0.9233791699558594
764,-0.5117484911642937,-0.5539667639860373,-129.24474730266917,-129.24474730266917,0.06393092507533361,0.34683048730832766
765,-0.5066344229681251,-0.6035686083437238,-166.1908899093955,-166.1908899093955,0.10354343437387536,0.5238709716724262
766,-0.46136545841559984,-0.5760358685674697,-912.9634499079699,-912.9634499079702,0.3095358015365202,1.8638980389212407
767,-0.47677738236243933,-0.5880867873026808,-730.4142941291982,-730.4142941291982,0.2899227297438295,1.646605042135363
768,-0.4710374330810467,-0.5758976564131943,-403.79206167309087,-403.79206167309087,0.16616126333743264,0.879844510639063
769,-0.48227734028819247,-0.6022385755766055,-302.80081740593863,-302.8008174059387,0.1544574116990828,0.8161922691049256
770,-0.42936165478586363,-0.5954649548868644,-1912.8329297820787,-1912.83292978208,0.650972329496239,3.221213961201359
771,-0.4669740491004544,-0.6225037655935595,-443.2003732213685,-443.2003732213685,0.25706974600164056,1.1733317343735155
772,-0.5038123313692362,-0.6082918579080656,-177.16690779955266,-177.16690779955275,0.11493431427283114,0.5799886568290666
773,-0.49610632895349444,-0.6194135657696935,-292.85632381607707,-292.85632381607707,0.1739869348850213,0.8362334430782749
774,-0.4758982690469599,-0.5838645811571932,-710.0490719010036,-710.0490719010036,0.25134788446873535,1.385083212171657
775,-0.42218406989658264,-0.671481010257945,-526.4473136193251,-526.4473136193253,0.47816381433346905,1.2640000000000005
776,-0.5104350773410522,-0.5047750863395666,-114.53547013336353,-114.53547013336355,0.045878911219760184,0.24427837692061505
777,-0.5031526977943809,-0.6253002430729455,-249.1515506143947,-249.1515506143949,0.16077613982614727,0.7736834048522946
778,-0.5156377917945324,-0.5716898236643543,-138.59492541119496,-138.59492541119496,0.08480792090659839,0.4276052826075001
779,-0.4313973402166311,-0.6005446862898882,-1075.2546828787442,-1075.2546828787445,0.4725902204596444,2.4108474362969794
780,-0.5024237059054899,-0.5977425265510203,-156.7635903919092,-156.76359039190922,0.09757277979258776,0.5123153967348781
781,-0.42847489747708317,-0.6128423491773926,-1062.8251300520203,-1062.8251300520203,0.468606764854922,2.279999928039911
782,-0.48775079618315625,-0.608941293182334,-377.40551017582766,-377.4055101758277,0.19238853684888224,0.9194767671392221
783,-0.4938044041941054,-0.6317679531220725,-319.821967890638,-319.821967890638,0.20694941688458748,0.9334850964044126
784,-0.450762988726007,-0.6119056413533477,-775.1259612834806,-775.1259612834808,0.4001200424525959,1.8897425973003719
785,-0.4771968794001892,-0.5820349807473484,-443.0656095599224,-443.0656095599226,0.18142922975952708,0.9048412609691956
786,-0.48604633237162975,-0.6079611413734106,-454.87824287760594,-454.878242877606,0.22200385441266615,1.0028263153197468
787,-0.48543855683301756,-0.5921731524149567,-531.2125648875289,-531.2125648875289,0.2269958300609037,1.1415238897714604
788,-0.4360033881012647,-0.6153525188679639,-997.2075705864139,-997.2075705864144,0.4827503687001418,2.445477497666286
789,-0.4935852382038897,-0.6205847396094136,-252.78129840867587,-252.78129840867587,0.15566995246043883,0.741994829151446
790,-0.4811543890172425,-0.6012139899170487,-500.98974266690715,-500.98974266690715,0.22161026849132606,0.9804635124286945
791,-0.44788835523911846,-0.6238385471408541,-736.016572950578,-736.0165729505782,0.37159756751049144,1.9040289807969106
792,-0.47327729619004294,-0.6423497191953872,-317.8807947019867,-317.8807947019869,0.24767437897294675,1.0898276393796198
793,-0.5038989999811284,-0.6154760515755403,-195.72192513369026,-195.72192513369026,0.14664221868716965,0.6922484306639545
794,-0.5057622968034481,-0.5765477910230764,-142.3453217583024,-142.3453217583024,0.08398823916535762,0.4379313632578753
795,-0.4829126237998772,-0.5932370510271092,-414.48582908024787,-414.48582908024787,0.19383833180843238,0.9807174064598286
796,-0.47329915385072946,-0.5814754146367127,-376.8933458685888,-376.8933458685888,0.16443209728288538,0.8293523067508939
797,-0.4757396109638941,-0.5840316727076001,-400.8688306986861,-400.8688306986861,0.1670603607690261,0.8721304785115305
798,-0.42784009845290855,-0.6650924864915664,-525.4700854700857,-525.4700854700857,0.47121375280381034,1.5370000000000004
799,-0.43255619049057176,-0.6363569928935804,-473.98156407969094,-473.98156407969094,0.32787306075799316,1.5236727185251995
800,-0.5031404643246635,-0.6045238619374226,-170.24337609399356,-170.2433760939936,0.10179556683111726,0.529879689539882
801,-0.5088534560807578,-0.6266204131747737,-238.28083851258813,-238.2808385125882,0.15915582678133655,0.7623691414073293
802,-0.48786107205778256,-0.6060171350316592,-320.47693105235953,-320.4769310523597,0.1737368997053027,0.9080024809572019
803,-0.4863411634261249,-0.6208475934549551,-223.2288458054,-223.2288458054,0.16468146920770096,0.763151263053713
804,-0.5172129167211638,-0.5962683259569063,-149.89093175444066,-149.89093175444066,0.08855426957356873,0.5325984483886506
805,-0.47894795596489403,-0.6327382483563707,-357.29978030757013,-357.2997803075702,0.23760212089966506,1.0258822197302595
806,-0.47607655640329327,-0.5854511087318993,-374.45514445007586,-374.45514445007586,0.17046409314320574,0.8644605423427569
807,-0.41276464572995875,-0.6447130520620273,-329.92411745298534,-329.92411745298557,0.3599969096981611,1.0000000000000002
808,-0.4807131630996882,-0.589266086040914,-568.9330364788489,-568.9330364788489,0.2220969860059347,1.0871910507986629
809,-0.49878370814280704,-0.6201938692403473,-216.71826625387007,-216.71826625387007,0.14859166898897697,0.6893316926656273
810,-0.47731739579787863,-0.5910208818410709,-626.2441600650033,-626.2441600650035,0.24456104807119008,1.2052566830174054
811,-0.48908039973695855,-0.6078754810101161,-383.0743546937205,-383.0743546937205,0.19412883208723364,0.929667926416333
812,-0.4793514996332919,-0.5909585386158704,-379.8334664081229,-379.8334664081229,0.17324732220944913,0.8578613693285095
813,-0.44234186688033555,-0.6266957214372606,-718.2594326631826,-718.2594326631826,0.428494042251703,2.0074768412703654
814,-0.48279894431704234,-0.5943519348283183,-549.4181281757092,-549.4181281757092,0.2286004864353736,1.1001044266096838
815,-0.4769308914875556,-0.595649381226963,-852.0218579235011,-852.0218579235011,0.3384768658193292,1.736573854093539
816,-0.4254587079162812,-0.6457610895581255,-641.3623307345099,-641.3623307345099,0.4114299634277874,1.5630000000000002
817,-0.5035925299863007,-0.6227759252225138,-225.90323790473906,-225.90323790473906,0.14978431725685581,0.7045557824257032
818,-0.4315064849527834,-0.6422282473467008,-608.9649071070477,-608.9649071070477,0.42409144903776347,2.065
819,-0.479531958511547,-0.5948352258661608,-759.8092347712986,-759.8092347712987,0.29150194818316505,1.465918384828433
820,-0.4859032008878792,-0.609699423082351,-257.26031030367403,-257.2603103036741,0.14231153267021376,0.6834744924915107
821,-0.4844285740208829,-0.5949530043274964,-568.2628234929488,-568.262823492949,0.2429884760837529,1.228154881294218
822,-0.43167091702871035,-0.6462656818678033,-579.3581960104124,-579.3581960104124,0.42859635802510776,2.004
823,-0.4749731202511396,-0.5904405690876866,-726.2962197893052,-726.2962197893053,0.29286052241880645,1.6157690015610808
824,-0.4348499286709263,-0.5850525685880003,-1104.2432342131694,-1104.2432342131694,0.40492512973567096,2.2241691462217656
825,-0.5023513336032243,-0.6289767121836188,-234.12394797245605,-234.12394797245605,0.17197140984029463,0.7633796556547336
826,-0.5006299600058375,-0.612887084524065,-210.22550140288968,-210.2255014028897,0.12799852015260343,0.6304345641924456
827,-0.4311064218287848,-0.6492136703301024,-714.910362920858,-714.910362920858,0.4460494622767151,1.6350000000000002
828,-0.4362132516741992,-0.6336463476012163,-991.4261280871616,-1066.1462679066472,0.45464878447472884,2.2431683679089165
829,-0.5022886944792478,-0.6296929408173868,-270.2632602775261,-270.2632602775261,0.17594153332391377,0.8115358477301142
830,-0.4837900479459393,-0.5928332961536223,-442.31890820016406,-442.31890820016406,0.1987584650912901,0.9708559025180092
831,-0.4458523765344573,-0.6224550193473395,-983.4087692209284,-1004.654284726108,0.45993905341375896,2.1994364369880484
832,-0.42241120018574496,-0.6458970561025719,-534.7783888709162,-534.7783888709162,0.38871831990649586,1.653
833,-0.47886141257257203,-0.5888448013274922,-408.05717998700516,-408.0571799870052,0.171453644352898,0.8726955608398015
834,-0.4336219463771439,-0.6222371740614766,-1382.050024521827,-1382.050024521827,0.5899529958072091,2.818
835,-0.48141556574184263,-0.5892832075032368,-435.03135658488276,-435.0313565848828,0.19442358185035363,0.9720839132034076
836,-0.49578055435733254,-0.6188950262084386,-285.61636010510784,-285.6163601051079,0.16927944209507279,0.8225345366519379
837,-0.4695227237514333,-0.6035812671581339,-611.254396248534,-611.2543962485341,0.2762294989990802,1.2397333237612236
838,-0.42899844079885946,-0.5923942052490654,-1570.8573967125735,-1570.8573967125735,0.5241849532973966,2.9454887319104466
839,-0.48818715705760046,-0.6042933300331782,-367.2868705981293,-367.2868705981293,0.19344254415075618,0.974248018866952
840,-0.48953615880601176,-0.6049235490470981,-411.97561850125464,-411.9756185012547,0.20554777741218522,0.9763853165110666
841,-0.4789219698273613,-0.6210130449444272,-238.71934094738842,-238.71934094738842,0.16078503850753756,0.7034196141113634
842,-0.5007045807720231,-0.6231089178238124,-258.36282680671377,-258.3628268067138,0.1617543386108772,0.7694856136180267
843,-0.4910660649983948,-0.6145142456346138,-382.6495372288988,-382.6495372288988,0.20595530748374893,0.980579892157462
844,-0.49634639219106813,-0.6295692807835861,-303.64791020528776,-303.64791020528776,0.19283396863154495,0.8714130356978345
845,-0.4745140209644606,-0.6009887556690253,-668.7064781599499,-668.7064781599499,0.3019229587481929,1.3952719145750356
846,-0.48774080217428156,-0.6046548369744456,-377.3112250984143,-377.31122509841435,0.19111299990947367,0.9334769100184634
847,-0.48675791898277704,-0.5987858535574925,-430.48852266038887,-430.48852266038904,0.20407330688518036,0.9994787676356678
848,-0.48359633491406007,-0.593627440174188,-482.545611262751,-482.545611262751,0.20317782739318063,0.9409604337208215
849,-0.4380849499530827,-0.6303836712414379,-653.4176452875645,-653.4176452875646,0.38027664139596506,1.8310702503337584
850,-0.43428741284280087,-0.6394748429738994,-482.76860700839984,-482.76860700839984,0.3437028372001206,1.596835021093595
851,-0.43640943915321334,-0.6340068984126763,-1134.6062052506013,-1134.6062052506013,0.5467639068203254,2.3770000000000002
852,-0.5016004719656639,-0.6113886106010656,-201.4644564222516,-201.4644564222517,0.122074517546832,0.6080143336170013
853,-0.48684792472016697,-0.5994398129610918,-431.6804748361567,-431.68047483615675,0.20159119344783252,0.9843315604629869
854,-0.48376898938617685,-0.5951486852216191,-482.3616236162361,-482.3616236162361,0.20556043375828834,0.946867596065706
855,-0.43451299121076636,-0.637185253996448,-364.5152118282622,-364.51521182826264,0.2751202231766252,1.2153578187086063
856,-0.487151618842535,-0.6244653863995598,-364.3476781765623,-364.3476781765623,0.21698564011543078,1.034461358495876
857,-0.4805271106952752,-0.5998359456786352,-315.26727024680736,-315.26727024680736,0.1556910114387487,0.8064241136777982
858,-0.486290740300204,-0.5951507046364827,-576.101370266688,-576.1013702666881,0.24734405822810615,1.2854568628031153
859,-0.43068215832826806,-0.5906576410738038,-1541.9684703877351,-1541.9684703877351,0.5429284261276293,2.9533674270319854
860,-0.4993398294282647,-0.6194863730374622,-253.62552368675483,-253.62552368675486,0.15561137049006002,0.7599184866860262
861,-0.437198932798877,-0.6429884775429842,-981.0752688172057,-981.075268817206,0.5494543312743816,2.2810000000000006
862,-0.43467992255027377,-0.645812793819142,-871.9927371765777,-871.9927371765781,0.48225615479298983,1.9210000000000007
863,-0.45266706410879676,-0.6300050590204137,-292.478421701603,-292.478421701603,0.21142848923277047,0.9061386855316413
864,-0.43388976719522343,-0.6339214439935249,-599.0323556093159,-599.0323556093159,0.3721639179370481,1.8309671323849985
865,-0.42873991566468794,-0.58992234518146,-1174.8455107233742,-1174.8455107233742,0.4402353768512589,2.2686691660763256
866,-0.42813545800319514,-0.61437081218552,-952.5877669200163,-952.5877669200163,0.4499665766704138,2.345282416820797
867,-0.43294789387113036,-0.5967886322448906,-1545.674044265597,-1545.6740442655978,0.5833209440338742,3.113003672999739
868,-0.49656812543355344,-0.6307947172702952,-241.62955632525194,-241.62955632525197,0.17855664296072968,0.7780991251731917
869,-0.42871814781019707,-0.5948306494534631,-1746.2062598998837,-1782.1961138725744,0.5368051774435376,3.063454630122897
870,-0.4836572204976631,-0.5891565986013306,-527.6828434723174,-527.6828434723175,0.21601710931794926,1.0927856078657499
871,-0.47402544465898866,-0.5859395731384266,-336.68961265796815,-336.68961265796815,0.15614536396475132,0.8074183406266979
872,-0.4854406029926246,-0.598252268514747,-464.5614035087725,-464.5614035087725,0.20741667038560985,0.9714221282342004
873,-0.483568014925901,-0.6207345693113213,-347.4442297558424,-347.4442297558424,0.20034029604943343,0.9672520318865888
874,-0.4867273228234805,-0.6009131660262195,-468.4989429175486,-468.4989429175487,0.21508318573480414,0.9998009731282332
875,-0.4714000114022817,-0.5798292302254735,-781.3563166250888,-781.3563166250889,0.2726856706300467,1.6001631864274015
876,-0.500823730300514,-0.6161999997280895,-219.63190184049085,-219.6319018404909,0.1372556734037754,0.6541626506911975
877,-0.5032201372000169,-0.583988513246395,-146.86825053995722,-146.86825053995727,0.0901973924919925,0.46809804126942334
878,-0.4783259018739301,-0.5802433856623412,-484.89627562780663,-484.89627562780663,0.1879549196553514,1.0259710171316418
879,-0.47689318817770243,-0.6370330954814146,-284.8398286064073,-284.8398286064073,0.21440615101953514,0.9050730683720625
880,-0.5052670943749435,-0.621584519815011,-211.38900664123213,-211.38900664123213,0.15117083262868503,0.7210010262341376
881,-0.4795201894751985,-0.6174741602155887,-449.08769864626254,-449.08769864626254,0.24203127740153205,1.0820007423753715
882,-0.4830677617969815,-0.5985207868914236,-605.6386453498383,-605.6386453498383,0.268541762456405,1.3418356545699206
883,-0.480448880917546,-0.5977323816981581,-292.6338102808695,-292.63381028086957,0.14859151515476676,0.8056968805473798
884,-0.4846189720449254,-0.599841943943562,-557.0196843988939,-557.0196843988939,0.2501622297390513,1.1785711074946572
885,-0.4398428292437876,-0.639442631210893,-422.0869083863842,-422.0869083863843,0.31274796832453966,1.3832832504121297
886,-0.49404708307711964,-0.6281589167008678,-340.9402099497943,-340.94020994979434,0.21147928599108068,0.9987786658974762
887,-0.4627609490781692,-0.62397826989631,-519.6293586930027,-519.6293586930027,0.29994198148691237,1.3738916845425224
888,-0.4808393931494317,-0.5990224946012886,-365.5024946543121,-365.5024946543122,0.1703972717604331,0.8229591500464888
889,-0.42980597301283746,-0.6076129369339287,-1210.4586369481353,-1210.4586369481353,0.49160068487387726,2.6418180749587603
890,-0.5187426658686674,-0.6091648883434416,-170.76845806127594,-170.76845806127594,0.11243706684157029,0.5960369973600557
891,-0.49741353693120105,-0.6191080333337248,-251.72212492702883,-251.72212492702883,0.1537329286594021,0.7339792227922308
892,-0.4787457476052268,-0.6285233159879204,-276.15548249854965,-276.1554824985497,0.1854524713979316,0.8316296359952107
893,-0.44755259236253714,-0.6171191026077157,-628.8895232657759,-628.8895232657759,0.3296691035587058,1.613206322709877
894,-0.4834700099845613,-0.6113922262501609,-394.9974819540039,-394.9974819540039,0.20289596558947978,0.94431288965493
895,-0.48297287397071753,-0.60193379342292,-269.4323631091785,-269.4323631091785,0.14086310384782494,0.6703919504806796
896,-0.4846523622738678,-0.5945752208968886,-474.13665332740504,-474.13665332740504,0.1940785843109641,0.9068914749329873
897,-0.4682647882135564,-0.6014385212028733,-734.8501914845683,-734.8501914845685,0.34075119068120097,1.5846057842720576
898,-0.4278131969169201,-0.5793980029783619,-1368.1800839374296,-1368.1800839374298,0.45606212522712714,2.400844100061901
899,-0.469003535959647,-0.585897156427885,-767.3162714252179,-767.316271425218,0.2878182334034319,1.5940263777127435
900,-0.4900436991927632,-0.6231616666144073,-403.6638277358194,-403.6638277358194,0.23501228590167617,1.0857405148666608
901,-0.4688314805887139,-0.6136214941011482,-560.4190919674057,-560.4190919674058,0.28465615118370374,1.2680212941396827
902,-0.4801330235185517,-0.6124094154933634,-365.0595979363107,-365.0595979363107,0.1917869358359303,0.9109253511601484
903,-0.4633531366078336,-0.5757425328495354,-952.8143712574858,-952.8143712574858,0.34217967808159594,2.1295224757486726
904,-0.48125143955276195,-0.5899580980919061,-592.3512262047675,-592.3512262047676,0.2343514796344543,1.2167717454073366
905,-0.43679160933280686,-0.6465422514953717,-874.7613592974433,-874.7613592974446,0.49899526733057303,2.291
906,-0.512354283588828,-0.6209507444573048,-203.28794013004554,-203.28794013004557,0.14395488151017494,0.7062931050884348
907,-0.502359054031122,-0.6038904311814856,-169.62735408040632,-169.62735408040632,0.10702996022628758,0.5320617621670658
908,-0.4877810137690057,-0.6190889845967105,-229.89845180622626,-229.89845180622626,0.1514681815469843,0.6705457844185398
909,-0.43552853854953094,-0.6546567095464925,-827.9379157427938,-827.9379157427941,0.5164281930752715,1.8670000000000004
910,-0.5004669592992149,-0.6097895569966669,-195.9621188469146,-195.96211884691462,0.11700263735658681,0.5932509956481745
911,-0.42864670123046933,-0.5923545400745776,-1271.743187756627,-1271.743187756627,0.478416304731725,2.494012803715625
912,-0.4757844914192056,-0.6007326976015076,-514.3575770278767,-514.3575770278767,0.22206293079782613,0.9624409466090544
913,-0.4957696725959668,-0.6340331968467845,-251.04742751801626,-251.04742751801626,0.1858397656274905,0.8096502870743768
914,-0.4632755083726768,-0.6453300324009708,-390.7806347000237,-390.7806347000237,0.30502257995798376,1.3318554242210598
915,-0.45190199561780425,-0.5816304375201515,-979.1607997747127,-979.1607997747127,0.3623934169519367,2.071845112050574
916,-0.48762930733853505,-0.618619333695328,-221.10552763819132,-221.10552763819132,0.154105414908125,0.7074000795273285
917,-0.4465629685829893,-0.6430775382623688,-428.45932513732726,-428.4593251373273,0.32643411560119473,1.4311702163176432
918,-0.4856649008810961,-0.602457469973819,-371.0055521283157,-371.0055521283157,0.18335453669775012,0.8912255976725989
919,-0.4324768683782476,-0.5998166143200853,-1307.5807036634042,-1307.5807036634042,0.5568246981368732,2.665577851448321
920,-0.5011159706537996,-0.5991332082518341,-159.59177636444318,-159.59177636444318,0.10497668405000754,0.536197444995874
921,-0.48484471047718825,-0.6164128762499603,-440.9970367788046,-440.99703677880467,0.23561297396988967,1.057933902035697
922,-0.4820020699572375,-0.6174724943039139,-433.50027824151505,-433.50027824151505,0.23502257584705036,1.0599997205878449
923,-0.4827572130476599,-0.5934826561360365,-411.6124676493754,-411.6124676493754,0.19015766832978775,0.9645654075978006
924,-0.47383311323031974,-0.595339055314736,-635.9639481204663,-635.9639481204663,0.26109304827395635,1.1870674338291856
925,-0.43505857475549475,-0.6104539997458267,-1287.9330943847078,-1287.933094384708,0.5675059921850324,3.1038236051065238
926,-0.4808943104368408,-0.6302657985111795,-311.4378460950924,-311.43784609509254,0.20346184987596885,0.902336787748936
927,-0.4312977191636775,-0.6304069364307008,-922.5381128965826,-922.5381128965826,0.47414356615584674,2.239
928,-0.4573715410642506,-0.6160572772963425,-653.3640317216715,-653.3640317216715,0.34685674315014126,1.6289658593350926
929,-0.4859767384133706,-0.6059585168633573,-288.1242319293938,-288.12423192939383,0.15410800932301486,0.7490804658108762
930,-0.4822832971097553,-0.595718820827253,-451.8897756361999,-451.8897756361999,0.19373893223802238,0.9196713362394012
931,-0.4867957816143948,-0.6051333963162568,-242.20947238159522,-242.20947238159525,0.13320422558891756,0.6489086132005982
932,-0.4730550409828135,-0.615762946953997,-225.7810964826097,-225.7810964826097,0.15041535249298368,0.685115280006224
933,-0.48045742152110427,-0.5981183737843679,-330.95910598059714,-330.95910598059714,0.16072591038499187,0.8170965017997102
934,-0.4844477375835289,-0.603998138293882,-314.94766552981315,-314.94766552981315,0.16324685270085454,0.8496058283037179
935,-0.5087743290085732,-0.6272934047882933,-239.54413503924337,-239.54413503924349,0.16046669610071665,0.766709002678994
936,-0.48199066526668066,-0.5858395825946748,-584.7186213207278,-584.7186213207278,0.22646086852997577,1.2480228361060646
937,-0.46765646283557544,-0.6216454950907563,-382.5731790333558,-382.5731790333559,0.225235351769951,1.0555767675598902
938,-0.4873622320531114,-0.6057251841185424,-361.4086935106537,-361.4086935106537,0.18463490945350192,0.9069673163826855
939,-0.48687937412869403,-0.6012985889678255,-542.4043163041651,-542.4043163041651,0.23261149205250603,1.1127521661343176
940,-0.4696891587841957,-0.5844298185683428,-848.9405331510602,-848.9405331510602,0.3210595296503551,1.7881245677480118
941,-0.48965709689726555,-0.6077455686292628,-355.6559092411058,-355.6559092411058,0.1912064118108244,0.9542699016003299
942,-0.43512369453100097,-0.6323945772701538,-878.7295476419644,-878.7295476419644,0.49900033329106286,2.6433719932593656
943,-0.49332180524423863,-0.6201548313774953,-312.2017723244726,-312.2017723244726,0.18088312609000046,0.8377506709965882
944,-0.49095866809255456,-0.6056213372114807,-221.9524532119379,-221.95245321193792,0.12471816455772813,0.6082334953739519
945,-0.42283063314306374,-0.6312818378840255,-652.5871172122493,-652.5871172122493,0.37764911121281614,1.8318680653588908
946,-0.4849181121557481,-0.5998767879898984,-382.25787142344166,-382.25787142344166,0.18501580925431763,0.9011898692788312
947,-0.48471469738383377,-0.6006599950712082,-359.5941169764,-359.5941169764001,0.1805241574569772,0.8936172134454059
948,-0.47187496774107157,-0.5932839641380687,-749.5141438134308,-749.5141438134308,0.31645950156054425,1.6932560132614922
949,-0.4283926501884621,-0.6705497515315936,-720.7251347378756,-720.7251347378756,0.5073844351161394,1.4710000000000005
950,-0.46199193296267155,-0.5862531257485327,-818.605856439492,-818.6058564394921,0.30855471799957485,1.667648225796261
951,-0.48602941515519543,-0.6031586923740812,-333.68588048651566,-333.68588048651577,0.17584832468507386,0.9034274291814439
952,-0.5019673559304332,-0.6037975192357601,-171.01404537737295,-171.01404537737304,0.12416416645195254,0.6242579248006486
953,-0.48460466576485334,-0.6075816565808094,-363.6228656273208,-363.62286562732083,0.18346711606519855,0.8833366980361326
954,-0.4859667219921599,-0.5998874119037378,-392.90113089239867,-392.9011308923987,0.1934401693878291,0.9441037026858984
955,-0.48302639509401896,-0.616341487039412,-454.7614695668075,-454.7614695668075,0.24150020200013234,1.075256567046472
956,-0.4604939194055384,-0.5963379805994616,-751.9134336236499,-751.91343362365,0.31209340852520784,1.4584878431005655
957,-0.48307685682687157,-0.595209109476006,-387.63276895572716,-387.6327689557272,0.188418849683504,0.9317878821652725
958,-0.43771632921562464,-0.5878953030091372,-1097.2094449555352,-1097.2094449555352,0.43935537897325033,2.2988753040395444
959,-0.4754107119540498,-0.6054066610414722,-547.2263868065969,-547.2263868065969,0.25124713785961383,1.0719470293052804
960,-0.4309195529145946,-0.6593906429103062,-696.3855421686749,-696.385542168675,0.44809358219662015,1.4450000000000005
961,-0.4807467920717016,-0.5879484884869522,-444.4715348043404,-444.47153480434054,0.1868816428781447,0.9192808122195432
962,-0.46591255700046147,-0.6113479512484513,-213.57998738700906,-213.57998738700914,0.14761047313901637,0.688506114198204
963,-0.4820889364497379,-0.5904535092354752,-595.6989247311824,-595.6989247311824,0.23948286431067917,1.2800723240261822
964,-0.46384676129781144,-0.6373968242942836,-352.0799442249595,-352.0799442249595,0.25448257240252786,1.123846470449533
965,-0.4167007721933326,-0.6643270474851111,-480.7256235827666,-480.7256235827668,0.4479454184157563,1.0600000000000005
966,-0.4339868438126555,-0.6136817622530837,-1577.8375953342281,-1577.8375953342295,0.6111607739964562,3.3391626205164093
967,-0.48645650899012427,-0.5944311700976377,-512.3114606162185,-512.3114606162186,0.22519004049033706,1.1460886863469824
968,-0.46121364955354527,-0.6015648704654253,-746.0595446584955,-746.0595446584956,0.3400906500444445,1.5535111554736276
969,-0.48493317812767517,-0.6008471917198519,-338.0353674741907,-338.0353674741907,0.1765835403438417,0.9043445774827489
970,-0.48594914078630125,-0.6102204843747584,-317.9594689028661,-317.9594689028661,0.16748049159297346,0.854262991856555
971,-0.4795103688771479,-0.5972831965364069,-314.42273950169744,-314.42273950169744,0.15426787338026784,0.8043845898439737
972,-0.5115212531793267,-0.6079280213838254,-171.94985220670716,-171.94985220670716,0.10655229170310733,0.5523292683129314
973,-0.4351468423200956,-0.6201477645623702,-1297.3871733966805,-1297.3871733966805,0.5527173366846732,2.7310000000000003
974,-0.4281291148875672,-0.5872797249910227,-1270.2402957486142,-1270.2402957486142,0.4651020439849474,2.427051344755776
975,-0.4734164982585061,-0.6330122161227578,-282.5317509889661,-282.5317509889661,0.2034243749516154,0.8739482904729804
976,-0.4812641091859988,-0.5968961201710955,-456.8527918781728,-456.8527918781729,0.193635184969746,0.9072081351526392
977,-0.48831391552525305,-0.622989146147505,-273.7232157241832,-273.7232157241832,0.1682137703205794,0.7681753653620206
978,-0.4968281830123102,-0.6233050295283115,-274.5832794934745,-274.5832794934745,0.16770051702861483,0.7846761057831985
979,-0.4765481429927079,-0.6005404784348943,-652.1561414265293,-652.1561414265293,0.2916550659152831,1.3616154677783143
980,-0.5027541083597593,-0.6243473134643265,-254.15597456208877,-254.15597456208877,0.16187588878551612,0.7709081460286081
981,-0.4753653250657408,-0.630742679711396,-289.2226507002236,-289.2226507002236,0.19782341817106475,0.892526190707778
982,-0.5143468476495004,-0.59195050865657,-147.01788200021437,-147.0178820002144,0.08339428155333849,0.5001467669887677
983,-0.4260941745829673,-0.6275772590498143,-626.6397578203863,-626.6397578203863,0.3549035524866042,1.712652314059471
984,-0.516498107378006,-0.5965301127595598,-150.40953090096838,-150.40953090096843,0.08905046974660571,0.5335085588280504
985,-0.4804980781997022,-0.5856058068242846,-464.2900596179596,-464.2900596179597,0.18985999973278114,0.9599470108041566
986,-0.5068547670772965,-0.61658921468676,-199.68148964841413,-199.68148964841416,0.13322706795879624,0.6574429452413107
987,-0.4267532828493202,-0.5868382865587883,-1934.943321833416,-1934.9433218334163,0.5877658384422416,3.1463247189660275
988,-0.5159569592812061,-0.5858125417375065,-144.80907649139957,-144.8090764913996,0.0889867424332719,0.4717947963452579
989,-0.47410901575027614,-0.5828792633273138,-755.4382259767729,-755.438225976773,0.27622151963898206,1.6089236280864447
990,-0.4878375725778182,-0.6107817788777034,-366.26506024096403,-366.2650602409641,0.19106289172380425,0.922029961923803
991,-0.47528431853756153,-0.6051038385931624,-422.82544085595464,-422.82544085595464,0.19972966335044953,0.9058865103207983
992,-0.4798206629428197,-0.5797506922191521,-587.308799030744,-587.308799030744,0.21145175312438133,1.2694083166666357
993,-0.42404294052009006,-0.6618931186037025,-511.5900772671821,-511.5900772671821,0.416264843613384,1.2580000000000002
994,-0.4874495178094641,-0.597582420701371,-523.0789934060024,-523.0789934060025,0.23506040172341924,1.1689340588933268
995,-0.48372953215917597,-0.5890058540820972,-507.3935965025088,-507.3935965025088,0.21059851830100876,1.091624751328972
996,-0.48709162446640336,-0.6076223728660828,-273.5731306025191,-273.57313060251914,0.14899306508009433,0.7043224824604917
997,-0.4860002905329889,-0.607270047369238,-279.2123570333687,-279.21235703336873,0.14978517976990263,0.719244327953054
998,-0.46571983352457536,-0.600974007682602,-730.2149775572902,-730.2149775572902,0.33217069540285166,1.4888804614147326
999,-0.4768100461988997,-0.6203001929697115,-398.950131233598,-398.950131233598,0.227539438739543,1.046986348351659
1000,-0.4878272388452365,-0.6206420864371864,-434.3755224878798,-434.37552248787983,0.24397788634398357,1.1023734571273247
1001,-0.4929382415886021,-0.6135893669302049,-287.85797315861817,-287.85797315861817,0.16545289699995414,0.806682297050534
1002,-0.4380556686658607,-0.5758970082615203,-1211.616954474099,-1211.616954474099,0.4284864432022444,2.3261631467987787
1003,-0.48607564489004407,-0.6071501444707281,-487.4979835457341,-487.4979835457341,0.23511241568778438,1.0527890927896055
1004,-0.48015602828812975,-0.5939791245911049,-574.310568202852,-574.310568202852,0.23397952378904902,1.090535107202338
1005,-0.4873219054686094,-0.59896774063258,-475.45083585626037,-475.45083585626037,0.21685095476142463,1.010690956650773
1006,-0.48132618508587943,-0.5923331263785734,-467.77862016679563,-467.77862016679563,0.19195925683191412,0.9020417213357893
1007,-0.4776977729712842,-0.5889932373183263,-672.9895277613123,-672.9895277613123,0.26070332578161853,1.438062824428534
1008,-0.42331695985870854,-0.6640658931152177,-438.53149208487866,-438.53149208487866,0.4380088556137213,1.3020000000000005
1009,-0.47025700322136577,-0.6008961502611597,-701.0516894159803,-701.0516894159804,0.317711291681835,1.4515783249868446
1010,-0.4801709112996894,-0.5933291154482093,-350.18898763918804,-350.1889876391881,0.17226275982645262,0.8669006396595198
1011,-0.42835514371494415,-0.6664766652371694,-544.2300691663646,-544.2300691663646,0.4602192210070689,1.4950000000000006
1012,-0.4691215461916083,-0.5749838049762112,-381.09473250180406,-381.0947325018041,0.15849279713741762,0.860324153873203
1013,-0.4359455227112615,-0.639147731468355,-609.1495241019345,-609.1495241019347,0.37976828124754897,1.8838684489889
1014,-0.48382456985431554,-0.6407458939296516,-274.81064284327203,-274.81064284327203,0.21886332677348222,0.9266885463872307
1015,-0.4448317320773174,-0.651386978173727,-377.00739230181057,-377.00739230181057,0.33289985079593754,1.4414880547872915
1016,-0.47979959410622514,-0.5838026757640636,-588.7787670082321,-588.7787670082321,0.21584855241825446,1.1760875918612768
1017,-0.42084408305443194,-0.6602801469350004,-439.69342476805184,-439.6934247680521,0.4127332373114723,1.0900000000000003
1018,-0.42261302752626995,-0.6695686845442091,-499.8019801980199,-499.80198019802003,0.47455297571935773,1.2620000000000005
1019,-0.5016123862200293,-0.6060711671845103,-175.09416733249623,-175.09416733249623,0.10247780476961374,0.5212614376464078
1020,-0.46075267216607113,-0.6276167329552893,-471.0126897238121,-471.0126897238121,0.28514022641975784,1.3222015253448112
1021,-0.45774503482311074,-0.582387521730285,-947.341381967633,-947.341381967633,0.3637216758079591,2.1057718833204246
1022,-0.460789533745861,-0.5753672165206354,-982.473463342385,-982.4734633423851,0.35257276536809057,2.201696812692845
1023,-0.43489566394673546,-0.6272195191944258,-1076.9230769230821,-1076.9230769230824,0.5145398276610307,2.4780000000000006
1024,-0.48151208863023237,-0.5850589229735026,-476.7921266125833,-476.7921266125834,0.1816088754727747,0.9920971407252825
1025,-0.4886818561247611,-0.6053348850779068,-369.44474627838747,-369.4447462783876,0.19428369721532224,0.9708095681039562
1026,-0.501938066810656,-0.6229831231451226,-234.00525854513592,-234.00525854513594,0.15280903084011724,0.7162470275634677
1027,-0.483486557587435,-0.6382023153075621,-273.6740597878496,-273.6740597878496,0.20994766728402495,0.8878586334435344
1028,-0.48956733438789857,-0.6104270593593337,-274.3362831858409,-274.33628318584095,0.15301610072654226,0.7247125682333009
1029,-0.43734161359404655,-0.6316448133307773,-1052.1507422915897,-1052.1507422915897,0.5700003442298563,2.764
1030,-0.4327592054775753,-0.6016182509741452,-1193.7520771020286,-1193.7520771020286,0.5426164597171065,2.6517149366616457
1031,-0.43361247243409545,-0.6410745987157712,-834.4003414425958,-834.4003414425958,0.4719848203847988,1.9550000000000005
1032,-0.4793661365268406,-0.6283380315392788,-397.65733571570445,-397.6573357157045,0.2483382026803686,1.145508895184046
1033,-0.4368784458369221,-0.6375942254159713,-1330.4110535965783,-1386.3331844573459,0.6392533143240836,3.104
1034,-0.47336669680326826,-0.6153535256847734,-437.164339419979,-437.164339419979,0.23159169990308112,1.0460677786546548
1035,-0.48676430947249294,-0.6111660471883622,-457.8837171847349,-457.8837171847349,0.23135562000440535,1.0269277065869058
1036,-0.45237480918272155,-0.6169343822107075,-719.0190451343595,-719.0190451343597,0.38992109378161466,1.829609625602367
1037,-0.46238803579615234,-0.6186119074178149,-507.0983810709851,-507.09838107098517,0.2742597683340926,1.2449869055569904
1038,-0.47531159367479586,-0.5907658753996006,-627.0062058634703,-627.0062058634703,0.24184147530743455,1.1497871671515512
1039,-0.4968555787525131,-0.6251742019398167,-241.73335346519764,-241.73335346519764,0.16294006399891203,0.7308171111528594
1040,-0.47947882867767266,-0.5955546965323332,-319.4247739405164,-319.4247739405164,0.15727005854053064,0.8203707064972019
1041,-0.4798469313868562,-0.5957176036121254,-673.622861440121,-673.6228614401211,0.28765238963760853,1.5246203782261887
1042,-0.5204337088571581,-0.6132853195893617,-177.24310776942394,-177.24310776942394,0.12021976139565886,0.6140579809702124
1043,-0.48229601141020584,-0.5871948672671756,-505.0396452089782,-505.03964520897824,0.20239979302319924,1.054954135355304
1044,-0.46662029128845506,-0.603481764518243,-575.3153598812764,-575.3153598812765,0.2543414492220302,1.1470022460105687
1045,-0.5001151512442514,-0.6252325582286831,-255.26215078453885,-255.26215078453893,0.1624773802533096,0.7719469417135103
1046,-0.47327025775526116,-0.6070901602146934,-440.1863222528053,-440.1863222528053,0.2101102180681143,0.9430035086355324
1047,-0.5092078738201895,-0.6183365730404654,-197.28557436686782,-197.28557436686782,0.14538225233961313,0.6827416543321606
1048,-0.48177847917592875,-0.5926315857943403,-610.7263363523358,-610.7263363523358,0.2460689940288152,1.2920996578268895
1049,-0.4819923296807224,-0.5986481966494632,-306.2250025638396,-306.2250025638397,0.1574320320868886,0.8396165668964126
1050,-0.45187110143163733,-0.5915484648437987,-908.862175006989,-908.862175006989,0.3686690955645172,1.8480065948882367
1051,-0.4509225658265441,-0.5841621127371462,-973.1167740128815,-973.1167740128815,0.37259043415567067,2.0766185157994523
1052,-0.48554076379966193,-0.6175888285055572,-312.7493218445836,-312.7493218445836,0.17621933081335803,0.798575897497862
1053,-0.43618004317804193,-0.6369227240047803,-1078.7906550618513,-1078.7906550618513,0.5408268417949228,2.3550000000000004
1054,-0.4627986876883497,-0.6187281912207693,-634.472866363857,-634.4728663638571,0.351075235450967,1.599358844398592
1055,-0.43832425577453826,-0.6441996712128284,-314.9171270718243,-314.9171270718244,0.2880222457830958,1.1961240692820108
1056,-0.42959703074065725,-0.6271267363328282,-926.8600252206821,-926.8600252206825,0.45674491821335045,2.205
1057,-0.5008268901343139,-0.6315525002143872,-239.10632229440705,-239.10632229440705,0.17826048846942866,0.784130287638835
1058,-0.49259356575887864,-0.6131914293976062,-325.8806849165669,-325.8806849165669,0.18454225885957057,0.953974493833997
1059,-0.4634240718033263,-0.5813387202704576,-928.1198782486546,-928.1198782486547,0.35955496219627137,2.147622447540699
1060,-0.49641302526002296,-0.6179050595021895,-301.97444831591247,-301.97444831591247,0.1796947167976211,0.8865458453256618
1061,-0.47937223692265113,-0.5869041550626676,-432.148528154391,-432.148528154391,0.1809889937957313,0.90432555709718
1062,-0.48109901211344996,-0.5961829983237161,-426.4773247824099,-426.4773247824099,0.18502911274356731,0.8674682813269529
1063,-0.47955994944672264,-0.6014052107991117,-450.1342882721573,-450.1342882721573,0.20165807114137102,0.9101470953212702
1064,-0.4299537757884778,-0.6053134283849676,-1090.7732536421413,-1090.7732536421413,0.43580697063285917,2.2564643048985125
1065,-0.46339072375309737,-0.6171198337014262,-578.7411217242238,-578.741121724224,0.3077532887497037,1.406315230344643
1066,-0.4606304229765574,-0.6080187357893551,-702.1755438859714,-702.1755438859714,0.3423215823222839,1.5761542137543332
1067,-0.47309651530222635,-0.5780059088791036,-820.0374921891283,-820.0374921891283,0.29222060772752606,1.79878236737972
1068,-0.4909354402649466,-0.6074621677480131,-420.5572755417969,-420.55727554179697,0.21205042291175502,0.9957445424045754
1069,-0.48594241276255035,-0.6032117389401103,-334.98013102781766,-334.9801310278177,0.17581975424837432,0.9007647689103316
1070,-0.5106197682109115,-0.6266983422721977,-225.22417608012165,-225.22417608012165,0.1562787813805348,0.7242577295863254
1071,-0.43287678982131894,-0.6060401411267367,-1519.8135198135287,-1519.8135198135287,0.576761473885509,3.26
1072,-0.4679372082407725,-0.6378021189239604,-436.0478231445982,-436.0478231445982,0.30411711107001027,1.388314607881827
1073,-0.42217092153258307,-0.6575463796262286,-491.8087596121697,-491.8087596121697,0.4172191205655289,1.4710000000000005
1074,-0.4977356534203431,-0.6243000279775935,-247.0292185097167,-247.0292185097167,0.16012927958225295,0.7413419329574605
1075,-0.43464284306974704,-0.5910432734979005,-1191.4311759343695,-1191.4311759343698,0.5135382769598233,2.463267687361613
1076,-0.46659207096258354,-0.6144060979993441,-580.9750297265175,-580.9750297265176,0.29945530312827234,1.3541956567711024
1077,-0.49914641295315887,-0.6203907417395745,-243.41713332539055,-243.41713332539064,0.1520731139573902,0.7311350859823675
1078,-0.5112850421277069,-0.6234350182374561,-221.6872304142849,-221.6872304142849,0.14939200985570553,0.7136607039732663
1079,-0.4902855382392979,-0.6100780734745314,-322.75247309490163,-322.75247309490163,0.17833498823631996,0.9264918926875304
1080,-0.48101194028421873,-0.6028291811612344,-620.3218925732033,-620.3218925732034,0.27804101602695724,1.3449415742531512
1081,-0.4865178852313797,-0.6083011899119033,-189.51546221266753,-189.51546221266761,0.12186435331645608,0.5749548269864506
1082,-0.4286372287464417,-0.6593819470856593,-603.988603988605,-603.988603988605,0.44837169908883767,1.4840000000000004
1083,-0.44574148545923514,-0.6009248123575286,-795.6665663557014,-795.6665663557014,0.34550259887335794,1.7097719632152446
1084,-0.43719265658333534,-0.6207433687482575,-807.7487525682445,-807.7487525682445,0.44257098155899005,2.1749409765732093
1085,-0.4720486259750631,-0.5778007193092607,-396.83023468454786,-396.83023468454786,0.16810581379372763,0.8933823197327593
1086,-0.48547270081085836,-0.5991311978043324,-527.0457697642175,-527.0457697642177,0.2344918293423371,1.1208632084517447
1087,-0.4654334930538898,-0.6333960095102741,-487.6186068039823,-487.6186068039823,0.3185975275000527,1.4801567065275236
1088,-0.45152252009419447,-0.6128854832735724,-714.285714285714,-714.285714285714,0.36413070926286617,1.7443267381438718
1089,-0.4297914093257521,-0.6001462102133251,-1076.764199655768,-1076.764199655768,0.45815508647171177,2.3920195880895045
1090,-0.488192410845799,-0.6009598175280814,-470.34175723451784,-470.34175723451784,0.2193501564510193,1.0253897277664223
1091,-0.43348094617687793,-0.6625282270218009,-665.0961915979591,-665.0961915979593,0.5021928753253575,1.6940000000000004
1092,-0.4304342287006884,-0.5921826788011912,-1360.3442093940475,-1360.3442093940478,0.5291549150756268,2.619764583679997
1093,-0.4237587891541751,-0.6347692558500102,-373.57910906298076,-373.5791090629809,0.2753339415724446,1.2160000000000002
1094,-0.43630880599198063,-0.6262405917327785,-1240.151874703379,-1240.151874703379,0.558436011260726,2.6130000000000004
1095,-0.46914612530192307,-0.5967981286305821,-704.5086705202319,-704.508670520232,0.2996173102434873,1.4115443160719736
1096,-0.5137060549035908,-0.565302373084556,-133.09608540925268,-133.09608540925268,0.06751993259051009,0.38333220833398185
1097,-0.4885382618520993,-0.607245991624252,-319.22064244339157,-319.22064244339157,0.1739736465874633,0.9098042174208216
1098,-0.5136089179129053,-0.584528175718858,-142.6523297491039,-142.65232974910396,0.07701911551040123,0.4716368901847885
1099,-0.43988318645322316,-0.5874540329009369,-981.2236969893179,-981.2236969893179,0.367404328868856,1.9115001014832484
1100,-0.441418796965995,-0.6272328471324529,-627.2545090180363,-627.2545090180363,0.37085230515281126,1.7647498003752389
1101,-0.4697168401356895,-0.5951501873061272,-766.9239250275681,-766.9239250275682,0.3343292878762622,1.7532826553874545
1102,-0.48532757463796766,-0.604159460868448,-299.8161963455525,-299.8161963455525,0.15918106559313713,0.8526559492737364
1103,-0.47894547709839314,-0.5830914938047663,-605.4833541036166,-605.4833541036166,0.21748553065158882,1.1979308405558662
1104,-0.4864081659951709,-0.6003978417482977,-487.4341610233285,-487.4341610233285,0.21598449067852477,0.9843152187592158
1105,-0.5057564482509063,-0.631857103249423,-238.2202771699488,-238.22027716994887,0.17454478234400136,0.7650735018834869
1106,-0.47827722227522795,-0.6019957404718167,-414.36464088397935,-414.3646408839794,0.18983783279590943,0.866167609908846
1107,-0.5072311484640243,-0.5469804454930204,-126.14609571788412,-126.14609571788414,0.05554097109091485,0.34948855574770066
1108,-0.48101314622960517,-0.5886708856540964,-441.40197152245577,-441.40197152245577,0.1872491462208856,0.9228792179331247
1109,-0.46807536220154444,-0.6168130822121409,-587.6526146049304,-587.6526146049304,0.31499146786157206,1.4131406959309616
1110,-0.4845256377922862,-0.6362534940884482,-305.3305707289513,-305.33057072895133,0.2130635443257861,0.9368180178605612
1111,-0.5039456607478643,-0.6252107675591408,-227.57053081962886,-227.57053081962889,0.1560228085470288,0.7054764415469059
1112,-0.501082602758306,-0.6292735166935832,-304.09507815527746,-304.09507815527746,0.1924079336789177,0.9023269862839151
1113,-0.4593977995800043,-0.5914528706917799,-768.3554592251444,-768.3554592251444,0.3010951825062506,1.4239676818823124
1114,-0.4840396185940683,-0.5947173861512282,-412.49871094152854,-412.49871094152854,0.20026773792872243,1.0101232639410334
1115,-0.47693710277877155,-0.619884121511986,-510.0393293314023,-510.03932933140237,0.28067534421143797,1.2282551529572319
1116,-0.49505626808397124,-0.6347586267077243,-281.29578381898057,-281.2957838189807,0.1942956014838255,0.8796402660786079
1117,-0.47431226103285573,-0.5820779556821536,-388.09448151678845,-388.09448151678845,0.16832275277504422,0.8794334295513109
1118,-0.4933020598337196,-0.6154351448777613,-210.76300404736912,-210.7630040473692,0.13639495898561516,0.6413063496668403
1119,-0.48967053781205466,-0.6105358203992527,-355.30526046333057,-355.3052604633306,0.18819563096747763,0.9258808132453356
1120,-0.4844281262235808,-0.6101484946886444,-533.0643746711102,-533.0643746711103,0.2661414676952646,1.155394007751116
1121,-0.49428390056537164,-0.6133422473067794,-205.54240356496348,-205.5424035649635,0.12849582080321834,0.610215331291632
1122,-0.4890528162010789,-0.620451053792915,-421.4528393463836,-421.4528393463836,0.23667855188356526,1.0799187953259772
1123,-0.43042063354521987,-0.664288857108176,-698.4644020474655,-698.4644020474656,0.4741838495069768,1.5010000000000003
1124,-0.5131945821895783,-0.6042483967440538,-163.50933763267545,-163.50933763267548,0.11538920827316163,0.5855529851002738
1125,-0.47563206217444,-0.6176438068586648,-506.8724888982878,-506.8724888982879,0.27129244509927425,1.1857646643903792
1126,-0.475042333865343,-0.6243814447763701,-274.75785728404827,-274.7578572840483,0.1766035934746069,0.8073825361798682
1127,-0.4449151090522845,-0.6293631944265765,-630.0846300846326,-630.0846300846329,0.3855455198785836,1.8432388824341648
1128,-0.49093437973611437,-0.6203196727220662,-395.359487101206,-395.3594871012061,0.2239830387710115,1.044640197316558
1129,-0.48147574880652205,-0.5960607324075068,-398.27081299679287,-398.27081299679287,0.1772844476360863,0.8316306042426572
1130,-0.4813294971920495,-0.5913436006772952,-407.5323827147056,-407.5323827147056,0.18797615769065684,0.9608283172812796
1131,-0.4356727931160149,-0.6622842470543836,-709.5631641086193,-709.5631641086193,0.5205507430628795,1.8030000000000004
1132,-0.4776428169688853,-0.5942234818984785,-300.81566068515565,-300.81566068515565,0.1475475782662282,0.7882932882228856
1133,-0.4846356653368486,-0.597384910154298,-386.1709733428666,-386.17097334286666,0.19295207663095912,0.9597640726244893
1134,-0.4674677922658796,-0.6203805249286598,-235.5310578757693,-235.53105787576936,0.1715397900586017,0.7787603270602796
1135,-0.41332948940910935,-0.6397548433872353,-355.1253570295158,-355.1253570295158,0.2932208302873228,1.1190000000000002
1136,-0.49602077477568945,-0.6143684299783455,-232.31978134608835,-232.31978134608835,0.13935879578628135,0.6780444159457106
1137,-0.4137503647930678,-0.6416507302402868,-304.85263471271236,-304.85263471271236,0.33353759086441503,1.0240000000000002
1138,-0.46133985011930856,-0.6172169209743584,-543.5300344006366,-543.5300344006366,0.27458601163744256,1.2636119254253373
1139,-0.4850692163751736,-0.5951958239450346,-438.73884316680204,-438.7388431668021,0.2022257896243288,0.9879006137827764
1140,-0.4734862596333809,-0.626256403307913,-350.89192025183667,-350.89192025183667,0.2180092131683974,0.9517812723797505
1141,-0.4628512337824743,-0.5770199782832909,-949.1240700743966,-949.1240700743966,0.3462158695352304,2.1338789124504958
1142,-0.5026820171192591,-0.6228813162389307,-237.207645731925,-237.207645731925,0.15362948433696844,0.7244804992199366
1143,-0.5077501582859211,-0.6346151227416168,-243.92669413269016,-243.92669413269022,0.17890459161623898,0.801025828832596
1144,-0.44769626369959553,-0.5757686639023059,-1113.501273705069,-1113.501273705069,0.4038108926548634,2.3260112677430804
1145,-0.4836341794818597,-0.6041490865882538,-537.5239421904943,-537.5239421904943,0.24915375477907065,1.0854335423440284
1146,-0.4979695778341124,-0.508756041770088,-115.17052929865416,-115.17052929865417,0.03984392406036254,0.24032637400706383
1147,-0.42548168404380055,-0.6675083169849096,-532.2912381735912,-532.2912381735912,0.458989399653963,1.2940000000000005
1148,-0.47120840002062336,-0.5886548555831558,-799.1864697067002,-799.1864697067003,0.32647740145802984,1.8471427685701174
1149,-0.48754893445005093,-0.610637940176419,-455.91229444009366,-455.91229444009366,0.2295451200006983,1.0227218753742022
1150,-0.5168814724578743,-0.6185434595346092,-195.25947582750382,-195.25947582750385,0.13469267214597033,0.6820568813416329
1151,-0.49119979940406866,-0.6099335378064957,-409.37700706486845,-409.3770070648685,0.21052690963104784,0.9886026399367256
1152,-0.49302691122169784,-0.6089480531429656,-185.12921263412449,-185.12921263412449,0.11873142549436293,0.5711310439443692
1153,-0.48815241262604064,-0.6052098231407186,-382.9295020090112,-382.9295020090112,0.19319433403814415,0.9352652235924388
1154,-0.49013100396448306,-0.6084108379226254,-353.665178085177,-353.66517808517705,0.1917497239371742,0.9606840123368827
1155,-0.5168969181420554,-0.6142433430238389,-181.44684510373003,-181.44684510373003,0.12294110153575888,0.6100037329212331
1156,-0.43624232704345145,-0.6262632816008125,-1238.8915432393826,-1238.8915432393826,0.5515539844810665,2.5930000000000004
1157,-0.4806421086258789,-0.5969507815016247,-339.87468967963105,-339.87468967963105,0.16468787683323902,0.8308465667037996
1158,-0.4839890715772619,-0.5930580539201774,-463.35728282168566,-463.35728282168566,0.19886207623043042,0.9458757623937878
1159,-0.4800208141619433,-0.5956987054153893,-361.76048060598237,-361.76048060598237,0.16712516935344388,0.8152551809620149
1160,-0.43727699841946066,-0.6317714358963304,-1172.0385098367522,-1172.0385098367524,0.5917086412542615,2.8
1161,-0.4891842303415961,-0.605487134349326,-185.2551984877133,-185.2551984877133,0.13095938860728684,0.6194050638176212
1162,-0.4759238202997801,-0.5883777292649185,-707.9664140897003,-707.9664140897004,0.2742137742437182,1.5285048584362357
1163,-0.5151008659541829,-0.5927706175564822,-147.3018463735592,-147.30184637355921,0.0829234101623291,0.5096531245641839
1164,-0.48266083070863836,-0.612701579639142,-207.87028602659873,-207.87028602659876,0.14505057013139036,0.6830268248892628
1165,-0.43108195888626405,-0.6593871687586179,-623.6232434485403,-623.6232434485403,0.47403236242039143,1.6420000000000003
1166,-0.4674634666296101,-0.626091407045725,-297.0210915416394,-297.0210915416394,0.19276315820180712,0.8607087317104654
1167,-0.484185163249073,-0.5990519153391108,-386.5546218487397,-386.5546218487397,0.18239012865475004,0.8792717997783459
1168,-0.4849246788039719,-0.6038219334376496,-246.1238084299993,-246.12380842999931,0.1329476432925023,0.6617878367936516
1169,-0.48234488271214837,-0.5953231698640512,-482.2134387351784,-482.2134387351784,0.20273093986908283,0.93087749354193
1170,-0.48765815673614377,-0.6038708082714773,-512.9008202833724,-512.9008202833724,0.24208401578654618,1.0757039496163086
1171,-0.4877986120525353,-0.6088737765257826,-435.6213548676537,-435.6213548676537,0.21609695855747738,0.9785907778371792
1172,-0.4411725475627744,-0.6255206122091996,-970.0611056880751,-992.4612729890277,0.4434347592966165,2.231048663397322
1173,-0.4254516325536601,-0.6712514706044974,-560.4210526315799,-560.42105263158,0.4898742051129367,1.3310000000000004
1174,-0.4724780773129741,-0.5993032922444339,-584.1854124062711,-584.1854124062711,0.24800627253580307,1.1224503407415178
1175,-0.5144211534517221,-0.6143202138391559,-182.8530771967275,-182.85307719672753,0.12620014602782878,0.6232860411155833
1176,-0.4498819587180849,-0.6257047223737752,-479.63924569554683,-479.63924569554695,0.28906586412125657,1.3423873334667424
1177,-0.5040057295945638,-0.5469685887616825,-127.12150162976299,-127.12150162976299,0.05570447241152892,0.33053938298110475
1178,-0.4896011184796897,-0.6080786841516302,-378.0292778939604,-378.0292778939604,0.19529685599527383,0.9436997728500767
1179,-0.4310352992314657,-0.596909251553719,-1315.3988868274587,-1315.3988868274587,0.537492111110213,2.6262612709157196
1180,-0.5084160326768854,-0.5714663753206839,-137.21575152523602,-137.21575152523602,0.0689724824131792,0.4006074216321406
1181,-0.45031783372803463,-0.5796666490240394,-1070.3427719821204,-1070.3427719821204,0.36265068125354727,2.0811966342376493
1182,-0.48486990411753633,-0.6048068206291718,-316.6447604253796,-316.6447604253796,0.1643083833274578,0.852889280961475
1183,-0.4471243714306854,-0.615131292994775,-665.80682143881,-665.80682143881,0.34131853102498494,1.6988530879531407
1184,-0.4833203034505146,-0.5928222659394249,-572.3590150913427,-572.3590150913427,0.23790816290362862,1.2088115347721462
1185,-0.49430527627829207,-0.6186313309222299,-310.0458317849633,-310.0458317849633,0.1801229824427337,0.8669527938701252
1186,-0.4313179870144561,-0.6270493075845703,-972.8827701293301,-972.8827701293301,0.47813171169471935,2.3319999999999994
1187,-0.5047572383195489,-0.6227733260419638,-244.89590666800842,-244.8959066680085,0.1569281528756895,0.7641914545746719
1188,-0.4853885413684397,-0.6102835999049939,-521.5907151391023,-521.5907151391024,0.2608503995859071,1.1422172876933798
1189,-0.4852532482394697,-0.6020984176362154,-319.34214509131345,-319.34214509131345,0.16924287361957263,0.8873470236066013
1190,-0.5065929156056852,-0.6193006167027097,-216.59425664935898,-216.59425664935907,0.14045678885653867,0.6814607686381993
1191,-0.44828242919974587,-0.5769262984809842,-1077.4289985052333,-1077.4289985052333,0.36931930662376555,2.2286009322776
1192,-0.43893788538148504,-0.5961953984807312,-1212.886084357359,-1212.886084357359,0.4297920049410446,2.091042864198839
1193,-0.48750964930365226,-0.603318003452622,-414.55160744500853,-414.5516074450086,0.19878195223608763,0.9293233286764139
1194,-0.5002826111630756,-0.6321779473527532,-237.13865752082438,-237.1386575208244,0.18307725218681173,0.8137507125052736
1195,-0.438560246422333,-0.6362245783761032,-649.0934449093443,-649.0934449093444,0.4256623430740563,2.0635350978423572
1196,-0.4945809682108767,-0.6330602476410889,-321.49088025376653,-321.4908802537668,0.2106092914445441,0.9489405550993948
1197,-0.4834097405218282,-0.6201313176983914,-349.83324556784305,-349.83324556784305,0.19998713468808196,0.9662184345032964
1198,-0.4937093533099188,-0.6197758058291821,-352.06094408924076,-352.06094408924076,0.2012175220750207,0.987816536932443
1199,-0.48553010432090626,-0.6183916938259187,-342.3438272622385,-342.3438272622385,0.19255538590903157,0.9395421495034407
1200,-0.41740906063760813,-0.6529694750282186,-453.7700443534634,-453.77004435346356,0.37935693057284603,1.3300000000000003
1201,-0.4937056225814257,-0.6125672955949982,-214.81668136575553,-214.81668136575564,0.12808296541985878,0.6159850763953446
1202,-0.4795417502635716,-0.5988336958444059,-291.59234153882784,-291.59234153882784,0.14530396134041684,0.7503222319898669
1203,-0.5018276712416345,-0.6147518687433856,-201.15883612545701,-201.15883612545701,0.1292458331696373,0.6291198136886842
1204,-0.4970337820833021,-0.6191496959836921,-301.56334231806005,-301.56334231806005,0.18041920563327393,0.8691511678691769
1205,-0.49066441960005197,-0.6252132406760192,-349.30963339152703,-349.30963339152703,0.2098268200304873,1.0182531742762566
1206,-0.4768150953844071,-0.6187347556544206,-427.3190621814474,-427.3190621814474,0.23586423135850704,1.0723465022607503
1207,-0.5099805118870431,-0.6079581334592696,-172.8409221240968,-172.8409221240968,0.11010756613389266,0.5691082827926554
1208,-0.48122663473357763,-0.5954628988825134,-358.3759971425174,-358.37599714251746,0.16769141313767968,0.8294453293952462
1209,-0.4873669784718706,-0.6095366450639258,-236.19592048850257,-236.19592048850257,0.1335544865917999,0.6476313292238735
1210,-0.43048265553728543,-0.6491208821150138,-523.372526527103,-523.3725265271032,0.40798308453484156,1.8249999999999995
1211,-0.484708817921914,-0.6025165470538973,-545.5650060753358,-545.5650060753359,0.24278018802717752,1.1356223331566702
1212,-0.48121665020801374,-0.5944809658055414,-363.63636363636385,-363.6363636363639,0.17621587604448916,0.8879558994743592
1213,-0.4840134848151829,-0.6044677630348078,-274.7342600163542,-274.7342600163542,0.1448138889998442,0.6964205808181115
1214,-0.47709196418918803,-0.6060583495141109,-413.4268917124977,-413.4268917124977,0.19855426365245063,0.9070713891093279
1215,-0.4244606182666974,-0.6532533833642721,-386.593470095349,-386.59347009534906,0.3547294229464857,1.3380000000000003
1216,-0.47381638970911477,-0.5879507022885203,-687.1031311583101,-687.1031311583104,0.2592877603872717,1.3850759161696493
1217,-0.4889987880106201,-0.6136955227161925,-213.64122954580273,-213.64122954580273,0.1330163806890896,0.6137231624329058
1218,-0.4715675327473545,-0.6274528583375127,-395.36409359282794,-395.36409359282794,0.2464095823117301,1.1432507091676474
1219,-0.4769362472454809,-0.5897701900254456,-352.44519392917357,-352.44519392917357,0.16318645845316304,0.8177724897193701
1220,-0.49975850750363376,-0.6073918247347612,-178.94274417923583,-178.94274417923583,0.12086080761027566,0.590904562539079
1221,-0.4811586625373724,-0.61710070943434,-508.76854885334444,-508.76854885334444,0.27183644424939746,1.1939945138763284
1222,-0.4771443687282103,-0.5915094255771741,-336.26621545403356,-336.26621545403356,0.15840743817673233,0.8055563884881963
1223,-0.4495515094402213,-0.5950031809507618,-950.3583753650128,-950.3583753650128,0.42619274734699636,2.1485706859248026
1224,-0.4639912938452861,-0.6426806087913649,-400.3241491085903,-400.32414910859046,0.30154018469243266,1.302658396714096
1225,-0.4836337073019379,-0.6076258501445302,-302.3255813953492,-302.3255813953492,0.15702198592302544,0.7597509147241921
1226,-0.4769018920233964,-0.5942779030844779,-627.4953694175782,-627.4953694175783,0.25576441144704537,1.2120698719527017
1227,-0.47829432557227336,-0.6021153273960972,-590.7902674441976,-590.7902674441976,0.26516681544324644,1.1945751060093182
1228,-0.48429140142201554,-0.5988748476749234,-347.3996117298455,-347.39961172984556,0.17650038968617385,0.9004280215510566
1229,-0.43322857178453644,-0.6678725592483009,-706.7003792667526,-706.7003792667526,0.5271003281090167,1.6770000000000005
1230,-0.48657657271392046,-0.6319228004328962,-315.5730377257289,-315.57303772572897,0.20723122701395108,0.9274312019275037
1231,-0.48697186482735444,-0.5995387650963911,-453.224341507721,-453.224341507721,0.2087418385105765,0.9930014237166997
1232,-0.5138890450871374,-0.623765018782723,-211.7930204572805,-211.79302045728053,0.14711300516374468,0.7151023891949418
1233,-0.43992259387612187,-0.6387677067828261,-1013.2284590632814,-1013.228459063283,0.549610017959297,2.803710062724989
1234,-0.4889504123032488,-0.6073332180279225,-357.7800950063725,-357.7800950063725,0.18920253708225337,0.9355094597837498
1235,-0.4146083816841847,-0.6492945566455394,-451.05282600664964,-451.05282600665004,0.3591070952950038,1.2210000000000003
1236,-0.4781049354072654,-0.5960852006357245,-289.4586894586899,-289.4586894586899,0.14255385955828384,0.757651059196814
1237,-0.4852910598750216,-0.5996958982886145,-543.2963279248519,-543.2963279248519,0.23103983635864098,1.1050360295313884
1238,-0.4875866002672409,-0.6011675973067899,-458.37218595977345,-458.37218595977345,0.2137115339900372,1.0068530881296214
1239,-0.431353426457889,-0.5949813735183065,-1158.451869004302,-1158.451869004302,0.487284409675741,2.4753999661759973
1240,-0.46345625773446597,-0.6075721505432081,-733.0818203253948,-733.0818203253948,0.3652401455171803,1.6289864507733918
1241,-0.4993800725874235,-0.611508594997861,-188.8724235484312,-188.8724235484313,0.12042123884685992,0.596483773632531
1242,-0.4943527991597924,-0.619506822990297,-344.65955485315493,-344.65955485315493,0.19713963129398604,0.9785838214184055
1243,-0.4474363354765921,-0.5898652509697364,-947.2295514511911,-947.2295514511911,0.374471936636992,1.9426850450010749
1244,-0.48380516344701857,-0.6081566307448635,-311.075158111488,-311.0751581114881,0.1578409409201492,0.7916036734029691
1245,-0.463811139443522,-0.6160264924425591,-552.871579985213,-552.871579985213,0.28877180079525383,1.3046061754651246
1246,-0.48853482613936394,-0.5979943799766544,-465.4942389326876,-465.4942389326876,0.21058699880274204,0.9992316920636548
1247,-0.4634043536970289,-0.6153177217096955,-659.6508012437214,-659.6508012437214,0.34931499762787355,1.5845316796040214
1248,-0.49150612534194044,-0.6120575060077644,-351.52238805970154,-351.52238805970165,0.1922854366168162,0.9548214466300123
1249,-0.4981670758529439,-0.6053411282012738,-175.57583659278612,-175.57583659278612,0.11427395522531324,0.5642949080596533
1250,-0.5097292882862395,-0.6176785388389966,-204.1619215239677,-204.16192152396775,0.13382817978392597,0.6668189691176784
1251,-0.4996515190878617,-0.6384068158746597,-289.387564282375,-289.387564282375,0.20450608883638263,0.9133406195709768
1252,-0.5063051060309133,-0.616522288949795,-206.41665781366265,-206.41665781366265,0.13232052635666386,0.6507274817518623
1253,-0.4831225169602082,-0.5986365717882973,-337.42721016410803,-337.42721016410803,0.17103234450436747,0.87142334214249
1254,-0.4853298030599154,-0.6078488208909518,-420.6885709794061,-420.6885709794061,0.20604486017637189,0.9416306922749674
1255,-0.48598394635511694,-0.6031625729435469,-354.5950970140582,-354.5950970140582,0.1807725313185322,0.8999080443149763
1256,-0.4868339952773407,-0.6054442167416215,-418.96330144224,-418.96330144224,0.20188005886463717,0.9306134025019306
1257,-0.4735654852290474,-0.5954255190960195,-612.430632630415,-612.430632630415,0.24939688747659536,1.1158495477996613
1258,-0.4914873038304464,-0.6100998957978557,-195.2770208901004,-195.27702089010043,0.16185427214276735,0.7470665359128613
1259,-0.47965641489884636,-0.5915330017933129,-570.3197190907443,-570.3197190907443,0.22486741595925464,1.0618549180324302
1260,-0.42764454001556534,-0.6709586488758347,-579.9582463465558,-579.9582463465558,0.49246779560109083,1.3890000000000005
1261,-0.486723575254855,-0.6048354896067527,-321.8121875997018,-321.8121875997018,0.1716938855529675,0.8939859192361149
1262,-0.48027024865241186,-0.5901906590259893,-396.56070870245065,-396.56070870245065,0.18384231125063086,0.9286443587210033
1263,-0.4278269637430876,-0.656238504029331,-566.8055110541509,-566.805511054151,0.46165624804028776,1.7690000000000001
1264,-0.49297987601471316,-0.6132504464727787,-310.43869751858585,-310.43869751858585,0.17793085638570977,0.9418183602418279
1265,-0.5092684339488472,-0.5069442589536086,-114.22217729707904,-114.22217729707907,0.04420793506253088,0.24636541357830388
1266,-0.4908792157883575,-0.6245858703862045,-247.6719490279375,-247.6719490279375,0.16496853325621422,0.7317095934023332
1267,-0.48385080985046447,-0.6010261288617179,-249.12168636218485,-249.12168636218485,0.13272196179600215,0.6584874762825174
1268,-0.4808122643246933,-0.630627176604077,-312.2007278299177,-312.2007278299178,0.20500176137531204,0.907369280440975
1269,-0.47638105035696093,-0.5824639903773128,-424.31789878863304,-424.31789878863304,0.17713607842197143,0.9020771058950912
1270,-0.5065803185586691,-0.6187584828650308,-208.7733549959392,-208.7733549959392,0.13758191772556305,0.6688577117055292
1271,-0.4906469884301166,-0.6302300460677001,-314.37572541867,-314.3757254186701,0.2011165828153208,0.8989697482346073
1272,-0.504694424209353,-0.6110851761420935,-191.75085928549117,-191.75085928549117,0.11794038144447996,0.5924501295489062
1273,-0.42972935582328364,-0.6349161080084578,-751.9046041735676,-751.9046041735676,0.4476456693684508,2.2259427816737722
1274,-0.48302134208337993,-0.5893707118177054,-569.7089745543199,-569.7089745543199,0.22955643366033016,1.2119971186395924
1275,-0.42541879704676716,-0.6667523930737959,-533.9960238568592,-533.9960238568592,0.45843713845883177,1.3430000000000004
1276,-0.4842873994791587,-0.5955218013949534,-408.4005446737197,-408.4005446737197,0.19818145494665484,0.9970151850812008
1277,-0.4877235184496318,-0.6318560306242157,-272.5500620237464,-272.5500620237465,0.187936173335747,0.836089292836709
1278,-0.4918628232750632,-0.617337335581325,-229.297502555864,-229.29750255586404,0.14363025635754048,0.6627268171409467
1279,-0.4808878740811019,-0.5919953959184668,-385.78467344585385,-385.7846734458539,0.18249005977890317,0.9077238084168255
1280,-0.4877911470921513,-0.6009404034389032,-469.3962526023602,-469.3962526023602,0.21277349349513655,0.9906127112971334
1281,-0.48987729738495767,-0.606738934900041,-382.13204797668595,-382.13204797668595,0.20057268347996182,0.9842018487554658
1282,-0.5027881672410611,-0.6265944339022889,-262.3257992739202,-262.32579927392027,0.16851763270632042,0.7893019295753638
1283,-0.43257848697441004,-0.6191909837487763,-939.6633852016532,-939.6633852016532,0.5010814254684066,2.597407834916143
1284,-0.514772092670214,-0.5802567964226724,-140.58817501793214,-140.58817501793214,0.07628356229334958,0.4526475341916064
1285,-0.48143221426660276,-0.6075882665101893,-531.4231136580718,-531.4231136580718,0.24997910021360262,1.078400018343455
1286,-0.48189728748159394,-0.5943478791478721,-385.3964632059329,-385.39646320593295,0.18073919504392066,0.8867020780331814
1287,-0.5022371442379668,-0.6228665213187414,-267.743563856639,-267.743563856639,0.1683970734688368,0.8183592819353384
1288,-0.4787314494113759,-0.638949848377641,-361.9955384303386,-361.9955384303388,0.2589408820819984,1.118775199120112
1289,-0.5152359608051735,-0.599003750042548,-153.5428505160617,-153.54285051606178,0.0946559817466237,0.5340704759411224
1290,-0.4965943447990342,-0.6246148829709179,-291.21395036888026,-291.2139503688803,0.17757188573071306,0.8152809030518794
1291,-0.4901821040786015,-0.6152152285329218,-264.80284847685607,-264.80284847685607,0.152148633818583,0.7211821169566676
1292,-0.5211729175549491,-0.5670107350811915,-134.2803240483855,-134.2803240483855,0.07758579834790635,0.3980747195765527
1293,-0.4615053542336729,-0.6230981045732539,-540.5872193436962,-540.5872193436963,0.309180245218508,1.410960596992194
1294,-0.4811600835947801,-0.5967021728444392,-397.32720218422236,-397.32720218422236,0.1771204104605929,0.8312132601943105
1295,-0.4821993762593548,-0.6002137378649435,-600.8576022869393,-600.8576022869394,0.26898989232480175,1.2768211632709208
1296,-0.4791587929882451,-0.5918776752508577,-353.88628064684406,-353.88628064684406,0.17057954525217212,0.8548068382538548
1297,-0.48915700095511455,-0.6140473074477399,-406.69356043627704,-406.69356043627704,0.21412890464469433,0.9911791063055638
1298,-0.4939350892213755,-0.6154797349925173,-237.2139552332126,-237.2139552332126,0.14243229766299031,0.684125833105241
1299,-0.5055952309805957,-0.6310461316074583,-246.98555717503694,-246.98555717503694,0.1698350006625439,0.7804328289132543
1300,-0.4262247502851723,-0.5842789847183589,-1868.1796233703521,-1868.1796233703524,0.5481626327859772,3.053434870967805
1301,-0.49093551288155607,-0.6352421568040916,-249.41346327377744,-249.41346327377752,0.19496120919640006,0.8446046975842122
1302,-0.47394688617397235,-0.6208011030766041,-247.89008832188466,-247.89008832188466,0.16331598501458977,0.7228524804926398
1303,-0.4849760598554533,-0.5994978667918534,-545.888341021155,-545.888341021155,0.24387572604995128,1.1645917026885655
1304,-0.48347247993928333,-0.6241650140589353,-300.61674008810706,-300.61674008810706,0.18291929168473356,0.8303617627029224
1305,-0.43022373475539094,-0.6471538749332594,-705.9304703476505,-705.9304703476505,0.4479941262640125,1.7260000000000002
1306,-0.5063081731406174,-0.6262682663474901,-223.31556648899846,-223.31556648899846,0.15842023217653203,0.7275192515196359
1307,-0.4780425204605629,-0.6109069308095779,-365.2540818198502,-365.2540818198502,0.18859668916525957,0.8960424402986955
1308,-0.4810410130670176,-0.6219043694676597,-328.6994695445398,-328.69946954453997,0.19319455421898385,0.8491551525563731
1309,-0.4866950947587218,-0.5955149528163128,-557.7132204443061,-557.7132204443061,0.2302335524223774,1.151086571236101
1310,-0.428396277097104,-0.5898369673335344,-1236.1997746902002,-1236.1997746902005,0.4511332626283594,2.3254580138700565
1311,-0.4929196434396824,-0.6285361076316274,-302.7035474292866,-302.70354742928663,0.1909448743896497,0.8634895407534952
1312,-0.48837902157478047,-0.5993421398822547,-465.50260700861094,-465.50260700861094,0.21775319479520258,1.0301921808489232
1313,-0.4388687121343539,-0.6298367898462185,-1272.702050421194,-1346.0257020466506,0.538549932880625,2.8280000000000007
1314,-0.48851935667801333,-0.6335221468430475,-346.4442493415285,-346.4442493415285,0.22899189614015897,0.9990586828607313
1315,-0.47964377942078423,-0.5892363731098512,-402.1415167237008,-402.1415167237008,0.1811718513519595,0.9356622347806902
1316,-0.4991863670010768,-0.6227057069364407,-283.1168831168832,-283.1168831168833,0.17383013225865518,0.8223821091871149
1317,-0.466475139571527,-0.6102620361089358,-646.709432169162,-646.709432169162,0.3183746060567054,1.4400639422993036
1318,-0.5085246805255335,-0.6231342395760474,-222.4550567993826,-222.4550567993827,0.14894559039630909,0.7088304687283777
1319,-0.4790882456354458,-0.5888595504366303,-667.2035433863508,-667.2035433863509,0.2489573605780953,1.317099672475939
1320,-0.4355454286969133,-0.597937289732324,-1093.3653557490245,-1093.3653557490245,0.4978667115125753,2.4012360456887913
1321,-0.5038713662555244,-0.6053178489942962,-174.10129896284406,-174.10129896284408,0.10091316783585698,0.5274376408010404
1322,-0.49505499664323194,-0.6163835964656273,-233.51405875677727,-233.5140587567773,0.14216814232475405,0.6643208059783636
1323,-0.4298217301362032,-0.6223519695543934,-753.0377668308747,-753.0377668308747,0.4004304518364391,2.014030068225141
1324,-0.4509782014917558,-0.5832577383555044,-942.7159057865682,-942.7159057865682,0.3459775550003421,1.899242004521271
1325,-0.477682196938978,-0.6033662992585602,-433.09002433090075,-433.0900243309008,0.19913258648603277,0.8940419788317037
1326,-0.48067543962757253,-0.593192024717851,-377.59635010205307,-377.59635010205307,0.17105379831648435,0.831565803587738
1327,-0.4868513397847618,-0.6026869000820256,-486.9927159209164,-486.9927159209164,0.22534884791000057,1.0253605039339933
1328,-0.5116379534584586,-0.6118601204564208,-181.83054535563775,-181.8305453556378,0.13246183970913242,0.6348193184943011
1329,-0.48090789893580976,-0.5866935926557889,-612.0936499915789,-612.0936499915789,0.23525769467240717,1.2948242641376881
1330,-0.47092914039131806,-0.6212938684108862,-512.206047032475,-512.206047032475,0.28601350813045284,1.2697138185758943
1331,-0.44613498519018147,-0.6024446811530404,-791.3327396853682,-791.3327396853682,0.35199246355430513,1.74185037798026
1332,-0.4855113951485119,-0.6418420057464015,-304.20711974110054,-304.20711974110054,0.2302677448707869,1.0201084830835245
1333,-0.43494502306114363,-0.6313795080708142,-1019.5227765726693,-1019.5227765726693,0.5121324096219697,2.3500000000000005
1334,-0.48433540915488515,-0.6207184538965836,-265.2888361849914,-265.2888361849914,0.16274626862583175,0.7554627296111627
1335,-0.4587430508307424,-0.5778365639625735,-1001.0545742156601,-1001.0545742156601,0.352690248604323,2.0694499627728264
1336,-0.43636487099414284,-0.6205949050113475,-1335.5960967331423,-1335.5960967331425,0.6059710906306482,3.148
1337,-0.5082649695638399,-0.5795381691729424,-141.37190643010575,-141.37190643010575,0.07368663865852232,0.43243111967996817
1338,-0.4372235067723673,-0.6373448091003556,-517.7171527124491,-517.7171527124491,0.3177385588036222,1.5197976161370526
1339,-0.4852191134970364,-0.6012394868229197,-347.3213334753439,-347.321333475344,0.17935179149256927,0.9062760708814472
1340,-0.49038097827208416,-0.612584555812184,-281.38477678051106,-281.38477678051106,0.1579928056055761,0.7588578531189643
1341,-0.5040909451218236,-0.5993099830652112,-162.59530107359586,-162.59530107359586,0.12022823451823202,0.5823195367934528
1342,-0.4179858845234755,-0.6548346390819944,-452.61382799325554,-452.6138279932556,0.38437733594746115,1.3420000000000003
1343,-0.4896986385745964,-0.6097078647261078,-460.33810143042996,-460.33810143042996,0.23135067038190543,1.0699337314007893
1344,-0.4843777724805869,-0.5956271174670585,-452.69091397128057,-452.69091397128057,0.19847736607664054,0.9487636696409689
1345,-0.4580451401158695,-0.6376588572727167,-484.66413181242206,-484.66413181242206,0.3198259716530372,1.4494445701200132
1346,-0.4853139287951976,-0.6011358877366748,-503.0530765617682,-503.0530765617682,0.22722794530321103,1.0154268563916802
1347,-0.48749147526780123,-0.6204511108766247,-278.69887888836354,-278.69887888836354,0.16544335122996898,0.7483177942707485
1348,-0.4891034878253669,-0.6120629817334846,-222.19166781245713,-222.19166781245713,0.13071785464206173,0.6136388516121992
1349,-0.5063167752121153,-0.6197465831648882,-218.44504021447742,-218.44504021447742,0.14189146924554188,0.684098090464174
1350,-0.4848863775367539,-0.633258059443238,-317.9052185137379,-317.9052185137381,0.21283654681303438,0.9514614872656206
1351,-0.48643215087680547,-0.6139329667112657,-481.30135837665756,-481.3013583766576,0.2506083381544252,1.1248240359476824
1352,-0.49875298016290603,-0.624913642256307,-312.102704723919,-312.10270472391903,0.19048270479194168,0.8868000042495909
1353,-0.48007683181443156,-0.5794834760311668,-590.9562638991843,-590.9562638991843,0.21409928768403785,1.3048124321294075
1354,-0.4803947490695699,-0.5912007267226211,-394.81137419281777,-394.81137419281777,0.1796860546227771,0.8772492378831256
1355,-0.43352180298265647,-0.6492531855496682,-403.20353493510265,-403.20353493510265,0.3427101280304644,1.4599999999999997
1356,-0.43296278302314434,-0.6201383950383991,-912.8397375820081,-912.8397375820081,0.4932835490213616,2.5308817821899283
1357,-0.4746660459818718,-0.5834211430733732,-382.96684897868124,-382.96684897868124,0.1651827190618619,0.8201418149615893
1358,-0.4843480658665905,-0.6020586826332628,-292.78497805898587,-292.78497805898587,0.15504866940435844,0.8436646605121015
1359,-0.5008934516195157,-0.6239419796742082,-272.64623955431733,-272.64623955431745,0.17021349711958805,0.8142573240926285
1360,-0.47994313208188283,-0.586487390346224,-625.8685195082855,-625.8685195082855,0.23727189339067123,1.3095738976704938
1361,-0.43689694432985454,-0.5868089084660675,-1046.0333006856056,-1046.0333006856056,0.39366510157095663,2.1809958750622096
1362,-0.4880661870108073,-0.60374458114376,-230.0775193798453,-230.07751937984534,0.12701953331355845,0.6376465421929068
1363,-0.48386780305250143,-0.6221080302280445,-379.9892607839625,-379.98926078396255,0.22039680106731344,1.0341029063705294
1364,-0.5022431563338032,-0.6086035146739439,-179.87673785294555,-179.87673785294555,0.12282163369821417,0.6025733707606764
1365,-0.48029322060003066,-0.5809676536640185,-596.9159599074815,-596.9159599074815,0.21776705574433497,1.2986723470388637
1366,-0.45017845853483823,-0.5860929433224769,-1035.592776760016,-1035.592776760016,0.43437996128870954,2.3257496337011285
1367,-0.48031527238214633,-0.5904908838555499,-395.8532695374808,-395.8532695374808,0.1834507648261532,0.9030671287419583
1368,-0.5020364313315462,-0.5824785305153928,-144.752554066605,-144.752554066605,0.07867366705084984,0.4281285280247749
1369,-0.4828227267888508,-0.6391033819126186,-284.1285296981507,-284.1285296981508,0.21460454625159903,0.9110150330229764
1370,-0.43695200139198315,-0.6413617515913603,-948.1542928245602,-948.1542928245602,0.5373122791757255,2.2860000000000005
1371,-0.43555818370870897,-0.6020721124789039,-872.0130932896919,-872.0130932896919,0.37538955580563566,1.876480911248564
1372,-0.478280498935402,-0.5924253094819086,-345.1207072424354,-345.1207072424354,0.1633654472897043,0.8239049674662354
1373,-0.49654380027316575,-0.6182189657029961,-225.4366084522066,-225.43660845220663,0.14294668050903137,0.667524951704945
1374,-0.49701723951286425,-0.607448078775157,-191.9676961693768,-191.9676961693768,0.1109589837196902,0.5560307392572155
1375,-0.4353819129834643,-0.6326447992544786,-1220.9450830140486,-1220.9450830140502,0.5935626302446935,2.8680000000000003
1376,-0.48997796267157806,-0.6314315333060209,-355.1449398203092,-355.14493982030933,0.22852550032203744,1.053190515596727
1377,-0.43086177994751357,-0.6167653112278367,-1644.6776611694195,-1644.6776611694218,0.6281548974487058,3.291
1378,-0.49181391875898733,-0.6248638140297988,-329.390075280382,-329.39007528038206,0.1982091052209983,0.912267163684739
1379,-0.4830178287795162,-0.5949554447463832,-594.8692320506426,-594.8692320506426,0.25275399632133944,1.2984379918722275
1380,-0.4850686109517382,-0.6160760786731511,-280.07489467935716,-280.07489467935716,0.15866219708269397,0.7279522180851766
1381,-0.4799654414233324,-0.588378843971871,-701.5373740943638,-701.5373740943638,0.28322796747497486,1.622930957056484
1382,-0.42981587674843114,-0.6693537924858252,-591.9247353978831,-591.9247353978831,0.5014545934686678,1.5100000000000005
1383,-0.4329841780525591,-0.6025461463653763,-968.821791926487,-968.821791926487,0.42684208520398786,2.128749336813463
1384,-0.43281682034636415,-0.6270796482404113,-829.4645620550933,-829.4645620550933,0.47815094202807684,2.473443940643245
1385,-0.4867220374741218,-0.6057355851723983,-275.8693584187715,-275.86935841877164,0.14956430840498267,0.7426840204600968
1386,-0.42558025031588964,-0.6521378092107426,-411.0500433902239,-411.05004339022395,0.36183943171240224,1.4210000000000003
1387,-0.49435367291632376,-0.6077554239352536,-207.34659509525324,-207.34659509525324,0.11899835038087189,0.5867481413680053
1388,-0.4734802284054345,-0.5857722395619587,-788.3937823834216,-788.3937823834216,0.30981741342504954,1.8015657858685807
1389,-0.48995296467772037,-0.62677068762011,-262.0427081609006,-262.04270816090064,0.1721980678555061,0.7773699482036803
1390,-0.48732846961553944,-0.637065757101972,-302.0624201496628,-302.0624201496629,0.21340299511083835,0.9409506025855556
1391,-0.43764336800277776,-0.6439767726747927,-400.32994226010436,-400.32994226010436,0.31829296708238336,1.4136379440392965
1392,-0.4953429207863661,-0.633048143613861,-297.3696645140964,-297.3696645140966,0.19712002664858158,0.8699563192947213
1393,-0.47968531951666765,-0.6054171942257025,-643.1073562744701,-643.1073562744701,0.2911400672536607,1.3522551916862038
1394,-0.48179959515056364,-0.5907456140489546,-522.3548130469375,-522.3548130469375,0.2083799427633473,1.0464879721921163
1395,-0.4700691603010306,-0.6157182301253011,-475.92972849646424,-475.9297284964643,0.24945890550808034,1.10874520815141
1396,-0.4934594258876927,-0.6159522382128152,-319.54667601355305,-319.54667601355305,0.18241453580617306,0.9436426071732564
1397,-0.45211638745864136,-0.6073219956588027,-819.0798024434664,-819.0798024434664,0.4104403769541308,1.915642939966679
1398,-0.4856498710344746,-0.6019797679922909,-361.59743677766346,-361.5974367776635,0.1830163583195707,0.9041576897798969
1399,-0.4592282092021466,-0.6102364301762402,-708.051166290444,-708.0511662904441,0.3551233049057707,1.6403602513152242
1400,-0.47066688752343194,-0.5738486697283807,-860.8695652173915,-860.8695652173915,0.28820778140692327,1.7992683367571947
1401,-0.45874590017811173,-0.5969757796029264,-816.7725540025458,-816.7725540025458,0.36005087037793904,1.7042963855588584
1402,-0.4275644307313727,-0.6446610545486483,-667.4833741687082,-667.4833741687082,0.4471014105727989,1.9070000000000005
1403,-0.46779099300300553,-0.5750626440933659,-891.0478834142959,-891.0478834142959,0.3076436396011977,1.9199512090925763
1404,-0.4781777867555487,-0.5831804314393085,-686.2559241706176,-686.2559241706176,0.24990282591328744,1.4364726923699938
1405,-0.4968758471083287,-0.6311614491775057,-322.9924298649256,-322.9924298649257,0.20697608340498652,0.9360196891909134
1406,-0.47704482687857624,-0.5845495521066022,-397.9579997679542,-397.9579997679542,0.16559769368110044,0.8704449201152348
1407,-0.4813005092821044,-0.5949122234037311,-423.87972558750783,-423.87972558750783,0.18287531331509108,0.8832143422862849
1408,-0.4920310050541982,-0.6133290690277104,-206.3421170165258,-206.3421170165258,0.13088705056771396,0.621881752007557
1409,-0.4684807406116146,-0.6024640086696701,-679.2759340914375,-679.2759340914375,0.30868169056069156,1.3657976548515773
1410,-0.49030672080016074,-0.6097279270242738,-315.03102976754,-315.03102976754,0.17496216936953835,0.9217412894556162
1411,-0.4682759927920562,-0.5807170101749802,-873.9646295052619,-873.9646295052619,0.3280004408207611,1.9551905667078853
1412,-0.4942797601658739,-0.6087351319466582,-201.0575928267615,-201.05759282676155,0.11583758436407705,0.5695786911373408
1413,-0.4250221642986502,-0.6571398408349884,-523.4001910219673,-523.4001910219673,0.43833746131705764,1.6440000000000003
1414,-0.48427732877096097,-0.5926753715246328,-451.9903636572226,-451.9903636572226,0.20384435709774096,0.9889393604932253
1415,-0.478479509910143,-0.5849973674387274,-436.1561561561592,-436.1561561561592,0.18037988081495732,0.9010193291527276
1416,-0.4806297116897229,-0.6188787233604426,-505.3616689413165,-505.3616689413165,0.27581521623938815,1.2138414537762414
1417,-0.48003437056669207,-0.5859810572076154,-576.1330843659855,-576.1330843659856,0.2162408657243013,1.11208709399584
1418,-0.5017534590556423,-0.6063176884551885,-179.10919237654016,-179.1091923765402,0.10439194662660822,0.5538498769163732
1419,-0.48911867433742945,-0.617140459759776,-234.61715513272992,-234.61715513272992,0.1457533770818471,0.662627714983706
1420,-0.4994732307025857,-0.6172775963349121,-243.73129707976506,-243.73129707976506,0.1494678256053655,0.7291351152019178
1421,-0.4368124669783551,-0.6187229483300525,-699.8454404945935,-699.8454404945935,0.36643549533470665,1.7377823742762952
1422,-0.49361380294924173,-0.6309978341615323,-339.8196487897486,-339.81964878974867,0.21745444153716223,0.979772626614331
1423,-0.4831378489541273,-0.5873691829125988,-582.8588115053291,-582.8588115053292,0.23279284789626564,1.282069402079948
1424,-0.47347208228485255,-0.5988475897674354,-700.3188097768362,-700.3188097768362,0.31124367148705256,1.524056490691562
1425,-0.4782080887673794,-0.5907335960921977,-562.7295573168385,-562.7295573168385,0.21730850290094048,1.0326992624976736
1426,-0.4822053940986263,-0.6010658469135393,-477.61739448200296,-477.617394482003,0.2022102163464864,0.9168805193115577
1427,-0.46637260974139283,-0.6361130798304218,-334.1645885286803,-334.1645885286803,0.23997156617791449,1.038636561401683
1428,-0.5032679863149658,-0.49545527419976176,-112.27812204600386,-112.27812204600386,0.040070643353710224,0.22415622028675852
1429,-0.4745264977916509,-0.5846886174650795,-372.23059969841165,-372.23059969841165,0.16188746011816987,0.803618306643154
1430,-0.47703832962229364,-0.6100786200040696,-202.50521920668118,-202.5052192066812,0.13798592997885004,0.651171170175606
1431,-0.436029331460021,-0.6284512727986723,-1155.8562762482584,-1155.8562762482584,0.539172688654743,2.4770000000000003
1432,-0.4961912371247026,-0.619991775592584,-266.5222101841827,-266.5222101841827,0.16065799856089202,0.767205261445174
1433,-0.46819384483915466,-0.5937624167175799,-689.8627498194073,-689.8627498194073,0.2781139133787738,1.2877705559410177
1434,-0.48848769509045464,-0.6073613458898882,-260.5852717333053,-260.5852717333054,0.14440160408517255,0.7019207495230875
1435,-0.4762303372281077,-0.6145666419515396,-512.4319204357098,-512.4319204357098,0.23769446644808825,1.0437379389354335
1436,-0.4834081379795599,-0.5921814355618672,-583.1366997011179,-583.1366997011179,0.241826499647089,1.2781030773174122
1437,-0.47924723414425774,-0.5865978180188114,-711.2309074573244,-711.2309074573244,0.2794898845886546,1.6084450795125071
1438,-0.4797329949980884,-0.5819898438958321,-525.0106883283459,-525.0106883283459,0.19517110373541416,1.0186554114504613
1439,-0.42283452025704943,-0.6731392140384505,-627.0320483046908,-627.0320483046909,0.5106888293076685,1.3500000000000005
1440,-0.4774948875439192,-0.5790662937187593,-731.7439459358028,-731.7439459358028,0.25841316966244915,1.5524063037977132
1441,-0.49353800966835576,-0.6374075410192467,-254.0102238674422,-254.0102238674422,0.1980574620226268,0.8455937851834605
1442,-0.43609328826066496,-0.6236846002965439,-1112.650382792568,-1112.650382792568,0.5315823073680384,2.6475793671464567
1443,-0.49828612723428384,-0.6201674153323199,-240.0446594715297,-240.0446594715297,0.1504749934411625,0.7181354565494783
1444,-0.48770204689739516,-0.6216434582926541,-261.5609281194221,-261.5609281194224,0.16237205836478177,0.759241976216183
1445,-0.4735880473864026,-0.6038911441884386,-512.393068655408,-512.393068655408,0.23048551821888624,0.9979946268061999
1446,-0.49321321565256065,-0.6170762028364205,-330.00883726802255,-330.00883726802255,0.18653765727141952,0.9454637510456716
1447,-0.48062357578684106,-0.5908245400784274,-467.3010119317342,-467.30101193173425,0.188568667196587,0.8895634701776302
1448,-0.5066833856271021,-0.6223459262145825,-227.20882448361743,-227.20882448361743,0.14948913654355211,0.7113331309530035
1449,-0.48857576163900407,-0.6004578631954467,-453.5995160314584,-453.5995160314584,0.21503685146993182,1.0260455635124122
1450,-0.43289403297913687,-0.5941965122152953,-1583.5671342685405,-1583.5671342685407,0.5920176501873003,3.1316281300238624
1451,-0.5112267895807086,-0.6289700537637921,-226.83982683982708,-226.8398268398271,0.16153292741348516,0.7391537633712569
1452,-0.48377386379352194,-0.593666736215624,-464.3581766535918,-464.3581766535918,0.19878312502725765,0.9406557210698271
1453,-0.4864024006380292,-0.5949761227357642,-486.2092862092857,-486.2092862092857,0.2037809648384932,0.9799406188062025
1454,-0.48278262407651784,-0.6017056683219483,-438.4528968062922,-438.4528968062923,0.19951968514427054,0.904532429672159
1455,-0.4292803886921741,-0.5960319956551011,-1565.279770444764,-1565.2797704447644,0.5399044694990127,2.9746373758481073
1456,-0.5018058412560435,-0.6126471017430369,-190.86973632428212,-190.86973632428217,0.12353094768754254,0.6195525103209139
1457,-0.48240310706497186,-0.5996891708044682,-328.72011895230554,-328.72011895230554,0.16498975488415538,0.8465193881775648
1458,-0.48871102108617703,-0.6416814600178121,-307.3958524499911,-307.3958524499911,0.22892633738617232,1.0061339748808067
1459,-0.4816936527074469,-0.6030574483097985,-658.0752442319686,-658.0752442319686,0.27957573228863386,1.3105191368260385
1460,-0.48911360433764506,-0.6183008376098735,-363.44119000153347,-363.44119000153347,0.20320463903849706,0.9755959376142717
1461,-0.43541746428196315,-0.6048400600432777,-1479.1063301613592,-1479.1063301613592,0.584387164990866,3.1716758165520815
1462,-0.4812560069923349,-0.5917478659926342,-390.0890754581753,-390.0890754581753,0.18412429608612066,0.9075180820362128
1463,-0.47889076043933265,-0.5906689199980577,-796.5310206804583,-796.5310206804583,0.2868587778503268,1.490070815375908
1464,-0.4880452546070306,-0.6261304218190367,-228.6511627906977,-228.65116279069775,0.18519244866418946,0.8520209956777411
1465,-0.4832741660726678,-0.5921108088250704,-450.9330963564813,-450.9330963564813,0.19314658791277942,0.9336548787817942
1466,-0.4936436441521057,-0.6353483331256767,-316.543209876544,-316.543209876544,0.21331287173526636,0.9526010484454115
1467,-0.42989289328804514,-0.5859529518271203,-1199.5746189294591,-1199.5746189294591,0.4407239988607265,2.2830380259111305
1468,-0.449131777381392,-0.6300388677578516,-287.5471698113208,-287.5471698113208,0.21185370748965215,0.9036058990338768
1469,-0.4557311033134715,-0.6274722036838203,-503.48387096774263,-503.4838709677427,0.3055020196942331,1.4358680094396843
1470,-0.4567322634987766,-0.6035394757134237,-820.1765447667121,-820.1765447667123,0.3923694650268414,1.8039768883135936
1471,-0.4697674828192592,-0.5781084665643887,-847.6361192023306,-847.6361192023306,0.30134504635979703,1.8278760174001667
1472,-0.4874483903099732,-0.6044155573477807,-395.579965999739,-395.579965999739,0.19188022865287885,0.9051662837236218
1473,-0.51438180618061,-0.5383631450035821,-122.68588011608126,-122.68588011608126,0.05604838054735626,0.3146837767805096
1474,-0.47784749309735386,-0.5896096209310611,-711.8089000192664,-711.8089000192664,0.2860741989712388,1.6078502305607347
1475,-0.44426806446915595,-0.6123808698679277,-780.6691449814116,-780.6691449814117,0.394120889693498,1.8902447257878485
1476,-0.493981080536418,-0.6195731023205063,-301.45262887260617,-301.45262887260617,0.17557994993724801,0.8260218626275962
1477,-0.4484536993363959,-0.6458070606366288,-374.01273885350497,-374.01273885350497,0.30622364268192487,1.325888921432968
1478,-0.4828389577676552,-0.5877855763010964,-515.0330322232704,-515.0330322232704,0.20791330081876946,1.070430463166433
1479,-0.5085987407690078,-0.598986606592378,-155.8944281524927,-155.89442815249274,0.09130547520103498,0.5066636262489544
1480,-0.48145532626921517,-0.5909388995737411,-487.246066900872,-487.246066900872,0.19604302036432542,0.921770105937604
1481,-0.5055568169665413,-0.6112880986194846,-182.33310856372213,-182.33310856372222,0.12383477891897238,0.6121761583867109
1482,-0.48444549187872227,-0.6058029791058236,-548.8412017167418,-548.8412017167419,0.26199572041247515,1.158819964220846
1483,-0.4573572672917231,-0.6028587919103344,-813.893873365806,-813.893873365806,0.37904894063041283,1.7848732021753353
1484,-0.4796472349822709,-0.5905321252699536,-378.3867312248893,-378.3867312248893,0.17846467052659953,0.8966658685205079
1485,-0.4705610413824214,-0.621517851238877,-363.47863803947155,-363.47863803947155,0.21434242891021743,0.9910818221358233
1486,-0.43390136069251345,-0.6130481526852554,-1264.867144664703,-1264.867144664703,0.5486249224930202,2.9989999999999997
1487,-0.432796399358443,-0.6369308944781076,-733.052124133776,-733.0521241337761,0.47121003514979243,2.3512927338530414
1488,-0.48521193072625335,-0.6032602929671099,-542.5061425061429,-542.5061425061429,0.2526042229974961,1.159331593290647
1489,-0.4908345895176877,-0.5978482474053974,-162.65732037597587,-162.6573203759759,0.1018527284292664,0.5348179272258774
1490,-0.4171195958783679,-0.6449766743693894,-338.0281690140846,-338.0281690140846,0.3149528546164773,1.1280000000000001
1491,-0.4825565307454716,-0.5902937721684196,-578.4517158818838,-578.451715881884,0.23317156187096794,1.219964265870893
1492,-0.4696684775854524,-0.6186294084760958,-516.8000000000005,-516.8000000000006,0.2793796049844972,1.2344638973812117
1493,-0.4918189222832945,-0.6108211735744239,-260.76979242724593,-260.76979242724593,0.14906234629106652,0.7270938190779133
1494,-0.4926059430019517,-0.6089269860299692,-230.57405645417055,-230.5740564541707,0.13287256046380685,0.6668395118768113
1495,-0.4979824648487896,-0.6151691897267152,-238.89755590223623,-238.89755590223623,0.1447706409656719,0.7143448179520199
1496,-0.43274811900977983,-0.6464632531399318,-688.4437596302021,-688.4437596302021,0.4784190153540545,2.234
1497,-0.5128445664902023,-0.6064919716191093,-168.3755404570723,-168.37554045707233,0.11300754425671983,0.5721222693191204
1498,-0.43281248536243083,-0.629807444433349,-827.575474634302,-827.5754746343022,0.4891995733586981,2.557498989750118
1499,-0.4542829252556447,-0.6310618467439432,-330.0074831628839,-330.0074831628839,0.22838202448491118,1.000082736919744
1500,-0.48108295726332084,-0.5956254491628303,-665.5339028446496,-665.5338937578265,0.28897587916812334,1.5625011564017612
1501,-0.43025462703559625,-0.6069189348131527,-1129.8372513562408,-1129.8372513562408,0.5051110864395417,2.4660159517583318
1502,-0.43234207976182404,-0.6164794889729485,-1387.8667329686714,-1387.8667329686718,0.5425962067239829,2.791
1503,-0.49165158202301,-0.6101894686606847,-403.45821325648484,-403.45821325648484,0.2090734513829099,0.9909851604959035
1504,-0.47954675294225285,-0.6162867259004859,-394.3741740607901,-394.3741740607901,0.21467729134618985,0.9923449311916778
1505,-0.5021734235151951,-0.6293064768691475,-269.12656431428286,-269.12656431428286,0.17495757702938292,0.807857187556478
1506,-0.4840604607672167,-0.5950890377736796,-416.65735047512607,-416.65735047512607,0.19566623659490187,0.9822316724776419
1507,-0.4305640244932268,-0.6405544839525021,-583.6575875486382,-583.6575875486383,0.3989157192765301,1.95
1508,-0.47111056052576095,-0.6155559937384181,-414.60206095154683,-414.60206095154683,0.2232199502005846,1.0163342975016403
1509,-0.48259953223666985,-0.6048619053962443,-319.17226257366104,-319.17226257366116,0.1605978455653348,0.8200695378362085
1510,-0.4841891453800939,-0.591972275999981,-563.7203756148472,-563.7203756148474,0.23380629304363407,1.2372439941976452
1511,-0.4733691085824987,-0.5938530854898729,-652.0487264673327,-652.0487264673327,0.2635669805828452,1.2347071580432007
1512,-0.4801946719976577,-0.624497011902013,-241.91412899564963,-241.91412899564966,0.17038325391783457,0.7466949500640891
1513,-0.4370960269423027,-0.6433455621461202,-1111.6257526632733,-1111.6257526632733,0.5898926224095835,2.4000000000000004
1514,-0.4346630066240001,-0.6180838869388313,-1274.1709481550674,-1274.1709481550677,0.5443137773235971,2.7280000000000006
1515,-0.5055210219967775,-0.5964807571317566,-154.00118553645552,-154.00118553645552,0.08635937054568661,0.48265718999995516
1516,-0.43610201194899634,-0.6226315558537537,-1240.240240240243,-1240.240240240243,0.5548987406961539,2.891
1517,-0.5142445511567021,-0.6230849518599997,-211.52856407617114,-211.52856407617114,0.14546814606425099,0.709338878810597
1518,-0.49047284993080137,-0.6081774498181581,-237.23228995057747,-237.23228995057747,0.1348842135681063,0.6656161946410997
1519,-0.433352366471914,-0.6048009145592769,-1631.1150286469797,-1631.1150286469804,0.5933186158981459,3.1590380445280655
1520,-0.4967545097715205,-0.6086566677465463,-206.36685194542693,-206.36685194542693,0.12072536979342226,0.5978199066513633
1521,-0.484765089913175,-0.6197268000508618,-468.340807174889,-468.340807174889,0.2584820307852904,1.1470287575702984
1522,-0.43257966493459665,-0.6162832526223693,-1433.2506203473968,-1433.2506203473968,0.5793820459085859,2.888000000000001
1523,-0.48310680767429476,-0.592484562643463,-436.6044551475012,-436.6044551475012,0.1928373634048897,0.9496696698625465
1524,-0.43512638340258847,-0.6171934855229103,-965.5280476339742,-965.5280476339744,0.47669069737823333,2.436385733693233
1525,-0.51781500678015,-0.5529536533274494,-128.14371257485053,-128.14371257485053,0.06653197707413373,0.3471242328005749
1526,-0.4943060177898015,-0.6145201481066973,-272.356448070286,-272.356448070286,0.15831881825382366,0.7820651589237881
1527,-0.4863917192544492,-0.6055217210292122,-389.06574394463865,-389.06574394463865,0.19119534571443425,0.905407027136443
1528,-0.42656209768014175,-0.6638112417265752,-552.1546516310937,-552.1546516310937,0.44280263199075115,1.3710000000000004
1529,-0.4831860296692344,-0.5997839315888519,-353.5168195718666,-353.5168195718666,0.17215193198133058,0.851510508417349
1530,-0.4359898569807496,-0.664199076667181,-732.3212145425475,-732.3212145425483,0.537020331137419,1.8330000000000004
1531,-0.5003696491442415,-0.6088088728595248,-184.43838216107244,-184.43838216107244,0.11095466948130041,0.5757747796741096
1532,-0.4966577801102773,-0.48802752031475094,-111.03055411703798,-111.03055411703798,0.03676964422165444,0.20948551436388413
1533,-0.4347055979428278,-0.6544227996015233,-810.9839816933645,-810.9839816933646,0.5005933927301639,1.7720000000000005
1534,-0.48423523854938927,-0.5958625411998978,-421.3697282675528,-421.3697282675528,0.1911680997922399,0.9513513329489414
1535,-0.47754867605997575,-0.586734887937393,-385.78525803508126,-385.78525803508126,0.17673826859174696,0.8857148711392863
1536,-0.49622261258798894,-0.625812621388727,-263.3328515681456,-263.33285156814566,0.16752221354537283,0.7813815794204985
1537,-0.4356596899428087,-0.636274225815094,-1155.4083885209743,-1155.4083885209745,0.5763892105965941,2.6170000000000004
1538,-0.4873783787887994,-0.6059643267762898,-435.1380533703529,-435.1380533703529,0.20156056086558682,0.908342631757557
1539,-0.44727636077468985,-0.6148773437012142,-796.0469779432826,-796.0469779432826,0.3916988482430355,1.9844463465392703
1540,-0.48469197859394014,-0.5924419722861834,-731.7341146310208,-731.7341146310208,0.28537476000823647,1.5553489640236433
1541,-0.45576602320550413,-0.5916225925817417,-855.9116617290669,-855.9116617290669,0.35000877169898326,1.7484795974185259
1542,-0.4813471385202872,-0.6040495723434595,-587.1148459383759,-587.114845938376,0.2727894188086822,1.2338820393385064
1543,-0.46169989426130453,-0.6209303585362675,-546.7625899280583,-546.7625899280587,0.303876551329652,1.3804415047018488
1544,-0.4959593142688974,-0.6303640416532417,-306.7549270347526,-306.7549270347526,0.1963381073590927,0.8835938162296307
1545,-0.4837599977215969,-0.6146946481957111,-447.22370054993905,-447.22370054993905,0.23401264832540536,1.0446772249127219
1546,-0.47856298173650935,-0.5856127315274117,-425.7929052934027,-425.7929052934027,0.18465233977866424,0.9352966926726529
1547,-0.49811458873959774,-0.6221948301987005,-286.477074869414,-286.477074869414,0.17445484685379548,0.8318265049033462
1548,-0.43008176291442773,-0.5823247587855664,-1245.861218738993,-1245.861218738993,0.44513479319287835,2.2901257389506466
1549,-0.48832655546500403,-0.6054751532325806,-426.3093788063334,-426.3093788063334,0.20714117290389233,0.9520591871460438
1550,-0.4824304928261932,-0.5908355884653932,-593.3994472443513,-593.3994472443513,0.24064469869261895,1.2897138709266924
1551,-0.5166691675779418,-0.5781866695925829,-139.2774479219081,-139.2774479219081,0.07604406159087498,0.445843745548763
1552,-0.49592534635902075,-0.6030072335342306,-172.619984264359,-172.6199842643591,0.1185724561538966,0.5819776062121254
1553,-0.48440809086002895,-0.6043150746217947,-395.3866627236433,-395.3866627236434,0.1899562172438621,0.8900400782433836
1554,-0.44337870092874976,-0.6309395438563015,-470.05903851560345,-470.05903851560345,0.3050993370089177,1.4102038671330577
1555,-0.4761196198688923,-0.5875969028610453,-744.6808510638308,-744.6808510638308,0.28215093596252533,1.528198094185967
1556,-0.5104750243344717,-0.6123808680241932,-181.66267533356188,-181.66267533356188,0.11846729046336307,0.5821450930682477
1557,-0.480031714452729,-0.6054157315797446,-571.2619093914062,-571.2619093914063,0.26704169695548513,1.1939103981267365
1558,-0.503385052463087,-0.5798548082717828,-144.70098953104866,-144.7009895310487,0.0875412250377734,0.4527593678759775
1559,-0.521434347441439,-0.6048970005439184,-160.10443864229774,-160.10443864229785,0.10447059783640128,0.5752556984663819
1560,-0.48342304098617894,-0.5930970643081874,-410.5853185296979,-410.5853185296979,0.18928285531325262,0.9646298606359581
1561,-0.48515011418635934,-0.5936112736491109,-474.5719720989233,-474.5719720989233,0.20664040088822985,0.9724209566003117
1562,-0.4331785286591454,-0.6277206065243125,-771.9351880159022,-771.9351880159022,0.4481489215394285,2.2478975879068064
1563,-0.48845891608744013,-0.6054583225993219,-357.86992392585523,-357.86992392585523,0.19024821196710626,0.9490933632671744
1564,-0.4211321947066403,-0.6731237546870709,-631.7887394120585,-631.7887394120585,0.4909493161050173,1.2680000000000005
1565,-0.4437326935769766,-0.6507804776663186,-357.709025824598,-357.709025824598,0.3222690688248887,1.356818588124549
1566,-0.5162249588345635,-0.5759063495565507,-138.92295685137705,-138.92295685137705,0.07841438592278238,0.4226698246480244
1567,-0.5090127479442024,-0.6262357947617184,-238.42142930170803,-238.4214293017081,0.15896495221142604,0.7590832855486175
1568,-0.49223350371071384,-0.6156663579607584,-380.75935684366954,-380.7593568436696,0.2078553591744673,0.9927575351781734
1569,-0.4798441830540884,-0.5902531367253327,-619.1790907417637,-619.1790907417637,0.2438601242311324,1.283695342677105
1570,-0.42795759744236117,-0.6352044509044904,-503.3217336285984,-503.3217336285984,0.32789767358387567,1.5181183457504905
1571,-0.43269008493825445,-0.6335818124368957,-1337.4813339970128,-1337.4813339970135,0.6182995314487446,2.6870000000000003
1572,-0.48777225243210537,-0.6055159429006444,-500.97641580291616,-500.97641580291616,0.239542000023769,1.07142100862443
1573,-0.5104452703435906,-0.6125287959382896,-183.60800796372115,-183.60800796372115,0.11897395452975684,0.6012761497556594
1574,-0.4840916476064645,-0.6111414415318999,-292.12656364974225,-292.12656364974225,0.1562868703294486,0.7145276044478569
1575,-0.4343130987633764,-0.5950124143318613,-1567.6554246241403,-1567.6554246241403,0.6020367300636251,3.196251798188003
1576,-0.47933505511829916,-0.5935273542541637,-364.7924198977686,-364.7924198977686,0.16710444225793186,0.81864565962357
1577,-0.476519237540056,-0.5865350906437987,-712.7638190954779,-712.7638190954779,0.2710608050461161,1.5363878160073217
1578,-0.48179768609902435,-0.6030164157401291,-311.1082172157833,-311.10821721578344,0.15604891830202453,0.8100882925481961
1579,-0.5028293607329769,-0.6157796465380387,-217.80555270976356,-217.8055527097636,0.13648584820131557,0.6559878799816383
1580,-0.42579886181796206,-0.5869143916911816,-1867.1604938271607,-1867.1604938271612,0.5471228378606101,3.064686546952729
1581,-0.5127045781886805,-0.6087138281676491,-173.19848293299617,-173.19848293299617,0.11341328795321522,0.5904696318038514
1582,-0.49126395643486354,-0.6109945805011721,-369.2568796217726,-369.2568796217726,0.1971886543852522,0.9623603546018956
1583,-0.478948097527182,-0.6280029792239188,-257.4027482097933,-257.4027482097933,0.18078935361506113,0.7849923373226879
1584,-0.4304312082268523,-0.6324187449101979,-810.8381016492767,-810.8381016492767,0.47687581078639985,2.409
1585,-0.4767112592654441,-0.5833305555522463,-415.37501300322594,-415.37501300322606,0.18180026034379254,0.9406098967446472
1586,-0.43368887276845663,-0.6159973262814799,-1190.0664841611238,-1190.0664841611267,0.46172886295402027,2.359946489882583
1587,-0.4829861746588382,-0.6005176928489662,-421.886907483616,-421.886907483616,0.19183636472415883,0.8763583150921516
1588,-0.4814529556525923,-0.5867441427923051,-506.17108809760424,-506.17108809760424,0.19827947634083437,1.0324661614058581
1589,-0.43049507994793906,-0.5879558386301831,-1539.7796817625438,-1539.779681762544,0.5460746358494096,2.8417157927231274
1590,-0.4115923288564181,-0.646790244704041,-430.6595365418907,-430.6595365418907,0.34125388530088213,1.2080000000000002
1591,-0.42862873898879483,-0.5935098953922879,-1225.7946656923677,-1225.7946656923677,0.4799668549369778,2.3792889444851295
1592,-0.47565915466198794,-0.585225467440552,-720.8633093525182,-720.8633093525184,0.2690659745211022,1.5322143465899811
1593,-0.4328800062710205,-0.6157459293983036,-767.2609400324147,-767.2609400324147,0.3816814590800193,1.9055289628292764
1594,-0.502470268710966,-0.6270710432721939,-257.9379673899723,-257.9379673899723,0.16664836745597741,0.7863468524588498
1595,-0.5108065887234048,-0.5113056888660782,-115.54509468278596,-115.54509468278596,0.046525703000719475,0.25409296082645894
1596,-0.4859292959167472,-0.5975367505124468,-420.0366655882676,-420.03666558826774,0.2039097493150991,1.017165580792304
1597,-0.4906158620904233,-0.606001305746135,-224.33302190387255,-224.33302190387255,0.126125519211523,0.6196155088362593
1598,-0.4809763084949333,-0.5824770523535227,-597.4065598779563,-597.4065598779563,0.2228997886339904,1.3113902728231257
1599,-0.4820007932062343,-0.5932713863483495,-403.05468112393663,-403.05468112393663,0.1840618477916682,0.8869742698596339
1600,-0.48355193551858794,-0.6076849936749847,-193.4620531447145,-193.4620531447145,0.15714778117939182,0.7330077561981202
1601,-0.46209915275129765,-0.5845541015114268,-922.0779220779218,-922.0779220779218,0.3722096238344888,2.1560627128848324
1602,-0.4959096123256914,-0.6169221748473829,-242.18094667465587,-242.1809466746559,0.14688125301835972,0.7178317253465512
1603,-0.48558025794582393,-0.5925838772668661,-490.6583072100322,-490.6583072100322,0.21037201071518272,1.0958650967937027
1604,-0.47596920029973605,-0.6295537347221528,-282.33406857830477,-282.33406857830477,0.1916577439379711,0.8614773326643165
1605,-0.48728869321706186,-0.6062808565161177,-342.8808142975503,-342.8808142975503,0.17917581556055512,0.9020121557043785
1606,-0.5137758639906549,-0.5686590298946647,-135.3325218545982,-135.33252185459824,0.07203921819017664,0.3906687046438027
1607,-0.4314165080252878,-0.5905286999853513,-1383.7168141592927,-1383.7168141592927,0.548841957341183,2.6787698351014333
1608,-0.4306379916922164,-0.6171035005123936,-1022.4759186585818,-1022.475918658582,0.503697644176384,2.50171059123846
1609,-0.4840883129420492,-0.5980675259033659,-438.44737214902983,-438.4473721490299,0.19535804424078582,0.9414171112574958
1610,-0.43283736125736394,-0.6172609006191677,-1429.2520247737002,-1429.2520247737016,0.5910107873226254,3.0
1611,-0.4781628235095174,-0.5785283781442346,-714.2087300161666,-714.2087300161666,0.25226635417137705,1.5104290175538502
1612,-0.4360625204735609,-0.624055502234637,-1081.4841760640234,-1081.4841760640236,0.5630600089225366,2.899446722670839
1613,-0.4839297411610398,-0.5913466436035874,-556.4312267658003,-556.4312267658003,0.22983881176242063,1.174992546898947
1614,-0.4272065012379367,-0.6138224391022558,-953.5406519295669,-953.5406519295669,0.44003999577547476,2.2803292920984735
1615,-0.4838710088950408,-0.5940543954730867,-432.69807023852377,-432.69807023852377,0.19456512249548513,0.9590739296135359
1616,-0.4899265829325018,-0.6087511095810962,-307.6218581459246,-307.62185814592465,0.1716734203930015,0.9136314530803566
1617,-0.5089493991529292,-0.49688632166929775,-112.28533685601059,-112.28533685601059,0.042587611600953965,0.2319954564015567
1618,-0.5016835742440174,-0.6160447859119643,-225.8809356490318,-225.8809356490318,0.1403985168583673,0.6702604381234104
1619,-0.511625392083317,-0.6263612666807321,-217.38044699712918,-217.3804469971292,0.15538035254362703,0.7245514510737209
1620,-0.4674473936222682,-0.6175808107167523,-391.7103165565936,-391.71031655659374,0.21909971399526015,1.0168867681167195
1621,-0.4773907833656711,-0.5853370877493479,-403.2375220504322,-403.2375220504322,0.18027510705635913,0.9379574943199674
1622,-0.4843057386080918,-0.6001926524970735,-358.4927270644829,-358.492727064483,0.17885744710015167,0.8873737001999911
1623,-0.4345659042278131,-0.627943669350848,-987.2369782683706,-987.2369782683706,0.5482559655879468,2.6831962072375832
1624,-0.478716371580406,-0.5943323868385322,-338.8773388773397,-338.8773388773397,0.1582754082988692,0.7961173049944927
1625,-0.47880770169958037,-0.6024113185733296,-519.9842488678895,-519.9842488678897,0.23054962589694042,0.9975491409296833
1626,-0.4873625213963015,-0.6339826623122793,-270.4072398190044,-270.40723981900453,0.19297813932234917,0.8330474745691965
1627,-0.48464458347818073,-0.6068121238310822,-510.80483239748173,-510.80483239748173,0.24416991679086034,1.0741380706137953
1628,-0.4852335923718969,-0.6028775892152962,-275.91387080620933,-275.91387080620945,0.14801395569056097,0.7365737176044902
1629,-0.48759494033243983,-0.6067524642458102,-265.3439441840186,-265.3439441840186,0.14448962862399323,0.6938922712736231
1630,-0.4910727828740241,-0.6138597078507497,-386.26726849952126,-386.26726849952126,0.2066643779589487,0.9809162350880148
1631,-0.5072575369033967,-0.6214382165030417,-208.5218152633882,-208.52181526338828,0.15598035784620906,0.7555195377008734
1632,-0.4899675566750292,-0.5998228370606854,-170.08648465321346,-170.08648465321346,0.11771956338771818,0.595279669250756
1633,-0.5115336838413777,-0.5734876854594325,-137.9348426283822,-137.9348426283822,0.07262799142111982,0.40953925211020825
1634,-0.500770870023466,-0.6331067059454601,-288.1016997571789,-288.10169975717895,0.19130890108007,0.8597159943664713
1635,-0.48111469468340673,-0.5920675107382495,-667.0169907164139,-667.0169907164139,0.2782337967962103,1.5397615057376124
1636,-0.43134693652362355,-0.6209531582567608,-821.324717285951,-821.324717285951,0.43462344556099797,2.2622439234049794
1637,-0.46128633499863697,-0.5708644731947853,-996.718000504926,-996.718000504926,0.3332271129404707,2.15133817547597
1638,-0.47342631515243405,-0.6240917751106195,-520.981278244029,-520.981278244029,0.3030115933859761,1.3332700295313467
1639,-0.4882109974840788,-0.6052443188754997,-361.9152449091912,-361.9152449091912,0.1900433370321996,0.9428888645788274
1640,-0.476910708708117,-0.5818413532443598,-441.36560271249886,-441.365602712499,0.17912919059123458,0.895057576471353
1641,-0.4697910981532554,-0.631574603808825,-292.32092923209353,-292.3209292320936,0.20532779561094394,0.9115443451906511
1642,-0.5039907810433679,-0.620566611600383,-213.5504885993494,-213.55048859934945,0.14443611524017363,0.6746592710322937
1643,-0.5136202677918043,-0.5891797374968658,-146.4772054470102,-146.4772054470102,0.08662883388336057,0.47099149644668753
1644,-0.4641390401236712,-0.6208197142285,-426.79127725856785,-426.7912772585679,0.24533621644582548,1.1174816096810765
1645,-0.4820796786851866,-0.6127032012171245,-380.09363620600055,-380.09363620600055,0.1989548628708326,0.9350878137991375
1646,-0.4904418224198159,-0.614868506648713,-230.19558182074013,-230.19558182074013,0.13892249685904481,0.6503885147689648
1647,-0.4263964602342772,-0.6509666731203857,-611.0042323970762,-611.0042323970762,0.4287142768723624,1.5880000000000003
1648,-0.4888949090800417,-0.6040270493077204,-453.3174413984924,-453.3174413984924,0.2179552118571825,1.029625267475087
1649,-0.4826274466333029,-0.5879310294268852,-497.69159741458986,-497.69159741458986,0.20215968778832202,1.060392740478057
1650,-0.47987972411476953,-0.5982295289775502,-277.17452143736716,-277.1745214373673,0.1402166014261406,0.6920485305341234
1651,-0.4918664657296084,-0.6169270311886387,-252.91672254257804,-252.91672254257804,0.15037802507554676,0.7156240130906453
1652,-0.4334051849992318,-0.6370035878216591,-696.4001274291213,-696.4001274291213,0.4145150349859805,2.0352061699041726
1653,-0.4753741998225837,-0.5900725652794112,-742.2532320952209,-742.2532320952209,0.299010602423826,1.634972349886555
1654,-0.48909787034309066,-0.6010811937632636,-175.74908007709826,-175.7490800770983,0.1281377396694767,0.636059770805567
1655,-0.47858552265181026,-0.5965041087685377,-505.74279796648597,-505.74279796648597,0.20941393858517388,0.9263679370853537
1656,-0.5004134030821265,-0.6145783570885974,-207.08800945067955,-207.0880094506796,0.12873150584985946,0.6256089105101208
1657,-0.5045731941553752,-0.6115163602864182,-188.43050346630332,-188.43050346630338,0.11774182148417671,0.6023221502298918
1658,-0.48056322808619445,-0.6072287510655706,-476.3860369609865,-476.38603696098664,0.22675230002233293,1.0105136350551218
1659,-0.4815410939724566,-0.5994718291391311,-311.9846379758276,-311.9846379758276,0.15718088100814698,0.8256118264429031
1660,-0.4838718787166397,-0.5863992272626166,-648.9224534905161,-648.9224534905161,0.22647182897120965,1.2467438059433886
1661,-0.4789770482625618,-0.5810760767655634,-682.003185276943,-682.003185276943,0.24623964172587665,1.4450695682228571
1662,-0.4844900256802584,-0.6052310532528499,-337.6085504342026,-337.6085504342026,0.17002052078378557,0.8503227248219813
1663,-0.4442466575142734,-0.6029125542548294,-898.5982702057886,-898.5982702057886,0.39336953570958005,1.9874965199631578
1664,-0.4660128106182867,-0.5903555917838983,-751.7800147311596,-751.7800147311596,0.29519304758498405,1.5073010906558113
1665,-0.4903871422192294,-0.6098177717534689,-275.5133951839894,-275.5133951839894,0.1539211198940235,0.7612398879610934
1666,-0.43072275701266854,-0.5889613000913947,-1589.216944801037,-1589.216944801037,0.5524264276584386,3.0224048476643293
1667,-0.47669902387666585,-0.5818218189735423,-435.28632903012254,-435.28632903012254,0.18156580015904478,0.9180157961656242
1668,-0.45857748413447,-0.6198207060102733,-657.6932575944691,-657.6932575944691,0.36841933391256654,1.698634626687735
1669,-0.44951753225089025,-0.5940940464342346,-913.4270747173983,-913.4270747173985,0.3914614611382517,1.918529782712427
1670,-0.4852214005597214,-0.6074449036379727,-386.7627194957229,-386.7627194957229,0.1924362274776565,0.9071245422965893
1671,-0.43280756579716256,-0.5859947054368255,-1293.7987123009148,-1293.7987123009152,0.4630203194324477,2.3320602210017607
1672,-0.4744984767521565,-0.5892799028695752,-673.1475480665381,-673.1475480665381,0.2579650456835293,1.3442664474943302
1673,-0.47529945169094556,-0.6241005955303734,-299.34013197360593,-299.34013197360593,0.1828790402586547,0.8055062409602034
1674,-0.5051659633251852,-0.5768008377717326,-141.79796107506962,-141.79796107506962,0.0789593500835557,0.42805594988091533
1675,-0.48307707045925824,-0.6240235201923844,-283.9200424553333,-283.9200424553334,0.17553205501371213,0.7890330011781419
1676,-0.4985224008425406,-0.6259840150195999,-293.40075197718147,-293.40075197718147,0.18138739377639254,0.8345428464414825
1677,-0.4687679451430025,-0.5967344300646338,-685.1895455615729,-685.1895455615729,0.28774415140087406,1.309835987208271
1678,-0.4332135409411271,-0.599535216278277,-1250.921273031826,-1250.921273031826,0.5600677696594861,2.6825327040042755
1679,-0.4705801488176208,-0.5744320796936178,-411.93686631127855,-411.9368663112786,0.1670512084411557,0.876392752743893
1680,-0.4882894457313785,-0.6216798242868624,-424.07067844640807,-424.07067844640807,0.2395460197787602,1.0886411676306853
1681,-0.4866632017630746,-0.6190246966985917,-423.5254351867515,-423.5254351867515,0.23445297112702643,1.064838272085972
1682,-0.4560838077998525,-0.593437043092448,-816.8438266557644,-816.8438266557644,0.3348992894039962,1.5897866849178615
1683,-0.4886221044700917,-0.6148965766134448,-492.43325964972064,-492.43325964972064,0.24903885350825355,1.108924312637375
1684,-0.517508424159976,-0.6100656944870437,-173.55188835973004,-173.55188835973004,0.11724779033628514,0.6083458199205625
1685,-0.4470965081510619,-0.6445631733415944,-330.7946179233319,-330.7946179233319,0.28383602136199537,1.1836810487895553
1686,-0.4910802058629666,-0.6184427288968347,-313.4433629566945,-313.44336295669456,0.17860090811090976,0.8315368804982407
1687,-0.4836845603208857,-0.5905354052774566,-474.15618383360356,-474.15618383360356,0.20095091492994935,0.9890030130838107
1688,-0.4829264535178763,-0.5971823147702465,-508.9535074749479,-508.953507474948,0.2176698004057626,0.9771632806338054
1689,-0.47265059977759477,-0.6230635045209852,-298.3133509449308,-298.3133509449308,0.18308468093970343,0.8096425374005922
1690,-0.49213010520707146,-0.6216978212995968,-221.78319876309905,-221.78319876309908,0.16437555518901925,0.763471962963868
1691,-0.4265603333403712,-0.6546432048775642,-595.3910086890842,-595.3910086890842,0.4357700184847525,1.5760000000000005
1692,-0.4878336776428924,-0.6202191588490751,-328.4648356882046,-328.46483568820463,0.18925320368495083,0.8872513772646528
1693,-0.477278850831142,-0.5932380727951652,-710.26392961877,-710.26392961877,0.29901704841323923,1.6361962966504868
1694,-0.5147449909373168,-0.5498750025266197,-126.6851909025421,-126.6851909025421,0.06119795359150464,0.34758309905551976
1695,-0.4980051144902473,-0.6241816753529656,-256.2774013551217,-256.2774013551217,0.16166039563173754,0.7649366507831583
1696,-0.427403605111863,-0.6683539431434421,-600.3674781809843,-600.3674781809843,0.46069417691096476,1.3070000000000004
1697,-0.49624548596587614,-0.6092140391862195,-199.32697700504778,-199.32697700504778,0.11618003085946489,0.5774495204077357
1698,-0.4842590760002154,-0.6005990786794286,-579.0616129570878,-579.0616129570878,0.2630843437315915,1.2411456221525514
1699,-0.5067377872965279,-0.62577977111998,-239.29164360819038,-239.29164360819038,0.15814264809358666,0.7568532896411374
1700,-0.5178813362088749,-0.5351838388209489,-121.56823016918244,-121.56823016918247,0.05687367516863351,0.3000531234167193
1701,-0.4608088593677964,-0.5753673092192748,-921.5634139856448,-921.5634139856448,0.30935328198201023,1.8715809689447933
1702,-0.462157999970208,-0.624318695484892,-519.9899421674643,-519.9899421674643,0.2925543253398194,1.3428484454222738
1703,-0.4759335802013706,-0.6286029227897507,-346.1458979127923,-346.1458979127924,0.21781023866944793,0.9489148829476118
1704,-0.47753841798863855,-0.5927006181052625,-321.94381169324237,-321.9438116932424,0.1550240279978959,0.8053527165137583
1705,-0.48812222556612367,-0.6333888987683894,-310.28400070559246,-310.2840007055925,0.20701879162343714,0.9203015901124265
1706,-0.4857358851723212,-0.5953450366886148,-537.2043010752717,-537.2043010752717,0.23352122199351097,1.14478483928649
1707,-0.4964041749708278,-0.612831842235879,-201.05107128419348,-201.05107128419354,0.1258347849259324,0.6075675726594182
1708,-0.46699100431138196,-0.6307411205620423,-264.89199214488406,-264.89199214488406,0.19750393003009675,0.8718015745753764
1709,-0.41086684906466825,-0.6425738799710562,-334.8003772398637,-334.8003772398637,0.3069258346057595,1.0650000000000002
1710,-0.5065095606318158,-0.5254996703240068,-119.43470406970584,-119.43470406970587,0.048043382002234805,0.27195835826334214
1711,-0.49040600794504796,-0.6076789276952927,-217.29106628242076,-217.29106628242076,0.1224262866589607,0.5926259199793487
1712,-0.4743859335695024,-0.6019143002079627,-610.2575200173135,-610.2575200173135,0.2725611091940002,1.2139942691579197
1713,-0.4557993957251529,-0.6220492112145883,-504.0821701343166,-504.08217013431664,0.2861615877157558,1.3327736450463574
1714,-0.49159048308251635,-0.6245714922023236,-312.43292963360506,-312.43292963360506,0.1887314640829794,0.858813014198547
1715,-0.47212558630519924,-0.6097534418163519,-400.29479890503274,-400.2947989050328,0.20257744224756516,0.929338704964183
1716,-0.5178645577044187,-0.6081055858559598,-169.43962528086408,-169.4396243748086,0.11083952254402125,0.5915628687981188
1717,-0.47605593569936844,-0.5841965040779653,-389.82121311835016,-389.82121311835016,0.16779147608909145,0.8667233181852924
1718,-0.48081358679779507,-0.6014488908433984,-310.0115964437585,-310.0115964437585,0.15408121022343538,0.8017357141097637
1719,-0.49357708770421904,-0.6163765995808198,-282.38012709416535,-282.38012709416535,0.16372723621609042,0.7836173559382906
1720,-0.5043811762288021,-0.5930618818542275,-150.85932527052853,-150.85932527052856,0.08533381417946488,0.47769364366663586
1721,-0.49664294439099366,-0.6189856640176231,-298.4568239028129,-298.45682390281297,0.17771223173423678,0.8518805032628606
1722,-0.48658477694011204,-0.6047182496233492,-462.8261197406132,-462.8261197406132,0.21919139852258687,1.0127500401570333
1723,-0.4385177152149812,-0.6224924417782719,-1286.5341623083973,-1317.9098524132437,0.5356251481768096,2.8020774406707587
1724,-0.5117339849635167,-0.6105529667024727,-178.74783073020944,-178.74783073020956,0.1282937985738177,0.6133020207763139
1725,-0.4998073080002873,-0.5972786411662895,-157.45439583047636,-157.45439583047636,0.09262999187925608,0.5001876479845311
1726,-0.4333793825111766,-0.6006513702607059,-1337.45005448602,-1337.45005448602,0.5772147058830183,2.8359419459246995
1727,-0.46679543137625884,-0.6427389311870674,-395.5173194475895,-395.51731944758956,0.29736494762848314,1.2827815172951893
1728,-0.470770137391069,-0.5883277006278178,-770.4297483856639,-770.4297483856639,0.3041623042822565,1.6848486353627965
1729,-0.4817208574043609,-0.5975160494945303,-514.0687036078032,-514.0687036078032,0.21906374014704783,0.9720074326810361
1730,-0.47525169280057905,-0.5722187576912158,-783.8820440315103,-783.8820440315103,0.25131286196815833,1.5818106211317504
1731,-0.45349389568594123,-0.5968501450507652,-747.6176725382617,-747.6176725382617,0.30762447573689555,1.523191920231406
1732,-0.5116646148034757,-0.623302285907657,-208.58007632583235,-208.58007632583238,0.15250328173464126,0.7375703327108376
1733,-0.48277510067211693,-0.598274260140129,-439.73737689541923,-439.73737689541923,0.1901403655517939,0.907597333184969
1734,-0.4780944990068297,-0.6098387754264725,-511.2598904443108,-511.2598904443108,0.24855477281833482,1.08370174582505
1735,-0.49012914951706815,-0.6314378308513827,-282.2210901681117,-282.2210901681117,0.18861007693842238,0.8526556325116484
1736,-0.4222571577532471,-0.6546103817697436,-453.6555521566252,-453.6555521566253,0.39032302225224214,1.4830000000000005
1737,-0.4173903695737173,-0.6549513913707303,-429.441624365483,-429.441624365483,0.3832298427317437,1.2690000000000001
1738,-0.48581340814998825,-0.6023967156116102,-567.177017030795,-567.1770170307951,0.25158024077702323,1.2186212676126813
1739,-0.47912148517241704,-0.5898414196431545,-377.0441221845111,-377.04412218451114,0.17697192578048368,0.8910260224139979
1740,-0.47990067491718075,-0.5904391179923557,-644.1864750322492,-644.1864750322492,0.2557386358946114,1.4009250577744052
1741,-0.4834010325315143,-0.6091076991906358,-196.1612960028175,-196.1612960028175,0.13054007884428923,0.6165694121367052
1742,-0.491205791161003,-0.6252063864842846,-277.9602690442676,-277.9602690442676,0.17293271972381316,0.7855451996386418
1743,-0.4546583302644874,-0.5760274710165272,-1031.409395973155,-1031.409395973155,0.37024068667243687,2.257249131934466
1744,-0.49139158856748777,-0.6133663855753129,-285.71428571428777,-285.71428571428777,0.16160686743837402,0.7870623021492615
1745,-0.48176416832516933,-0.632079556140651,-383.6198570600735,-383.6198570600735,0.25058854209294756,1.1686497191867278
1746,-0.47613304662025113,-0.5832579454238596,-745.552668398962,-745.552668398962,0.2757674499986503,1.5990713111136856
1747,-0.4242711120154334,-0.6478821410863811,-602.6871401151647,-602.6871401151648,0.4127784297781144,1.5700000000000005
1748,-0.4573189277505365,-0.6345106975429597,-445.2754923959128,-445.27549239591286,0.3016206348584685,1.3723991760317475
1749,-0.5059885095310174,-0.6210285809039979,-215.27360192423356,-215.27360192423356,0.14359434403255467,0.6813967318644327
1750,-0.5055987604611492,-0.6147180095173383,-191.3910154557273,-191.39101545572734,0.138206532498196,0.6605881392310613
1751,-0.4854133356801155,-0.6027027929418379,-362.41528034503995,-362.41528034504,0.18013847747495976,0.8847490491716604
1752,-0.4912360303125011,-0.6267303196204633,-274.3249720402621,-274.3249720402621,0.17475759191777832,0.7988340970167322
1753,-0.43170581958600535,-0.5983707743613406,-1289.1824348447085,-1289.1824348447085,0.5469577276758844,2.626207040194209
1754,-0.4301855136298172,-0.5839403498243338,-1275.1631741669564,-1275.1631741669567,0.47514511505056534,2.40326032071464
1755,-0.474701260804135,-0.6116040877820502,-525.9866292861766,-525.9866292861766,0.2608199558343696,1.129663265443968
1756,-0.4828519659986446,-0.6070840573635694,-534.5046187284929,-534.504618728493,0.2553328031419179,1.1041706045972908
1757,-0.47475918542934314,-0.5832997240310795,-392.36991428226577,-392.36991428226577,0.16332209605659476,0.8205846816463824
1758,-0.44269198446872565,-0.5859882430126041,-1096.9748374328528,-1096.9748374328528,0.45272340685338136,2.3259411260593743
1759,-0.5207072086944722,-0.5470821936766407,-125.47764122689273,-125.47764122689274,0.06415396190544667,0.33397507497278245
1760,-0.480079944473908,-0.5972629010723182,-303.3525008137142,-303.35250081371424,0.15236697780231384,0.8113490681308926
1761,-0.4884020700916065,-0.6049922600890918,-364.33529097704434,-364.33529097704434,0.1923952919500549,0.9553939821878645
1762,-0.4840142605086049,-0.6047586227580867,-377.6275172717939,-377.627517271794,0.1843081004023256,0.8773372369540227
1763,-0.47958841780620376,-0.6261803895072486,-339.30290776044683,-339.30290776044683,0.20957976535063316,0.9123699206651383
1764,-0.48542747800818387,-0.6054042101822531,-432.23330775134446,-432.2333077513445,0.20582684344786598,0.9331851776928248
1765,-0.48009650310814755,-0.5946378707463791,-327.8969092922585,-327.89690929225856,0.1640173530135894,0.8490526807716804
1766,-0.4907932486520435,-0.6246660806254931,-382.3107569721127,-382.3107569721127,0.22775749213860727,1.06967914101129
1767,-0.4832370075055323,-0.5932858855905475,-504.9339608319426,-504.9339608319426,0.2091639816702309,1.0250472978275658
1768,-0.4950788249905733,-0.6212716312510628,-275.2234166558746,-275.2234166558746,0.16494299591511868,0.770018035823425
1769,-0.4567919161147972,-0.6264445040553822,-458.53658536585397,-458.53658536585397,0.2801069880295,1.268288118235541
1770,-0.4815093235484533,-0.6264713795331823,-340.2139238130981,-340.2139238130981,0.2094702337822426,0.9178754653108502
1771,-0.47781376811454485,-0.5991247984221255,-638.2040489075963,-638.2040489075965,0.27913316956431716,1.3158525148977018
1772,-0.4847460002203616,-0.6020410241920857,-416.4859002169196,-416.4859002169196,0.19427057663472297,0.8935016582302238
1773,-0.48582207312449416,-0.611454289088662,-207.5990299110755,-207.5990299110755,0.12961944639272416,0.610125477760276
1774,-0.430255766890106,-0.663037199395993,-676.404494382024,-676.404494382024,0.4732833222583705,1.5050000000000003
1775,-0.47585877658228026,-0.5805861469799639,-413.1023280996212,-413.1023280996212,0.16918310833162697,0.878324129971753
1776,-0.43379418922359053,-0.6013944140757355,-1053.9534883720987,-1053.9534883720987,0.4814561231671417,2.376990694111192
1777,-0.4745787333928,-0.5836531600588828,-783.0207703165967,-783.0207703165967,0.2994074138409111,1.7721697028939423
1778,-0.5100282367836677,-0.6208678332969614,-209.1540475919391,-209.1540475919392,0.1417162931643489,0.6869292368684177
1779,-0.49467406820668663,-0.6206350145816086,-224.56903245845683,-224.56903245845692,0.15229861459583774,0.6882051181914296
1780,-0.48537991866562785,-0.6148773423272276,-463.4062338556921,-463.4062338556921,0.2430937795865596,1.0767299323739665
1781,-0.4775856631531141,-0.5916304827410139,-668.1283635638842,-668.1283635638842,0.26701898902390564,1.4378840580087013
1782,-0.45504185615784737,-0.6343264461744097,-546.8788858492912,-546.8788858492912,0.3605605132341991,1.6845854382667678
1783,-0.48652385389705977,-0.6044988821423134,-426.05078181035765,-426.05078181035776,0.2030293595105434,0.9291712032153772
1784,-0.4845473382024439,-0.6128339775075279,-202.4723731035777,-202.47237310357772,0.15785173387286736,0.734433137085441
1785,-0.4959207292828191,-0.6240686341077675,-330.6044480829586,-330.6044480829586,0.19773418240382995,0.9746834596820163
1786,-0.5061964466358997,-0.5914548189904338,-150.40262044492974,-150.40262044492974,0.09272126243010102,0.49308587334621823
1787,-0.48385492894310783,-0.6075921120301188,-280.0158499537711,-280.0158499537711,0.14833604669074038,0.6901716659344818
1788,-0.5100254043964901,-0.6032834790880738,-162.76690960235277,-162.76690960235277,0.10585379235185076,0.5580978488501166
1789,-0.4666464237414058,-0.592628370279816,-858.7666263603423,-858.7666263603423,0.34336731852003133,1.7346615923813047
1790,-0.48279250446590216,-0.6014255931667879,-384.1348249309891,-384.1348249309892,0.18108512350260525,0.8570379500629157
1791,-0.42292836939899786,-0.6757598817783187,-639.1324411628991,-639.1324411628999,0.5124117836625909,1.3850000000000005
1792,-0.5042094578153957,-0.6163405681435532,-205.7565599352679,-205.75655993526792,0.1316879564084717,0.6464963733342427
1793,-0.4324837781877166,-0.6672238626470619,-656.8429551877266,-656.842955187727,0.5101423317567938,1.6270000000000004
1794,-0.49944184966106675,-0.615801881014587,-234.52099804908124,-234.5209980490813,0.14362301498996904,0.7073127655780773
1795,-0.5031122648135073,-0.5235188196880057,-119.50254381006226,-119.50254381006228,0.04681597197155285,0.26401657233272
1796,-0.47853408421776567,-0.5907252045569789,-786.2685163414078,-786.2685163414078,0.27054129924345544,1.3757006102154137
1797,-0.47045979782712394,-0.5740123905889096,-414.66736511262667,-414.66736511262667,0.16709890168463634,0.8747383485668091
1798,-0.5043631295287861,-0.6115387689424722,-182.9859745707172,-182.9859745707172,0.12043472871969192,0.5878705264084401
1799,-0.47760291742187266,-0.5857777175752963,-693.5578617583727,-693.5578617583727,0.25997213032090083,1.4749484263485344
1800,-0.4823672147877906,-0.6109900016561362,-302.86878821131836,-302.8687882113186,0.15905025809655388,0.7289838026056455
1801,-0.46349982828117436,-0.5711390824600872,-974.1486452895881,-974.1486452895881,0.3204360673430271,2.025826636987168
1802,-0.4907606620555334,-0.6148995508068211,-312.1200362178241,-312.1200362178242,0.17338269292257724,0.8620945722540334
1803,-0.49308299080850204,-0.6200879670970301,-256.33487330253433,-256.33487330253433,0.15513200216088063,0.7330525399330674
1804,-0.4361526263340616,-0.6340187165837345,-609.0882609962139,-609.088260996214,0.3881929755075829,1.8911706478338461
1805,-0.5064528048802518,-0.5657284215712173,-134.52027695351146,-134.5202769535115,0.06429261989952598,0.37790624974828946
1806,-0.45006594959951035,-0.6364301782325156,-456.66404818015207,-456.66404818015207,0.3166889504673901,1.4443549052086488
1807,-0.43433057269457503,-0.6209818052744129,-1338.5049365303248,-1338.5049365303248,0.5780173892240932,2.8470000000000004
1808,-0.4882612600685388,-0.6103381684198055,-475.06561679790025,-475.0656167979003,0.23889712592474335,1.0834870943089014
1809,-0.4834797082372728,-0.6057593844415736,-317.56301388327364,-317.56301388327364,0.16174406141565423,0.8286903380996534
1810,-0.4284729985475068,-0.6286899370310747,-529.4496298680415,-529.4496298680415,0.31959002128216213,1.5613107022796633
1811,-0.46979292150147395,-0.6306110651883553,-484.4831435588304,-484.4831435588304,0.3044509344562247,1.3913623312388028
1812,-0.49280096909671994,-0.6197379466574633,-385.8143858143863,-385.8143858143863,0.21883422325660076,1.0318414330028465
1813,-0.4794870981778689,-0.5913450946024373,-390.2902776017246,-390.2902776017246,0.17128949023356313,0.8237453165246041
1814,-0.4827824283659595,-0.6011834745446496,-492.72633920931014,-492.72633920931014,0.217701341069154,0.9736752424451778
1815,-0.47970106958812614,-0.589528130067637,-389.8627667033959,-389.8627667033959,0.18354653286944148,0.9155886916612164
1816,-0.48539479541904473,-0.5999413163957314,-367.2644345392348,-367.2644345392348,0.18779766851518903,0.9473665116365526
1817,-0.5114440393752807,-0.6258649771831133,-221.97132211810003,-221.97132211810003,0.15327237595182014,0.7173247042986762
1818,-0.48924458687061806,-0.6114580534182312,-281.4159292035402,-281.4159292035402,0.15638935995854283,0.7487494093645819
1819,-0.46535903143094715,-0.6372117063252101,-278.6848579736085,-278.6848579736085,0.22418320749112622,0.9764011087268041
1820,-0.5033505709639156,-0.5323179652836689,-122.68886984204732,-122.68886984204735,0.05198610747433392,0.2866883760216227
1821,-0.46973622051950553,-0.5711760653516508,-905.923344947737,-905.923344947737,0.28940179091334073,1.8142592043299852
1822,-0.4712016749908507,-0.5939201313216601,-631.3707237607639,-631.3707237607639,0.25193833762074397,1.1287248513394763
1823,-0.5110325049635764,-0.6174304240738109,-197.78316591617588,-197.78316591617593,0.1342113076317924,0.6682083547853828
1824,-0.491948374831712,-0.6134206901285602,-227.0895619394259,-227.0895619394259,0.1348845417907229,0.6405178325525949
1825,-0.4757835757793009,-0.5894351002717545,-676.4767271968283,-676.4767271968283,0.26156698279092205,1.4057789765747586
1826,-0.47387049860748254,-0.618012433515922,-221.81744586116173,-221.81744586116176,0.16743873446670157,0.7718474203661068
1827,-0.438513952179342,-0.6187346029165223,-740.5557290040576,-740.5557290040578,0.37367832959866837,1.8142730913398561
1828,-0.48424281274159686,-0.5932946706935166,-467.41838206372086,-467.41838206372086,0.20098854351619275,0.9507285405940863
1829,-0.489149208479502,-0.607436866537605,-319.93095745760985,-319.93095745760985,0.1760444477933301,0.9238375040537208
1830,-0.4524229475370078,-0.6069184389833988,-752.7090858571839,-752.7090858571839,0.35156210392547305,1.6932700420223126
1831,-0.5034430450446504,-0.6232772219525953,-225.5166217430371,-225.5166217430371,0.15083410769677108,0.6965618560295155
1832,-0.48141251308041033,-0.5937317099320718,-551.5633097253414,-551.5633097253414,0.22583602851428097,1.0827098920736105
1833,-0.4286644620639369,-0.6530809225548073,-502.4404249210457,-502.4404249210457,0.4136106003538656,1.7500000000000004
1834,-0.47431160461582483,-0.5829656470931416,-380.27247956403346,-380.27247956403346,0.16521673246330043,0.8246304759988267
1835,-0.47545359393146713,-0.6013095985652839,-568.5181213810872,-568.5181213810872,0.2484932259499448,1.1108858211362767
1836,-0.45278030704987277,-0.5683628240118282,-1094.0836940836975,-1094.0836940836975,0.34681081158220844,2.2280020139054004
1837,-0.4717109462332386,-0.5884719875346363,-880.1378291902549,-880.1378291902552,0.3079445104120318,1.619085205712936
1838,-0.4920984616580754,-0.6132391427215478,-231.36311859258373,-231.36311859258382,0.13688235464589385,0.6396957408031108
1839,-0.44459711386107414,-0.596482480337632,-903.9198349543225,-903.9198349543226,0.38620772437776524,1.887722927895412
1840,-0.4632986537117212,-0.6005995403272326,-780.6207059938445,-780.6207059938445,0.3630172486740309,1.6847538136515638
1841,-0.4843457630059571,-0.6313779840620047,-365.6730235141644,-365.6730235141646,0.23707043745579884,1.0858302566435807
1842,-0.4870307084132856,-0.5962438459254404,-473.70977534912066,-473.70977534912066,0.2148190890406156,1.0109976292324347
1843,-0.5023561984189924,-0.6256964659579856,-268.89616992430354,-268.89616992430354,0.17082700985868055,0.8212759400323475
1844,-0.5037787152125209,-0.6247562858901349,-220.88057723457536,-220.88057723457538,0.16031928099967363,0.7419235245919563
1845,-0.485492002804587,-0.6045620321245028,-358.35862250956626,-358.35862250956626,0.17856917632108343,0.8736760006204831
1846,-0.48520785146574213,-0.6028563090510811,-435.20309477756456,-435.20309477756456,0.20217076139714568,0.928733299147629
1847,-0.48335762441583086,-0.6071551623144646,-530.9655541674113,-530.9655541674114,0.25407154019021955,1.1024308031771923
1848,-0.5132695027301463,-0.6135830193073755,-183.25816741832602,-183.25816741832602,0.12157400829524678,0.6063045418617405
1849,-0.42163364073321874,-0.6418406157714213,-404.73991997537735,-404.73991997537746,0.31534862355305104,1.315
1850,-0.49442845591039014,-0.6141888576257892,-203.74091822538284,-203.74091822538298,0.1369681886276813,0.6666367167793547
1851,-0.48039804083936294,-0.5961084566368441,-530.8013810648749,-530.8013810648749,0.22082738348809494,1.0312893606273328
1852,-0.4836181331245647,-0.6102217781251726,-445.38395168248564,-445.3839516824857,0.221276370249738,0.9896258523028655
1853,-0.49037498121691797,-0.6105405011387783,-381.58746601061915,-381.58746601061915,0.19833968928001017,0.9499965925670428
1854,-0.5199916005176406,-0.5626589262032985,-131.89422558014033,-131.89422558014036,0.07260953549465385,0.38387730487612204
1855,-0.4906062710827553,-0.6102571383092542,-244.20615703908734,-244.20615703908737,0.13918143434702385,0.6764630672228389
1856,-0.4875535863402256,-0.59718852136096,-476.95880699181276,-476.9588069918128,0.21773243677120246,1.021938608987864
1857,-0.4217479043612587,-0.6731492408488361,-611.0351117191071,-611.0351117191071,0.5089107871260475,1.3400000000000005
1858,-0.4722733731324103,-0.6179813578931368,-543.3105576372061,-543.3105576372061,0.292672124759965,1.276395035244785
1859,-0.4827706991670734,-0.6012432193007489,-292.0344339108651,-292.0344339108651,0.15127275547803742,0.7995111108115748
1860,-0.48529771295532936,-0.6141257215330435,-370.62146892655477,-370.6214689265548,0.19753737706663924,0.9393300663084381
1861,-0.48274106098561,-0.6046949086766555,-445.5599792279732,-445.5599792279732,0.20351970614082251,0.90632143166372
1862,-0.432325082061156,-0.5986879635524066,-1632.8018223234626,-1632.8018223234637,0.5984355375540975,3.1497577184460925
1863,-0.49057454337906714,-0.6105357819519408,-436.6957243669567,-436.6957243669567,0.22257099775144104,1.015366925350467
1864,-0.5144724705871859,-0.6065507058593078,-167.89263130726562,-167.8926313072657,0.11783862706446198,0.6041768268796393
1865,-0.4349569077686127,-0.5980809652838627,-973.5569171235124,-973.5569171235126,0.4135459416520273,2.0173284931687188
1866,-0.4888833514331612,-0.6030871588343142,-422.38180730101743,-422.3818073010175,0.20679339721055068,0.9864031096989206
1867,-0.4778141084026543,-0.6346283397384778,-247.99506477483095,-247.99506477483095,0.21936165174985128,0.9847080763418461
1868,-0.5009211854822518,-0.6251277281318827,-257.41486634932335,-257.4148663493234,0.16360457955401794,0.7727816466192237
1869,-0.4800188770618865,-0.5916398301633702,-853.0120481927743,-853.0120481927746,0.30875139903660076,1.6384323504201677
1870,-0.4326468702791579,-0.6083567967455494,-1541.795665634677,-1541.795665634677,0.5932223623355097,3.3175382924255685
1871,-0.41654637119275234,-0.6531179935780042,-439.98485422188685,-439.98485422188685,0.3701445842942447,1.1620000000000004
1872,-0.4980110048166565,-0.6117685892071502,-195.5532440514895,-195.55324405148951,0.121883744669689,0.6020975642677473
1873,-0.44196511172702263,-0.6103139868530213,-832.5991189427324,-832.5991189427324,0.4050026417992678,1.9779261801648147
1874,-0.4711526208593308,-0.5962660167715902,-642.0834293616049,-642.083429361605,0.26577181459580473,1.1866547591052772
1875,-0.4893027003321731,-0.6011147813005983,-564.8561317125726,-564.8561317125726,0.24862542309177735,1.2193287251356504
1876,-0.4946153660532314,-0.6202126577987765,-295.7692796340996,-295.76927963409963,0.1738570942537506,0.8250328734246705
1877,-0.47866806271132245,-0.5823931080727174,-465.2374748312214,-465.23747483122145,0.18699647815565612,1.0056045053214104
1878,-0.48027414621397574,-0.6200212535022499,-437.82735208535564,-437.82735208535564,0.24429419121545423,1.1000099489244806
1879,-0.514547866780497,-0.6124686728624877,-180.01733316825613,-180.01733316825616,0.12669324833151632,0.6361236105935686
1880,-0.4366950657480848,-0.6588406924339899,-805.6146320714608,-805.6146320714611,0.5343053033878957,1.8940000000000003
1881,-0.4822024807178859,-0.5896928831233066,-466.2438895494789,-466.2438895494789,0.19226623560875578,0.9184929839886016
1882,-0.5090912851821546,-0.6255329936875024,-216.499104806501,-216.49910480650107,0.15876559005921714,0.7463783992956613
1883,-0.4219714934107424,-0.6661559410959835,-466.51868294487656,-466.51868294487673,0.45634730469531776,1.2610000000000001
1884,-0.4908914107777541,-0.6133488939812722,-393.0484956724838,-393.0484956724838,0.20870591776252026,0.9843996882966279
1885,-0.4975415898778278,-0.6122449399956973,-191.91602694657763,-191.91602694657763,0.13587670086002349,0.6468378220686481
1886,-0.48921385304459525,-0.6118591183470351,-434.52098178939053,-434.52098178939065,0.21323519154619208,0.9612861220573076
1887,-0.479218926051348,-0.5904614517716599,-389.7032101756523,-389.7032101756524,0.17270874070832695,0.836920061783519
1888,-0.4510819022935056,-0.5888138942657123,-954.932673811487,-954.932673811487,0.3868037146355367,2.0332344652034937
1889,-0.49581193269502905,-0.6021839639142043,-170.1068657590398,-170.10686575903983,0.10678245583541196,0.5214368165170584
1890,-0.5136506317826306,-0.6102207012145985,-176.22394869897636,-176.22394869897647,0.12156332789043481,0.6054879342795333
1891,-0.4267960685739277,-0.636835455547053,-738.4615384615397,-738.4615384615397,0.4364624246239753,1.9680000000000002
1892,-0.4873251171839943,-0.594343575696602,-494.15243984406595,-494.15243984406595,0.2057850191432473,1.0649789369544513
1893,-0.5121844242012217,-0.6030742142239562,-161.1443779108456,-161.1443779108456,0.11022972936991264,0.5642724086232298
1894,-0.4860421499004107,-0.5976937891224191,-420.2851235172489,-420.285123517249,0.2041069764276219,1.017027287124723
1895,-0.43781686619536725,-0.61669418682523,-1402.7015872689058,-1478.3811769722138,0.5468203398873032,2.870182100934783
1896,-0.5148042150856542,-0.5833357386290134,-142.05070306887006,-142.0507030688701,0.07754221525015097,0.4660046892039037
1897,-0.49202022812752677,-0.6288793777769623,-237.55458515283846,-237.5545851528385,0.17925340489154912,0.7959491663682651
1898,-0.492897791768465,-0.608914728923044,-203.85118269345088,-203.85118269345097,0.11706172895688097,0.569086610191349
1899,-0.42028102069363843,-0.6400415193991004,-475.44715447154545,-475.44715447154545,0.33752091919574245,1.4620000000000002
1900,-0.5171814704512533,-0.5879883710199114,-144.63920851704484,-144.63920851704486,0.08390345988411922,0.47984567977661624
1901,-0.448528529021127,-0.6266049240676345,-283.37118344688355,-283.37118344688355,0.20200107670000716,0.8752434385058558
1902,-0.4841227685035309,-0.603321932423994,-512.8679562657701,-512.8679562657701,0.23533013831429472,1.0349610122339141
1903,-0.483480619116512,-0.6133182329433162,-312.5295508274236,-312.5295508274236,0.16893349891993137,0.7782508277152267
1904,-0.4473172029313524,-0.6364152190152313,-334.8946135831382,-334.8946135831382,0.2516448020420422,1.1148504211144046
1905,-0.4814521378502905,-0.6004785770441756,-293.53690735851245,-293.53690735851245,0.14887882992776447,0.7843175756715975
1906,-0.5085931023065666,-0.617509588124412,-205.92807544823327,-205.9280754482333,0.1338971139102735,0.6626269555820296
1907,-0.4902378525355334,-0.6166573045138647,-315.2888515876348,-315.28885158763484,0.17662512087786159,0.84782756953865
1908,-0.4893290072253336,-0.6091960918385566,-344.71273938384775,-344.71273938384775,0.1841935441514961,0.9246291909516237
1909,-0.48517598265525336,-0.5970281830321575,-525.1700680272143,-525.1700680272143,0.22856059989188185,1.1261216470995115
1910,-0.5154084384146184,-0.6160985483595136,-191.23832974248518,-191.23832974248518,0.12886423347682974,0.6626496604798585
1911,-0.5215015622290559,-0.6061551991103223,-163.26765756423586,-163.26765756423586,0.11267499560204117,0.6077650939216316
1912,-0.462058531061344,-0.6104363053120025,-590.8045977011501,-590.8045977011502,0.2878261635013929,1.334300872948915
1913,-0.499294393032826,-0.618414613854865,-225.35384615384675,-225.35384615384675,0.1425583075728068,0.668679842893339
1914,-0.49153002399921963,-0.6132128572842447,-235.6153943858764,-235.61539438587647,0.13885850931806706,0.6645037030383987
1915,-0.4633149484259452,-0.5990159744974431,-695.2550114184231,-695.2550114184232,0.29835570568470976,1.3824303114109076
1916,-0.4332119303040627,-0.6628929741274959,-958.1100828056533,-958.1100828056536,0.5852247186471174,1.9670000000000005
1917,-0.48760448424069525,-0.6183573743558846,-291.8886014305293,-291.8886014305293,0.167176497816103,0.7657617450859334
1918,-0.4828832073731621,-0.588004591893372,-599.1503565468066,-599.1503565468067,0.2394509623054425,1.3182932467783584
1919,-0.43588840271387486,-0.6532792521716871,-762.4633431085056,-762.4633431085056,0.4976691574887893,1.8200000000000005
1920,-0.4920414208466418,-0.6156184144235258,-386.012839775988,-386.0128397759881,0.21022825639347265,0.9977850243622308
1921,-0.4593454453585121,-0.6289029450921457,-385.35266650282625,-385.35266650282625,0.24946151041956638,1.105703388136747
1922,-0.4590071667971112,-0.58940377272091,-874.7754683089563,-874.7754683089563,0.35403442429143983,1.8542988944225056
1923,-0.434230809328989,-0.6199971407425747,-1090.1904419690995,-1090.1904419690995,0.5496163991102267,2.7683546278047584
1924,-0.48123379886004897,-0.6264465870265079,-234.09669211195938,-234.09669211195938,0.18791827448142673,0.8570728272587673
1925,-0.4290341850467921,-0.6006115003375413,-1330.5122494432069,-1330.512249443207,0.49814187041013375,2.7877882851070277
1926,-0.43941743301194713,-0.5964054762278388,-956.9270331083261,-956.9270331083262,0.3838720426097192,1.8981365983347402
1927,-0.48165201932494256,-0.5904407672318454,-543.9480097481722,-543.9480097481722,0.2153972894691511,1.0592691616718672
1928,-0.4606242481793406,-0.6008386174897975,-763.5455680399514,-763.5455680399514,0.3470519713063488,1.584190030644083
1929,-0.5080454290472293,-0.6249809809948818,-218.36975009812886,-218.369750098129,0.15426625977283234,0.7149415604016612
1930,-0.48352659028097816,-0.5883287078986434,-519.8897203623487,-519.8897203623487,0.21336073187415153,1.0921662279974538
1931,-0.48713567883954817,-0.609531458201973,-350.75349094428304,-350.75349094428304,0.18186801543249873,0.8941419937854493
1932,-0.49802941679168167,-0.6341425643300305,-296.03162536110744,-296.03162536110744,0.19796398057294348,0.876014850193728
1933,-0.44388222285992257,-0.6303335095232258,-503.7910699241785,-503.7910699241785,0.3182125973341425,1.4904675281345245
1934,-0.452928499889145,-0.6148469492478171,-690.0506801813817,-690.050680181382,0.36007013790710507,1.715938103705819
1935,-0.4793011253859905,-0.5855934169669917,-669.5146337029646,-669.5146337029646,0.2532262685458801,1.437568134849703
1936,-0.4896093416122184,-0.6083318443432371,-318.4392051889226,-318.4392051889226,0.1758263122381431,0.9233942880873114
1937,-0.48599487930718044,-0.5935518524083548,-494.70008729268125,-494.70008729268125,0.21704094641938435,1.118649495704863
1938,-0.45709679507922585,-0.6459979924765133,-343.81752701080495,-343.81752701080507,0.2845762220368656,1.2350178494022392
1939,-0.5098883121757104,-0.5693317700972352,-136.4655884783383,-136.4655884783383,0.07189964971440728,0.3919366984532623
1940,-0.5149659580618635,-0.5707645044294217,-137.8531073446328,-137.85310734463283,0.08204338400538952,0.41925621061394136
1941,-0.49008696447498373,-0.6280067089893167,-354.86007617155184,-354.86007617155184,0.2176855984580086,1.048048556634059
1942,-0.48379481379853173,-0.6152347397405996,-482.6835902085253,-482.6835902085253,0.25122583432048806,1.1065794406552711
1943,-0.48945530411227023,-0.6108602418001419,-331.2935993146492,-331.2935993146493,0.17879598767750607,0.9080756476656607
1944,-0.4789287623131887,-0.5920405655305875,-704.5327364297724,-704.5327364297724,0.2940450556771128,1.6388974523132087
1945,-0.4454749450380454,-0.5821587879980114,-1085.7142857142908,-1085.7142857142908,0.42346907427035496,2.3259055619775966
1946,-0.49355408103272724,-0.614274695657952,-323.31795257001835,-323.31795257001835,0.18543871951932872,0.9631594240133339
1947,-0.4890750741012538,-0.6039509920874258,-475.2475247524764,-475.2475247524765,0.2272189493924338,1.050265738421627
1948,-0.4785939043101426,-0.5860450999896584,-692.6545181288801,-692.6545181288801,0.26336488085233023,1.50473640814594
1949,-0.4562465505585937,-0.6432024511906269,-376.3756419662508,-376.37564196625084,0.2923221195053388,1.2844693685491249
1950,-0.5044059710328217,-0.6339622220092408,-271.7878993881721,-271.7878993881721,0.18484696813165893,0.8488977787519103
1951,-0.4228649799703511,-0.6370170722417288,-456.932436759526,-456.9324367595261,0.3159624463677561,1.4270000000000003
1952,-0.4984031020539909,-0.6091331458913517,-187.23143032535364,-187.23143032535364,0.1124146367650324,0.5744844579206798
1953,-0.49810172192755947,-0.6207732652212995,-290.69640319230353,-290.69640319230353,0.1762310782451516,0.8516557396301128
1954,-0.4532216750520695,-0.6174043727987396,-592.6026652162088,-592.602665216209,0.3135175137533676,1.4828947308743041
1955,-0.48901846020831774,-0.6027751264198367,-461.19191659158156,-461.19191659158156,0.21995221692568065,1.036098892635215
1956,-0.5024164185537286,-0.6172410323503498,-202.9110822885149,-202.9110822885149,0.1421444654345223,0.698006576173256
1957,-0.4761918953225899,-0.587092436347136,-356.2859159189431,-356.28591591894315,0.16680760725502203,0.8577359760096915
1958,-0.4714992337599579,-0.6222499664712267,-299.0347093859111,-299.03470938591124,0.18193342704476567,0.8039336597659849
1959,-0.43398818975252706,-0.6130327529689564,-1392.0429146177921,-1392.0429146177921,0.5803785823754622,3.114
1960,-0.4811637475043111,-0.5910862284360511,-399.82949701619975,-399.82949701619975,0.17235673016144354,0.8548947306119284
1961,-0.4649137319017457,-0.6138696892339977,-589.0211318921547,-589.0211318921548,0.30141059527404496,1.3777527924896176
1962,-0.43277662327237904,-0.6550160251235307,-849.3150684931513,-849.3150684931514,0.49461307769256047,1.7980000000000005
1963,-0.4573207086226355,-0.5838154323803882,-910.5669417088105,-910.5669417088105,0.34464313972819355,1.9353151248879064
1964,-0.49068430230775284,-0.6076866080271521,-396.3794522158236,-396.3794522158236,0.2047161168289113,0.9876108809173416
1965,-0.41930735104280364,-0.6576368891589881,-401.26540126540135,-401.2654012654015,0.3973800825527696,1.2050000000000003
1966,-0.43496010528586637,-0.6093099635464888,-966.595809292441,-966.595809292441,0.47777951134890556,2.3589636375044907
1967,-0.4352873124960539,-0.6536218841680401,-755.6283258289013,-755.6283258289013,0.5004493258559274,1.8460000000000005
1968,-0.4896509742753935,-0.608048280111263,-363.01607493928634,-363.01607493928634,0.19237474654329006,0.9477019581645624
1969,-0.4174393238765225,-0.6548782069084609,-401.94314501619283,-401.9431450161929,0.38044808517083006,1.1170000000000002
1970,-0.48746296744140616,-0.6050511749640851,-389.32986337020213,-389.32986337020213,0.19241394783778737,0.9150400435610239
1971,-0.43033769250626785,-0.5923619865848925,-1602.9877772747848,-1602.9877772747868,0.547794770601638,3.017368183914829
1972,-0.49242327181895845,-0.6183095481592262,-267.2676653851252,-267.2676653851252,0.15749755303738894,0.7416573910297027
1973,-0.4301654421471436,-0.5745855281343375,-1359.0111071300641,-1359.0111071300641,0.44804578338607637,2.3263863124306536
1974,-0.43405839943647184,-0.6537343169456215,-693.4534118462066,-693.4534118462066,0.5109175153709143,2.0020000000000002
1975,-0.48652321294023165,-0.5993714331905141,-408.69755723518506,-408.6975572351851,0.20126162659460697,0.9725081848606132
1976,-0.42920323656585907,-0.6474752431166412,-546.9255663430422,-546.9255663430424,0.4130661582780592,1.8589999999999998
1977,-0.49802662486992266,-0.6247425567883237,-222.16641553658187,-222.16641553658187,0.17321903120196616,0.8096442948543987
1978,-0.44338166239681465,-0.6254947871371451,-474.8346275524882,-474.83462755248826,0.28755895639476553,1.3538511267009528
1979,-0.4435697699841989,-0.5880155963804807,-1059.2571590586886,-1059.2571590586888,0.4395432692723035,2.3258010881815205
1980,-0.43271657235352895,-0.6040999036983448,-1267.783985102421,-1267.783985102421,0.5502338158047152,2.728574348982417
1981,-0.5162888619381225,-0.5928078669901321,-149.4051346274265,-149.4051346274265,0.09620004084234791,0.5084050612822861
1982,-0.48997753906710373,-0.6103232377678778,-381.1835717097496,-381.1835717097496,0.19813810751876607,0.9492009144510857
1983,-0.48825758058781915,-0.5974871012571938,-542.9469772759768,-542.9469772759768,0.23551024389327666,1.1779727469808228
1984,-0.4824027748855832,-0.6175239910310211,-221.24702870725895,-221.24702870725903,0.1539818028022122,0.7085170394401046
1985,-0.43400638754965254,-0.6540020397582409,-715.8110882956887,-715.8110882956888,0.482107131933667,1.7430000000000005
1986,-0.4848110912334696,-0.6046711423300376,-324.7340750703018,-324.7340750703018,0.16725800235885824,0.855406652851972
1987,-0.42999984909708505,-0.6110383945552431,-1105.1639653222783,-1105.1639653222783,0.4968282514928071,2.4076144119761516
1988,-0.44489549340988244,-0.6358794781708376,-500.1356852103122,-500.13568521031226,0.33848212793113236,1.5429068083486766
1989,-0.48458370875264617,-0.6209373335675474,-319.19226200577,-319.19226200577,0.1854697658623753,0.8300384727930239
1990,-0.5104418268996401,-0.6116944495696293,-179.62371317003914,-179.62371317003914,0.11840982081219303,0.5902714392460898
1991,-0.4987695432575649,-0.6207592543858568,-249.43713710155276,-249.43713710155276,0.15487773716872474,0.7433304082587112
1992,-0.4879274433423661,-0.6156289034318757,-413.5910026928571,-413.5910026928571,0.2209670428021836,1.0132142425303279
1993,-0.4388095227229002,-0.6357707058613613,-635.5244755244762,-635.5244755244762,0.41518504344411644,2.0054586671658985
1994,-0.4570017612947972,-0.6286284661470847,-538.1515990934295,-538.1515990934295,0.3299151431130424,1.5331443934640225
1995,-0.491255313665838,-0.6116631028433691,-300.07542290701497,-300.07542290701497,0.16934084546055053,0.8651051641440911
1996,-0.4948553171089201,-0.6107322091988953,-204.10144399951483,-204.10144399951488,0.12079411768330571,0.5860669918463826
1997,-0.46779529999926583,-0.5741153531001528,-859.7928210069887,-859.7928210069887,0.28252066909301354,1.7466554224417612
1998,-0.42224107064903504,-0.6582552296064018,-489.58701023649974,-489.58701023649974,0.4132295186039481,1.3870000000000005
1999,-0.47286581907246883,-0.6003079297290053,-673.9934711643109,-673.9934711643109,0.30017850811540914,1.3735937721417701
2000,-0.4311054529886096,-0.6120008388370233,-1071.353985381139,-1071.3539853811394,0.5126565308882347,2.539735299172517
2001,-0.43082109853301637,-0.6562727549142758,-617.2924560799195,-617.2924560799195,0.4782427055582998,1.7920000000000003
2002,-0.4849093976213104,-0.6008061995764183,-549.505752714309,-549.5057527143091,0.24914381982191602,1.1799543771373557
2003,-0.4802284235829948,-0.5888831385609974,-428.3381484738101,-428.3381484738101,0.18038283443097658,0.9033906132741543
2004,-0.4344467594329565,-0.5926280617757903,-1160.5126640219723,-1160.5126640219723,0.5013892911933012,2.4196359151938496
2005,-0.4926616651969606,-0.6257687236751183,-230.29366306027867,-230.29366306027873,0.17133095065177795,0.7753702456375308
2006,-0.4854205480706938,-0.6059956349950194,-297.25947521865993,-297.25947521865993,0.15725441434697457,0.8018234931720306
2007,-0.5111133769665189,-0.538787678125831,-123.48330290991109,-123.4833029099111,0.05580751592570829,0.3074591738385164
2008,-0.4829709462289568,-0.584111874392729,-742.7826410877266,-742.7826410877266,0.2604105568308201,1.5183586420871709
2009,-0.5017447943481977,-0.6070622717373967,-176.7854627412314,-176.7854627412314,0.1177794658461935,0.5803959321028077
2010,-0.48685663574841487,-0.6341120982779344,-255.1303383250144,-255.1303383250144,0.1922944480590443,0.8248400022726063
2011,-0.43175095162912974,-0.664096621711007,-750.3539405379909,-750.3539405379909,0.49678106552670326,1.5900000000000005
2012,-0.4323133850936086,-0.6422603359987381,-795.686719636777,-795.686719636777,0.4882831688663453,2.1030000000000006
2013,-0.5085963615063354,-0.5989460691025226,-155.84247901872192,-155.84247901872192,0.09687192326437118,0.5157876244374908
2014,-0.48295524631943,-0.5899441382643026,-518.8473293552615,-518.8473293552615,0.2096587631002292,1.0654246517370376
2015,-0.47603898175317094,-0.6118008692794896,-204.35379486173758,-204.35379486173758,0.1493495056733179,0.7116720813378912
2016,-0.4785902193761649,-0.5962149332331175,-285.6038006850081,-285.6038006850081,0.14235636032106483,0.740918467409681
2017,-0.47646734778802624,-0.6015965662390232,-618.1290188757553,-618.1290188757553,0.2763611072186477,1.2281281314716113
2018,-0.4644470046263182,-0.6237868206691392,-620.3636363636383,-620.3636363636383,0.34750806471373624,1.5892048648513826
2019,-0.45850620075312903,-0.6247588709476133,-613.1528046421663,-613.1528046421668,0.31978260820654647,1.5257474449544766
2020,-0.4315798285272792,-0.6043418097570987,-1045.2326716563653,-1045.2326716563653,0.478434076935081,2.445143206884068
2021,-0.442078234554845,-0.6019811537117745,-800.7507037848035,-800.7507037848035,0.347660149294423,1.6789710070835346
2022,-0.4836507993377599,-0.5929791019734909,-456.2752508797095,-456.2752508797097,0.19613659554111715,0.939584480171718
2023,-0.43039891712867073,-0.600075427255143,-1248.9579386131104,-1248.9579386131104,0.5127589285334071,2.5762746981033984
2024,-0.4857869379517104,-0.6029397831813891,-381.4635423484759,-381.4635423484759,0.18465854750786198,0.8862117918582322
2025,-0.509108286949764,-0.6286082953161705,-240.031274433151,-240.031274433151,0.1625126661513288,0.7770116054975225
2026,-0.47850243927607855,-0.5993298050567112,-536.5129625964781,-536.5129625964781,0.2289974421397354,1.0002000435858824
2027,-0.4311405860566545,-0.5879393976148631,-1272.9411764705894,-1272.9411764705894,0.48769174452692543,2.4717150726565316
2028,-0.4897208612939745,-0.6246599709366301,-228.5409632130802,-228.5409632130802,0.17238013997262902,0.7863203243738853
2029,-0.4256911429633466,-0.6663121270476022,-558.4536562645557,-558.4536562645557,0.4166742675293,1.1990000000000005
2030,-0.47226935301323725,-0.6163526444196338,-541.5098516714655,-541.5098516714655,0.28517157041654684,1.2441109061078548
2031,-0.46236909594731035,-0.6210241948000595,-236.27472771727116,-236.27472771727116,0.18241561650457372,0.8377818319671775
2032,-0.49635589765701466,-0.6231114012889271,-299.441630957019,-299.44163095701913,0.18014935224038706,0.8470728995529243
2033,-0.4650110720146762,-0.592818735842008,-828.8598867274086,-828.8598867274086,0.3364783042144719,1.6738088016665418
2034,-0.4904614101964218,-0.6243831956620391,-384.8742188751816,-384.8742188751816,0.22847342547347502,1.070408826511981
2035,-0.42692410621845733,-0.6612770496847736,-517.6470588235297,-517.6470588235298,0.4552893007342043,1.6280000000000001
2036,-0.4858527604005006,-0.6006349143792282,-464.24945612762957,-464.24945612762974,0.21156070753557532,0.9845671372685022
2037,-0.5025399234186247,-0.6132800121258023,-192.59947360272565,-192.59947360272565,0.14377288485325027,0.6899460857711921
2038,-0.45019275732010705,-0.5987123212578186,-897.470039946738,-897.4700399467381,0.411708059024443,1.9516793981593394
2039,-0.4827739596295851,-0.6037905027925247,-447.2587902016345,-447.2587902016345,0.20685441517440925,0.9330748201565173
2040,-0.4745339283150743,-0.6203899478326534,-226.1928934010158,-226.19289340101585,0.17542162379688037,0.8058988594497855
2041,-0.480466907519391,-0.5936386863882886,-492.1545469883589,-492.15454698835896,0.20052876040460685,0.9094809291330017
2042,-0.4437647582915939,-0.60471701957743,-883.607029674445,-883.607029674445,0.4122580634201852,2.0651333624739774
2043,-0.5175915927836098,-0.6151013329726539,-185.38124809121464,-185.38124809121464,0.12539101521418883,0.6440938125798861
2044,-0.5008540249486193,-0.6230060225784952,-268.3458728601029,-268.34587286010293,0.16721212691674595,0.8075693042814152
2045,-0.483682655494818,-0.6033187781848295,-569.4950546590318,-569.4950546590318,0.26497437765288356,1.2194986841833817
2046,-0.43836261574730473,-0.5967399307971176,-1078.6190890629528,-1078.6190890629532,0.4812887220159468,2.282721863487604
2047,-0.4793072294203805,-0.5944697207744921,-357.2783609459987,-357.2783609459987,0.16522444830297256,0.8138898360143575
2048,-0.4873591988074895,-0.5991869463352141,-431.22136551570105,-431.22136551570117,0.2092473141224681,1.0275972687488406
2049,-0.48229527123756805,-0.5987032605413835,-350.4644709856447,-350.46447098564477,0.1706590047649863,0.8502053956066881
2050,-0.4346705867630421,-0.5971059303785722,-1145.2964917727456,-1145.2964917727456,0.4915422035515951,2.4265573649244407
2051,-0.4802270064931011,-0.6239051772496546,-357.56422454804976,-357.56422454804976,0.21405511303170713,1.0061543089181164
2052,-0.48109570039009514,-0.6003337874911886,-389.37509596192285,-389.37509596192285,0.18008816614370257,0.8453520502534797
2053,-0.4242093867692677,-0.6335116985664027,-708.0500894454376,-708.0500894454376,0.4124764764653714,1.9790000000000003
2054,-0.46740289586680717,-0.6153579729292763,-484.51170489477397,-484.51170489477397,0.2525622862884273,1.1254409915521935
2055,-0.4747918885749783,-0.5831627563887809,-381.17331683678776,-381.17331683678776,0.16885355053610973,0.8497298072443757
2056,-0.4828123580746516,-0.607235600725273,-411.2273708686266,-411.2273708686269,0.20063311832729577,0.9208762635841029
2057,-0.48071808908926994,-0.6053123427213526,-386.617720674121,-386.6177206741211,0.18689752061573553,0.8761945629598485
2058,-0.4873806578848342,-0.6071163483199007,-305.700633403712,-305.700633403712,0.1647425268661421,0.874335144211297
2059,-0.4836359719679421,-0.6001242244972237,-542.9826042898165,-542.9826042898165,0.24138052324472647,1.141927038502666
2060,-0.4880982817371276,-0.6102919369262709,-314.9005379707249,-314.90053797072494,0.16961075044970553,0.8773693400785101
2061,-0.4844880239420849,-0.6171282350680086,-272.9029141845123,-272.9029141845124,0.1582629936811943,0.7227055395209854
2062,-0.4896997612511364,-0.6232925652432884,-290.1764797751059,-290.1764797751059,0.17465071157056933,0.8034698621662011
2063,-0.49249330615143594,-0.6191880693487342,-317.4426685198053,-317.4426685198053,0.18052529981963883,0.8669491811007173
2064,-0.5049817793458921,-0.5895675519278919,-149.94992130490806,-149.9499213049081,0.09536683734940346,0.49383676457833126
2065,-0.484195859245715,-0.6014865832877233,-309.54597166201256,-309.5459716620126,0.16239016868289485,0.8614559685974404
2066,-0.4750552789921138,-0.581116149020819,-750.3610480709724,-750.3610480709725,0.2681185484746876,1.583197502597021
2067,-0.49588690558815585,-0.6199683042818916,-239.36098805208803,-239.36098805208806,0.1503550908358598,0.6970113090459757
2068,-0.49613682205340914,-0.6087037766052146,-200.45459465310157,-200.45459465310157,0.11617181621977296,0.5750256324338306
2069,-0.4974714926509905,-0.6136541572368316,-199.2635604022095,-199.2635604022095,0.13015822569503588,0.6393980263011233
2070,-0.48410814906659216,-0.5969422749156776,-384.19789166057893,-384.19789166057893,0.18970732272298935,0.943848985460374
2071,-0.47941104609335095,-0.5889055941102684,-603.0094742708571,-603.0094742708571,0.23170247544527856,1.1786247971932615
2072,-0.4922854726254541,-0.6271590097979873,-242.35844329380376,-242.35844329380376,0.17043943184315102,0.7476680167761355
2073,-0.5191573775690859,-0.5652740348715672,-133.13896987366408,-133.13896987366414,0.0735021477971238,0.3953308007276091
2074,-0.5059474368758927,-0.6105503274268148,-183.5359601581958,-183.5359601581958,0.1340540540894033,0.6353220101715039
2075,-0.5029752951263275,-0.6029740238782249,-167.60766079929158,-167.6076607992916,0.09514415524680153,0.5026525078771445
2076,-0.4792152384748298,-0.5825563406909898,-632.0070733863834,-632.0070733863835,0.22790755877150545,1.3095167087236825
2077,-0.48987898150099196,-0.6255820800648993,-295.47272436410276,-295.4727243641028,0.18182466876523815,0.8304373812315915
2078,-0.4778520321339652,-0.5771311708642746,-526.9006640466198,-526.9006640466199,0.18868117618417807,1.0587150429577998
2079,-0.46315258729609293,-0.6328945328977571,-291.54319580579,-291.5431958057901,0.21404714326548951,0.9153327993984208
2080,-0.5082889794246401,-0.6145970094019567,-189.63804116394635,-189.63804116394635,0.13903320084142928,0.6724980463266982
2081,-0.4784199220578765,-0.5928672460454653,-618.2679029394366,-618.2679029394367,0.2481403261947356,1.210051193279733
2082,-0.4955394825991828,-0.6235184166372989,-230.21014378258798,-230.21014378258815,0.15967935801602726,0.7134798069231704
2083,-0.43739192122938964,-0.6362366169082165,-993.2910920611255,-993.291092061128,0.49959211494737776,2.433357668712639
2084,-0.49985850735505805,-0.6252955023996718,-240.6864796986195,-240.68647969861965,0.16026949823060496,0.7376725481960975
2085,-0.4829947671519906,-0.604949333101355,-314.68237273874746,-314.6823727387475,0.15574919658394631,0.7969300494969652
2086,-0.4746352416478953,-0.5891966797835041,-307.1184333229721,-307.1184333229721,0.1462311089377993,0.7773522607667156
2087,-0.48159739392444784,-0.6211516643855788,-398.9908428331157,-398.9908428331157,0.2288660003793747,1.0555510342489902
2088,-0.4849124715287392,-0.6027253971740342,-256.9679746420381,-256.9679746420381,0.1361096817278781,0.6632339227797761
2089,-0.46591458007930847,-0.607983957898311,-566.8883961566885,-566.8883961566885,0.2663842900074808,1.2012180400987698
2090,-0.4842437948145183,-0.593320353344668,-573.3211512106,-573.3211512106001,0.24188596406879875,1.2654516002267162
2091,-0.47160027677004535,-0.6182359840316576,-571.9004624532081,-571.9004624532081,0.31214708276809316,1.3716164432710705
2092,-0.4690753926500232,-0.43533712641322037,-104.17313865589738,-104.17313865589738,0.029191208403866093,0.17972471817940014
2093,-0.4672563761901339,-0.6244539318449993,-517.9606025492486,-517.9606025492486,0.30147654499085025,1.3607985423657223
2094,-0.48899351379324224,-0.6046180076348727,-408.7965791081251,-408.7965791081251,0.2020757713039883,0.9584969623628744
2095,-0.48584769433313846,-0.619735271572854,-427.95364123854114,-427.9536412385412,0.23845424779118612,1.0804518466045652
2096,-0.4790466750433581,-0.6359666899436355,-352.94117647058897,-352.94117647058897,0.24356515660307682,1.0599140818139667
2097,-0.4679737094729198,-0.5841178789765414,-809.7583861130676,-809.7583861130676,0.30338979365542096,1.7272330638873068
2098,-0.4786941207679322,-0.577490417016111,-554.1437244105605,-554.1437244105605,0.1974834726898567,1.164737514019017
2099,-0.48042142666325494,-0.5974718075744275,-639.5674063024438,-639.5674063024438,0.27761122164431506,1.4113658263998152
2100,-0.48061925816995965,-0.583834253963918,-512.072022916383,-512.072022916383,0.19667550542075873,1.0277862310097974
2101,-0.4881401401677053,-0.620640813970512,-370.0113103894013,-370.0113103894013,0.21118540415556955,1.0034573655076624
2102,-0.4811373828571295,-0.6127553870496159,-489.82309301883197,-489.82309301883197,0.24844224554531844,1.0998880999513003
2103,-0.4911307358791565,-0.6142040500675919,-341.136688776174,-341.136688776174,0.1864513770035375,0.93110838999358
2104,-0.4791670391393006,-0.6132746999281063,-492.75074478649583,-492.75074478649583,0.25080625742719564,1.1065120098501229
2105,-0.43938317000165056,-0.6294601571537748,-1211.2481153302012,-1301.8360949395465,0.5235229333356628,2.907
2106,-0.43000461056397987,-0.6069706826491674,-889.2371995820281,-889.2371995820281,0.3936732542952888,2.018917921335918
2107,-0.47992682381677326,-0.5806619083740803,-556.5230010158187,-556.5230010158187,0.20377673425058787,1.1579636237262563
2108,-0.48761616304427113,-0.6042859609486623,-356.7063364425867,-356.7063364425867,0.18824130592040836,0.9384859339614499
2109,-0.4792691581228847,-0.595369113721146,-671.0351377018042,-671.0351377018042,0.28586248275617965,1.5182096388571604
2110,-0.45451629544255945,-0.6217039517143426,-602.7683468268501,-602.7683468268501,0.3395537390719979,1.5922372886366962
2111,-0.480945372319558,-0.6047591041289982,-384.5142199572583,-384.5142199572583,0.1855020087720651,0.8723511084649629
2112,-0.4814733485920457,-0.6005704628361188,-413.60500561527476,-413.6050056152749,0.1861757838579891,0.8533827630490383
2113,-0.43559793465358515,-0.6512518271126261,-749.1961414790992,-749.1961414790994,0.5219186679013121,2.0970000000000004
2114,-0.46655647357738195,-0.6204242850172568,-590.8298031397967,-590.8298031397968,0.30742778990247116,1.4234563261159794
2115,-0.5064921802528567,-0.5987982076493233,-157.07530849959653,-157.07530849959653,0.0895343337830187,0.48829556707240224
2116,-0.5172577133592731,-0.5482138627848344,-127.49671091974662,-127.49671091974662,0.06825604182291864,0.3437544398571195
2117,-0.49476757974823965,-0.624888598635888,-289.3945899527697,-289.3945899527697,0.1768236930760962,0.8145020471938701
2118,-0.4326237152996023,-0.6561898810396098,-709.0990587180654,-709.0990587180654,0.4622245879039343,1.5820000000000005
2119,-0.49927454749330913,-0.5091318717663286,-115.59051836519821,-115.59051677045795,0.04095171920078443,0.23899318393246122
2120,-0.4857177476040637,-0.5963138231189714,-431.69754089481245,-431.69754089481245,0.20729978442786545,1.0281240366022202
2121,-0.48421343728755795,-0.6092828417880555,-494.35077350947483,-494.3507735094749,0.2424678923967664,1.0756349759211685
2122,-0.4362468445346785,-0.5926658125982668,-1043.751967264716,-1043.751967264716,0.4285860941035562,2.2828013315269384
2123,-0.46706134229499285,-0.6222877877439561,-351.9565709115588,-351.9565709115588,0.20976087824298376,0.9245418840927611
2124,-0.4485169594784889,-0.6322126424893246,-606.7973856209157,-606.7973856209159,0.3879155014791786,1.8096002121378383
2125,-0.47670140752497236,-0.6364488034229258,-397.7579406269459,-397.7579406269459,0.2733594356126582,1.2485718929215777
2126,-0.4910539071638598,-0.6106556067744047,-206.3025771130994,-206.30257711309943,0.12162987339164318,0.5813606415916077
2127,-0.48191497568401026,-0.5947171583654184,-502.5472473295,-502.54724732950007,0.20846605539203816,0.9491932421281584
2128,-0.4302768935093609,-0.5933383414696051,-1757.982415548358,-1757.982415548358,0.607666683704772,3.1858174437606106
2129,-0.49009910791052025,-0.6204682275943205,-287.26408084410775,-287.2640808441079,0.1683553794226596,0.777309645691588
2130,-0.4484873348914399,-0.60796527493525,-845.9898747668567,-845.9898747668567,0.4264959301936735,2.0224749832917794
2131,-0.47098039275696646,-0.6136693688645315,-535.7548240635655,-535.7548240635656,0.2725889752492491,1.1897867144986307
2132,-0.4749564577789032,-0.6188469196596665,-443.4580426971051,-443.4580426971051,0.24370186487336729,1.099544048964091
2133,-0.48445956711721316,-0.5992672407755952,-433.3759046402726,-433.3759046402726,0.1956480775741402,0.9456351169432263
2134,-0.4801486529167248,-0.6212467091223212,-451.2840619486376,-451.2840619486376,0.2540376484466246,1.1370525312980384
2135,-0.43549851112105703,-0.630561695522947,-1100.1430615164556,-1100.1430615164556,0.5177316211571348,2.3070000000000004
2136,-0.44299366441615073,-0.6145384993471665,-782.3129251700703,-782.3129251700703,0.3881501042039955,1.8997396437269116
2137,-0.47927897072305026,-0.6116156130166235,-561.1739044219728,-561.1739044219729,0.2830512000317183,1.207270376999992
2138,-0.4340066232413963,-0.6505431538900629,-440.06613392119107,-440.0661339211912,0.36734742756432576,1.5969999999999998
2139,-0.48047057136721727,-0.6312102653142466,-263.46265199768436,-263.46265199768436,0.1882683980835962,0.8088716783531155
2140,-0.4947461366625906,-0.6187095464897239,-277.5177049573889,-277.5177049573889,0.1637869713745492,0.7688686591202344
2141,-0.4739287736071796,-0.5832983052550835,-373.2136922565645,-373.2136922565645,0.16199350659997902,0.8081028998624397
2142,-0.43868737830234106,-0.6278297953861437,-710.5341689048071,-710.5341689048071,0.4018564970959327,1.9221900504885556
2143,-0.49787285529449715,-0.6134159031578245,-226.38146167557937,-226.3814616755794,0.136907764189205,0.6545813564955489
2144,-0.48641391536746514,-0.6027196320849035,-441.9928825622781,-441.9928825622781,0.20659247766058939,0.9835272029639203
2145,-0.5067427776714873,-0.5710757658418656,-137.56051481875093,-137.56051481875093,0.06965344374907809,0.392507484697522
2146,-0.5042785454357439,-0.4868666438858357,-110.8642758912516,-110.86427589125162,0.039872471363003835,0.22469925344685118
2147,-0.4645677344489142,-0.6223154964238667,-457.3624789815058,-457.3624789815058,0.26343915113889044,1.2125838258457464
2148,-0.48564998987353936,-0.6034498221111836,-291.1189162067236,-291.1189162067236,0.15634841243945088,0.8378015108964547
2149,-0.48692475324010537,-0.6075958723760292,-494.53854677853514,-494.53854677853514,0.2405086135923538,1.0746875339087134
2150,-0.43373737617343294,-0.6474825775793114,-399.94449070219247,-399.94449070219247,0.3334303438297499,1.441
2151,-0.4904869342310693,-0.6113776413136515,-299.8554109665228,-299.85541096652287,0.167641623377804,0.8450098153597879
2152,-0.47222460645551795,-0.5769299850679553,-413.00830546866723,-413.00830546866723,0.1685534303485079,0.8791424219168603
2153,-0.45444058916627966,-0.6061823016332409,-795.8602846054349,-795.860284605435,0.38935098291874853,1.8148737825444499
2154,-0.4798319476308499,-0.6091795668607632,-386.9015839117299,-386.90158391173,0.1948386939624379,0.9079259513119968
2155,-0.48877860794863004,-0.6081900485469831,-321.6982164350587,-321.6982164350587,0.1749784129708912,0.9086651965663671
2156,-0.4744640669063093,-0.580076991225634,-415.3169580607104,-415.3169580607104,0.17437524926234205,0.9040776055127168
2157,-0.41595711197925156,-0.6660030675619788,-498.02371541502043,-498.02371541502066,0.47026867063905914,1.1340000000000003
2158,-0.4837889061460012,-0.5951563194265931,-399.7017151379562,-399.7017151379562,0.1904631996461858,0.9259501210969759
2159,-0.48514847548789847,-0.6059030867519462,-540.4861693210397,-540.4861693210397,0.25862049122537367,1.1273603209474294
2160,-0.477088119259775,-0.6422502194365128,-283.7977296181634,-283.7977296181634,0.2339264915109308,0.9894623210002433
2161,-0.45707040921332837,-0.6434048956561924,-365.62272396212734,-365.6227239621274,0.28669712004583836,1.2361393112014682
2162,-0.4377288170078056,-0.5673738725217514,-1292.6990419557328,-1292.6990419557328,0.4064319773288768,2.3263428872965224
2163,-0.4681700926974906,-0.6001234600241764,-742.1539850982183,-742.1539850982185,0.3394461827767343,1.6110144894676848
2164,-0.42816366663421423,-0.6384714314424395,-747.3058342623563,-747.3058342623564,0.4500581585138126,2.011
2165,-0.4347524426100963,-0.6257899812711492,-1634.7099671140327,-1847.7958236658976,0.6678577425306826,3.368333365072313
2166,-0.4339119561227302,-0.5836898553464996,-1296.3323596234977,-1296.332359623498,0.47317123013277285,2.3201786772215987
2167,-0.4896761736955051,-0.6102574028544298,-328.7591580416344,-328.7591580416344,0.1787240129165455,0.916138823351734
2168,-0.47656753755969594,-0.6269502913355748,-305.2423343224541,-305.2423343224541,0.19402149531563292,0.851412188277996
2169,-0.4812028647061298,-0.6118039915396285,-505.9897318881945,-505.9897318881945,0.25252766582357855,1.1083573494899264
2170,-0.48748435605343604,-0.6063247182852152,-431.86733958183163,-431.86733958183163,0.20947386052944292,0.9538176299028991
2171,-0.4748054087096626,-0.6325940270390027,-420.0042381860566,-420.0042381860566,0.2750267029191548,1.2537590282887758
2172,-0.5134428073808256,-0.6179699152011595,-197.55754890305838,-197.5575489030584,0.13436053534734155,0.6683995138415565
2173,-0.4826410561689739,-0.6028382502179241,-368.5902118334551,-368.5902118334551,0.1772250254198902,0.8523526291807692
2174,-0.4871972157944342,-0.6044325065811385,-488.0253050158171,-488.0253050158171,0.2301597262063504,1.0415088778939274
2175,-0.48531205877201977,-0.6169216198601903,-210.37998146431954,-210.37998146431954,0.16165188581201986,0.7568883919352645
2176,-0.4821398828493102,-0.5934718028764102,-456.7524349469411,-456.7524349469411,0.19245426279145086,0.9135401091261666
2177,-0.4846835484635576,-0.60009712810813,-375.3739380160352,-375.3739380160352,0.1828286078485849,0.8959664114473563
2178,-0.4371610102363566,-0.6318319210444022,-801.4054384356857,-801.4054384356858,0.4507980105580347,2.3237126714917236
2179,-0.48540999209937813,-0.5976402735800204,-403.23088219867924,-403.23088219867924,0.19901194956812907,0.9734976649581102
2180,-0.477251055876838,-0.6181642478719549,-467.3935404237815,-467.3935404237815,0.2523962179634745,1.1201859463844903
2181,-0.48553035170183834,-0.62643643492067,-373.8218033078425,-373.8218033078426,0.22770109054035612,1.0737026158069556
2182,-0.5072505667630488,-0.6220551795710966,-211.45490454246294,-211.45490454246297,0.1480697004188653,0.7030536040523753
2183,-0.4968337371871129,-0.6156382125386112,-228.32130604519125,-228.32130604519128,0.13948686331968335,0.6574788432571064
2184,-0.4869975104080903,-0.608761977772894,-492.58491468665386,-492.58491468665386,0.24226254815196413,1.08521712215952
2185,-0.4357080794318086,-0.6146695602248574,-1395.9244785320716,-1469.7584017449362,0.507888974566541,2.708220957344223
2186,-0.4500304873597947,-0.6123713596368413,-612.3741007194301,-612.3741007194301,0.3023874684969657,1.4684540686220329
2187,-0.46362693785798803,-0.6261122189624245,-338.74333410619187,-338.7433341061919,0.21450352008261372,0.9491721473300394
2188,-0.480138242260481,-0.6125874379924705,-384.44806960304516,-384.4480696030452,0.2007227330956856,0.9381848882798107
2189,-0.48326687064174056,-0.6368666882152885,-350.659277660998,-350.659277660998,0.2435560043808402,1.0568302240239054
2190,-0.4572842822298234,-0.632783185676168,-270.7598212185376,-270.7598212185377,0.21502880812332403,0.9666160148256423
2191,-0.4505053719895892,-0.6054282697197582,-800.6562756357669,-800.656275635767,0.3807762132939447,1.8245766952025098
2192,-0.48686236743103545,-0.609012806357236,-322.1892345424036,-322.18923454240365,0.16996420853562785,0.8678178879510767
2193,-0.513293697113493,-0.6153785521924359,-189.42037141249344,-189.42037141249344,0.12789826617377192,0.6528503686827198
2194,-0.49129884952018066,-0.6342517049011649,-282.78338177466276,-282.78338177466276,0.19525122652939705,0.8830095289328806
2195,-0.4811018967858385,-0.5856757711522022,-637.8263010999846,-637.8263010999846,0.24574230858850488,1.4069837918711143
2196,-0.43072828363610693,-0.584350032942736,-1349.5378295104424,-1349.5378295104424,0.5126628634807303,2.497858499854629
2197,-0.45826964027670253,-0.6226001244001934,-562.6111252222508,-562.6111252222508,0.31943925258734235,1.4630497507764706
2198,-0.506067430995842,-0.6242758792728083,-244.6086868482331,-244.60868684823328,0.15873213143385492,0.7729352953883153
2199,-0.4837761494255256,-0.6037121547241827,-295.00984138010915,-295.00984138010915,0.1535070375815165,0.788683974774011
2200,-0.5087655309815803,-0.6004455534121114,-158.58483101616346,-158.58483101616358,0.09273943058628603,0.5027192025827263
2201,-0.4431332041157828,-0.6072143114904313,-863.4938728982617,-863.493872898262,0.4200198446525645,1.9991495823294834
2202,-0.48659770943990244,-0.6056454721373362,-355.3719008264466,-355.3719008264467,0.17978956672551352,0.8853558414750752
2203,-0.4750067270873088,-0.6032652986617913,-573.894282632147,-573.894282632147,0.25786901442146704,1.1357670777420974
2204,-0.4848252770001379,-0.6298911790379086,-295.3274400144332,-295.32744001443325,0.19304047807567024,0.854811764821807
2205,-0.4812004700156204,-0.6176257164692303,-361.8599601954045,-361.8599601954045,0.20121461355584458,0.9586189792263079
2206,-0.4347753307168194,-0.6438226945958144,-892.5468678555137,-892.5468678555137,0.4846350071041973,1.9520000000000004
2207,-0.5002130519560845,-0.6079343036752124,-181.14294376231715,-181.14294376231715,0.127665743661298,0.6077655860530882
2208,-0.4337496618154838,-0.5768141259896482,-1238.2561676241983,-1238.2561676241983,0.42592877550078173,2.3246103911271234
2209,-0.4896932650584129,-0.6107112306211079,-328.81758764111726,-328.81758764111726,0.17838276403870812,0.9124339022446043
2210,-0.47777958415548294,-0.577850761287388,-703.3290417509659,-703.3290417509659,0.24252012431029965,1.4482291970518228
2211,-0.5091333738758484,-0.6108637253571202,-179.1212917761926,-179.12129177619263,0.11960930388718864,0.6019797721812413
2212,-0.4270321998596972,-0.6338336880963977,-754.8984681154277,-754.8984681154277,0.4410418301090392,2.119
2213,-0.5035632412921573,-0.6143391350964461,-194.7320141527981,-194.73201415279811,0.12907350841093188,0.6503374030951179
2214,-0.4291607778380474,-0.6149829434602323,-1851.0638297872365,-1851.0638297872365,0.6762836061963184,3.3904311365014905
2215,-0.4270309652196422,-0.6669715225618763,-549.1375852386691,-549.1375852386691,0.4655998387519511,1.3690000000000004
2216,-0.49393937452843256,-0.6115783077188262,-203.5747141542917,-203.57471415429177,0.12285591091450063,0.5877531185288942
2217,-0.4831454543349036,-0.6100214981951068,-378.01476620180483,-378.01476620180483,0.19292543574842938,0.910808000785366
2218,-0.5092875193755121,-0.5770694801531328,-142.0918708986207,-142.0918708986207,0.08560467457205745,0.4423374190713086
2219,-0.471716738052092,-0.6014029191543455,-657.5614601440302,-657.5614601440302,0.26726274178849013,1.195134757070946
2220,-0.43100535772631493,-0.5995474051731379,-1675.9860209685492,-1675.9860209685492,0.57711031283605,3.3569999999999998
2221,-0.48665672179487723,-0.6223369012918801,-219.7554092191911,-219.75540921919116,0.17998662980276559,0.8325949855100763
2222,-0.5028116912159623,-0.6252312894849834,-262.26772004005863,-262.26772004005863,0.1668762681236181,0.8145976329177023
2223,-0.4819744305315751,-0.5916594086377142,-478.235207318873,-478.235207318873,0.1957807688063121,0.9110884111588224
2224,-0.44594360048000964,-0.6067608912812158,-802.6429187015257,-802.6429187015257,0.38152331875107426,1.861057406576706
2225,-0.47938289521657684,-0.6282089559150195,-239.50666401432306,-239.50666401432306,0.19195593133951772,0.8637513757957908
2226,-0.4757971944477015,-0.6329334353861941,-245.04692387904146,-245.04692387904146,0.2199948929595731,0.9929978034728463
2227,-0.48149012353920884,-0.6048142757993142,-294.75833900612736,-294.75833900612736,0.15012757613761135,0.7096798224931435
2228,-0.5009105690837298,-0.6320108398979386,-251.02133454380407,-251.02133454380413,0.17730558980715908,0.7923295339681675
2229,-0.43727805696421174,-0.6232931162613924,-1022.2222222222242,-1022.2222222222242,0.4826998430064878,2.5255606503533774
2230,-0.5085965092290585,-0.6213590041053577,-205.96486047541782,-205.96486047541782,0.15799108007866275,0.7432947492951353
2231,-0.47997052273827706,-0.5846318635052188,-465.39813355956903,-465.39813355956915,0.1888883493585371,0.9768266337590567
2232,-0.4853261954092057,-0.6031095183181343,-295.0886075949368,-295.0886075949369,0.15796621734259858,0.8562059494313156
2233,-0.5139233291379208,-0.6174059096711954,-194.11965035758897,-194.11965035758897,0.13376910857425478,0.679299744562709
2234,-0.467944681637983,-0.5890138993842599,-758.3669594113512,-758.3669594113512,0.295491925888195,1.5844095398580484
2235,-0.4169465692398861,-0.6439841876418266,-324.54841575362826,-324.54841575362826,0.31416491730643714,1.0960000000000005
2236,-0.4927762212922469,-0.6389620576483349,-277.10843373493964,-277.1084337349397,0.2059510519568424,0.8927204926335633
2237,-0.4875638168616801,-0.59780479020761,-469.1751440127472,-469.1751440127472,0.2154348534072472,1.0163244567906498
2238,-0.47679209168809594,-0.6245843177830769,-461.7140485577926,-461.7140485577927,0.27005298144322026,1.2095756976262466
2239,-0.4988601895952204,-0.6232822861364503,-288.7594641817128,-288.7594641817128,0.17707931658402618,0.8512016092485463
2240,-0.4836624624577319,-0.6160326033166033,-446.1758910979771,-446.1758910979771,0.23679070896141421,1.0594633312994184
2241,-0.4679778008359524,-0.5716987768687084,-914.8054340317781,-914.8054340317781,0.3043457406189332,1.9589820972659573
2242,-0.4876921421181286,-0.6210269172540542,-412.51042535446317,-412.51042535446317,0.23423752433116482,1.0728081504912341
2243,-0.4978949484967397,-0.6260778240696714,-238.07332412946823,-238.07332412946823,0.1649831473468928,0.7395317968407071
2244,-0.4796989433357832,-0.6209124824719289,-511.7938553022812,-511.79385530228126,0.2865849910867823,1.2535689676913628
2245,-0.4909177573175029,-0.6087674412268684,-225.12908777969108,-225.12908777969108,0.12812103672739078,0.605289024125154
2246,-0.48802342006706484,-0.4683439870700553,-108.34813499111907,-108.34813499111907,0.033542753999840136,0.19326417415400307
2247,-0.43529941557230223,-0.5916573315388145,-1152.4704455895778,-1152.4704455895778,0.49481513983706127,2.3669858653587497
2248,-0.4723967863539869,-0.5837147083098966,-334.03593295192195,-334.035932951922,0.1537609078679381,0.7990085000393534
2249,-0.49080578627025634,-0.6187744206785215,-324.2490842490846,-324.24908424908466,0.18230114651011645,0.8903274606308079
2250,-0.49253076376906435,-0.6149980061688466,-385.0825082508261,-385.0825082508261,0.20914638418149437,0.9962787452366413
2251,-0.49827989866628863,-0.6171568597150866,-205.96249398942183,-205.96249398942186,0.1514345611799603,0.713431344858656
2252,-0.42559302831817014,-0.6600554454621438,-533.3804309431304,-533.3804309431304,0.4415384819262928,1.5100000000000002
2253,-0.47013512637033633,-0.5772927530644077,-370.0236601172724,-370.0236601172724,0.15661373819349406,0.79108834853938
2254,-0.4879887689055817,-0.6112885347623598,-224.5150639702845,-224.51506397028461,0.13018586570517915,0.6118532798082619
2255,-0.49876223850038004,-0.6263697008484725,-319.78036344620256,-319.78036344620256,0.1961399760846998,0.9153083894712869
2256,-0.4933268426816292,-0.6150905631812499,-280.760253417806,-280.76025341780604,0.16191857772724363,0.7888601396610788
2257,-0.4982313625433572,-0.6202624311849904,-242.76745044934148,-242.76745044934148,0.15160299647406583,0.7181090756088452
2258,-0.4884516067626599,-0.5994046113686927,-491.882062605535,-491.882062605535,0.22458803662314747,1.0351822237055452
2259,-0.49088664804167287,-0.6131222447682403,-271.73530447025666,-271.7353044702569,0.15407005053059009,0.7304011930143279
2260,-0.4669713411367474,-0.6261412505280539,-363.71902705160386,-363.7190270516039,0.22739634139608297,1.0018726541576974
2261,-0.4807077139231702,-0.5986297137950828,-685.6592877767109,-685.6592877767109,0.2984232354172146,1.511071718235834
2262,-0.4397756309521164,-0.6325761092772529,-1216.9647884090805,-1416.5365744329547,0.5639975973525301,3.073866438711101
2263,-0.49526690757609876,-0.6189434315725925,-217.7852864383351,-217.7852864383351,0.14745426261697914,0.6807995810881963
2264,-0.5187038880415322,-0.6161035760384294,-184.83152233563825,-184.83152233563828,0.1290591403921072,0.631362638731001
2265,-0.4716326465378975,-0.6282869788102854,-440.01760950913535,-440.01760950913535,0.2719832995672095,1.2242221346572868
2266,-0.5107246573313644,-0.6017993255729475,-160.80348602401955,-160.8034860240196,0.09530638137584564,0.5068815037449085
2267,-0.42313718882277146,-0.6434408150146207,-526.0633194755355,-526.0633194755355,0.3754434894427109,1.6450000000000002
2268,-0.48644562256337615,-0.6088980946913695,-309.9527277373203,-309.9527277373203,0.16453131244406535,0.8532420377985013
2269,-0.48044583661434054,-0.5965219219167709,-302.0613373554552,-302.0613373554552,0.1536550382062051,0.8254573645421742
2270,-0.5096576103190664,-0.6099501041464948,-176.9659849064858,-176.96598490648583,0.11152407799949995,0.5602796194064982
2271,-0.48211417961695485,-0.5934052415180602,-582.4663141736349,-582.4663141736349,0.24068647873485646,1.1920974206694395
2272,-0.46683016448175374,-0.6166562994842614,-223.66460949138138,-223.66460949138144,0.1658307512202101,0.7672126033841807
2273,-0.4788040149486677,-0.5864153722128519,-670.174779176847,-670.174779176847,0.25424908825358694,1.4291190424817952
2274,-0.5081202196501727,-0.6215895981113535,-209.8071766057974,-209.8071766057974,0.14580995626249874,0.6957907831230242
2275,-0.4304066151208837,-0.6387945371088481,-742.9445766746021,-742.9445766746021,0.4515462311063929,2.185
2276,-0.4284936895186966,-0.673547220478354,-772.5258493353019,-772.5258493353025,0.5312593569585466,1.5690000000000004
2277,-0.4860949264576068,-0.6109052454061313,-470.4039571310809,-470.4039571310809,0.23671133135534292,1.0693814733842162
2278,-0.5002831561709328,-0.6292463793120421,-298.04234918098376,-298.0423491809838,0.1891652052750463,0.8662371467595227
2279,-0.4866525615239031,-0.6140660682183762,-267.9321837414868,-267.9321837414868,0.15155106084006023,0.7034013969408801
2280,-0.46288377418002447,-0.6021916099826276,-615.2247336970668,-615.2247336970668,0.2693068325232862,1.2588549325108263
2281,-0.42343231191336167,-0.6550879849783501,-542.8678397603918,-542.8678397603918,0.41438051377588786,1.4500000000000002
2282,-0.4362720200104859,-0.6455530693698079,-975.1756440281033,-975.1756440281033,0.5275926679936542,2.0820000000000003
2283,-0.4770804157285236,-0.5763171979784136,-740.9268565047461,-740.9268565047461,0.25322245366068574,1.5476571909541643
2284,-0.49383854867501853,-0.6147329021923874,-308.33244425477517,-308.3324442547752,0.1783002550434178,0.9421589510466136
2285,-0.48448631107988166,-0.6154942855386587,-435.1158334784885,-435.1158334784886,0.23046956543014507,1.0379753914102237
2286,-0.4862326562847746,-0.6000332783408102,-391.37949659716975,-391.3794965971698,0.1957290368279636,0.9610541603586914
2287,-0.48591141160661844,-0.6251842861124363,-340.9762028834474,-340.9762028834474,0.20606957783306062,0.9420526098420005
2288,-0.4808347497443715,-0.6238986236753974,-482.14634146341484,-482.14634146341496,0.27864744878504044,1.2338488133524566
2289,-0.5107004859207364,-0.6167591472574205,-196.42238892094662,-196.42238892094662,0.13259003614982923,0.6638286320129024
2290,-0.4754877932963424,-0.5973702521931108,-546.5587044534421,-546.5587044534421,0.2261482425894597,1.0058841835675012
2291,-0.4985628170316908,-0.6033767762308836,-170.87434032235063,-170.87434032235066,0.10875906575673394,0.5319947185238346
2292,-0.4869237225097656,-0.5938616732988811,-686.4421566916786,-686.4421566916789,0.27001107357623133,1.4706229467626326
2293,-0.4269554011803892,-0.6093006167629752,-1008.4517864003055,-1008.4517864003058,0.43438890389481966,2.230302009085346
2294,-0.485736448060688,-0.6019461793568662,-178.36713483718816,-178.36713468538773,0.12039057501291062,0.5682023371390839
2295,-0.43009519858976597,-0.5961848911604326,-1694.4576030317403,-1694.4576030317403,0.5691731296918708,3.223514404611358
2296,-0.4942083874676237,-0.6174791551047906,-352.6655692034951,-352.6655692034951,0.19913055486801381,0.9828211326287926
2297,-0.4705255825136126,-0.6215871021117754,-452.48258818243323,-452.4825881824333,0.2572241107690485,1.162176190210468
2298,-0.49416669112187533,-0.60739043800319,-208.81048179098386,-208.81048179098386,0.11963327258933987,0.5868476608167909
2299,-0.48833537664306187,-0.6112288478318642,-359.5990533203403,-359.5990533203403,0.18874099473244765,0.9198882661973055
2300,-0.4749754573028028,-0.5980466654417576,-617.2361917042797,-617.2361917042797,0.26223686048791733,1.169044546553489
2301,-0.4803371603149109,-0.5881659506163899,-426.96750512792914,-426.96750512792914,0.19097895926415207,0.9665204119340932
2302,-0.4837260737758892,-0.5978707064240685,-418.41924398625406,-418.41924398625406,0.1883087008764993,0.8762212951091682
2303,-0.4301334502016282,-0.6316392907921738,-704.6386872830587,-704.638687283059,0.42074578510251726,2.058188929266046
2304,-0.46491050698707687,-0.593290120313655,-695.8513616696362,-695.8513616696363,0.2771726718115915,1.2718861588885961
2305,-0.5124490858225869,-0.5198538232668741,-118.17026683608665,-118.17026683608667,0.05125967314897472,0.2705847211427339
2306,-0.5144507886427173,-0.5677721838997419,-134.72237373186442,-134.72237373186442,0.07148660154629925,0.3931139218646998
2307,-0.452320816869939,-0.6196124270568677,-485.3384488901083,-485.3384488901083,0.2693880201138906,1.2726257960525333
2308,-0.43302198768564926,-0.6164488450087408,-1092.452148790185,-1092.452148790185,0.5196254065518434,2.5279515685733083
2309,-0.48303867783104015,-0.5900581457936294,-470.01146058831165,-470.01146058831165,0.1970639018486836,0.9439416691833689
2310,-0.4741350532898075,-0.5873690755923985,-705.448230952901,-705.448230952901,0.26449320964991163,1.439486470900797
2311,-0.496140812218562,-0.6250427412894873,-252.01583345550557,-252.01583345550557,0.16334464585462444,0.7548359724150095
2312,-0.4855190918163417,-0.6018215179251953,-514.4709789656812,-514.4709789656812,0.23441865033310116,1.0371999918656831
2313,-0.42975771194800017,-0.6372062467894564,-410.8896161856592,-410.88961618565924,0.3000596381475179,1.3547533495748432
2314,-0.5142252408486913,-0.6112695292341921,-178.91290111329505,-178.9129011132951,0.129929425453784,0.6192819042689383
2315,-0.48827831166466057,-0.5987525493780489,-475.21116415718006,-475.21116415718006,0.2201651039300385,1.034191621212611
2316,-0.5240384963248732,-0.5857569378058177,-142.63306493778134,-142.63306493778134,0.08709760330215076,0.4784525651835924
2317,-0.4362114773590417,-0.6113524062386442,-1349.5342243823466,-1349.5342243823466,0.5917751358513853,3.1901846979558215
2318,-0.4940615238567262,-0.6185655202162138,-235.35115666989896,-235.35115666989898,0.14670700952217142,0.6830609538777713
2319,-0.4792693005374524,-0.600750021243807,-559.0257316833643,-559.0257316833643,0.24508089664758181,1.120245465438216
2320,-0.4757306221220488,-0.578892720725709,-441.6283503420437,-441.6283503420437,0.17542016755348033,0.8879625457288083
2321,-0.48962600127373596,-0.6068779629410667,-389.45721506799845,-389.45721506799856,0.19938427068172898,0.9614254692650382
2322,-0.43723564512641105,-0.6461665227799964,-401.2564872985533,-401.2564872985535,0.32670990067362377,1.4422328983883994
2323,-0.48790170475521444,-0.6031327494006035,-380.14169398329324,-380.14169398329324,0.1972261885080678,0.9805262503346264
2324,-0.4583934590178143,-0.6041652168489918,-799.8982964658046,-799.8982964658046,0.37593624115435614,1.7661458533582572
2325,-0.48056629484767877,-0.5940119254261694,-587.1038651767738,-587.1038651767738,0.2409444285650342,1.1421329585447186
2326,-0.48963873191589063,-0.6070599215981896,-185.47191566463584,-185.47191566463584,0.12444080211707852,0.6070113971991891
2327,-0.48774907182847593,-0.6013542496628455,-413.7575826942893,-413.7575826942894,0.2032551102503909,0.9715800571610116
2328,-0.48217736188196864,-0.6181086842579152,-364.39921442599575,-364.39921442599575,0.2031911382600167,0.9669156047976051
2329,-0.4870729812487293,-0.6156993580209799,-373.3627899637057,-373.3627899637058,0.2029419263384696,0.9627597951276228
2330,-0.43456170863175775,-0.6245018236329283,-761.7317590069624,-761.7317590069626,0.4289710416733266,2.1292383263373673
2331,-0.48070071321783603,-0.5941156681086307,-375.9864028165591,-375.98640281655923,0.1735523847291614,0.8492562563955514
2332,-0.49786625800089546,-0.6326492920245278,-287.2645064054258,-287.2645064054258,0.1911349927046204,0.85441610276561
2333,-0.49133760755543254,-0.6103595049798778,-306.89206762028743,-306.89206762028743,0.17355103843600167,0.9274856319957399
2334,-0.4832795766553858,-0.5908265674133374,-458.107293550334,-458.107293550334,0.19798717097237628,0.9537756363884107
2335,-0.4513128941195037,-0.6067840490521325,-762.573756673223,-762.5737566732231,0.35533943353478364,1.7151556868184852
2336,-0.4797034592881086,-0.5917735644967224,-695.8188789483307,-695.8188789483307,0.2896789568214723,1.6172097136185917
2337,-0.4747954053444251,-0.577756602496933,-448.86697193847687,-448.8669719384769,0.17453929032329815,0.9092744233204959
2338,-0.4813526010423136,-0.5855624968963635,-639.8134748351838,-639.8134748351838,0.2479379177797776,1.4322736631715733
2339,-0.5096434498143999,-0.6187900130714535,-208.65139949109437,-208.6513994910944,0.13738070200058008,0.6730842015974593
2340,-0.5038295131840909,-0.5891635728431246,-149.1240171058077,-149.12401710580772,0.08927675951576225,0.47651117747127736
2341,-0.5148450602805825,-0.6169488333552796,-194.893959191879,-194.89395919187902,0.1313683629141153,0.6612021058075881
2342,-0.48399874703547446,-0.6063012083121025,-301.17071915605334,-301.17071915605334,0.15669166047018945,0.7825925094016839
2343,-0.48633897611644145,-0.6002827423302685,-378.4516517722663,-378.4516517722663,0.19511016065779566,0.9792125563386462
2344,-0.4846890507451345,-0.5918339925558262,-492.58351605830217,-492.58351605830217,0.20974938807154364,1.0840040363829302
2345,-0.45449977786306,-0.643858976617229,-298.3890358259198,-298.3890358259198,0.26666639125412556,1.1316093474267541
2346,-0.4317870130485156,-0.6094408803781067,-1088.4836203985155,-1088.4836203985155,0.519253969480871,2.586146952075622
2347,-0.49037861663073457,-0.604560032655234,-212.41662390969762,-212.41662390969765,0.11787788759052177,0.57228783593868
2348,-0.4308782387092261,-0.6291481299737606,-573.4133249131668,-573.4133249131668,0.3410173709880599,1.6877653251666753
2349,-0.4801484253573652,-0.621590688296764,-368.351315540413,-368.351315540413,0.21402968751609078,1.0132279064026886
2350,-0.48173165856503486,-0.61917815671756,-396.79026009961376,-396.79026009961376,0.22153997683717977,1.0225798419269039
2351,-0.42516335497964064,-0.6683547207091636,-522.050059594756,-522.0500595947562,0.46882879388421334,1.3140000000000005
2352,-0.4992664006333499,-0.6051701649543276,-174.67248908296938,-174.6724890829695,0.10070578030676923,0.5092049610274894
2353,-0.5146769291134681,-0.6154137016794493,-188.55770280598347,-188.55770280598347,0.12745424417358353,0.6536109171817917
2354,-0.45185236902320813,-0.6030554471154702,-808.2304526748987,-808.2304526748987,0.3712350410427105,1.7743216660033494
2355,-0.48686992063052037,-0.6017848576077088,-544.0176438154753,-544.0176438154753,0.2227100477607363,1.0649961410757993
2356,-0.508791482071678,-0.6210893259657939,-206.31693100176227,-206.31693100176227,0.14888072752512743,0.7252622819576798
2357,-0.48877264469686743,-0.6235993157796741,-345.19746465138996,-345.1974646513901,0.2045308556577432,0.9908093871248047
2358,-0.42009908276234526,-0.6412092611284064,-582.8895988640422,-582.8895988640423,0.3861747761389763,1.6420000000000003
2359,-0.4706132169383015,-0.5931888587297208,-686.8500115553501,-686.8500115553501,0.2764649872556009,1.329638594228894
2360,-0.4712529991012197,-0.576017273149313,-404.1172294899101,-404.1172294899101,0.16814687139736076,0.8938903185831037
2361,-0.5089883980029,-0.5983593499121557,-155.41635165784632,-155.41635165784635,0.08800424132504635,0.48800077546267373
2362,-0.50929851993874,-0.5919188032986121,-149.3945188017845,-149.39451880178456,0.08963242343521555,0.47431098772738234
2363,-0.4385761948880904,-0.5982958291268249,-894.050270442258,-894.0502704422581,0.3755148960510653,1.8775107295681028
2364,-0.5004464868721298,-0.615543549396533,-228.10051887272334,-228.10051887272346,0.14053674783436698,0.6830860366359557
2365,-0.4740760721449483,-0.5984556656142529,-668.7379472894796,-668.7379472894796,0.29043746610109683,1.3674983106743
2366,-0.4969278154293537,-0.6119525203157228,-222.65256987333845,-222.65256987333845,0.13279011231430757,0.631783957114316
2367,-0.5035023137291897,-0.6224891441695498,-228.46350676252018,-228.46350676252024,0.15055102061992318,0.7009082332363717
2368,-0.5110507621601905,-0.5163688185149082,-117.0918080683225,-117.0918080683225,0.048712724127351614,0.2622580744856092
2369,-0.41365979614511766,-0.6443011787254749,-319.38125568699036,-319.38125568699036,0.3454311793015733,1.0530000000000004
2370,-0.45896703797585625,-0.6224887916134656,-631.1656441717802,-631.1656441717802,0.36453011917193257,1.6834249108336088
2371,-0.4776502810285251,-0.6229036778521341,-232.63137177720927,-232.63137177720927,0.17425115013621414,0.7882114321337634
2372,-0.4828743969626914,-0.6111984563410229,-200.3037782418835,-200.3037782418835,0.15650792371216407,0.7226055215726772
2373,-0.4350052835147116,-0.630033359685169,-510.1116812556613,-510.11168125566155,0.31962476085922154,1.5063389066602753
2374,-0.5175912965487612,-0.6080244936163678,-169.41591451395368,-169.4159145139538,0.11101636809596763,0.5889903664716941
2375,-0.4936418186805095,-0.6171717421701276,-286.9328278639978,-286.93282786399783,0.1663872736198952,0.8028585212939072
2376,-0.46482342558384526,-0.6004101213786217,-642.4792139077858,-642.4792139077858,0.2784527963167675,1.2935606222416822
2377,-0.48736958003213204,-0.6019989730634533,-443.71570070941067,-443.7157007094107,0.208716687290448,0.9959908664170813
2378,-0.4974143363325368,-0.6112784032937464,-213.046717037353,-213.046717037353,0.12675604855971084,0.616386281834475
2379,-0.4813595614356435,-0.6099520938973939,-457.68312832751997,-457.68312832752,0.22539920876928884,0.9990959747241055
2380,-0.474698195607856,-0.622131862931699,-292.23205506391434,-292.23205506391434,0.17784583173321158,0.7908853342944738
2381,-0.483200194656186,-0.5963793640338775,-593.5765932402893,-593.5765932402893,0.2561240880479944,1.2892413496756894
2382,-0.4792658611203057,-0.5798010614946932,-661.2003381234152,-661.2003381234152,0.23628387857266814,1.4166257630744479
2383,-0.480829335690267,-0.6017300380717145,-501.3683634373307,-501.3683634373307,0.22296936173018198,0.9830744011612894
2384,-0.4735759810594308,-0.580254158010662,-398.5263842236442,-398.5263842236442,0.16822615552856302,0.8871428757905927
2385,-0.4761492138451398,-0.5876082470178419,-361.0467042066918,-361.04670420669186,0.16457926794974925,0.8181129063246384
2386,-0.4573299600533339,-0.6135123336311634,-975.9835808215144,-988.5263578935449,0.42420899133977885,2.1213876022882894
2387,-0.4785010074636832,-0.6223950548467949,-278.34858957593883,-278.34858957593883,0.1723769812155628,0.7821974077458408
2388,-0.4963184794068104,-0.6169200156074734,-298.57532585632,-298.57532585632,0.17787672460937953,0.8828463115992489
2389,-0.481167531529235,-0.5854688939218328,-518.3597656808115,-518.3597656808116,0.20039539150508506,1.0315815576131073
2390,-0.4525577376547371,-0.6073157516146515,-783.9489768801512,-783.9489768801512,0.38353768663020615,1.8116636055400546
2391,-0.5003494894618068,-0.6289660374943858,-279.866220735787,-279.8662207357871,0.17939639399034765,0.8270435697195637
2392,-0.48941674080967396,-0.6153199929201147,-354.10356267128236,-354.1035626712824,0.1923264310126688,0.9370509542346934
2393,-0.43075560866976687,-0.65183341009691,-630.3452644916057,-630.3452644916058,0.48032066611841673,1.9900000000000002
2394,-0.5089587972702357,-0.5480999639104653,-126.90913086474013,-126.90913086474013,0.05858966659009105,0.33396836326531143
2395,-0.4844501013050718,-0.6059462729188111,-524.1591258323373,-524.1591258323373,0.24791085364197027,1.0810180968128025
2396,-0.4822679754081868,-0.6000520179688779,-356.6368132602598,-356.6368132602598,0.17038461552123949,0.8345973196414146
2397,-0.45780088917146966,-0.5861088359195257,-913.4939134939145,-913.4939134939145,0.3595672269485046,1.9619501012029275
2398,-0.48593265012710496,-0.603817567686218,-378.0600767500334,-378.0600767500334,0.18507114822347945,0.8878376541681611
2399,-0.47140348532105,-0.624777008799784,-488.35662009314774,-488.35662009314774,0.2851629710719239,1.2776667140637064
2400,-0.48719342922551995,-0.6049503667741418,-244.16205061366338,-244.16205061366355,0.1344984190886237,0.6742267246743845
2401,-0.47238983725550143,-0.5766844845987686,-416.84981684981796,-416.849816849818,0.1715673878316697,0.894486688377312
2402,-0.47115371030463343,-0.6062001073995855,-571.428571428574,-571.428571428574,0.26535902638416775,1.1624292266250003
2403,-0.5187127782959445,-0.6035920804004398,-159.0049294967328,-159.00492949673287,0.10415024666651826,0.5795425776246211
2404,-0.4941409369672336,-0.4968829907664173,-112.59214379480972,-112.59214379480972,0.036441033399119686,0.21730479973181624
2405,-0.4626566062291833,-0.5756185244022483,-930.0576585610472,-930.0576585610473,0.32278194633164986,1.9796575402231928
2406,-0.48061777493422647,-0.5957946187241708,-353.9748953974894,-353.97489539748943,0.16841803141736286,0.8363958735997135
2407,-0.41598370022489767,-0.6415680245510856,-300.0869817338371,-300.0869817338372,0.33263299906212657,1.0350000000000001
2408,-0.4781101832823227,-0.5868579842140621,-408.2019675240017,-408.2019675240017,0.1748919490170134,0.900688775850655
2409,-0.4774702673885689,-0.597773125137285,-660.5963578146894,-660.5963578146894,0.2865525297819098,1.4218658292855457
2410,-0.49051190932572364,-0.6112656305826116,-323.2714432167676,-323.2714432167676,0.17811288567707637,0.9216650043892924
2411,-0.4845327426123954,-0.6182894065786844,-389.2640692640696,-389.2640692640696,0.21611186971440655,1.006756389289848
2412,-0.4947763681929053,-0.6346511035102241,-247.54183198205993,-247.5418319820601,0.18965208212091683,0.8209172378475735
2413,-0.47811269012154534,-0.5844900182589339,-429.8350988314952,-429.8350988314952,0.18531045028992496,0.9372942677620784
2414,-0.4858394201328139,-0.6130772370088424,-346.3601532567062,-346.3601532567062,0.18467158087607222,0.9028806378645553
2415,-0.44958080579356935,-0.6466015321690852,-398.3801569222991,-398.3801569222992,0.321152294923981,1.4240884731043022
2416,-0.4861579378120114,-0.6097956050966911,-372.79073221446646,-372.79073221446646,0.1912012485126532,0.9138182277865086
2417,-0.485017141046449,-0.593197955737745,-573.9792184984635,-573.9792184984635,0.24485899283932067,1.3104459354164686
2418,-0.487979678894052,-0.600233549381034,-437.8607609848042,-437.86076098480424,0.20975290604596147,1.0180634897607665
2419,-0.42878254627268936,-0.6542648889530542,-617.5948918056054,-617.5948918056054,0.46167207789722653,1.7410000000000003
2420,-0.43002346125899,-0.596879624791026,-1518.0985608373285,-1518.0985608373294,0.4965179100246104,2.7325935603454683
2421,-0.503579499695706,-0.6145186739737991,-208.14853017019112,-208.14853017019115,0.12983105862584973,0.6337396152135557
2422,-0.47940986315417844,-0.5856573196849173,-441.83939290973007,-441.83939290973007,0.18818408342409595,0.9362432062981729
2423,-0.48482330787249445,-0.601547042426366,-342.98662540068585,-342.98662540068585,0.17590210648831917,0.890607701340127
2424,-0.41894214767813037,-0.659189785603269,-425.5578093306301,-425.55780933063016,0.42239303724141536,1.0490000000000002
2425,-0.4790884380040504,-0.5943259903793106,-314.1489253336058,-314.1489253336058,0.1562892545897921,0.8246878332273782
2426,-0.5096762361608249,-0.6136359758439781,-190.34909789687197,-190.34909789687197,0.12324023207128487,0.6289446851552903
2427,-0.4932073289702366,-0.6339958535680469,-335.51233861742173,-335.51233861742173,0.2217454897285045,0.9824093627866383
2428,-0.4801332733936698,-0.5959216342581081,-585.8566861011852,-585.8566861011855,0.24486358665671856,1.124690097741254
2429,-0.48410851616191725,-0.6024531745083307,-259.3486127864898,-259.34861278648987,0.13782632574126608,0.6690508823583456
2430,-0.47934043415017374,-0.5905157214475957,-390.883810905574,-390.883810905574,0.17323165117351022,0.8391150706954631
2431,-0.5163470287288698,-0.6050343793179814,-163.67965910515107,-163.6796591051511,0.11325989762523615,0.5921690752302615
2432,-0.43189963161388917,-0.6146468151640785,-1154.035231462522,-1154.035231462522,0.5000834041061512,2.5976574864813964
2433,-0.4262826277918809,-0.6285177510123447,-738.7572948850001,-738.7572948850001,0.41296143105521166,2.068485379834626
2434,-0.49929101520779917,-0.5975121963098395,-158.02934446089688,-158.02934446089688,0.09123132299073804,0.4869178011947111
2435,-0.506948172527929,-0.5289459984246594,-120.2241467142133,-120.2241467142133,0.048797537657874014,0.28783122185166365
2436,-0.43553993208628006,-0.6088987568995519,-1008.5836909871242,-1008.5836909871246,0.43282882064400585,2.203213653224395
2437,-0.4284913143993744,-0.6712563258714586,-601.6913319238928,-601.6913319238929,0.49851230857930434,1.4230000000000005
2438,-0.5044887452556026,-0.6294037413406298,-230.10620286286036,-230.10620286286036,0.17500678373071252,0.7908793716769343
2439,-0.4646542208603941,-0.5861367587086502,-844.9057504175619,-844.9057504175619,0.33241600364280105,1.8582441595351376
2440,-0.5083258596993433,-0.6268537423387072,-244.28498206048226,-244.28498206048226,0.16157958393911315,0.7889054605727298
2441,-0.4830433813198118,-0.5993404547771228,-338.0421587021302,-338.0421587021302,0.17067970807143407,0.8685591774721043
2442,-0.43646489294176755,-0.576871398390957,-1246.639574867148,-1246.639574867148,0.4517747727005987,2.3262400936757
2443,-0.4799620806317356,-0.586250079428791,-633.8603659619832,-633.8603659619832,0.24029284880176338,1.3354011760516673
2444,-0.48422809000800376,-0.5985898257413205,-373.51140790205926,-373.51140790205926,0.18406866309197803,0.9149135463271396
2445,-0.47441706893563046,-0.5775753039003678,-809.0133450010948,-809.0133450010948,0.27073550347181113,1.5821156225500885
2446,-0.48047892207051046,-0.5849638997981652,-526.6334691413919,-526.6334691413919,0.19919420457710624,1.0162138301837398
2447,-0.4401359011949756,-0.621410259719356,-876.9332017110881,-876.9332017110885,0.39783707825011855,1.9822532667593968
2448,-0.4968517975890347,-0.6239248565380653,-326.37144745538774,-326.3714474553878,0.19532078786550996,0.9596408161783627
2449,-0.4616235844505095,-0.604415211073951,-883.1763122476497,-883.1763122476497,0.36605321354433806,1.9738873599784255
2450,-0.4756816450573208,-0.5986518606440328,-576.3399530215679,-576.339953021568,0.2439324040562937,1.1138440020076674
2451,-0.48949417996863,-0.6098521152063741,-323.6065200045595,-323.6065200045595,0.17627870743120086,0.9115298169360189
2452,-0.43334119447717634,-0.651028839454286,-425.9310344827602,-425.93103448276037,0.36169069712684576,1.544
2453,-0.4876307896930031,-0.6082928106429384,-309.5321432738304,-309.5321432738304,0.1663448066720085,0.8724439573632604
2454,-0.507418653776238,-0.61934020785148,-203.48292029470872,-203.4829202947088,0.14354816519384317,0.7036921248691644
2455,-0.4767959028969357,-0.5950975553078433,-559.157546975018,-559.157546975018,0.225607882202497,1.0545355262682852
2456,-0.48519415851900544,-0.5931271368467848,-605.8462989156058,-605.8462989156058,0.2494638674513655,1.3126790561060573
2457,-0.5088439129747003,-0.6211326244218499,-218.37770641251433,-218.37770641251447,0.1443570876805129,0.6965575043210401
2458,-0.48233429081227513,-0.5986026621008829,-324.3729495184678,-324.3729495184678,0.16528252663097293,0.8566909032251449
2459,-0.4733578137332225,-0.5967515423906529,-678.5481417083273,-678.5481417083274,0.28822366075762623,1.3874851775533734
2460,-0.43724679355029067,-0.6339054796742951,-981.9689866570525,-981.9689866570563,0.4909821022745501,2.4509173625503844
2461,-0.4810805037957867,-0.5930606510358323,-637.109723461196,-637.109723461196,0.26356752908803854,1.427418367913324
2462,-0.483225301354794,-0.5933696898349948,-589.2539245832672,-589.2539245832672,0.24642277659826697,1.289851504868709
2463,-0.5037359543897117,-0.6266600929596214,-247.66751484308742,-247.66751484308747,0.16211691752760757,0.7602048195298627
2464,-0.48380361805543687,-0.6088686618271678,-264.6608162696764,-264.6608162696764,0.14360232042268734,0.6751065098965736
2465,-0.4736183304768236,-0.5791682045863056,-412.99743618325766,-412.99743618325766,0.16952711228964137,0.8798563603068627
2466,-0.47676536014455206,-0.5870361451297075,-745.9732194837987,-745.9732194837987,0.2957127350761609,1.707599788887175
2467,-0.48310378209485455,-0.59588888105774,-525.9898973439806,-525.9898973439806,0.22223576481057528,1.0844227746412023
2468,-0.4835352027015012,-0.5910345161904408,-551.4805350969482,-551.4805350969482,0.22602873322952666,1.1313695433706425
2469,-0.44591823485582455,-0.6343122292118242,-521.5039220989997,-521.5039220989997,0.3428802398364955,1.6223380604833413
2470,-0.49597570562703935,-0.48068579278558565,-109.83724024976979,-109.83724024976979,0.03629780463202726,0.20363831878022223
2471,-0.4825901925328973,-0.593478480023556,-412.1502984899934,-412.1502984899934,0.1875713686866363,0.9485207526032002
2472,-0.42470827239023656,-0.6485587990356835,-353.49500713266815,-353.4950071326682,0.33109696595610366,1.2390000000000005
2473,-0.46545603077464104,-0.6225563278318422,-227.4232722455294,-227.4232722455295,0.209233806274456,0.9206749402534534
2474,-0.4844567343752782,-0.6424999901958796,-303.10630908740245,-303.10630908740245,0.23319744013346314,1.0271682316203095
2475,-0.4330216846759121,-0.6184863374919489,-1463.6068613815464,-1463.6068613815464,0.618799283446954,3.157
2476,-0.5011957206718582,-0.5967328167148751,-156.13584088756602,-156.13584088756608,0.09189636843909024,0.5009920701125777
2477,-0.49004940536028446,-0.6173763831265855,-339.7945899030813,-339.7945899030814,0.18923762218688553,0.9376252256861503
2478,-0.5189462984016449,-0.6048749647052296,-162.27850635699275,-162.27850635699275,0.10344177883680288,0.5533526676373167
2479,-0.4905450112413605,-0.6091175810444297,-320.6734141697579,-320.67341416975796,0.17959750261107324,0.9406042428339798
2480,-0.4878575059641052,-0.6043308205563276,-478.7342139642916,-478.7342139642916,0.22671597187012013,1.0382835231763399
2481,-0.5038963339683007,-0.6245699470031775,-244.08639012684287,-244.0863901268429,0.1580694950812567,0.7495797235585167
2482,-0.47895275344332405,-0.6032743682654912,-673.1873272379329,-673.187327237933,0.29270500728926135,1.369462461349876
2483,-0.5088889661442508,-0.6064932697638963,-170.74461050125672,-170.74461050125683,0.1158729862226534,0.5717427789258634
2484,-0.5188945145052216,-0.541564200787705,-124.29998901943569,-124.29998901943569,0.06240456856825978,0.32007443090636256
2485,-0.43958672991715564,-0.6321282825066195,-1123.7327690798252,-1238.4398874145577,0.5222901171087233,2.789957801232453
2486,-0.5189984433317826,-0.6004102439645523,-155.14913465079184,-155.14913465079186,0.10434595686737745,0.5344531286413917
2487,-0.5034000902779528,-0.6142977951491164,-193.86798768242141,-193.86798768242141,0.12979715935394578,0.6442281564019404
2488,-0.4806054443107441,-0.5866094287815853,-454.7194640507235,-454.71946405072356,0.18948151722553364,0.9255278998156673
2489,-0.5012100439410591,-0.6075221364362886,-183.6238774432125,-183.6238774432125,0.10787482348463107,0.5584745157571589
2490,-0.5135733819815663,-0.5895757765195051,-147.99428793976364,-147.99428793976372,0.09434399422712791,0.4934725055516587
2491,-0.4907533042981441,-0.619943779077911,-273.56422621657225,-273.56422621657225,0.16207296992968992,0.743964800947433
2492,-0.4726675144289277,-0.611999832677493,-575.6041426927522,-575.6041426927522,0.2779169783668917,1.235767487923294
2493,-0.511547318690537,-0.5974675941890627,-155.4175293305729,-155.4175293305729,0.10647486938064579,0.5454280820631571
2494,-0.48362331127286906,-0.6069746415367319,-283.07813113466887,-283.07813113466887,0.1492211911835668,0.6910087202289481
2495,-0.5014089913550902,-0.6389198492867199,-271.86282151208064,-271.8628215120807,0.198691945420801,0.881635529758657
2496,-0.5102304164037411,-0.604623181959137,-166.64348309917932,-166.64348309917932,0.11880658556218976,0.6040758988541091
2497,-0.4784218489726046,-0.6063682575744975,-440.06816890740436,-440.06816890740436,0.20919062210309902,0.9363159160095499
2498,-0.4872370889999679,-0.5977506279298112,-448.71649892570497,-448.71649892570497,0.21339724482890302,1.032191975591275
2499,-0.4890879603022975,-0.6104187674185357,-354.1639257992388,-354.1639257992388,0.186063907115467,0.915629645224312
2500,-0.4899027297703131,-0.608220040003737,-367.4202898550727,-367.4202898550727,0.1939709139120239,0.9533134950068286
2501,-0.45090190664525076,-0.5938486059919031,-949.8227433869653,-949.8227433869654,0.4009948683827207,2.0681597033269608
2502,-0.47989991574766544,-0.6019643958210227,-457.0095135523248,-457.0095135523248,0.20558745129920525,0.9449994634309872
2503,-0.4831276538279725,-0.5872678952039975,-571.4904054249034,-571.4904054249034,0.22825119455512227,1.2386451296227707
2504,-0.486718979753547,-0.5955723625151086,-643.0079584213104,-643.0079584213105,0.26952433527813,1.4003473722086557
2505,-0.4840693728634305,-0.5928638368279019,-461.85408385690624,-461.85408385690624,0.1987665062798466,0.9487076952536455
2506,-0.49929947936792257,-0.6271875284293971,-302.0493408171261,-302.0493408171261,0.18772509910102228,0.8811043849558473
2507,-0.44003855996661423,-0.6056110779268434,-883.2788832788833,-883.2788832788833,0.41631192721909266,2.0124553080839
2508,-0.49763498260912514,-0.62302319450423,-224.7843137254901,-224.78431372549022,0.15973933106668814,0.7277836914032064
2509,-0.43337192724441864,-0.6369725162814586,-1265.6387654998966,-1529.743477393157,0.641469041474751,3.2392718958081996
2510,-0.5223366282869829,-0.584029239757952,-142.134166038549,-142.134166038549,0.0861090078784955,0.4648454329551612
2511,-0.42478037247302053,-0.6464179654119964,-536.592961694177,-536.5929616941771,0.39638790901667065,1.7229999999999999
2512,-0.478960938073268,-0.5999942264000027,-631.3832909411084,-631.3832909411085,0.2796816261671117,1.3171731982024633
2513,-0.42359996309773834,-0.6568136827143796,-478.47328244274877,-478.4732824427488,0.41237584287423035,1.5670000000000002
2514,-0.48683730654213603,-0.6078887220606055,-462.03025105255034,-462.03025105255045,0.22553432996229644,1.035023785245055
2515,-0.4772854615615955,-0.5856146652760592,-708.4725771574606,-708.4725771574606,0.26685871193475824,1.5245974360445889
2516,-0.45549384762577283,-0.594333665564672,-930.2445302445312,-930.2445302445312,0.4009104160470314,2.0260746214349585
2517,-0.49065099834509945,-0.6264387646308556,-302.1181716833902,-302.1181716833902,0.1866211440071249,0.8452628377606055
2518,-0.470366146065583,-0.6123382231653229,-595.0199671129924,-595.0199671129924,0.2905675821267094,1.3102817633670036
2519,-0.46092468098922035,-0.6019801472005757,-738.3413158558105,-738.3413158558106,0.3364824518308171,1.545275037972352
2520,-0.48193565558931206,-0.58922918528727,-476.4649375600395,-476.4649375600395,0.19326370544609822,0.9366578015004483
2521,-0.4780847671903621,-0.5751592598240928,-672.2419327589117,-672.2419327589117,0.22680914223669452,1.4089837685524191
2522,-0.4659515180708368,-0.5926738220448068,-742.7385892116192,-742.7385892116192,0.30034093158885045,1.482713393999051
2523,-0.4369382871170055,-0.637343179197988,-970.32755298651,-970.3275529865102,0.5336718328768747,2.518
2524,-0.4251351745024868,-0.6646120773814914,-550.5882352941182,-550.5882352941184,0.4212604820087962,1.1700000000000004
2525,-0.5230221281201112,-0.6073837165661973,-164.80476646451763,-164.80476646451763,0.11213460202867838,0.5972485486855831
2526,-0.4938352975496394,-0.6187513684399836,-327.6821534877701,-327.6821534877701,0.1873389399224277,0.949672365160194
2527,-0.45434630991546193,-0.6260519024797012,-404.66926070039057,-404.66926070039057,0.2531406768386935,1.1669952772863266
2528,-0.4284571438676803,-0.636638684154601,-753.5927094286724,-753.5927094286726,0.45350512876503757,2.1500000000000004
2529,-0.45895822362153654,-0.5950116092044776,-834.8925410872321,-834.8925410872322,0.36240221226603037,1.7835170223122396
2530,-0.46271573424458434,-0.6297757279673248,-385.3298404382008,-385.3298404382008,0.2510749837372009,1.1160548819161433
2531,-0.47283611844332846,-0.5860177078498827,-814.3589743589766,-814.3589743589766,0.3275288083079177,1.916337961443766
2532,-0.4375541886090631,-0.6501040030524718,-1149.3318385002078,-1160.8554160855458,0.6187651095524564,2.4970000000000003
2533,-0.4824556331725938,-0.6201095127765168,-398.6820428336081,-398.68204283360814,0.22605050187741593,1.0421259809234182
2534,-0.4860642950522315,-0.5964400524955166,-490.3911680523378,-490.3911680523379,0.21585002580750173,0.9994811529648238
2535,-0.47408716790781114,-0.5794721751035142,-756.2062380649294,-756.2062380649294,0.26340720393241435,1.5583645893959273
2536,-0.48072733295059333,-0.5857554264633568,-569.694026226324,-569.694026226324,0.2153342423966483,1.1223862247488894
2537,-0.4704256644413815,-0.6241866707735408,-416.2402669632939,-416.240266963294,0.2479769257745167,1.1323696317881418
2538,-0.41727298316126304,-0.6551823210805471,-442.9479985035538,-442.9479985035538,0.3753627392852821,1.1840000000000002
2539,-0.48958961387618194,-0.6211985949213851,-245.06816359262237,-245.06816359262237,0.1576740105182132,0.7135649475302984
2540,-0.4737081349190861,-0.5976705334707646,-609.9447513812163,-609.9447513812163,0.25666476864855087,1.1440717298150593
2541,-0.49109048247179266,-0.612349175817038,-355.370860093189,-355.370860093189,0.192038554844259,0.9454440023918032
2542,-0.49221058255378775,-0.6209218944126941,-215.94331266607674,-215.9433126660768,0.16984328792481276,0.7830375489772904
2543,-0.5002196563297794,-0.6119437677477714,-200.82746282008299,-200.82746282008299,0.12199805999709179,0.6064242526293487
2544,-0.48364617189173836,-0.5929171981837736,-457.71794536661844,-457.71794536661844,0.19630832306040258,0.9394293905688648
2545,-0.5095432458435404,-0.6266426464460753,-236.6642404076116,-236.6642404076117,0.15863992282244707,0.7633783329407275
2546,-0.4807534594841637,-0.5846515893973308,-481.2827703938542,-481.2827703938542,0.19412518746434748,1.051075073865441
2547,-0.4323241579523105,-0.6591819920686222,-821.8306412139027,-821.8306412139027,0.5015123401478373,1.6790000000000005
2548,-0.4879293626494051,-0.6063304708519769,-340.97773800201327,-340.97773800201344,0.18113303652510024,0.9190300916343607
2549,-0.4948713233754474,-0.6077841004166126,-182.42780895032178,-182.42780895032178,0.11007756535755414,0.539689417052342
2550,-0.4759008339064496,-0.5724261070150762,-771.8988830099944,-771.8988830099945,0.24894927648261822,1.5618515209161974
2551,-0.5041364901681498,-0.6142023005726716,-190.7581227436823,-190.75812274368235,0.1351462172005263,0.646520272027987
2552,-0.48151503651396127,-0.5984943151235305,-562.3072737166694,-562.3072737166694,0.24297384347094383,1.1336515261686573
2553,-0.4309995639007227,-0.6170406121585903,-1029.4013460857266,-1029.4013460857266,0.5098661256957582,2.523699540650233
2554,-0.49066427048682243,-0.6421086381154396,-279.93439037725574,-279.93439037725574,0.21905135734014725,0.9181924169370576
2555,-0.458650881095108,-0.60224377359073,-776.2857866734224,-776.2857866734225,0.36024572026123597,1.6591347806213235
2556,-0.4834115454175028,-0.5974864442774415,-526.9981946495983,-526.9981946495983,0.2268881963824757,1.0786633247184878
2557,-0.4907395422440537,-0.6327024305368086,-329.9038623713953,-329.90386237139535,0.2158438327975388,0.9588650028466043
2558,-0.49116953261253243,-0.6284929779495132,-233.1233123312332,-233.1233123312332,0.1846806037839051,0.8385594974345782
2559,-0.4999741846626157,-0.625549868813696,-251.48201817942305,-251.48201817942305,0.16200948555812614,0.763410411786998
2560,-0.4871996962669391,-0.6081437295098343,-427.92995060619813,-427.92995060619813,0.21071290283114574,0.9600722685977043
2561,-0.4763867228168867,-0.5731238559011129,-747.4650851348772,-747.4650851348772,0.24271047621650038,1.4988991747965936
2562,-0.4790688675693674,-0.6096721148591062,-346.7615905539158,-346.7615905539158,0.1780055301187151,0.8631969029599521
2563,-0.4845614291748878,-0.5978881237254358,-375.31562468437613,-375.31562468437625,0.18966206544969694,0.9540094008954357
2564,-0.483594560695439,-0.6088670766493367,-196.2511715089036,-196.25117150890364,0.14971937558801324,0.6954394688547128
2565,-0.486867569185289,-0.6246060496042831,-255.26450950179822,-255.2645095017984,0.16760429750026906,0.7397436821579619
2566,-0.48033451336322447,-0.5978887608540457,-510.98601779553366,-510.9860177955337,0.21711375536718006,0.9549725261723749
2567,-0.4283576267153096,-0.6067212173994375,-1055.5758683729514,-1055.5758683729518,0.46284438241637404,2.3531411833290337
2568,-0.4280731981673888,-0.6142181035780803,-1041.5478615071293,-1041.5478615071293,0.453752609695596,2.2223859915081503
2569,-0.486489049238093,-0.6027810530285447,-410.022779043282,-410.0227790432821,0.19522253093353015,0.9092598094729191
2570,-0.4855633627273169,-0.6111459781448125,-316.1308923165642,-316.1308923165642,0.1676009759042075,0.8378469299471842
2571,-0.4727197898118647,-0.6239656210436618,-230.8820448355337,-230.88204483553372,0.19400957246245432,0.8930531982422356
2572,-0.4892051038096638,-0.6149782231793273,-228.81480393596743,-228.81480393596746,0.13888869319942343,0.6415176715885338
2573,-0.5078563298397807,-0.5852870043122285,-147.22026741731196,-147.22026741731196,0.09418280245610298,0.48014174143538824
2574,-0.499299381757376,-0.6284381228435698,-239.28184491564775,-239.28184491564775,0.17045818971513993,0.7490039634487382
2575,-0.4707200143101115,-0.5944529457902747,-651.8294103938476,-651.8294103938478,0.26373118398051143,1.192390826744676
2576,-0.47909240746628545,-0.5955755987339262,-339.2835006817907,-339.2835006817907,0.16033325759679853,0.8069851640481019
2577,-0.48091417228632116,-0.5948205263608063,-344.25893680221213,-344.25893680221213,0.17137999165262954,0.8689272975351121
2578,-0.4942199906556766,-0.615990190432153,-320.7399977710921,-320.7399977710921,0.18505403371945592,0.9602845768989813
2579,-0.43429125005482455,-0.6509339997147262,-858.7803759743254,-858.7803759743254,0.4941522773024811,1.8730000000000004
2580,-0.48515143457434035,-0.6091178938035714,-379.80695572238375,-379.80695572238375,0.1918983053066472,0.9082167994250885
2581,-0.4764952171261641,-0.6088820986312128,-424.45190598459476,-424.4519059845948,0.2090507879432797,0.9485510168825937
2582,-0.4301367873687497,-0.6677314423119757,-730.4180682364279,-730.4180682364279,0.5003781535695077,1.5200000000000005
2583,-0.513929084452984,-0.5880847436386833,-146.3961160214121,-146.39611602141213,0.08987917598943376,0.48026402352524106
2584,-0.4358163697114693,-0.605856197043922,-1123.915307185006,-1123.9153071850062,0.4345341803006187,2.2504919683243405
2585,-0.47800726513702213,-0.5866384459918851,-412.55438160348064,-412.55438160348064,0.17269817705863677,0.8840275028837639
2586,-0.4826368035764205,-0.5877845205120751,-511.4135828725372,-511.41358287253723,0.20022620916400186,1.0356969441037083
2587,-0.4957059718189623,-0.6193616627710652,-255.25824517734995,-255.25824517734998,0.154745738114625,0.7334266983396699
2588,-0.43216217293282266,-0.648238256075167,-621.4520466089069,-621.4520466089069,0.44684426213987766,2.08
2589,-0.42990949661813704,-0.6194677766426355,-1024.3902439024387,-1024.390243902439,0.4903441106793433,2.381388314614731
2590,-0.46484952709576643,-0.5861726759758852,-881.4610613370105,-881.4610613370108,0.35870092409540855,2.0484970363325545
2591,-0.435091805886957,-0.6248277527330888,-668.8093051729427,-668.8093051729428,0.37638035066184516,1.8139280414993413
2592,-0.44365442076900896,-0.6105323423664398,-801.7965807012503,-801.7965807012503,0.39395165250196557,1.8798632461639564
2593,-0.4626270763577156,-0.6283718040915566,-382.06534700691645,-382.06534700691645,0.2453519870317205,1.0929787415821681
2594,-0.4828518997913106,-0.6192952341696819,-229.37264066151377,-229.37264066151377,0.15581132012802715,0.6975159552397819
2595,-0.4294599664559491,-0.662662328991749,-564.7017788629239,-564.701778862924,0.4753487334070264,1.6190000000000002
2596,-0.49084423542524375,-0.6131711780042347,-300.2238718039358,-300.2238718039358,0.1683518021499023,0.8153822391709649
2597,-0.48223277023603517,-0.5984895392614683,-515.5258191799633,-515.5258191799633,0.22263332843919495,0.9806783877315476
2598,-0.48351782427677875,-0.5987384097619919,-581.682749280515,-581.682749280515,0.2576805401617422,1.2291123290217598
2599,-0.4884212657974501,-0.6000981690385224,-460.682604119683,-460.68260411968305,0.19346402216966158,0.9094976925094502
2600,-0.48543703204068367,-0.5965382616721834,-492.3930044077933,-492.3930044077933,0.21490751499775396,0.9842442561337774
2601,-0.43667685610589524,-0.6313015034288094,-1161.812297734628,-1161.812297734628,0.5551906641774547,2.5130000000000003
2602,-0.46865511780317604,-0.5819338780981861,-774.7292418772561,-774.7292418772561,0.27423902600448036,1.5520078732155462
2603,-0.4351913493567527,-0.6343450891594076,-943.6302142051888,-943.6302142051888,0.5288971623531831,2.511
2604,-0.5078234373902007,-0.6244625488092166,-229.0290066076828,-229.02900660768282,0.15333606570108296,0.7287280267204098
2605,-0.4849907440619567,-0.6362938435237907,-269.55702167766253,-269.55702167766253,0.20128082156905683,0.8558732114830879
2606,-0.4363849801962236,-0.6322124877646267,-618.2244359800803,-618.2244359800804,0.38487774706328376,1.8667769137219286
2607,-0.4841099368379155,-0.5997218226158532,-365.5112436327497,-365.51124363274977,0.17348882545720945,0.8476380977902667
2608,-0.4318032530141942,-0.6127145748227858,-1543.4889434889456,-1543.4889434889456,0.5981609573108786,3.141
2609,-0.48425083501531513,-0.5999905821157269,-523.0794323927583,-523.0794323927583,0.23238447268213938,1.0518573771948143
2610,-0.4853132349690766,-0.616973804612792,-480.0842253026851,-480.08422530268535,0.25789546237371436,1.1338496721541804
2611,-0.47065879701668006,-0.6086841996149678,-455.0347611572105,-455.0347611572105,0.22051392435699546,0.9847815946409443
2612,-0.483641942532797,-0.5985152475443863,-429.55820981436244,-429.5582098143625,0.19235268980603737,0.9209840000676967
2613,-0.4812082687204367,-0.5851837522286176,-592.7810462712681,-592.7810462712681,0.22555092188246145,1.2449610884461726
2614,-0.5215763499364878,-0.5764352619016101,-139.04225352112678,-139.0422535211268,0.08418137288988624,0.43620409759807854
2615,-0.42745207724944867,-0.6331789849494561,-784.6095812900794,-784.6095812900794,0.4418031782165052,2.08
2616,-0.4328948950552695,-0.6032684015132911,-967.1859463042756,-967.1859463042757,0.4220578521990898,2.1141033775763702
2617,-0.4830703204560051,-0.5935106189677527,-618.0566934294613,-618.0566934294615,0.2613030105000067,1.415565612536264
2618,-0.5055322561660884,-0.4938131961697897,-112.07172590457894,-112.07172590457895,0.04095583142853314,0.22441348246827458
2619,-0.4829123874449924,-0.5977315546041317,-417.29591109844773,-417.29591109844773,0.18655081895033637,0.8586406485664951
2620,-0.49374343850941177,-0.6087937731957851,-217.38666666666688,-217.38666666666688,0.12554529405296358,0.6058004566370119
2621,-0.43680302398140386,-0.6608678954245387,-951.7274017983927,-951.727401798393,0.5826877760837389,2.011000000000001
2622,-0.5065785784076072,-0.6284068884480761,-226.33804870934824,-226.33804870934827,0.16834634734283388,0.7664498934566738
2623,-0.5133222894809759,-0.529457393122413,-121.23018238169024,-121.23018238169027,0.05655260822807376,0.2935144912812238
2624,-0.47977729321463936,-0.5853780445045992,-566.2670943778498,-566.2670943778498,0.2104773509944042,1.0715181196707462
2625,-0.43181836923959777,-0.613148668313164,-1217.6143651132975,-1217.6143651132975,0.5210284617915196,2.8479999999999994
2626,-0.439882536526653,-0.6218454326148842,-973.9759215517035,-993.0439108955345,0.40301138083267174,2.039460932686302
2627,-0.4884260453266455,-0.6327386161333607,-335.78302712160996,-335.7830271216103,0.2200482408381933,0.970377467873696
2628,-0.432863866427453,-0.6210986783436389,-933.5232668566038,-933.5232668566038,0.5081241269092949,2.642191087663479
2629,-0.4843057917535625,-0.6003867550147846,-339.83670872654034,-339.83670872654034,0.17488155549623113,0.8915034661810929
2630,-0.46464749135748995,-0.5991277208162125,-777.1267869697683,-777.1267869697683,0.3548030527199102,1.690922516741352
2631,-0.4748229465525037,-0.5865252142054498,-352.17916346470605,-352.1791634647061,0.1602265577394697,0.8059696863795424
2632,-0.47793045938740597,-0.593974122354889,-613.8872165362238,-613.8872165362238,0.24925769853776122,1.174545069328372
2633,-0.4374563490792334,-0.6240058858943609,-1296.8816744980802,-1296.8816744980832,0.5688501991286005,3.036
2634,-0.5022906535897033,-0.6015040960943182,-165.20014871731297,-165.20014871731303,0.09708306077784479,0.5077913826938119
2635,-0.48661767981317516,-0.6161396365739576,-384.4412097687221,-384.44120976872216,0.20909536795940672,0.9802716379569774
2636,-0.4373585575570642,-0.6149708815582805,-846.5185185185214,-846.5185185185214,0.43894679111767887,2.1387300817283728
2637,-0.5025625345587275,-0.6072900379092522,-176.36684303350984,-176.36684303350995,0.11485541504610014,0.5815180774322255
2638,-0.43756424777006386,-0.6323715749708974,-1039.7837002703736,-1039.7837002703739,0.56373262666211,2.6920000000000006
2639,-0.4849027047658875,-0.5933549161665063,-480.395988016153,-480.39598801615307,0.2071089466894876,0.9821169711547363
2640,-0.4899388981449289,-0.6091322584381671,-334.53119895458997,-334.53119895459,0.18354670905832543,0.9388035443804345
2641,-0.4825174586119541,-0.5938974967056297,-444.19673958478626,-444.1967395847863,0.19036092963651322,0.9182814601185445
2642,-0.475089911389891,-0.5721314161795833,-780.7248430856449,-780.7248430856449,0.24949439105902096,1.5649358773763533
2643,-0.5022807885235757,-0.6031999599324375,-170.60657881500907,-170.60657881500907,0.0954887268177864,0.5100431725621263
2644,-0.4802515201158761,-0.5899375479594888,-469.63008068199093,-469.63008068199093,0.18756866992073137,0.8835789564831272
2645,-0.46346165324912975,-0.6022226612327235,-737.7445061579332,-737.7445061579332,0.340605088585321,1.5313310248647003
2646,-0.5236294882112051,-0.5898177987861628,-145.21487514735833,-145.21487514735838,0.0903324078934179,0.494718003904693
2647,-0.4694766822494541,-0.645792277208893,-343.7017427752046,-343.7017427752046,0.27587333621156185,1.1913070817464146
2648,-0.48717115682424067,-0.4726831273710285,-108.82561556388694,-108.82561556388694,0.03322476546477817,0.19065158291306472
2649,-0.48880969904366767,-0.6002985315796292,-533.8582677165363,-533.8582677165363,0.23982500495458536,1.1896244580646995
2650,-0.49246242463405515,-0.59191259799932,-153.8343322575691,-153.8343322575691,0.08992499611732586,0.4738429286450319
2651,-0.43795950876332435,-0.6286225301432383,-406.7500727378542,-406.7500727378542,0.2669577513633119,1.1816107682834711
2652,-0.5042934833821953,-0.5999949021388358,-160.9921609921613,-160.99216099216133,0.09220706496899048,0.48439569575553887
2653,-0.4844811251200913,-0.6115832281820226,-466.114847387481,-466.114847387481,0.2353907242426849,1.0390354785477585
2654,-0.4873263643038905,-0.6063555242735709,-313.5805153854524,-313.58051538545243,0.16892676151448227,0.8863529204881719
2655,-0.46820312537531905,-0.6139922354138271,-215.73550952082073,-215.73550952082076,0.15734974142573493,0.736218725470748
2656,-0.43403712905384495,-0.616354377577516,-1105.6117113977014,-1105.6117113977014,0.5531092054496172,2.663208262663033
2657,-0.458080661835418,-0.5738654874317188,-995.7638337304753,-995.7638337304754,0.34202895560297547,2.1289097200358635
2658,-0.5145641653025262,-0.534891300383523,-122.47431990066596,-122.47431990066596,0.057774435946740484,0.30173488623822853
2659,-0.4963883561053734,-0.6251925840505697,-308.6878700261608,-308.6878700261608,0.1872794707383692,0.8679786189368505
2660,-0.48358212638255743,-0.5936030778800334,-422.91285801340706,-422.91285801340706,0.18608816425237948,0.9296981464032964
2661,-0.47561171969927646,-0.6037292560515043,-501.3652593992868,-501.36525939928686,0.22544248321608895,0.9841382725153326
2662,-0.504901304779371,-0.6130801146750136,-186.32431690237547,-186.3243169023755,0.12787146609909444,0.618978450172992
2663,-0.43423018619840403,-0.5841895025826976,-1221.732283464567,-1221.732283464567,0.47820409241837547,2.326138490514532
2664,-0.43057531123234577,-0.5859991339681269,-1315.8615964371356,-1315.8615964371356,0.5061131440514669,2.4859730571778833
2665,-0.48555417077099144,-0.6213679316646581,-311.8225779556452,-311.8225779556452,0.18207491370537995,0.8218829390545871
2666,-0.5035052787414023,-0.6234867281369603,-259.85283741558305,-259.85283741558305,0.1652529098038065,0.8164353718625834
2667,-0.48601026767982425,-0.6342711678652654,-319.26940639269407,-319.26940639269407,0.21559187661383059,0.9629976698551546
2668,-0.4808271181233807,-0.5917270509895193,-383.85055739680683,-383.85055739680683,0.18417337257517,0.9195141734116814
2669,-0.5049920145081942,-0.623522021709337,-234.8940029475121,-234.8940029475121,0.15355713918096286,0.723699591162493
2670,-0.45500648841295255,-0.5876970546750461,-1004.61079468403,-1004.6107946840305,0.38216794837039914,2.1714088927450077
2671,-0.462849596244053,-0.604455674957083,-606.6166968208863,-606.6166968208863,0.2739418852457367,1.2757497986989876
2672,-0.49593530128560626,-0.6194662260061724,-332.6172574292889,-332.617257429289,0.19409900124509838,0.9847713069425899
2673,-0.41895680653222334,-0.6542051592079968,-384.39201451905893,-384.392014519059,0.401848700578929,1.0590000000000002
2674,-0.48573330251175834,-0.6058364322579376,-355.9184775273318,-355.9184775273318,0.17872829394495438,0.8754125658023081
2675,-0.4792367436375564,-0.5884757342542133,-712.8238623993047,-712.8238623993047,0.25214215561575987,1.3087047531521303
2676,-0.48299835903171506,-0.5914581994265197,-458.40363400389265,-458.40363400389265,0.19395045262152688,0.930968444848234
2677,-0.4745838613911395,-0.6248760883807702,-258.91256721768616,-258.91256721768616,0.17533212286485517,0.7582902694206475
2678,-0.5038639792857683,-0.6165307977818609,-217.97866937531757,-217.97866937531762,0.1379922241774274,0.6623092537204546
2679,-0.4817526235082923,-0.5894026078573271,-540.973212870503,-540.973212870503,0.21356095586229415,1.056088370996647
2680,-0.5011825759371485,-0.6120058515549207,-200.73585109836614,-200.73585109836614,0.12201521135622105,0.6090059022892991
2681,-0.47530689721788605,-0.6260691136573235,-422.00043393360835,-422.0004339336084,0.24745989808150143,1.1204407695715375
2682,-0.48268301407159203,-0.5907008798368009,-562.9840366682481,-562.9840366682482,0.22743590201476996,1.1435020197711245
2683,-0.4319068259862364,-0.644178680053493,-715.9557661927355,-715.9557661927356,0.49027225182526557,2.266
2684,-0.48742755037761587,-0.6066592155094691,-509.2262366258339,-509.22623662583396,0.246745366772764,1.0942533881528456
2685,-0.5181277524352651,-0.5988612298371233,-152.3101433882103,-152.31014338821035,0.09254732848856546,0.5470005862964686
2686,-0.48641965119840747,-0.6061009755944333,-281.390012020545,-281.39001202054504,0.15187889320191333,0.7452690636761136
2687,-0.5028756780989999,-0.6258158158906115,-225.4224834680384,-225.42248346803845,0.16136565808884437,0.7346643962378896
2688,-0.4800950120003314,-0.5910120032086608,-387.4031219299201,-387.4031219299201,0.17894756707595974,0.8848905815463322
2689,-0.48597714622269456,-0.6024169136113307,-545.0386496292809,-545.038649629281,0.2531202882110071,1.2018593447547559
2690,-0.4948026849629944,-0.5942522774892505,-155.5230431602048,-155.52304316020482,0.08970187317294015,0.4851069088328069
2691,-0.4535992642837779,-0.6343790368429044,-422.2393031001798,-422.2393031001798,0.290049541904278,1.3010171298479403
2692,-0.47852385371172657,-0.6154518058194463,-329.39035486806296,-329.39035486806296,0.18059028569637256,0.8368814492196216
2693,-0.48672230443118936,-0.6194781258234123,-273.83785498968757,-273.83785498968757,0.16195047098520868,0.7379561378885385
2694,-0.44039153580240503,-0.6114248902594279,-1060.9199112119009,-1077.4282751469057,0.3956907053724438,1.956089617987776
2695,-0.4284762316702814,-0.6431860830881126,-479.18593894542096,-479.18593894542096,0.3419279440365071,1.5540000000000003
2696,-0.4344800809537631,-0.6607888048852102,-714.7554459515031,-714.7554459515036,0.5073654108269963,1.7390000000000008
2697,-0.4859707069683743,-0.6041595579503722,-293.31695834612646,-293.31695834612646,0.15777617034658875,0.8450831666211066
2698,-0.4783772358865244,-0.5897813750534238,-368.6734150239751,-368.6734150239753,0.1720368769874832,0.8669848230871076
2699,-0.4284359254836985,-0.5797051330227366,-1469.4032687191216,-1469.4032687191218,0.4961136701437395,2.5019784880822282
2700,-0.47254369960741144,-0.5832288802251157,-345.492014425554,-345.49201442555403,0.1563376069712759,0.7999923508663696
2701,-0.42876722830901354,-0.5919518546880028,-1448.020878642888,-1448.0208786428882,0.5085322000246371,2.7342857865420562
2702,-0.48351334663546336,-0.6016068981920571,-547.6313522825175,-547.6313522825175,0.2471260976475061,1.1523563041045506
2703,-0.47997203728791493,-0.5959040262948988,-394.99778007991773,-394.99778007991773,0.17467747818328225,0.8186067493334582
2704,-0.4157088808881139,-0.6477853689934537,-393.6136579196979,-393.61365791969797,0.33763343398100454,1.2450000000000006
2705,-0.5139693286473285,-0.6059154511200772,-166.68736802881642,-166.68736802881648,0.11301472081199804,0.5817737569066235
2706,-0.47456438753988545,-0.5721251973099144,-801.1839150847129,-801.1839150847129,0.2587513639431016,1.63712455319083
2707,-0.5186854157084508,-0.6149753761144519,-182.06838149677174,-182.06838149677176,0.12471423347922068,0.6192151526913888
2708,-0.4802536109719662,-0.601779200009065,-576.3848955338331,-576.3848955338333,0.25821746652418875,1.1798053695465418
2709,-0.48693476207196085,-0.6014536189476818,-403.56583544151414,-403.5658354415142,0.19516645955929723,0.9328505437169897
2710,-0.42866867344004983,-0.6164280702672262,-1040.26567040266,-1040.26567040266,0.46480489977179246,2.2466216995413584
2711,-0.47074688873836723,-0.42999808713114845,-103.54880868603604,-103.54880868603605,0.03000304340247558,0.1917758520184298
2712,-0.48104555517191977,-0.631084815960858,-412.6735771562693,-412.6735771562693,0.26465160774257784,1.209481496872789
2713,-0.5119328700601752,-0.6180149900599499,-200.42216358839048,-200.4221635883905,0.1340218746348194,0.6573100677833671
2714,-0.48021873447089125,-0.6141798647040071,-376.7509550664005,-376.7509550664005,0.20071713062825025,0.9436976244142532
2715,-0.46024004511347355,-0.5820246168129005,-925.5825607617136,-925.5825607617137,0.35272882461907057,2.0530506398321555
2716,-0.4761140622818987,-0.5982685217429337,-574.179894179897,-574.1798941798971,0.24188883057550656,1.1073303675832935
2717,-0.43465883618531115,-0.6209140739934338,-677.9767514923055,-677.9767514923055,0.3621466264849723,1.7392508620233031
2718,-0.5226260497641476,-0.595713487029273,-148.27413706853423,-148.27413706853426,0.09013669170603085,0.540178444026491
2719,-0.4836749750210624,-0.5978874023213672,-561.4529772764986,-561.4529772764986,0.2451115873401647,1.1546203859290096
2720,-0.4762408112078729,-0.6130950448671403,-494.4525853045848,-494.45258530458483,0.2505815129157974,1.0932306559829386
2721,-0.4342865945564375,-0.6016851717466799,-1479.7832430179228,-1479.7832430179233,0.5815405765239439,3.1564510052733747
2722,-0.48438853438383345,-0.5936906379381817,-517.9950458982958,-517.9950458982958,0.21830475982484673,1.0974763705924744
2723,-0.4878324173449989,-0.6114863687820181,-287.73883335442264,-287.73883335442264,0.15770060510600054,0.7572872157817304
2724,-0.47622355053961873,-0.5787891078832875,-737.5717963953265,-737.5717963953266,0.25593803036856344,1.5203306808247237
2725,-0.48716203261580665,-0.5997954968362518,-424.7984106579414,-424.7984106579414,0.20376031609774528,1.0043922781503198
2726,-0.47323445762470945,-0.6181203723012103,-458.1248640417665,-458.1248640417666,0.24875358504802558,1.1129188144135704
2727,-0.46776840496935496,-0.6126113067745232,-688.7916362752275,-688.7916362752275,0.3323878035505979,1.5104807021249038
2728,-0.49316467729167124,-0.6128691504828551,-207.99671367930978,-207.99671367930978,0.12674700576435294,0.60476356050315
2729,-0.510168507609287,-0.6212540098692046,-203.97654126734432,-203.97654126734437,0.15480088939464637,0.7330733535618338
2730,-0.4848134098214393,-0.6021839778284251,-502.66515910192237,-502.6651591019224,0.22853247482526767,1.0180260332194868
2731,-0.4868224889940872,-0.610950350920688,-447.0531863919509,-447.0531863919509,0.22517524980039902,1.0079115427765255
2732,-0.4757468460844938,-0.6413585900891026,-331.17290403512504,-331.17290403512504,0.25012761047430604,1.0809999786994635
2733,-0.48752193088333146,-0.6299841591402073,-241.59470880029463,-241.59470880029463,0.1854498371219688,0.8194038613933443
2734,-0.45669847466682606,-0.6326478509769767,-257.9206758976765,-257.9206758976766,0.23555726244129557,1.0538217847688718
2735,-0.48075677839138026,-0.605598256628805,-611.0795991680875,-611.0795991680875,0.2914290586049961,1.3018728635962213
2736,-0.45734797245836495,-0.577615941899048,-926.4008921104028,-926.4008921104029,0.31683675170760217,1.8606078987939068
2737,-0.48608108411004475,-0.6004322008885357,-587.5315922493686,-587.5315922493686,0.2567830326691314,1.273695230987676
2738,-0.4984692551103647,-0.6112715219253041,-213.18658921838428,-213.18658921838434,0.12762158781393812,0.6203750693305333
2739,-0.45779032604748354,-0.6159457619786602,-536.8754956383825,-536.8754956383826,0.28002595795120805,1.2776439732241163
2740,-0.47678040201019833,-0.6241352178351659,-389.7133563732468,-389.7133563732469,0.23259059373958577,1.0804975024455603
2741,-0.4873819020565449,-0.6048945510885494,-481.80865399011924,-481.80865399011924,0.22856062148895498,1.0396754728109785
2742,-0.4335385341874749,-0.6069562222070031,-1400.0863185153214,-1400.0863185153216,0.5659657170315999,3.1024798518610095
2743,-0.44006599046422823,-0.6332012013047726,-1145.771090209063,-1332.2403123957474,0.5382828175654141,3.0011483184471657
2744,-0.47363244001698646,-0.5802857514776831,-396.9401655663843,-396.9401655663843,0.1696904683310073,0.8979244637441387
2745,-0.49225234802840284,-0.6149172311852338,-324.29487955453345,-324.29487955453345,0.18148599567166968,0.9319176639350528
2746,-0.5077525032017092,-0.5639618040917626,-135.12099411379987,-135.12099411379987,0.07343334203696195,0.3853174278876597
2747,-0.48425323573492396,-0.5986001816550115,-569.442172419435,-569.442172419435,0.2524795738710322,1.1987106502407248
2748,-0.46375796646124195,-0.5944307326425332,-829.8423158390225,-829.8423158390226,0.3635955465866632,1.8590973137383813
2749,-0.4563669984614891,-0.6169684312552635,-566.5338645418328,-566.5338645418328,0.29872989101174885,1.3827005864451622
2750,-0.4922250151804407,-0.6127187323092422,-365.34042810497124,-365.3404281049713,0.19775688190219357,0.9676142402109698
2751,-0.4977324628744747,-0.6242843268777629,-244.80565371024812,-244.80565371024812,0.1597924048639317,0.7332108623347151
2752,-0.49721546827890206,-0.6189207751981912,-214.40510560705053,-214.40510560705053,0.1474723031544375,0.6906408167959673
2753,-0.4759188574015712,-0.6001038662856141,-599.872908282144,-599.872908282144,0.25984211241393407,1.163640022215419
2754,-0.5013832398712266,-0.6251935104640742,-259.9071760085683,-259.9071760085684,0.16524680113126655,0.775744971371146
2755,-0.4949391989130403,-0.6169539659836352,-304.9496179825046,-304.9496179825047,0.17826484318348698,0.886410893079191
2756,-0.4281466019338479,-0.6208521905718408,-904.0385327899199,-904.0385327899207,0.4398061621344286,2.3024575898083244
2757,-0.44874995094409637,-0.628010773408674,-422.1500135391284,-422.15001353912845,0.27020777417051045,1.2459877438648221
2758,-0.5013852806768275,-0.6155301548772062,-200.57542129058783,-200.57542129058783,0.13376174157072548,0.6594382127175757
2759,-0.49790397749461845,-0.6232171451626745,-295.1477562933244,-295.1477562933244,0.17948915426962417,0.8536955595542156
2760,-0.4829121792395669,-0.6121106113053959,-388.3114670301587,-388.31146703015884,0.20167185408903113,0.9413086232985142
2761,-0.47088140939975787,-0.5786916036061518,-371.5326121880691,-371.5326121880691,0.1581351720302916,0.7988231200573573
2762,-0.4965465587919371,-0.6145254813583609,-201.539645881448,-201.539645881448,0.13844202862545282,0.6739511150802735
2763,-0.4740834189856661,-0.5827581282421312,-769.5042878058987,-769.5042878058987,0.2840029133271223,1.670918715751327
2764,-0.47715409143061244,-0.6384995754681245,-268.4673623900148,-268.46736239001484,0.21583311897714594,0.9374835805363254
2765,-0.4997781919295414,-0.6086217856159579,-179.8864986142276,-179.88649861422766,0.11195223769490316,0.5506801561862862
2766,-0.48005121683537566,-0.5917334223174949,-440.04171011470356,-440.04171011470356,0.18184569077114338,0.8829922385361616
2767,-0.4867469721941528,-0.6038702817694567,-325.88247193284127,-325.88247193284127,0.17477750048011692,0.910272987973286
2768,-0.4886260667749696,-0.608809676269548,-194.65028013735753,-194.65028013735753,0.15027439153196112,0.692971404680771
2769,-0.4355581004380099,-0.5841096441251242,-1276.9726247987094,-1276.9726247987112,0.45937232979756776,2.2828065978099907
2770,-0.49004283911552166,-0.6095257058983651,-452.19601751165186,-452.19601751165186,0.22742453973174712,1.0622321446348202
2771,-0.4742397670708607,-0.6134456188825135,-419.4693962815961,-419.4693962815962,0.21879153378239022,0.9991329529916372
2772,-0.4445080722760496,-0.5869778747309427,-1057.0138300874971,-1057.0138300874971,0.43378035136270227,2.3257966410556565
2773,-0.48047829613785126,-0.6189680378897575,-424.74660546949735,-424.74660546949735,0.23488191501384584,1.0679599281392556
2774,-0.5081353478618533,-0.6342001945888937,-250.9525686506372,-250.9525686506372,0.1765315541514808,0.8154679629165086
2775,-0.4544614156819957,-0.6348503565395294,-297.34340726297864,-297.34340726297876,0.22763856199607319,0.9560799703573813
2776,-0.48776066468048085,-0.6023904709572845,-470.8906488814793,-470.8906488814794,0.22025751044522296,1.0213555674807082
2777,-0.4583001697956445,-0.639226257044329,-416.4430348865579,-416.44303488655794,0.30163407415423377,1.3176009216454718
2778,-0.45256501467998383,-0.5857081538648058,-972.1104853848219,-972.1104853848221,0.3881237393699794,2.1671652676804896
2779,-0.5001136469148818,-0.6139223594848702,-211.73104434907015,-211.73104434907017,0.12969411534911973,0.6299465868386931
2780,-0.48286691295342316,-0.5903583870413073,-456.7138878798899,-456.7138878798899,0.19560762616507352,0.9456481886670087
2781,-0.47295564906078436,-0.6356779085531346,-252.92490959370355,-252.92490959370357,0.22803974301873886,1.0262326061628744
2782,-0.4842079997666317,-0.6411663688648099,-310.90174966352606,-310.9017496635261,0.23264018394769767,1.020812032939544
2783,-0.4915011485077942,-0.6113036861588955,-271.36999264010154,-271.36999264010154,0.15446890665886986,0.7388413311476044
2784,-0.5002224085993123,-0.6337246718271543,-288.38023035427955,-288.38023035427955,0.19275413216356035,0.8630741187874632
2785,-0.4694264280875015,-0.5893937814376984,-858.8861770579127,-858.8861770579131,0.35103976170466955,1.8945183020769918
2786,-0.48209073256579205,-0.5888138146619661,-460.37078511882567,-460.37078511882567,0.19206927464945042,0.9273980427106974
2787,-0.5125740626246988,-0.5978097060372327,-152.96104718674155,-152.96104718674158,0.08781481465624734,0.5044861484873154
2788,-0.44728522891701367,-0.6146908356519399,-617.3811606882493,-617.3811606882493,0.3125548725768077,1.5296974891322705
2789,-0.4772600784677228,-0.592578983198915,-570.0385161159538,-570.0385161159538,0.22398147958963235,1.0458479983512587
2790,-0.4523141863700076,-0.5938244996407509,-799.4177583697234,-799.4177583697235,0.3204036477240396,1.5814070546755123
2791,-0.4652262215055898,-0.6086871175478411,-636.9581012351666,-636.9581012351666,0.30895230892481307,1.4158331445575663
2792,-0.44955856604073263,-0.6450986929519048,-413.63520732638005,-413.6352073263801,0.3254566827760458,1.4356294287540832
2793,-0.512428915530431,-0.6142895955104378,-190.4183125696344,-190.41831256963442,0.12465581105203809,0.6395421007370802
2794,-0.47393131140077355,-0.6084974211170734,-635.2576863525778,-635.2576863525778,0.3009622185609026,1.3359273044371056
2795,-0.4920694188817253,-0.6297969244098253,-303.396104941253,-303.39610494125304,0.19426214935815164,0.8776596675351246
2796,-0.48160595743570667,-0.5982507001665324,-396.36363636363694,-396.363636363637,0.17907914834064953,0.8394058466555328
2797,-0.4839010009477252,-0.5910977345332341,-480.4843488342136,-480.4843488342136,0.20245770131144392,1.0037037293993607
2798,-0.45801319802321083,-0.572643047133861,-991.6193565828647,-991.6193565828647,0.33031102217815195,2.064836894557654
2799,-0.4629940995866346,-0.6092992599907864,-749.0989742168027,-749.0989742168027,0.31902490547704004,1.6570391122240735
2800,-0.4318159776709076,-0.5931528284833474,-1353.1260915124003,-1353.1260915124003,0.5566914998856195,2.6674375241239603
2801,-0.5003141890042537,-0.6251550635238665,-272.7926201030321,-272.79262010303216,0.1710399923956759,0.8103045376186176
2802,-0.4780635113403858,-0.6034938198680426,-677.4656551158508,-677.4656551158508,0.3082176885718012,1.4757031258365254
2803,-0.43304187073723516,-0.6366746135714476,-819.0757128810245,-819.0757128810245,0.5091620253441793,2.4990000000000006
2804,-0.42717935524971823,-0.6068787659855668,-1069.1136274892617,-1069.113627489262,0.4518697863149239,2.252539690468509
2805,-0.4354070810321871,-0.6234703607864042,-1116.5245635403985,-1116.5245635403987,0.535942164859376,2.75
2806,-0.48158722131525883,-0.5893430609940923,-516.3540536350961,-516.3540536350961,0.203399300815262,1.0354637810019418
2807,-0.5037583403436654,-0.6099874071530808,-187.44012772751464,-187.44012772751464,0.11388757318414452,0.5833294583118458
2808,-0.43152620728875263,-0.6213999642370353,-1094.0170940170958,-1094.017094017096,0.49083700992001555,2.4320000000000004
2809,-0.4792524063421003,-0.62909827436701,-382.2654235270786,-382.2654235270786,0.24134906580244742,1.1298169240321279
2810,-0.46630756041088023,-0.5814980609546951,-896.6764639385043,-896.6764639385043,0.34555189049970797,2.062401144590437
2811,-0.4557843970531771,-0.6215474239421049,-607.5199587947466,-607.5199587947466,0.34285800011963447,1.6038075488438077
2812,-0.4328374679202235,-0.6101219111587746,-1329.540481400436,-1329.5404814004362,0.5551392798480019,3.038
2813,-0.48784354091850896,-0.6060467052855983,-352.7496802697377,-352.7496802697377,0.1844007893903307,0.9189102081859841
2814,-0.46648667920469566,-0.6121771170012951,-552.5489248610788,-552.5489248610788,0.27501374492193437,1.2310663145361411
2815,-0.4344293217022076,-0.6055378554687143,-1570.0397702165308,-1570.0397702165308,0.6136096359511457,3.194073453537596
2816,-0.4814677735177527,-0.6117716508812265,-351.0982462114765,-351.0982462114765,0.18262171938342808,0.8820426223960619
2817,-0.4907520250275364,-0.6416118516814336,-267.2777268560958,-267.2777268560958,0.2145008679183158,0.9048635116028472
2818,-0.4954038245521126,-0.6282354316466692,-318.5513673318557,-318.5513673318558,0.19853772504674277,0.902189001934205
2819,-0.4302400802527574,-0.592671264973738,-1259.1050988553618,-1259.1050988553618,0.5117168252162112,2.5150250631633795
2820,-0.48663759343250484,-0.5987735336298757,-424.27017744705324,-424.2701774470533,0.20346006234651817,1.0055528076029083
2821,-0.4710593067803783,-0.5863711400080113,-739.5476353666935,-739.5476353666935,0.2761270777051229,1.510373557201351
2822,-0.4314924779099758,-0.6139991383732617,-986.9579393544177,-986.957939354418,0.4952749585582792,2.576928237146807
2823,-0.4367816641578913,-0.6279360420005358,-1408.0543425521576,-1408.0543425521623,0.5700450586619117,2.9020000000000006
2824,-0.4848491127651548,-0.6051313184171809,-329.9099784455435,-329.90997844554363,0.16843890580473786,0.8545292758152521
2825,-0.4694378083591909,-0.6214210121455992,-452.7657637150015,-452.7657637150015,0.2574462878908375,1.1632087001873022
2826,-0.4839217518007525,-0.6227840992143155,-337.56837833068676,-337.5683783306868,0.199622129529471,0.910772689641079
2827,-0.4359232219242095,-0.6365763211409698,-1175.392838560401,-1343.8192290651305,0.6066195619473573,3.0330000000000004
2828,-0.48774690938533055,-0.6032604490163378,-418.2288299935362,-418.2288299935362,0.20079884823242292,0.9360355117860698
2829,-0.43673567808575287,-0.6107308560888719,-1318.381765825983,-1353.8200339558582,0.5380010568210916,2.598947923333191
2830,-0.4830105185376884,-0.601719488561143,-309.0660903196451,-309.0660903196451,0.15857901430941443,0.8353667355438319
2831,-0.5054366780716085,-0.6039530662218617,-168.314528323834,-168.314528323834,0.1010145707291143,0.5352084494245282
2832,-0.4422075449400683,-0.6066124503492442,-918.2249511582498,-918.2249511582498,0.4552227210360256,2.1803640964446407
2833,-0.48886899030179815,-0.611132253019955,-350.06037837112757,-350.0603783711276,0.18473428069282316,0.911654050407527
2834,-0.48093136279288107,-0.5937596789705075,-511.29991503823527,-511.29991503823527,0.20813230412607997,0.9796151966222247
2835,-0.49004179462334074,-0.6144685875499859,-256.7549756161855,-256.75497561618556,0.14777484370425256,0.6980218820853908
2836,-0.4298605801231535,-0.6613850016836476,-589.7530409141191,-589.7530409141191,0.47142213647313225,1.6000000000000005
2837,-0.48720017389461956,-0.6403721090274582,-320.4440333024979,-320.4440333024979,0.23287106785841738,1.0073830322959474
2838,-0.43363762527748184,-0.6476223859343563,-401.8328242154977,-401.8328242154977,0.334814870202788,1.447
2839,-0.4787860843933497,-0.6053069191982439,-348.54771784232537,-348.54771784232537,0.1711173064678759,0.831421698409171
2840,-0.4816878560954021,-0.6439204043724668,-300.09950248756354,-300.09950248756354,0.240015139711608,1.017229452136862
2841,-0.455282029298622,-0.63307219591764,-323.12671147622723,-323.12671147622723,0.22744171253465037,1.0032610080966289
2842,-0.48276714955309274,-0.5891470832436553,-544.5159359569057,-544.5159359569057,0.21807953618787415,1.0811001084336458
2843,-0.4308694387656039,-0.6434583957388762,-492.82996780801864,-492.82996780801864,0.3640787204791804,1.6725591983741201
2844,-0.43625494298858836,-0.6319869652781517,-995.9927140255004,-995.9927140255004,0.5290614829246955,2.6669982962664567
2845,-0.4353167539865433,-0.6396288513217477,-995.1853635050556,-995.1853635050556,0.5001179461002183,2.0670000000000006
2846,-0.43362137486858887,-0.6042545359332357,-1277.4422735346336,-1277.4422735346357,0.5640802403089846,2.714661821524965
2847,-0.4352199404241609,-0.6542128294405366,-730.0902314633188,-730.090231463319,0.5023902173069107,1.8610000000000002
2848,-0.4964625183456538,-0.6177573252893137,-271.0733125201858,-271.0733125201858,0.1617048790486617,0.776042179267182
2849,-0.5126120730052727,-0.6136844365969542,-182.4931145970544,-182.4931145970544,0.12421276054823113,0.6130567248321627
2850,-0.4869011426549192,-0.5950719545171667,-523.5797665369676,-523.5797665369676,0.208924419939839,1.0504872078378544
2851,-0.43638309007132126,-0.6271718684276023,-734.6998535871166,-734.6998535871166,0.4304282406144623,2.0539067541124925
2852,-0.4880719207248378,-0.6060644105849655,-436.66337889249115,-436.66337889249115,0.21212040799625229,0.9680063778687853
2853,-0.43620762637935584,-0.6584873351333559,-905.054945054944,-905.0549450549441,0.540605252685877,2.059000000000001
2854,-0.49639780524789834,-0.6121357032347126,-231.04471503120908,-231.04471503120908,0.13752760628370975,0.6793837205059851
2855,-0.4809839599296762,-0.6011952594990819,-510.1037684325532,-510.1037684325532,0.22517766910077971,0.9865719016268969
2856,-0.46391712096827925,-0.6408534090012511,-399.44199023482986,-399.44199023482986,0.2945622839957072,1.269566227574383
2857,-0.49899683604289763,-0.622466006285021,-231.43683702989387,-231.43683702989392,0.15243680362730766,0.7033434805033087
2858,-0.46397537927211546,-0.5984477334554099,-640.1134312967287,-640.1134312967287,0.2687805822154803,1.2638275246978619
2859,-0.4758855984052784,-0.5862395235591271,-376.371405474075,-376.371405474075,0.16504656410772708,0.8180012115740346
2860,-0.424291303644212,-0.6711609099397933,-596.9876768598839,-596.9876768598841,0.4829610499183491,1.3080000000000003
2861,-0.48562651748028446,-0.5919115980875229,-588.2881533622893,-588.2881533622894,0.24081154218612247,1.290348092178467
2862,-0.47814876551329183,-0.5833809230211244,-700.7368222180255,-700.7368222180256,0.25752683582526403,1.4937190120722197
2863,-0.48511194513749695,-0.5999451168668456,-356.00769308634506,-356.0076930863451,0.18453455398796206,0.9245615248778094
2864,-0.48877670836569814,-0.6136294641979935,-209.15903413821837,-209.15903413821843,0.1403141340053268,0.6676354153815935
2865,-0.4350430629543384,-0.6245695645088788,-1057.5878304961966,-1057.5878304961968,0.553859182548436,2.7930438721317072
2866,-0.4814871852921273,-0.59854009882831,-361.1671372865404,-361.1671372865404,0.1696252590953425,0.8259840119533122
2867,-0.5020706219914426,-0.6241640646521315,-263.00164925783486,-263.00164925783486,0.16594824255522192,0.8092744035842585
2868,-0.4285236449631722,-0.5878733511778738,-1793.7177684013127,-1793.7177684013127,0.569945130868998,3.089602535355145
2869,-0.4894006145745007,-0.6280483309787779,-373.5950343902033,-373.5950343902033,0.2309975860788093,1.090473941393
2870,-0.43257479437348034,-0.6361734485028445,-705.5472263868085,-705.5472263868086,0.449704254985872,2.206976772451414
2871,-0.48613748188615535,-0.6002857205887299,-470.3602698435485,-470.3602698435486,0.2136711949564843,0.9907947775231862
2872,-0.49923336683827096,-0.5979382067344093,-158.73254242378746,-158.7325424237875,0.10286190103728704,0.5274010491274606
2873,-0.43046448753729677,-0.6714508254359042,-681.4814814814822,-681.4814814814822,0.5235303728708237,1.5640000000000005
2874,-0.49156345158843273,-0.6224467244357891,-230.28599768556816,-230.28599768556816,0.15921820599226907,0.7110885697542529
2875,-0.436219497066072,-0.6013843334134057,-1025.0821140638986,-1025.0821140638986,0.4752080604163467,2.29423368249938
2876,-0.4406255570503564,-0.6115552328679441,-884.475339291628,-884.4753392916282,0.3716354637915985,1.805732097995638
2877,-0.496886452114273,-0.6311720189033493,-261.71570917017044,-261.71570917017044,0.1784255046784522,0.8077315305376984
2878,-0.47946802736093896,-0.599994087133113,-585.0905218317355,-585.0905218317355,0.23919235641526412,1.1022053100030187
2879,-0.4762378717280724,-0.5886016128075418,-354.2626081096277,-354.2626081096277,0.16244777971101584,0.8128106422745565
2880,-0.47835500459538566,-0.6178176317195184,-456.06781062642165,-456.06781062642165,0.2391242233612566,1.064646198087765
2881,-0.4741068043432714,-0.5873912983920806,-325.4431589003292,-325.44315890032925,0.15133442950903003,0.7813916416432717
2882,-0.4675636694669607,-0.6016618968803623,-656.8697729988062,-656.8697729988062,0.29224332676892656,1.3159545322285213
2883,-0.4812114691172823,-0.5838393102207453,-540.8148879176657,-540.8148879176657,0.20597967965350483,1.1091979368053835
2884,-0.4925382985201349,-0.6107770557835959,-221.61585004152377,-221.61585004152377,0.12873252407636507,0.6180970264660259
2885,-0.43677213258985625,-0.6299017931557516,-1243.7579348286092,-1243.7579348286095,0.5875784238273583,2.939
2886,-0.47088769843120815,-0.6143334842278779,-461.4520116880201,-461.4520116880201,0.23905569690644204,1.0678778937443727
2887,-0.4264241957703486,-0.6462986350332058,-410.67761806981537,-410.67761806981537,0.33545922205394874,1.3999999999999997
2888,-0.43480140658327576,-0.62922908708213,-779.5906259270275,-779.5906259270278,0.4661024828302664,2.32420219382569
2889,-0.5001109498275028,-0.6032096569206028,-169.72414730262278,-169.7241473026228,0.10546682631239243,0.5285526396767205
2890,-0.4814063480880409,-0.5932552811514002,-373.978819969743,-373.978819969743,0.1822512977013232,0.9193078365201371
2891,-0.4282953739127456,-0.6486571129963306,-447.5747894278248,-447.5747894278248,0.3620218789914222,1.5261605666878402
2892,-0.43614595344867296,-0.6477817153967667,-1053.345811885825,-1053.3458118858252,0.5755773237244521,2.2510000000000003
2893,-0.49930107003076385,-0.6222198493135734,-259.2635885447115,-259.2635885447115,0.16074088360847635,0.7652080964656212
2894,-0.5021063295357227,-0.47873094888031437,-109.53807998346602,-109.53807998346603,0.038634043067913036,0.21743307960326833
2895,-0.43486401846213124,-0.62777782230965,-1251.003120820335,-1251.0031208203354,0.5867631408987249,2.8060000000000005
2896,-0.4932098142800969,-0.6134659600225424,-288.0462857733238,-288.0462857733238,0.16624012081460882,0.8108139334229106
2897,-0.48070146575126993,-0.5973650282622213,-350.47862156987867,-350.47862156987867,0.16629837928251548,0.8226807121776548
2898,-0.42827121125824297,-0.6723565880928039,-839.3653941497284,-839.3653941497286,0.5590062234655833,1.6930000000000005
2899,-0.47496510981554263,-0.5824221537871688,-393.47132118216507,-393.47132118216507,0.17293834996841698,0.9142666619010515
2900,-0.43520041805745635,-0.6369585104331802,-1172.47463608293,-1172.47463608293,0.6058795009813489,2.6580000000000004
2901,-0.4339233956940224,-0.6101880144792682,-1325.116872078211,-1325.116872078211,0.5615635699980884,3.0997334522490245
2902,-0.5088446084122228,-0.5772925010081822,-139.9891481280526,-139.9891481280526,0.07162413810132796,0.430190486201825
2903,-0.43061437128638014,-0.6118834607742649,-1676.0563380281706,-1676.0563380281706,0.6448646527625386,3.390454060695952
2904,-0.47940670200462365,-0.5980587343232999,-503.24976787372384,-503.24976787372395,0.21341336132100697,0.9441759553606889
2905,-0.48359237301904034,-0.588480950524711,-522.2677415091847,-522.2677415091848,0.214417734841969,1.0937167021690901
2906,-0.4777371377972695,-0.6098004683627001,-447.79948687586466,-447.79948687586466,0.2200445676417126,0.983432892049261
2907,-0.43136312239224583,-0.5767613154430806,-1298.7910189982747,-1298.7910189982747,0.4441661735377042,2.3262088155965723
2908,-0.49843713165309783,-0.6333005065059519,-238.09523809523773,-238.09523809523787,0.18975544114630624,0.8448680248009871
2909,-0.4814381582110105,-0.5961656503280067,-636.3103380887262,-636.3103380887263,0.25800115875987256,1.2935159935718539
2910,-0.43134159060104577,-0.6727286935102967,-721.1155378486071,-721.1155378486071,0.5448864590676229,1.6290000000000004
2911,-0.4885312898795281,-0.6019192360514506,-422.9583095374079,-422.95830953740796,0.20882292326024685,1.0283224879209034
2912,-0.4556264807502161,-0.576972301140264,-1015.3298658636736,-1015.329865863674,0.3552436928967615,2.101446519921129
2913,-0.43531331379462496,-0.6259290938891026,-1140.3097137494206,-1140.3097137494206,0.5202586252534835,2.4300000000000006
2914,-0.47683129252790324,-0.5822742080807889,-668.5472496473926,-668.5472496473926,0.23479213159848253,1.3293088796336952
2915,-0.42465912198205347,-0.6644410295009955,-492.61793302124886,-492.61793302124886,0.4450587231347965,1.3680000000000003
2916,-0.47697505516405003,-0.6217611291371639,-494.30995241051244,-494.30995241051244,0.27816458229224766,1.226520739064442
2917,-0.5153336788752748,-0.6219203167931711,-202.25263412861815,-202.25263412861815,0.14620789913344875,0.7242662604289681
2918,-0.4869323685341823,-0.6070813033021524,-318.7947004338146,-318.7947004338147,0.16943242773307546,0.8771658595138517
2919,-0.47007863236655856,-0.6387026308598943,-275.1460090850104,-275.1460090850105,0.22441622607260364,0.9811650738332215
2920,-0.4242120795704599,-0.664864871314099,-545.1371571072347,-545.1371571072347,0.411447948425603,1.0930000000000004
2921,-0.48230959462288303,-0.5965318264702058,-482.3301597547207,-482.3301597547207,0.205034930062202,0.9378943907044031
2922,-0.4675364129867912,-0.6116532243993966,-646.3326071169217,-646.3326071169217,0.3132167522101071,1.417048665677123
2923,-0.48198717213059955,-0.630519877085289,-360.53384175405245,-360.5338417540526,0.23280681683394572,1.0443502946533876
2924,-0.4878928230790449,-0.6084075786519177,-487.1558221812033,-487.1558221812033,0.23973428862797258,1.0793496233390276
2925,-0.4346602469965885,-0.6355060117324887,-944.9581682078413,-944.9581682078413,0.49098782819890224,2.146
2926,-0.4571928679311788,-0.6088496875367182,-769.7453048623662,-769.7453048623662,0.3769435570408415,1.754187315947453
2927,-0.49316324521463073,-0.6385985004596517,-286.4520571526945,-286.4520571526947,0.20686546656221533,0.9311809978353536
2928,-0.5160607349457784,-0.5587593380490804,-130.01951319708328,-130.0195131970833,0.06611256351057736,0.380544449150676
2929,-0.4412266334477036,-0.6359817538620322,-1189.9432209618744,-1346.291154303848,0.6128051264639023,3.2440600635203913
2930,-0.4672765010533454,-0.6271350504043727,-527.376861397481,-527.376861397481,0.31840087212991086,1.4380489784837056
2931,-0.437717913143853,-0.6290761494623535,-1154.4263596665342,-1154.4263596665342,0.5921147402566332,2.908
2932,-0.48388957207109845,-0.5966165065440835,-411.20898761649437,-411.2089876164944,0.18616675712357852,0.8782837132157464
2933,-0.4364118577853024,-0.6456991971970127,-1028.6374133949262,-1028.6374133949262,0.5609631205050508,2.2270000000000003
2934,-0.48158393267626015,-0.6011384232124769,-495.8517210944395,-495.85172109443954,0.22001031393055154,0.9784968433252358
2935,-0.44879537549941273,-0.5992697353576275,-871.0036141228849,-871.0036141228849,0.39061805137901023,1.8903210548799483
2936,-0.4767598608820959,-0.5955507904940546,-557.394002068255,-557.394002068255,0.22610056707796902,1.0567964452619285
2937,-0.4663761963794816,-0.5886103537228202,-836.4303739389791,-836.4303739389791,0.3425389910466793,1.9110345921103635
2938,-0.4932659948820285,-0.6165198081363634,-308.01586347794796,-308.01586347794796,0.17700562220484478,0.867281254588895
2939,-0.4873117791379901,-0.6001405296572583,-415.8645867905746,-415.8645867905746,0.20491125894854995,1.0009676997471968
2940,-0.42117667732141095,-0.6602307413557698,-440.72261949567246,-440.72261949567246,0.40779113877663353,1.1710000000000003
2941,-0.4513742148338779,-0.6291388170725273,-249.45926459985634,-249.4592645998564,0.23903716967988026,1.038
2942,-0.41212258387196304,-0.6407332700699622,-308.92586989410006,-308.9258698941001,0.31967205080656647,1.0210000000000001
2943,-0.4792494561275244,-0.583407192208667,-465.28197077647656,-465.28197077647656,0.18701278818838238,0.9853088577292901
2944,-0.47534185702530735,-0.5858180072485729,-370.63573296940814,-370.63573296940814,0.16356032070733867,0.817416764220806
2945,-0.4908109739670942,-0.6162361704066155,-227.0793604224735,-227.07936042247354,0.14070275954912295,0.6532758570140027
2946,-0.5045861448048156,-0.6309066650055837,-274.95407225964505,-274.95407225964505,0.18088517237092658,0.8523014177005404
2947,-0.4296237069810996,-0.6161423123184805,-851.1643604454945,-851.1643604454945,0.4203363450415377,2.208479039117518
2948,-0.5051232275989609,-0.5981917688283778,-159.22389898367743,-159.22389898367743,0.0875305841356825,0.4924455303146835
2949,-0.48705964741765967,-0.6012216374090676,-504.1672759175318,-504.16727591753187,0.2306170125959531,1.0385366817749393
2950,-0.4917459579781827,-0.6239318914077575,-278.00577595379286,-278.0057759537929,0.17040575674230352,0.7733024432489611
2951,-0.4819827271529162,-0.6331152793071947,-345.34995206136114,-345.3499520613613,0.2294826041811255,0.9987770663906629
2952,-0.4351784387245265,-0.6610481879605098,-708.2186394022813,-708.2186394022813,0.5161942664965542,1.8010000000000006
2953,-0.4935993845205942,-0.6207075126534949,-339.30787260444026,-339.30787260444026,0.1959186464809892,0.9730720006022294
2954,-0.517742974691745,-0.5614357501579977,-131.20604597459877,-131.2060459745988,0.06912025942365795,0.385432625069007
2955,-0.4849584254089495,-0.5962729636722794,-418.95344961670907,-418.9534496167091,0.19929887040623637,0.9955826243417499
2956,-0.486178963494933,-0.5972977606449829,-491.09976542017466,-491.0997654201748,0.21733411402773478,0.997098599491859
2957,-0.4781363285559431,-0.5898254749681523,-361.7533214771425,-361.7533214771425,0.17062696026014978,0.8675031070589865
2958,-0.4888894184669345,-0.6130435565024103,-408.4339144687838,-408.4339144687838,0.2135457830776063,0.9875363891175588
2959,-0.5135502585912908,-0.6036707674898334,-161.73570019723869,-161.73570019723874,0.11162283571898214,0.5712066233816114
2960,-0.47646759283709406,-0.601224254993728,-680.7313642756704,-680.7313642756704,0.3127492128988856,1.524344004939083
2961,-0.4899513131257229,-0.6103662041177441,-245.15975769093734,-245.15975769093737,0.13982188598157924,0.6772207115926104
2962,-0.4610660701935607,-0.6246652179228015,-365.80660718591776,-365.8066071859179,0.22653989502162092,0.9951810139246186
2963,-0.45882149987526594,-0.6219561069682479,-613.6645962732936,-613.6645962732937,0.34977687250123046,1.626985339019125
2964,-0.5200475446233085,-0.6055012293517079,-162.7962940681028,-162.7962940681028,0.11348070887405468,0.6040417628752672
2965,-0.512613661279188,-0.60067227715489,-156.75908943791123,-156.75908943791123,0.09285736030429129,0.5161008379685862
2966,-0.4891309971736428,-0.6174150387008412,-424.7201639602718,-424.72016396027186,0.23071618012332712,1.0509310712955924
2967,-0.4714097302416688,-0.5984344676717984,-608.5351787773952,-608.5351787773953,0.2568634738795376,1.144800776590935
2968,-0.41868559130698424,-0.6537367151895267,-444.0219687367979,-444.0219687367979,0.367172462611591,1.0510000000000002
2969,-0.4769908665159517,-0.6231066955034164,-293.03396660909755,-293.03396660909755,0.17924126227037754,0.7961566296000752
2970,-0.46324264020285416,-0.5881779491805601,-798.429982273996,-798.429982273996,0.30864648997488814,1.6392064436394618
2971,-0.48198512438063035,-0.6193340763443412,-324.01055408971035,-324.01055408971035,0.1851636130315676,0.822974764345915
2972,-0.41906016953463415,-0.6534356587771265,-370.8849290244638,-370.8849290244639,0.3585251014576275,1.2280000000000002
2973,-0.4769899452389294,-0.5936262647362776,-297.64383561643837,-297.6438356164384,0.14497696707767826,0.7784466807575957
2974,-0.44807875823685644,-0.576981889294673,-1068.2812955938166,-1068.2812955938166,0.3789323375482851,2.2664368298757473
2975,-0.47863384961876326,-0.5829259805555194,-462.51106334555516,-462.5110633455552,0.18107153358414535,0.9330696993128639
2976,-0.4341984880036918,-0.6279174935785123,-1005.2102716784509,-1005.2102716784511,0.5345419801747412,2.606985558272958
2977,-0.47486838703377626,-0.592372978585053,-644.9946178686765,-644.9946178686765,0.25559660509165644,1.2317715223369747
2978,-0.4809967124533695,-0.6023380264668017,-397.2758229284909,-397.2758229284909,0.1842052652103735,0.8570841940544335
2979,-0.4925707089430314,-0.6181139727883886,-288.122506755888,-288.1225067558881,0.16610206857761214,0.7742566342458138
2980,-0.49031188056851727,-0.6090655969205153,-347.9689039745988,-347.9689039745988,0.18995110101230947,0.9562099776444779
2981,-0.4762016121750845,-0.593875119551372,-783.1809056435468,-783.1809056435471,0.303733775498512,1.5332875074978802
2982,-0.4954357859866123,-0.6122786072732505,-205.20341793138616,-205.20341793138618,0.12418495878127446,0.6019322739038835
2983,-0.4576456588262688,-0.637575558036067,-500.8513743614704,-500.8513743614704,0.3453876116752706,1.576745080480006
2984,-0.49034003745573496,-0.6118019151680579,-260.3320381490654,-260.33203814906545,0.14767534779630892,0.7142269195775172
2985,-0.48160689395976947,-0.6105386614659432,-312.3912011394207,-312.3912011394207,0.16430203740397364,0.773210267617827
2986,-0.4356575075512182,-0.6315264882687054,-1247.8860703159762,-1247.8860703159767,0.6085955240378049,2.8040000000000003
2987,-0.49160151890227716,-0.618270872911122,-236.4278358099167,-236.4278358099167,0.1473218250314169,0.6836396103426274
2988,-0.480070446060107,-0.5923345210235803,-436.6471734892801,-436.6471734892801,0.18173151327597026,0.8833873209704142
2989,-0.462245342269307,-0.6051438359037061,-627.6732800824533,-627.6732800824534,0.2873699137481736,1.3556958763018414
2990,-0.43512909805503514,-0.583445568923188,-1173.7553577316223,-1173.7553577316223,0.4235208044241599,2.2476922346779746
2991,-0.4543408969236349,-0.639650751660491,-462.57822277847504,-462.57822277847504,0.3314634027895116,1.5072634844212034
2992,-0.42377700063473267,-0.6466884330977081,-331.25177405620275,-331.25177405620275,0.32011832748681895,1.1670000000000003
2993,-0.48137524201285103,-0.6194666221188061,-376.448942042319,-376.4489420423191,0.2129046800176631,0.999598125173467
2994,-0.4335563016161592,-0.6185890436774857,-1211.6889093419318,-1211.688909341932,0.5234644840911447,2.633
2995,-0.46812271608198486,-0.5746095074059391,-862.2654951318009,-862.2654951318009,0.28703964626392464,1.7766800418690913
2996,-0.48238802110324436,-0.5943144614626358,-421.1582185368466,-421.15821853684673,0.18390491375993068,0.9138470669804339
2997,-0.48757847250484015,-0.5984754110395544,-465.14228905181955,-465.1422890518196,0.21407825626258029,1.0125917258977124
2998,-0.4920825162005162,-0.6044604791707913,-184.73824312333664,-184.73824312333664,0.14506250851706146,0.7005816070461028
2999,-0.511208554220591,-0.5992850053785415,-155.3130096600176,-155.31300966001766,0.09728862746775874,0.5219055230214378
3000,-0.4522308361761584,-0.5951333995862221,-932.6627549594897,-932.6627549594897,0.38038728939832467,2.0165727253623373
3001,-0.4841730571582534,-0.6073311323381357,-409.31568033179144,-409.3156803317915,0.2004015840059007,0.9231736594674306
3002,-0.4838636146985699,-0.5915054712821035,-579.1951404707673,-579.1951404707673,0.239717203192792,1.2899502190780348
3003,-0.5212400289463666,-0.6152127735820925,-180.79575596817,-180.79575596817,0.12630364823178342,0.6351330412340734
3004,-0.4829129408200368,-0.5910055671722908,-524.7315080925737,-524.7315080925737,0.21263949323346168,1.0684233613836502
3005,-0.49288669995399964,-0.6214705461128176,-377.15295156779104,-377.15295156779104,0.21511168506604522,1.0203185018044936
3006,-0.5036809895945228,-0.6229730157087922,-237.70398265434264,-237.70398265434264,0.15386039905297438,0.7388417101702454
3007,-0.5028041178406865,-0.6209425259331188,-238.04359613924748,-238.04359613924748,0.15126275957451016,0.7239839660637135
3008,-0.4843932525562892,-0.6124920730739446,-356.56065206968395,-356.56065206968395,0.18809479535598003,0.9075015052098891
3009,-0.491681018191566,-0.6119673223697224,-295.24515514137516,-295.24515514137516,0.16761748292468615,0.8311336195907097
3010,-0.49070063305966916,-0.608086887771243,-215.46187083965896,-215.46187083965899,0.12196782048886022,0.58518357857768
3011,-0.4845947874670063,-0.602984010523605,-279.88246405709003,-279.8824640570901,0.148514643141992,0.7333729642776915
3012,-0.48098957579607327,-0.6251080315631335,-295.39996305191215,-295.39996305191215,0.18187924704797165,0.805766992007171
3013,-0.4919528347787823,-0.6121828105899573,-207.64876432417552,-207.64876432417552,0.1256804082817078,0.5995532685557521
3014,-0.48406056326072144,-0.6007786536082784,-368.46144008185195,-368.46144008185206,0.17796653351421426,0.8647616108131247
3015,-0.4858979425262748,-0.6020328359466646,-410.5619498984432,-410.5619498984432,0.19389562310669964,0.9004606702384418
3016,-0.48733343863170286,-0.615365189514297,-438.0192213715587,-438.01922137155873,0.23122403803614902,1.0425177254985825
3017,-0.47393403027476144,-0.5873500773992629,-667.1072923551461,-667.1072923551461,0.24730383327998132,1.2825571960818036
3018,-0.4364450526034664,-0.6090086435941077,-917.5939849624053,-917.5939849624056,0.44956127895051673,2.1863312756549895
3019,-0.43799289081378867,-0.6365366169048317,-520.102651839179,-520.102651839179,0.350940829731081,1.6347197179150057
3020,-0.5037037713037783,-0.6289011719994904,-268.3659973548164,-268.36599735481644,0.17485063068574486,0.8248564923689222
3021,-0.4867017845875597,-0.6057452689457477,-348.6509794258966,-348.6509794258966,0.17931305342799228,0.8922786792707074
3022,-0.4869368332375817,-0.6049847806797156,-368.1892538064681,-368.1892538064681,0.18519914805051774,0.9013576147673102
3023,-0.4760629155233385,-0.585140694511046,-674.7663551401876,-674.7663551401876,0.2458126913615544,1.3680165457879445
3024,-0.47753064104100973,-0.5916573220220936,-322.62669521770226,-322.62669521770226,0.15741660668401075,0.8196826201816475
3025,-0.5137267539287966,-0.61286351972389,-181.25862251936798,-181.258622519368,0.11900009314736734,0.5979844959651358
3026,-0.4832735941764944,-0.5981790923914206,-577.0865204827488,-577.0865204827488,0.2530163389115342,1.1959281091329712
3027,-0.4816368222472998,-0.5969644896215288,-322.47067081119167,-322.47067081119167,0.16488373642640286,0.8596459821920928
3028,-0.4478444907967623,-0.5936383722001981,-964.5293315143274,-964.5293315143275,0.42132906796778147,2.1497624714157295
3029,-0.45728977685801464,-0.6101696003307583,-613.874697499329,-613.8746974993292,0.29709228720937564,1.4179257807900325
3030,-0.4349597689264432,-0.6467110657520663,-867.5153229608698,-867.5153229608698,0.48490857863531683,1.8400000000000005
3031,-0.47793100912286035,-0.5772409851551896,-527.3242477398474,-527.3242477398474,0.18946605668199562,1.0644537010519535
3032,-0.47961297983084966,-0.6090571767681064,-322.2460069158575,-322.24600691585755,0.1663409609999451,0.8190963899286255
3033,-0.4690826612267036,-0.625336518082894,-562.9184945740018,-562.9184945740018,0.32293284244021175,1.4508580981706707
3034,-0.48740447014957317,-0.6010224410154553,-424.0844196151469,-424.0844196151469,0.20059317953436537,0.9800978566681956
3035,-0.4561436510004785,-0.6081787588568764,-758.5147247119091,-758.5147247119091,0.37620327983246354,1.7467426709972402
3036,-0.4817724530519956,-0.5886467890204202,-491.38544781432455,-491.38544781432455,0.19598210787754525,1.0098688700126837
3037,-0.48796164024970856,-0.6038682475754147,-469.6991100437921,-469.6991100437921,0.22195071975653374,1.027488728438949
3038,-0.4594234555377199,-0.5781441191405394,-940.5475880052163,-940.5475880052163,0.3360059567294868,2.0046061013671035
3039,-0.455419995929621,-0.6257942425251659,-522.5436538962753,-522.5436538962754,0.3067267073683675,1.4304540365091516
3040,-0.4717032856737556,-0.5958183447882445,-748.1227204462563,-748.1227204462564,0.32747685605886495,1.717933999778284
3041,-0.4747911390329129,-0.6134440504772671,-551.8271661686979,-551.8271661686979,0.2639980650654763,1.164953779036259
3042,-0.5248248119507624,-0.6063681291732941,-161.8503012355767,-161.8503012355767,0.1089706332487809,0.597046734311617
3043,-0.4865507442670247,-0.6145944032092774,-329.79851537646,-329.79851537646,0.17988056122467372,0.8957520390545699
3044,-0.47942338859218586,-0.6224516175487186,-366.7627281460143,-366.7627281460143,0.21573588083446454,1.0224243576090806
3045,-0.45713235839262073,-0.6381809963942666,-282.130177514793,-282.13017751479305,0.23574877430602312,1.0112556211459938
3046,-0.502121837941119,-0.6115275435785927,-185.55222323640672,-185.55222323640672,0.11903218467854754,0.58011030156578
3047,-0.4918519638733902,-0.6329464212564204,-290.7268170426066,-290.7268170426067,0.19550011483637958,0.8704296916541214
3048,-0.4747296973631002,-0.6134705238273317,-550.2679528403011,-550.2679528403011,0.2804937918504583,1.2071909281412239
3049,-0.4723238212974093,-0.6298286602406822,-345.15922205599577,-345.1592220559959,0.22402026932613692,0.9815966974148671
3050,-0.47481527185149824,-0.5857415510405569,-708.5896076352068,-708.5896076352068,0.26253089135544616,1.4727832234625922
3051,-0.43183580368317936,-0.6713758035302689,-746.0603331832511,-746.0603331832514,0.5430201802115487,1.6570000000000005
3052,-0.49606288417437,-0.6107886872157346,-187.78051252352694,-187.78051252352694,0.1208651365586699,0.5782345361315344
3053,-0.5183906207805843,-0.6113785595778417,-174.73748598226138,-174.73748598226138,0.11634354458182601,0.6010994468099661
3054,-0.5039897555855701,-0.6092832796530961,-184.17945690672977,-184.17945690672977,0.11161825389947,0.5807176861012273
3055,-0.4148437332736615,-0.6513036735132215,-438.1852551984878,-438.18525519848794,0.35717571350554467,1.1590000000000003
3056,-0.4873616239093805,-0.6042019444186173,-368.88940251935753,-368.8894025193576,0.18918578988410795,0.9252225962294286
3057,-0.4341197121342603,-0.6400317046661277,-612.0565330256723,-612.0565330256723,0.418043048911597,2.074579744831834
3058,-0.5232731190335166,-0.5811451767795771,-140.4523934771177,-140.4523934771177,0.08440420997979763,0.4565979464940436
3059,-0.5041800364561106,-0.6229979787866053,-235.10577472841624,-235.10577472841635,0.15300636657417344,0.721208268706687
3060,-0.4893765558288873,-0.6185104571954753,-241.98295894655317,-241.98295894655317,0.1506697477242166,0.6884041122182522
3061,-0.4937074689200264,-0.6134149064448087,-237.72700644405424,-237.7270064440543,0.1403817565249112,0.6912534335494682
3062,-0.48129962701334555,-0.6204332041902331,-487.7578561789089,-487.7578561789089,0.2706280452549949,1.1918489138857875
3063,-0.5002421973395479,-0.6205158611572131,-251.38692483411364,-251.38692483411364,0.1558929928114985,0.746956117856468
3064,-0.5182146611477854,-0.6139207369264243,-179.82407304309143,-179.82407304309143,0.12411078698719924,0.6264572402475644
3065,-0.48794646756827537,-0.6085742749775502,-264.0248819260463,-264.02488192604636,0.1457214367080067,0.6996500897307477
3066,-0.48750288106952266,-0.6040929152249133,-443.80685794261854,-443.8068579426186,0.2116044172939379,1.002617323885681
3067,-0.476500344512067,-0.5928105726642375,-308.90756302521015,-308.90756302521027,0.14818609505698746,0.7808348299707788
3068,-0.4816229314792436,-0.6008201654520052,-621.3804407211811,-621.3804407211811,0.28157649325764855,1.3634467968419814
3069,-0.47800391093592687,-0.5926913824374399,-680.4185952908042,-680.4185952908042,0.27329653401454074,1.4400325807822782
3070,-0.4784382471771884,-0.5892325245007485,-613.9498737128441,-613.9498737128441,0.23518596123777294,1.1862613096754075
3071,-0.4596899315814338,-0.6106942790963619,-585.8081471747711,-585.8081471747711,0.28568808715169636,1.3308731240218015
3072,-0.48657315619895336,-0.6099956544127728,-195.4001140467596,-195.40011404675963,0.16728895763908797,0.7922575956515578
3073,-0.4850117791811348,-0.5950902711112113,-439.0753862237197,-439.07538622371976,0.20195419044854532,0.9862756846927795
3074,-0.47832796036422076,-0.5836563242848825,-719.2072606038171,-719.2072606038171,0.26987069411605663,1.5853297784234839
3075,-0.4815535104442331,-0.6009210304798728,-334.4777499009639,-334.47774990096394,0.16285631403936734,0.8189333636952145
3076,-0.4710520261365764,-0.6175247767500448,-396.55548288641853,-396.55548288641853,0.21976339134990217,1.0159757931122329
3077,-0.4789318315899411,-0.5895008980500127,-388.6552233716041,-388.6552233716041,0.17477859340656593,0.8579563738344921
3078,-0.48842550253269784,-0.628437589047551,-310.8817058723984,-310.8817058723984,0.196202930976996,0.8784358231470989
3079,-0.49170647846439886,-0.6102337125227719,-201.24341127179378,-201.2434112717938,0.11958662188533344,0.5723214486818624
3080,-0.5056413238528313,-0.5562274454183088,-131.69728896312486,-131.6972889631249,0.06597558610109099,0.3541778717297652
3081,-0.47479272380104015,-0.605737890500173,-421.0631895687061,-421.0631895687061,0.2008240511330823,0.9111885131791972
3082,-0.43792636842115673,-0.5865523390191147,-1113.9896373057,-1113.9896373057,0.4436662956645662,2.325898706543915
3083,-0.48205430398426663,-0.5914862776001403,-511.86174391201905,-511.86174391201905,0.20627483747310305,1.0457566109088983
3084,-0.48466452362096174,-0.6027680679656191,-571.500250878074,-571.500250878074,0.2663641611649112,1.227804719978488
3085,-0.46548294981781196,-0.5952650986935292,-809.7538532321164,-809.7538532321166,0.35823522491658677,1.838642016963166
3086,-0.49906607841806555,-0.6070118468760818,-188.73730639039988,-188.73730639040002,0.10944145645550224,0.5505587051785686
3087,-0.4762598467354327,-0.5856769072280972,-687.1278998152327,-687.1278998152328,0.2540825741503475,1.4215332887505423
3088,-0.48580906390631823,-0.5982489505505566,-417.77672993044905,-417.77672993044905,0.1973313009510762,0.9767603386419196
3089,-0.4750891110098149,-0.6028664950590122,-635.9602788928802,-635.9602788928803,0.2904073186178766,1.2835701124137469
3090,-0.48935336591403467,-0.6047261115799966,-407.25948549277695,-407.259485492777,0.2042879219409817,0.9770813288996794
3091,-0.46457138872786663,-0.5834055002880261,-876.9850675515537,-876.9850675515537,0.33833565122889026,1.957742943658626
3092,-0.49019832697667126,-0.6146016489900383,-231.02819469771498,-231.02819469771498,0.1380965851072997,0.6463538020709045
3093,-0.48663116264928286,-0.5964946788075652,-439.28206293309364,-439.28206293309375,0.2033220082059516,0.9969668326391623
3094,-0.5044929246653087,-0.6122338644294463,-187.58467791599958,-187.58467791599958,0.12034066531734705,0.6071580041491131
3095,-0.4787860391647427,-0.5935997758566243,-337.4734250867194,-337.4734250867194,0.16221575440389405,0.8235890927720494
3096,-0.4519956478968532,-0.6226436298794742,-651.0348441184193,-651.0348441184193,0.37245776166637623,1.7668698384846848
3097,-0.47955501480948004,-0.5884371574710159,-607.8612290090426,-607.8612290090426,0.23179841190514736,1.2245249486711935
3098,-0.48988673372916147,-0.6091663924841911,-488.5893705008424,-488.58937050084256,0.2364095078045284,1.0627689890826397
3099,-0.4829973334128913,-0.590358708902052,-617.17155862502,-617.17155862502,0.25332710263818753,1.397493183928434
3100,-0.48435406128403985,-0.5865026139766215,-657.515204170287,-657.515204170287,0.23720918276677377,1.3321961396540873
3101,-0.43996017527838804,-0.6259882731008576,-1208.0190645060427,-1278.136400660716,0.5678440304539372,2.747864422794911
3102,-0.4581699709243663,-0.6216950179254893,-443.64937388193266,-443.64937388193283,0.2574775097036564,1.1665236124246883
3103,-0.4663823440024779,-0.6137790484813381,-569.4411129767351,-569.4411129767351,0.28998687335827505,1.308052340163214
3104,-0.4799650939770278,-0.6159436978693993,-389.12679203127993,-389.12679203127993,0.21062686889423243,0.9786047028277176
3105,-0.49918709784281523,-0.48580924705449297,-111.01311873001879,-111.01311873001879,0.038007353445850954,0.2113690011601414
3106,-0.4915970781822239,-0.6212463606360911,-325.0183418928836,-325.0183418928836,0.189109651930705,0.8979138288705978
3107,-0.5100511216272151,-0.6004189451700714,-157.29473549378815,-157.29473549378815,0.09969117158493732,0.5303799514553671
3108,-0.4849395500011084,-0.5965574033580238,-408.04418047306496,-408.04418047306496,0.19989628110010946,0.9938238754758673
3109,-0.485951452364523,-0.5932236496340757,-517.822423849645,-517.822423849645,0.22478311434489784,1.1397846585393232
3110,-0.49274985855771664,-0.6225631411943578,-352.3376813718312,-352.3376813718312,0.20577292610925743,1.0041333151040364
3111,-0.5020081624022183,-0.6223776150403724,-254.6458532441339,-254.64585324413392,0.1601389745769641,0.7741736603859635
3112,-0.4250415365424672,-0.6729378746251534,-622.9196386115096,-622.9196386115098,0.4700999962208409,1.3100000000000005
3113,-0.4588412900782946,-0.6265835039270792,-280.7181161109818,-280.7181161109818,0.1948355708794459,0.8393796852383989
3114,-0.4860960046419522,-0.6208447838179799,-221.38248847926258,-221.38248847926263,0.1692244684109391,0.7908061227581952
3115,-0.4811451869206046,-0.5952619083972199,-484.4606946983555,-484.46069469835555,0.20163689609184945,0.9211904319969992
3116,-0.43525844262784064,-0.6582821381253262,-872.8854519091374,-872.8854519091374,0.5243593145197076,1.8060000000000005
3117,-0.4750752728717646,-0.6047421511679628,-559.362206421029,-559.362206421029,0.2552979903996346,1.0825141336703985
3118,-0.47748910893045654,-0.5923744599870149,-340.8239700374543,-340.8239700374543,0.1573782840997702,0.7907468479654333
3119,-0.4815033861950258,-0.6101687623163528,-202.56827636100618,-202.56827636100618,0.13609229326677785,0.6418393291088796
3120,-0.5003379026438338,-0.6013473861266395,-164.22330815933708,-164.22330815933708,0.10886147144854658,0.5649520100010166
3121,-0.5043398893001512,-0.6189741859962739,-204.68957380917305,-204.6895738091731,0.1495433784521236,0.719886683306126
3122,-0.48335013049062375,-0.5954776712687605,-594.5722323349328,-594.5722323349328,0.25475734208381057,1.3082600368380286
3123,-0.48885874105608734,-0.6316342050372113,-355.6977347397543,-355.6977347397544,0.2298297133886386,1.0498849282802016
3124,-0.5143707963984557,-0.6156825557556711,-186.83253139302934,-186.83253139302946,0.12878368313344268,0.6247924757282685
3125,-0.49796714775446904,-0.6229044210224361,-232.12494626737396,-232.124946267374,0.1541083284793785,0.7104169426852459
3126,-0.495216686156789,-0.6235797807789334,-222.95358649789037,-222.9535864978904,0.16845621888083803,0.7821951421484675
3127,-0.46586925202858515,-0.5791439484369711,-886.6368135753016,-886.636813575302,0.32323001973115706,1.944152710322801
3128,-0.4811754453236227,-0.6177507297812364,-304.86748657543785,-304.86748657543785,0.17294265988763846,0.7784279941728941
3129,-0.4832561097500097,-0.5949597185375829,-459.3802990596582,-459.3802990596583,0.1887385915328708,0.8897903567470761
3130,-0.48954957518158243,-0.6076676968111016,-242.9087723140952,-242.9087723140952,0.136658969435082,0.6666860518423184
3131,-0.4864057188673991,-0.5973437968928221,-537.6572207910293,-537.6572207910293,0.23058602837639627,1.1497249255679027
3132,-0.47485825708497975,-0.5914667353864199,-617.2061698892037,-617.2061698892037,0.23767513316505404,1.1083857255519278
3133,-0.455176074767839,-0.5774057220250451,-1031.8454711563581,-1031.8454711563581,0.38369789877454413,2.28700967341423
3134,-0.4261710448068722,-0.6501465486146244,-564.8119365868824,-564.8119365868827,0.4312255406296074,1.8170000000000002
3135,-0.4825918367203303,-0.5935064259692564,-412.64598324879205,-412.64598324879205,0.18698376949000656,0.9459555611457047
3136,-0.5142947694155418,-0.6062761991549687,-167.4509353839091,-167.4509353839091,0.10937479328472352,0.5579180607868665
3137,-0.48912434644600283,-0.6056287178953362,-422.36347126735075,-422.36347126735075,0.20740347717710678,0.962749799810403
3138,-0.4875909535859463,-0.5979621408405766,-441.6835096896929,-441.68350968969304,0.20281392722549332,0.9837200048919993
3139,-0.48400224200407665,-0.5960868820092545,-515.6225711176753,-515.6225711176753,0.21884389833425733,1.0607221086985639
3140,-0.4820266832632595,-0.5918711510387707,-446.5084745762717,-446.5084745762717,0.18823096553683014,0.9124618236950804
3141,-0.4974024328321252,-0.6082433759703697,-180.8152831965562,-180.81528319655624,0.11092936822608722,0.5397823603606261
3142,-0.4806070805429681,-0.6018958239995125,-347.8260869565232,-347.8260869565232,0.16585771003905694,0.8130189096663959
3143,-0.5144750508080347,-0.6037543165315367,-161.2635078969248,-161.2635078969248,0.10443739272747132,0.5619280839555216
3144,-0.48014875947290564,-0.6019138903799903,-559.746007311911,-559.746007311911,0.24963215223045968,1.1384097569654938
3145,-0.4851685769408696,-0.6005794305871127,-549.7584541062809,-549.7584541062809,0.219739207313612,1.0463783691510504
3146,-0.4813228878792526,-0.5875822076477156,-461.49942915133937,-461.49942915133937,0.18862764690502826,0.9115619113795675
3147,-0.4998292007667267,-0.6214054931158894,-280.13705741875236,-280.13705741875236,0.17272275156984015,0.842618855736436
3148,-0.4397619772663886,-0.5961540097468158,-1049.55853033324,-1049.55853033324,0.4770168332870852,2.3257384957102594
3149,-0.43118880787916775,-0.5747217957672694,-1343.0656934306598,-1343.0656934306598,0.4515661616569339,2.3263714123786756
3150,-0.4946040960142893,-0.6182042944762417,-334.19338985133356,-334.19338985133356,0.19170226985251956,0.9683228826991083
3151,-0.48648704677532145,-0.6009421660680944,-372.3887375113543,-372.38873751135446,0.193366842393876,0.9733180842307281
3152,-0.5062925867696212,-0.6222135797604339,-211.50787913835543,-211.50787913835543,0.15570277125959242,0.7463941306821708
3153,-0.49184823831026725,-0.6122327132068232,-395.3187637398167,-395.3187637398168,0.20893986734164358,0.9890457177873545
3154,-0.4294940738668802,-0.586559870929533,-1540.6185567010352,-1540.6185567010352,0.5349802013780607,2.7673609934778858
3155,-0.5174933019733015,-0.6091992044060978,-171.75089213767689,-171.75089213767694,0.11751290606126734,0.5865576437194504
3156,-0.42044175251843247,-0.6590785426508816,-439.8481973434546,-439.8481973434546,0.4000563760945548,1.1590000000000003
3157,-0.5049234963916578,-0.5554729413824746,-130.87613293051348,-130.8761329305135,0.06216022514645268,0.34500525625948864
3158,-0.5240337902136912,-0.606103981286311,-161.56338175357925,-161.56338175357925,0.10884108285088907,0.5961593580400656
3159,-0.4776131565289203,-0.6047301363804863,-585.6996935648647,-585.6996935648647,0.2710097657544274,1.222358243708736
3160,-0.4899351956234981,-0.6201564764264004,-380.0652072659532,-380.0652072659532,0.2160058718888341,1.018866721471846
3161,-0.5049618355144172,-0.6220884995401639,-230.03230477887985,-230.0323047788799,0.14984205432127307,0.7074350687327136
3162,-0.48065985379950615,-0.5960155703423292,-327.6701912795547,-327.6701912795547,0.15487108135371808,0.7903452190367544
3163,-0.5114156099370402,-0.6033180309820199,-163.5679742074155,-163.56797420741552,0.09936243561207206,0.5262765759532096
3164,-0.4793486487349685,-0.5861209000655633,-678.8973014948557,-678.8973014948558,0.24904885581281352,1.3625807129302678
3165,-0.47366448569911923,-0.5989108312574839,-721.2361662142445,-721.2361662142445,0.3254085686391096,1.6562476846316534
3166,-0.47908298240850955,-0.5876215233040296,-406.9948995524102,-406.99489955241023,0.1851301860762012,0.9545350843756629
3167,-0.4832771297599035,-0.6163337371211721,-393.7022545183535,-393.7022545183536,0.20375358654693634,0.9381521018995825
3168,-0.43265852963167517,-0.6372976939919143,-312.8290385148243,-312.82903851482433,0.2589497573427487,1.0875432179204338
3169,-0.4887649712448374,-0.6147139718188143,-303.4064266997667,-303.4064266997667,0.16758258879144378,0.7816504405301942
3170,-0.4855192589943484,-0.5960179372208221,-535.7509910438995,-535.7509910438995,0.23282745657595583,1.1405915377348501
3171,-0.48709132028932983,-0.6101897506652496,-272.40817349880933,-272.4081734988094,0.14934429364142948,0.7051891289588826
3172,-0.4362424089917321,-0.6354702349148601,-947.5763016158014,-947.5763016158015,0.5502305297819878,2.639
3173,-0.43057186296453254,-0.6443662908547939,-736.2341162880239,-736.2341162880239,0.4638553838462162,1.9120000000000004
3174,-0.43104799384988063,-0.6487746037714073,-678.0520798106203,-678.0520798106203,0.47980861201689073,2.005
3175,-0.501345422373549,-0.6156342901502792,-198.30161975153342,-198.30161975153345,0.1486083588712815,0.697717830040175
3176,-0.48002604103086843,-0.611985706811246,-385.659967409017,-385.659967409017,0.20004975679133244,0.9337678874933886
3177,-0.4822066161838304,-0.5923699939598839,-404.3871229816203,-404.3871229816203,0.19347190308588835,0.992133348031896
3178,-0.45246496568233086,-0.6430651941065979,-385.58151218286935,-385.5815121828694,0.29894591768272405,1.3258836873433877
3179,-0.4431814346266317,-0.64251774730351,-496.40861931364975,-496.4086193136498,0.36625111901155943,1.6574586162220075
3180,-0.4741635503023639,-0.6144709966210226,-221.2749467157526,-221.27494671575278,0.14677368415217573,0.6699733554661098
3181,-0.44771193892897754,-0.6007198330861723,-874.5428973277095,-874.5428973277097,0.39406304426758604,1.9277745727902786
3182,-0.4788988934750839,-0.5932146793381383,-323.97625515645507,-323.97625515645507,0.16067155380137288,0.8359420056581756
3183,-0.475600286870496,-0.615058601148022,-582.3075318172373,-582.3075318172373,0.30789482842338795,1.3210740619594916
3184,-0.47746188927988453,-0.5932849119363359,-647.7708291305228,-647.7708291305229,0.2626654540345812,1.3297126802727404
3185,-0.4792615255383566,-0.5907873432450871,-368.8414064931036,-368.84140649310365,0.1749545583185601,0.8846070440341371
3186,-0.5189467714515793,-0.6065959077463935,-165.36987574033242,-165.36987574033242,0.11287640787326553,0.5935095443730232
3187,-0.48465454073717185,-0.593898772713176,-445.1464675473868,-445.1464675473868,0.20344361657801785,0.9901561554028282
3188,-0.49974468410595574,-0.6112476356114759,-204.02571398461376,-204.02571398461382,0.12243890975788102,0.6026359018093759
3189,-0.48230859605263277,-0.5995031872824159,-260.314445499631,-260.314445499631,0.13612904883890103,0.660037037887661
3190,-0.4968085214342995,-0.6224318020602694,-327.6757441418624,-327.6757441418624,0.194232737332487,0.9858276372726137
3191,-0.4906792744935128,-0.6072027679565145,-422.4492338358043,-422.4492338358043,0.21216429153644187,0.9918341209911786
3192,-0.4922496793362787,-0.6164318067944589,-303.77051233871987,-303.7705123387199,0.17290683923656472,0.8127436138452531
3193,-0.48053371852971377,-0.6007156293835728,-599.4323557237472,-599.4323557237472,0.2670899610621814,1.2091659574340161
3194,-0.43106010770400455,-0.5886862746956231,-1203.2032032032064,-1203.2032032032064,0.4745733991563214,2.383807960433708
3195,-0.4852835217583527,-0.6089696773703137,-256.47840531561485,-256.47840531561485,0.14110736391289275,0.6789636426969583
3196,-0.48141814278859724,-0.5948490373292227,-356.8853640951701,-356.8853640951701,0.17598935167417393,0.8962675553514791
3197,-0.45601497599706825,-0.5916855230375453,-918.4495343569082,-918.4495343569082,0.3990540025688565,2.1159678941217375
3198,-0.511797506081081,-0.6178333910096535,-195.90679324374352,-195.90679324374352,0.13708576022990837,0.6880695855376835
3199,-0.4710049611765561,-0.6162235120858156,-524.2937853107366,-524.2937853107366,0.2754639858200492,1.200853319715362
3200,-0.48719402353564806,-0.6014278608759015,-407.85859309685907,-407.8585930968591,0.19755660458013188,0.9420244317409265
3201,-0.5040434010869456,-0.6217068683825228,-218.37176710408957,-218.37176710408963,0.1461908454669391,0.6843539894819105
3202,-0.42198310396911015,-0.6505671927402998,-487.8587196468002,-487.8587196468002,0.3865227823114904,1.5470000000000002
3203,-0.4283819919466382,-0.5801915288102684,-1379.681127178351,-1379.6811271783513,0.4706916852803182,2.4255274643096345
3204,-0.48480421853209094,-0.6014579250776787,-352.5279281354387,-352.52792813543874,0.17780915524660382,0.8878978700619382
3205,-0.42894614654108365,-0.6680869777946327,-620.7050423917915,-620.7050423917918,0.472855794645009,1.3910000000000005
3206,-0.4352456564894286,-0.6613948579740982,-708.8408644400795,-708.8408644400797,0.5178364510533287,1.8040000000000007
3207,-0.48592384090824264,-0.6191910987413684,-300.400320256206,-300.400320256206,0.17270664096496274,0.7826786975738437
3208,-0.4869820648745372,-0.596232159197028,-440.9500195745792,-440.95001957457924,0.18803318821414491,0.9167037546271926
3209,-0.49201779136945306,-0.6153866295006909,-295.0799951882598,-295.0799951882598,0.1680959718207177,0.8024535005181
3210,-0.47457065908536883,-0.6297222999718889,-361.0819878381212,-361.0819878381212,0.23327147268180923,1.0198962419178361
3211,-0.47608533269579206,-0.5845627216361129,-386.5129916085331,-386.5129916085331,0.17408847583714698,0.8882075264057425
3212,-0.4838248630985915,-0.5978663984913716,-365.7742782152236,-365.7742782152236,0.18334115981784524,0.9250693582859303
3213,-0.5122280003282929,-0.6241024343250205,-212.35567194381696,-212.35567194381696,0.14939608039479424,0.7069312668378622
3214,-0.4216625134961445,-0.6480280469960948,-551.4780835881757,-551.4780835881757,0.4035721208227717,1.6230000000000002
3215,-0.49355315785683657,-0.6093625900103831,-198.717142497799,-198.71714249779905,0.11646637246275073,0.5645157166172741
3216,-0.4495444373477395,-0.6198463172253916,-247.01873935264064,-247.01873935264064,0.18193861762595984,0.8403560282266138
3217,-0.4837806498757957,-0.5911650867754348,-478.8184998056744,-478.8184998056744,0.2017978120809546,0.987057595002144
3218,-0.46714729036947583,-0.6166141535026112,-542.4651052756101,-542.4651052756101,0.2858276699277825,1.272674754025221
3219,-0.48439532399223395,-0.5982345940666595,-440.1967673928324,-440.1967673928324,0.19658173924203087,0.9464805979978824
3220,-0.5056856283018667,-0.5803647311193958,-145.01510574018138,-145.01510574018147,0.0913018138134637,0.4615062549021874
3221,-0.42657293624345116,-0.6455457631949663,-653.5070908394036,-653.5070908394038,0.4290337492118902,1.7050000000000003
3222,-0.44999357578692994,-0.576668283949567,-1083.2181365772751,-1083.2181365772751,0.3971410285363213,2.3235442962162334
3223,-0.47029105477166144,-0.6207841091684563,-448.77279891916373,-448.77279891916373,0.25325376911179265,1.1452242665958032
3224,-0.4280743394069579,-0.5895065522227434,-1344.6393762183257,-1344.6393762183259,0.48809648217141915,2.489828225431473
3225,-0.48134723317657085,-0.6272760230913041,-330.13363448146106,-330.1336344814611,0.20646173367265458,0.9071813671823526
3226,-0.5124948709113659,-0.5852353669590932,-145.07379841049593,-145.07379841049593,0.08789402437810195,0.4674921683211549
3227,-0.4793077134531504,-0.5868517256040278,-428.9742685935849,-428.9742685935849,0.18267177156370315,0.9178936404416062
3228,-0.484459357427637,-0.4582639523483698,-106.94574612100386,-106.94574612100386,0.032511612569024025,0.18752621304401257
3229,-0.4868114346371406,-0.6070756049533709,-324.8529941197645,-324.8529941197646,0.171165105917508,0.877772715932602
3230,-0.48145464700220486,-0.5966494405688252,-600.2160994057256,-600.2160994057257,0.256334290695458,1.24515578943741
3231,-0.43305829284050024,-0.5927194660716779,-1503.260452627541,-1503.2604526275418,0.5847740744768427,2.9299106001842907
3232,-0.4934784020238127,-0.6200253831930663,-274.8708438203742,-274.8708438203742,0.1625033701746142,0.7564059250306404
3233,-0.49783956593531675,-0.6228818806662708,-289.89521859568913,-289.8952185956892,0.17620770231215432,0.8390898980906185
3234,-0.4898617712468845,-0.6291288643092267,-261.5933412604045,-261.5933412604046,0.1772803281017438,0.7833899457701854
3235,-0.46087165392704016,-0.6381092142243338,-449.60497965046716,-449.60497965046716,0.31554739999472126,1.436416933170253
3236,-0.5185125563254326,-0.5581559628050158,-129.92841115503785,-129.92841115503785,0.06878725728476318,0.3683505768546216
3237,-0.4855800086330551,-0.6118884703555145,-488.7707869021094,-488.7707869021096,0.2452105746384568,1.092955107264441
3238,-0.49592608888846745,-0.6382947459597172,-280.77753779697645,-280.77753779697656,0.2030956559282005,0.9136027633142705
3239,-0.4927275517426094,-0.6168167349777655,-211.0230911848982,-211.02309118489825,0.15271375199073506,0.7289529507516203
3240,-0.5056519570314355,-0.6201805693180807,-215.4078901431401,-215.40789014314026,0.14187109722684246,0.6727607298480561
3241,-0.44186468640986964,-0.6271162037789677,-577.8865534120368,-577.886553412037,0.3412185548824551,1.623176124163605
3242,-0.4610547504678612,-0.586827451261441,-842.1189301480167,-842.1189301480167,0.32174000286544613,1.7101459264841925
3243,-0.45238073895855474,-0.6321922303273797,-418.2054616384919,-418.2054616384919,0.2805730088875031,1.2648719811984983
3244,-0.5015151410555473,-0.6122906039557299,-191.7374223799268,-191.73742237992684,0.12194583199549196,0.6154822155561229
3245,-0.49170465285001314,-0.6123151940149776,-337.25848862467075,-337.2584886246712,0.18739976329322233,0.9509012865268082
3246,-0.47927496661889757,-0.6055531954068846,-616.9173666731807,-616.9173666731807,0.2930087376606987,1.3062458323944504
3247,-0.43378193050052594,-0.6325481886826864,-266.4741401942765,-266.4741401942766,0.26501169520143747,1.0150000000000001
3248,-0.42964599638099454,-0.6089170455011899,-1696.3843486874698,-1696.3843486874698,0.6287028846912388,3.390408131471804
3249,-0.4651985412890939,-0.6399241850807741,-284.9111760737584,-284.91117607375844,0.23629501520795493,1.0230625617333455
3250,-0.4863929083535504,-0.6045638048648534,-266.63906427906085,-266.6390642790609,0.14484849904276834,0.6960619885745536
3251,-0.45906743002280026,-0.634760722041574,-305.81257413997645,-305.8125741399765,0.22757490950956852,0.986749366485859
3252,-0.4328576699044746,-0.6372047790096509,-723.6723672367248,-723.672367236725,0.4674971922312952,2.3186723228106882
3253,-0.5004515413161019,-0.6248313147191277,-290.47019791785897,-290.47019791785897,0.1805664539871462,0.8702718835359624
3254,-0.4924142669751763,-0.6182845862884365,-232.6191517271538,-232.61915172715385,0.14634492316706318,0.6695159973785351
3255,-0.5030819840038186,-0.6366384909234217,-259.2143182162903,-259.2143182162903,0.18872712385241963,0.8425883573321291
3256,-0.43619856358668474,-0.5869466231211126,-1151.9111401502785,-1151.9111401502785,0.4228179905196475,2.1733494718278314
3257,-0.4321498714537212,-0.6219544546237837,-1095.4685437747485,-1095.4685437747487,0.4992666490320772,2.4900000000000007
3258,-0.486249138005432,-0.6042438124234427,-329.43746586564714,-329.4374658656472,0.17368436834721357,0.8937533393936513
3259,-0.4376033895148152,-0.6406417863661268,-595.6025605343737,-595.6025605343737,0.41417707033555223,2.0314406364414697
3260,-0.5175645115226843,-0.5838852727282179,-142.48620577734508,-142.48620577734508,0.08215528434226052,0.46019732519371054
3261,-0.4694762596714916,-0.6019294709928598,-587.1167102448323,-587.1167102448323,0.257531243044713,1.1422839287472837
3262,-0.4364630229264033,-0.6292920338077591,-1178.6780383795303,-1178.6780383795306,0.5634197386861597,2.764
3263,-0.5055007308029759,-0.6366150686675337,-255.26587126233687,-255.26587126233687,0.18680333671799634,0.8317584087391096
3264,-0.48866583399749663,-0.6182476968376801,-294.4139872573718,-294.41398725737184,0.16802321894654182,0.7680337834925451
3265,-0.49127900289162085,-0.608105148973336,-436.3448364999359,-436.3448364999361,0.21754640269695613,1.0242666184659641
3266,-0.5088940881960878,-0.6199617012447195,-211.69678178124735,-211.69678178124738,0.13993545778331554,0.6777811023271582
3267,-0.5035474476214702,-0.6087653984293002,-178.55692432651978,-178.5569243265198,0.11810430741339005,0.5947046883462935
3268,-0.4740921041824609,-0.5871272809294684,-330.7518554372388,-330.7518554372388,0.153073539230917,0.786185698802985
3269,-0.4350753779529867,-0.6226603884293013,-1109.2204194697365,-1109.2204194697365,0.5314416965284942,2.803
3270,-0.44435571232272125,-0.6402009472090273,-536.6887417218571,-536.6887417218572,0.37915646787854157,1.7713817758735024
3271,-0.4318077732705671,-0.617701166945784,-1015.662240381347,-1015.6622403813474,0.5179701073465786,2.590854744002434
3272,-0.42850039494696734,-0.5825602281031775,-1565.0186954715496,-1565.0186954715496,0.5182657035335577,2.749593309039039
3273,-0.4581384494214128,-0.5831555325083022,-933.572710951527,-933.572710951527,0.36019326197413526,2.06470026120363
3274,-0.488496532356425,-0.6100228882532167,-310.94855498261154,-310.9485549826117,0.16879064239580008,0.8819162262887691
3275,-0.5069349706323826,-0.6333198115832108,-247.3088976699826,-247.30889766998266,0.17482930429811722,0.795036655045155
3276,-0.47323524962059105,-0.637957406471063,-279.68782957182043,-279.6878295718205,0.2190672988247241,0.934893815525344
3277,-0.4513297519760788,-0.6229877938711686,-247.76839565741852,-247.76839565741852,0.19716367965353754,0.9084953853083607
3278,-0.4646641249379041,-0.5702877982287577,-1011.8221536879984,-1011.8221536879985,0.31184702343471216,1.9541483077316435
3279,-0.430346963617854,-0.6601525451005996,-704.7340165934612,-704.7340165934612,0.45181076209429377,1.4440000000000004
3280,-0.42992808550226563,-0.6062123058466844,-1036.1898258791387,-1036.1898258791387,0.46941352718672136,2.445235062466676
3281,-0.4832971943662421,-0.621614858669132,-422.026754627085,-422.026754627085,0.2407907267272816,1.0963083017427675
3282,-0.47939184073180496,-0.5919401211234253,-362.7206758366732,-362.7206758366732,0.17209049075827662,0.861497952382512
3283,-0.4843779853192247,-0.6028571811864918,-442.20325833979905,-442.20325833979916,0.2042042987189365,0.94697764310217
3284,-0.4317320820716249,-0.589945651687534,-1241.4689632759187,-1241.4689632759187,0.5116025209781743,2.5593542761316326
3285,-0.47116844500479554,-0.576426900032874,-399.978909627755,-399.978909627755,0.1651678568009429,0.8757123553820959
3286,-0.4851266081837537,-0.6030740841570058,-265.5614638723804,-265.5614638723804,0.14229552135335047,0.6853460175678014
3287,-0.4782078027148331,-0.5893194135647538,-372.61249595338256,-372.61249595338256,0.17210553173022491,0.8628439016184879
3288,-0.42775934643077557,-0.5845044086192018,-1425.130469690889,-1425.1304696908892,0.4836639832763064,2.4541794490457476
3289,-0.4635852053631326,-0.6187903926577735,-543.2492036265653,-543.2492036265655,0.29341373639263735,1.3221238975541056
3290,-0.46722848064986033,-0.6166301785179963,-228.90052356021056,-228.90052356021056,0.15838775447127393,0.7199427639566874
3291,-0.4819074027884146,-0.604471110227584,-288.2882882882889,-288.28828828828904,0.14815988181672765,0.7096765787015737
3292,-0.48894412620619954,-0.6071402050165922,-237.80418788907778,-237.80418788907787,0.13245617895383155,0.6511655637346371
3293,-0.42087940251679173,-0.6593876694715959,-407.04368438875747,-407.0436843887575,0.4131221213360211,1.2020000000000002
3294,-0.4880469449720375,-0.5977619955591893,-479.60789059663625,-479.6078905966363,0.22117896198152528,1.0352355884428186
3295,-0.47693640596505044,-0.6270826967234002,-245.67680381633943,-245.67680381633951,0.18195329048065997,0.8054954268658326
3296,-0.4784601450958608,-0.6166351559807608,-541.792547834843,-541.7925478348432,0.2887381986008312,1.2467579570004923
3297,-0.47952205243298374,-0.5863522094714476,-463.10040610558974,-463.10040610558974,0.18161067700297417,0.8742210090477127
3298,-0.4776231876427667,-0.59625225684354,-681.954736631287,-681.9547366312871,0.2897891895349668,1.5031911341430144
3299,-0.48594227966643927,-0.6152352993082865,-470.0563043849178,-470.0563043849179,0.2476504862839552,1.0948232439548489
3300,-0.4872782825076559,-0.5920080300545386,-546.1624026696335,-546.1624026696335,0.20493502222968105,1.081276422146729
3301,-0.475043989111414,-0.5871563482554613,-355.4168111920456,-355.4168111920456,0.1595960268956721,0.7968512981707218
3302,-0.49893076084404026,-0.6180884436414056,-247.6200663172533,-247.6200663172533,0.1516212486123027,0.7321182131010158
3303,-0.508020114509517,-0.616787623082743,-198.25359734350013,-198.25359734350013,0.13386704392820722,0.6662259669152548
3304,-0.4604865021160145,-0.6165534257012646,-589.6787250189756,-589.6787250189756,0.3110705548644883,1.4416616907071933
3305,-0.48079896745748163,-0.5833463282184592,-503.09930423782555,-503.0993042378256,0.19741779737370677,1.0456119074973431
3306,-0.4801816218351218,-0.5921238050414892,-365.28942317405864,-365.28942317405864,0.17662520487422304,0.9000623703969065
3307,-0.4342608722559546,-0.6377913462707955,-1288.6038480513105,-1288.6038480513105,0.6056958826714169,2.612000000000001
3308,-0.48074057576719215,-0.605733696150439,-564.928096157975,-564.928096157975,0.24230749682469693,1.0915451362214115
3309,-0.4866473870972614,-0.6049884543748709,-267.43581748259015,-267.43581748259015,0.1454854587294608,0.6985931420977156
3310,-0.5150232683661046,-0.6199185001593617,-200.6835415999153,-200.6835415999153,0.1382278260287712,0.6812391162749588
3311,-0.472268921179396,-0.5954053079862711,-752.9088216627887,-752.9088216627887,0.3302523601064601,1.7508718619158061
3312,-0.43497244530753115,-0.6530060205019722,-735.9941413401687,-735.9941413401687,0.500089052173592,2.0100000000000002
3313,-0.5004930558066647,-0.6205853765840135,-259.47732672244615,-259.47732672244626,0.1605878160717646,0.7910990703270095
3314,-0.4787754769994858,-0.5895059391934097,-381.82813355227194,-381.828133552272,0.17462773845007887,0.8674390471491632
3315,-0.47403351530015964,-0.5765687393337953,-447.6501746872538,-447.650174687254,0.17550128693219005,0.937747672439142
3316,-0.484885955899423,-0.6028615760884377,-541.8800594746413,-541.8800594746415,0.25038514811990153,1.1495227150817395
3317,-0.5013363438140712,-0.6235349185592871,-273.7878625709092,-273.7878625709092,0.17155481956622817,0.82080205825325
3318,-0.41616350403327806,-0.6524418063755107,-364.912280701754,-364.9122807017542,0.3776077800428444,1.1440000000000003
3319,-0.44928912423310363,-0.6304996108413857,-435.7392004293008,-435.7392004293008,0.28480361819567973,1.3094354118155005
3320,-0.4888008353440335,-0.6034636203086918,-478.6172974450065,-478.6172974450065,0.22741020634809547,1.0475707592205221
3321,-0.42340180275668915,-0.6505237970966952,-406.6096193567447,-406.6096193567448,0.3523440300273356,1.3780000000000003
3322,-0.4769558760255857,-0.5935978829710563,-319.8107628622119,-319.8107628622119,0.1514975547265404,0.7840506236525011
3323,-0.4890312584034103,-0.6048327730405489,-457.12356515867657,-457.12356515867657,0.22080947012396682,1.0363354834028158
3324,-0.48189949415272604,-0.5949944878617398,-373.3406472846966,-373.3406472846966,0.17909981224330615,0.8929934269712805
3325,-0.47198349764027236,-0.6129190818677083,-216.54404454165868,-216.54404454165868,0.14651095114812981,0.6823595519413763
3326,-0.48158663955818104,-0.6120988908434862,-474.15562604963753,-474.1556260496376,0.23887032996927704,1.049973419348574
3327,-0.48167751496566386,-0.6015521834291775,-520.6865401987353,-520.6865401987353,0.2316022259330408,1.006871872539433
3328,-0.4253093664274945,-0.6574425466942687,-524.7013238618027,-524.7013238618027,0.4258614830769722,1.6250000000000002
3329,-0.4364615866116276,-0.6627630850955497,-779.4299876084268,-779.4299876084269,0.5451064471007472,1.8870000000000005
3330,-0.4747076904310925,-0.603493582881448,-583.9686342844709,-583.9686342844709,0.2612873983046848,1.1765731297591653
3331,-0.48871339692371923,-0.6077670837604101,-262.75264677574603,-262.75264677574603,0.14573919837708915,0.7061055389649206
3332,-0.46875108697221124,-0.6452153764254334,-329.0494128074446,-329.0494128074449,0.26664068757542486,1.1606440606768105
3333,-0.4809635526966336,-0.5901251088307112,-493.8329430132722,-493.83294301327226,0.19580765234429867,0.9496911651553164
3334,-0.46564702992165224,-0.5846083451479891,-779.6737766624849,-779.673776662485,0.28452354459863805,1.5596343314335006
3335,-0.4349669380307746,-0.6543246159254386,-719.9566943341783,-719.9566943341783,0.5070878763978637,1.9950000000000006
3336,-0.4919854924549724,-0.6162031379040448,-282.6920697760735,-282.6920697760735,0.16188249813128508,0.7536872491690109
3337,-0.445053591234271,-0.6392200802944981,-285.9307906036879,-285.9307906036879,0.25687249274954105,1.1021670223436097
3338,-0.48531202869140216,-0.6059763750714536,-372.8475878753379,-372.84758787533804,0.18486611838704012,0.8875810090987889
3339,-0.42884178989930516,-0.6098727476530124,-975.0263805838943,-975.0263805838943,0.4469715475234622,2.360958816455429
3340,-0.48600991024615514,-0.624421693434144,-431.6092989727887,-431.6092989727888,0.24802143674193952,1.1220130871123424
3341,-0.4841407632297553,-0.5953240859201774,-458.0645161290322,-458.0645161290322,0.19923108507512985,0.9455054995234494
3342,-0.4802088848482575,-0.6010354127484573,-323.43685866739656,-323.43685866739656,0.15697034337147325,0.7977226941834431
3343,-0.5057264343819248,-0.6259576937190592,-222.83890661856532,-222.83890661856543,0.15854815859894505,0.7260667919291939
3344,-0.49407118059827315,-0.6195327433971395,-231.94906670525256,-231.94906670525256,0.14806369328973593,0.6807303515606423
3345,-0.49059891260266136,-0.6105883754813681,-335.6635471868316,-335.6635471868316,0.1846021043268001,0.9401716143231824
3346,-0.49895154095253874,-0.6283379586164285,-256.3880467734951,-256.38804677349515,0.16955770574332418,0.7762331557648624
3347,-0.5083562663966911,-0.5508561934291072,-128.18784406246493,-128.18784406246493,0.059916925527876176,0.34005808796072595
3348,-0.42185165233800553,-0.6609781667200336,-449.06591469862497,-449.06591469862525,0.4191195349607373,1.2740000000000005
3349,-0.4330885005042225,-0.642825952352858,-400.7384265833574,-400.7384265833574,0.31521870183458006,1.404960435264953
3350,-0.4870127403548141,-0.6174955484757118,-342.68158184969286,-342.68158184969286,0.19015850843461068,0.931771072682679
3351,-0.4909901583697757,-0.6178686476525518,-263.10666110415843,-263.1066611041585,0.15514038769885527,0.722283306305001
3352,-0.4792652924746971,-0.5835796469327098,-489.59660297239907,-489.59660297239907,0.18495308218121526,0.9925918427454753
3353,-0.5039225238096686,-0.6259471041170147,-250.66145174278142,-250.66145174278148,0.16234418263338157,0.7786386512049417
3354,-0.49925073163216394,-0.5967583710943664,-157.02251070294156,-157.02251070294162,0.09216696204344146,0.49798229044761544
3355,-0.48451294098306025,-0.6034127922405907,-434.28571428571416,-434.28571428571416,0.2009580073203447,0.9089082049368548
3356,-0.5135544764225188,-0.6166861311675538,-192.20477021524215,-192.20477021524218,0.1326723040733285,0.6705280338893763
3357,-0.4948463661863706,-0.6196089285230842,-292.2245424395041,-292.2245424395041,0.17189894037437875,0.8225220616677926
3358,-0.49557090959569955,-0.633158415811755,-326.2323122375992,-326.2323122375993,0.2128386991033839,0.9563463552674848
3359,-0.48683313150616964,-0.5975951492040961,-539.1476709613485,-539.1476709613485,0.2416297228000869,1.1743729657051654
3360,-0.47797042784302235,-0.5984124566479403,-675.6879690698249,-675.687969069825,0.26537065025763745,1.251855078593272
3361,-0.4350803452934571,-0.6518669486638038,-362.56998133831013,-362.5699813383102,0.3403078779152363,1.3600000000000003
3362,-0.4840748917655384,-0.5950863167868212,-604.414800698748,-604.414800698748,0.26130458395791345,1.4020261967464085
3363,-0.5108438756193405,-0.6181387226580713,-200.36203190406184,-200.36203190406187,0.13512048454727674,0.6642852284304487
3364,-0.5085256304490731,-0.615153395857702,-193.28134373125368,-193.28134373125374,0.1288890302027338,0.6546185087292129
3365,-0.4190009130332895,-0.6685956877697443,-552.9061102831595,-552.9061102831595,0.45660911763395895,1.1130000000000004
3366,-0.473752994974904,-0.5778778277369467,-759.1351351351354,-759.1351351351354,0.256999521060071,1.5296706545166046
3367,-0.4730802921624217,-0.6188839578324292,-528.705522811613,-528.705522811613,0.2873254585051742,1.2532391533405531
3368,-0.4840158067280302,-0.6005580055056893,-534.438557511537,-534.438557511537,0.23385158175599055,1.0852690442139652
3369,-0.4844839403642882,-0.6054023386690193,-459.8114824335907,-459.8114824335907,0.20922037306378574,0.9607697043657939
3370,-0.48836527851458184,-0.6134759285772945,-323.73899678636343,-323.73899678636343,0.1754427290961537,0.8879890851577434
3371,-0.5065148471375501,-0.6166584237370866,-196.98124714133303,-196.98124714133309,0.15223914183768433,0.7196093667409047
3372,-0.5127429698622437,-0.6009307264180654,-157.02479338843,-157.02479338843,0.09775705890630754,0.5473016929542717
3373,-0.46171518082065466,-0.5884138916451985,-887.9618593563762,-887.9618593563762,0.37012835017880813,2.048171884813851
3374,-0.4342830339431833,-0.6598862473502589,-663.6670416197984,-663.6670416197986,0.5023371087745787,1.7700000000000005
3375,-0.4920615799564409,-0.6172053505173994,-206.62943613763326,-206.62943613763326,0.1694650197823417,0.7793510647493903
3376,-0.4831843022880048,-0.6123294744132514,-353.94456289978683,-353.94456289978683,0.1862940671868219,0.9000056504249765
3377,-0.48787051596282655,-0.6190355610821164,-269.98608319158916,-269.98608319158916,0.15980183906050643,0.7342593697877708
3378,-0.4874122270962549,-0.6014477755900722,-401.7867113344502,-401.7867113344503,0.1998452853974364,0.9689628378529187
3379,-0.4790030176952659,-0.6110457482373959,-408.079296801944,-408.079296801944,0.2077781910915929,0.9548413933069526
3380,-0.47386079559653693,-0.5861321762064031,-348.3327564324451,-348.3327564324451,0.15547561050911607,0.7854895107784389
3381,-0.43199002778449314,-0.6149879153642006,-1020.0988467874802,-1020.0988467874804,0.5163138829210733,2.619958745502464
3382,-0.4786470156473424,-0.5948910056514527,-310.60850834679644,-310.60850834679644,0.15284541670103358,0.8069061031012059
3383,-0.4782577809459116,-0.5916447674609919,-362.2491889943523,-362.2491889943524,0.16571075934401971,0.8167496634624366
3384,-0.4808424749600751,-0.614578700577528,-225.52967956575054,-225.52967956575054,0.14108126281707548,0.631823414627333
3385,-0.42907496429959247,-0.6408458802608958,-592.8636779505952,-592.8636779505952,0.4038355565619226,1.944
3386,-0.4847446183232645,-0.6030171151057442,-280.61596087816105,-280.61596087816105,0.1489668867621061,0.7360954543065157
3387,-0.5006960309380352,-0.6231868754351906,-262.43935462033227,-262.43935462033227,0.1639661229663216,0.7974575645093913
3388,-0.4987265267534435,-0.6012240201308741,-165.0836725463592,-165.08367254635922,0.10968525705298983,0.5682700265719484
3389,-0.5025873939910719,-0.6296171743232996,-232.0840520620983,-232.0840520620983,0.17569513151218585,0.7897886663703262
3390,-0.43459587090583923,-0.6134653292699104,-1480.0526085050433,-1480.0526085050433,0.5881629068203053,3.3291526928004016
3391,-0.5168431206270159,-0.5891849350800004,-145.27427524517736,-145.27427524517736,0.08444631593518832,0.4843874955995073
3392,-0.47900232321512565,-0.584246062611778,-676.8526989935956,-676.8526989935957,0.2520391473852363,1.4415116123449077
3393,-0.4923944269002107,-0.6288215760607537,-231.44972016609492,-231.449720166095,0.18923928698165213,0.8682133770618796
3394,-0.46979255581987817,-0.6139577256192972,-215.508352237575,-215.508352237575,0.15575734991714044,0.7262424728217972
3395,-0.4965932851676273,-0.6205617251892371,-277.7449474057446,-277.7449474057446,0.166947618189897,0.7849316477849949
3396,-0.4853404141809783,-0.5995860081739195,-498.24507858996037,-498.24507858996037,0.22178642397096077,1.0004497360111235
3397,-0.4845524742134825,-0.5938499220516834,-588.1523272214392,-588.1523272214392,0.24618938499379114,1.291370097555051
3398,-0.5032503811639628,-0.6220504847639667,-245.36600691171856,-245.36600691171859,0.1557194743433818,0.7569943894329861
3399,-0.4279093635559931,-0.6307708982876311,-282.7122443261425,-282.7122443261425,0.2350396014168652,1.009
3400,-0.4338951037814265,-0.6083203641934417,-1281.0896170548751,-1281.0896170548751,0.5563568142055436,2.995381984549989
3401,-0.4336154322958112,-0.5972018477531101,-1628.5472257518006,-1628.5472257518009,0.6172066203201495,3.212149880342478
3402,-0.4867073166657447,-0.6049558919706317,-454.8305211288658,-454.83052112886594,0.21632029725158713,1.007624398837813
3403,-0.5072918934581164,-0.6167879541290814,-200.93951849677043,-200.93951849677043,0.13266980167543937,0.6490520645166455
3404,-0.486629080180047,-0.6058883767254051,-239.01001767825576,-239.0100176782558,0.13160502793603013,0.6461482225390675
3405,-0.4415186798831395,-0.6099270148946517,-890.8223407241098,-890.8223407241098,0.4531852934987056,2.1498359533132643
3406,-0.43082236561099585,-0.6464531666405441,-404.0920716112531,-404.09207161125323,0.3320651375780781,1.4220000000000002
3407,-0.4308462752500993,-0.6375336858803039,-771.2396694214882,-771.2396694214883,0.48175128188597516,2.3329999999999997
3408,-0.4324680421987479,-0.6041570354892969,-1070.4494740197665,-1070.4494740197667,0.49809163172009946,2.5241100339936393
3409,-0.42659036846990284,-0.6458182675939236,-315.54332874828094,-315.54332874828094,0.3212495536732929,1.1470000000000002
3410,-0.47029029021601476,-0.6241222523008161,-484.8075624578006,-484.8075624578006,0.2811350266578208,1.2637184626789784
3411,-0.4661013890599607,-0.5949658739552662,-707.40103270224,-707.40103270224,0.29016257912867666,1.331629517592877
3412,-0.4887868052710272,-0.6116437855426812,-289.4384212449749,-289.43842124497496,0.15930523812108688,0.7682415242265861
3413,-0.5087165503001434,-0.569865149913028,-135.9838953195773,-135.98389531957733,0.06602877275021912,0.4103820681107213
3414,-0.4349014703693985,-0.5925350845647264,-1159.9515298394454,-1159.9515298394454,0.5002698328225597,2.40463991170728
3415,-0.4881086232051421,-0.6172296355169093,-372.4784988272095,-372.4784988272095,0.20589029906308248,0.9773922017190935
3416,-0.4103268525647826,-0.6478555192754032,-382.4715804913835,-382.4715804913835,0.34329047722780487,1.0430000000000001
3417,-0.43362235982553765,-0.6135481270194423,-764.8995719460029,-764.8995719460029,0.36560843576735536,1.8019927262251603
3418,-0.4689871029281197,-0.6412115613531713,-390.5101358877263,-390.5101358877264,0.2877082101007358,1.239001595377669
3419,-0.49111829620448927,-0.6244447954489836,-302.633605421223,-302.633605421223,0.18296546023737773,0.8275458823265939
3420,-0.48334467932794944,-0.5959015823082277,-378.25344186514013,-378.25344186514013,0.1877124468773073,0.9406602998007962
3421,-0.43578909201531196,-0.6423466082374251,-1148.8359684188267,-1235.4076218041496,0.5729935717803009,2.5610000000000004
3422,-0.4855234276226403,-0.5950560717872891,-450.6760728982951,-450.67607289829516,0.20541048294959566,0.9912806603717043
3423,-0.49346308307317754,-0.6094476097759847,-233.17233583393315,-233.17233583393318,0.1349213706355782,0.6737706647833793
3424,-0.4943127202267661,-0.6184875564671193,-276.2854017260243,-276.28540172602436,0.16275484063737883,0.7644879090911569
3425,-0.4198013447643509,-0.6583032547729833,-423.5254915028328,-423.5254915028328,0.4022178661081233,1.2710000000000004
3426,-0.4895779879064068,-0.6124718220363793,-273.05869485964297,-273.05869485964297,0.15323187582022038,0.722788956329792
3427,-0.49550592051735726,-0.622372532782871,-303.2300593276208,-303.2300593276208,0.18038471752965857,0.8442147578822358
3428,-0.5198383287679409,-0.5712536167778586,-136.9054507580144,-136.90545075801444,0.0814488228681901,0.41716597839004954
3429,-0.4811612678736345,-0.585948793523494,-647.0684841517522,-647.0684841517522,0.2507378527699586,1.4392038775409595
3430,-0.504194364639101,-0.6129905913172337,-191.94971594343068,-191.94971594343068,0.12273158919414232,0.6211125504345605
3431,-0.41072751900680377,-0.6472283086376509,-355.3448839490026,-355.3448839490026,0.33851374707200027,1.0870000000000004
3432,-0.43144986836373395,-0.6334780569180994,-853.768669676972,-853.768669676972,0.4987715417242761,2.458
3433,-0.47837926116225715,-0.6116814697170683,-207.39762219286683,-207.39762219286686,0.1432912879282931,0.6705258141570377
3434,-0.5048828763038976,-0.6214279317944259,-211.21631463947568,-211.2163146394757,0.1537064843697799,0.7372820790391652
3435,-0.4875528863653599,-0.603118056475445,-428.3627672287888,-428.3627672287888,0.2039626527702666,0.9570650308838411
3436,-0.44705870623111177,-0.5915967830935824,-1002.1721422753197,-1002.1721422753197,0.4350886773868907,2.2752540631242946
3437,-0.5046262647477328,-0.6046836404439442,-170.7969151670959,-170.7969151670959,0.0985298003659218,0.5086619701564166
3438,-0.4790807588047662,-0.5933146068244328,-359.3920972644382,-359.3920972644382,0.1665550810162253,0.8208158751444738
3439,-0.4808957977413007,-0.5842814951200208,-576.8084104817203,-576.8084104817204,0.21644607710459388,1.1846532834208752
3440,-0.4543388105602475,-0.6172460188769159,-686.2846772102685,-686.2846772102686,0.37078607656036594,1.7430582816863371
3441,-0.4382597359383858,-0.5835865206570037,-1204.3464158287409,-1204.3464158287409,0.41688067336934187,2.1535240915653793
3442,-0.48267323623041575,-0.603779604680721,-334.34776594273177,-334.34776594273177,0.1650273398193605,0.8271879997799562
3443,-0.5004066235825344,-0.5211910085514248,-118.95993750697474,-118.95993750697474,0.04467690287386944,0.2592252235293149
3444,-0.4342743463746842,-0.6098608262725479,-983.1443456941468,-983.1443456941469,0.48051320145603865,2.395999080980641
3445,-0.4520812208257551,-0.6342018323471373,-407.9730779187175,-407.97307791871754,0.28151266321380436,1.2329695599533745
3446,-0.4912045715244419,-0.6271813469343439,-356.5816899150248,-356.5816899150248,0.21848599346786074,1.0515173953670272
3447,-0.4342065213617185,-0.6302452255204813,-784.923721208495,-784.9237212084952,0.4722774976857715,2.366590975432731
3448,-0.43579275559048336,-0.6478811531677773,-1074.4428639165499,-1074.4428639165503,0.5814342936496286,2.2660000000000005
3449,-0.4796132880056891,-0.6054531212224087,-443.4256372638921,-443.42563726389216,0.20880771451981714,0.9310263527769943
3450,-0.42001998614149183,-0.6473494560454256,-547.4153960580162,-547.4153960580162,0.38871771457475596,1.4720000000000004
3451,-0.4352676827036561,-0.6325503572158356,-677.8719672610353,-677.8719672610355,0.4205831922994848,2.0469618262736153
3452,-0.47996477483868616,-0.5958078277425405,-506.5400465866352,-506.54004658663536,0.20977117588501273,0.9323342954942406
3453,-0.4765550825403759,-0.5872232335992711,-370.89150269319583,-370.8915026931959,0.16750222356876338,0.8401684453649325
3454,-0.4786536170347088,-0.6045511145192328,-400.96273845605407,-400.9627384560541,0.19065861567701614,0.8812086492424365
3455,-0.4841992129246697,-0.6038318248618271,-382.46352835012823,-382.46352835012823,0.17921675760934666,0.8472861824569728
3456,-0.4788387936353057,-0.6255723905405853,-260.91099676005354,-260.9109967600536,0.17493901718531113,0.7536688458623483
3457,-0.5088898583374415,-0.6296005305421675,-241.14710321606896,-241.147103216069,0.16441344281697617,0.7768093548949354
3458,-0.462902346454238,-0.6451275515705678,-325.570670970719,-325.570670970719,0.2699939262275384,1.146952189578839
3459,-0.4390846522432071,-0.611216880868033,-728.0176489127017,-728.0176489127017,0.34563154633743814,1.6429928233521527
3460,-0.44488015434493083,-0.58473880020276,-1068.007934258995,-1068.0079342589952,0.4268969376047956,2.325838562287732
3461,-0.48945227028115695,-0.6083065817545411,-439.1128469800538,-439.1128469800538,0.2184072153174972,0.9934749269584273
3462,-0.48424532848632196,-0.6061347333101783,-523.5304257886576,-523.5304257886576,0.24853355103779257,1.0837901226483337
3463,-0.5109519959770826,-0.6155448783685386,-196.8154791897611,-196.81547918976113,0.1284842308379531,0.638755199371131
3464,-0.5112851615388594,-0.6154401237347171,-191.83438757906868,-191.83438757906868,0.12890948384280027,0.660396875655238
3465,-0.48352298949600414,-0.5983992170371685,-353.8756797099906,-353.87567970999066,0.17812947204710858,0.8933744645130496
3466,-0.46611779510648194,-0.601738339409384,-714.5553196508625,-714.5553196508625,0.32543627205132314,1.4452838872561495
3467,-0.48159516373889066,-0.6294810528922374,-251.19297575873236,-251.19297575873247,0.1831512282586986,0.7975628574934175
3468,-0.48711885500000357,-0.6005619117380014,-406.28110140440157,-406.2811014044016,0.20096591447164186,0.9733689571195131
3469,-0.48209711067723116,-0.6045638410338268,-475.9320847190624,-475.9320847190624,0.22054230849962775,0.9928634185537915
3470,-0.48560301603577666,-0.5956111462300006,-492.8782964320968,-492.8782964320968,0.21062055367750276,0.9998021206341834
3471,-0.48204318870430435,-0.5994382101295637,-324.1151701377043,-324.11517013770435,0.1628334404387765,0.8400538078657994
3472,-0.4895214160151904,-0.6097968472317685,-293.7791770708941,-293.7791770708941,0.16301252266335645,0.8067265697335526
3473,-0.4815378391572315,-0.5847769180559422,-596.6969446738234,-596.6969446738234,0.21838785140008735,1.235959324540871
3474,-0.4369065195530635,-0.6472528809332154,-849.3307839388167,-849.3307839388167,0.5369506006114005,2.2210000000000005
3475,-0.4332102383873604,-0.5991105395869282,-1439.498178874956,-1439.498178874956,0.5682075663800642,3.0495751487212663
3476,-0.4331511276394835,-0.6140903243483358,-935.8372456964023,-935.8372456964023,0.47516532854706467,2.4106092440924907
3477,-0.49900567815036545,-0.6197447048094799,-230.4199772985244,-230.41997729852443,0.14641296499430156,0.6922934266001067
3478,-0.4693773409755363,-0.6313089469714117,-493.4107661380398,-493.4107661380398,0.31308684163012307,1.428422862582889
3479,-0.518825345724078,-0.6121580684397656,-176.15639354769792,-176.15639354769792,0.11985435800152734,0.615840538701066
3480,-0.4852129663329923,-0.5950400887996087,-528.444638440274,-528.4446384402742,0.22755479997381722,1.1253920500601113
3481,-0.48979502823829807,-0.6159350623039481,-262.2161046111501,-262.2161046111501,0.15216137083893766,0.7096528503861257
3482,-0.4862434256180013,-0.6305656394778693,-322.27572677010846,-322.27572677010846,0.20783407972829868,0.9223902725279047
3483,-0.4785513411314566,-0.617727215573696,-264.4672796106009,-264.4672796106009,0.15883600874373205,0.7384744548323805
3484,-0.439915347072068,-0.6420731605879065,-1055.4599733223683,-1112.266112266118,0.5572295576180011,2.6750000000000003
3485,-0.4176415140293409,-0.6549682404309666,-406.8609369236442,-406.8609369236442,0.38018101921652003,1.1030000000000002
3486,-0.4573083709000502,-0.5979164133731553,-807.3418380630042,-807.3418380630042,0.35576183141474466,1.655076030312383
3487,-0.43456581605212496,-0.6458184758461897,-782.3223570190653,-782.3223570190653,0.5118130068776944,2.2570000000000006
3488,-0.4788954484747711,-0.5965560980673764,-289.7733554449978,-289.7733554449978,0.14424774680440128,0.7768820480193088
3489,-0.48260531413074875,-0.6109972186962336,-373.09687134013734,-373.09687134013734,0.19268052540766517,0.9114444628850134
3490,-0.47607866363267926,-0.6130994920439183,-505.9962129181586,-505.9962129181586,0.25597863822412087,1.1209461138924026
3491,-0.4828248774568669,-0.5957948655723763,-387.04453441295584,-387.04453441295584,0.18272894365335077,0.89233425165095
3492,-0.48635591272843887,-0.6120385834738663,-200.4799704633562,-200.47997046335624,0.15598926024828458,0.7249874754709399
3493,-0.5026585504974751,-0.6336777588581486,-273.2418282156501,-273.24182821565023,0.18560314518662113,0.8500153251114592
3494,-0.4929970054164383,-0.6257522819564987,-308.9455423140756,-308.94554231407574,0.18882584050570475,0.8632001331042808
3495,-0.48418634334749383,-0.6023873889393184,-264.91697911087306,-264.91697911087306,0.14050399913080266,0.6765114086352658
3496,-0.48246462021260544,-0.5918539218150459,-621.3848950586687,-621.3848950586687,0.25668924890216804,1.401874131641446
3497,-0.47970220989350565,-0.5827083622705,-713.9062796433329,-713.9062796433329,0.2541317846087883,1.4250093180836243
3498,-0.481825724145429,-0.5955424133278361,-609.1567968888112,-609.1567968888113,0.2585658975397223,1.3094472794361955
3499,-0.4465905159713324,-0.5865676087700226,-937.2907153729112,-937.2907153729112,0.3518313410768186,1.8032257330813044
3500,-0.4884615678258944,-0.6056640225551406,-251.66240409207165,-251.66240409207168,0.13966928011684637,0.6941599364879515
3501,-0.4557037932487715,-0.6007930905559137,-801.3900026730844,-801.3900026730844,0.357906800787988,1.6841033668554626
3502,-0.49579758393010165,-0.6145253824120421,-206.1015042879237,-206.10150428792372,0.13193711756259463,0.6281505738062628
3503,-0.47681663617009323,-0.6231564172939585,-415.8983814792053,-415.8983814792053,0.2436514655267019,1.1086312011820403
3504,-0.47900329188522545,-0.618845016754507,-341.06641721234894,-341.066417212349,0.19412343245448205,0.9034103850021943
3505,-0.48751081052721656,-0.5983992878824487,-465.4205607476641,-465.4205607476642,0.2141780405424397,1.0112465915847881
3506,-0.43823247905109836,-0.6293641435027889,-1130.0039635354779,-1130.0039635354779,0.5820956838353911,2.8510000000000004
3507,-0.4939994951430115,-0.6198572188079062,-321.80251822398947,-321.8025182239895,0.18565001426041344,0.9230765296402093
3508,-0.4892224726085127,-0.6045881951508673,-406.5404070109402,-406.5404070109402,0.20360558596478504,0.9742014934491195
3509,-0.43244858020420057,-0.6400116920572183,-817.7514792899406,-817.7514792899406,0.4780255488522375,2.0730000000000004
3510,-0.4405863541014538,-0.6384917902290903,-500.1416029453415,-500.1416029453415,0.3392135122794718,1.5599496219399913
3511,-0.48164656058211547,-0.616817177444445,-414.04669976098637,-414.04669976098637,0.2245792940718908,1.027039502538259
3512,-0.4747102030065718,-0.6205557457418447,-356.11145007118273,-356.11145007118273,0.2074319199770248,0.9672698657644236
3513,-0.47499348916747697,-0.576392810191557,-783.3435145591541,-783.3435145591541,0.26699642336477736,1.6483128188487353
3514,-0.48733676880767385,-0.6154721027755792,-263.60820179967567,-263.60820179967567,0.15208699800909503,0.7066828219184534
3515,-0.5155584570671321,-0.6197648920088473,-198.55955678670364,-198.5595567867037,0.13866395584333022,0.6910333310312781
3516,-0.4842841702466154,-0.5999870229881585,-409.1727864763767,-409.17278647637676,0.18867413874141692,0.8760216177516033
3517,-0.43352207960539374,-0.6185583320146721,-1040.4817664770894,-1040.4817664770894,0.5416727213790935,2.6767012326684108
3518,-0.5080417659894517,-0.6066476821058855,-171.44074113512943,-171.44074113512946,0.1035961801599999,0.5362434613509308
3519,-0.4807619772026239,-0.5943515470599999,-361.1450127593488,-361.1450127593488,0.17361216421602652,0.8592568759856133
3520,-0.4363085146433622,-0.6399326851036282,-1080.999569151228,-1080.9995691512281,0.5853880931330572,2.5090000000000003
3521,-0.4777489607601084,-0.583481283967206,-678.2322155456492,-678.2322155456493,0.24591551504909628,1.3994121671794488
3522,-0.4955015751679123,-0.6199876432455561,-254.9698602026428,-254.96986020264282,0.15455422635140387,0.7332172155461737
3523,-0.42749738824741873,-0.5796166899379099,-1439.9217221135066,-1439.9217221135066,0.4769329103834544,2.4528691169443366
3524,-0.4737557689906581,-0.6261434519646044,-306.2768350030666,-306.2768350030666,0.19287635343730944,0.8480221551324449
3525,-0.483935519087189,-0.6041704751043113,-516.5041901830009,-516.504190183001,0.2394341630717012,1.046795946101709
3526,-0.4672237549243595,-0.620704181814045,-244.79057040623042,-244.79057040623042,0.16743425717849578,0.7467381930267422
3527,-0.4827478208690592,-0.5930494869838511,-459.0026540019563,-459.0026540019564,0.19394800841605808,0.9223024240620388
3528,-0.4359656287394215,-0.6547439587142225,-737.3111197210408,-737.3111197210409,0.5120224656201854,1.9030000000000005
3529,-0.438262809314866,-0.5970289527758528,-1045.199409158051,-1045.199409158051,0.46077677399622474,2.2827266335039833
3530,-0.47174146825988267,-0.6127931042447813,-404.122825853554,-404.122825853554,0.2111481858928345,0.9684672332134528
3531,-0.4826812882138803,-0.5890534470605632,-564.8162386590811,-564.8162386590813,0.22551705706229033,1.1700749490272075
3532,-0.4933734032416876,-0.6059919078853309,-187.11166341203648,-187.1116634120365,0.15096859273156035,0.7248814899989414
3533,-0.45805308881048123,-0.5977227837517082,-740.7507426411028,-740.7507426411028,0.3125930381640633,1.4917747928403824
3534,-0.4405165271170342,-0.6187372668745403,-815.1591997745861,-815.1591997745861,0.4474916842776223,2.150227427651351
3535,-0.4524032667657114,-0.6305180874930133,-561.2587051844242,-561.2587051844243,0.35217576154366603,1.6401251160093346
3536,-0.5126948693614166,-0.5892732215354095,-147.07699913484169,-147.07699913484177,0.08867597833902113,0.4821558640624919
3537,-0.49980243969214033,-0.6322499924665683,-309.1965424401315,-309.1965424401315,0.2004855506535347,0.9251194225987065
3538,-0.4895388066257032,-0.6024034834678487,-424.5316787972795,-424.5316787972795,0.2027235874792539,0.9963895746358576
3539,-0.4913010589949094,-0.62002902431435,-324.1989270697406,-324.1989270697406,0.18674770986662023,0.8966226544070114
3540,-0.48531298763620884,-0.6128836984895188,-290.9363295880147,-290.93632958801476,0.15622023591441053,0.7309433882911567
3541,-0.4356398907585835,-0.6532478341388954,-747.7045908183655,-747.7045908183655,0.5036601288909313,1.8730000000000004
3542,-0.4319882965139598,-0.6007975033920155,-1365.1970347249346,-1365.1970347249346,0.5427842123462062,2.788595542566576
3543,-0.43140391599451655,-0.6235976113344311,-1018.4813177983115,-1018.4813177983118,0.4964543091920053,2.4703117193878223
3544,-0.4843829882324347,-0.6025640952051599,-396.0028551034983,-396.00285510349835,0.18764075029416585,0.8808864044653623
3545,-0.503120496586885,-0.6035399560391725,-170.40088415553123,-170.40088415553126,0.09634599223782497,0.5107998268039339
3546,-0.4876118227745417,-0.603481677062717,-396.8352083075795,-396.83520830757953,0.19446100115462198,0.9296880174004056
3547,-0.49183803580564944,-0.6194270462428946,-314.937350415318,-314.93735041531806,0.1811875453317581,0.8435355415665035
3548,-0.47769334575610733,-0.5943783345540361,-296.50848556912797,-296.50848556912797,0.14570582037428995,0.7839467836095902
3549,-0.486579449300838,-0.6026006253108295,-489.8389281950923,-489.8389281950923,0.22637932869038668,1.02468933173836
3550,-0.46405262959946014,-0.62594958404224,-452.64924478542366,-452.64924478542366,0.2735523816643317,1.2369768343262217
3551,-0.48639030363665814,-0.6156530445229111,-330.1872195574812,-330.18721955748134,0.18173953149107852,0.9033745364230077
3552,-0.4799145087922217,-0.5864566812542836,-446.9725226905386,-446.9725226905386,0.18347455301298793,0.9026623627384933
3553,-0.47391444818171014,-0.6129285289086386,-585.8955063427228,-585.8955063427229,0.3005283798896451,1.3062323384125567
3554,-0.5139919783448029,-0.6095870110628562,-173.5802213716774,-173.5802213716774,0.11089290083816085,0.5733738243145013
3555,-0.4931178299012073,-0.6173421001234048,-312.0834905067273,-312.0834905067273,0.17854534720773593,0.8758259641522935
3556,-0.48292702745787264,-0.6064236146867966,-286.68351736064983,-286.68351736064983,0.14934288981206895,0.7059012329367134
3557,-0.43695440017776016,-0.6547320171566685,-871.7265867731909,-871.726586773191,0.5349077979120785,1.9640000000000004
3558,-0.4695659777352493,-0.6033586076336496,-786.8453105968341,-786.8453105968341,0.3359874445513153,1.650933356988422
3559,-0.4920683722012681,-0.6117785082677456,-283.1036242981113,-283.1036242981113,0.16178514611391748,0.7950951874787281
3560,-0.4832355354878166,-0.5914465002043733,-572.6803317164788,-572.6803317164788,0.23461830880196508,1.2169254787096169
3561,-0.4812956655248079,-0.6180318433926464,-408.84593941646574,-408.84593941646574,0.22534437777956742,1.035393345842341
3562,-0.48981370915974615,-0.6097666739447521,-438.67325335215276,-438.6732533521528,0.22136384090146982,1.0056923613008297
3563,-0.4863077865107269,-0.6161260825357324,-241.95338512763578,-241.9533851276358,0.14697115069557765,0.6693163633893722
3564,-0.49521452016199885,-0.61751406152212,-298.0073472113999,-298.0073472113999,0.17512213309840519,0.8377856656034345
3565,-0.4377464892717932,-0.6222262341230719,-1154.3381555751123,-1196.1055874051453,0.518848478062759,2.5543088320999523
3566,-0.4899291842269372,-0.6122064819294213,-319.92125015380816,-319.9212501538083,0.17511616341185882,0.9017149082704248
3567,-0.47231371496303304,-0.5795636795957795,-384.5657087504042,-384.5657087504043,0.16287921895517699,0.8487713205286617
3568,-0.49118851035688976,-0.6101461022132041,-366.7320789564824,-366.7320789564824,0.19747857550630596,0.9694033558325141
3569,-0.49277354454595673,-0.6146142741344472,-207.46104202738942,-207.46104202738945,0.13862354535550672,0.6649249280480045
3570,-0.47959508007195634,-0.6160521629788008,-534.8133198789099,-534.81331987891,0.2765316451529606,1.1973372424750792
3571,-0.4882311425915847,-0.6054828911297724,-489.7809145713889,-489.7809145713889,0.2345126114097622,1.0622486281586851
3572,-0.4219334722535788,-0.6367327838041793,-376.2743280815574,-376.2743280815574,0.2841164660206555,1.2180000000000002
3573,-0.4802886690547831,-0.5801373227958326,-569.2921236291136,-569.2921236291136,0.20947256191676766,1.2372262901560283
3574,-0.4327242680440674,-0.619090717226285,-1081.1627029067586,-1081.1627029067588,0.5259719298187242,2.650520639976037
3575,-0.4340279561562587,-0.642828987291276,-821.0354667753786,-821.0354667753786,0.48547300065289845,2.0140000000000002
3576,-0.4633248608337378,-0.6039387193668271,-737.5697307785604,-737.5697307785605,0.34543174549263544,1.5550123431883964
3577,-0.4506468322853277,-0.6251231369933751,-548.0378890392428,-548.037889039243,0.31852952914767385,1.4933143238544968
3578,-0.4854236978521388,-0.614665544733301,-210.12022250134584,-210.12022250134595,0.14977290553562225,0.7060378237174806
3579,-0.5078690902426958,-0.6226787787454202,-226.8106068546279,-226.8106068546279,0.14955481937269624,0.7135293882078854
3580,-0.48419003323274334,-0.5975503813532674,-378.13714165704124,-378.13714165704124,0.18797884046881658,0.9381873882351415
3581,-0.48041797729960795,-0.5873576848804254,-527.8001611603552,-527.8001611603552,0.20162762943887588,1.0170348052803526
3582,-0.42810997540665596,-0.6323842684529135,-698.4695538912425,-698.4695538912426,0.41646511087177296,2.0783078325160256
3583,-0.5128621744874123,-0.6007661618259703,-156.7264300524455,-156.72643005244552,0.09878221655063307,0.5430778471363681
3584,-0.4295834379986747,-0.6169968723156876,-954.7826086956522,-954.7826086956522,0.474205617766598,2.4546847123586977
3585,-0.44021613566103185,-0.6376744203879093,-1164.4179958825075,-1343.4112688177938,0.5973107258813753,3.183608511153204
3586,-0.5057663379682366,-0.6253982241811953,-236.80223750145677,-236.8022375014568,0.15679718609951634,0.7358384632560415
3587,-0.49474585745779076,-0.6187663015816082,-315.2877917634122,-315.2877917634122,0.18234774107229482,0.9165636724125996
3588,-0.5028481642014294,-0.6373389788703872,-277.55585145731624,-277.55585145731624,0.19607576537337743,0.8914937497490925
3589,-0.46638197999999814,-0.6045455907420801,-722.1067221067219,-722.106722106722,0.3450364203522851,1.5199100024642025
3590,-0.4373725017947345,-0.6277515825505725,-743.446244477173,-743.446244477173,0.42841724473914633,2.0675326972252477
3591,-0.48647609088601085,-0.589823695574003,-519.0993164455172,-519.0993164455172,0.20513715442880928,1.0658053650941557
3592,-0.49705494863820576,-0.6259028131303808,-307.6290919052195,-307.6290919052195,0.18820222687473356,0.8726369265739002
3593,-0.43649437128806956,-0.6559083999988985,-818.6981214504157,-818.6981214504158,0.5209383799266393,1.8740000000000006
3594,-0.48950573394492936,-0.6092821578463379,-310.0943293939067,-310.0943293939068,0.17101953392367955,0.9032124247468909
3595,-0.4817807497185151,-0.5829717365119059,-597.5477262144981,-597.5477262144981,0.21877081894247266,1.300282200607197
3596,-0.4898819528159381,-0.609645939532692,-354.49607724803866,-354.49607724803866,0.18935997715962527,0.9360185224574765
3597,-0.4849699741784283,-0.6330699724986248,-370.4524469067406,-370.45244690674065,0.2444671830170907,1.1204356729985965
3598,-0.4812596838324229,-0.5929949108739512,-635.3336873782968,-635.3336873782969,0.2630924338026862,1.425256579587748
3599,-0.45652292464414357,-0.6181831668421954,-760.2721088435397,-760.2721088435399,0.3735846021596105,1.9084903073001713
3600,-0.43682452934960686,-0.5880901514311722,-1050.1131587455548,-1050.1131587455548,0.4025427092080451,2.2285396860867537
3601,-0.4796065287069994,-0.6078827917034327,-540.721751133902,-540.721751133902,0.25771097429796236,1.1085938014415322
3602,-0.48003686531796325,-0.5793489338670061,-689.2155126615901,-689.2155126615901,0.23770795407567677,1.4027031136717496
3603,-0.42813165139543435,-0.6360969566936577,-660.0702202361957,-660.070220236196,0.4143710703447293,1.9677584306794946
3604,-0.48102841844721406,-0.5938185854527175,-371.459814106069,-371.4598141060691,0.17679326433893366,0.8829927988810972
3605,-0.46621383115607323,-0.6184261952412272,-233.9069471000641,-233.90694710006412,0.16465589765366365,0.7465335722166114
3606,-0.4866053594670725,-0.6264530845644123,-407.66121946933754,-407.6612194693376,0.24718402496327005,1.1337345697552346
3607,-0.44125781637839356,-0.6303091066215841,-304.0450040182159,-304.0450040182159,0.22299608323664646,0.9576289047734533
3608,-0.49429937173477845,-0.6153396151189076,-263.3913718531663,-263.39137185316633,0.15425802351894602,0.7472332816053854
3609,-0.41696237551242477,-0.6500571649579001,-351.7345399698348,-351.7345399698348,0.35389064521053837,1.1660000000000004
3610,-0.47870042382509675,-0.5904285872673717,-370.0010956502682,-370.0010956502682,0.1716896017384398,0.8615135865855159
3611,-0.4488712297745176,-0.6015215157388067,-797.991391678623,-797.991391678623,0.3552074198634341,1.7411907566750349
3612,-0.4359710420651189,-0.6643340824720678,-737.3050779688135,-737.3050779688135,0.5398976729672287,1.8440000000000005
3613,-0.45232007714202227,-0.6371918606307145,-417.7449168207041,-417.74491682070413,0.2884951870686826,1.2721913481815061
3614,-0.5040215767038032,-0.5831019654005104,-144.8140900195695,-144.8140900195695,0.07986341692679733,0.43695407909119205
3615,-0.47361997531680006,-0.5766144075940665,-440.25580612588493,-440.25580612588493,0.17356420471561768,0.8797451833850949
3616,-0.500370760947361,-0.61643759776527,-201.312209953593,-201.312209953593,0.1524587238919378,0.7128769615534754
3617,-0.4357610543837888,-0.6182423398798043,-877.7963272120262,-877.7963272120262,0.404901050858222,2.078206039456322
3618,-0.4624331839656501,-0.5962657301106226,-683.547625295201,-683.547625295201,0.28118179555717876,1.3222436405695188
3619,-0.47429021014678785,-0.5935176803856496,-840.3841756231413,-840.3841756231415,0.32358451042243874,1.6518363321606107
3620,-0.42371823155919547,-0.637864241617391,-674.2730953257269,-674.273095325727,0.4109624712980957,1.832
3621,-0.4097826148673517,-0.6469316067097522,-388.3257602236983,-388.3257602236983,0.338620982141341,1.1110000000000002
3622,-0.478027719848686,-0.6329899835471,-429.6508066162964,-429.6508066162964,0.2806792662457772,1.2723547496059286
3623,-0.4932534006199493,-0.6295540414454238,-264.16922664987874,-264.1692233166483,0.17722602245350083,0.8004564977774917
3624,-0.45241175862871014,-0.63115344682689,-261.64615013275477,-261.64615013275477,0.22495913571567341,0.9973686533331431
3625,-0.48804968018891487,-0.616640783574751,-469.9914015477211,-469.9914015477212,0.24298760711796616,1.0709880862955876
3626,-0.48592035535392336,-0.5939165151465204,-545.694078491194,-545.694078491194,0.2349196565402878,1.2259951862773266
3627,-0.4879326944208195,-0.6024654254285812,-393.62275126575514,-393.62275126575526,0.20053121906952176,0.9849376530820732
3628,-0.5057522192805095,-0.6206879555054783,-225.02931457200754,-225.02931457200756,0.1462031957161069,0.6999468648290164
3629,-0.4826692300196478,-0.605024756385579,-525.6248876101431,-525.6248876101431,0.24463200553192688,1.0608200062378073
3630,-0.49301237830291333,-0.6126053363385966,-272.7272727272733,-272.7272727272733,0.15724780545967526,0.7624403683065132
3631,-0.4898156090182899,-0.6361130080042484,-261.37794567368235,-261.3779456736824,0.1960192929485563,0.8459898659755348
3632,-0.4966957751355197,-0.6130902282736859,-219.9523323118833,-219.9523323118833,0.13214934223795527,0.6368564524102436
3633,-0.49250930868689036,-0.6029587718292502,-174.20357420357428,-174.20357420357428,0.11240546591783075,0.5445254290271047
3634,-0.4810007766631016,-0.6013926807883416,-311.34362638764924,-311.34362638764924,0.15499683950499954,0.805494231009196
3635,-0.4821254413341032,-0.5913489731684215,-444.89688690398,-444.89688690398,0.18810135330837977,0.9162964496203136
3636,-0.4294264652909741,-0.6502903088449312,-384.07625455564914,-384.07625455564914,0.3415039285175353,1.3700000000000003
3637,-0.48535126168223786,-0.6268597302353363,-377.88513150832114,-377.88513150832114,0.23118597334982913,1.0859006031495757
3638,-0.5005197673730721,-0.6227532069944463,-254.0784449843817,-254.0784449843817,0.15927366841198728,0.7582760467751702
3639,-0.5048105096122034,-0.6038804898339241,-168.47894013248367,-168.47894013248367,0.10442684936571477,0.5343368926340757
3640,-0.4817891701344524,-0.5961678691402545,-386.59019527516057,-386.59019527516057,0.1714595359744366,0.8137571728267285
3641,-0.4965377637718873,-0.6222701571672915,-300.0376458777769,-300.037645877777,0.17967197533256524,0.8480184603866721
3642,-0.43587198001777305,-0.6392943770353559,-945.4309224772612,-945.4309224772618,0.5110860769403234,2.183
3643,-0.43730896963020893,-0.63697473794724,-949.54954954955,-949.5495495495526,0.4837120065366366,2.433258177772284
3644,-0.4276204539651671,-0.5834415934783995,-1746.8294974166329,-1746.8294974166329,0.5409850726358003,3.014999773534305
3645,-0.43197331357137947,-0.6276889544244028,-750.8574992204569,-750.8574992204573,0.43175631179596974,2.126393845102398
3646,-0.48751784713809876,-0.6038154492926702,-369.66354109211363,-369.66354109211363,0.19110745689810113,0.9513386124165055
3647,-0.466996851451748,-0.6180401630341285,-228.82615156017877,-228.82615156017877,0.16692715689956455,0.7635138975455797
3648,-0.490705928592278,-0.6202896873759323,-406.8710522261611,-406.8710522261611,0.22915711550392656,1.0587737575443081
3649,-0.5167399945840683,-0.5880402473668296,-147.00218256515606,-147.00218256515606,0.09620220810705962,0.4921584576504944
3650,-0.47578613932013336,-0.6098023456993502,-583.7360790081987,-583.7360790081987,0.28784762890965104,1.2387672069725448
3651,-0.41337446780865267,-0.6486327915364082,-356.96990660671054,-356.9699066067108,0.36287131507369497,1.0320000000000003
3652,-0.5108414565680502,-0.6111437622650028,-180.860947661815,-180.86094766181503,0.11469015307099194,0.5919723122236188
3653,-0.5041168404768692,-0.6251038854696371,-256.2867843766728,-256.2867843766729,0.16441724959279114,0.7841788838510807
3654,-0.43693752747553777,-0.6571222022575239,-987.0503597122316,-987.0503597122316,0.5770977058870466,2.0580000000000003
3655,-0.4744351088423579,-0.5832645579708371,-706.8333692606187,-706.8333692606187,0.2521232889982154,1.4253249078811758
3656,-0.4201674257846083,-0.6589438789829233,-413.3604611732796,-413.3604611732796,0.4053366389945081,1.2190000000000003
3657,-0.4881803657995929,-0.5983839537789871,-471.59712930300435,-471.5971293030044,0.21649586369996546,1.0214726662372409
3658,-0.46639547452340807,-0.6151607039527838,-557.3103613304621,-557.3103613304621,0.2878716656594797,1.2947259012869454
3659,-0.4712635067274859,-0.6266565546676162,-324.4850286685074,-324.4850286685075,0.20643283836990814,0.9196026558907004
3660,-0.4848421535294654,-0.5939312473675498,-580.9980518507439,-580.9980518507439,0.24898494577277375,1.3324581783922644
3661,-0.491031982594973,-0.6190209588738885,-387.40486494553124,-387.40486494553124,0.21748197390145238,1.0213073871234446
3662,-0.42741904453994817,-0.6183787161438941,-943.7428243398417,-943.7428243398417,0.4446939627599905,2.2750584407047643
3663,-0.4873146296716436,-0.6045685472655962,-252.1416038806892,-252.14160388068925,0.1386329287943072,0.6862503785455382
3664,-0.48655451644504316,-0.6040499841546628,-476.834270089626,-476.834270089626,0.22351576027207484,1.020575718626413
3665,-0.5192149053903898,-0.6152925835568804,-182.3077804514728,-182.30778045147284,0.12937282658685656,0.6454869651938608
3666,-0.458929995298528,-0.59309000935879,-742.2623938646957,-742.2623938646957,0.2930925752645465,1.4012394598015683
3667,-0.49466262639321507,-0.6229804162263366,-341.1273486430063,-341.1273486430063,0.20110498357890838,0.9955759282617767
3668,-0.49710659174227884,-0.6156744570677609,-205.64337420593887,-205.6433742059389,0.13785881347408116,0.6647927223316352
3669,-0.5157256134769813,-0.6179194326483801,-193.70324885564384,-193.70324885564386,0.1348149551830652,0.6871975477386036
3670,-0.4813069651340709,-0.5902048278070545,-618.3733379381806,-618.3733379381806,0.24705997057748183,1.346200557373921
3671,-0.504353216107705,-0.5931841253318927,-150.94339622641525,-150.94339622641525,0.08281812909056506,0.476903884569334
3672,-0.4607592611150043,-0.5915363682786023,-920.8257120459897,-920.8257120459897,0.3579828580189947,1.8892357588094508
3673,-0.43114164335716804,-0.6434136848710835,-731.5161839863722,-731.5161839863723,0.48277007201896505,2.1470000000000002
3674,-0.4280044309048592,-0.5849342212949272,-1776.3593380614666,-1776.3593380614666,0.558158607032965,3.074839634517792
3675,-0.48005666712854994,-0.5859253004788403,-481.125406475329,-481.125406475329,0.1866005862242082,0.9612533067352775
3676,-0.4620572579528442,-0.5933319243431188,-821.0345672959069,-821.0345672959071,0.3491109989060745,1.7841263696355947
3677,-0.5079890570401051,-0.5998250732601099,-160.80700192849747,-160.8070019284975,0.11700468086282143,0.5763475485059779
3678,-0.4286088058991775,-0.5805940929482699,-1348.0989294942765,-1348.0989294942765,0.46545901382244886,2.397034160435127
3679,-0.519010732367994,-0.5685631844906948,-134.294773447888,-134.294773447888,0.07315578707427194,0.4127919881339239
3680,-0.48015759682071785,-0.619227195688838,-406.02938370540005,-406.02938370540005,0.2275147016250094,1.0422746880196683
3681,-0.48397716753888703,-0.6032865303825011,-338.345864661655,-338.345864661655,0.16933978216070497,0.8503827240663799
3682,-0.4731079200087512,-0.5753802317739936,-854.9901725267532,-854.9901725267532,0.28628166166974806,1.7331813628192965
3683,-0.47942859805817006,-0.5801955433821573,-557.222138893057,-557.222138893057,0.20073336730955454,1.1320044329602792
3684,-0.43293301762926967,-0.5990603031030465,-1238.443631526444,-1238.4436315264443,0.5535926055101219,2.67367774973703
3685,-0.4819375909891322,-0.5882317736062305,-448.27195467422166,-448.2719546742217,0.19256331428934292,0.9487541346752498
3686,-0.48272868479174347,-0.5975167333379914,-534.0889866350873,-534.0889866350873,0.22908531713227995,1.0952671909439688
3687,-0.4279527143008192,-0.6536511270094949,-534.1009743135526,-534.1009743135526,0.4350753110643432,1.8090000000000002
3688,-0.4356343774149668,-0.6096816028279994,-974.3818885910043,-974.3818885910043,0.48929378413141683,2.3954557647591534
3689,-0.40943271053912267,-0.6462884505158691,-397.66508573513306,-397.66508573513306,0.3368646069105875,1.0900000000000003
3690,-0.5003926479262109,-0.607957976731581,-187.38776803633672,-187.38776803633675,0.11006540984705482,0.5597520789341561
3691,-0.467330919833278,-0.5990629277249272,-723.4539089848311,-723.4539089848311,0.3207076441433808,1.4792597421682459
3692,-0.4811529365765522,-0.5838255981978309,-506.79365079365255,-506.79365079365255,0.20007398501297266,1.0519069442336446
3693,-0.48129283826340696,-0.5937795946063594,-382.31574106013676,-382.3157410601369,0.17795018893616932,0.8760998430635221
3694,-0.43559973799320173,-0.6309827609824016,-371.3458755426924,-371.3458755426924,0.2568308864645759,1.1610902627428885
3695,-0.47961447421134773,-0.5931628756839916,-407.4074074074075,-407.4074074074076,0.17429485954053775,0.8087006614112535
3696,-0.4381096487579172,-0.603967454551428,-953.2958912208101,-953.2958912208101,0.4492764479544005,2.191815342134153
3697,-0.5163644222980951,-0.6162215679047294,-186.17720913547777,-186.17720913547777,0.13222944336816514,0.6440843761044933
3698,-0.44886771737779413,-0.6279529386117908,-636.5075178053322,-636.5075178053322,0.38655924244128975,1.8418223422931335
3699,-0.4837940544809852,-0.6094882591439027,-198.90354634229982,-198.90354634229982,0.12813011034436386,0.6169934299238512
3700,-0.4251700610657736,-0.6397125028755225,-699.2510839574306,-699.2510839574308,0.4191633361313789,1.7740000000000005
3701,-0.49973566170160955,-0.6299073229310773,-277.55159342973525,-277.55159342973525,0.1801240498186522,0.8192452327611609
3702,-0.49156723210279823,-0.6156075415956076,-241.31921169057497,-241.31921169057497,0.14412526287996655,0.6841765907566336
3703,-0.4231172251341838,-0.6720687286107363,-600.0000000000027,-600.0000000000027,0.49287846912459465,1.3050000000000004
3704,-0.5062408098879206,-0.5233145562205782,-118.87136573329073,-118.87136573329073,0.04732336050061704,0.26492708115268926
3705,-0.48714821052303675,-0.597270338185379,-457.75729646697505,-457.75729646697505,0.21220217016139578,1.013794595677343
3706,-0.4847601415122974,-0.4743130173505847,-109.12597705816681,-109.12597705816681,0.03242521441024896,0.18767448991602448
3707,-0.4645638143130128,-0.5981458823172046,-785.8468062549682,-785.8468062549687,0.31363607856566267,1.569893639703185
3708,-0.5122929071422901,-0.6273896931197543,-222.94548413344214,-222.94548413344216,0.15685083968923083,0.729452245608307
3709,-0.48997336525414165,-0.6042378867314303,-433.50646213310847,-433.5064621331085,0.21357718332293602,1.034698326823863
3710,-0.4631469874152047,-0.5882718989262405,-829.4190358467264,-829.4190358467264,0.3285088822944301,1.780228726643312
3711,-0.47997718113510107,-0.5856627414271162,-627.3444347063978,-627.3444347063978,0.23597487181157736,1.3113090506957907
3712,-0.48716920371541406,-0.6044675044862782,-383.9159943654761,-383.9159943654761,0.18933641660237596,0.9094330235795401
3713,-0.4569806490072208,-0.5988409315024616,-839.2721758908275,-839.2721758908275,0.3842977455769397,1.8003061258722923
3714,-0.4181214090475335,-0.6533153884481607,-388.58397365532414,-388.58397365532414,0.38290468608592093,1.0620000000000003
3715,-0.47537887211654106,-0.5833679987099064,-774.3532058492723,-774.3532058492723,0.26791260681511636,1.458272490550024
3716,-0.4850224313528461,-0.6202826954747586,-297.64065335753185,-297.64065335753185,0.17326386434769883,0.7891107529473688
3717,-0.4315582310074502,-0.66001266029237,-811.9783996072666,-811.9783996072666,0.4984343538615704,1.6540000000000004
3718,-0.43538079380196115,-0.6498366089784438,-783.8041431261788,-783.8041431261789,0.519745945419073,2.0810000000000004
3719,-0.4825686075085616,-0.598912635000223,-624.1481740345985,-624.1481740345985,0.27900540864105494,1.4243512562483005
3720,-0.47736155798819446,-0.6217576476117852,-390.5905905905908,-390.5905905905908,0.2271376666024008,1.051595625050273
3721,-0.4588037701855378,-0.5944598626960584,-861.145549218948,-861.145549218948,0.37894248824519444,1.9228826651996407
3722,-0.4918410767637297,-0.6145098593359684,-255.2823427653533,-255.2823427653533,0.14848010735920333,0.7061615899478602
3723,-0.4700786907773793,-0.584218552415384,-847.0879801734848,-847.0879801734848,0.29174089379145085,1.5569981232517505
3724,-0.4727572955436311,-0.5766780828784279,-826.7087276551001,-826.7087276551001,0.28873827612564834,1.7905455061548365
3725,-0.5026700277599674,-0.6100399554116287,-181.91978144790767,-181.9197814479077,0.11345928697864034,0.5608029299173005
3726,-0.47736622733469375,-0.6178100895578155,-493.30862672431545,-493.30862672431545,0.2647941965649017,1.1618781194325634
3727,-0.481040369387726,-0.6021511740435858,-474.3375949601668,-474.3375949601668,0.20632785418486393,0.9333572227601222
3728,-0.4624722026591448,-0.6089852957207681,-668.3989111606068,-668.3989111606068,0.32646521005757406,1.5058765379613386
3729,-0.42392072513366885,-0.6528221713285836,-498.61666154319016,-498.61666154319033,0.4051840912098992,1.6220000000000003
3730,-0.49378436851795177,-0.6343073531010323,-327.9753206689399,-327.9753206689399,0.21731136474583038,0.9725267639853198
3731,-0.4911715227787252,-0.615758125249583,-417.16277043705566,-417.16277043705577,0.22409512197791265,1.0321618438179916
3732,-0.4856169056801523,-0.594977789786588,-501.577719851833,-501.577719851833,0.21742247747663454,1.0760798691497864
3733,-0.5128825386577475,-0.6173149153618049,-194.4801777569876,-194.4801777569876,0.13438473799054226,0.6812666086459285
3734,-0.4873968706175184,-0.622564589461195,-273.51263243683775,-273.51263243683775,0.16777895330419879,0.765686645531324
3735,-0.5063822376978035,-0.6328048038924332,-252.28084093613646,-252.2808409361365,0.1741660566185877,0.8102494776010672
3736,-0.49040885877150064,-0.6095350285980095,-344.23140862240984,-344.2314086224099,0.18837039959253712,0.9511107470726923
3737,-0.49584687638362773,-0.6204343441718475,-279.76696200995315,-279.76696200995315,0.1671691191447276,0.7812795179612715
3738,-0.5091310602561648,-0.5111690890793362,-115.63007030827478,-115.63007030827478,0.04579321849581709,0.25204180760894873
3739,-0.48460183467511037,-0.6233994714422183,-314.241218203842,-314.24121820384204,0.18807738502831878,0.8384788952372164
3740,-0.47851389270991956,-0.6326665037704452,-285.14929800276843,-285.1492980027685,0.19978089448037598,0.8892237840414297
3741,-0.5012925305640652,-0.6154194545453355,-200.62610589356237,-200.6261058935624,0.13320747367642236,0.6555416263270853
3742,-0.47619196752023263,-0.6069898979590436,-527.9241306638572,-527.9241306638572,0.24703876664104263,1.064832690891324
3743,-0.4456882741400331,-0.6337110832417929,-523.5118238651808,-523.5118238651808,0.33985197133874573,1.619330494504662
3744,-0.4421699370039354,-0.6339723418584032,-1218.2211825040654,-1327.646374563788,0.6154123411400478,3.245243733704209
3745,-0.41702420738070506,-0.654887405884543,-412.3676118893072,-412.3676118893072,0.38287638244785244,1.2070000000000003
3746,-0.5039977586349165,-0.616488978501087,-203.7740472981253,-203.77404729812534,0.1327631242676504,0.6404719440951058
3747,-0.49312926895798626,-0.6354623319373586,-310.36778166084304,-310.36778166084304,0.21043045042867628,0.940506058944948
3748,-0.47168133128261003,-0.5778857634673078,-391.2857295792751,-391.2857295792751,0.16216512798543276,0.8670307622147623
3749,-0.4762671725563451,-0.6430967914400343,-334.1671878257253,-334.1671878257253,0.2571246676137099,1.1102364250454164
3750,-0.48422121144891717,-0.5908642138924536,-509.87239758227145,-509.8723975822715,0.21279055961342533,1.0935085518606666
3751,-0.4750281654761753,-0.576559409981622,-753.171137450613,-753.171137450613,0.2516514759322057,1.5159070946236106
3752,-0.4296469622602693,-0.6271167230727179,-917.8557655225627,-917.8557655225627,0.46934169088840577,2.347866199671835
3753,-0.43189347864174044,-0.5984236305406879,-1505.5928411633145,-1505.5928411633145,0.5533050617845952,3.0469931766429483
3754,-0.46133002498530723,-0.6346579875904741,-417.36829444310797,-417.36829444310797,0.2853285294382738,1.2952219055045546
3755,-0.5038714753071014,-0.6116577104949957,-196.54361386644877,-196.54361386644882,0.12108253978399011,0.6152795799667999
3756,-0.4708716870060669,-0.6324383172789227,-299.6791443850272,-299.6791443850272,0.21042143708964123,0.9385321377875585
3757,-0.4805254961301636,-0.5938226803282441,-356.96821515892447,-356.96821515892447,0.17342568328766664,0.8651969122714823
3758,-0.4335636657310822,-0.6418263799736104,-814.2911730989688,-814.2911730989688,0.4947708560474944,2.1310000000000002
3759,-0.4824545506059492,-0.6216401091538974,-419.37883578203554,-419.37883578203554,0.23991797594777106,1.093515571252773
3760,-0.5006584989048279,-0.5908114472907445,-150.1289534410213,-150.1289534410213,0.08454109215021141,0.4546554698716732
3761,-0.45307228108404834,-0.6418239796455796,-384.3836304293246,-384.38363042932474,0.2932237719878141,1.2980626932433077
3762,-0.5133875438760157,-0.5229743689286571,-118.29436038514461,-118.29436038514463,0.050654204732515154,0.2781530227705476
3763,-0.4948403190938959,-0.6195183826999302,-275.07092635993655,-275.07092635993655,0.16310479874348746,0.7666143357939288
3764,-0.47469777122516293,-0.6147121858883091,-462.4228230785606,-462.4228230785609,0.23986780979704356,1.0679047081929895
3765,-0.498750367925801,-0.6012928646525592,-165.36477523949912,-165.36477523949915,0.10720707039963033,0.5491926205702056
3766,-0.4806828015181266,-0.585606110670092,-468.84715831364355,-468.84715831364355,0.1891709831663276,0.9782468887978202
3767,-0.4268116721857772,-0.6612053568538059,-577.1981489272204,-577.1981489272204,0.43352764412161643,1.3720000000000003
3768,-0.4870223692849233,-0.6172777317446168,-411.74535285408854,-411.74535285408854,0.22416828749002735,1.0284014566337605
3769,-0.46051305582576907,-0.5773079350083402,-954.0085448605188,-954.0085448605188,0.3444225837143347,2.09084161437627
3770,-0.4831037272780979,-0.5942269468077098,-409.9012149426592,-409.9012149426592,0.1899250997482246,0.9563056691024053
3771,-0.4988443329634913,-0.6259558252393118,-306.6273554672484,-306.62735546724844,0.18848711568674567,0.8810094553545589
3772,-0.42992224017144554,-0.6094559072265988,-1182.6883062838133,-1182.6883062838133,0.49532758185442793,2.6008293584749014
3773,-0.5110860244072246,-0.6100319140218369,-176.2756008050199,-176.2756008050199,0.11617630164831573,0.5920253881194385
3774,-0.47951634252887565,-0.5874100106734793,-430.77497201144513,-430.77497201144513,0.1798127586062064,0.8994090286165519
3775,-0.4360990388481438,-0.6267718698752551,-1264.719736222327,-1264.7197362223271,0.5747876389981542,2.6850000000000005
3776,-0.5211303726642262,-0.5597540986469655,-130.02749210874686,-130.02749210874686,0.06995342409119763,0.3821263605882066
3777,-0.41050992188142704,-0.6432728748536655,-385.7952650883648,-385.7952650883649,0.31638052736490885,1.1570000000000003
3778,-0.4795391417115701,-0.5935235651067695,-395.7888746621138,-395.78887466211387,0.17169682614368198,0.8065471736097803
3779,-0.48901203065738985,-0.6332343302217537,-358.72022256998787,-358.72022256998787,0.23504704195251652,1.069951753843658
3780,-0.490435991770563,-0.6105922181037875,-436.54893201172786,-436.54893201172786,0.2226416999511382,1.0141147586510657
3781,-0.4346888407614432,-0.6012118116352049,-1068.5348766372288,-1068.5348766372288,0.49386542424397684,2.4170375791833902
3782,-0.5050754125028374,-0.6232766295388839,-243.49881796690298,-243.49881796690298,0.15667175557041368,0.7656854280559835
3783,-0.49842461925478226,-0.6259566994915979,-325.90163934426255,-325.90163934426255,0.19888231463389508,0.9605743873386352
3784,-0.4916899494121945,-0.6107229015053763,-227.16963113286437,-227.16963113286437,0.13145753217191017,0.619815104186333
3785,-0.4809670798491917,-0.5811141845375069,-587.162874792829,-587.162874792829,0.2129277533866539,1.2792215945188945
3786,-0.48963218528053615,-0.6300932655961107,-294.66240107762394,-294.66240107762405,0.19115257518085807,0.8466666611724022
3787,-0.48551442003374934,-0.5875608447099487,-478.8396333040329,-478.8396333040329,0.1841901453659663,1.0062658687799115
3788,-0.48250662695446944,-0.6071969993529778,-368.81632653061394,-368.81632653061394,0.1799618880956277,0.8563866464775697
3789,-0.5007297514607176,-0.6057132948403698,-176.75491596177102,-176.75491596177102,0.10196324712509867,0.5294183434040223
3790,-0.49983184047970197,-0.6112535011099436,-185.45808424857552,-185.45808424857552,0.1209378458157368,0.5818989228931445
3791,-0.4688690234163098,-0.5774207062267139,-867.8434034849543,-867.8434034849543,0.307965950890559,1.8790084489052876
3792,-0.4912778490156952,-0.6084875763636165,-413.5626778864012,-413.5626778864012,0.2107321826912204,0.9942556552499232
3793,-0.4311224831425254,-0.6108047382336407,-960.4187111547272,-960.4187111547272,0.46132878557203133,2.387973376208741
3794,-0.44897102032101555,-0.5973007355694666,-867.4766883300362,-867.4766883300362,0.37692659269100254,1.8332968291180924
3795,-0.4962740407962587,-0.6142539536352726,-251.37816979051843,-251.37816979051843,0.14985715421743392,0.7485445375480909
3796,-0.46843072096023325,-0.6237844896784905,-438.51614380581714,-438.51614380581714,0.2587024474970377,1.1667793941687006
3797,-0.47909717902422255,-0.5777120336974517,-637.5020067426558,-637.5020067426558,0.22285196392388085,1.364517762923683
3798,-0.48743343465423195,-0.6027681958440074,-365.1305838459215,-365.13058384592154,0.19274301233892718,0.9770548587371591
3799,-0.48047840206075954,-0.5930200698905359,-670.0415838003981,-670.0415838003981,0.2808898715162746,1.5395032001731537
3800,-0.4533683768756835,-0.5883756217332459,-880.6642274134564,-880.6642274134564,0.3419850554872703,1.7585559778196425
3801,-0.5106865692275605,-0.5336617488099831,-121.31213121312133,-121.31213121312135,0.05207746006504444,0.30182978173966396
3802,-0.427494360979564,-0.6117111846616413,-948.8864549105526,-948.8864549105526,0.4317772295519151,2.282182733328315
3803,-0.4801207597047922,-0.6095672221345297,-462.39818147376525,-462.3981814737653,0.22483902801587471,0.992801872686264
3804,-0.4886236886229803,-0.6125628267781443,-351.71020349256855,-351.7102034925686,0.18365393482870987,0.8968934832794137
3805,-0.4431161810477826,-0.5814846590231655,-1106.2773722627749,-1106.2773722627749,0.42420807418666684,2.325952291929049
3806,-0.49362757410855373,-0.6146688454463072,-355.89031422855123,-355.89031422855123,0.1979046994196083,0.9789274015157885
3807,-0.48079628818155373,-0.5950783030754755,-462.3481781376519,-462.3481781376519,0.19391159944142827,0.9063966295049076
3808,-0.4766288763547449,-0.5922195516150247,-668.5702631042238,-668.5702631042238,0.2682372827723557,1.4115260751043344
3809,-0.4833046606257102,-0.6052775718404715,-473.3435530574014,-473.3435530574015,0.22227402548348105,1.0038306937378323
3810,-0.4725683690804212,-0.6149713100506358,-526.0474395921086,-526.0474395921086,0.27209366699549314,1.182298453661554
3811,-0.4832484872688509,-0.6255761497135033,-283.46738159070594,-283.46738159070594,0.17873883534975032,0.8043459159914288
3812,-0.4963470137292972,-0.6177813947230631,-305.1311769044358,-305.1311769044358,0.18116391346519592,0.9169555941692358
3813,-0.47402478442773244,-0.6237772437920904,-529.5246216158619,-529.524621615862,0.3074617724776986,1.3443731973581392
3814,-0.42995641866344136,-0.6155903292957381,-886.1269734632187,-886.1269734632187,0.437728230111816,2.3122029517939966
3815,-0.49420458337322176,-0.6185662960115731,-316.3150667831733,-316.3150667831733,0.18241630421434268,0.9129198898367469
3816,-0.4837464315138622,-0.5900694414052338,-510.0907490180149,-510.09074901801495,0.2106565142076682,1.083294191796648
3817,-0.48747480618848005,-0.61111947733552,-400.90157776108373,-400.90157776108373,0.2060335390597979,0.9578614465686196
3818,-0.47912237216106585,-0.596965164525778,-380.6568790676561,-380.6568790676561,0.17120737460970775,0.8123575573551688
3819,-0.42491102077764054,-0.6640722854181128,-516.1951619516217,-516.1951619516219,0.427800904554005,1.2590000000000003
3820,-0.49620231454507685,-0.6243518746464242,-292.9893286505493,-292.9893286505493,0.1778911766751266,0.8149411536286756
3821,-0.4757908754401515,-0.5907370948994346,-749.1585824589203,-749.1585824589203,0.31197917091044775,1.7531837483510688
3822,-0.44204505763071966,-0.6113037640732422,-812.1915820029026,-812.1915820029027,0.4057279673519932,1.9142747298417617
3823,-0.43147938039880585,-0.6247569688940979,-911.8136439267896,-911.8136439267896,0.5007146343408918,2.5876530544533107
3824,-0.45619170751528415,-0.6274704916289047,-494.98585754692743,-494.98585754692755,0.30123505557295,1.4160871300538007
3825,-0.4866891470467012,-0.5976020610783299,-540.2870541423904,-540.2870541423904,0.2415795850272759,1.1799741900679654
3826,-0.4982589471757414,-0.6257295788140766,-223.36307019020387,-223.3630701902039,0.17623872501807114,0.8222486399782065
3827,-0.4865987466881448,-0.6024949515266497,-388.4705591902254,-388.4705591902254,0.19025592044766076,0.9140975230018424
3828,-0.4985800199132799,-0.6055045315007425,-174.92202121023084,-174.92202121023087,0.10248476336935512,0.5146843565219593
3829,-0.48339528804611426,-0.6154588415713059,-434.9065004452376,-434.9065004452376,0.23010444315225528,1.0369175108028337
3830,-0.4717348515254538,-0.6311534759957736,-260.969976905312,-260.969976905312,0.1950828137835283,0.8586817622973907
3831,-0.48137370652041706,-0.5870676056892719,-493.5173567544957,-493.5173567544957,0.19419927929825162,1.0288844330540983
3832,-0.47550011444964363,-0.6068088162762437,-644.7068572612416,-644.7068572612416,0.31078591419475354,1.3739410775037655
3833,-0.4862526165432821,-0.6248275149099773,-301.2701100762074,-301.2701100762074,0.18389592899678747,0.8335492850381911
3834,-0.4954411312116806,-0.612140687608397,-237.37738771295847,-237.37738771295858,0.14053075954094132,0.6956006164441665
3835,-0.4895088457942259,-0.6102419051824591,-265.6232278552804,-265.6232278552805,0.14836390894946508,0.7132821282556594
3836,-0.4692163871106848,-0.6178955690073685,-595.4473743520431,-595.4473743520432,0.3249293047269487,1.4508372092644592
3837,-0.48346220343384105,-0.6058388870058004,-312.3526965201724,-312.3526965201724,0.15665284377777733,0.8059791079092026
3838,-0.4834177666454156,-0.5969971554531602,-410.14742993757517,-410.1474299375752,0.18468385451983854,0.8615037357442865
3839,-0.4795576101999148,-0.6217726373092647,-304.91622169029597,-304.9162216902962,0.180787570196142,0.817531268747811
3840,-0.4656515816844213,-0.5758487232284354,-924.2306697698519,-924.230669769852,0.299179934813996,1.7291354142605637
3841,-0.42743381169697386,-0.6636347760744833,-517.6115397517617,-517.6115397517619,0.4633241600468719,1.5430000000000001
3842,-0.5219815178714146,-0.6087166657275184,-168.06374831832775,-168.06374831832778,0.11359386480573662,0.5878232770798647
3843,-0.4853812356405806,-0.5962591840878088,-425.48572669054766,-425.4857266905477,0.20414343188415487,1.013384231432237
3844,-0.4862681189848615,-0.6074178649204809,-421.9153134011228,-421.91531340112283,0.20591071086378587,0.9430290990995643
3845,-0.4552232578143102,-0.5849740810682129,-931.4591700133876,-931.4591700133876,0.3617734043660022,2.0144500167160038
3846,-0.4399336519269936,-0.622274133862385,-1438.5979458674808,-1597.8713183935502,0.588925145863144,3.223011038674689
3847,-0.4706855497329218,-0.6125359666063732,-489.64732650739506,-489.64732650739506,0.24589153212296316,1.0816293613059231
3848,-0.4787351750049895,-0.5921431984480618,-369.7363488691755,-369.7363488691756,0.16677095174600112,0.8129499064905006
3849,-0.4349448768516469,-0.6581879888398176,-708.60927152318,-708.60927152318,0.5046482953108036,1.8190000000000004
3850,-0.43325261404487486,-0.63808381456622,-532.8230791875193,-532.8230791875193,0.3618899512973687,1.709101579252317
3851,-0.4765093989545089,-0.575587986232459,-723.9976757699017,-723.9976757699018,0.23962874022704736,1.4418757616795486
3852,-0.4311427222352694,-0.5941817890681995,-1181.689642983387,-1181.689642983387,0.4459337747716721,2.3221228030059264
3853,-0.5004332081661735,-0.6076260586730139,-185.12423893368444,-185.12423893368444,0.1451761444813998,0.6901931487765781
3854,-0.44312126485292413,-0.6292630604327476,-669.3216149409509,-669.3216149409509,0.40893668953432283,1.9253427081593322
3855,-0.47371193001657796,-0.5932295677058427,-641.2635299315236,-641.2635299315236,0.25599950454422665,1.1872301797386502
3856,-0.48330287803025074,-0.6041520243992538,-511.74525839568594,-511.74525839568594,0.2361857396720471,1.0343894876301498
3857,-0.44526440215376806,-0.5982569345788779,-828.2245827010602,-828.2245827010602,0.349743825442012,1.7268657078345964
3858,-0.49406830338547225,-0.6175300279366475,-325.8413315514522,-325.84133155145224,0.1862755687382508,0.9529654874497895
3859,-0.4788324413428193,-0.6246425432553988,-458.57689981858533,-458.5768998185854,0.26815524964621285,1.2015499725550274
3860,-0.4328576390453984,-0.6108652930990892,-1131.5145155648838,-1131.514515564884,0.5268865372096342,2.570826637698252
3861,-0.4340473550438733,-0.6201843898694533,-630.3302340493753,-630.3302340493753,0.332669362824712,1.6032262151191412
3862,-0.4376224896437669,-0.5869913132265402,-1090.6824555936432,-1090.6824555936435,0.4265641156824424,2.2828881543225563
3863,-0.4311585166967109,-0.5970341255346496,-1723.726480036713,-1723.7264800367134,0.6205447097711774,3.213356525058079
3864,-0.4833723215129231,-0.6279613512751431,-373.26163545336567,-373.2616354533657,0.23202845465671557,1.0948666554139024
3865,-0.48954618249051696,-0.6196338280499222,-310.2468212415861,-310.2468212415861,0.1783704092120603,0.8174844336937016
3866,-0.5078973611834138,-0.6211987895375016,-212.8334704430605,-212.8334704430605,0.14310169945295395,0.687139966137971
3867,-0.48475370915391197,-0.5958423051711409,-500.8681925809002,-500.8681925809002,0.20565876976226805,0.9722900242571622
3868,-0.430706841882924,-0.6469160848253084,-707.5157349129952,-707.5157349129952,0.4697523493165056,1.9110000000000005
3869,-0.4756012512160003,-0.586548219357978,-362.37667664338835,-362.37667664338835,0.16209334641666842,0.8129259884998737
3870,-0.48149391521248747,-0.5861693185764498,-509.9986015941839,-509.99860159418404,0.19951426769536504,1.036719145964356
3871,-0.4939648475525874,-0.6019263086722122,-171.25338656780264,-171.2533865678027,0.10239068397697801,0.5270555424423583
3872,-0.4753957188642883,-0.6292078140144008,-461.733080328907,-461.733080328907,0.28596080094604703,1.289023457896798
3873,-0.4848353272257624,-0.5971085155286562,-422.08201892744603,-422.08201892744603,0.19190322430243742,0.9500102033322343
3874,-0.497174689418859,-0.6134698799166944,-202.01748486886356,-202.01748486886356,0.12763401840096053,0.6163763795025301
3875,-0.4933652059224324,-0.6014075779677096,-172.01796706038954,-172.01796706038954,0.1223975299773288,0.616262007858753
3876,-0.48364785932452287,-0.5968090724146587,-573.0762893392663,-573.0762893392663,0.24839855775313938,1.2000934945469357
3877,-0.47889001877251575,-0.588693786178624,-398.95773016792265,-398.95773016792265,0.1759671811170032,0.8781219253464876
3878,-0.47944958716066977,-0.6362364244377732,-293.46314325452033,-293.4631432545204,0.21338543681455233,0.9457106691237436
3879,-0.515690291774581,-0.579341418545561,-141.65343753816097,-141.65343753816097,0.0855013335171793,0.4471915168086242
3880,-0.423503241548314,-0.6656699067855296,-488.4338263177856,-488.4338263177858,0.44880147957901617,1.2880000000000003
3881,-0.4942990733468516,-0.6114275775027571,-205.4552342467491,-205.45523424674911,0.12224773396881444,0.5915865185395185
3882,-0.4787637635346543,-0.5862386894048575,-649.3114506696857,-649.3114506696857,0.24360869362682622,1.3534964493501447
3883,-0.47604034080139523,-0.5873781733476986,-349.754681085412,-349.754681085412,0.16503296095929035,0.8366958844825586
3884,-0.4751450719445265,-0.6058203276236441,-607.2268548214698,-607.2268548214699,0.2831484895174368,1.2653073094506166
3885,-0.48269143367069806,-0.6015725048387907,-268.5816474796022,-268.5816474796023,0.13998978995992753,0.6675257997867381
3886,-0.4795376362974065,-0.5911373357795698,-643.9436619718324,-643.9436619718324,0.2567862085219192,1.3913995694451897
3887,-0.47940292903313964,-0.583793888508894,-689.8386238694817,-689.8386238694817,0.25906133712843504,1.5053690254386198
3888,-0.47624767801537016,-0.5907073993029689,-702.9252437703141,-702.9252437703142,0.267855372894814,1.3920914224822125
3889,-0.4569666287296187,-0.6261302854017495,-248.42400186785005,-248.4240018678502,0.20676120232594142,0.9460644617448055
3890,-0.49021353131104667,-0.6066207098108053,-399.9062902659014,-399.9062902659014,0.2047940266995717,0.9848849802779291
3891,-0.5137489476201537,-0.5715346462197358,-138.67766464750633,-138.67766464750636,0.0836890883144183,0.42478109702488653
3892,-0.43835331494225843,-0.6434770369256422,-914.0186915887878,-914.0186915887881,0.5596993186540745,2.4450000000000003
3893,-0.4842331589458748,-0.6007729515191702,-419.7423650311193,-419.7423650311193,0.1928787087977066,0.8850795109344683
3894,-0.4879580545467782,-0.606214847886496,-500.075471698114,-500.075471698114,0.24135848813204722,1.0787992565223052
3895,-0.47466680215138235,-0.5892527691491795,-640.1737242128137,-640.1737242128138,0.24215612264846764,1.186412941540542
3896,-0.4814801969790411,-0.5920008573623469,-635.7280195769979,-635.7280195769979,0.2591759903311289,1.4023840327823187
3897,-0.437408868583108,-0.6486485832147973,-449.17850181008185,-449.17850181008185,0.3522546008732744,1.5388740627580848
3898,-0.47754113636766354,-0.5875778922877558,-397.9787642318033,-397.9787642318033,0.1675861191562711,0.8124251183109616
3899,-0.4853906024762162,-0.5986871649570376,-620.7584830339354,-620.7584830339354,0.2577630570407492,1.2721117551018528
3900,-0.5044978473129073,-0.6309188933040192,-260.39667306461973,-260.3966730646198,0.17347379898359663,0.8154488657739188
3901,-0.4371218136671654,-0.6402432477116171,-471.90059305281,-471.90059305281,0.3414510533848543,1.5619032885210344
3902,-0.4574193218716586,-0.6325457848648203,-270.7403055229147,-270.74030552291475,0.21403259688295276,0.9601971067702753
3903,-0.5110949679178987,-0.6237252915352125,-215.03035857486606,-215.03035857486609,0.1481201682889525,0.7083345534903064
3904,-0.4561457815588464,-0.5866688714297648,-1104.6411069472492,-1104.6411069472492,0.37083268269731473,1.9885751965021035
3905,-0.4667149891504741,-0.5820936968951795,-819.7435277038475,-819.7435277038475,0.2968008827695511,1.7062708804809066
3906,-0.48732743402318945,-0.6023781647556036,-368.9936536718045,-368.9936536718045,0.19407717345945383,0.9801954117658701
3907,-0.48134292445516935,-0.6005062087666028,-418.1818181818186,-418.1818181818186,0.18947116739032593,0.8659416674089508
3908,-0.4637508527635457,-0.5826608079145227,-895.1632118179657,-895.1632118179657,0.34442150214981276,2.009608894872341
3909,-0.4511216746530181,-0.590874383719577,-849.5471808355254,-849.5471808355254,0.332440268968101,1.6372196897364355
3910,-0.48720953430049196,-0.6073030000935827,-186.02409638554218,-186.02409638554224,0.11698106185251925,0.5577555034533517
3911,-0.49518785011003896,-0.6201744351721086,-236.15977575332874,-236.15977575332883,0.1495616026924682,0.6941973025065832
3912,-0.43485831534965824,-0.6298741375767655,-617.1239071450127,-617.1239071450127,0.37045151500363066,1.8066540329222875
3913,-0.4908074048828147,-0.6046124222524708,-429.3982877125296,-429.3982877125296,0.20856748337148895,1.0170823859492353
3914,-0.47167968039444064,-0.5909370235503684,-766.587421655502,-766.587421655502,0.31652003021167313,1.731854214599717
3915,-0.46082091010729914,-0.6061802181103969,-593.1307793923402,-593.1307793923402,0.27274252898673934,1.2735043371142036
3916,-0.48180071450410883,-0.5983086831926938,-479.64483163009027,-479.6448316300904,0.20733863754727203,0.9445058444361981
3917,-0.4977719745475198,-0.6361496836686908,-248.69857262804408,-248.69857262804413,0.1915004855647755,0.8250278197592171
3918,-0.42040495313468434,-0.6640105480208421,-451.1771516788888,-451.17715167888883,0.4464916751407122,1.1690000000000005
3919,-0.4958230092599683,-0.637156908724216,-305.0737558761555,-305.0737558761556,0.21060644036674137,0.9220202539201701
3920,-0.4219242889454652,-0.6532496917564408,-499.5200000000005,-499.5200000000006,0.4037270620525157,1.5610000000000002
3921,-0.487808547220779,-0.6067921450207628,-483.5730507191524,-483.5730507191524,0.2343191106948877,1.0595327422784793
3922,-0.4869352530255705,-0.6044248796782637,-379.7209064140326,-379.72090641403264,0.18797031485180946,0.9027296246764785
3923,-0.47429722827327886,-0.6245735878695852,-509.2770313499681,-509.2770313499682,0.2976676128109601,1.3110161548698156
3924,-0.4843201367300908,-0.5933005134406286,-443.20836578039814,-443.20836578039814,0.20428601420700135,1.0029015445071814
3925,-0.48002680721045826,-0.5819869142516021,-587.0988344243984,-587.0988344243984,0.21369155670929463,1.2178552712445925
3926,-0.48071677960086767,-0.5895509676653046,-588.0815473078941,-588.0815473078941,0.2297074834996453,1.1822574810227415
3927,-0.4301750655021536,-0.5753264789154474,-1397.5395430579968,-1397.5395430579968,0.4712554988838456,2.3429788756603673
3928,-0.4918330099882614,-0.6136184994531195,-256.9386539606911,-256.9386539606911,0.14830405271374267,0.7226786458933778
3929,-0.4715900569741756,-0.6216801621321845,-537.1882586625472,-537.1882586625472,0.30296288745274524,1.332661872732318
3930,-0.44769486786842155,-0.6328314863305159,-533.9051192709741,-533.9051192709741,0.3434654979349424,1.6358013439094194
3931,-0.5090148771044005,-0.6103208538107342,-179.20383437624827,-179.20383437624827,0.12470213076730843,0.6133314085334698
3932,-0.482830514681917,-0.5940385509003923,-404.6428968121754,-404.6428968121756,0.18941906335602543,0.9292582178894693
3933,-0.43310994521877394,-0.6633343369248061,-643.8146304098051,-643.8146304098051,0.501424031466136,1.6810000000000007
3934,-0.48882185156325253,-0.6093024098099635,-287.4462691502262,-287.4462691502262,0.15810217983420266,0.7711768743604385
3935,-0.47380902065337477,-0.5909623440059,-670.8305939075171,-670.8305939075174,0.26229748208508,1.3221871180202025
3936,-0.43126562857007916,-0.6318365558320994,-659.6729404504788,-659.6729404504789,0.3996833452857252,1.9241098830980623
3937,-0.5168274106132471,-0.5476179145678688,-126.07907918576143,-126.07907918576143,0.06259057791258829,0.3329644380479936
3938,-0.4839823663701005,-0.604884393744653,-295.8187733461871,-295.8187733461871,0.15410690311059988,0.773523209943156
3939,-0.47753948577376837,-0.6165877164695649,-470.03477193700166,-470.03477193700166,0.2491647811550566,1.1013762002575296
3940,-0.43566943932289587,-0.6339922736640488,-1020.4535349044006,-1020.4535349044008,0.5205131537965915,2.2950000000000004
3941,-0.5044925477750712,-0.6086613406560691,-182.73874435270332,-182.7387443527034,0.14016217057098526,0.6681727024608927
3942,-0.4903227475145219,-0.6114296591026787,-385.6741948416411,-385.6741948416411,0.20198599861849884,0.9613951282944017
3943,-0.44709897433713375,-0.5840645506629639,-1073.6212985601724,-1073.6212985601724,0.43806988971779276,2.3258767593207135
3944,-0.4998577935150113,-0.5909829567077904,-150.46894114448824,-150.46894114448824,0.08403610504640482,0.45528667915162363
3945,-0.44998779072835005,-0.578350933908161,-1064.5873585426473,-1064.5873585426473,0.3963067408164597,2.294146215837183
3946,-0.4798422297644414,-0.589626375728034,-744.1674975074786,-744.1674975074786,0.2856294673765266,1.525972923598812
3947,-0.504434980745632,-0.6058646663493533,-172.53090612688533,-172.53090612688538,0.11428941563276128,0.5554112037053592
3948,-0.48617972388308756,-0.6004003460527946,-376.4995386035079,-376.4995386035079,0.19333604596879042,0.9680126260364238
3949,-0.46338403927845007,-0.6029934739029059,-755.6507256721393,-755.6507256721393,0.35733806424879283,1.5964117247092033
3950,-0.4986526673929885,-0.6226995018488657,-277.04516279612574,-277.04516279612574,0.16991361168363936,0.801694548253836
3951,-0.47831100482358907,-0.5939891223295463,-544.6411204045917,-544.6411204045917,0.2184810165344014,1.0430888211192015
3952,-0.4883273700148054,-0.6055225548721298,-412.75300965736295,-412.75300965736295,0.20185699170410928,0.9414319531475818
3953,-0.5113425608597365,-0.5269793545488378,-120.15191621590537,-120.15191621590537,0.05294952244519229,0.28336370751469475
3954,-0.4876350837928737,-0.600515114792527,-494.79238994584165,-494.7923899458417,0.22668528653211906,1.0344226838712882
3955,-0.47808405378061514,-0.5881162460299231,-381.92327903310616,-381.92327903310616,0.17515302793236748,0.8756435948946631
3956,-0.47844705956170014,-0.5878939143809722,-370.05798629414943,-370.05798629414954,0.16582929074024286,0.8232357321965941
3957,-0.5026099159252735,-0.6064951192567027,-174.18561770129077,-174.18561770129077,0.10616621224389763,0.5386089979526905
3958,-0.49515154822168267,-0.6154399586907815,-288.77871091773864,-288.77871091773864,0.17034064832314638,0.8290535795913541
3959,-0.43595413393776106,-0.5769663118482679,-1245.3248811410458,-1245.3248811410458,0.4473205083514197,2.3262217870201867
3960,-0.49324682230312217,-0.6197202396064689,-354.66482377332426,-354.66482377332426,0.20241805472359475,0.9891318762735001
3961,-0.4730822670289494,-0.594838389767613,-645.1972364608873,-645.1972364608874,0.2635105806241193,1.2022664397754808
3962,-0.4804155123837388,-0.5813763072474852,-569.9243660091954,-569.9243660091954,0.2097253875951376,1.203587330245768
3963,-0.48888015062430373,-0.620932692471579,-418.8242957173121,-418.8242957173121,0.23669435517377643,1.0815029051787417
3964,-0.4074585717944765,-0.6451823337012693,-356.1361292540401,-356.13612925404027,0.3290348249426854,1.0360000000000003
3965,-0.4901872937684757,-0.6132410528784845,-322.6134485826877,-322.6134485826877,0.17683477988606186,0.9041970402077483
3966,-0.46890538584136704,-0.6092714364629401,-614.2690058479565,-614.2690058479566,0.2966718457815712,1.3348928411640295
3967,-0.4656748839366591,-0.5880903371052593,-754.3114221444639,-754.3114221444641,0.2863010750551228,1.4867847074972995
3968,-0.5207136582098996,-0.5582627837414227,-129.54756260950217,-129.5475626095022,0.06931375070267963,0.3741308575896882
3969,-0.4610268996293201,-0.6065948925418847,-662.9127207576157,-662.9127207576157,0.31175260359135787,1.4650392831809589
3970,-0.47883301705312625,-0.6277667612238006,-420.3655352480421,-420.3655352480421,0.25902869493323427,1.1766516575226047
3971,-0.5091068699275885,-0.5643911788481488,-135.86589157766682,-135.86589157766684,0.07823041330324143,0.3977897306670281
3972,-0.48876410409952575,-0.6130359146740563,-426.31178707224296,-426.31178707224296,0.22109794872658287,1.007836650846744
3973,-0.4903975497355024,-0.6147741950005806,-280.62191884717515,-280.62191884717515,0.15860520501834577,0.7400445494167236
3974,-0.48162925776296966,-0.5917712367361484,-472.92257198269533,-472.92257198269533,0.19348735214332952,0.9053011106023281
3975,-0.45811625861352556,-0.6301620389392542,-254.01256106071298,-254.01256106071304,0.22104156681970466,1.0080076872760297
3976,-0.4952916730434319,-0.610846702270988,-202.37949221145595,-202.37949221145598,0.12053949767978091,0.588634134192396
3977,-0.469652058078782,-0.5825431275536015,-784.9988353133036,-784.9988353133036,0.2835112333750697,1.6244613113776991
3978,-0.48174128604853145,-0.6156054294568964,-258.78003696857724,-258.78003696857724,0.1525053302236128,0.7157008710104941
3979,-0.4858449380011893,-0.598304777792085,-402.9507167521202,-402.9507167521202,0.20027647665045176,0.9797913624679235
3980,-0.4282538923617077,-0.5975939584533463,-1211.874272409782,-1211.874272409782,0.4751741261279848,2.3901214391789725
3981,-0.5122456552527245,-0.5592601072339605,-132.41032095657653,-132.41032095657653,0.07263839701513067,0.3724314020423525
3982,-0.4345652852065057,-0.6110397597177066,-1528.7406757349759,-1528.7406757349759,0.6256626954056305,3.2240054893351924
3983,-0.5054290849281965,-0.6192975804540428,-203.84900074019248,-203.84900074019248,0.15112908823218474,0.7181677617068439
3984,-0.49754967167509456,-0.637600951465315,-255.2441684846461,-255.2441684846461,0.1949449043049077,0.8413504469444592
3985,-0.500655014205552,-0.6317546208943696,-291.57938835358215,-291.57938835358215,0.19031301249368454,0.8562949858421992
3986,-0.48796499389981307,-0.6023276331639098,-469.6367374914328,-469.6367374914328,0.2199985546771746,1.0232732413361791
3987,-0.49017225483557225,-0.6093351847588074,-231.524181151709,-231.524181151709,0.13195804743891845,0.6392482665431594
3988,-0.47183194010196,-0.6291187798466656,-470.03293084522545,-470.03293084522556,0.290420222964694,1.3192951208460553
3989,-0.4854266560359435,-0.6174130736909383,-329.49943301474167,-329.49943301474167,0.18447043057327228,0.8821233707557353
3990,-0.4449178801035668,-0.5906986205895545,-896.7340590979773,-896.7340590979773,0.3463969874379796,1.7359545387184256
3991,-0.5017983800080645,-0.6345532290647223,-272.0491443615636,-272.0491443615636,0.18726100381173671,0.8605286991452133
3992,-0.4761491569290789,-0.5871936830332033,-691.8019313745634,-691.8019313745634,0.26155240847289424,1.4551065519834196
3993,-0.4783015791033783,-0.5831021451071217,-712.2141662018979,-712.2141662018979,0.263644810177005,1.545652579837788
3994,-0.43230077934189765,-0.6199112539151644,-1143.633892161312,-1143.633892161312,0.5043681368251237,2.5240000000000005
3995,-0.48424188800580725,-0.6105133190099215,-355.95070971767296,-355.95070971767296,0.18456298041271055,0.8919227843114543
3996,-0.48704375134462774,-0.6014948029486714,-389.70871294751777,-389.70871294751777,0.1809285033300191,0.8579167851503251
3997,-0.48263482748328346,-0.6071493758392138,-486.30001971220275,-486.30001971220275,0.2155533865754443,0.9549981040308192
3998,-0.4442606139895597,-0.6511425527785204,-398.90994030625654,-398.90994030625654,0.3384241619929594,1.4685151896062356
3999,-0.48931091370232327,-0.6128551800483172,-302.15827338129566,-302.15827338129566,0.16648489520524024,0.7972450996696905
4000,-0.4745448183675974,-0.5825915497700409,-385.5142646594392,-385.51426465943933,0.16852215321715722,0.8585207232017833
