scen,twd_pd_cor,twd_md_cor,min_pd_psi,min_md_psi,plfl_mean,plfl_max
1,-0.6417537585902132,-0.6676293463918025,-1568.670758724328,-1568.670758724328,0.3541899671777163,2.9122652374890787
2,-0.650871095738116,-0.7428510825923944,-1053.0070647294106,-1055.800520050708,0.3736719618801466,1.9958133400310363
3,-0.6737635502848563,-0.7167520123391498,-1096.9332891551783,-1096.9332891551783,0.2932340173659473,2.103064978649313
4,-0.672343076069875,-0.7118124123873992,-835.3121409421694,-835.3121409421694,0.20392908495305906,1.4857206816181712
5,-0.6472494746958773,-0.6778038535636972,-1590.2917962099843,-1590.2917962099843,0.3367615920055289,2.890538584224697
6,-0.6460090166349244,-0.6712096733808901,-1286.910020925365,-1286.9100209253652,0.3372088944551025,2.6234770762217274
7,-0.6742689049305405,-0.7440185849091713,-942.1868582667449,-944.726645445566,0.3425542852479611,1.9354586696783251
8,-0.6314185902242295,-0.684419110331625,-1686.1320586284182,-1688.865748367826,0.34645609259494065,2.684615953107786
9,-0.6424325322763971,-0.6785441971743383,-1618.061823772155,-1618.4705285672392,0.3845963639108088,2.9116213995469282
10,-0.647539294303121,-0.6677081383856257,-1555.9043627109988,-1555.9044006433892,0.30452043548890906,2.6858825845609506
11,-0.6726190249347299,-0.7200591262226484,-1044.7452438433927,-1044.7452438433927,0.21751902631130066,1.3249241195285058
12,-0.6452530169843691,-0.6603327742994042,-1450.8930447770265,-1450.8971565279778,0.3086426985327633,2.171221750233205
13,-0.658778228175025,-0.6761634039621074,-1346.899090713188,-1346.901091669349,0.277025485011204,2.0540325800752655
14,-0.6613869992387068,-0.6898076431599719,-1393.4748377932901,-1393.4748377932901,0.26859638765326627,2.2444713025980865
15,-0.6771183429888525,-0.7077837468050285,-834.9093163850553,-834.9093163850553,0.19465508234674245,1.2962059622257494
16,-0.678820145993318,-0.7211060821657327,-1041.7894335158464,-1041.7894335158464,0.2638016764136017,1.7532428513595322
17,-0.6495823865318899,-0.678289678421977,-1216.2054812657218,-1216.205481265722,0.32217831109745454,2.7344504109044245
18,-0.6208274253695237,-0.6378894989176194,-1877.9044450895826,-1877.9044473562863,0.3773611576804676,2.9228941195062847
19,-0.6269612005867734,-0.6730960250118223,-1882.119965175334,-1884.487287616494,0.354822894026539,2.7946752262086383
20,-0.6435349059286092,-0.6601925499664756,-1075.940212150436,-1075.940212150436,0.22397790755717528,1.9685319273063868
21,-0.6930543436802963,-0.7210645379779062,-954.8873587554813,-954.8934970241695,0.173812635821857,0.9285974928541451
22,-0.6651416570689885,-0.6978210544326866,-1073.421235253298,-1073.421235253298,0.29790315757756436,2.4089721205131154
23,-0.6334387761885668,-0.6463628136244927,-1839.8933213870591,-1839.8974120920313,0.3072628169020436,2.6737728274350516
24,-0.6745385453260152,-0.7034298119344893,-1096.9044475717922,-1096.9044491539626,0.29624634818518086,2.1231335496301162
25,-0.6872017272768657,-0.703666329559497,-1020.7250262958779,-1020.7755196349929,0.19248682284668975,1.0545700685620898
26,-0.6881474812139708,-0.7419590640225779,-656.4118184587285,-656.4118184587289,0.23763056398677582,1.427711624910643
27,-0.6680807529898726,-0.6911637424162403,-1198.9040279648618,-1198.9042049235895,0.2851603430569684,2.090839580954594
28,-0.6294414924351404,-0.656056296486286,-1643.9877811718984,-1643.9877811718984,0.3731609473719872,2.912535608360329
29,-0.6625361125738661,-0.6788433955922434,-1470.8987944934324,-1470.9009119466016,0.22779732677121092,1.8032713544890093
30,-0.6786956299129885,-0.7002830032492464,-896.3692488607993,-896.3692488607994,0.1779967741013379,1.0312740851141715
31,-0.6583250593643218,-0.6849782091923271,-1125.3765060240983,-1125.3765060240983,0.2275495220443224,1.8087529339064892
32,-0.6293442080105504,-0.6876131360593477,-1721.1139575684033,-1724.5782128911,0.4009865096240742,2.8383589582526616
33,-0.65051468389687,-0.7296421355825565,-1149.4530420068452,-1153.0409972165683,0.3728853352916601,2.2825963854465865
34,-0.6488861193886966,-0.7382944131648538,-1063.5917121726382,-1067.7232555754001,0.3234489082408015,1.7349660653211862
35,-0.6377148045081972,-0.688013142443416,-1603.0312521416163,-1605.6092943672877,0.3926859458570649,2.911094867574665
36,-0.6454590296488776,-0.6604317196439402,-1808.9041092357513,-1808.9042522145057,0.25977743412873266,2.4418823978546245
37,-0.6377907869920877,-0.6574334483098796,-1759.9044465337495,-1759.9044481315352,0.32657270755009865,2.9115380052505007
38,-0.6450474960936536,-0.6763635642332863,-1436.3021420518633,-1436.3021420518633,0.29527865402169345,2.6264932686207345
39,-0.6674305829179673,-0.698033898006235,-880.3541205572209,-880.3541205572209,0.22812563085003199,1.7465174591959345
40,-0.6515772331839695,-0.672944188047886,-1418.6808684965206,-1418.6808684965208,0.24795361344662073,2.0747980975149245
41,-0.6556162185531499,-0.6999269343004403,-1333.2366818450378,-1333.385941054118,0.3165299968934562,2.513676974117907
42,-0.6827078365827659,-0.6952607353617686,-1001.1762107768157,-1001.3456880667809,0.18861100633377867,0.9532509314459304
43,-0.6405626232741589,-0.6586465331727609,-1246.124493202963,-1246.124493202963,0.27989052172859724,2.3573639243380686
44,-0.6297175166877697,-0.6618723390158989,-1913.6128899048747,-1913.6128899048747,0.35980057266115567,2.9121948486862457
45,-0.6572023739476286,-0.6687098836166123,-1180.2325581395328,-1180.2325581395328,0.22478480559549446,1.4424107124479868
46,-0.6889178093702286,-0.7389463603899201,-642.917967641215,-642.9179676412151,0.22422752788537106,1.398740303765143
47,-0.6604999352651092,-0.6780715550358997,-1212.1566335476339,-1212.1566335476339,0.27767750391206136,1.9544462454483602
48,-0.6654778426050172,-0.6827173797339502,-1343.8966120093314,-1343.8994765779505,0.24284968664093648,1.8120150268534339
49,-0.6323461544126804,-0.7082214744857055,-1496.4545043697742,-1501.1288877422617,0.46593685836061227,2.7099278238597853
50,-0.6429786708478726,-0.6624684710165432,-1552.9041999798244,-1552.9043056061535,0.3182194692244477,2.680268453420503
51,-0.6702601097274469,-0.6989596375983642,-1173.904449834924,-1173.9044499449635,0.2941920375973469,2.2468752147503235
52,-0.6439609128631407,-0.6528241123791907,-1711.7686714436493,-1711.8107791124337,0.2554144467051084,1.924276127216012
53,-0.635511154582624,-0.7026670501446645,-1316.6749134092106,-1316.6749134092106,0.4244956416144986,2.714487663976758
54,-0.6298585606667857,-0.6781375402466695,-1815.7457650265444,-1818.6295903911478,0.41913368897982217,2.911152657297607
55,-0.6544526855446751,-0.6740664133081333,-1390.9038222809031,-1390.9040791597638,0.2985179293615743,2.2580481963800225
56,-0.6478081321700884,-0.673083964085428,-1600.0781860828765,-1600.078186082877,0.3073904655200011,2.6982363855245555
57,-0.6427276711199802,-0.6550543106017191,-1716.8790012608972,-1716.8878570798947,0.27266195418060324,2.2454376600765134
58,-0.6641624615492339,-0.7322166739490137,-980.0008295723421,-980.3349259078477,0.21531823826240457,1.2185038889092692
59,-0.6620503423798406,-0.6893944579887746,-1058.5375734251631,-1058.5375734251631,0.2034834859840931,1.542356181513027
60,-0.6237097065190582,-0.7137190160853436,-1482.1890915079211,-1485.5717150644243,0.4090436305746242,2.3027288530457817
61,-0.6262106346144202,-0.6470124500894785,-1630.2540964141506,-1630.2540964141506,0.36766057272623803,2.867845793211827
62,-0.6745372354868843,-0.7053922793950866,-1141.9044499969243,-1141.9044499990102,0.2771137589172522,2.152786698520427
63,-0.6174520080415824,-0.6790370256593811,-1949.004920547293,-1953.421057878627,0.39866291792277353,2.7791089825521342
64,-0.6342328567527088,-0.6552858929894226,-1808.9695922663973,-1808.9695922663973,0.3531069739995655,2.9128937966476447
65,-0.6405212534120024,-0.6587565629260612,-1561.9037860163198,-1561.9040580540493,0.32354377589288,2.629708864605869
66,-0.6392672867347293,-0.643229717683873,-1612.9054899933778,-1613.1566893526003,0.25415879628704285,1.7046363306595838
67,-0.6731408749025501,-0.7084796398192855,-799.6047430830037,-799.6047430830038,0.1723853510117213,1.2359984162206046
68,-0.6088091817492389,-0.70444176564809,-1629.1611185086567,-1629.1611185086567,0.49404746106400105,2.7265803270592874
69,-0.6371387443028329,-0.6665921427617164,-1784.3486336525423,-1784.681677607973,0.34049275331716533,2.9118842312655375
70,-0.6334824095906345,-0.6504973221124093,-1734.521431863578,-1734.521431863578,0.30709444550519016,2.710942609440228
71,-0.6820742610055979,-0.7234087452910575,-782.3893023842561,-782.3893023842561,0.2611989462801649,1.7939194714029114
72,-0.6822543478648724,-0.7195954035483523,-911.9521912350626,-911.9521912350629,0.20514510445333065,1.244533669740368
73,-0.6417932771263171,-0.6876173146323741,-1563.4144378701117,-1565.6148658904253,0.3996333773216498,2.9111279760578435
74,-0.6952161842437229,-0.7481812447395182,-569.6631936031034,-569.6631936031035,0.22715147069404767,1.3601414792847872
75,-0.681665076634674,-0.7263701530213967,-983.4183472452835,-983.4328004304706,0.22705819648545708,1.3587496299367952
76,-0.6286886450396608,-0.6413507859389053,-1819.8871478503615,-1819.8933735241983,0.32085657183981586,2.659366506356554
77,-0.6840096357844334,-0.72391775670483,-996.1493088820865,-996.1493088820865,0.24219285998511317,1.5267518710547527
78,-0.6480505032091182,-0.6793735835910548,-1595.615746045484,-1595.615746045484,0.24115729777642417,2.161452486134278
79,-0.681264242881879,-0.7145678634053183,-1060.9044476916895,-1060.9044491982131,0.2449057668332544,1.6644232022736212
80,-0.6334364738576013,-0.6409565971662897,-1861.6696108176936,-1861.7394782917572,0.2709737102888584,2.042839065310273
81,-0.6283930055779849,-0.64478969054484,-1813.9040740633804,-1813.9042317269225,0.34221048214750643,2.870324316000982
82,-0.6564259893735648,-0.7215273287037786,-1168.196533824461,-1170.8896478577067,0.35543875091467075,2.3087345103276595
83,-0.6495484201821247,-0.6937010368970338,-1437.0048175951035,-1438.3059245417417,0.3564973590289707,2.880027653913326
84,-0.6831791924969095,-0.7244503042833116,-648.1435335160719,-648.1435335160719,0.197202735075708,1.3090555988139336
85,-0.6395878164476583,-0.6985013565943569,-1321.5515262795511,-1321.5515262795511,0.4088334748290938,2.7847812749344096
86,-0.6524843962169522,-0.7193005420145477,-1215.6294905870634,-1218.586654273922,0.3758905500750396,2.3606543675874856
87,-0.6176773648748507,-0.6824586681194876,-1911.7308870893096,-1916.3059265416894,0.410604622049969,2.7770446011679053
88,-0.6435230295420161,-0.6771500458854779,-1629.280610387131,-1629.6942152470335,0.3467627419088944,2.9111717431638833
89,-0.6323633942736812,-0.648349012395221,-1845.9034881466087,-1845.9038796661273,0.3225617967636794,2.8204166682076863
90,-0.6368281757351487,-0.6588605760265286,-1786.9044499997035,-1786.9044499998495,0.33143082263791307,2.9125787600822655
91,-0.6622259163703962,-0.7218014872583591,-1098.8766649426755,-1099.4058089791097,0.2774239188862678,1.7798763113847724
92,-0.6661372986274565,-0.6937034686313026,-952.7764594209767,-952.7764594209773,0.2583899519384962,1.996560363393604
93,-0.6784386038974584,-0.7169002000730422,-640.5772288125247,-640.5772288125247,0.1810464314940324,1.2179514877837572
94,-0.6613038264244799,-0.6696184733025585,-1215.9386214577437,-1215.9386214577441,0.22056404190352033,1.3608101287716738
95,-0.6935904129161401,-0.7186742633753206,-928.88081961651,-928.8890629377582,0.21725346359351444,1.1819575105488678
96,-0.6577939510263479,-0.6862090485613124,-1387.1758045098818,-1387.175804509882,0.3091644988550896,2.647575452998095
97,-0.6620231312139709,-0.6736998833893856,-1292.762609530566,-1292.8045546308658,0.2465406347001065,1.7098465833025234
98,-0.6759230776140185,-0.7012824479646602,-976.7265368074886,-976.7265368074886,0.24202515904465985,1.5597909699045436
99,-0.6478424709501843,-0.7128856891253382,-1282.4424326407363,-1285.257707137672,0.3451203550309403,2.3236277979330016
100,-0.6343382920286504,-0.6603057031655548,-1846.5965359659822,-1846.6850801721978,0.37225999350700306,2.9126638674310423
101,-0.6496236853052997,-0.688225472521202,-1488.7046050420897,-1489.2651106702367,0.29770904581814794,2.584661951990257
102,-0.6448030468800998,-0.6677096530895965,-1616.9044498162525,-1616.904449904181,0.31410487045398605,2.854899180595399
103,-0.6465617735303092,-0.675209864800272,-1596.0904940338896,-1596.0904940338896,0.3367586907354221,2.9113484306847583
104,-0.656588183676525,-0.6741620203334482,-1388.9006096321582,-1388.9020679388082,0.2795985133939755,2.1039932802674164
105,-0.6450883860378135,-0.6522192754673879,-1713.6427905748537,-1713.7194316729604,0.24358982180786515,1.7791394898328579
106,-0.6443290571380212,-0.6639185087585967,-1521.904233998302,-1521.9043256177358,0.3206371375420478,2.6502967555541255
107,-0.6313696953225885,-0.6882523090351108,-1573.6118186449307,-1573.6118186449307,0.4160250500573832,2.8933821062120577
108,-0.6707248524324162,-0.7132866552798546,-1139.8905699293994,-1139.8905699293994,0.3166831479696227,2.4230132155992496
109,-0.6688183946789893,-0.683263088400224,-1203.824749268654,-1203.8493644906584,0.24298813892791093,1.6226437311336261
110,-0.6315001941125119,-0.6983965351747385,-1560.435907262506,-1564.2859308283844,0.38076314205674605,2.567509691208886
111,-0.6495935481661536,-0.6896844594298691,-1474.60353514644,-1475.5827744580697,0.2982038757204396,2.549925909367304
112,-0.6664923389432035,-0.7349853519964399,-952.8237856652954,-953.1579997238093,0.21501764764724587,1.2277830067625648
113,-0.6831500996978337,-0.718988592262826,-1026.9044317210364,-1026.9044402431527,0.22092102605889063,1.3895636430554474
114,-0.6457885189954004,-0.6685859564767082,-1698.0293123173979,-1698.0293123173979,0.2754083061004356,2.565286374152245
115,-0.6827043337297796,-0.7129756105966802,-953.5887044058065,-953.5887044058065,0.2575390130169299,1.6537894260949626
116,-0.67452881164279,-0.6841727534698482,-1182.3765713148755,-1182.509290218928,0.1965241561305188,1.139507253444848
117,-0.6937822698439424,-0.7246271574395773,-933.8948090611505,-933.898500375827,0.18523528660066574,0.9985122620289169
118,-0.6409295500006741,-0.6725538726473731,-1745.0042590390924,-1745.0042590390924,0.27851887728083335,2.6252377587756386
119,-0.6577244393534863,-0.6832563597663415,-1203.6705461056426,-1203.6705461056429,0.21595499399811535,1.6810350799337994
120,-0.6755490383831035,-0.694879215017884,-1197.8918668772806,-1197.8963193534862,0.2182679353330308,1.4680763527411154
121,-0.6265674336165754,-0.6439058543043819,-1768.9043048070803,-1768.9043673333886,0.35614094838708676,2.8954987413471005
122,-0.6730249461975171,-0.7284675521989334,-978.804852736662,-978.8897664276703,0.21447747048562704,1.2167420974327392
123,-0.6760661452199804,-0.7081934864916724,-1123.9044499999561,-1123.9044499999864,0.2707577556893234,2.0338446341921896
124,-0.6349188856310652,-0.6466180410702745,-1658.8594713793211,-1658.8745404313086,0.3052910416024912,2.3226457872954303
125,-0.6522578822782548,-0.6644271883503501,-1424.8367351314935,-1424.8583562755925,0.26815740897036333,1.9164338675303134
126,-0.6583862016392498,-0.6644916161306447,-1417.6191803735644,-1417.6191803735644,0.21928702736393976,1.4715010205006327
127,-0.6712082577505498,-0.7028201430370178,-886.67992047714,-886.67992047714,0.2610628617423324,1.9555326187763002
128,-0.6687452475703722,-0.6762621401664641,-1246.1383692483569,-1246.3231833710067,0.20002027559584307,1.1810437730193337
129,-0.6360153752261489,-0.651896111888919,-1443.129330254045,-1443.129330254045,0.2718903122922787,2.3231132117819984
130,-0.6607977038174372,-0.6976891493306361,-1320.3320834770911,-1320.3320834770911,0.318401962305076,2.563311641117285
131,-0.6317502574321586,-0.6698017344023801,-1880.08945709691,-1880.08945709691,0.31353258906955556,2.7147629433187257
132,-0.6584195486494414,-0.6728835273158895,-1288.86583533884,-1288.8785723674769,0.27419420148662194,1.911041098137735
133,-0.6390742207203994,-0.652413133550846,-1750.8913248425663,-1750.8960607521647,0.2877805211195811,2.511413797225744
134,-0.6898261511076297,-0.7304082332763706,-543.2988492386391,-543.2988492386391,0.15791641355255318,0.9143978942644909
135,-0.6479171087720368,-0.6791293784758269,-1531.1054665488548,-1531.1054665488548,0.3550517312817224,2.911670445313795
136,-0.6335168251326847,-0.6982519600902521,-1551.345594741286,-1555.121849315429,0.40330858155775956,2.7012019411270414
137,-0.6563022021027617,-0.6947004658766026,-1375.2420829719238,-1375.2874934949118,0.32519447355384307,2.6443380334091664
138,-0.6889863260697089,-0.7201798703503762,-963.9035918267891,-963.9039610149053,0.2453549670784014,1.5235674219835658
139,-0.6723279498812432,-0.7002810834220283,-810.3400608238877,-810.3400608238879,0.18344555866606188,1.249401934190947
140,-0.6324829854825892,-0.6626154574700904,-1865.9113592089311,-1865.9113592089316,0.4024961893587879,2.919298430581915
141,-0.6549917303177989,-0.6848729528747137,-1332.2604242867606,-1332.2604242867606,0.3308180036476301,2.770171069624055
142,-0.6346974500835089,-0.6771126197141546,-1679.1626095423626,-1679.1626095423637,0.3777186675682865,2.911152190494746
143,-0.6853676810852162,-0.721420898957658,-983.9035386523316,-983.9039302021132,0.1833307760180736,1.0520117551742576
144,-0.6271169260195979,-0.6689649930452258,-1900.0780656973623,-1900.6627371913312,0.40974431699243746,2.912084629228718
145,-0.6759304066209219,-0.7155404494822247,-576.8061725508551,-576.8061725508551,0.16018473296657892,1.0302541002149126
146,-0.6522142179047681,-0.6930897089297245,-1213.7605042016844,-1213.7605042016846,0.2529702872239492,1.9151555613579168
147,-0.6749416621537204,-0.7036176711445891,-750.5070993914807,-750.5070993914808,0.18565484855134873,1.2259931178541423
148,-0.674613536983777,-0.704053422506626,-1179.9044330793088,-1179.90444316371,0.23246764982481594,1.6781764153495797
149,-0.6810382875876475,-0.7224819116730489,-580.7499661567633,-580.7499661567633,0.1584027568221365,1.0425673784374774
150,-0.6400239122919595,-0.660414377306409,-1732.90444428536,-1732.9044469013068,0.3114981860578433,2.894438706215524
151,-0.6699686964481749,-0.7224251807049737,-925.022261798754,-925.0222617987541,0.3102011296736633,2.0982660278300944
152,-0.6292182381895814,-0.6863683438695495,-1556.1471442400773,-1556.1471442400773,0.44660335708103643,2.9112561823655265
153,-0.6507087215574859,-0.7261228438305205,-1144.3323200015946,-1147.7355665435716,0.30981008125849324,1.7829644017519728
154,-0.6714150876533949,-0.6953895641369988,-1094.7550717466613,-1094.7550717466613,0.2723402609614172,1.9464920767785485
155,-0.6615562743715634,-0.6919120556557504,-680.0586841214313,-680.0586841214313,0.1610498675172737,1.2210572061139786
156,-0.6797971160207567,-0.7033296742303345,-1049.9001036367981,-1049.901757316701,0.2580715875500462,1.6918127458871306
157,-0.6425561239627895,-0.6745923645621057,-1707.0866789049605,-1707.6290852122213,0.28847451009998465,2.6623917734831766
158,-0.6632627185871903,-0.6921040725231613,-923.0589335827879,-923.058933582788,0.25126139574068135,1.9816048003021922
159,-0.6739855248624501,-0.7272466965202149,-989.8375273378741,-989.8707708412994,0.2230335907838768,1.293427297880078
160,-0.6650493867082555,-0.7030629110560443,-1011.5236875800294,-1011.5236875800294,0.2603250779658606,1.9990435336547574
161,-0.6219138652579119,-0.7098108825091957,-1618.019278358785,-1618.019278358785,0.512099933774421,2.7408307108377614
162,-0.6880231575557224,-0.7349701369157365,-668.3537559936095,-668.3537559936095,0.23000590082893946,1.4725549321802174
163,-0.6550270102570186,-0.6737693635014202,-1169.963778211207,-1169.963778211207,0.24183917860028842,1.861896281365918
164,-0.6776865635548537,-0.7240088077793285,-1028.8576853119446,-1028.8576853119446,0.26998733439425654,1.745054678427878
165,-0.6386422482825219,-0.666783312280534,-1797.4372474005427,-1797.4372474005427,0.2900909125134534,2.6383103055420007
166,-0.6199822444632038,-0.6363384811104391,-1713.8457894113478,-1713.8457894113478,0.353259643801786,2.7886623979216982
167,-0.6549431993651503,-0.6740869916646702,-1476.9039380099382,-1476.904149125432,0.2814682425131556,2.2919050235765828
168,-0.6428833999475944,-0.7055408916763151,-1403.555365023923,-1406.7652658270958,0.404743472167962,2.6959368613859747
169,-0.6387214437399232,-0.6689593145697207,-1711.832544818243,-1711.832544818243,0.3735194863906406,2.912321286302534
170,-0.6367637208527734,-0.6916590380483657,-1589.2169525995776,-1592.1294827449224,0.39067095253478834,2.8478535624662698
171,-0.6806039881536192,-0.7221341322999703,-1025.7172172242274,-1025.7172172242274,0.2711640276837787,1.8245340435363846
172,-0.6672058518570059,-0.6943016901643447,-1159.0472531694256,-1159.0472531694268,0.2285442042615649,1.67799534621709
173,-0.654230870293034,-0.6792362826462934,-1015.6564526951481,-1015.6564526951481,0.2697546754808821,2.2762327632715635
174,-0.6628828255558058,-0.7030038814163823,-1061.5883306320925,-1061.5883306320925,0.31093008627948115,2.5167399338341876
175,-0.6826202662906129,-0.696737276189112,-1084.6705342962996,-1084.734818531668,0.1929033355365264,1.1050583979459547
176,-0.6764396249510809,-0.7168143750200506,-1073.8720499416759,-1073.8720499416759,0.3048805854089831,2.284595383240113
177,-0.6408866994466003,-0.7137481130312232,-1346.8706460691105,-1350.6361205015148,0.39735937309626534,2.445829276536866
178,-0.6454900266368424,-0.66065093077007,-1486.894500638529,-1486.8981169601295,0.30362186996788293,2.2046770966016496
179,-0.6368750620734188,-0.668244689451061,-1801.1646424497917,-1801.1794581912134,0.29908098927858756,2.6835116418591296
180,-0.6383642497889683,-0.6665134287319736,-1735.8670334664741,-1735.8670334664741,0.35658628648556484,2.9122547319902896
181,-0.649407616659019,-0.6973586461098535,-1394.1661239100397,-1395.2000214020609,0.30541740328566674,2.3937867235991024
182,-0.6571674084278206,-0.7527624039716357,-975.9876412044412,-981.4404567437751,0.39396990280057687,2.076791238195021
183,-0.6612341501156761,-0.6824806127786383,-1352.904173677635,-1352.9042895284422,0.2783885380892102,2.1577531373473873
184,-0.6610253947562869,-0.6789551299271542,-1510.9037704270008,-1510.9040478492116,0.2271020595012785,1.843773573530341
185,-0.6669953339748679,-0.7110234730342508,-1179.0154793937897,-1179.0154793937897,0.3273015503756633,2.515558851212985
186,-0.658912873849623,-0.7105645234485355,-1220.7947474073167,-1221.28054323973,0.322208600804249,2.3027652262577476
187,-0.6796478071950459,-0.7344549383031254,-959.1940920399502,-959.2934328017668,0.28281809301656985,1.7103340660919306
188,-0.6193963617187463,-0.6236053061208647,-1881.1474214887455,-1881.3501723966767,0.2953803895698392,2.103597001595308
189,-0.6619677417384204,-0.6834539687989855,-1400.9043142654527,-1400.9043723731209,0.2662811908631175,2.2043612856269377
190,-0.6625773634352314,-0.6926393556566409,-1036.8165439448553,-1036.8165439448553,0.2503499290220602,2.0045807819112333
191,-0.6700765546658085,-0.7030163135969973,-853.8608806636877,-853.8608806636878,0.23511070900378087,1.769048799646831
192,-0.6623987436002191,-0.7150397469807508,-1159.5532173574575,-1159.8371788007764,0.2989578454251208,2.0839971080881496
193,-0.6396780088943143,-0.6540221983978218,-1793.9011457105312,-1793.9024249048805,0.29390391508566643,2.67689486632623
194,-0.6490031346061694,-0.653627427384545,-1476.944790714247,-1477.1811318346556,0.23498744436860225,1.5704571784449097
195,-0.6743811656581183,-0.7084277003730377,-897.1221781837008,-897.1221781837008,0.21471638658106518,1.4660225474042599
196,-0.6528047748824568,-0.7020988433932586,-1331.6481100574074,-1334.4594001973878,0.3417684768102177,2.6049281776929623
197,-0.6474316392047316,-0.6916688621806909,-1331.609870740307,-1331.609870740307,0.32039580341290147,2.599831105404425
198,-0.6278205469551797,-0.6691731280265794,-1910.4145492899268,-1910.4145492899272,0.35791839767872186,2.8062298028897548
199,-0.6347257763334686,-0.6531089364198585,-1416.3312994937082,-1416.3312994937082,0.29923051622974617,2.5233996317046627
200,-0.6845374157996843,-0.7339846778846969,-942.6947914549398,-942.7132972611963,0.2720635545596869,1.650315188417514
201,-0.6533251892368308,-0.685960884441755,-1436.2669425648003,-1436.2669425648003,0.34883223394160146,2.876804319166366
202,-0.6517224989593734,-0.6660243557216081,-1537.8912333446776,-1537.8959785872564,0.26845163241478043,2.0989821350826654
203,-0.6474502826665971,-0.6652202571902328,-1509.9029906654687,-1509.903571011233,0.30274887286583685,2.46481749317111
204,-0.6603200069166448,-0.6817789872064857,-1482.9044306425476,-1482.9044392993278,0.24372139339836918,2.0445956582437543
205,-0.6834502319216628,-0.7108225722380982,-1035.9033651014777,-1035.9038108705627,0.2449211174574775,1.6130199407850117
206,-0.6439589957233487,-0.6595349867809486,-1577.899297066467,-1577.9012371079755,0.2993367327231777,2.436471456410216
207,-0.6765451296618036,-0.7154999936368338,-797.0058360822135,-797.0058360822135,0.24869318334336482,1.8301799977388895
208,-0.638430267538815,-0.6538452108093147,-1350.6598437920825,-1350.6598437920825,0.26454817235027567,2.2221005014429327
209,-0.6702430264075008,-0.7207775582256348,-1092.8774797584208,-1093.6964241997798,0.3310045960515027,2.295863475253909
210,-0.6650032971466029,-0.7172795930730934,-1121.222317906019,-1121.222317906019,0.2712284641121752,1.8117036276611331
211,-0.6686167574383677,-0.6777430733327471,-1163.1757415043826,-1163.349705757563,0.21062197454359,1.1954650374186044
212,-0.642387922068574,-0.6911571030060558,-1520.4430351558783,-1522.6815074859542,0.36944143936521273,2.8698813619073786
213,-0.6481751432468387,-0.7065397328373134,-1333.7014289612498,-1336.093958585437,0.3538960053163464,2.546158528592247
214,-0.6402606151175941,-0.6907720238835444,-1555.8937033263808,-1558.4083293858905,0.39614657942753284,2.9110739343764815
215,-0.6597928337777598,-0.6702316680577926,-1387.7522020006518,-1387.7974244819595,0.2370750814277993,1.7066554617537364
216,-0.644825351113019,-0.7219989717104469,-1193.651753236185,-1197.3156921249827,0.2921275320666093,1.5933157623899454
217,-0.6880173072119986,-0.710264365088328,-985.8783817764794,-985.8871805758303,0.22230915215149546,1.2854373036555853
218,-0.6562230836778332,-0.667087618853965,-1302.7276603858247,-1302.778908296092,0.25773216446586433,1.7244906386050853
219,-0.6398629362563351,-0.6529634483833704,-1492.3685698134589,-1492.3685698134589,0.2704556963857253,2.060635799562696
220,-0.6299864678169295,-0.6792532875790129,-1796.461966353352,-1799.2214876764633,0.37314781354985943,2.849209259816235
221,-0.6694360419653321,-0.7016542789323349,-742.8182127852856,-742.8182127852856,0.19974838330694278,1.3803408253431155
222,-0.6522724035193148,-0.6671551509050005,-1397.884826765557,-1397.8916544991448,0.28406443311129675,2.053560659613096
223,-0.614052523060748,-0.6922733331970217,-1860.4095630985553,-1866.924802332063,0.46710606723136583,2.792515222644589
224,-0.6466288397935873,-0.6750019492081477,-1575.9054741825498,-1575.9054741825498,0.3396979386756076,2.9117737973139324
225,-0.6386733369262316,-0.6507427837022913,-1746.8752084699452,-1746.8852571337632,0.2832114213631978,2.3161973262968854
226,-0.6893627192046038,-0.7429739027554093,-622.0566318926981,-622.0566318926981,0.2259765670158003,1.3807250183909043
227,-0.6204336231004095,-0.7517297231924854,-1224.3013389261325,-1254.4233805267297,0.5080275442956641,2.512828267286165
228,-0.6557036717153388,-0.6775533375370051,-1240.0153119816323,-1240.0153119816325,0.2901121316596591,2.2113734050533544
229,-0.6467747341542316,-0.6622452572669014,-1785.9042506531034,-1785.9043355016017,0.25712959532205426,2.412826657402061
230,-0.6295489724312161,-0.6766443702093866,-1816.0590270147359,-1818.8314296558447,0.42780407849637114,2.9114232543708964
231,-0.6359450513768287,-0.6529019776088495,-1811.9042983424306,-1811.9043634661239,0.3208377814029545,2.868069718223755
232,-0.6595042693002832,-0.6782358090542095,-1309.9019236671647,-1309.9029025890775,0.28882427483652773,2.121264457089402
233,-0.6853427438886056,-0.7120379181886953,-1034.9014704311173,-1034.9026303727776,0.2200649675823948,1.3682658603970712
234,-0.6507957930413695,-0.7005789106297732,-1351.9111374975712,-1351.9585210911762,0.2988653887858626,2.3032200011765633
235,-0.6764872498940752,-0.7156429859852178,-858.5107723321186,-858.5107723321187,0.2809589454740744,2.0521931410531
236,-0.6611191926990979,-0.7337743009473564,-903.4648071475298,-903.4648071475298,0.3488535855071624,2.09299625802225
237,-0.6926310564174217,-0.7454497486418034,-567.0292414182803,-567.0292414182803,0.2043026180766212,1.23692424622448
238,-0.6173184120158247,-0.7265295680072665,-1494.8920772621339,-1499.171485373177,0.5065634839513374,2.3975375546053046
239,-0.6501485295132298,-0.6739952690165845,-1520.9044498913233,-1520.9044499436748,0.31151642866912604,2.7926079854025643
240,-0.6818402568211716,-0.7338382313160554,-925.5175157735823,-925.6770361647733,0.22122240041970073,1.2263556513569613
241,-0.66933098986894,-0.6992086329996187,-1251.9044499999918,-1251.9044499999975,0.2626391231223893,2.082899764477402
242,-0.6813070973770035,-0.69990025961342,-1133.8644188192125,-1133.877466739761,0.1910193321903678,1.176270023640254
243,-0.6527094772011138,-0.6659277730731681,-1534.8767154804277,-1534.886240415306,0.2571527032920627,1.9609230160318485
244,-0.6867422216274848,-0.7037776797441943,-981.7089345275622,-981.7632899385835,0.2035388176872307,1.083387590270402
245,-0.6494664836380993,-0.6598444843052567,-1410.7544015825777,-1410.7992645368813,0.2699769183379756,1.8591628379647898
246,-0.6587169232576005,-0.6947036647397141,-1133.819241982507,-1133.819241982507,0.3293299201501589,2.6817575311453004
247,-0.64599827194666,-0.6581058480068426,-1577.8633140658599,-1577.8771032133675,0.27657164267813605,2.050492573579374
248,-0.6690158521487994,-0.7024758913091546,-1161.3909942041894,-1161.3909942041896,0.23201060789654554,1.665979224808822
249,-0.6479454155670585,-0.6901087983769678,-1300.3286770747768,-1300.328677074777,0.3439355080556633,2.7503084965804048
250,-0.648463868229517,-0.6810853739976876,-1580.846885117431,-1580.846885117431,0.3041505391023566,2.67298956530112
251,-0.62830751819226,-0.6325011201402374,-1703.0364154483027,-1703.2596152071817,0.2784760742993714,1.8621802463221873
252,-0.6235500670706351,-0.6306667628015143,-1721.6045493103732,-1721.6914302734087,0.30792858392998906,2.1293724979438995
253,-0.6401301110910145,-0.6530367573973659,-1689.883905614478,-1689.891109170556,0.28910541192155365,2.3433587079457143
254,-0.6589241692577056,-0.6850729905490466,-1417.9044499984427,-1417.9044499992087,0.28831839778278084,2.4480997873821546
255,-0.6596411474673357,-0.7012816377850807,-1296.885733953865,-1297.0480254296433,0.3336939431282908,2.609516228122426
256,-0.6826548181880733,-0.6951472570946442,-964.3467365303562,-964.3467365303568,0.18597497095054707,0.9336148055492438
257,-0.6836818213881966,-0.7112693128693282,-1017.9033609568677,-1017.903813087573,0.2558088384315176,1.6440406082050265
258,-0.6798810076944936,-0.6940226606606341,-1148.749329731652,-1148.7941991192533,0.1913880630763826,1.14765443959342
259,-0.6350298135832482,-0.6899064785075434,-1406.3950489943295,-1406.3950489943295,0.3710417824591074,2.710136227076857
260,-0.6509653073196447,-0.6806833517176137,-1559.6970555788685,-1559.6970555788685,0.29528443077911265,2.625943527446212
261,-0.6512629632919501,-0.6642175160770851,-1640.8861034359754,-1640.8926088794415,0.2496752242887678,2.04159087141781
262,-0.6411640391873199,-0.6833367130948259,-1603.5946528256495,-1603.9394346348902,0.3854966394758684,2.911096760648923
263,-0.6648441317890438,-0.6826860745813672,-1394.9010047118206,-1394.902319584712,0.23707235511248567,1.8794964802189504
264,-0.6340015156257415,-0.6617335202070982,-1862.0062893464358,-1862.0062893464358,0.38130171290924453,2.9127650729154992
265,-0.6305334174438609,-0.7009451399825859,-1575.9789080510895,-1580.4884904500022,0.4518828632535348,2.80883077336468
266,-0.6563978560292277,-0.6732067692577256,-1111.0096976611576,-1111.0096976611576,0.25079421435972343,1.7140491030985168
267,-0.6646331883690773,-0.7230872371932631,-961.4254944194247,-961.4254944194247,0.3326590704068456,2.1983251302808893
268,-0.6257385283039346,-0.6779152484386737,-1880.0493323011272,-1883.4298743719255,0.42437905686778915,2.9111698180418557
269,-0.6737810934320798,-0.7319080117120701,-844.9640287769814,-844.9640287769814,0.3072974109913437,1.943998995624939
270,-0.661290500478094,-0.683940488223796,-1411.904414156314,-1411.9044300124808,0.2693990505744645,2.2592417345528535
271,-0.6666584962939037,-0.6889786837351886,-976.7981438515079,-976.7981438515079,0.18805826277539064,1.3423655816917441
272,-0.6622043105222329,-0.7226942643584136,-1110.0812395916967,-1112.2029056711272,0.31788732303695055,2.099417483657666
273,-0.6617223617337107,-0.6893734798399422,-1276.9044499999561,-1276.904449999978,0.3129693231505922,2.5819071382801835
274,-0.6616209865617155,-0.7124541572774239,-1196.3213081969493,-1197.0381474042554,0.33851493733847965,2.435025113106922
275,-0.679621358845043,-0.7190719184219241,-641.26439598138,-641.26439598138,0.18632769833156076,1.2387447842029091
276,-0.6746159423384914,-0.6990204676039788,-1108.903691176922,-1108.9040027764747,0.2758951153432449,1.9757757319808729
277,-0.6785107919385925,-0.7322284453984113,-753.7742631200597,-753.7742631200598,0.24843518719903088,1.5418189086171845
278,-0.6508384620864608,-0.6845063644373596,-1285.543130990418,-1285.543130990418,0.29821847558730635,2.630895837959391
279,-0.6502683225137398,-0.6743901312660333,-1524.9044499593326,-1524.904449979058,0.311299531923904,2.7938250727883793
280,-0.6682691584127194,-0.6954163784006513,-783.4034876728813,-783.4034876728813,0.18598565211507895,1.2476969732816812
281,-0.6366363438545676,-0.6655410634282797,-1797.9816807792415,-1797.9816807792415,0.34252799370650844,2.911996181352551
282,-0.6804963946722629,-0.7249312521689973,-763.1542604612615,-763.1542604612616,0.250929334259983,1.791932590043059
283,-0.6746245301204343,-0.7324148299598402,-827.3020422787556,-827.3020422787556,0.29920080418779377,1.895734958416334
284,-0.6337911691245245,-0.6740067091413381,-1777.1338277416155,-1777.1338277416155,0.3675607773778919,2.9094381398597595
285,-0.6281456677997324,-0.6913394038242434,-1694.4797598969033,-1698.7135420111483,0.46097419625095903,2.9113431934657923
286,-0.68090112598289,-0.7193812655542314,-694.3817555529185,-694.3817555529185,0.21053761937704918,1.4446338703379422
287,-0.6733354016106423,-0.7011257244252267,-835.1946875943269,-835.1946875943269,0.1827087385948792,1.2357321152762288
288,-0.652780380065034,-0.6770326614743192,-1176.2108052406904,-1176.2108052406904,0.26672391204424084,2.337147569615774
289,-0.6808527736334556,-0.7246193035546079,-1008.7130767078131,-1008.7130767078131,0.25260555826280756,1.5959785090080305
290,-0.6341626820955761,-0.7198013599642847,-1358.8562985635476,-1358.8562985635476,0.43333329995808534,2.34382584210652
291,-0.628095694854582,-0.6403156915853455,-1731.8799824132966,-1731.8885794542737,0.32507259719485665,2.534717779911048
292,-0.6389740927941998,-0.6600618627562337,-1627.9044369924677,-1627.9044428856591,0.33006414564188624,2.848223946039937
293,-0.6378539975328478,-0.6623684919924117,-1852.8505975729488,-1852.8505975729488,0.2741462317131009,2.562457138563101
294,-0.6627740271386486,-0.7021585592019535,-1272.1723633884192,-1272.1723633884192,0.31737457386300366,2.502567904275668
295,-0.6693875649127387,-0.6983058382523095,-990.5860202400556,-990.5860202400563,0.2788274368905614,2.0413451757750525
296,-0.687626205077528,-0.7208833795105509,-957.9044273022864,-957.9044420209981,0.2712124912950698,1.7802569446540732
297,-0.6533838497240371,-0.667222667304597,-1417.8730149840542,-1417.8836281545869,0.27249196494114764,1.9840889288158745
298,-0.6295017025818324,-0.7452549577619653,-1202.8152182894928,-1218.7826003109992,0.46329113460784305,2.2095007809130642
299,-0.6644138456290939,-0.6763080745142198,-1419.8224136049691,-1419.8482859702985,0.2131931561510239,1.5126285591784292
300,-0.6549727675116441,-0.6696606189178369,-1466.8864073706663,-1466.892743354506,0.2597297588539488,1.9711927251185695
301,-0.6434544511480221,-0.7104215697025485,-1332.032764829308,-1335.0590181530654,0.3383775814565827,2.2830557328232475
302,-0.6356580273043198,-0.6566458365160145,-1875.9044499999736,-1875.9044499999866,0.3248858066574853,2.912744785145798
303,-0.6489525229733766,-0.6789646046462805,-1598.8167258268588,-1598.8167258268588,0.29160144215041744,2.6351716015749767
304,-0.612599091635654,-0.6886300313607738,-1840.4126213592274,-1840.4126213592276,0.5062732524057948,2.9115519851662577
305,-0.6356625613083017,-0.6825670956177267,-1673.9178594283544,-1676.2350703802226,0.36670311429372876,2.885938309780801
306,-0.6714283177103307,-0.7322252177993949,-888.0974695407691,-888.0974695407691,0.32420925759498037,1.9906668320403584
307,-0.6169840292830758,-0.7298640204879265,-1455.3970080724432,-1462.3580825028707,0.4945086786740243,2.3828899251286733
308,-0.6511522743808873,-0.697304061561995,-1382.6352422591654,-1382.7810095819157,0.29806341444239076,2.340306631512124
309,-0.6390352499185367,-0.6652114398270078,-1738.8559899654153,-1738.8559899654156,0.3447298333992218,2.912246585320649
310,-0.6507067173057912,-0.7075785479487902,-1131.03802672148,-1131.03802672148,0.3008295772329645,2.1239729082740935
311,-0.6731242945896682,-0.7099407536453699,-834.4697860333913,-834.4697860333913,0.26495321865526195,2.0132028942769318
312,-0.6302242504986909,-0.6330248824231847,-1884.856006211066,-1885.1231146348034,0.25993913292947307,1.8571329997393866
313,-0.6499171126570401,-0.7068144579114432,-1274.022302030142,-1274.1467877236055,0.24918428466189882,1.616830840565856
314,-0.6288721779962692,-0.6630432428256451,-1922.9272663230545,-1922.9272663230545,0.36399748308005525,2.9120190170667777
315,-0.6678431939041543,-0.6941223147240159,-805.8265401576916,-805.8265401576916,0.17596193073715796,1.2331889649251135
316,-0.664119257967566,-0.6906220878102973,-821.3451051674903,-821.3451051674904,0.1832670301441889,1.3039266448275855
317,-0.6455837199244757,-0.6998066190374321,-1393.6339080974708,-1397.1953843057122,0.3017850989325747,2.2727050876062096
318,-0.6681366520057331,-0.7335558932558643,-1006.0988986540401,-1008.449819624131,0.3042010733585456,1.8043303606822683
319,-0.6810153564177011,-0.7273333621325258,-995.7880547104412,-995.7880547104413,0.2728124409404642,1.7379200130736003
320,-0.6547377161996347,-0.6713809896450893,-1440.8982686079933,-1440.9005678412195,0.27342527938189765,2.1049995882656294
321,-0.6515860867481511,-0.6884351055236518,-1471.699328939036,-1471.699328939036,0.3025804589830213,2.575586172174078
322,-0.682446991843595,-0.7166840820113234,-723.7556561085977,-723.7556561085978,0.21396762714577536,1.3147671332321733
323,-0.6552694854347406,-0.6983266391632454,-1187.7120914449033,-1187.7120914449033,0.3494202491758757,2.687403937857543
324,-0.6629359870666989,-0.6890547618199999,-1278.9044481120422,-1278.9044490048286,0.301712208475708,2.422175085853945
325,-0.6686289013056304,-0.7024856258539286,-1189.9254417636519,-1189.9254417636519,0.3177736526790761,2.5251813017843183
326,-0.628412802651489,-0.6822519798530505,-1746.870853061038,-1749.8174033812757,0.351270882845597,2.697015848981891
327,-0.6524502275882283,-0.6737037057504519,-1504.9044085776375,-1504.9044268836503,0.2947396225474846,2.6165841304931114
328,-0.6403223844967695,-0.6541199436316147,-1810.8990188172945,-1810.9010713242874,0.285119145853007,2.6833066376546695
329,-0.6480118907576246,-0.7506366658055038,-978.3993822383038,-982.885695312262,0.32892562241255396,1.705302844705985
330,-0.6674756683595955,-0.7004940396676739,-954.6005659743577,-954.6005658089723,0.2690149851526821,2.0904090073006576
331,-0.6448646238525787,-0.6882924986987118,-1519.2967866661345,-1520.0383729859543,0.35875599138383935,2.898983859830257
332,-0.6703229667395856,-0.7017376363207855,-1222.1636436590834,-1222.1636436590836,0.27070085343235145,2.13457658110276
333,-0.65568117647387,-0.711030374523717,-1064.455861746849,-1064.455861746849,0.3031972935388596,2.0996649694704135
334,-0.6419069899254062,-0.6454637672762138,-1665.9133611448553,-1666.164029143212,0.2433400370795409,1.6688868773477346
335,-0.6476386455600632,-0.6620488933433607,-1403.8841383381703,-1403.8911973968181,0.30066552254622675,2.112595142947783
336,-0.6954005638665274,-0.7231541492847582,-928.8754256893222,-928.8855701392026,0.16941807501347497,0.8698836156814337
337,-0.6614904334157787,-0.6678051431963884,-1241.5414213904562,-1241.8462007946964,0.2115710016199727,1.2352627616382794
338,-0.6497471563301068,-0.6650697815967295,-1713.9032992949062,-1713.9037631924273,0.24534851542994948,2.311704034251578
339,-0.6507007046725908,-0.6735523441821533,-1508.904448020242,-1508.904448944801,0.30849925258299504,2.7495897801571076
340,-0.6482675668769541,-0.6577644668089158,-1603.7859804167847,-1603.8228055192396,0.25489444522985877,1.8702277354323629
341,-0.6650081015643087,-0.7358253926129543,-965.5569383643003,-966.3080189725673,0.23708822584040762,1.3516075193169588
342,-0.6789521832181046,-0.7141556376488881,-809.3596952657371,-809.3596952657371,0.1847612521021077,1.1966923558259333
343,-0.6866687862413228,-0.7372535563514742,-749.4937807347425,-749.4937807347425,0.2722304880712877,1.7048671963944722
344,-0.6353620893015933,-0.655618332603675,-1737.9044495152975,-1737.9044497446714,0.34312989990924225,2.9126227491467627
345,-0.6462674261744157,-0.6610064769099728,-1438.8901988361179,-1438.8952688960082,0.30510655791643326,2.1451162057189626
346,-0.6284006513760785,-0.6423343736250668,-1325.428504343744,-1325.428504343744,0.272448578412497,2.3816035820387165
347,-0.63603915935828,-0.6594798030422384,-1739.2050490678778,-1739.2050490678778,0.34592545502012156,2.9126240733035758
348,-0.6820122333911718,-0.7046120380628171,-1048.8958016514935,-1048.8989533628683,0.24038144298459305,1.5223629902587603
349,-0.6680992055768223,-0.7034154822151365,-961.538461538464,-961.538461538464,0.22542516158352172,1.6573456208326276
350,-0.6353567528210682,-0.6570463781218734,-1778.9795842460946,-1778.9795842460946,0.34911749236454925,2.9127366132847667
351,-0.6747078397035223,-0.7172079296841359,-944.4321452291365,-944.4321452291365,0.21890534413326265,1.381362000092561
352,-0.67317506156169,-0.6815701273075302,-1133.805904967514,-1134.0525468845926,0.1904495088691122,1.052223821426935
353,-0.645238756314343,-0.6592634021850928,-1801.900155096744,-1801.9018030720993,0.25960797186043977,2.343787977658378
354,-0.633771949711881,-0.6535440689830679,-1809.9044497768227,-1809.9044498831397,0.3421255946955583,2.912798133748714
355,-0.643800902540311,-0.6881096903788653,-1412.8592102542925,-1412.8592102542927,0.3816305746980949,2.911112867276687
356,-0.6862652008869077,-0.7086709698536994,-1046.8825313422117,-1046.8900245537204,0.19629016754897718,1.1457278677734832
357,-0.6701578919906203,-0.693781304314929,-1294.9042478106776,-1294.904333087947,0.2255361209922935,1.6930989116569677
358,-0.6238290947702156,-0.761990804968427,-1077.6525801471896,-1105.0388651164185,0.46451864240191965,2.357525681583639
359,-0.668233405180674,-0.6903048470614169,-1169.9031166971238,-1169.903650392881,0.28601234183962343,2.040246979226032
360,-0.6570914277254845,-0.6835182966138545,-1012.7610208816733,-1012.7610208816734,0.2710374021771913,2.282779669970517
361,-0.6334027374361922,-0.6873473790560175,-1636.739702895539,-1639.4836796854197,0.34697981564278996,2.6645598509536352
362,-0.6422712329466679,-0.6764145675668325,-1628.0966962299,-1628.1640031878487,0.3745903793754902,2.911687877562079
363,-0.6330830440783439,-0.6497773496631342,-1884.904364925689,-1884.904401993433,0.32676446157271144,2.904659256257794
364,-0.651448419293019,-0.6927362586237615,-1429.1372915574484,-1430.9670722889844,0.3268714907176723,2.6525051658341523
365,-0.6946295192114574,-0.7468772196029952,-463.5941569471182,-463.5941569471182,0.17608196313571295,0.9960151693798031
366,-0.6639794126115544,-0.6750919330895396,-1286.716960959175,-1286.7708682431744,0.23668820899132925,1.5938789490455791
367,-0.690627321117378,-0.744650052098158,-638.7132251855929,-638.7132251855929,0.24716248276332894,1.4912584573827001
368,-0.6697334824908255,-0.7160050584369632,-1113.0187271269726,-1113.0187271269726,0.26972511097964197,1.8310610427451206
369,-0.6704373973813995,-0.7337950795909298,-968.9218993159268,-969.1196179175257,0.24680038649549682,1.377599454656945
370,-0.6430116372198268,-0.6644951538946161,-1581.904443825568,-1581.9044466584949,0.32362938603117153,2.816122495936697
371,-0.6545799876913639,-0.6782377151955048,-1355.9044459247525,-1355.9044478222286,0.323901785951313,2.587021834291023
372,-0.6388011457696061,-0.6923245207256814,-1529.4232227998248,-1532.8238131419475,0.2897155776575673,2.266150788457533
373,-0.6590957918647573,-0.6943402833275566,-1363.5548427778313,-1363.5548427778313,0.29718262829368564,2.477976605886992
374,-0.6244896468205763,-0.6950608149154475,-1681.2463972633354,-1685.9124129959414,0.4055132449257769,2.652928139043219
375,-0.6835183859124584,-0.7040580126722962,-865.9628184530634,-865.9628184530634,0.2007448642458193,1.0371876479886544
376,-0.6194054042870011,-0.6384004945878351,-1744.2552684843447,-1744.2552684843447,0.3736848670914926,2.912774615381171
377,-0.6845323328356924,-0.7146509361647705,-988.9043876677264,-988.9044260927125,0.27366745834908973,1.7724091737000096
378,-0.6829255147764721,-0.7329099484376624,-745.0761279508309,-745.0761279508309,0.2721756156503654,1.86376000032248
379,-0.6674890952164066,-0.6974928812028207,-1261.0379976848608,-1261.037997684861,0.284158641084467,2.282698271927899
380,-0.6410673218238766,-0.6472987419952592,-1675.4885967153605,-1675.6045099775215,0.2575504335384994,1.798537185704644
381,-0.6633482747268143,-0.722181817115086,-1091.0785692641753,-1091.2435894150844,0.27577973233167025,1.7640861109105743
382,-0.6649755457736,-0.6881895575614289,-926.546709391177,-926.546709391177,0.21831126410261312,1.5451569172251434
383,-0.6350258746505835,-0.6567975994650541,-1921.6986583249777,-1921.6986583249777,0.3350203304767776,2.912341528180321
384,-0.6509004803354161,-0.666628757511805,-1619.9007059655196,-1619.9021429613824,0.263928298009494,2.293769343092604
385,-0.6465610911037948,-0.7170720389262274,-1257.0334484767213,-1260.2965991563412,0.3427353548691104,2.2806816913489616
386,-0.642292603076717,-0.7475409374972258,-1030.6479015743505,-1035.7745701211481,0.344929190995401,1.7379404773267102
387,-0.6472925614226651,-0.6709263505339844,-1171.1500058733704,-1171.1500058733707,0.30213630049625506,2.628654408588087
388,-0.6624360338326595,-0.6825685045553386,-1433.9041098435202,-1433.9042516255315,0.2486427052390125,2.082846317837145
389,-0.6489127644669893,-0.6899672490050819,-1464.058865385921,-1464.058865385921,0.24456801932357514,1.9636716999364503
390,-0.6739163865484175,-0.7160261984277438,-1081.5721409723851,-1081.5721409723851,0.22757760753406578,1.4648784282500367
391,-0.6536068790348931,-0.6841760383200687,-1469.4309966931112,-1469.4309966931112,0.3193989698354583,2.75284511851359
392,-0.6432461851017172,-0.6676388014800704,-1576.0990008775793,-1576.0990008775793,0.3385761404933485,2.90315039889476
393,-0.6841542650680246,-0.7126938308272706,-1056.90222201506,-1056.9030966687728,0.19098014018886533,1.1646916987940477
394,-0.6451329588172701,-0.6651543905919362,-1741.9044499414556,-1741.904449969601,0.2833008911433529,2.611704990692213
395,-0.6185065404174286,-0.6235791962824341,-1917.3805613996606,-1917.526597118158,0.3015841230400272,2.186366131101219
396,-0.6751503029793224,-0.6916616410220165,-1053.0906903293728,-1053.0906903293733,0.19437511228976662,1.1723020664191137
397,-0.6783296552493967,-0.7060517332182613,-1120.9042585069935,-1120.90434115353,0.2422956967818677,1.7118991371145562
398,-0.675646966064281,-0.7127155095451126,-1094.821921026355,-1094.821921026355,0.3036682249020633,2.2634014833862173
399,-0.6710424473284397,-0.7016191461121297,-1220.904449317244,-1220.9044496445856,0.22880869407849688,1.6612791874444974
400,-0.680855539888281,-0.703394894278349,-884.7639217640459,-884.7639217640464,0.20171766192570711,1.132911625057509
401,-0.6260385449177801,-0.6746970105700292,-1884.3395671388432,-1887.4210798970803,0.44379097466831846,2.911678735639648
402,-0.6857203828794229,-0.7268122426097972,-969.5630234509788,-969.5630234509788,0.27836330740942616,1.832539370693189
403,-0.6384693550494386,-0.7099917176989377,-1224.2083758937824,-1224.2083758937827,0.4009566210113507,2.5801977824340723
404,-0.6885651287023875,-0.7353539111870085,-659.0446004075194,-659.0446004075194,0.24769613461458276,1.6110380634445494
405,-0.6533145644090239,-0.6678159130273628,-1646.8986020608802,-1646.9008057379867,0.23624788571786398,2.0478830740596394
406,-0.6700288204449515,-0.6940992930228012,-1283.9043184195937,-1283.9043746244688,0.23868819734636842,1.8319699306884563
407,-0.6242384713607887,-0.6360057307640304,-1898.8798934497465,-1898.8885579480345,0.3221787512391003,2.7064284201486064
408,-0.6452664960815269,-0.687599841996666,-1527.5476456858648,-1529.6520123869432,0.2974259737557484,2.5629814578927426
409,-0.6382441865240982,-0.656847899257278,-1684.904336007288,-1684.904385259771,0.32492341071212255,2.8266223176387095
410,-0.6493440206336192,-0.6705117218182055,-1190.7825476664027,-1190.782547666403,0.2911106477051387,2.3086032322597783
411,-0.6338064453869501,-0.6444771820326854,-1660.8277111508157,-1660.8525674035093,0.30407030671038393,2.226186523039394
412,-0.6380260794699287,-0.7091985725866538,-1394.0545617356754,-1397.71619555684,0.3570358162076213,2.3042627002266394
413,-0.6517276565147343,-0.7036237868169527,-1179.793340987373,-1179.793340987373,0.32406172224426977,2.354045421702014
414,-0.6347043080710218,-0.6579660832694175,-1859.720337804583,-1859.720337804583,0.36491560736629397,2.912871143193094
415,-0.664434080202166,-0.6860936174033485,-1332.9042124169064,-1332.9043124172474,0.26797243782439883,2.204413011266784
416,-0.6872222535258566,-0.7208702192619835,-965.9043844889881,-965.904427190409,0.2670070362309045,1.7555573537062312
417,-0.6482009396392998,-0.7011314580118466,-1365.1946393334097,-1368.5260019788232,0.32332125146003904,2.447242441042583
418,-0.6443451223547982,-0.6721771289318698,-1378.6467084160695,-1378.6467084160697,0.323261354397689,2.8036759816442904
419,-0.657142603794535,-0.6713547984638515,-1342.8695013160775,-1342.8811546461625,0.2700169598510365,1.919574638745275
420,-0.6673696015722161,-0.7097215430827996,-1184.8377847277616,-1184.8377847277616,0.32921012543892725,2.497149373972371
421,-0.6519774864028393,-0.675270979298172,-1559.9044499110526,-1559.9044499538716,0.29131981953182634,2.5794572384038266
422,-0.6368709293219597,-0.6774491494639009,-1689.8067892039776,-1689.831883992991,0.3884193179564325,2.911342278106332
423,-0.6458113902913113,-0.6548996280060286,-1435.6791538367715,-1435.7442380103994,0.27258019071389117,1.8503475907464364
424,-0.6277969514168483,-0.6396893731848915,-1837.877092676002,-1837.886689886596,0.31765855068444804,2.6197273169406947
425,-0.6562656383475687,-0.6780935624016933,-1527.904447084617,-1527.9044484329725,0.2688182728452294,2.468423142312297
426,-0.6693001017253182,-0.6928235032647925,-1207.9041178115633,-1207.9042579235856,0.27665289951006383,2.0923253279251597
427,-0.6487291184544373,-0.6857805718597381,-1518.1953104715308,-1519.1212259186457,0.32768733071382505,2.8143992912694933
428,-0.6764277781916997,-0.7148379764722148,-931.1143270622283,-931.1143270622288,0.27585565515224414,1.9802430043904922
429,-0.6469478891528319,-0.6877552101384306,-1501.3664097692788,-1502.2961210162368,0.3562184960077518,2.9108986927721783
430,-0.6475817958740873,-0.687092304519321,-1505.4046311022557,-1506.3726232068773,0.34802576362449594,2.8979082292733667
431,-0.6808499343894033,-0.7205045538097422,-675.1248481576483,-675.1248481576483,0.19174653128949815,1.3081786714171404
432,-0.6730904832089616,-0.7166034712126222,-1092.9635477510017,-1092.9635477510017,0.2568781546066915,1.7193960441116594
433,-0.6739433305675374,-0.6852225614399672,-1220.6606988131769,-1220.7284591696703,0.20071354879752015,1.246379069992688
434,-0.6530948505995762,-0.6618986137141307,-1308.0191912268685,-1308.0191912268688,0.22561167902234164,1.533705477575805
435,-0.6420054476516294,-0.6891852057098447,-1538.494957814935,-1538.494957814935,0.35414984314428355,2.8045543712440004
436,-0.6159981118098377,-0.7489451519658771,-1277.2005205483758,-1308.7106457098757,0.5008860319183205,2.5381048558156114
437,-0.6889919316269608,-0.7367241986806089,-639.8014653746194,-639.8014653746195,0.23657187966831253,1.5102327652729766
438,-0.6711225689019968,-0.7051394408259857,-850.2768288373202,-850.2768288373203,0.255299204428378,1.917238743688231
439,-0.6712762608301037,-0.6984286891803873,-1153.9044254315695,-1153.9044410904376,0.29239520164176686,2.1545683164797347
440,-0.628280869386084,-0.6417458738172087,-1434.9725551697088,-1434.972555169709,0.30312339163435165,2.2681031898114363
441,-0.6291036830742168,-0.6999173725246441,-1587.1785837915966,-1591.7107899144862,0.4301328551513752,2.704543922502044
442,-0.6557841328530055,-0.6833220853748566,-1459.7029319397889,-1459.7029319397889,0.29857869639853774,2.5645753868035825
443,-0.6220675409780275,-0.7070777273525816,-1582.9863779154832,-1588.508181017377,0.447934928671423,2.639666293530127
444,-0.6620776224508153,-0.6838568030627663,-1401.9043491411371,-1401.9043926583229,0.2656364633361937,2.2101701109280376
445,-0.6386184511968294,-0.6516207058365922,-1698.883668064601,-1698.8909680811958,0.2933105317490689,2.4052295836573054
446,-0.6384926578809839,-0.6484624669845296,-1564.0644026518746,-1564.0644026518746,0.274450293033231,1.9170820659714625
447,-0.6452390844656549,-0.7181560060841686,-1284.7057437669414,-1288.3006980249365,0.41954687107876637,2.5700566481851106
448,-0.6519150362728938,-0.6685437541828686,-1596.9023209971301,-1596.903157124815,0.2662970073182365,2.3333521899521585
449,-0.6907870301766939,-0.7232226044925922,-925.9038568802561,-925.9041210137416,0.26366222217320173,1.629582691455092
450,-0.6808585939104735,-0.7329034856672448,-959.7282171800534,-959.7297671738728,0.26817552364149044,1.6184581637373423
451,-0.689056539422172,-0.7239925397207813,-941.904391528267,-941.9044195022193,0.2700032825792272,1.7409701619895508
452,-0.6400985606823671,-0.6584242124175319,-1189.5529197080295,-1189.5529197080295,0.2763064704623849,2.3603309532424372
453,-0.6831784653273015,-0.7210686251884514,-869.9331240616929,-869.9331240616933,0.261908930739743,1.7267621012831706
454,-0.6281828494692546,-0.6761592670612411,-1863.8899284717083,-1866.6883707132163,0.3915634158897038,2.880890572550248
455,-0.6257672305934323,-0.7526996472613238,-1151.856819054024,-1174.0128721445299,0.4560848220441321,2.2318933995689103
456,-0.6400031988783903,-0.6893346728401696,-1554.798879483326,-1557.690159053691,0.2823965244840967,2.234401704105758
457,-0.6547459210265254,-0.6706842825711016,-1413.8946120810692,-1413.8981774875533,0.2763151018922144,2.0622803441248103
458,-0.6723756873609148,-0.6938340170700165,-1210.9018575591135,-1210.9028572538466,0.24428384848805973,1.7444523694292517
459,-0.6528682950104265,-0.6816404498032985,-1477.9196079695366,-1477.9196079695366,0.32480034709821504,2.824673067783324
460,-0.6429241465339508,-0.6575667533182041,-1872.9043029581292,-1872.9043660265688,0.2571549391239979,2.476251824377552
461,-0.6759907985247001,-0.7146255020089707,-800.872760679835,-800.872760679835,0.2658180092478546,1.957818444584053
462,-0.6857045902508094,-0.7300352683523434,-946.0841147310823,-946.1713364569712,0.22322196379951267,1.283642723577949
463,-0.6123635176852522,-0.7182905477242049,-1629.2410878816336,-1629.5775660739591,0.5207041424647118,2.6506965959986997
464,-0.6521405011497899,-0.669823028382526,-1164.2582526846086,-1164.2582526846088,0.24259625532561427,1.886725421568201
465,-0.6315296469827149,-0.7098793359586885,-1456.275634777494,-1460.835055619809,0.40824026371838473,2.4014973786472313
466,-0.6377474300287672,-0.6820347640615785,-1643.6093369382752,-1645.791976747986,0.4051027362169462,2.9111915403307576
467,-0.6456232766897316,-0.6731202947412745,-1286.624203821655,-1286.624203821655,0.3243854175636534,2.7665286542163154
468,-0.6370459594186434,-0.6751931946582643,-1745.408160395818,-1745.9935170559645,0.3025855058159566,2.6563231970093026
469,-0.6768318824356874,-0.7026182786896948,-1126.9039550957348,-1126.9041612613446,0.25141203123265676,1.791551071549715
470,-0.6579405926709819,-0.6831790186532272,-1147.5620188195091,-1147.5620188195094,0.2072668570150565,1.6224706470057757
471,-0.654313183674325,-0.67302490057424,-1364.902559106386,-1364.9033019914202,0.29886122350554317,2.213552251350554
472,-0.6640369641367012,-0.7201959342310376,-1121.2304363291942,-1123.4093889280405,0.3258152788577707,2.230793547887328
473,-0.6735695734876483,-0.7186427349209783,-810.768323835727,-810.768323835727,0.21668931514805886,1.5186778249395043
474,-0.6191961040259684,-0.6301774401149585,-1909.884731195479,-1909.891757867799,0.3377957786941587,2.78253085540155
475,-0.6507562821376537,-0.7246745582869204,-1166.1901634717167,-1169.5196832393128,0.329153538602176,2.03858521589184
476,-0.6574216254014909,-0.6911768891352064,-1375.3954698486414,-1375.3954698486414,0.32944455740126594,2.7920178793041637
477,-0.6322270256216348,-0.6533833993241684,-1757.9669968908152,-1757.9669968908154,0.3681284680977331,2.9128981726392458
478,-0.6293477393582636,-0.6708741061392132,-1854.466810530277,-1854.4668105302774,0.3793414488032746,2.9112951357188153
479,-0.6362602171359513,-0.6554541709748039,-1409.4937477236851,-1409.4937477236854,0.3160901921802343,2.515256040524409
480,-0.6670211112525667,-0.6910353686128856,-1253.9043500604316,-1253.904393595253,0.27840258725090894,2.166073221227494
481,-0.6772708671325626,-0.722526246137376,-1034.8553107589096,-1034.8553107589096,0.25304618312215077,1.6188036046471932
482,-0.6422217677137526,-0.663808618408711,-1492.904435607934,-1492.9044421263213,0.3413799174676182,2.751383215598412
483,-0.6608230042156938,-0.686974476993371,-1408.9044499999166,-1408.904449999958,0.2763779097236259,2.442495185361408
484,-0.6581394999503372,-0.6755301916251572,-1425.899953879387,-1425.9016509902583,0.26202269334475714,2.045653032734476
485,-0.6613944439347916,-0.6724684633391651,-1353.769433622129,-1353.8098300677898,0.23861055891408053,1.6945748170109036
486,-0.6633494211357861,-0.6885196862132409,-1230.4941482444733,-1230.4941482444733,0.2629778505305213,2.1411020022656024
487,-0.6576564811597382,-0.7080242763123432,-1244.7757846560673,-1244.7757846560673,0.3012415137506677,2.2474669462468078
488,-0.6589986867685947,-0.6879751790211703,-1412.0990799230324,-1412.0990799230324,0.2968555979354535,2.513028515879213
489,-0.6348620389427273,-0.6646579421618021,-1831.663049178319,-1831.663049178319,0.34359611916867727,2.9119824746785308
490,-0.6862006364032928,-0.7019161023737075,-967.5558002399947,-967.6457439848325,0.1982526679951413,1.0086077964122935
491,-0.656985149275887,-0.6957337139671524,-1273.7724550898265,-1273.7724550898265,0.2680736751407585,2.093436434532121
492,-0.6403809140028082,-0.6471076719629036,-1578.5003474049597,-1578.6121586538195,0.26900591551111613,1.8338892504716187
493,-0.6568394975841851,-0.6781715978257571,-1132.2656512487379,-1132.2656512487383,0.2842793979861582,2.065519109589633
494,-0.6790483553499032,-0.7188076412187894,-603.7792441511704,-603.7792441511704,0.15041178048584075,1.0106017911580845
495,-0.6536486997077381,-0.6652820046982078,-1394.8103289511687,-1394.8395161653143,0.264447835364002,1.8569777566279875
496,-0.6328810065261558,-0.6516167918159509,-1914.9044497462653,-1914.904449866448,0.33629124595413123,2.9128280574078795
497,-0.6439526236154626,-0.6813328916052134,-1612.5392647532813,-1613.5697430671494,0.3127564198032133,2.6620859052759958
498,-0.6890637772893541,-0.7296106816601868,-929.9042447997626,-929.9043404826173,0.2043142582569899,1.1385438144264144
499,-0.6299882174509902,-0.6650816601437353,-1890.614428280664,-1890.6144282806645,0.3691966090310106,2.911988460517894
500,-0.662762800002934,-0.701934126617173,-1081.6892725030846,-1081.6892725030846,0.3220577696743937,2.579128417314139
501,-0.6378637645243748,-0.6657221203878169,-1755.792144434945,-1756.0016907275644,0.352810012449694,2.9122085283231987
502,-0.674980968566604,-0.6938288457556822,-1201.8891845369442,-1201.8945225095424,0.21972666839331217,1.4774169336428953
503,-0.6414658842791142,-0.6559449341892492,-1787.9001515145742,-1787.9017946924125,0.2812509054862975,2.6317275222035774
504,-0.6716407003016603,-0.7062455457760642,-899.5833931906348,-899.5833931906348,0.24782064694327677,1.8518131100201871
505,-0.6326068152068471,-0.6443168713947818,-1411.6819141449678,-1411.6819141449678,0.24625080969082375,2.0958260783351657
506,-0.6704178189264237,-0.721538454694308,-880.8211366660342,-880.8211366660342,0.27345045831758835,1.8976039725457041
507,-0.64075970281181,-0.6597670296046235,-1201.4873344178466,-1201.4873344178468,0.28113030764996116,2.469182795234731
508,-0.6430353067016424,-0.6619799032138555,-1650.9043136539615,-1650.9043722634099,0.30509036993027994,2.756443161223811
509,-0.6475926597275977,-0.6544783488404956,-1562.546261784203,-1562.646364834283,0.2496910265151677,1.7564846198535542
510,-0.6223481151154877,-0.6834107028856723,-1881.174951111229,-1886.1670496183074,0.48286017570863876,2.9113041033806875
511,-0.6535051719481876,-0.6938806900256458,-1231.3395946613932,-1231.339594661394,0.2662388626579613,2.0394659432511615
512,-0.6559126214229984,-0.679804788434682,-1384.9044474585921,-1384.9044486432203,0.3109430024353363,2.6031421205494087
513,-0.676081583999765,-0.6996504291780666,-1090.195016251357,-1090.195016251357,0.25349630164573633,1.7213730688980602
514,-0.6509106330520439,-0.6949551817539338,-1401.672183814805,-1401.672183814805,0.2686290758851919,2.1974720073288765
515,-0.6256328532170945,-0.6959532424236045,-1648.9146927571476,-1653.2093842837694,0.36960258687712716,2.364824532053552
516,-0.6801800005044187,-0.718404018404733,-1032.6553443715284,-1032.6553443715284,0.2954833199332726,2.1467881203832615
517,-0.6233300932771059,-0.6888137654675669,-1759.1411615392074,-1763.381258872048,0.40733621176378126,2.721424484012076
518,-0.656017730724485,-0.7027605486624577,-1265.525633641583,-1265.525633641583,0.2230392088643554,1.573850372327219
519,-0.6749141963483999,-0.7164423734955528,-873.506266394642,-873.506266394642,0.2730905460289917,1.9822244202930142
520,-0.6464324184725602,-0.6711645285017486,-1665.662029446011,-1665.662029446011,0.2841832720718454,2.6265669608232964
521,-0.6522100586847819,-0.6684139406217428,-1488.8998907740793,-1488.901615639646,0.28223819987772064,2.145971131628752
522,-0.6195712872096153,-0.761021851942795,-1143.068735007348,-1178.4598617780637,0.5085731841754526,2.5897058574848852
523,-0.6612621794325114,-0.7288464249979815,-1097.888824148963,-1100.6348179931033,0.36443668596109013,2.282117662456314
524,-0.6550540064357557,-0.7143288096483178,-1183.217073719103,-1184.5462550731302,0.26320347929787163,1.7190551235249565
525,-0.6821647797295883,-0.7106392715993486,-1057.9040751165348,-1057.9042338918152,0.2414296440386709,1.6178175780040074
526,-0.6372788126001023,-0.6641451694842029,-1437.704026115343,-1437.7040261153431,0.3446273263078554,2.81470499045688
527,-0.6549333863134984,-0.6884993096571548,-1423.4894222980117,-1423.4894222980117,0.3251426798050118,2.734070829677692
528,-0.6665741786822886,-0.7090757407457067,-1173.1450171497681,-1173.1450171497681,0.24794108557112352,1.7197071877401484
529,-0.6740915637832093,-0.7157715397493003,-1098.9528705272407,-1098.9528705272407,0.26714390672641025,1.8524653597200984
530,-0.6933360525964354,-0.7401052459297399,-639.8727772155587,-639.8727772155587,0.20624022001628486,1.2251157308438758
531,-0.637461188963059,-0.6625030108802982,-1886.101502102133,-1886.101502102133,0.26991621160040347,2.557574734968776
532,-0.672928223362312,-0.7098675163286942,-1142.9202077364666,-1142.9202077364666,0.2937722597568713,2.281264049217608
533,-0.6407026092560962,-0.6637164521018505,-1545.9044496871309,-1545.90444983655,0.34363048518843026,2.851718623704454
534,-0.6347901053151275,-0.6875930919454617,-1648.116509750241,-1650.979766161796,0.3843801477330064,2.860972594855542
535,-0.6430005743479783,-0.6670189913211959,-1710.5719969557772,-1710.5719969557772,0.3119749337299703,2.880458094117408
536,-0.6456616277502267,-0.6643101035884458,-1630.904145862705,-1630.9042736816139,0.2946388107866403,2.6885976253168384
537,-0.6776782370152528,-0.7228111181558228,-814.2698500832885,-814.2698500832885,0.2766407355482042,2.0186259043598778
538,-0.645827118153071,-0.6715854877337383,-1693.08758224964,-1693.08758224964,0.2771352022594967,2.6014629870391417
539,-0.6313475859317955,-0.7286226052219866,-1342.8395221446597,-1343.632822048274,0.4754283337532999,2.391892810739271
540,-0.6784694987899975,-0.7145545346022799,-884.8363009764521,-884.8363009764521,0.24993644321586284,1.716272741176733
541,-0.6547603685128354,-0.6779944711428963,-1481.9044475665858,-1481.9044486987098,0.29554662415721916,2.595253054512494
542,-0.6898612471537667,-0.7381806379706954,-586.3099103779721,-586.3099103779721,0.20118901308303763,1.27415268407049
543,-0.6312110686268012,-0.6517376058590993,-1599.093091491067,-1599.0930914910673,0.3338861146800441,2.7437137917851286
544,-0.6403229352288824,-0.6648071680798058,-1747.6970076048783,-1747.6970076048783,0.32643210463129807,2.911915722930257
545,-0.6468122595698523,-0.6858290450606213,-1522.6789787875807,-1523.441975967115,0.3730152270391664,2.9109534395607315
546,-0.6595113925140635,-0.6819484620492113,-1258.9042335413574,-1258.904326493685,0.3121246562912122,2.297098026481113
547,-0.6375201530726233,-0.6714362662007604,-1718.98837747966,-1718.98837747966,0.3855741414053293,2.912162059725184
548,-0.6393436125434202,-0.6584900968733078,-1682.9043992423208,-1682.9044215812467,0.32013509444725935,2.8408135311830627
549,-0.6560711006910515,-0.693492970529677,-1375.5329547258245,-1375.5329547258245,0.23988887392199282,1.8879177621041836
550,-0.6357587415946897,-0.6699890164836974,-1644.379440033437,-1644.379440033437,0.368278018932546,2.9114336882339664
551,-0.6708667470112991,-0.6898694883434335,-1209.8962197660776,-1209.8992100233668,0.25115108081566095,1.7841204675020372
552,-0.6357919906813085,-0.6705413882290452,-1771.764905039087,-1771.8913046649172,0.3527387036787504,2.911291664716293
553,-0.6377943533457989,-0.6679702473073803,-1746.0187053386906,-1746.0779471054468,0.35761367017119033,2.9120425865219857
554,-0.6152287025760271,-0.7521714231930975,-1256.8683594642357,-1290.8717023374056,0.5059361805293399,2.549703888962954
555,-0.6539078570869417,-0.7207380175994722,-1185.5806235104515,-1188.4289979608334,0.34363212803272175,2.2834705027814404
556,-0.6532738918893326,-0.6863530881728525,-1227.8500862474514,-1227.8500862474514,0.321724728596673,2.714918876258068
557,-0.6789747878479482,-0.7099346632352006,-968.5684492775217,-968.5684492775218,0.24013504980321276,1.594571973056864
558,-0.6429987747357235,-0.7447673532465774,-1110.626752356213,-1117.4155028718774,0.4172616211437736,2.13856447238161
559,-0.6340382894058472,-0.6646017353918224,-1810.1266639207574,-1810.1266639207574,0.3835901749808636,2.912784382805994
560,-0.6767004090635675,-0.7080819300596577,-1118.9044499260556,-1118.9044499754928,0.2660738924240612,1.97453984405299
561,-0.6778805077966644,-0.7220061644443683,-1041.8120235201507,-1041.8120235201507,0.2957400965838577,2.0677455540550223
562,-0.6749784077219075,-0.7163750630318763,-1089.9108748058206,-1089.9108748058206,0.30322610573725406,2.2544276823153644
563,-0.6563556910328161,-0.7039784908548369,-1294.8537031228543,-1297.3497625598222,0.34368560665680364,2.612779932577592
564,-0.6779101537947632,-0.7361333412771113,-772.8320624224152,-772.8320624224152,0.2802656252523812,1.7241365295336322
565,-0.634902589584283,-0.6539451204669965,-1631.9043607714061,-1631.904399597667,0.3436600997250858,2.8247841508364577
566,-0.651192934361821,-0.6556679801709948,-1366.4247370555177,-1366.7624269021535,0.22968820983487118,1.4359565858537127
567,-0.6717639106191219,-0.6880420880206136,-1105.0049067713455,-1105.0049067713458,0.2160109201296424,1.3747032212728783
568,-0.6505402547854663,-0.674654772091093,-1207.6934117984836,-1207.6934117984836,0.27757741919561724,2.507362556300829
569,-0.6604112233401401,-0.6915882693718335,-998.9900123442959,-998.9900123442959,0.303262155092919,2.5708153256662833
570,-0.6354238762467219,-0.6520210435858227,-1728.9034599673612,-1728.903861571328,0.32376759246367737,2.7702520344678914
571,-0.6344362846575188,-0.7144597298301433,-1401.6662521783676,-1406.0770073172962,0.4392509084057054,2.55603347506906
572,-0.6741871663573671,-0.6938318089532826,-1247.8966389579057,-1247.8994829002763,0.20897801540585487,1.4512037185238296
573,-0.6381167323990558,-0.7242002153248956,-1262.636348320144,-1266.9350823277553,0.3820283108087321,2.2636113326582428
574,-0.654529188419427,-0.6717483732803369,-1635.904268293346,-1635.904345623228,0.23758057360103468,2.1411655429879306
575,-0.6366510699926264,-0.6451455832608008,-1681.7795409464445,-1681.7795409464447,0.2728307289084901,1.924933371291821
576,-0.6836990789983987,-0.7238810525133373,-554.2395693135945,-554.2395693135945,0.145274779214248,0.9034607504194075
577,-0.6576648472430163,-0.692594564863506,-1376.1705305013088,-1376.1705305013088,0.23853427050048628,1.8765648100277499
578,-0.6484095423160045,-0.6637084685231358,-1540.8971969476738,-1540.899884835499,0.2856374070424254,2.195517671527612
579,-0.6298110932201995,-0.6729432106887421,-1832.5755817034392,-1834.9467504997967,0.4321885124102529,2.912177088684313
580,-0.6733414841406258,-0.7058556071154349,-823.9035821894897,-823.9035821894897,0.18691770015738168,1.3294754270153208
581,-0.6387874908352182,-0.6553661919670899,-1510.3421360738907,-1510.3421360738907,0.3056956202822515,2.2706847761353894
582,-0.6667667431340739,-0.7339056389843198,-998.9016643626569,-1001.3514059852167,0.2866665145924357,1.6474603613960739
583,-0.6329364302901771,-0.6902558366254847,-1653.5920954988771,-1657.0425266123991,0.44051557826011645,2.9112403958675444
584,-0.6171723933642435,-0.6273920870413497,-1916.8854465868487,-1916.8922147567023,0.344118574777679,2.7976347195589923
585,-0.656074235635586,-0.6763374035920184,-1473.9041407598947,-1473.904270261613,0.27360588275572234,2.2607087990393233
586,-0.6402806312355414,-0.6670825373619003,-1751.1394158016967,-1751.1394158016967,0.3158430306763116,2.8999392321083928
587,-0.6898933903973903,-0.7285738606305513,-940.9044222557153,-940.9044357056142,0.23879278678323967,1.4327486872487318
588,-0.6816720235070705,-0.7207957971896719,-665.8052010983685,-665.8052010983685,0.16738948294668138,1.120205378954454
589,-0.6734941304934394,-0.683768111603245,-1175.460708387345,-1175.5746281095378,0.20346706861154762,1.196134797217811
590,-0.6860843756004279,-0.7089373065605995,-960.8798262043111,-960.8882305366284,0.24085304527501347,1.4036161035725674
591,-0.6747204822913898,-0.6995810403676694,-1211.9038674177257,-1211.90410560376,0.2144567650550195,1.514446537240738
592,-0.6727694044294945,-0.7034725982194001,-1118.0426384318216,-1118.0426384318216,0.28680768247003136,2.1572036093832554
593,-0.656695582595478,-0.7014995247419517,-1212.9215765948823,-1212.9215765948823,0.32760135711866073,2.5050057050980166
594,-0.65763242024195,-0.693645505755382,-1353.234366495316,-1353.234366495316,0.3411963444285266,2.833301349496023
595,-0.6482736821116709,-0.6722146590114769,-1257.5440325163177,-1257.5440325163177,0.3125956266393423,2.54269274554657
596,-0.6407832646133622,-0.6546126449419948,-1559.8883209765927,-1559.894036925868,0.30706115666529704,2.303949451557712
597,-0.6972913012869634,-0.7505587046596442,-451.85763695191406,-451.8576369519142,0.1787477306574058,0.9816622694762684
598,-0.6747475020183676,-0.7033649142799767,-1151.9044374957982,-1151.904445488149,0.26592457782356826,2.025704622301096
599,-0.6705911694545507,-0.712088891284859,-920.8568878310044,-920.8568878310044,0.28546464389049775,2.190614005163474
600,-0.6563585403682654,-0.7233894220715279,-1146.1388496994216,-1148.8978495496206,0.33106221332576563,2.1965631996664783
601,-0.6363258279731279,-0.7588862521193744,-989.7323376403326,-1002.4217295347183,0.37320311355947566,1.7794931612194267
602,-0.620280988680324,-0.6346977529363337,-1819.9022732601936,-1819.9031356972832,0.35492569743648955,2.8347593013951307
603,-0.6461524010713678,-0.658482033176581,-1646.8726496883767,-1646.8835343339656,0.2666491409525277,2.08791858482901
604,-0.6296368707226463,-0.6464660594227638,-1815.9041918432747,-1815.904301269389,0.3408267136980325,2.8776081536425764
605,-0.6664516309777518,-0.7075746825994451,-1200.8765010727398,-1200.8765010727398,0.33524330490013304,2.579936626091144
606,-0.6546716138849646,-0.6988367281831607,-1190.2992372384117,-1190.299237238412,0.33467597032260565,2.6182307151004163
607,-0.6089359571228067,-0.6149338649819787,-1919.6210314805273,-1919.7052036443213,0.32940683373362967,2.429572641843248
608,-0.6849272367371727,-0.7317155139398858,-762.3613203670769,-762.361320367077,0.26840672031615087,1.7718603520560203
609,-0.6651170268251234,-0.6931067146531272,-928.5714285714321,-928.5714285714321,0.20335003028370138,1.567960333272666
610,-0.6729491344564686,-0.7029391448469057,-908.1709145427303,-908.1709145427304,0.1879294437826722,1.2720753511603804
611,-0.6572014624577099,-0.6718586468271411,-1501.8877990241067,-1501.8936926042652,0.24265406072973122,1.9390124243827789
612,-0.6769819899185126,-0.7111612255026916,-811.0040410320191,-811.0040410320191,0.20190799290067676,1.4083339724569643
613,-0.6710261074592965,-0.7072009748356082,-910.5192095249796,-910.5192095249796,0.289529051220146,2.2234603095502323
614,-0.6527795882750888,-0.6654826120775919,-1428.8520796416024,-1428.8691389464204,0.2680691339966383,1.9363498355414044
615,-0.6355925056287575,-0.656522755562744,-1908.2598885488944,-1908.2598885488944,0.32908121066526413,2.912408492613619
616,-0.6800616748228122,-0.7055510024007449,-1024.9023286214476,-1024.9031783727257,0.272131251368951,1.8074998403725238
617,-0.6558240222137925,-0.7234316813624857,-1022.0637396924479,-1022.0637396924479,0.3561175695617876,2.2546885777420704
618,-0.6656039766552861,-0.6912348297364579,-1208.9044304317636,-1208.9044394470975,0.3069036267753173,2.2997166298036
619,-0.6671268806088201,-0.725024728213027,-1052.5008958454732,-1052.5008958454732,0.26763602557795363,1.6595539852867285
620,-0.6863027016264737,-0.7318998203293507,-722.1221549042084,-722.1221549042084,0.21486646704404885,1.3021177826097439
621,-0.6783367542702593,-0.719236074076518,-1054.6990194691903,-1054.6990194691903,0.256406476785279,1.7099409524754137
622,-0.645113332763752,-0.6537428628881958,-1512.3859191655815,-1512.3859191655815,0.2655597391846023,1.849192689613771
623,-0.645806399620832,-0.6654347880615076,-1237.3381202718344,-1237.3381202718344,0.27529112576840653,2.3480876132712467
624,-0.6414719278628838,-0.6777714176540642,-1654.547730868947,-1654.9828096493973,0.3435874778440644,2.880944938146053
625,-0.6851583715076454,-0.7299145189952484,-958.5538539541617,-958.5737416997613,0.2484660388075377,1.4999739509813446
626,-0.6886700775942556,-0.7146763642238827,-940.8949439961215,-940.8984812456432,0.24937646324462326,1.4647533947190612
627,-0.6625175693131623,-0.6994181063263442,-1074.2244128732962,-1074.2244128732964,0.3182020497457995,2.5898251305168327
628,-0.6779267447459841,-0.7146457879411179,-714.3184947223536,-714.3184947223536,0.21453294585187982,1.4832242244028009
629,-0.6563186077219874,-0.6876643274888224,-1433.4518124386514,-1433.4518124386514,0.22946062764022418,1.843662646329288
630,-0.6567727851739935,-0.7308633558077341,-1038.6988809696506,-1041.7669514154084,0.2532829973169254,1.4132743845328462
631,-0.6490633331383647,-0.6593800973480916,-1688.8404510440457,-1688.861423877752,0.24287603836706542,1.8897910469047248
632,-0.6911200894677713,-0.7269376844851196,-926.9042985038952,-926.9043695435596,0.25401808986582664,1.552344057873677
633,-0.6407969195080687,-0.6596128763996982,-1788.9043766225293,-1788.9044086094998,0.2957340488419961,2.826406559403699
634,-0.6668171914519282,-0.7078256290107089,-1180.017629425876,-1180.017629425876,0.23980191273761903,1.6616039906586013
635,-0.6636103134060304,-0.7447414130563386,-974.8740294535116,-978.1610013243178,0.3411751226518346,1.8227804021291922
636,-0.6692997132659859,-0.720831308162926,-1095.7571710938723,-1096.7979352514362,0.32961038437199897,2.2626595485322603
637,-0.6437829395184735,-0.7240138205277268,-1233.1509239450545,-1237.0359624330943,0.3795889822645822,2.2843466597548905
638,-0.6543744158958371,-0.709624709550365,-1259.9169107036385,-1261.9233648522006,0.33983783812842394,2.408078117253675
639,-0.6372690690735995,-0.652565869367283,-1860.9033455283977,-1860.9037930292498,0.3022105619034115,2.8265108382556208
640,-0.6425430164775733,-0.6772413886981633,-1579.696572391839,-1579.6965723918393,0.3739318130008859,2.9113202744678555
641,-0.649778183990159,-0.6604276653607957,-1564.8280339728053,-1564.8525146879895,0.25837481658586237,1.9093232273767957
642,-0.686691225903402,-0.7389915778856606,-681.6877152698047,-681.6877152698048,0.2507242480894099,1.5523451699645021
643,-0.6903786295258117,-0.7437662965373318,-616.6042087056799,-616.60420870568,0.22650356814426328,1.3779635306242082
644,-0.6367411550093337,-0.6562246103017113,-1881.9044463922407,-1881.904448050981,0.3105703150374987,2.902712578866519
645,-0.6355788308475102,-0.6463163493623821,-1803.8430601440748,-1803.8633676272682,0.2846494385364084,2.312325730010686
646,-0.6406567129003288,-0.6746095389412153,-1720.596732255027,-1721.3012139366801,0.28478554776150466,2.6413147265020904
647,-0.6661898135485795,-0.6973187919537316,-1266.6153936825342,-1266.6153936825342,0.29775426978442743,2.3864791733881376
648,-0.6870467386396112,-0.721831702126682,-684.9571734475412,-684.9571734475412,0.1784682827435638,1.0663103967831609
649,-0.6263874094554938,-0.676459642610457,-1859.9767211916057,-1862.857275864992,0.38205549144271045,2.8696051950842207
650,-0.6266003226679161,-0.6390072503776868,-1782.8826489387259,-1782.8903810472832,0.32598959785800286,2.609648247295677
651,-0.6414747190420709,-0.6629885254140161,-1398.3519862255625,-1398.3519862255625,0.3244583381908184,2.491162226384943
652,-0.6444192468038583,-0.6612706807114026,-1095.0490425035073,-1095.0490425035073,0.2382191566261663,1.8969953490230707
653,-0.6392986466669491,-0.6612531642890118,-1848.508954961261,-1848.508954961261,0.28263460549119984,2.5932547079667843
654,-0.660405615664258,-0.7379658789057985,-977.7914770426636,-981.1403524554337,0.254135159181694,1.4250469734942168
655,-0.6196038499660391,-0.7109059613509824,-1590.3080880992188,-1590.3080880992188,0.4797422293851651,2.680328961282458
656,-0.6640535968926785,-0.7009576879616105,-1101.5612923172066,-1101.5612923172068,0.3127580705371979,2.535014504410917
657,-0.6629520833495494,-0.6916693322017256,-1105.5290102389085,-1105.5290102389085,0.28596895541848544,2.2937525046097815
658,-0.6590616767776655,-0.6882260063604383,-1320.6601576562637,-1320.6601576562637,0.32526515756863567,2.7306824244161176
659,-0.6166712548084455,-0.7369140725585598,-1412.9849115598358,-1428.8382275019771,0.5271453861678955,2.556728055293895
660,-0.6269795574232007,-0.6653119138469685,-1892.1546990934858,-1892.1546990934858,0.4174732654201592,2.9128213086395918
661,-0.6562599527949861,-0.7010992322064691,-1320.639001439397,-1322.6206297443528,0.3439242580679601,2.656671795772686
662,-0.6616328028877967,-0.6859957578077969,-864.7614761476162,-864.7614761476162,0.21121819989604357,1.5627220886247222
663,-0.6361886458513927,-0.6488966665214404,-1681.8788008985377,-1681.887711059283,0.3032295427139403,2.441023382324138
664,-0.695164420316391,-0.7498821463762059,-558.9048308542855,-558.9048308542855,0.2216159665531987,1.263854717034542
665,-0.636661937699216,-0.6591051539983165,-1861.6687411511941,-1861.6687411511941,0.3135386354246444,2.91209555375018
666,-0.6343387048400784,-0.6823765109642533,-1712.4487150423226,-1715.1764074283656,0.4211728488300779,2.91114682749456
667,-0.635837942646223,-0.6725176555175674,-1751.0941927837007,-1751.0941927837007,0.3815016598443383,2.9117915290886045
668,-0.6466143959266062,-0.6677079590612738,-1180.11667476909,-1180.11667476909,0.28199955568091917,2.476348526309608
669,-0.6841833982536987,-0.7110077130005058,-1005.9025097495853,-1005.9032944302684,0.25692886011615457,1.626027672638439
670,-0.6270553918621259,-0.6835963729574023,-1797.7450136738014,-1801.341428737038,0.4175375140558616,2.911269696627516
671,-0.664520484330476,-0.6787006434429349,-1366.8663476090014,-1366.8790059199553,0.23195272695988328,1.6863619965329006
672,-0.6562877639028459,-0.6772558044993707,-1563.904443964884,-1563.904446717853,0.24493509251577952,2.1614632216111627
673,-0.6423403008881151,-0.6721836768097548,-1643.976575022393,-1643.976575022393,0.36001217183093365,2.912010237678196
674,-0.663002353312582,-0.7096416801241745,-1046.1375287254743,-1046.1375287254743,0.3250362623147168,2.476126351848777
675,-0.6585281697532851,-0.6820950912335688,-1304.9044207385768,-1304.9044339424586,0.31157045363918756,2.368540246056592
676,-0.66932183920512,-0.6808700654030383,-1217.6701200128964,-1217.735346408293,0.22385567178329555,1.4184192740585222
677,-0.634932090963627,-0.6607258986142044,-1805.9420056525032,-1805.9420056525032,0.3727953977292468,2.9129865410969877
678,-0.6410610187734701,-0.6462711392972955,-1505.4015969939003,-1505.4015969939003,0.2597701974776293,1.7125993622554065
679,-0.6563267926900191,-0.6726154324022762,-1529.8987009290665,-1529.9008570190829,0.24702225054656649,2.029915413404586
680,-0.6398925697623394,-0.6705405978354361,-1747.567258156842,-1747.5672581568422,0.27936340429844403,2.637664908372673
681,-0.6486510626492678,-0.6667567750486016,-1507.9033485263885,-1507.903791269638,0.29943040097432005,2.454015149573681
682,-0.6515447893238264,-0.6904783412282939,-1257.626451485926,-1257.6264514859263,0.3255424671812284,2.692293525080063
683,-0.6483616298174333,-0.6755542896524446,-1588.0014023414856,-1588.0014023414856,0.32383964047423547,2.865241026008813
684,-0.6496644825555348,-0.6687435349554889,-1171.6875499866737,-1171.6875499866737,0.2515099819169705,2.1556765743938375
685,-0.6950924834986361,-0.7123734053137374,-951.6380153300992,-951.709685239996,0.17015398974519017,0.8441507001079714
686,-0.6731279039748014,-0.7130560472608594,-873.7281502739385,-873.7281502739385,0.2827219124936273,2.1768311089900174
687,-0.6703409523765539,-0.6887151067349706,-1184.8906249322436,-1184.8954893251214,0.256744160029903,1.8031616502106529
688,-0.675715651049825,-0.7120172971039069,-856.1014263074493,-856.1014263074493,0.22503195604699783,1.5572339415819105
689,-0.6354949011814531,-0.6573063437007467,-1912.6764989811647,-1912.6764989811647,0.33896969180517206,2.9124022273782013
690,-0.6399685798039376,-0.6662304630483564,-1634.7684011589242,-1634.7684011589242,0.3542151703592863,2.9124033757104235
691,-0.685423219160763,-0.723230391061339,-734.3115124153503,-734.3115124153503,0.23892792378760172,1.4964378385256607
692,-0.6856686556460951,-0.7058324827221245,-1022.8632216059494,-1022.8766100745802,0.21643065520198362,1.2755336463576774
693,-0.6671074041143343,-0.6925866658498182,-942.6058782689191,-942.6058782689199,0.24746729156682656,1.7750918071133297
694,-0.6740557181860112,-0.6958271809959127,-1129.9009703086824,-1129.9022960089474,0.26365225507141965,1.8539326341755649
695,-0.6435075493116147,-0.6649451201396471,-1484.9044256333168,-1484.9044365501422,0.33616450489929656,2.7188942137624297
696,-0.6368687889850059,-0.6592823630332252,-1783.90445,-1783.90445,0.3322612065680942,2.912571253265933
697,-0.6399948255639248,-0.6582040940441732,-1649.9041074572392,-1649.9042509929805,0.314949194635453,2.7403369374564415
698,-0.6442299157334125,-0.6630054852206124,-1712.904228022064,-1712.9043221811676,0.2854043305012633,2.7068051375081823
699,-0.6744013266735757,-0.721003378454416,-1046.7706013363056,-1046.7706013363074,0.2755621971409007,1.815494759905881
700,-0.6755548665874402,-0.701521155284948,-1188.9040775548233,-1188.9042327372915,0.2216819623005434,1.567470590516475
701,-0.6743883761624007,-0.6860934411227283,-1233.7032612941093,-1233.7604896641672,0.19678770419347538,1.2319510723929323
702,-0.6341102122513379,-0.6606844496689313,-1882.479701568502,-1882.479701568502,0.31870341717713085,2.9118175953604055
703,-0.6819808111624998,-0.7201523777217065,-1013.5469211762917,-1013.5469211762917,0.28927839753840134,2.051257121426813
704,-0.6403776994002915,-0.6864166140079468,-1581.6287695053493,-1583.4845679195014,0.3066016013336119,2.5823983444688063
705,-0.6606970555559996,-0.6961657741951938,-1305.2517724938073,-1305.2517724938073,0.33522549938316437,2.7896524425262927
706,-0.6635302319662949,-0.7257293663888628,-932.6672458731543,-932.6672458731543,0.3086682449565099,1.920177433227483
707,-0.6756285770581879,-0.7238856558062573,-841.2443874278425,-841.2443874278425,0.27799034898772734,1.9473818056641798
708,-0.6431195839272797,-0.6585616342624612,-1841.904308024356,-1841.9043689004848,0.2673279787483387,2.544009848150204
709,-0.6847319631177163,-0.7262569286224143,-521.071944845992,-521.071944845992,0.15330258953199893,0.900318755352627
710,-0.6548523564239859,-0.6655675999943964,-1505.8051072604796,-1505.8361159233843,0.2396159053500311,1.8010634039929014
711,-0.6147756499215367,-0.7096238733307112,-1479.4933655006103,-1479.4933655006103,0.5131960581502815,2.752680160881415
712,-0.6351701308364094,-0.6630519456910156,-1729.9729972997322,-1729.9729972997325,0.35799677906837496,2.912204741287832
713,-0.6556694033263506,-0.6763986078834257,-1309.9038739806003,-1309.9041122280219,0.31104577286542134,2.2925850668168835
714,-0.6745504377544835,-0.7122995427832229,-1116.8781059215298,-1116.8781059215298,0.2913841384139469,2.209652665244242
715,-0.6485261058304899,-0.6702628262442948,-1440.904422396456,-1440.9044347306358,0.3254918955478809,2.6390203562752585
716,-0.6753877289217755,-0.7197612022414486,-1068.902001885467,-1068.902001885467,0.28134188778267444,1.9253505323489009
717,-0.6659727246264231,-0.6937093110823785,-1326.9044498327921,-1326.9044499187466,0.2433863354539952,1.91062197889829
718,-0.6498410501693356,-0.6922933139703825,-1243.6629367435573,-1243.6629367435573,0.30320891996947485,2.4578264463929638
719,-0.6483663778797732,-0.6678977304850533,-1597.4600731191101,-1597.4600731191106,0.27444978630888556,2.4513579902062013
720,-0.6500424567553069,-0.7054027520415178,-1109.3833780160905,-1109.3833780160905,0.2812364850639421,1.9773191662069767
721,-0.6340739310736444,-0.6952518908607915,-1587.8198957678628,-1591.4623935001298,0.43081080032171154,2.8974778091378273
722,-0.6461129953684679,-0.7009428601526765,-1367.0641816883895,-1367.3349924853906,0.2619326328641334,1.8120958664717879
723,-0.6873579251133461,-0.7116526173298974,-1030.891506546826,-1030.8961092796105,0.19620959816318426,1.1464317523431788
724,-0.639790435352582,-0.6729772776958647,-1487.1952154577523,-1487.1952154577523,0.3699832736864807,2.93001203033559
725,-0.6508379222630754,-0.6879608138980089,-1465.681383938913,-1466.7233904896084,0.36583056316293994,2.9107808586157726
726,-0.6563323889725372,-0.6788821715720826,-1548.9044481283458,-1548.90444899616,0.23708693947481588,2.043551301124596
727,-0.6574114144525682,-0.6884364972554524,-1207.5299833004403,-1207.5299833004403,0.3091574724340302,2.571807729953857
728,-0.6354903876762547,-0.6531440768392951,-1883.9044249225178,-1883.9044361142348,0.31868019559750405,2.9071739691402363
729,-0.625787436375313,-0.6784790385851401,-1880.3984649714223,-1883.8004755325765,0.41583276264574753,2.911212204829049
730,-0.6879157714017199,-0.7034236094964796,-1014.6450788885691,-1014.7149552084052,0.18640760867118042,0.9944564123343165
731,-0.6373017683327855,-0.6644296463458906,-1806.1466841646725,-1806.1466841646725,0.3159455388417782,2.902672880993636
732,-0.6606974371889113,-0.6743574936509917,-1487.8782942566538,-1487.8872987387424,0.22619051177731037,1.7145613269715514
733,-0.6499487704306884,-0.6604385733629081,-1540.8152883456494,-1540.843470520286,0.26004117226790097,1.9001215436384136
734,-0.6675507494467119,-0.6915551763837484,-1058.2558970693383,-1058.2558970693383,0.20443778737379914,1.4431489429817046
735,-0.6366700771770931,-0.7001021296260372,-1495.928207352872,-1499.3816969108564,0.39192895939188177,2.679689305213639
736,-0.6350291277710365,-0.6591649062340074,-1744.960281959183,-1744.960281959183,0.3737477770628359,2.912869962373065
737,-0.6331902828164485,-0.6551280913275974,-1856.2630366203846,-1856.2630366203846,0.3546630785997935,2.912853317941169
738,-0.6407572925552865,-0.6485307407325204,-1654.6519409263824,-1654.7258667420213,0.2685820175634874,1.8853778181800402
739,-0.6500409988629428,-0.6672040150344478,-1475.1637554585159,-1475.163755458518,0.2933556762486471,2.2595784515001114
740,-0.6339012414090208,-0.6451869436708826,-1312.7566565107973,-1312.7566565107975,0.2331703241318323,1.7733874679688373
741,-0.6455658482121424,-0.6901019673408595,-1495.9731981722516,-1496.7834975858987,0.36456887808940547,2.9063578760807007
742,-0.6527423543346953,-0.683823210194004,-1481.412641642232,-1481.412641642232,0.33044354886497307,2.844553227582334
743,-0.6719680196256743,-0.68528959938178,-1266.8082523481057,-1266.837721173462,0.20800891623085557,1.3729322780402515
744,-0.6847130304410168,-0.7202135394798487,-1010.9044356870274,-1010.9044424911526,0.24086766304222695,1.5555236165846107
745,-0.676396816282653,-0.6928056446461177,-1086.8203860525332,-1086.8460028166762,0.23339364840768823,1.426842193956357
746,-0.6562272820243927,-0.6665923894037292,-1536.7968033473728,-1536.8303237100993,0.2275015587923547,1.7404543667059147
747,-0.6439956562102462,-0.675724913675325,-1596.2470594606868,-1596.248071847835,0.3686800825602138,2.911898158721675
748,-0.6713629948096992,-0.7230583053011341,-1030.9373858862216,-1030.9373858862216,0.2274601737592061,1.3712329172484445
749,-0.6710192095181197,-0.7004563693170738,-715.821453610659,-715.821453610659,0.17378991878279007,1.1807804321052477
750,-0.6782522027423611,-0.7141014699206608,-835.0835675195968,-835.0835675195968,0.22710960781339254,1.5440422502978504
751,-0.6427618162849779,-0.6902879443068894,-1519.6611509360562,-1521.8597387950738,0.3897817327768618,2.91106292554535
752,-0.6370869412185659,-0.6687954904631875,-1688.4955752212406,-1688.4955752212406,0.3164348622095607,2.7101974125521178
753,-0.6577790769942784,-0.6974494477104823,-1342.2358148168873,-1342.2358148168873,0.31751104480678954,2.558886595210116
754,-0.6365628890724909,-0.653138002803661,-1882.9041856096646,-1882.9042975886432,0.3073069169599487,2.8502642357387646
755,-0.6627722007292076,-0.7042183851802123,-1253.9183343612528,-1253.9183343612528,0.33014022642103397,2.5594800349693823
756,-0.6452530608909423,-0.6849315151253682,-1547.3826183531773,-1547.9866557415637,0.3795303771774734,2.9110539212894277
757,-0.638668990411046,-0.6549117044814994,-1152.2740696987626,-1152.2740696987626,0.245191907135393,2.112132895487142
758,-0.6941142090640984,-0.7419781996864101,-606.5857885615259,-606.5857885615259,0.20817785942101347,1.2443405584848672
759,-0.6753531945112926,-0.708210508337516,-999.5515024667379,-999.5515024667379,0.2585691055715555,1.8344490638885869
760,-0.6374580535217339,-0.6587896346667252,-1862.4255091311043,-1862.4255091311043,0.3055962255089606,2.911581938995994
761,-0.6631291727028136,-0.6924786218749103,-1339.6004492564368,-1339.6004492564368,0.2910612313897243,2.399501610794521
762,-0.6224310632187415,-0.6266308755417336,-1748.14994540823,-1748.14994540823,0.28765902149336636,1.973988609194341
763,-0.6863003769237244,-0.7315613577345937,-717.4336681157257,-717.4336681157257,0.2263758456945322,1.4398661588973396
764,-0.6324012564501575,-0.6536896654505174,-1768.0053910461443,-1768.0053910461443,0.3695343318628834,2.912940077115761
765,-0.6551694557743065,-0.7024352788129439,-1319.2574912193734,-1321.2170307073059,0.36422180448080094,2.831686872239852
766,-0.6600474296004606,-0.7485276913411074,-940.3783547909745,-944.3056711352319,0.2973515930951324,1.6560089701779934
767,-0.6427518733729948,-0.6521522801751954,-1560.7476901411706,-1560.795193265638,0.2772461034301085,1.9294120107634352
768,-0.6524088744968952,-0.7241341553351079,-1184.194623838913,-1187.4373465764943,0.3742991958879724,2.325677610597026
769,-0.6758091107362281,-0.7046258915480107,-1096.9044418297997,-1096.9044470779884,0.2860841656327217,2.0732491451424955
770,-0.6770007197316998,-0.7180622634701835,-1057.3636347444183,-1057.3636347444183,0.2281331910971546,1.4543300242230108
771,-0.6175060506547686,-0.7145041869564845,-1353.4536403235934,-1353.4536403235936,0.46568485003050547,2.3868004224046624
772,-0.6356807010841715,-0.6555868385152334,-1704.9044436824195,-1704.9044465775382,0.34149457074915607,2.9092527466692424
773,-0.6826683476015489,-0.7182627177404027,-1001.224561729641,-1001.224561729641,0.2922370722752815,2.0921986398322483
774,-0.6701217648243663,-0.6822592898760237,-1288.7744084326428,-1288.8132494596462,0.21046896229188503,1.3963650394654685
775,-0.6286037416077916,-0.6449025935405381,-1755.9034358643282,-1755.9038473489225,0.34190241589398235,2.8399425422809954
776,-0.6403633629703295,-0.6718531241845018,-1702.603995841985,-1702.6597202238352,0.34427769924137597,2.9115175094660706
777,-0.6517082611867162,-0.6799209240664353,-1441.874964752207,-1441.874964752207,0.33936374861007085,2.856773703109734
778,-0.6616261570102994,-0.7366559493158208,-970.47315260301,-972.2990278140553,0.23677546140055225,1.330516503623853
779,-0.6377476028944428,-0.6508589838473898,-1848.8973876603084,-1848.9000309648577,0.29240083275591794,2.6632206733574537
780,-0.6212931649675566,-0.6272218070188069,-1763.4528765829123,-1763.5787547185714,0.3039727951612868,2.115679704145624
781,-0.6789520334501332,-0.7161204569383085,-1051.9044283248393,-1051.9044383746366,0.2001694501377906,1.2403269824343874
782,-0.6520259793102352,-0.6770879603876621,-1330.2290460609106,-1330.229046060911,0.3295827476179105,2.618506280912515
783,-0.6544643787625958,-0.6718290679923631,-1504.9024664331437,-1504.903245343022,0.2720636746480952,2.1783115328494853
784,-0.6526121088795839,-0.6967778762073135,-1228.4938122547571,-1228.4938122547571,0.2274551397155754,1.6595911053704815
785,-0.6485854476721068,-0.7226430945895765,-1049.8322951605169,-1049.8322951605169,0.38018743052657983,2.317984768211569
786,-0.6863809994404255,-0.7316814814411917,-653.5638761039936,-653.5638761039936,0.22285319092512207,1.4537550032675735
787,-0.6260049196229375,-0.7159535029620319,-1478.7574053784588,-1478.7574053784588,0.46962518318556995,2.6144729298493394
788,-0.6779378918543832,-0.7177986836576852,-592.3378009726025,-592.3378009726025,0.16848254137945157,1.0941514373739423
789,-0.6353426547467771,-0.6650775089745485,-1789.9707741839836,-1789.9707741839836,0.36692039848963304,2.9124116024232007
790,-0.6507810730259787,-0.7012830118075537,-1366.5214607499895,-1368.5856501450614,0.3788006763816903,2.8725017949535787
791,-0.6297173174663498,-0.6520958827285899,-1543.9239491467217,-1543.9239491467217,0.3715064587758509,2.8387570670016937
792,-0.6525300058115153,-0.6674871066063716,-1408.761766835629,-1408.761766835629,0.23028408741913356,1.8219529844743874
793,-0.6193291633452823,-0.6378212840256792,-1862.625274993891,-1862.6252749938915,0.3950583414924878,2.9648299700093674
794,-0.6653053414346081,-0.6935367863588995,-1325.9044493415984,-1325.9044496524637,0.22891206673383332,1.7396953836140092
795,-0.6826105203268333,-0.7118910153323305,-833.9639439127545,-833.9639439127545,0.2362632685365081,1.393511855222682
796,-0.670908107062195,-0.7140582591761064,-1132.954777877401,-1132.954777877401,0.3017437461590332,2.212559599146233
797,-0.6874688399754406,-0.7198782418375865,-678.9838337182457,-678.9838337182457,0.16426276610758384,0.9578896280752001
798,-0.6391087968226564,-0.6665466353905092,-1769.1821140360305,-1769.1821140360305,0.31748200673323,2.9009743692503807
799,-0.6301349192750957,-0.6345479952191735,-1752.2250752732477,-1752.4034085925675,0.27398214532054144,1.8778309289411412
800,-0.6562781430820477,-0.6898906421306292,-1128.3646692817529,-1128.3646692817533,0.3240338865556966,2.701286200591291
801,-0.6776799151272943,-0.7116198943332642,-860.9876246545722,-860.9876246545722,0.26083993274187584,1.8153044885965124
802,-0.6740548897124384,-0.6993874100846338,-1192.9042176875525,-1192.9043163684044,0.24616955784319597,1.8275839960782736
803,-0.6388412239582221,-0.6689038636854376,-1712.5740595891245,-1712.574059589125,0.36877030780159054,2.9122540474973544
804,-0.622425109012939,-0.7650833440981838,-1071.6613733037389,-1102.703929292474,0.48903739763589416,2.484824502546614
805,-0.6342268222530054,-0.6492954809966645,-1651.8993841487613,-1651.9013020329887,0.32494033789286336,2.5862246360420498
806,-0.6686629937234995,-0.6987460519005055,-1014.2398973701129,-1014.2398973701129,0.2796145027319846,2.101510336802703
807,-0.6607378676007529,-0.6912978524986787,-1017.9273084479374,-1017.9273084479374,0.2889918622840242,2.4612250190631735
808,-0.6688398736053005,-0.7210217664841335,-910.3525881470389,-910.3525881470389,0.2930463029554116,2.029537304887731
809,-0.652576995236783,-0.6695106650591214,-1408.8995068137467,-1408.9013645522896,0.2915281456761479,2.161211380359949
810,-0.6366960719192514,-0.6737339290720453,-1582.5529817644167,-1582.552981764417,0.33461498221610864,2.844737059339597
811,-0.6518667685609103,-0.6629809867465397,-1470.8120640105942,-1470.8409853346154,0.26000642115016653,1.879234728789706
812,-0.6639241264937116,-0.6944236044331369,-1324.841159679609,-1324.841159679609,0.2860193025589008,2.426019046067014
813,-0.6709292250236693,-0.6994132713551753,-1223.9044488656978,-1223.9044496097576,0.2658895639199856,2.115504532065349
814,-0.6258974656369577,-0.6853441811118023,-1809.803835151228,-1813.974102062451,0.4550972425074222,2.911297601384298
815,-0.6455654238189233,-0.6671462132038128,-1437.9044235276137,-1437.9044353765225,0.33852828451743155,2.6672617113397097
816,-0.6313056343713948,-0.66083605975847,-1905.7302999538883,-1905.7302999538888,0.3928367367742812,2.912901879968204
817,-0.6822177701942973,-0.6995003355779552,-1061.8202267397533,-1061.8458928876978,0.2141860543957187,1.2687491794666128
818,-0.6269038534133162,-0.6479274633811635,-1770.4874485323414,-1770.487448532342,0.3691607418146189,2.9128712076220276
819,-0.6585670816244246,-0.6721969513273507,-1517.8793803490084,-1517.888051355774,0.23054925832597853,1.790773097444918
820,-0.6429821058172253,-0.7007511546588152,-1420.5289652660415,-1423.099126958491,0.3454795298004856,2.5584771111225306
821,-0.6193377305594377,-0.6278558638512258,-1410.271074002061,-1410.271074002061,0.25939182932641835,1.932777357733293
822,-0.6893763546206607,-0.7083059049630792,-1020.8144205439567,-1020.8417019396258,0.18260979270246924,1.003015570098885
823,-0.6663147846466518,-0.7080778192950358,-1002.2115739034334,-1002.2115739034334,0.27546001518882324,2.0255247696878897
824,-0.6420234269389666,-0.7382875341995885,-1128.4407362293111,-1130.704837375982,0.37864915285592965,1.9286795970597885
825,-0.6944359432019533,-0.7395956498424503,-633.0810274227574,-633.0810274227575,0.2167205225392175,1.2850651650330183
826,-0.6743209784980068,-0.7089147123366365,-1128.627732595398,-1128.627732595398,0.2927622406644232,2.2181189686692315
827,-0.6365653220014172,-0.675517264444307,-1750.225435683929,-1750.6962880316594,0.31180972812471935,2.685710964750815
828,-0.6471987072374195,-0.6792409449590482,-1361.4155966176054,-1361.4155966176056,0.34238340655320415,2.861988092028095
829,-0.6144022927926485,-0.7485810355761446,-1309.3414055834799,-1344.2912688872666,0.5155945963877632,2.57654136202562
830,-0.6846361304962707,-0.7069801115298953,-1036.8906112875898,-1036.895500954951,0.2248636804616557,1.3796576722116811
831,-0.6777986319560478,-0.7234473040778551,-763.6927316569089,-763.692731656909,0.22276456812509512,1.5206120063858166
832,-0.6350851123133852,-0.6530534759589348,-1886.9044400988803,-1886.90444458782,0.3224440037138378,2.912742964946957
833,-0.6759297020660716,-0.7048683479504013,-1159.904401290654,-1159.9044243399464,0.23774753392449247,1.7110062792172214
834,-0.6443346220700029,-0.7219481775154589,-1263.6940271344274,-1267.4710573883212,0.42824034312230264,2.4716318065699583
835,-0.6495048450018855,-0.6640689769633908,-1731.9026891923177,-1731.9033886375817,0.24107512779424164,2.2567082027180954
836,-0.646711005213062,-0.6811730126954006,-1383.6575875486374,-1383.6575875486374,0.36308343461891324,2.9064130360238205
837,-0.6462217293502623,-0.6714724648070993,-1673.0496144046056,-1673.0496144046056,0.30076642451067503,2.6531745017254362
838,-0.6688270508256299,-0.6929904578268473,-1268.9043790508772,-1268.904409965459,0.2624505904180902,2.1264492475688264
839,-0.6304027135135594,-0.6965305576039336,-1532.1178120617114,-1532.117812061712,0.4064728839352002,2.6899330805298036
840,-0.6763938247741963,-0.6983376458581608,-1095.8995684993185,-1095.9013933217987,0.25946659276666884,1.759835536179767
841,-0.6788749316610273,-0.699900270373774,-1166.8938984512401,-1166.897669619027,0.1982027120146486,1.2821735653701039
842,-0.6537745656703775,-0.6758152652701462,-1591.904449775094,-1591.9044498819867,0.25533397224524734,2.3478868419016843
843,-0.6433006226396423,-0.6740114538675226,-1500.5202913631672,-1500.5202913631674,0.32064390254922265,2.741048433453596
844,-0.6474302730949892,-0.6666868421561268,-1417.9038269624518,-1417.9040827302838,0.3231293400962866,2.4488117292586877
845,-0.6808534691362123,-0.697621339099024,-1082.8205560738504,-1082.846150769788,0.21485186998675432,1.2911573679759178
846,-0.6581420070061444,-0.6794573797391469,-1472.9043446244696,-1472.9043900748816,0.2681485177072495,2.2805577715947094
847,-0.6614241838623718,-0.6832969992164777,-1258.9040897302737,-1258.9042414829478,0.30210303686844686,2.2280207491098496
848,-0.6768179248919108,-0.6967500710544431,-1127.892715961753,-1127.8968750423248,0.24023702997886293,1.5963632458174395
849,-0.6707406880610045,-0.7057423994781299,-1165.918571284649,-1165.918571284649,0.3106568945735333,2.3873005227859534
850,-0.6374529346913922,-0.6675995730838168,-1729.17224177525,-1729.17224177525,0.3784271955838564,2.912488117076644
851,-0.625920810920781,-0.6409078702071498,-1414.6060954571599,-1414.6060954571599,0.30108841445795986,2.4576905807206217
852,-0.6860236295425512,-0.7172319180236986,-770.8568207440808,-770.856820744081,0.189822737749574,1.0957642743728928
853,-0.6566133913098552,-0.6920044149375627,-1391.4115871241647,-1391.4115871241647,0.32612763291841207,2.681996139922429
854,-0.6667875926784086,-0.7097783192409605,-1188.8318480196122,-1188.8318480196122,0.32553902155845277,2.5381439843121796
855,-0.6842476294195484,-0.7238846658340332,-985.5670439926922,-985.5670439926922,0.28695550809474013,1.9603058753037585
856,-0.6746838509210933,-0.726958479705853,-1033.7522510626995,-1033.766278424699,0.3256643118787022,2.172755363430695
857,-0.6266663550716249,-0.6372554954375288,-1629.6389800555467,-1629.6389800555467,0.2957811685551673,2.141265474906683
858,-0.662030909315118,-0.724028650595857,-1115.7169443209184,-1118.059683835476,0.3445359770456789,2.2657253443119454
859,-0.6839290025916521,-0.728363654898779,-528.1725888324889,-528.1725888324889,0.15558452545969492,0.9774140050612339
860,-0.669592460693667,-0.7079961602353408,-1154.1014169156147,-1154.1014169156147,0.2159453177867281,1.450831049217225
861,-0.6872446779472273,-0.7220454566661715,-836.7226061204367,-836.7226061204373,0.1780216952048075,0.9878302160795002
862,-0.677736116532146,-0.7154757403951696,-693.1574102485423,-693.1574102485423,0.17496950735928526,1.2168836595136867
863,-0.6704800066893526,-0.7010742429356177,-876.6660409235972,-876.6660409235972,0.17943285505515325,1.271212879883586
864,-0.6880240212251105,-0.734043207646756,-590.4645476772645,-590.4645476772645,0.19785101887084164,1.2658184166774487
865,-0.656990449751831,-0.7053473762048369,-1074.083568315817,-1074.083568315817,0.25192883460762444,1.7274920038569719
866,-0.6202598127488653,-0.7211164803078333,-1471.2062507816586,-1471.2062507816586,0.4424124728972975,2.301859759582558
867,-0.6515848876585741,-0.6760810970450658,-1612.9501131665547,-1612.9501131665547,0.254202897451323,2.3383883014082096
868,-0.6379516445014148,-0.6603737411488433,-1694.904449999995,-1694.9044499999975,0.33953081212927894,2.912487695796651
869,-0.6513266478910763,-0.7123569013328093,-1251.0345157443048,-1253.3264108501014,0.3208725257909479,2.27509804388249
870,-0.6332168589591967,-0.7047656192140872,-1301.526717557257,-1301.5267175572571,0.4004112051249412,2.6257200445159197
871,-0.6440059831548705,-0.6590969595169007,-1822.9038442291526,-1822.904093744684,0.2675917078710432,2.5044899707004555
872,-0.6549193217245299,-0.6793955685021404,-1068.2472091149734,-1068.2472091149734,0.28273271284338564,2.3984393384088705
873,-0.6690492026340293,-0.6850998699947761,-1321.8840105356035,-1321.8910701237426,0.2215499806718929,1.5645807718934004
874,-0.6548256702042455,-0.7025224922274507,-1288.4670404081464,-1288.4670404081464,0.2515760730016102,1.8734496427654206
875,-0.6452153422982774,-0.6718169742410597,-1533.7253921976771,-1533.7253921976771,0.3463731711043321,2.9120546697478784
876,-0.6892248437094577,-0.71987317068215,-983.900078313685,-983.9017808464736,0.1833874670026087,1.0418950693747129
877,-0.6630416909995605,-0.6790040321992559,-1313.8876133933782,-1313.8935010992243,0.25774078495591274,1.8781007525379865
878,-0.6655347809720322,-0.6770119020852757,-1233.6895262489168,-1233.750010778119,0.2356178495659155,1.5288286018443598
879,-0.6668676687479032,-0.7199255999045748,-1071.0489506190006,-1071.0489506190006,0.22871668220457575,1.4104629548148278
880,-0.6810023780899758,-0.7092854775447281,-1036.9041635771114,-1036.9042884484863,0.2719039118236616,1.8286023802112736
881,-0.6755854945479791,-0.7118030949995474,-864.6811265781823,-864.6811265781823,0.22417834017059238,1.5412536603134406
882,-0.6663726134943456,-0.6976353178408885,-1277.6857531671965,-1277.6857531671965,0.28655310950701945,2.408785792023262
883,-0.6412458187084352,-0.6581043123073668,-1041.0303168452303,-1041.0303168452303,0.2195028882900454,1.9559597100324209
884,-0.6184944037856117,-0.7389967805107036,-1352.5621168492114,-1367.7470745531377,0.49316239799801753,2.411148915361489
885,-0.6472406271303269,-0.6837287293747546,-1559.2942521790865,-1560.5786463788452,0.30697517727873913,2.651310291057687
886,-0.645755119092605,-0.6692731791920388,-1592.9044499321801,-1592.9044499649187,0.3148658472739643,2.8455814728896325
887,-0.6547606390464016,-0.6822132178478748,-1474.7634031650457,-1474.7634031650457,0.31004328749257326,2.708959639939368
888,-0.6340087425025969,-0.6530634976174887,-1596.9043446009077,-1596.9043902700084,0.3500814561314556,2.8068021400619387
889,-0.6589111496224624,-0.6883391384641555,-1016.2174508908183,-1016.2174508908183,0.2945903823393129,2.53818272329683
890,-0.656012091364963,-0.6756605112776427,-1469.9038867413465,-1469.9041181527457,0.2725173570923292,2.2253932863929826
891,-0.6405645216541299,-0.6734256100546451,-1682.8791570693525,-1683.0406998774217,0.34706703444077136,2.9113596696865747
892,-0.6309400353739024,-0.6441538187281752,-1415.8031088082944,-1415.8031088082944,0.27022684962271665,2.254886427712772
893,-0.6679908332121535,-0.70511508547435,-1216.193760143269,-1216.193760143269,0.2981318547939873,2.372874891334125
894,-0.6717010478957037,-0.7202002849581373,-1031.493362954443,-1031.493362954443,0.1981184059666228,1.1680055955388156
895,-0.6740510662853431,-0.7130025715793841,-1119.9309074908952,-1119.9309074908952,0.2777883850479983,2.018697492203688
896,-0.678545299627812,-0.6984661510380377,-1081.885223550817,-1081.8918323995601,0.24188272109638298,1.552816071638958
897,-0.6279908629786338,-0.6396273083796093,-1808.867793541012,-1808.8804059146382,0.31472771401536664,2.5435375710359147
898,-0.6341764682408437,-0.6714055843328638,-1801.5505241207961,-1801.5976897819041,0.3531340865444089,2.8356429934075496
899,-0.6462670547791648,-0.754963175974625,-1009.7734103750142,-1019.6902794270736,0.40625270705334854,2.040282691989485
900,-0.6410117369054871,-0.6683848752879188,-1727.032086092496,-1727.032086092496,0.3337010736529701,2.9117257575314843
901,-0.6389287307991758,-0.6608014917161398,-1633.904448352965,-1633.904449122952,0.33348451806057594,2.8838384143906493
902,-0.6369427956629193,-0.6510052252290938,-1162.7283800243622,-1162.7283800243622,0.22896311201663283,1.8876943801884012
903,-0.6327165174851309,-0.6501419724750273,-1626.9038667742325,-1626.904107245316,0.34375911986876273,2.750544794116831
904,-0.6668721552561827,-0.6910797674034357,-1304.9044183561384,-1304.9044323898106,0.2654340161282728,2.2144028870800962
905,-0.6528252745356862,-0.6764327356287738,-1526.9044486950452,-1526.9044493068945,0.29453648961524237,2.6297509162000345
906,-0.6496557988494558,-0.6934585110236635,-1433.3571086297143,-1434.4546907317144,0.3684390162858711,2.907629802538912
907,-0.6712885897894753,-0.7119942984575438,-1137.0079421154414,-1137.0079421154414,0.2604717883183161,1.8286580074142376
908,-0.6723469160494595,-0.7017287703189791,-801.3698630136975,-801.3698630136975,0.17760864613940355,1.2350408288527623
909,-0.6631091712824085,-0.6885989627381038,-941.906995998345,-941.9069959983451,0.21435124480711107,1.6262606720624195
910,-0.6646751710167365,-0.6926596461488698,-832.9944077275043,-832.9944077275043,0.1977349751217273,1.4497247289166952
911,-0.6806671371868597,-0.7228007909937082,-557.9648697758935,-557.9648697758936,0.16233715775535054,1.0421232423919724
912,-0.6447891520919408,-0.6831880822801129,-1563.0993133092477,-1563.743830672576,0.3656139173102407,2.911011179791892
913,-0.6819692828457302,-0.7155447642249172,-1018.9044499997914,-1018.9044499999338,0.2816122830201617,2.0212212817889434
914,-0.650840126312667,-0.665074673023625,-1703.9006965213152,-1703.902141992665,0.23786992873883256,2.154440274537382
915,-0.6565415091578714,-0.6753132180873848,-1567.9043463825137,-1567.9043910955384,0.24995874552894012,2.228998975783572
916,-0.6739650763243838,-0.711278181960957,-843.8765182186241,-843.8765182186241,0.2612657847937399,1.9513953340304597
917,-0.6535876592261104,-0.670236620925979,-1532.9018631724728,-1532.9028688460517,0.27101725970779017,2.280012666485033
918,-0.667646015517767,-0.7029034048526174,-1219.089021674014,-1219.0890216740142,0.3103746626033701,2.4409597309339173
919,-0.6285406286566355,-0.6624974094767836,-1888.8057764478565,-1888.8057764478565,0.3891102567630947,2.9127308553047997
920,-0.6698293430652291,-0.6918872018326314,-1309.9038448297442,-1309.9040913808853,0.22552037389346175,1.6949017145598702
921,-0.6372445993834736,-0.6607330839223061,-1673.150430740582,-1673.150430740582,0.3496236524351434,2.9125101637072572
922,-0.6791265646812332,-0.7169373535342619,-655.4806766607077,-655.4806766607077,0.17193654456994825,1.170395062658425
923,-0.6874944060307591,-0.7332305715612824,-933.6367124967012,-933.6520507630175,0.2772818437212569,1.7168750780263993
924,-0.6446544060789985,-0.6666499950902129,-1729.904449999913,-1729.904449999956,0.2699898457995369,2.552641260353257
925,-0.6455887159546587,-0.6733753216862712,-1697.252450263708,-1697.252450263708,0.2457974766982433,2.3071585515069275
926,-0.6481131347752842,-0.6674590882517242,-1122.814881219189,-1122.8148812191891,0.2695602188115048,2.091979376342659
927,-0.6460679313668795,-0.6824177730714233,-1547.8758696072393,-1548.6399699803626,0.3752334427552308,2.911207802228189
928,-0.6383201281976659,-0.6593879563825336,-1373.9044562399738,-1373.9044562399738,0.31798180669502724,2.5611965398377765
929,-0.6650560203697683,-0.7297643051452356,-1068.6571647905741,-1071.14441294472,0.35489805511719535,2.2523555698855433
930,-0.6637210000764371,-0.7154412143951325,-1149.8431944902086,-1149.8431944902086,0.2948393345253323,2.0442005804153465
931,-0.677412031911338,-0.7132579232593291,-835.8875167385822,-835.8875167385823,0.22615728983094296,1.5513023123349854
932,-0.6451080458148243,-0.7025131978890375,-1359.2277839624267,-1360.158001052228,0.2707783606216261,1.848968487047736
933,-0.6538866839968497,-0.6667909173948445,-1466.863119980446,-1466.8768639893121,0.25922931722158954,1.9255152291347917
934,-0.6418461937416192,-0.6589335015557779,-1685.9036097347446,-1685.9039516816154,0.2992769467426383,2.6831116637429706
935,-0.6421605549714041,-0.6822331544364665,-1611.1621709141518,-1612.848034468867,0.29357263924346694,2.6100619667818346
936,-0.6505356314407024,-0.6730914209639773,-1414.904439923591,-1414.9044445186814,0.32499166533656443,2.6356450121741744
937,-0.6882160180367941,-0.7347475297677722,-577.7987495576266,-577.7987495576266,0.19805041715042587,1.2551825803448187
938,-0.6601844679393822,-0.7062560949710741,-1245.0617903698042,-1245.0617903698042,0.2937958919259885,2.214252819696323
939,-0.6588444501696743,-0.7329217503660492,-926.1195726301452,-926.1195726301452,0.34523027683252205,2.001808843839019
940,-0.6211420194499483,-0.6306927355551701,-1805.8206088599763,-1805.84767663291,0.32421670455071283,2.4501769170161305
941,-0.6799553311109778,-0.7125799962354962,-1073.9044496649979,-1073.9044498864685,0.2563308967998667,1.8062739732722233
942,-0.6429712671637919,-0.7428926173614048,-1098.3869867283054,-1103.2736424778932,0.3849591174718837,1.95020184671414
943,-0.6573232405929971,-0.6738970436886162,-1508.899223405402,-1508.9011905824264,0.24713456788520022,2.020072758486188
944,-0.658023668127078,-0.70930648536717,-1239.3276344806122,-1240.7558817217125,0.33583818240374463,2.449369693964482
945,-0.6386487792883513,-0.6476607836405948,-1656.7505263711112,-1656.7974531388252,0.2805516326438009,1.9796484766899145
946,-0.65326576824441,-0.6730571102437649,-1341.9034603693094,-1341.9038607568077,0.31125025728857003,2.2738764296894662
947,-0.6505094480731566,-0.6608056617702847,-1638.8311437716918,-1638.854840499682,0.2437492724063222,1.8671591959174962
948,-0.671114721627642,-0.6952245590383742,-1241.9042605173825,-1241.9043410850813,0.2517859015453095,1.9518696436418514
949,-0.6379770595011341,-0.6807779336519041,-1642.1900525706592,-1642.2255583554982,0.39784014224913045,2.911256126512251
950,-0.6588019361494799,-0.6904966155250097,-1116.7613636363642,-1116.7613636363644,0.30182736490835166,2.572813201433178
951,-0.6599205600367143,-0.7205966668793249,-1146.8037692178477,-1149.069365980759,0.3398137131232533,2.2760110559341937
952,-0.6546981198134835,-0.7010748033690974,-1307.4993743902908,-1307.4993743902908,0.2570251002780935,1.9545739082938676
953,-0.6495782683026858,-0.6720595133640164,-844.365335409947,-844.365335409947,0.18193700677444324,1.3845771412264898
954,-0.6256258131820142,-0.6888536039737744,-1769.2015037748397,-1774.0861543886413,0.4766785869665731,2.9113682254848805
955,-0.6803828940861006,-0.7296875751637067,-831.7411402157177,-831.7411402157178,0.2862256576351332,1.8993822393146234
956,-0.6401763574834473,-0.6597240692119122,-1597.904336055611,-1597.9043852738976,0.3256587130782576,2.7602459743923164
957,-0.6709749629171541,-0.6866867535738418,-1152.839909425861,-1152.8601035790707,0.24587559162741868,1.608633463143711
958,-0.6725770443195013,-0.6890398142759933,-1205.8709470641775,-1205.8820502138462,0.23230836442953534,1.5743650719332036
959,-0.6347314237737935,-0.7661064254558115,-973.498851946358,-992.0233500113233,0.42841850803777287,2.066382789870217
960,-0.6762692693260278,-0.740492455260521,-940.4662874357458,-942.6753987988899,0.3129159986222768,1.8019874709904946
961,-0.6356600053791305,-0.6517638840881698,-1660.9024299639036,-1660.9032262453507,0.3259219286178953,2.670022419142522
962,-0.678567990064989,-0.7105580339427714,-1057.9044499994272,-1057.9044499998174,0.2892980304454944,2.069302616424152
963,-0.6615247087866973,-0.6878841885117878,-1393.9044499994002,-1393.904449999696,0.27704462048864925,2.3430247414250305
964,-0.6469903048768889,-0.7055529548997388,-1323.4727322079207,-1325.1768347626783,0.29276312349641076,2.133549086954844
965,-0.6717063501337396,-0.7160592330064458,-1109.9799641140094,-1109.9799641140094,0.28359974666330995,1.9794991070394032
966,-0.6181641191869082,-0.6848530822883483,-1889.4584772361763,-1894.97177111714,0.46740874137587113,2.9114446009338244
967,-0.6675512229259983,-0.6874391355196173,-1247.9016873655166,-1247.902751678204,0.26542106035306856,1.9890668813102557
968,-0.6635965272679712,-0.6936173743316891,-1343.6042287506773,-1343.6042287506773,0.26688372575102015,2.1738865362834736
969,-0.6862913619861815,-0.7336093934606953,-936.6627155922977,-936.689536511694,0.26867908355837683,1.6308354250991952
970,-0.681998116758026,-0.7227135988122587,-669.2522118531091,-669.2522118531091,0.20780625940535452,1.4390188513034565
971,-0.6464540013574749,-0.6769673622863592,-1382.9291044776155,-1382.9291044776155,0.27219870283817055,2.4183171695518952
972,-0.6771136715402282,-0.7021758916311709,-1068.9034864262162,-1068.903880265251,0.275407249647676,1.9082641397160345
973,-0.6450235237688227,-0.6843224080699843,-1564.9637342195697,-1566.337982859689,0.2814255267870258,2.4742876612983955
974,-0.6761273548535229,-0.7199730087406517,-831.4222146157806,-831.4222146157806,0.24105161955717627,1.6671014276864924
975,-0.6835126708292258,-0.7075449000684347,-1079.898272178139,-1079.9005534231644,0.20498989344532145,1.2754149580951046
976,-0.678070026601058,-0.7042456055727663,-1141.9038985125815,-1141.904126313077,0.2279192171352861,1.5794001751246058
977,-0.6648107955409877,-0.6996469361002249,-1021.3296398892,-1021.3296398892,0.2964453965467126,2.4098784825268496
978,-0.6900646288117781,-0.7193416258308811,-954.9022593081426,-954.9031534909359,0.24152639170453027,1.4587495560079482
979,-0.616435208027079,-0.6897102554433082,-1849.5864118509649,-1855.2043413395654,0.4433878954800846,2.763024518470506
980,-0.6669233522065149,-0.6999496347173655,-941.4731254147323,-941.4731254147323,0.2639464207448299,2.0969851478123727
981,-0.6384541959367115,-0.6521521484336757,-1632.8885277496997,-1632.8941952791718,0.30488869190467377,2.435716427907171
982,-0.6782521662640981,-0.7135007639233174,-684.460949286296,-684.460949286296,0.19238239221201558,1.2667051231519078
983,-0.6206490768781593,-0.6973857943018109,-1710.7535139446018,-1716.3002421287827,0.45291246009534847,2.710124320535487
984,-0.6871661653293024,-0.7244187388478849,-970.9044484418699,-970.9044492119654,0.255584668147844,1.6344662877222775
985,-0.6321458119555368,-0.6466426130603039,-1506.5033463821226,-1506.5033463821226,0.29781346806566295,2.2780670155329
986,-0.678414599126017,-0.7213719064468634,-970.516370744421,-970.5163707444215,0.2848238379505345,1.947253202609469
987,-0.6246578727482694,-0.629972792029516,-1903.3744357477094,-1903.521746768134,0.2871044141273052,2.124227273116459
988,-0.6662500155259776,-0.6989157635489042,-1247.9203029949301,-1247.9203029949301,0.3089387097975248,2.4741122258250314
989,-0.6603867356932416,-0.7056688014614615,-1072.6176115802248,-1072.6176115802248,0.25231553404985624,1.7300688932652246
990,-0.6903086358303209,-0.722560023677161,-965.9029514303702,-965.903577306954,0.2121753117318404,1.244529703331217
991,-0.6703827696745686,-0.6817898666019614,-1270.7209176772494,-1270.7738000211966,0.21057298595114665,1.3708817571444134
992,-0.6469080421485831,-0.6654707678268512,-1525.220575994674,-1525.220575994674,0.2781280315954198,2.3315965053260035
993,-0.671635313344083,-0.6957173529276244,-1267.9040302060123,-1267.9042030025,0.2053210722087461,1.4723123926363073
994,-0.6664210070093257,-0.7088280238687161,-1187.2100092192188,-1187.2100092192188,0.2728317100540719,1.966045777480147
995,-0.6553909131675623,-0.6927251400789458,-1208.9389534883749,-1208.9389534883749,0.3164760705673576,2.6159815601410106
996,-0.673460405459173,-0.7052491297401625,-746.7939972714884,-746.7939972714884,0.17914799474124318,1.2358225629703752
997,-0.6515425532770714,-0.694020369929757,-1415.2429168270141,-1416.4470670557052,0.309262106368087,2.5618538970994815
998,-0.6720100894821759,-0.6915753928117688,-1127.8923112468678,-1127.8966086177827,0.26489089061399224,1.8263752313484707
999,-0.6787108129472554,-0.6956021990404883,-1142.852932171025,-1142.8693769499275,0.2108897057437687,1.3241840478499824
1000,-0.6323685442194003,-0.6389071403641895,-1784.5582917067738,-1784.6570236554383,0.2778961803302542,2.0019252365444107
1001,-0.6591817394945663,-0.6788219228590521,-1414.903738714249,-1414.9040281476334,0.270535316101627,2.146075850794348
1002,-0.6317503116757721,-0.6383422714345873,-1683.546374142475,-1683.6470244454933,0.2856339995839566,1.9621444623224629
1003,-0.6845120528605326,-0.7364648753183026,-704.2801556420235,-704.2801556420235,0.25155015850601775,1.5793766938410134
1004,-0.6264400302011771,-0.6690177296272162,-1909.2057461732288,-1909.2057461732288,0.3503358849339159,2.806875867339238
1005,-0.65199334997702,-0.6820387803636816,-1537.557886809597,-1537.557886809597,0.26985579821017264,2.41519033091705
1006,-0.6302218599946515,-0.6483558640282037,-1922.9044495985033,-1922.9044497880188,0.3431175921605285,2.912916472469231
1007,-0.6465486433260759,-0.6830649376447946,-1558.9056467133216,-1559.6624300849198,0.3273717602516604,2.8257589615553615
1008,-0.6570036068862671,-0.6757009979471921,-1152.0986911388609,-1152.0986911388609,0.22621957968810893,1.763947913403542
1009,-0.6732713858957076,-0.7205744321115184,-1050.897652783025,-1050.897652783025,0.23479211948838713,1.4683899790131205
1010,-0.6655030609803173,-0.7000646718150212,-1031.2878133102856,-1031.2878133102856,0.2584726122338571,1.983757184587141
1011,-0.662681389328405,-0.7104547713141055,-1052.8418376611578,-1052.8418376611585,0.328344406149707,2.3985677872516984
1012,-0.6880610905028854,-0.7246345874322603,-949.9044488769802,-949.9044494332242,0.27108478979116024,1.761635169110845
1013,-0.6720259540454836,-0.6956981052815597,-1158.9038067574083,-1158.904072111501,0.27457464387136515,2.019392467760009
1014,-0.6052103769192538,-0.7211180738692571,-1719.0538082628004,-1729.5123172610793,0.5761943100176857,2.7477591236818886
1015,-0.6736353593709073,-0.7140009225502563,-1114.9870226686503,-1114.9870226686503,0.2913874294985665,2.145921520316925
1016,-0.6523699661418177,-0.6720060375010949,-1318.3418068048545,-1318.3418068048545,0.226783900109142,1.8112287634137587
1017,-0.6926550375354245,-0.7199059293874843,-881.8460639696232,-881.8460639696237,0.20373925566471265,1.0961479586306337
1018,-0.6382404895841521,-0.6420262730465048,-1762.0985037281073,-1762.3082540523649,0.24920282304230917,1.7318009285007423
1019,-0.6577940556505558,-0.697498619024033,-1334.606302184898,-1334.606302184898,0.26808062483261197,2.1134923172852997
1020,-0.6503160793967969,-0.6868858073082356,-1497.7685087021698,-1498.0681452292085,0.2993282098143911,2.5737376290198317
1021,-0.669806050076016,-0.7003540806913381,-865.998417304142,-865.998417304142,0.22384102802764536,1.651249968643627
1022,-0.6663010179080572,-0.6959166616406844,-983.40911883987,-983.4091188398703,0.2759768173489545,2.1937930502115086
1023,-0.6861491484057946,-0.739111841186082,-734.1608898919885,-734.1608898919885,0.2576523607018455,1.549667845457307
1024,-0.6340580719235879,-0.6590888842931634,-1876.896752502916,-1876.896752502916,0.3348672322157928,2.912504893670103
1025,-0.6841063177579642,-0.7139213485780249,-1012.9043166793668,-1012.9043977737875,0.25928107223973473,1.7397501236442856
1026,-0.6367777244743058,-0.6600684507614549,-1719.2550407880656,-1719.2550407880663,0.3424579825296811,2.91250749911876
1027,-0.6327111656421043,-0.6923903358920452,-1633.0196202853167,-1636.5694938222382,0.42183755102649834,2.8997046811017504
1028,-0.6763978139232405,-0.7181817492555191,-798.8147223955091,-798.8147223955091,0.23152914417149045,1.6758368489396334
1029,-0.6501325966369347,-0.6799850178859751,-1578.5943943076893,-1578.5943943076893,0.2620624731583914,2.3500728729844083
1030,-0.674838339051744,-0.7093885725780348,-759.1216216216228,-759.1216216216228,0.17394980959029757,1.2503958349925304
1031,-0.6411122682336065,-0.6684797626310182,-1771.4171532524463,-1771.4171532524463,0.2943715658306177,2.6512590094009303
1032,-0.6661651592832002,-0.6991540055627045,-1022.9557389347366,-1022.9557389347366,0.27132159250000193,2.113448365660096
1033,-0.6549414517497378,-0.6844171262982858,-1145.6874917448154,-1145.6874917448154,0.3097421393557139,2.637836595083188
1034,-0.6444043476967619,-0.676198189378284,-1674.117428345464,-1674.117428345464,0.2673344765574933,2.521026811747795
1035,-0.6368900991096978,-0.6589421623467957,-1855.587199009647,-1855.587199009647,0.3172549715553268,2.912192728282374
1036,-0.642118420911794,-0.6673246009686107,-1668.2963609023136,-1668.2963609023136,0.32963359107811935,2.9120736223773576
1037,-0.6304298501931699,-0.6359762870955374,-1691.4021179947263,-1691.5380482850733,0.2820439182058055,1.9179531608923257
1038,-0.636557482390108,-0.6623759481734807,-1505.7454111326717,-1505.7454111326717,0.33222629957560335,2.8292838625522125
1039,-0.6903553232878864,-0.7246908437697807,-952.9027306361439,-952.9034501825051,0.19539980299783166,1.1061593196996036
1040,-0.6781763218554678,-0.7145666493244069,-1081.3025197773236,-1081.3025197773236,0.262861411882544,1.8605907422722614
1041,-0.6293802497985627,-0.6616343718925075,-1887.4741557223308,-1887.4741557223308,0.38419670200834816,2.9128283607997125
1042,-0.7002544456992148,-0.7557265057803484,-475.44204322200466,-475.44204322200466,0.1994408526778667,1.0811926990465102
1043,-0.6347327924633507,-0.6617132427277208,-1801.9002481165423,-1801.9002481165423,0.36927549860667286,2.9128854793225063
1044,-0.650382255227858,-0.6958186786943639,-1410.8429791868784,-1412.4532260698866,0.34900625268656876,2.8205571386693777
1045,-0.6929631128577941,-0.7430235348895122,-562.7626945359525,-562.7626945359526,0.21557895160027102,1.3111800557859135
1046,-0.6417092371615365,-0.6527068967192217,-1542.823255595667,-1542.8492024309137,0.29080484048636407,2.0299516714532073
1047,-0.6804721200577786,-0.7288104958200095,-988.7725186788133,-988.7725186788134,0.2719545925506228,1.7098073229589053
1048,-0.6663752686472222,-0.7235515229591466,-1043.9790459826982,-1043.9790459826982,0.22833201542774412,1.3597658626533835
1049,-0.6388028306652637,-0.6574472256569848,-1566.9041025611089,-1566.9042480082512,0.33236868971481676,2.6910728612434127
1050,-0.6547951936003478,-0.6786975895462946,-1383.9044480725374,-1383.904448974954,0.31717558128330087,2.6193783026661164
1051,-0.6471064892187371,-0.6828083562376448,-1534.3299995979146,-1535.0488174923264,0.36983255209189453,2.911110125884537
1052,-0.6733418289900902,-0.7032830585547836,-1183.9043912821305,-1183.9044171818382,0.20347641703982444,1.3915050962492566
1053,-0.6447254226373832,-0.673922588926005,-1612.003008161824,-1612.003008161824,0.34863672751165026,2.9117874873523655
1054,-0.6375578018544182,-0.6615132846101415,-1867.0230393216727,-1867.0230393216727,0.28793518908579513,2.64379288517031
1055,-0.6425963903690086,-0.662592194793965,-1680.904430693716,-1680.9044393607167,0.3075218253171159,2.837062153034163
1056,-0.6626317317530525,-0.6972795097784551,-1295.2684544024112,-1295.2684544024112,0.3243098037402515,2.6736552222682968
1057,-0.6387723844970984,-0.6761490306293224,-1719.413671301026,-1720.1988178260078,0.2948541930180697,2.6726599745676998
1058,-0.6750236795376584,-0.6984588897297576,-835.0296387428717,-835.0296387428717,0.20272471275453502,1.1388060179275765
1059,-0.6288785365716757,-0.684002212344665,-1781.2558416911875,-1784.8749441523357,0.4597154054517759,2.9112554536682786
1060,-0.6759435801681886,-0.7140481628098767,-996.5820312500003,-996.5820312500005,0.19594414343546823,1.2215483127323812
1061,-0.656433635441715,-0.6751105810631124,-1324.90183123455,-1324.9028456591493,0.29698086820986763,2.173694737809453
1062,-0.652851352901258,-0.6746277136190033,-1376.1347191159127,-1376.1347191159127,0.31023009316415207,2.4453468215201224
1063,-0.6425781815086976,-0.6621516859952149,-1114.4935646334652,-1114.4935646334652,0.26555828757914574,2.333448364149536
1064,-0.6287521527535587,-0.6806091262855158,-1738.6780905752737,-1738.6780905752737,0.35108844929544175,2.7098346281546752
1065,-0.6795053018386192,-0.7185199264135526,-658.7392550143268,-658.7392550143268,0.1747315492639892,1.1893013747358359
1066,-0.6423773073781809,-0.6547491046462841,-1525.8643795353235,-1525.877794158984,0.2980418010226352,2.0954741457463166
1067,-0.675192651575269,-0.712801465626927,-875.9860338807736,-875.9860338807736,0.2740536709142503,2.007636965085781
1068,-0.6352720281673886,-0.6858317618546252,-1574.254667038171,-1574.2546670381716,0.3484841923047095,2.699562068744079
1069,-0.6682914753556042,-0.7071073547662637,-1187.052460022092,-1187.052460022092,0.3241612187868192,2.505308539916861
1070,-0.651380267055941,-0.6791689029708916,-1319.5518384093418,-1319.551838409342,0.30654559964722744,2.596775242899936
1071,-0.6803368508117776,-0.7157287421456761,-1048.2115599927508,-1048.2115599927508,0.2768780889734678,1.984760635989847
1072,-0.6364095721607795,-0.7073923443216523,-1415.56440326448,-1419.1866435770894,0.34249003613612633,2.275430542022371
1073,-0.6523194023277208,-0.6794555716063696,-1528.0198043400042,-1528.0198043400042,0.3107224898665329,2.7355008546989215
1074,-0.6383382679941892,-0.6563261253318753,-1742.6017874875913,-1742.6017874875913,0.279319942614563,2.592932805804067
1075,-0.6764432238516105,-0.7020423268551175,-1076.9039357548722,-1076.9041509167212,0.27890313849453735,1.9628913261332308
1076,-0.6626078701552852,-0.7037850319002573,-1254.32637556521,-1254.3263755652101,0.28463626922029023,2.166284856352716
1077,-0.6456354582715569,-0.7035694567838443,-1342.1947005268796,-1343.1220986246008,0.26760389123511696,1.8016322746851394
1078,-0.6728640734137016,-0.7117154503235761,-901.43869443848,-901.43869443848,0.2034896179000648,1.3438079112168868
1079,-0.6746945271953035,-0.6914023402048036,-1190.8687367231055,-1190.8805070129836,0.22347939015951804,1.4815950868403722
1080,-0.6360855172437118,-0.6562324711995533,-1326.5547410735433,-1326.5547410735435,0.31038154154596814,2.6533634995085027
1081,-0.6518237105087911,-0.6586577695473961,-1478.4427655859847,-1478.5667344468577,0.239356066123989,1.6677076502379338
1082,-0.6601058516641861,-0.749322284736092,-975.9343195495593,-979.4683751298974,0.3784171254700576,2.009242746898903
1083,-0.6514859683150203,-0.6790368234057987,-1218.1454302868608,-1218.1454302868608,0.3141635712297441,2.6725871871580638
1084,-0.6711481514833104,-0.7055564023986252,-907.0006158899653,-907.0006158899653,0.19399292605012824,1.3596460224659916
1085,-0.671619185453806,-0.6960976375247211,-1128.9040113550438,-1128.9041958023324,0.28768747219088436,2.0534168050656216
1086,-0.6678639622859475,-0.6829607349300566,-1361.8796553254367,-1361.8881415049632,0.2168059925480539,1.5471440083102819
1087,-0.6819936323599789,-0.7043326378576604,-1108.8949394993783,-1108.8983558548177,0.20199514031050372,1.266749473378969
1088,-0.6719694153718783,-0.6904694210000949,-1182.89073916443,-1182.8955638026378,0.24920942712470168,1.7415274772302178
1089,-0.673803724769428,-0.7169982429197836,-1094.8486540760446,-1094.8486540760446,0.31120542519861216,2.30893420490363
1090,-0.6304545694707548,-0.687266656659678,-1710.917715241286,-1714.3182560531409,0.42834804013761557,2.9112310137905144
1091,-0.6747426450110025,-0.6888550631258643,-1133.7590673244301,-1133.801193256745,0.2240009928886255,1.3729993986740856
1092,-0.6412611705903696,-0.6650241400260012,-1751.65997153296,-1751.65997153296,0.3154291145269087,2.911717778417117
1093,-0.6781203298373475,-0.7076976418987165,-1084.9044378458204,-1084.9044455767478,0.27095885309971385,1.9855899276779194
1094,-0.6765349807938854,-0.7127619796303934,-1104.0847231653113,-1104.0847231653113,0.24229366861379692,1.6621790312055547
1095,-0.6358798269290015,-0.6578522811076134,-1638.9044499032404,-1638.9044499498439,0.35403959942673496,2.91250173798025
1096,-0.6354259969246214,-0.6711446347980277,-1742.9064252651358,-1742.9064252651362,0.39992991284905594,2.9123466067709964
1097,-0.6295064947826319,-0.6360564226184366,-1781.5307246205953,-1781.6370087719754,0.28647561762926593,2.0685475931383657
1098,-0.6533372832122981,-0.6753705646501956,-1174.8925641359558,-1174.892564135956,0.2731386517757672,2.2527861455519553
1099,-0.6353474196198234,-0.6449908742760386,-1323.5112046552003,-1323.5112046552003,0.24115202956786408,1.7496761855086778
1100,-0.6648776018898515,-0.7005192438685941,-1019.4310586040745,-1019.4310586040745,0.27964179400363715,2.2144674776496034
1101,-0.6543712909591127,-0.667252542500866,-1531.867299795321,-1531.8798171435708,0.24512336787955977,1.8769067381511126
1102,-0.6776684576179528,-0.7032704158849822,-1144.9038156231904,-1144.9040762439406,0.23235495801050357,1.628235553978898
1103,-0.6384451870707103,-0.675550215969811,-1506.0240963855408,-1506.024096385541,0.3053169002522386,2.6784960279358123
1104,-0.6807824955409248,-0.7348796106431426,-960.7013369364568,-960.737464480533,0.31219032625627935,1.9503757761871752
1105,-0.6352602468835797,-0.6509142463963125,-1285.0409327710277,-1285.0409327710277,0.2646113711140521,2.3706676755711507
1106,-0.6842947652987041,-0.7284573734073295,-739.164904862582,-739.164904862582,0.24929871932381006,1.704042402247516
1107,-0.6326359612061753,-0.7091473958473983,-1450.6480751741374,-1455.0551191282873,0.3923463492460921,2.326219976587494
1108,-0.6688625997936236,-0.705385819966467,-937.5448671931082,-937.5448671931082,0.26986989961351027,2.09147385384866
1109,-0.6676036746233978,-0.6820061339421273,-1250.8445554868647,-1250.863597342324,0.24093372074404928,1.664197953584048
1110,-0.6582055671090964,-0.6966783298006737,-1186.6197183098589,-1186.6197183098598,0.24043426566002218,1.7413081661177912
1111,-0.6361942856799466,-0.6556487123723587,-1905.90445,-1905.90445,0.30473859674176196,2.9105087516577868
1112,-0.6697104849931049,-0.7040646361329602,-1213.7920506100381,-1213.7920506100381,0.26839902116834446,2.0502041002569453
1113,-0.6879627015418696,-0.7288493590112409,-940.4902357063005,-940.4902357063005,0.2849493426042098,1.8542906107521062
1114,-0.6483689202378449,-0.6970407315926274,-1384.6522247331513,-1384.6522247331513,0.24814734025378027,1.813664860683469
1115,-0.6637910270068196,-0.6928656423503758,-1175.2695902228622,-1175.269590222863,0.29209989735247005,2.307251953086805
1116,-0.666482642341062,-0.6899579179692187,-1357.90440921718,-1357.904427170898,0.23781978243093455,1.8846487920024901
1117,-0.6368092876134482,-0.6598864587931957,-1413.1538852209255,-1413.1538852209255,0.3296083564687171,2.6821748957039246
1118,-0.6312227649194643,-0.682838290783535,-1702.777725451104,-1705.3134386565498,0.33713583165942235,2.671554060045322
1119,-0.6505979989809267,-0.6975830620208633,-1244.8884758364343,-1244.8884758364343,0.31548792364255246,2.4105294624543676
1120,-0.6282572364749178,-0.7328088731637905,-1320.1854525595443,-1324.649003614198,0.47116254456982953,2.3194505701826396
1121,-0.6440749367631732,-0.6743916008069105,-1587.9713173470734,-1587.9713173470734,0.3587856554848422,2.9120308701409376
1122,-0.6558980305901886,-0.7338946460052115,-1043.4174626885463,-1046.8341195351559,0.2822715608194699,1.5828993786649692
1123,-0.6727880202193857,-0.7228676581199319,-1068.0241674098827,-1068.5989038729629,0.3306618836952999,2.291562244140293
1124,-0.6517666866478101,-0.6659418429181513,-1662.8948712115791,-1662.8983958481285,0.23943279388853367,2.073411687135839
1125,-0.6283954995450088,-0.6468637834038306,-1760.9044227485479,-1760.9044349357039,0.356178465848832,2.9127481666250588
1126,-0.6568595749620939,-0.6839134479198321,-1482.9044499999989,-1482.9044499999995,0.24157214808165195,2.0301157478950658
1127,-0.6980687566712871,-0.7529073072855965,-507.4227034267213,-507.42270342672134,0.21610710719335366,1.132734219561994
1128,-0.6345457386837603,-0.6372109505489298,-1782.7007778922782,-1783.001070792947,0.2520926985547268,1.7282687464944924
1129,-0.6683274305136413,-0.7055694833607379,-948.7110633727226,-948.7110633727228,0.2913842499373517,2.312040957457142
1130,-0.6314193749857787,-0.6512544748237574,-1743.9044482579677,-1743.9044490719878,0.35544043366504363,2.9127216047223192
1131,-0.6849579112629786,-0.7182461285073687,-975.9044499608242,-975.9044499870557,0.2857057651643266,1.9399221925206287
1132,-0.64767520651582,-0.6670557307260039,-1483.904063701171,-1483.904224645176,0.31168588012537746,2.536711832344136
1133,-0.6411093959182005,-0.648897299028818,-1665.6591594832778,-1665.7312426093672,0.26664528378448765,1.8803906603128577
1134,-0.6412843696450902,-0.6740439211385509,-1650.9786001041462,-1650.99270475304,0.3757777806129221,2.9119543612244185
1135,-0.6756456044814796,-0.6931569800907823,-1101.858513535467,-1101.8732750611373,0.24229345251414458,1.5396085349358741
1136,-0.6551972328652271,-0.6724522823803594,-1405.9001989119488,-1405.901806532971,0.2821079355462881,2.1176548262585997
1137,-0.6635767844552196,-0.6834059499789631,-1328.9031320043523,-1328.9036547829774,0.26636363597873136,2.0911889444897334
1138,-0.6362549486286784,-0.7075102475461165,-1435.9570126821764,-1439.8995910915075,0.3939951885482711,2.487564652547302
1139,-0.6407277926687729,-0.6622929975344549,-1719.9044497012987,-1719.9044498430003,0.31625822886238225,2.907596509090669
1140,-0.6499449596275707,-0.676959109933711,-1559.930416149003,-1559.930416149003,0.31816541213867827,2.834545176356746
1141,-0.635862388164707,-0.688208059532726,-1599.0694184900274,-1601.1656756532507,0.308352964378984,2.3525471702824965
1142,-0.6553050984115789,-0.6829266691318001,-1465.766396024853,-1465.766396024853,0.30022222514012487,2.5798605736007096
1143,-0.6363833354841469,-0.6435046731346264,-1874.6677650279958,-1874.738050066529,0.26017340631769215,1.944827825566181
1144,-0.6485877793857141,-0.6681790280558635,-1544.9042412074011,-1544.9043298523436,0.29936976480653493,2.6125291783412306
1145,-0.6478203532594695,-0.6992271964626797,-1417.3062703678306,-1419.5732578717912,0.3929758931257209,2.9081606289311073
1146,-0.6478475702868279,-0.674281340673345,-1655.2736168874567,-1655.2736168874567,0.2796339321702161,2.590688534856079
1147,-0.6679359980351335,-0.6842303129377982,-1216.8737372234964,-1216.8839893387471,0.25363945723903075,1.771600158955317
1148,-0.6344340186914744,-0.6592090121438238,-1860.7349162971275,-1860.7349162971275,0.3519017862098415,2.912823791339226
1149,-0.6579543315885231,-0.6686831356157783,-1500.7973036884246,-1500.8305796312582,0.2263920618160857,1.7010205898281672
1150,-0.6659587430998127,-0.6985614996641348,-1281.0091701782321,-1281.0091701782321,0.2860019378789267,2.3605109694186366
1151,-0.6347138344652363,-0.6591102059924716,-1799.7183156703452,-1799.7183156703452,0.36489293518225213,2.9129541312022122
1152,-0.6483416479858124,-0.7041780280840176,-1368.7682980994612,-1371.2010036538602,0.38842072859516025,2.81981690836337
1153,-0.6534578146534289,-0.6700023537654892,-1501.900849328614,-1501.9022274177137,0.2749737640913908,2.144025243339754
1154,-0.6894108531064297,-0.7051269932134246,-966.558276459735,-966.6478226943244,0.18730122875098287,0.9430609912532361
1155,-0.659968085387547,-0.689016230876661,-1354.4629742629766,-1354.4629742629766,0.30816059972638704,2.596245633934383
1156,-0.651498136328833,-0.7018660244515978,-1333.9747746028163,-1333.9747746028163,0.2923988408811354,2.269508412896179
1157,-0.6565287114079399,-0.6863683763526136,-1461.227684159654,-1461.227684159654,0.269910262126874,2.311408963496269
1158,-0.6358710353608762,-0.6579311888270802,-1903.6805569823612,-1903.6805569823612,0.34337470211750665,2.9124581050145606
1159,-0.6448651033242897,-0.667893413097047,-1718.5254875531912,-1718.5254875531912,0.2920557339299526,2.608400287317852
1160,-0.6508030373618761,-0.6637975662122177,-1650.8869051905638,-1650.8931453197627,0.2503299163534065,2.062351857134419
1161,-0.6715849591957276,-0.6988134597327552,-904.8991354466873,-904.8991354466873,0.18766379602106043,1.304854824931624
1162,-0.6504277831139729,-0.667114771295793,-1578.9023670805284,-1578.9031851866848,0.2776691101175406,2.3133392846421237
1163,-0.6442332120658804,-0.668899563812282,-1411.4982578397187,-1411.498257839719,0.2893214814602558,2.622810194622087
1164,-0.6670229779479567,-0.6873147584164675,-1079.0731008122311,-1079.0731008122311,0.2541676352520199,1.7330549582126
1165,-0.6809762454486475,-0.7025286090693201,-1132.8923253536213,-1132.896618842723,0.19507689902286568,1.22671438415541
1166,-0.6383356125810379,-0.6690702866359821,-1502.294279596211,-1502.294279596211,0.3588835902790544,2.9535834511332584
1167,-0.6930510942840324,-0.711262446920332,-976.7384979407045,-976.7857546643821,0.17540737594143066,0.9064156664064867
1168,-0.6783120441111348,-0.7160961976246152,-1057.7225201081683,-1057.7225201081683,0.29803666536795637,2.2188138770660935
1169,-0.6249459926421811,-0.6994241502458474,-1665.2556230659065,-1670.4352181102129,0.4755560661485223,2.837070267878043
1170,-0.6697069237365556,-0.7027662160564172,-866.7410714285722,-866.7410714285722,0.267302113695561,2.0270677739875373
1171,-0.6806211882306238,-0.7037605853054473,-1069.899901524953,-1069.901614958846,0.24445789634517895,1.5835090304133987
1172,-0.695621300432101,-0.7152856054113015,-943.7612160744262,-943.8028104444734,0.17649771653605942,0.8919963555230759
1173,-0.6390316021215244,-0.6516375059511524,-1788.88893199887,-1788.894482642498,0.283338524502609,2.491501244329272
1174,-0.6627053964426611,-0.7123208868920724,-1145.1961205279115,-1145.1961205279115,0.2241226569992286,1.4655861426926324
1175,-0.6815392313076879,-0.7318780928320257,-761.5627693191606,-761.5627693191607,0.2766206931082834,1.9023526796639059
1176,-0.6422024642429873,-0.6622360417409129,-1202.3795904358774,-1202.3795904358774,0.2903047110127196,2.499328999134561
1177,-0.6578551514542718,-0.6842429634274977,-1032.9005420395843,-1032.9005420395843,0.26213345969173807,2.213147236719512
1178,-0.6587592447927004,-0.6836035889184041,-832.3490418223462,-832.3490418223462,0.18581921154440725,1.343726325786805
1179,-0.6579028815533459,-0.6905552000670003,-1103.3085752869706,-1103.3085752869706,0.3120569510510713,2.638558962672159
1180,-0.6529251292470406,-0.6655121874068426,-1424.8480950206263,-1424.8663443596513,0.2674912249236687,1.9258269818580083
1181,-0.6385672092893162,-0.688727480845552,-1588.0230449536375,-1590.5403887973305,0.37904921623336296,2.8817315544667466
1182,-0.6570692617476812,-0.6851352082190005,-1174.3341404358382,-1174.3341404358382,0.26277263190501776,2.1609254478533537
1183,-0.6639795536083649,-0.7389454940434931,-999.7408932357506,-1002.7650181949235,0.3208075595898005,1.7877388319662688
1184,-0.6718877665590209,-0.6950081566590213,-1196.90368022984,-1196.9039938933497,0.2600489513858271,1.904462820514131
1185,-0.6710919758999067,-0.708609607942054,-903.1772323445316,-903.1772323445316,0.2550323582438025,1.9106334196294563
1186,-0.6399967488766185,-0.6756330779598217,-1579.56703380175,-1579.56703380175,0.3815734774764766,2.9113477425347805
1187,-0.6599336528390818,-0.734192086051822,-1043.8508598472108,-1046.9295251642232,0.3151169735289256,1.8297334479428478
1188,-0.6605086236845238,-0.6878620395588283,-1418.9044499999427,-1418.904449999982,0.24644516595513663,2.010948479041556
1189,-0.6501287101411991,-0.6716453683092819,-1497.9044214361277,-1497.9044341731787,0.30718212206828743,2.6617433930156813
1190,-0.6465497906301015,-0.715901320465361,-1266.6202971743642,-1269.7991478304386,0.3427925580901341,2.2829168848823578
1191,-0.6400942125752954,-0.657967101396822,-1579.9036070631278,-1579.9039497017332,0.32161676957442886,2.6306688489726353
1192,-0.6205019090517142,-0.6929457717984613,-1618.7128177393197,-1618.7128177393197,0.4978833761272067,2.8930391565785136
1193,-0.639000824496605,-0.6744036494237585,-1722.8073810274516,-1723.2246617883766,0.3323527788699493,2.727157330274374
1194,-0.6537129408161644,-0.6758826339865122,-1335.548172757479,-1335.548172757479,0.3045909997799078,2.3442971793468237
1195,-0.6427746239770437,-0.6678256842759555,-1785.9650960088597,-1785.96509600886,0.2580608399104653,2.52457801857166
1196,-0.6325661155409462,-0.6547813520668935,-1845.855104798528,-1845.855104798528,0.37746914971413226,2.9266598738426053
1197,-0.625645486594206,-0.672837922097064,-1921.4687056473326,-1924.2059335561685,0.3923297478551284,2.8593695968585444
1198,-0.650775583065653,-0.6810108661962526,-1557.328992436984,-1557.328992436984,0.246625986534351,2.17055344603606
1199,-0.6679490516233798,-0.7265543471065053,-1066.5470206190998,-1068.5653079035148,0.33682772532361777,2.216703111984839
1200,-0.665347301560793,-0.7267893350211825,-911.0455311973018,-911.0455311973018,0.30827326967750013,1.9298305408772707
1201,-0.6618139360769828,-0.7119381639175009,-1199.4065950259285,-1199.9762035588924,0.33818261296732205,2.4487210943271007
1202,-0.6673419709445514,-0.7011482946580845,-1229.9840128568019,-1229.9840128568019,0.3075548412797526,2.429089240963284
1203,-0.6566078348871938,-0.682863576331624,-1434.904449983669,-1434.9044499916308,0.2948006947190422,2.513430112589244
1204,-0.6904115722546532,-0.7198262199566549,-976.9002442083872,-976.9018827375669,0.20048969283534934,1.1636167165409768
1205,-0.6575933850856689,-0.6934576596041849,-1149.5101975269024,-1149.5101975269024,0.312871745269679,2.646833756672306
1206,-0.6808071763798488,-0.7249198297011262,-1008.7608770926237,-1008.7608770926237,0.2954951064151113,2.0329948938978526
1207,-0.6903258221409821,-0.723062711764252,-963.9030544297798,-963.9036405553915,0.2106803681371783,1.241502322801854
1208,-0.6512579860975615,-0.6747908752671153,-1566.9044499653623,-1566.9044499821525,0.2959245803626209,2.6717028482129166
1209,-0.6354229347562689,-0.6555268011106146,-1879.90444916061,-1879.9044495533892,0.3180517946357394,2.9127036696781556
1210,-0.6420812437409795,-0.6496046620544361,-1567.5919865951396,-1567.680715990758,0.2697768410322999,1.851152295526584
1211,-0.6468858721250286,-0.6905391118736025,-1482.5832332224222,-1484.930916505284,0.2984946252297642,2.502533546802771
1212,-0.627095364360904,-0.6451100184409629,-1496.796738497379,-1496.796738497379,0.3309749787520834,2.6461540991847623
1213,-0.6309208226923989,-0.6438360972196102,-1246.983105390185,-1246.983105390185,0.2505328575840762,1.9241313076478013
1214,-0.6763940318673511,-0.7050157984402128,-1146.904396131413,-1146.90442460105,0.24675796212533055,1.7885741516564513
1215,-0.668190258874049,-0.7000484108159774,-938.3439490445899,-938.3439490445899,0.26743064503452374,2.061501843272793
1216,-0.6658285448762405,-0.6749548725590276,-1177.224061258326,-1177.3884228929305,0.219334094562926,1.269760061870602
1217,-0.6606538593906489,-0.6940345945446933,-1336.35531976448,-1336.35531976448,0.32036370481949655,2.6734446461720656
1218,-0.661042442671873,-0.6856202380499604,-1054.3034336711553,-1054.3034336711555,0.23306347815494877,1.835581063651965
1219,-0.6802508412393017,-0.6974441145131882,-1090.8391817902932,-1090.8595535439085,0.2182092677460843,1.3313674732117908
1220,-0.6526937539952069,-0.6796579703472345,-1510.759671114944,-1510.759671114944,0.3123387986156134,2.7886542033738673
1221,-0.683355585557034,-0.7062371501588124,-1055.8957610958096,-1055.8989206197966,0.22642017132034523,1.4090384897698214
1222,-0.6739692590872235,-0.7089564309705436,-1114.742027601016,-1114.742027601016,0.3082397886293505,2.334041276329774
1223,-0.6743392345901152,-0.7176844310029649,-1086.8621487612309,-1086.8621487612309,0.3050191929321939,2.220476700789114
1224,-0.6508248370305709,-0.6730976738045621,-1231.3058035714243,-1231.305803571425,0.27675159457365417,2.329771290885369
1225,-0.6471543444619425,-0.6535923094949853,-1614.525923757677,-1614.631756725655,0.2444251687407127,1.7439357582571449
1226,-0.6612348569220244,-0.7106082176516507,-984.8520158471249,-984.8520158471249,0.25835241782170504,1.843884536941925
1227,-0.636861109922912,-0.7030969309226468,-1443.1320961270058,-1446.2707162694287,0.3192076678768876,2.2003284277082518
1228,-0.673844474899822,-0.7260086787027353,-862.7914836093283,-862.7914836093283,0.2968674582607061,2.0202684008773595
1229,-0.6771178133644739,-0.7187941569886931,-1060.8535636785473,-1060.8535636785473,0.3003161857964374,2.186460991974465
1230,-0.6663456538914002,-0.7183457152449215,-963.4636463280999,-963.4636463280999,0.3186193277441642,2.2645440048495407
1231,-0.6731301642183184,-0.7122684540184453,-1130.0031205849355,-1130.0031205849355,0.29356491196374385,2.2152428919298157
1232,-0.6433595316078614,-0.7429162240741004,-1102.9093728143616,-1107.984695776636,0.39279627915828425,1.9904052681003637
1233,-0.6767023327144546,-0.7070470810576535,-1074.9044498837159,-1074.9044499611873,0.29419701009733196,2.127479572989876
1234,-0.666006408939603,-0.6924058823508976,-1279.904448950447,-1279.9044494452285,0.2855397881262026,2.2878193568595946
1235,-0.6671368184659511,-0.7169553058556942,-1115.924919015705,-1115.924919015705,0.2730758942318758,1.8391826539899698
1236,-0.6678770015414176,-0.6974895588469178,-1010.4190260475643,-1010.4190260475649,0.2952098410632428,2.134046766403875
1237,-0.6639767003551446,-0.7096130728221925,-960.1240584847145,-960.1240584847146,0.24516458687741252,1.8129931239312302
1238,-0.6797849052564472,-0.7236179420123101,-886.6529774127348,-886.6529774127349,0.22109051816535374,1.3463787871959578
1239,-0.6573711512444985,-0.6999289737633502,-1284.3722826867731,-1284.3722826867731,0.21883551219394823,1.5911367336299318
1240,-0.6751677918283651,-0.7102202497874693,-832.8515111695172,-832.8515111695172,0.2393508330907093,1.737490190977459
1241,-0.6420580013796215,-0.6573036743371802,-1893.904419740745,-1893.904433160134,0.2576718158937437,2.5185732342505145
1242,-0.6797202504752606,-0.716052921411346,-1036.515042878934,-1036.515042878934,0.29791620468605484,2.13632062694582
1243,-0.6447834418822312,-0.7039942382786669,-1373.58483684399,-1376.0723870356192,0.32782162366542994,2.3202028406704014
1244,-0.656175016419828,-0.6924263675531047,-1397.6780589431414,-1397.6780589431414,0.262625160626869,2.1411743741314098
1245,-0.6546015356550414,-0.6777707756587968,-1469.9044469080054,-1469.9044483421278,0.2984732500024084,2.6376822295413387
1246,-0.6417660913035477,-0.661290460727115,-1377.8729157278078,-1377.8729157278078,0.3273658821295957,2.3642751268054036
1247,-0.6340253002810685,-0.671040433815297,-1763.778886145486,-1763.778886145486,0.3951683812329984,2.912148406912251
1248,-0.6649743124557295,-0.684437931979476,-1032.93329612057,-1032.9332961205703,0.21113663616813683,1.4547075884412641
1249,-0.6470732570910812,-0.6617157398253894,-1491.891451669046,-1491.8961078108325,0.29569320404916016,2.124720659525527
1250,-0.6365587449507427,-0.71799898184213,-1346.2168415988301,-1350.4677181898646,0.42000307316087754,2.3298953558892825
1251,-0.6471124204740374,-0.7312386608543234,-1026.0204081632667,-1026.020408163267,0.38098595695176163,2.2162415932812736
1252,-0.6690007534489674,-0.7140093914485309,-1126.088470827569,-1126.088470827569,0.25638468916906215,1.737074727852081
1253,-0.6834557946806846,-0.7099603784512414,-1013.9025425143686,-1013.9033125572852,0.25776809138688017,1.6470613020992773
1254,-0.6819464346353968,-0.7159254754247489,-1015.9167474618555,-1015.9167474618555,0.2861000312808104,2.0508272579835527
1255,-0.6846481061733919,-0.7323811700387958,-720.3966005665732,-720.3966005665733,0.2474094252704525,1.6672750690464286
1256,-0.6519764946019486,-0.7162866200482232,-1246.8956596656565,-1249.7843667367524,0.3899751539113594,2.559099145711841
1257,-0.6849997068301324,-0.7198740717722286,-1004.9044336011069,-1004.9044414368053,0.2517261722068126,1.6523007919866375
1258,-0.6294936492253005,-0.6397771921298642,-1753.8297049705077,-1753.8540595233912,0.30932056339802694,2.446224261341041
1259,-0.6372557262998153,-0.6933400781212864,-1545.7215955098254,-1548.474386561697,0.34858058961546806,2.6354630064674716
1260,-0.6667181865720885,-0.7139060943835112,-1146.9625513743401,-1147.1141742894395,0.28587359725888356,2.0027746100994306
1261,-0.6691935180130699,-0.7054282086741214,-1201.0963854325205,-1201.0963854325205,0.2994524656856727,2.420165748896204
1262,-0.6794832190660194,-0.7306504066885205,-961.7293866744594,-961.7887242285772,0.23481099991083396,1.3607559361087052
1263,-0.6763020372390239,-0.7321005275928061,-970.7515281551565,-970.7571304879707,0.2577185528354932,1.5137976225847267
1264,-0.6931033852429852,-0.7253356197228206,-930.9018257988427,-930.902909174203,0.21783543590540416,1.249539561647856
1265,-0.6449777732107728,-0.6785680597461823,-1640.7516904763343,-1641.5665412997687,0.29300151870913116,2.63967951537073
1266,-0.6987969561564404,-0.7543321846124094,-568.3802133850652,-568.3802133850652,0.22403486343146106,1.2452291355947953
1267,-0.6699035687266613,-0.688393404389681,-1167.8895947069764,-1167.894794556803,0.2629397453322572,1.8342255168017485
1268,-0.6604622036623088,-0.7508385693972971,-948.5006398148984,-952.1947194898098,0.34546656534124287,1.8814892102094682
1269,-0.6215704123454359,-0.7115072312863396,-1539.27203785197,-1539.27203785197,0.44805438443528495,2.553205637241372
1270,-0.6845206142651198,-0.7245739233046389,-643.6428149024252,-643.6428149024252,0.19740746796783282,1.2930933747315154
1271,-0.6324592165143104,-0.680132569986946,-1723.568951462189,-1726.0836476870409,0.3889813649307263,2.9110692322338383
1272,-0.6402247815576454,-0.6560701039008755,-1293.2235592147006,-1293.2235592147006,0.26557784688295505,2.177040348839826
1273,-0.6440907766363313,-0.6800624647447367,-1623.2880557243918,-1624.6631366649835,0.2877875620075563,2.604167479861568
1274,-0.6756323306358608,-0.7061282322383367,-1142.9042844241567,-1142.904355829079,0.19571672961876485,1.2882250399350132
1275,-0.6750567510342431,-0.6998638206750881,-1129.9039272034015,-1129.9041448381454,0.2667088750250293,1.9049812600757108
1276,-0.6597925670160655,-0.72124864267698,-984.4647797403702,-984.4647797403703,0.33415632513424687,2.2353646462731374
1277,-0.6510129181485979,-0.7447409109463086,-1069.0157818147447,-1073.8370568295147,0.4126749141838083,2.279065612011131
1278,-0.6615973145789719,-0.7161200627633932,-1120.1272201164188,-1120.1272201164188,0.22672846000729519,1.4349665096265518
1279,-0.6442443281050424,-0.6669619437108054,-1506.9044475005667,-1506.904448665226,0.3327984189994436,2.7920832529785025
1280,-0.685722177224772,-0.7043929918679083,-1038.836024960767,-1038.8572932198783,0.2043039413481663,1.1847258919594947
1281,-0.6332236698950334,-0.6479141144267025,-1609.8977437283074,-1609.9002471071983,0.3302821213669964,2.529027080095132
1282,-0.634577253341637,-0.6500696407159022,-1787.90251834887,-1787.9032838266048,0.3180375792739552,2.772232396189372
1283,-0.640112034675733,-0.7073850661937426,-1365.3833355965892,-1368.349245971021,0.307052993418994,1.9796198623810124
1284,-0.6151510694009198,-0.6249283018071128,-1862.865259365262,-1862.8785575058628,0.3428446096485813,2.6571260689532195
1285,-0.665640232773506,-0.6988334029754909,-945.0523864959266,-945.0523864959266,0.2903248341410129,2.3530924197789007
1286,-0.6482196269309678,-0.6867713005978534,-1501.7888651029496,-1502.7478911846263,0.3426591190987253,2.8856514939030666
1287,-0.6696694659845779,-0.7098654220529252,-1169.1287535960857,-1169.128753596086,0.2876979170236545,2.1395869507668013
1288,-0.679677808355405,-0.7006585417496768,-1054.8886794598045,-1054.8941908178315,0.2468982010039559,1.5693455118670554
1289,-0.6729737739014523,-0.6900321846533691,-1233.879369480584,-1233.8878720160915,0.22125330078584396,1.500795541700745
1290,-0.667648704743117,-0.7330438066173427,-998.3558706279158,-999.4144771646096,0.2801459134345096,1.623013919361975
1291,-0.6604290588535133,-0.6867151889166353,-1421.9044483817777,-1421.904449135006,0.22133724665757254,1.7369909500430696
1292,-0.6777298520562169,-0.7093537104912844,-795.3131780703025,-795.3131780703025,0.19375990396171555,1.2901970897117505
1293,-0.6372345882643952,-0.6961303636481201,-1519.5152022445866,-1522.4161528161062,0.35111880457560446,2.5528591663335316
1294,-0.6865227279246162,-0.7214994738118171,-971.9044286326155,-971.904438961635,0.26828150895104647,1.774602561766633
1295,-0.6604564191900294,-0.6862085011354069,-1295.7161125319715,-1295.7161125319717,0.2831830520064041,2.317413944485476
1296,-0.6607210573334207,-0.7068455657033441,-1080.2120141342782,-1080.2120141342784,0.33569636991909924,2.6366418408378007
1297,-0.655006820019814,-0.6975207624184547,-1346.6638356906317,-1346.6638356906317,0.2595340848252738,2.0405816113286956
1298,-0.644587335235769,-0.6677950824467656,-1671.904449998187,-1671.904449999077,0.30686111808637184,2.8507192259244527
1299,-0.6483754876931511,-0.6702184093816757,-1494.4539915638184,-1494.453991563819,0.299849730752135,2.591945085109604
1300,-0.6384266273763864,-0.6555402799991988,-1906.904405512035,-1906.9044251344142,0.2941198984430708,2.8902786852222357
1301,-0.6138918030610813,-0.6875494514296254,-1903.3575785468372,-1909.0961968051538,0.44077468881833,2.7683064066271914
1302,-0.6331221356134923,-0.7206490815625478,-1346.7098512583693,-1347.3757075095457,0.4135605025317072,2.323601995817332
1303,-0.6482254869524985,-0.6751254585766814,-1644.333136940148,-1644.333136940148,0.2788751102017012,2.5770030076411525
1304,-0.637159755754048,-0.6913467734864972,-1367.0658682634742,-1367.0658682634742,0.30724052041249644,2.314051934861029
1305,-0.6716173615508315,-0.7352800823446389,-967.4860082189857,-967.9745813261951,0.2712720755418574,1.5428431586888574
1306,-0.6812397706102984,-0.7224349581002734,-590.0656580074227,-590.0656580074227,0.1561306817077708,1.0314231651771173
1307,-0.6400345005866985,-0.6685229147956575,-1641.9444469680082,-1641.9444469680082,0.3643874708479489,2.912391488901904
1308,-0.6749971721961898,-0.7123726417050824,-817.6620849045124,-817.6620849045125,0.25655100464827135,1.8867569358998535
1309,-0.6326796360922359,-0.653284152114597,-1763.9044499871131,-1763.904449993391,0.35576262515146495,2.9127851442479944
1310,-0.6410226045345949,-0.6542412618662748,-1776.892657819056,-1776.896943160223,0.27542977231124466,2.4225751522770227
1311,-0.6741988857257901,-0.6960353368125716,-1098.8998732732427,-1098.9015928256892,0.27050679007609146,1.873812025689539
1312,-0.6491669865465759,-0.7299081174333883,-1118.8688906206394,-1122.6489736735687,0.3068043195680321,1.6708229704059443
1313,-0.6355323903977612,-0.7026592202169215,-1477.0761543686008,-1480.5515779099703,0.35083752951587505,2.3262648944998165
1314,-0.6630551644221125,-0.6884776931928693,-1169.8397737983041,-1169.8397737983043,0.2301375650466624,1.7271154386649623
1315,-0.641044929028682,-0.6463938143945372,-1699.3727824840723,-1699.5173252473264,0.2515424600416913,1.7570039581695387
1316,-0.6357403019658876,-0.6609363523919756,-1843.6207952325483,-1843.6361092322766,0.36803924045261965,2.912571292989388
1317,-0.6294654844744265,-0.6754594573945689,-1801.6064439219897,-1803.9114551336534,0.369150079508536,2.8515997321543005
1318,-0.6779886212671222,-0.7141473015297669,-673.1995277449838,-673.1995277449838,0.18941107644650765,1.2684438565007539
1319,-0.6269389673418158,-0.6451453003501971,-1719.8848841989877,-1719.8848841989877,0.33397131202783137,2.7949558784587643
1320,-0.6426440349342725,-0.651414466955669,-1231.3734550075064,-1231.3734550075064,0.23158689018435216,1.4668286795210492
1321,-0.6662600374319698,-0.7095590487410817,-1193.9231714833488,-1193.9231714833488,0.33141910840093647,2.5069049934265686
1322,-0.6724190535727096,-0.6871738369125691,-1278.8492708084716,-1278.8669946725133,0.20428987967434878,1.3666311662934847
1323,-0.6733476998894137,-0.6937457761774377,-1109.894972440335,-1109.8983837115488,0.26567926107334966,1.821062410813718
1324,-0.6296888432365896,-0.7272797208438441,-1350.500384198056,-1350.9004290643788,0.4601834307543388,2.325827311024947
1325,-0.6893817311304447,-0.7123008548415263,-950.8730145326507,-950.8835589174109,0.22825421078749364,1.287832825263828
1326,-0.6868361922674407,-0.7304403103081508,-636.2194016319152,-636.2194016319152,0.21807826246945283,1.4120012065853
1327,-0.6630175766745267,-0.689287007164772,-1382.9044499850202,-1382.9044499951417,0.263580305539972,2.2301287112838004
1328,-0.6650652126759988,-0.6926524008483167,-885.2002027369521,-885.2002027369521,0.21743875224917425,1.6338510090190306
1329,-0.6590727695767757,-0.6949104190589039,-1119.1757650315262,-1119.1757650315262,0.3133464014389894,2.6232924888533846
1330,-0.641456356605341,-0.6571934055660145,-1556.8993932578123,-1556.9013007530787,0.3129282796340404,2.520074965216369
1331,-0.6775018856143294,-0.7046622471785444,-1062.9042494659452,-1062.90433670466,0.28287995868163485,1.9850654718308267
1332,-0.6485143028101462,-0.6677695042523891,-1661.9043720059688,-1661.904405973503,0.27870193240371083,2.502393993453096
1333,-0.6323861660451526,-0.6592407844080869,-1635.6423558132417,-1635.6423558132426,0.35224375831967186,2.912274899522098
1334,-0.6762336187418075,-0.7202652217380892,-826.3742865725459,-826.3742865725459,0.2607037229426802,1.8649716156408371
1335,-0.6781943097956791,-0.7208748199446899,-949.0247500409769,-949.024750040977,0.2773256151091485,1.8802257864982554
1336,-0.6443160231342876,-0.6951882742328682,-1479.9773846594708,-1482.3440155573403,0.3867641436292719,2.895705839160827
1337,-0.662894947528936,-0.6845245320548468,-1291.9041326042434,-1291.9042658870437,0.28730521534191206,2.1573639184069924
1338,-0.6362824458028898,-0.6565295196245609,-1705.9044484879494,-1705.9044491947286,0.3422197292288505,2.9125420105311406
1339,-0.6164272517259163,-0.7030629510441473,-1679.7768797308242,-1685.615716964581,0.45120763969149846,2.6736984414094698
1340,-0.6446875117865042,-0.664134092634742,-1759.904449844083,-1759.904449918403,0.2818101405209876,2.6057025307713078
1341,-0.6587083430116087,-0.707872717907344,-1233.376992797361,-1233.376992797361,0.28045195183699667,2.0553276234891493
1342,-0.6499986403770284,-0.6739133325861844,-1327.4949083503086,-1327.4949083503086,0.24682690937047289,2.118814110703148
1343,-0.6281122715511479,-0.6972861053981506,-1650.2731746737782,-1654.9270123502936,0.45245389699666755,2.8443435376992814
1344,-0.6534097190868097,-0.6777637392039916,-1300.0965717044933,-1300.0965717044944,0.3280383802951943,2.511106160543035
1345,-0.6642177209826371,-0.6833257687934917,-1409.903162026026,-1409.9036744568505,0.24024594399480348,1.9423591407434326
1346,-0.6845379278489444,-0.7083577520749288,-1064.8959313788448,-1064.899027259196,0.20499664499916898,1.2528076890274906
1347,-0.6398781823917711,-0.7254500290919561,-1274.1694718452588,-1274.1694718452588,0.4332242267228077,2.3258433661510796
1348,-0.6303051035625095,-0.6828391284651053,-1771.8266510892556,-1775.0703280225243,0.42918787691298904,2.9112039895059616
1349,-0.6808870021440219,-0.6975296372762695,-1081.8154871208096,-1081.8424786231603,0.21442084037536852,1.2851895976299088
1350,-0.6658884098248347,-0.6827297095626272,-1295.8919091931111,-1295.896368936991,0.25170535439610453,1.8621485351844351
1351,-0.6284459710628117,-0.6622032658747606,-1928.2792162842752,-1928.2792162842752,0.4199327892043164,2.93201407764204
1352,-0.6825829027488771,-0.6948498805777348,-1059.4026264852646,-1059.5273363493993,0.18657767193124924,1.000139379323478
1353,-0.6770943437738837,-0.6952189486210283,-1197.8791242371121,-1197.887690289826,0.20169442395806006,1.3091495148000054
1354,-0.6504525604848043,-0.6754009898124245,-1480.9045050052143,-1480.9045050052143,0.3229237287283729,2.81684203624511
1355,-0.6606981753087208,-0.6871292294348209,-1232.241953385126,-1232.2419533851273,0.297024531084538,2.306490683575731
1356,-0.6697350955523564,-0.7164727959037304,-1071.6108872709117,-1071.6108872709117,0.2042319367959114,1.2506567906400503
1357,-0.6545512098220625,-0.758657395966893,-956.6827507945405,-966.0031837882309,0.4123453368405168,2.152084706877676
1358,-0.663964806353343,-0.7187054511074322,-1124.1439651674625,-1125.1495458682377,0.29888865166899514,2.0201349615450046
1359,-0.6718369643298517,-0.6966750404285644,-1193.904229255179,-1193.9043235471831,0.26498312244715405,2.0023302924621134
1360,-0.6276261862269452,-0.6437843298653317,-1516.949152542378,-1516.9491525423782,0.31737981180722935,2.5126856297481077
1361,-0.6242983780006242,-0.6897776708239425,-1788.2028058295627,-1793.4740964878922,0.48777969976640956,2.911425472405278
1362,-0.6208145388833809,-0.7013061124609987,-1666.9661519014649,-1672.5549195711249,0.46984801033490897,2.712044030430369
1363,-0.6501412005440345,-0.6676419682573791,-1525.902724628488,-1525.903406401747,0.28786606115362784,2.333621058906685
1364,-0.688419921492352,-0.7228652451725768,-943.9043986166844,-943.9044310482848,0.27690481206787637,1.8141462059113644
1365,-0.6337336901099434,-0.6469757509152104,-1682.885324165853,-1682.8921099529641,0.31439884554655834,2.468534103828567
1366,-0.6449411907123279,-0.7424887097207101,-1077.7629646017929,-1081.4099755534585,0.3678186327091792,1.893929363717016
1367,-0.6736380888374661,-0.69954922524266,-866.3582947868487,-866.3582947868487,0.2109237726376081,1.3768076917283714
1368,-0.6548002986417607,-0.6742260062498772,-1448.9039297143063,-1448.9041440471017,0.28729065478946886,2.2832410378711017
1369,-0.6665524868896542,-0.7331698908024613,-978.7525931024105,-979.0071377502588,0.23616719631371208,1.296960604275744
1370,-0.6816483743159452,-0.7073770417206313,-1075.9028173062698,-1075.9034636028275,0.23182942312281027,1.5281929747197205
1371,-0.6665126856542678,-0.7067412610736737,-1204.9532347394465,-1204.9532347394465,0.3329239777691757,2.581758527380161
1372,-0.6650453241024238,-0.704846856116016,-1090.699208443274,-1090.6992084432743,0.3104809014264603,2.4522717013320716
1373,-0.6802208535869281,-0.7038561587734604,-1044.8999505815145,-1044.9016609385383,0.2575710796265149,1.678267702668849
1374,-0.6645706405728167,-0.6900327740897148,-912.7915194346333,-912.7915194346333,0.2011449607757892,1.5042716055406482
1375,-0.66217904555645,-0.6999169387698259,-1292.4382541709288,-1292.4382541709288,0.2768705184289779,2.1472727972875845
1376,-0.6845104697023193,-0.6987390865906111,-1025.5620825453095,-1025.6511410618741,0.19292600104630303,1.0309970340395493
1377,-0.6478801585203221,-0.654612822026255,-1398.3138839093908,-1398.4659768139145,0.25270251507608116,1.6540922293399776
1378,-0.6467211296413292,-0.7220422666109556,-1185.5791547833498,-1189.0501538350466,0.29412042617613876,1.6438586100675354
1379,-0.6864733573624616,-0.7291759263439405,-954.6244503260267,-954.6244503260267,0.284491044392255,1.8583314310042316
1380,-0.634834359154435,-0.6431198916131872,-1717.716314038909,-1717.772892999217,0.2848393505957085,2.0228558727157133
1381,-0.6294686045561289,-0.6811527714924079,-1771.2597174249006,-1774.2455396766723,0.39930169275261385,2.911153039744773
1382,-0.630207906528792,-0.6503040150311886,-1633.4062329141595,-1633.4062329141595,0.3314126713978066,2.7546365822174823
1383,-0.6472846698100833,-0.6663816270037148,-1459.9038864695792,-1459.9041182650749,0.3167378919098827,2.493372548990042
1384,-0.683051463520502,-0.7231615898867063,-1004.0617379484324,-1004.0617379484326,0.2326686889671302,1.446290203016274
1385,-0.643626404778512,-0.7009825889537904,-1401.1735603694399,-1404.3444388210746,0.31315837696758925,2.2884559461667866
1386,-0.6692804125540804,-0.7057464695153378,-1203.0511804330574,-1203.0511804330574,0.2744281961128222,2.077056076290546
1387,-0.6457811488788481,-0.6796822155406664,-1596.9053054874503,-1597.5146725290392,0.3308754307845938,2.885621674939905
1388,-0.6813862722724682,-0.7085035264219242,-1019.9034939394851,-1019.9038942948135,0.2726664919843038,1.8125600208735773
1389,-0.6825546144121528,-0.7279829061881496,-962.1213976285306,-962.2043697578564,0.2145935880831857,1.2328935402983485
1390,-0.6702922251474449,-0.7009547041783939,-712.0203365210034,-712.0203365210034,0.17319088675689503,1.1903817862278256
1391,-0.6327770635083018,-0.6450869975720197,-1606.8692531416018,-1606.881247147811,0.3192368633276127,2.3967942494638184
1392,-0.6372998550463291,-0.648309457414017,-1921.8790591100444,-1921.8880035593927,0.27878895298285145,2.5783083488105336
1393,-0.629207857751678,-0.7450212423793712,-1188.5236835867172,-1202.3484029326632,0.4378488312245254,2.05384574013888
1394,-0.6538661632098893,-0.6762075166990089,-1241.0006101281315,-1241.0006101281315,0.3005451468699044,2.292561424627931
1395,-0.6875348297672478,-0.7370472512716103,-729.0999126128769,-729.0999126128769,0.2572565223553497,1.598150811988603
1396,-0.6852938744553831,-0.7277757131256991,-970.5299635011311,-970.5299635011311,0.2605293079935953,1.6433075511523791
1397,-0.6547434516556998,-0.7255957246605567,-1103.781872486273,-1106.6701889334145,0.27674812564572054,1.5800237977901304
1398,-0.6784638408348076,-0.7009185146130001,-1053.8973248657417,-1053.8999548516583,0.2603869998132435,1.7068624175222613
1399,-0.6717729433545266,-0.717823348748058,-1093.9665225664996,-1093.9665225664996,0.27336846144957133,1.8440038685004225
1400,-0.6642142901284802,-0.6717439287957035,-1324.3570424145285,-1324.4970757710385,0.21330958987777532,1.3565862052723987
1401,-0.6217537815711632,-0.6361572869328007,-1814.9012837401121,-1814.9025199518512,0.34946581952142614,2.8488162083428974
1402,-0.6387096969759646,-0.6579301578700947,-1781.9044353868544,-1781.9044419716906,0.31469288279023827,2.89373865533765
1403,-0.6516250370914272,-0.6675371299496149,-1363.1815907953996,-1363.1815907953996,0.28648386215930777,2.087011418497943
1404,-0.6663437421678984,-0.6965574386492097,-781.350100842331,-781.350100842331,0.19879482921619734,1.43174291824968
1405,-0.6153126599582043,-0.7302454749023192,-1455.241694487396,-1462.4811322506232,0.47966496780489754,2.355207517784606
1406,-0.6826353649841844,-0.7125135773040108,-1066.9040722082623,-1066.9042319311727,0.2170494524860068,1.4035551813695544
1407,-0.6502872643409866,-0.6819000522778412,-1407.9103717535231,-1407.9103717535233,0.33334676904281074,2.8353519880517024
1408,-0.6806559104383677,-0.7094138080979452,-1029.904355748679,-1029.9044137845349,0.27975224264800547,1.8985120494095606
1409,-0.6627572013401292,-0.6841813038470632,-1027.2592103089453,-1027.2592103089453,0.19686404587609835,1.457411324291357
1410,-0.6146882510393068,-0.7210831349893898,-1555.897891912561,-1556.416832861406,0.4864372624334968,2.431036777147548
1411,-0.6203501353352975,-0.7319885796949702,-1356.9772517541958,-1362.3828725644048,0.43201946283524273,2.1014001267693763
1412,-0.6506681326922339,-0.6936056374938938,-1429.3492118684883,-1430.6034926531215,0.355262939789504,2.879514847100021
1413,-0.6485673211562867,-0.6748273970070676,-1147.3040578098967,-1147.3040578098967,0.3230124520100104,2.7066009316589654
1414,-0.670469214140869,-0.7401010589431495,-953.9276709673447,-956.5283278308414,0.29836869540570626,1.6444519759069287
1415,-0.6716004329425348,-0.7219826130615151,-897.130391005206,-897.1303910052061,0.3022465596349379,2.1400674072944015
1416,-0.6673611777763092,-0.7110971856637637,-1167.1039396610017,-1167.1039396610017,0.28453864804498696,2.0402298934537733
1417,-0.6356220809355556,-0.6626488881095942,-1781.090462187251,-1781.090462187251,0.36576530775359295,2.9127872739725538
1418,-0.6670148628336928,-0.7079958251101827,-975.8741258741259,-975.8741258741259,0.2718514368474475,2.053513108960402
1419,-0.6667135350621376,-0.6841976074084517,-1406.8998614313307,-1406.9015912924096,0.21371394045067052,1.6093813219775703
1420,-0.6399448403416365,-0.6500768744331652,-1562.7774254914434,-1562.7774254914434,0.24746294317251497,1.8832044113736373
1421,-0.6325174656761781,-0.6526563183638839,-1826.9044499991508,-1826.904449999567,0.35103493348846876,2.9128960167571774
1422,-0.6705497493475249,-0.6921195815273385,-1175.9023564653198,-1175.9031750640763,0.2709617803047122,1.9855130661604985
1423,-0.648414110498589,-0.7378408062549703,-1110.47074188583,-1111.6590668164094,0.3942754672916162,2.27189655145199
1424,-0.6775677327020464,-0.7005112625260426,-1125.9016545677778,-1125.9027304821268,0.24201291716128248,1.6282238489162415
1425,-0.665593541607903,-0.7327321471759368,-1019.937081519544,-1022.4354029010732,0.30025012909773335,1.7708925019033106
1426,-0.672170540312338,-0.7049372116805215,-800.7609384908042,-800.7609384908042,0.21379033606907677,1.5424592229922733
1427,-0.6614154653301003,-0.6980801513277832,-1302.2151431615505,-1302.2151431615505,0.3332814619715399,2.731835750652628
1428,-0.6612364713212161,-0.6733664609086599,-1461.839339530643,-1461.8603201250946,0.22336965976933268,1.6508508728120337
1429,-0.6526008200552005,-0.6581972001529395,-1333.7331718080436,-1334.007429928081,0.23319047523289937,1.4583785991367104
1430,-0.6426146598951066,-0.6714262609540785,-1503.1196823596135,-1503.1196823596135,0.3599115890176661,2.911980085906312
1431,-0.6849547515766834,-0.7161982738378001,-1023.9041801943964,-1023.9042982638487,0.2345289097628518,1.5130936968205673
1432,-0.663850076402039,-0.6812532737771984,-1240.3915881073258,-1240.3915881073258,0.21038380226022116,1.478704441860401
1433,-0.6567691231792214,-0.6765117600446618,-1330.9033492380352,-1330.903791692754,0.2989301477212409,2.217076691717132
1434,-0.6703028664388252,-0.7102928444060421,-1162.0327457464373,-1162.0327457464373,0.31250431940426193,2.3958775149359317
1435,-0.6939580778779149,-0.7212542106122481,-943.8870275426387,-943.8932718320497,0.18945251763398346,1.0184575371689555
1436,-0.6469784586568279,-0.668723187676168,-1272.2314441546134,-1272.2314441546134,0.3102425093062153,2.4099408161139118
1437,-0.6847667218598092,-0.7166213375813982,-1029.9037530948985,-1029.904045961546,0.20200192303431547,1.2349445403299697
1438,-0.6639203893102541,-0.6878612276589509,-978.6617492096955,-978.6617492096955,0.22905551387617296,1.7324736134738075
1439,-0.6899142585112801,-0.7310186688975328,-928.2262961000592,-928.259796036198,0.2601950323756714,1.5938678243268776
1440,-0.6254928310856289,-0.677828089454417,-1878.4673055090059,-1881.8363980385802,0.41404410630553146,2.9111861328855384
1441,-0.6634394493759544,-0.6807914250825539,-1472.9025899740277,-1472.9033212375607,0.21968582124164848,1.7270955595562176
1442,-0.6574124438939825,-0.6649370925433064,-1462.5431374504242,-1462.6425420324529,0.22391626294871125,1.5949031237430062
1443,-0.6532443435418935,-0.7288106348132907,-1119.3033218224189,-1122.6481396110487,0.3247193044494544,1.9287372370959037
1444,-0.6828417978840033,-0.7045919049409802,-1092.890304337037,-1092.895258748191,0.20300573259363733,1.2530524723714058
1445,-0.6514164658527436,-0.7423956006466736,-1060.7194322627424,-1063.522137005906,0.38217678621914913,2.1086764775163878
1446,-0.6527618434421335,-0.6668070392885742,-1389.8729827998648,-1389.8835898538482,0.27932256140859946,2.000113685859415
1447,-0.6733552986371131,-0.702611657373783,-1119.9044497766427,-1119.9044499248857,0.296483351937859,2.164308982720054
1448,-0.6375676282494404,-0.6662452496636705,-1813.4335846934614,-1813.463186532112,0.29187835146782576,2.654447390499683
1449,-0.6659734134581493,-0.6915676572772981,-1208.904428327125,-1208.9044382848274,0.3046233059986698,2.2827729662914202
1450,-0.6538813181363474,-0.6746792827267674,-1110.9012412304414,-1110.9012412304414,0.24472186542674704,2.039117055166826
1451,-0.6248888695533678,-0.6722941371171255,-1923.7458092027077,-1926.7447490503534,0.452052572078585,2.966740106401734
1452,-0.6372003419685969,-0.6675893698410682,-1753.6974096261883,-1753.6974096261883,0.3599321741008991,2.9121019184474304
1453,-0.6863756727461864,-0.7293901856323398,-663.3568225496492,-663.3568225496492,0.18408761473021076,1.187129778004461
1454,-0.6142557847928571,-0.613332482062446,-1867.9827039933934,-1868.8262240844372,0.2724058110650802,1.799210173563946
1455,-0.6338609689342557,-0.6617108651694892,-1732.0979899497513,-1732.0979899497515,0.37224748748452297,2.9126126528501732
1456,-0.6553639446576555,-0.7325434507825742,-1099.4185331354574,-1102.7636191751571,0.3600090121109356,2.2453636157646306
1457,-0.6361037730158571,-0.6538264992805084,-1908.9043895277905,-1908.9044160607907,0.3087205121508623,2.885964582884909
1458,-0.6351476861772292,-0.691725376063576,-1611.600900951542,-1614.7116921719605,0.4020855435609133,2.865460432198138
1459,-0.6544675059719054,-0.6689695716122148,-1595.8914404880095,-1595.896135657808,0.23840166418492315,1.9584401258607145
1460,-0.6388713728839487,-0.66713809069982,-1777.2657650097954,-1777.488919533014,0.314912654126568,2.826252972408849
1461,-0.667271071357992,-0.6858741919330157,-921.906923950059,-921.906923950059,0.20316943691061037,1.1705539563888077
1462,-0.6834590994967883,-0.7075568836892239,-962.0048504446258,-962.0048504446258,0.1948190862774855,1.132790835327459
1463,-0.6591006954069364,-0.6799596949323342,-1095.87317564167,-1095.87317564167,0.25203795494768905,1.9248424840940612
1464,-0.6841488419523574,-0.7330327766147927,-714.7522362629584,-714.7522362629584,0.24945353763501416,1.6417532331049949
1465,-0.6766667776107328,-0.7142311265455361,-783.8150289017339,-783.815028901734,0.19871627455852237,1.389899462504085
1466,-0.6455484548380046,-0.6710079797837435,-1231.8191989259365,-1231.8191989259365,0.335783974930763,2.70799569888838
1467,-0.674564782824376,-0.6897512135545766,-1194.8389663522585,-1194.8595443114468,0.2184023421625383,1.4188116910973088
1468,-0.6421001007689761,-0.6681692711452778,-1709.9630798325095,-1709.9630798325095,0.3234420161670316,2.9115837732713232
1469,-0.6882220621520566,-0.7351403344042672,-701.6880093131565,-701.6880093131565,0.23240223043566055,1.4710847982960327
1470,-0.6436909678362378,-0.6659365428906268,-1601.9044493686101,-1601.9044496672625,0.32191997921951115,2.8553585078505055
1471,-0.6481555635342536,-0.6618139085681356,-1730.8936453111894,-1730.8976041368214,0.2502281947854108,2.2284181322075676
1472,-0.6658996818788282,-0.6911607464650089,-1348.9044349861697,-1348.904441731381,0.22472835922908124,1.720955510855187
1473,-0.6805587041695806,-0.7128861125924657,-1078.9043910234163,-1078.9044175920017,0.22353835244430825,1.476165821035399
1474,-0.6646440499884035,-0.6953158379777371,-955.5923145438359,-955.5923145438359,0.26181426242026634,2.0938091543489197
1475,-0.6453854933261266,-0.6661156545967618,-1726.9044499946385,-1726.9044499972538,0.28427133568097296,2.5933959846047765
1476,-0.6494105139409582,-0.6649458706561565,-1724.9038873284303,-1724.904119678342,0.2554056729985455,2.333751265146718
1477,-0.6627819465901649,-0.7068558456091514,-1042.7078600636082,-1042.7078600636082,0.2536624986626374,1.744174906554115
1478,-0.6213031529208651,-0.6805655999213315,-1931.287087969731,-1935.8802905728376,0.47070931095474405,2.911235223049975
1479,-0.6288384214005078,-0.6420167569076218,-1649.70208540219,-1649.70208540219,0.3164679111913183,2.423909325405821
1480,-0.6373031843349747,-0.7109336281296519,-1413.383214654195,-1417.5105426312152,0.4342750355786418,2.660766960630631
1481,-0.6447075260480197,-0.6718639509694778,-1416.6520595968461,-1416.6520595968461,0.30421874532598986,2.6959831326064982
1482,-0.681408572652287,-0.7064588626498016,-768.2897577356679,-768.289757735668,0.17842783445584262,0.9935263669227035
1483,-0.6674018591348988,-0.697804127152109,-892.7120021674348,-892.7120021674348,0.22635705529482894,1.7288397770632635
1484,-0.6664658693823511,-0.6987062698792976,-1037.025366314797,-1037.025366314797,0.2631573166778099,2.024935865037492
1485,-0.6177178679324696,-0.7311368656650914,-1444.7092155440678,-1453.0747133443415,0.5061664770743273,2.422716688699863
1486,-0.6467675484560239,-0.7015954362026566,-1390.9058800748555,-1393.2603608732363,0.3688261413792487,2.679527615770366
1487,-0.6963731019937378,-0.7478163509721818,-616.4007976071799,-616.40079760718,0.24156001637088503,1.4442996286743446
1488,-0.6226770409911498,-0.6894685114637089,-1781.3670552632304,-1786.3614133550716,0.46384055039379485,2.9113806400232107
1489,-0.6585171659675831,-0.6989252852447637,-1310.5525347086582,-1310.5525347086582,0.25321312094623977,1.9369898186080468
1490,-0.6782765387066998,-0.7062924474227423,-1136.9040205653632,-1136.9041997023162,0.20737382943987093,1.3823486406164434
1491,-0.6804856947588259,-0.7068094493158482,-1044.903549051575,-1044.9039219207225,0.2661554974346457,1.7757271113781796
1492,-0.6511125215281517,-0.6868495953628,-1491.750687584723,-1491.832075464937,0.3028171808973538,2.6022554869371692
1493,-0.698011296132065,-0.7523854539625917,-529.079811125189,-529.079811125189,0.22127466384317418,1.226987095398547
1494,-0.662247197956535,-0.6783574350134632,-1351.891659833444,-1351.8962122877676,0.254532457244485,1.9511562140483378
1495,-0.6776199001386963,-0.7225276424773632,-790.8757377572196,-790.8757377572197,0.24054297679902265,1.6834387133583542
1496,-0.6728372654914665,-0.7441816827588038,-935.9420839717909,-938.5952678112958,0.32348426075649567,1.7681228570772884
1497,-0.6894658950879045,-0.7072357351826251,-950.6991051970521,-950.7558323710597,0.2000031236127054,1.0285103872713772
1498,-0.696052130056113,-0.7496554802940948,-528.5594539576103,-528.5594539576106,0.21032455104832998,1.1775404400350555
1499,-0.6775327941036895,-0.6890379591510882,-1145.5424563397964,-1145.6374977996772,0.19640404069434617,1.1384453403245054
1500,-0.6678047497223008,-0.7009693264731424,-916.7177725990458,-916.7177725990458,0.26979017570083264,2.135268269933986
1501,-0.6504392623496084,-0.6730686689019094,-1457.9044420196522,-1457.9044456706163,0.31617564382524616,2.6765379869781247
1502,-0.6435900721611559,-0.6658350964859835,-1263.7994480220805,-1263.7994480220805,0.3168542834545805,2.519879948877526
1503,-0.6644836591014914,-0.7479827544110328,-950.806387997691,-954.1821913368982,0.33922235358011843,1.7767855037063853
1504,-0.6456616542746043,-0.6663455546405843,-1708.904449864123,-1708.9044499291306,0.2925690353345029,2.789360865743527
1505,-0.6328715858254269,-0.6420901373886961,-1913.768880538249,-1913.811671327623,0.27573745884539264,2.233713908237778
1506,-0.615376698196184,-0.682288937056228,-1960.6788221545444,-1966.0448096227483,0.4238184678567842,2.8130040292949348
1507,-0.6377523943412421,-0.6686541107913693,-1660.6734226871556,-1660.6734226871556,0.3804167384183021,2.9122360836790677
1508,-0.661899030063701,-0.6940487395993092,-1077.8677815521337,-1077.8677815521337,0.31023972424188534,2.5689084461382894
1509,-0.6620654686027746,-0.6793812231070077,-1310.8970579346076,-1310.8997694397963,0.2687360756835886,1.9823451988954885
1510,-0.6459200105255154,-0.6876677239314379,-1515.8335843507598,-1516.4255084583629,0.37833232596572713,2.9110404046851635
1511,-0.660727932298754,-0.7018305823569064,-1286.3048119344685,-1286.3048119344685,0.29831838498050844,2.317423571960516
1512,-0.6306355460635918,-0.6461648189433924,-1605.0893075605638,-1605.089307560564,0.3259080793717521,2.537722454514843
1513,-0.6307773974637002,-0.6748592648190895,-1808.8562792433374,-1811.2391449499305,0.41389094777928737,2.911494644005502
1514,-0.6254809787429166,-0.68427795647936,-1772.26052122936,-1775.8311979361183,0.3776419453472096,2.710165272234299
1515,-0.6565585169254444,-0.7098266711412091,-1243.5816473796249,-1245.4403237260303,0.33886989898250236,2.4300687946537036
1516,-0.6950394391238952,-0.7169053715721847,-945.8308194767953,-945.8538092145454,0.1832294624706448,0.9502427309129419
1517,-0.6413823020652656,-0.6677315065276517,-1424.5916170697726,-1424.5916170697728,0.34948093938926583,2.7888329089583435
1518,-0.6308785357991162,-0.6855567140851557,-1682.9218658900738,-1685.8623197679171,0.3581064998839355,2.6995175872987263
1519,-0.6405049323351205,-0.6650172455402318,-1570.958985196006,-1570.958985196006,0.3487785394446276,2.907298108086398
1520,-0.6279831877951076,-0.6420095499011529,-1690.665980971978,-1690.665980971978,0.320022150921012,2.5314227019450386
1521,-0.674251471595227,-0.7103142862244087,-1123.8079116217052,-1123.8079116217052,0.297821471027986,2.251036194044258
1522,-0.6571283956890331,-0.681555528172181,-1167.4080064698787,-1167.4080064698787,0.21618010994283898,1.7134442357185582
1523,-0.6642092434292813,-0.6744801928391421,-1239.5836968030203,-1239.6700585509864,0.2319687495323698,1.477198096865498
1524,-0.6146398662461143,-0.7173536962997787,-1633.0669944683484,-1633.0669944683484,0.5357799606788745,2.740675536667352
1525,-0.6631154180059553,-0.7008717338424449,-1026.2234152384892,-1026.2234152384892,0.2427758463944376,1.873111633202544
1526,-0.6547028638212896,-0.6707616485742021,-1040.5307599517507,-1040.5307599517507,0.21461875916221632,1.439137008089896
1527,-0.6263388118477302,-0.6939019438328746,-1671.0486289738217,-1675.324837238265,0.39877539453755156,2.6643252640124984
1528,-0.6500054898688263,-0.7055678640715383,-1311.5123569221546,-1313.6523922274646,0.3122372613455216,2.305580779708677
1529,-0.6472436068211063,-0.6820942714912767,-1573.075403452338,-1573.075403452338,0.2780014809449398,2.4984546949787365
1530,-0.6650368817679386,-0.7124920451469497,-969.3424768051667,-969.3424768051667,0.2754180868302701,2.03547569634679
1531,-0.6780841587577474,-0.690408257825311,-1165.6599192512094,-1165.7274062437434,0.19310929837800148,1.151272146791042
1532,-0.6400490123620574,-0.6925622598880676,-1547.6496940384748,-1550.3076286587436,0.3962452834005101,2.9066789941860054
1533,-0.6328220879334242,-0.646839031182056,-1631.1475409836087,-1631.147540983609,0.3278939295757103,2.5069999813802353
1534,-0.6490354694507747,-0.7077548933901671,-1148.182236539351,-1148.1822365393512,0.351295335128185,2.535914568852057
1535,-0.6354761897284131,-0.6607180323349167,-1836.0419490518775,-1836.0419490518775,0.37863441773622136,2.912869443194953
1536,-0.6412188043494681,-0.6571784514436468,-1833.9034675941903,-1833.9038654664587,0.28433753499017783,2.746004492154137
1537,-0.6471566713659104,-0.6692263383191979,-1721.9075241149922,-1721.9075241149922,0.26151523908437835,2.4790156091525914
1538,-0.6457862470945177,-0.6630629482910425,-1247.6370510397005,-1247.6370510397005,0.28022724986353686,2.1281602586961075
1539,-0.6870773245682389,-0.7032665221198751,-956.5724555051298,-956.6586324770885,0.1986187661886294,1.0033233590613901
1540,-0.633615176657091,-0.6423072446540308,-1750.7351099668833,-1750.7867150148677,0.28593268927900584,2.081639838698336
1541,-0.6425408372953494,-0.7380829181581852,-1168.2302417470798,-1171.4832965295454,0.4321191976071777,2.2825110147234646
1542,-0.6125388541318206,-0.7247205089556504,-1595.5523932791893,-1602.5161063632067,0.5495048556243247,2.632653599477693
1543,-0.6715731955574166,-0.7014037727811901,-935.0192061459658,-935.019206145966,0.21780893517077324,1.5571617016718493
1544,-0.6401715099920302,-0.6649473660547336,-1641.9523099851008,-1641.9523099851008,0.3157298668881753,2.8270616562015247
1545,-0.649480132831517,-0.6876954344961216,-1478.9581769994784,-1480.0331345493923,0.3440968920084277,2.8816880820878086
1546,-0.637117138628809,-0.6623930492756903,-1419.2623484947212,-1419.2623484947214,0.3401394668992213,2.7843027392596165
1547,-0.6744621149736701,-0.7075034168923132,-974.3335399876008,-974.333539987601,0.2883667113926825,2.0688744488649564
1548,-0.661962029661872,-0.7352885704715324,-994.8102205438139,-997.7688449093778,0.2640734214227483,1.5173817514069392
1549,-0.6716968174852201,-0.6900761621419667,-1227.8930239722422,-1227.897096437615,0.23788919972359257,1.670502826771442
1550,-0.6364346964978824,-0.6496436917586177,-1831.8964848799192,-1831.8994559046555,0.29932438823043533,2.6659586954424626
1551,-0.6531328087842885,-0.6592724831579342,-1393.1965300965796,-1393.3743445616965,0.2351089700016265,1.5885118538155378
1552,-0.6583368406420309,-0.6796601114118082,-1267.9039145227835,-1267.9041370523896,0.3104070062752251,2.2678393145803377
1553,-0.6808219001061917,-0.7054364248908709,-1082.9022446031654,-1082.903104523174,0.23651686118967072,1.561402613738569
1554,-0.6601049235038443,-0.7030830490850821,-1035.5158250785207,-1035.5158250785207,0.23892672975306034,1.7061461736563643
1555,-0.6522359986708203,-0.6806735354124331,-1175.729975890706,-1175.729975890706,0.30734728039612613,2.6671485708664435
1556,-0.6861410210790317,-0.7089025465741644,-1048.885762715079,-1048.8922253693854,0.1964555622767307,1.153565794424095
1557,-0.6324277677189799,-0.6861627569019777,-1661.378238922253,-1664.2179169379626,0.36310291900965697,2.728697147248197
1558,-0.6768355551110093,-0.7188155623986309,-1061.843288454253,-1061.843288454253,0.3048670308319807,2.239844311896867
1559,-0.634985935217907,-0.6543503354399064,-1828.904448921855,-1828.904449425185,0.33168984442851734,2.9127275861360618
1560,-0.6310449425482197,-0.655266312479659,-1669.1111762980374,-1669.1111762980374,0.3505085802217451,2.912405619790252
1561,-0.6671167451418695,-0.6810523632327734,-1280.8433231365927,-1280.8627782211447,0.2361646229039869,1.6498051471318709
1562,-0.670565557213225,-0.6875079174149942,-1215.8807029289155,-1215.8887732949843,0.24315287677393296,1.6964704318315522
1563,-0.6603960651269413,-0.6836143764914068,-1067.7159590043946,-1067.7159590043946,0.19981301245203056,1.5319271588609964
1564,-0.6867322361017226,-0.702867852623915,-1050.7380866951685,-1050.7854999868093,0.18384243277314163,1.0213779813757766
1565,-0.676004667902607,-0.7140011484027586,-1085.8484702677636,-1085.8484702677636,0.3059702476092514,2.2657768962399465
1566,-0.6392546000498331,-0.6657230381839325,-1431.7893847670027,-1431.789384767003,0.33445529744730434,2.7913438817486407
1567,-0.6681251287589108,-0.703302435448273,-1046.71033893478,-1046.71033893478,0.29831499255540633,2.4007305712151266
1568,-0.6718887252648418,-0.7219339615346468,-924.5804905034124,-924.5804905034125,0.28593385042493263,1.907745344527513
1569,-0.6446152016548177,-0.7123995716049641,-1330.6088178913174,-1333.9937362950118,0.40190497339504816,2.6186058600455557
1570,-0.6773432990849042,-0.7114760318187746,-1097.133099604867,-1097.133099604867,0.2721909339860591,1.9983950242026631
1571,-0.6409007384341179,-0.6709120906029769,-1674.4905845040598,-1674.4905845040598,0.36283444771210405,2.91202906296213
1572,-0.6353505136212598,-0.6778306483325762,-1712.6112982492477,-1714.67864380986,0.4052101937678735,2.911438813361166
1573,-0.6480745493366127,-0.697944601866973,-1406.2055651716225,-1408.1668726623557,0.3551617860968615,2.7159158941613493
1574,-0.63774293581191,-0.6650985964162499,-1797.1410642144206,-1797.1410642144206,0.3182908335769194,2.911508023160041
1575,-0.6615927780369831,-0.6682106886819924,-1312.1444505704321,-1312.3304101262197,0.21661740245282865,1.3480526157615615
1576,-0.6836313744236847,-0.7045582569120923,-997.8708634656019,-997.8819546154922,0.23681037175462616,1.396113423571712
1577,-0.653098858386095,-0.6956026573746235,-1305.7093755967219,-1305.7093755967226,0.3552454549406032,2.826638110143053
1578,-0.6394715511303916,-0.6744441148489912,-1674.973821989529,-1674.9738219895294,0.3646610361918145,2.911456032253012
1579,-0.6810501895607919,-0.7034039919144062,-1092.8973911089713,-1092.8999722878195,0.22530318237019248,1.4339704518229321
1580,-0.6798131298042973,-0.7268908032346193,-1005.7626787603622,-1005.7626787603622,0.28611621281914923,1.8612157521649655
1581,-0.6528432526716997,-0.6664547848262459,-1420.8696596809546,-1420.8813261327084,0.2731085460398325,1.9825941292932823
1582,-0.6684176939219684,-0.7375485234484994,-975.9016223710514,-978.4891670763207,0.29713432079034763,1.6676371289338658
1583,-0.657776388652166,-0.6938633086467069,-1357.2713948394232,-1357.2713948394232,0.3351997099585279,2.7798148373594165
1584,-0.6658841236444488,-0.6890859823963017,-1195.9041377520084,-1195.9042704775097,0.2985008017082497,2.1857268242782504
1585,-0.6315872486717546,-0.7630472606539156,-1041.394634636274,-1065.352128812557,0.4746994571180113,2.301834199040037
1586,-0.6195182552824677,-0.6356286927542026,-1715.6642728904885,-1715.6642728904885,0.3653982492407326,2.831134261069539
1587,-0.6355808149638033,-0.680133144850149,-1675.2903748032866,-1675.4696324733259,0.36977829302644605,2.9107366304146183
1588,-0.6330998309628387,-0.6514655400366732,-1678.90432500331,-1678.9043789529471,0.34577575404745875,2.861288733605635
1589,-0.6808433539378733,-0.7106218422650775,-1089.9039846486974,-1089.9041793573192,0.20276973122600284,1.3006830198052513
1590,-0.6613230147360933,-0.6727461522566924,-1446.8084578287378,-1446.8383924433808,0.22264131943249318,1.621853106893221
1591,-0.6631578195145819,-0.698485327964045,-1055.573933178962,-1055.573933178962,0.2779224747797841,2.2055723682949946
1592,-0.6239558781751957,-0.6838052887481694,-1840.7562776252437,-1844.7597168304867,0.4202079636765994,2.8927873753123907
1593,-0.6465490289076758,-0.6675001603514706,-1289.501273026809,-1289.501273026809,0.26851260772091984,2.3548367663498992
1594,-0.6685908899374192,-0.7028860287350189,-938.1008601787855,-938.1008601787855,0.23121974424422365,1.7339379274409266
1595,-0.6710770336270782,-0.7262160760777294,-1008.9286470037066,-1008.9286470037066,0.2294844683462904,1.3458737845938793
1596,-0.6490161594170414,-0.6770241289545895,-1579.227271913081,-1579.227271913081,0.3210544270406522,2.8477811043863053
1597,-0.6322765051864688,-0.6700649958673416,-1816.5891108973726,-1816.589110897373,0.386719728086446,2.9118896214134904
1598,-0.637944073306092,-0.7585054598897534,-1010.5976880635556,-1024.8500116253783,0.40607685557411294,1.9418085133189564
1599,-0.6690177358750447,-0.6793281352966566,-1212.5424638443462,-1212.6382161438767,0.21743118921079804,1.336015974343592
1600,-0.6498205052460007,-0.6730165603312721,-1428.9044477619263,-1428.9044488079696,0.32822655046309623,2.7006244317580586
1601,-0.6578469582003091,-0.714489355491874,-1044.25162689805,-1044.25162689805,0.32451772409915397,2.240895043139242
1602,-0.6644142606796386,-0.6838311636211494,-1323.9024320170242,-1323.903218472857,0.26138659321406954,2.017286111680349
1603,-0.6670273662964858,-0.6845501301638618,-1370.8985963640523,-1370.9007725545682,0.22709632439444521,1.7248056791204232
1604,-0.6327585828408497,-0.7063580108448515,-1476.6401217854516,-1480.9349810059591,0.3954066557185188,2.422859029225274
1605,-0.6395298961689636,-0.7343858779546087,-1148.4620595665242,-1152.9859102752268,0.3502933110965193,1.776496339038906
1606,-0.686645317797117,-0.7219989539778905,-791.5309446254051,-791.5309446254054,0.23475147136952382,1.4279047948774477
1607,-0.6409184826822617,-0.7527964762202344,-1054.8978584974434,-1066.698934306916,0.41773738444707587,2.041091516658827
1608,-0.6236293985514638,-0.6336337737631769,-1540.807612541176,-1540.807612541176,0.28377254904207205,2.131807634158273
1609,-0.6281917208844269,-0.668797169738424,-1913.5224480207094,-1913.5671402943044,0.35523219254517246,2.8043436123179157
1610,-0.6354989207210571,-0.6561913334278392,-1902.9956950729027,-1902.9956950729027,0.3255436155974851,2.91265232434137
1611,-0.6394960426220743,-0.6635303552472823,-1565.9044499999547,-1565.9044499999773,0.34992404385553105,2.8951367027053077
1612,-0.6355961663208691,-0.6615084079285278,-1801.6554751755891,-1801.6554751755891,0.36017120287018134,2.9128195003133213
1613,-0.6385315241693745,-0.6610389539975698,-1274.0875085014782,-1274.0875085014784,0.3230900011832935,2.726321678310951
1614,-0.6613313215277569,-0.6807259364466325,-1252.062328139322,-1252.0623281393223,0.27580267922125606,2.0329647007703775
1615,-0.6534342484015958,-0.7009221119941907,-1343.4506074542169,-1345.400752620959,0.35771360797204,2.811465929030066
1616,-0.6067910317892803,-0.7081276109247049,-1868.670742873585,-1868.670742873585,0.5533566950065868,2.8060768815146013
1617,-0.6409485307259299,-0.6560571895693452,-1773.9023366144916,-1773.9031687709924,0.29146880020131144,2.679112554727485
1618,-0.650720609319449,-0.6563262396428775,-1367.88592602482,-1368.1304918851383,0.23773868593259667,1.548296300182955
1619,-0.634902332206656,-0.6622026448688145,-1851.3270118955043,-1851.3270118955043,0.3184636948518501,2.9116731104034717
1620,-0.6344974151339894,-0.6874758322882074,-1646.256333305988,-1649.1956747509207,0.41877144851341713,2.9111438572481343
1621,-0.6382390203248048,-0.6593193471671588,-1544.904439983383,-1544.9044445497818,0.3493111769399911,2.823060969010054
1622,-0.6715685082805107,-0.7144690215143947,-922.0154043645741,-922.0154043645741,0.28133473713675655,2.0688496606285733
1623,-0.6788901582091111,-0.71855120283169,-1051.7344937447403,-1051.7344937447403,0.2831403368051857,2.0166368652143176
1624,-0.6305843445654415,-0.6511761223962169,-1871.1374756347773,-1871.156877062143,0.3769694023498742,2.9500758754199654
1625,-0.6552408631567647,-0.678661647352446,-1488.9044440796745,-1488.904446792775,0.28355044925082196,2.432288916444772
1626,-0.6443334348473483,-0.6943137987031146,-1463.3176685772037,-1465.593273898164,0.29198251681630355,2.281532864240894
1627,-0.6742172882097227,-0.6935709055383187,-1110.8875087667843,-1110.8933763588614,0.2572701850175908,1.717992923191754
1628,-0.6852630240731844,-0.7239918004308803,-986.2647254928551,-986.2647254928552,0.2641068998276552,1.7316099611528484
1629,-0.6531265053049194,-0.6689772656629883,-1454.8960119426827,-1454.8991023986541,0.2768426150587352,2.1121629870425953
1630,-0.6862561068132857,-0.7208578317071339,-991.9043928488202,-991.9044196778417,0.2476899678131805,1.595092783820515
1631,-0.6249306221756578,-0.7350921777621309,-1315.3434523240296,-1322.086177525971,0.4601739092997834,2.282619304727233
1632,-0.6436014868814415,-0.6657266501276028,-1693.9044497295956,-1693.90444985833,0.30560785322344597,2.8527456039128296
1633,-0.6729830930977616,-0.6930800875501729,-1274.899009862293,-1274.9010285103184,0.20324804605361194,1.426225841649129
1634,-0.6558732817070192,-0.7096191486654128,-1161.9129315891046,-1161.9129315891053,0.3420510005860217,2.393375078982927
1635,-0.6321110625896528,-0.7581763908009389,-1087.0335687967354,-1108.8260118909743,0.47548918533255646,2.266255466650844
1636,-0.6480168332090517,-0.6816711490219478,-1531.9699290696394,-1532.5207057963182,0.3635900601315083,2.9112836189977234
1637,-0.6668937342578627,-0.7035935999372911,-949.3416648069644,-949.3416648069644,0.20367307816179844,1.4544654403264603
1638,-0.6399748480877651,-0.6843154586696666,-1607.0422932885126,-1609.2078660711923,0.4065717631822497,2.9111787374822624
1639,-0.6506209845582951,-0.6576222252422139,-1407.3879463273345,-1407.5233020447038,0.2463789560133836,1.6462886850993717
1640,-0.6588794055583566,-0.6785179914184483,-1123.7746699777824,-1123.7746699777827,0.24664687485471312,1.8250937120578963
1641,-0.6463620734053397,-0.6656957302477531,-1661.1100215728604,-1661.1100215728604,0.2815601914652578,2.5537709340441124
1642,-0.6595018965067826,-0.6815536447366194,-1204.7353760445687,-1204.7353760445687,0.267592876354975,2.0528963487960565
1643,-0.6479284099722551,-0.6721126940838232,-1473.9044499194085,-1473.904449958375,0.3292739153634093,2.7941630826251664
1644,-0.6179495673266743,-0.6961024140956802,-1798.4601678473848,-1805.148454236652,0.48399567874191557,2.8418522690385872
1645,-0.6855507612837309,-0.7316223824016685,-691.7088842209318,-691.7088842209318,0.24537928537694428,1.6944976769516897
1646,-0.660536700235796,-0.7069451630575216,-1205.3223560572071,-1205.3223560572071,0.22887759819137554,1.5843942699986358
1647,-0.6462546328458506,-0.7012417026596225,-1381.1802517634783,-1383.538599666908,0.3331638475949843,2.4956636324978914
1648,-0.6298561854892503,-0.6715821610566296,-1866.4167296611934,-1866.4167296611934,0.3125058505121029,2.68407747587729
1649,-0.6308887385761162,-0.6436724331826142,-1777.8840494321785,-1777.891301628926,0.31424127003019303,2.5702655738873306
1650,-0.651243441271695,-0.6744897854173023,-1527.9044488640793,-1527.9044493980225,0.3018422469786784,2.7269971690007146
1651,-0.6870968460478626,-0.7129989462568626,-1011.8990984048131,-1011.9011216155087,0.22041295555207474,1.335912934147148
1652,-0.6357642666396932,-0.6623145199362634,-1848.1803862737343,-1848.1803862737343,0.30791976101924373,2.812005737118282
1653,-0.651155807121561,-0.6795808950405671,-1531.190784220085,-1531.1907842200853,0.3213828852523082,2.83650322145918
1654,-0.6829093581891303,-0.7178598808779797,-1003.0503279978451,-1003.0503279978451,0.28670456515461096,2.036848926118769
1655,-0.6779034153795412,-0.6912869928945824,-1117.6764820562512,-1117.7394259475684,0.20796902127765338,1.220243343548735
1656,-0.6498179242691637,-0.6692819424771438,-1486.9040863640298,-1486.904238127626,0.3031859094266512,2.530594650481696
1657,-0.6521613821106739,-0.6891663496977807,-1445.024666814443,-1446.1826752995323,0.3533780439367092,2.891391062519626
1658,-0.6334858002718201,-0.6636383344790937,-1859.3537551141894,-1859.3537551141894,0.33823028892963813,2.911810761833535
1659,-0.6492165527819798,-0.6752297305593504,-1253.7940695774037,-1253.7940695774037,0.3337751287491947,2.600282248369672
1660,-0.6456304613135039,-0.6494822953092599,-1342.727378595552,-1342.727378595552,0.2320892207517058,1.4546250147548376
1661,-0.6829901526215607,-0.7051790427251077,-1098.8921145244785,-1098.8964736670066,0.19663765329158872,1.2097670042489992
1662,-0.6499500497495929,-0.6829166295660598,-1516.3714067213334,-1516.3714067213334,0.3356373757619791,2.870110090962325
1663,-0.6498877643445051,-0.6709523893185257,-1013.7850467289727,-1013.7850467289728,0.2354152270480465,1.8721438816315161
1664,-0.6395517798780445,-0.6643064410490328,-1455.9721011333927,-1455.9721011333927,0.3483749208417406,2.778972900211694
1665,-0.6766793663572361,-0.6918171756146447,-1197.826516012935,-1197.850682369883,0.20047144716133183,1.2716299599417267
1666,-0.6669982454371248,-0.710581160537348,-1132.597217255473,-1132.597217255473,0.2081178693431765,1.343888866328534
1667,-0.6737936121712711,-0.6889937784441676,-1115.79841462034,-1115.8300682461188,0.23413219386814982,1.4515958100377822
1668,-0.6692000849079478,-0.7117468266057888,-949.2329590384335,-949.2329590384335,0.29110907878509107,2.1984400855608923
1669,-0.6574889824982989,-0.7077841779030575,-1257.4615883848214,-1260.4758046000557,0.354032360894851,2.6160385430435213
1670,-0.6732534031304538,-0.7218849356403028,-1055.9086625339976,-1055.9086625339976,0.265061167618263,1.718432294418686
1671,-0.6557905828201247,-0.6833213801588401,-1440.1080023271215,-1440.1080023271215,0.3039278968723817,2.608363549513969
1672,-0.6444069141037816,-0.6617715252857227,-1487.2149274360766,-1487.214927436077,0.29471608758321816,2.252359698178577
1673,-0.684814806929843,-0.7089335164540762,-1041.8975252070643,-1041.900085251783,0.22198300942854177,1.3737202492171328
1674,-0.6478371728620007,-0.6848524480144448,-1514.6567893436038,-1515.5753924072435,0.33841582973795287,2.885509147355828
1675,-0.6720099340650222,-0.6888900524776431,-1277.8838533786352,-1277.8909445917532,0.21373562918184474,1.4716950257817292
1676,-0.6552526126743216,-0.6759747583745962,-1299.9038314717804,-1299.9040869103235,0.3149998106781584,2.293851065779731
1677,-0.6531294143798676,-0.6694695331944713,-1574.901740142445,-1574.9027931638225,0.2646355845162699,2.2731892209114295
1678,-0.6405373258929306,-0.6662824352809625,-1591.6827870981867,-1591.6827870981867,0.3556623287475358,2.9123471394101434
1679,-0.6479137356858649,-0.6569796868437521,-1603.760278562922,-1603.8043768174573,0.2540291744791414,1.853690509023819
1680,-0.6873226252383887,-0.7219636870464331,-985.9038518204372,-985.9041124068038,0.2064128555281214,1.2354180649736108
1681,-0.6424924081547913,-0.6684807033157242,-1707.005002156259,-1707.005002156259,0.31719281598935434,2.8895911531090976
1682,-0.6366399378686516,-0.6569240759741779,-1890.229289701159,-1890.229289701159,0.30964245260374507,2.9123256080474
1683,-0.645974015196394,-0.686797639762792,-1521.4313455276001,-1522.258201373982,0.353496364706648,2.9096670856020843
1684,-0.6652663749883149,-0.6962887097707116,-1268.7128914195855,-1268.7128914195855,0.30656758727612515,2.480440283716538
1685,-0.6450612103946944,-0.6710950211964362,-1620.4509041349677,-1620.450904134968,0.32570786864861895,2.9016766770543163
1686,-0.6698129160915748,-0.7021458722218312,-1191.6200938785241,-1191.6200938785241,0.30269737293169163,2.3583981706936803
1687,-0.6567286052910768,-0.6969749612427446,-1143.8713718939296,-1143.8713718939296,0.2881501396585377,2.355663521100426
1688,-0.6602350300100506,-0.6770507660260048,-1521.9027373209956,-1521.9034141044594,0.23291572933673715,1.9118557051804874
1689,-0.6469734070354062,-0.6935989922250475,-1457.6525776322542,-1459.1597750542066,0.3478585022600325,2.737528266415328
1690,-0.6689349608785414,-0.6928841099631097,-1275.904368742002,-1275.9044039397095,0.2585105518191977,2.0793332003204186
1691,-0.6774290505994078,-0.7146904187911994,-728.6779661016948,-728.6779661016948,0.20086227439147938,1.4427031861324289
1692,-0.6613156114189606,-0.6722384295486047,-1397.7803704352586,-1397.817985557101,0.23089201030254938,1.664549677553918
1693,-0.6730283879462913,-0.7075841726877213,-948.7316421895881,-948.7316421895881,0.276731176714095,2.090929339393724
1694,-0.6888335465034889,-0.7366619653840669,-590.9274464934724,-590.9274464934724,0.19651139895959185,1.2538528239434332
1695,-0.6619172768427599,-0.6829613967891472,-1394.9042302500573,-1394.9043230516988,0.2666112585873202,2.180113291837669
1696,-0.6876375969045325,-0.7268278043379501,-772.1099701888047,-772.1099701888047,0.2021670566760405,1.1693740441706377
1697,-0.6571600309580832,-0.6841320629578077,-1347.0442368144365,-1347.0442368144365,0.3254126266468738,2.7129630433462646
1698,-0.6099175431840832,-0.7232104938608133,-1640.5308009237535,-1647.5444073663036,0.5510159451878909,2.6497610699687533
1699,-0.6514377583498869,-0.6792808081040478,-1159.9559417451985,-1159.9559417451985,0.3172197432040309,2.6956328427254244
1700,-0.6506416464667002,-0.6921092062217348,-1286.7440929114953,-1286.7440929114953,0.34160443731613316,2.6836846079310828
1701,-0.6655612719201247,-0.7102535114857184,-1073.0785384292317,-1073.0785384292321,0.2758005571089423,1.9281050241754232
1702,-0.6379823997194107,-0.7125945190579164,-1388.9306088166807,-1392.9979569379504,0.4274670160990853,2.619880081612349
1703,-0.6312372594937321,-0.6629623667554935,-1908.176838857192,-1908.176838857192,0.3370848085621383,2.9115808697515195
1704,-0.633190091719929,-0.6616485286904191,-1873.0869213790559,-1873.0869213790559,0.3914383985262179,2.9129037601824224
1705,-0.6572311083390656,-0.7005591917876058,-1132.3089203751751,-1132.3089203751751,0.31072846506740176,2.525789200626665
1706,-0.6701863538580567,-0.7188382035701125,-1078.0080962527236,-1078.0080962527236,0.24427884524987017,1.5732478969979122
1707,-0.6318313339490308,-0.6509759665415685,-1508.468796180517,-1508.468796180517,0.34608408800798335,2.643215975282127
1708,-0.6759116006975884,-0.7155925787619419,-838.1936343942687,-838.1936343942688,0.2274175295732787,1.6033922015060806
1709,-0.6677229875073665,-0.705783206486822,-1213.2066315091035,-1213.2066315091035,0.2957248564229246,2.3152652905891142
1710,-0.6407431001966521,-0.6504481921206828,-1559.761740467394,-1559.8053849406826,0.28522660715431725,1.9757323118651544
1711,-0.6463389561160343,-0.6984580748274092,-1406.0593135724414,-1408.7980658523777,0.3340341768165706,2.602404329160522
1712,-0.6719034398144612,-0.728036103719399,-1031.62058488373,-1031.8231070776053,0.3055497157159138,1.951547746297215
1713,-0.6246751080609034,-0.6935010445535961,-1708.8025169562022,-1713.7375031111421,0.47716897153665633,2.91134445961034
1714,-0.6477994821053522,-0.6748385347461937,-1221.754212091183,-1221.754212091183,0.3252773251716651,2.731576439884387
1715,-0.6632232250820393,-0.6923614616784162,-961.913197519931,-961.913197519931,0.25525365603766736,2.041827116976526
1716,-0.6740057872544849,-0.6924497562048046,-1213.8885484602847,-1213.8940966068656,0.22261588668963786,1.51003275221307
1717,-0.6772836070128674,-0.7250320337559092,-820.5507847201707,-820.5507847201709,0.2825843450205475,2.0215226715962884
1718,-0.659826853279979,-0.6741324682765318,-1470.8825171938433,-1470.8901399023039,0.23486947371789998,1.8110110433459257
1719,-0.6775997234618157,-0.6906726219769728,-1067.5479301183636,-1067.6405263123286,0.20803302869437237,1.15876667346224
1720,-0.6643582663277919,-0.684167133477569,-1299.9028833416069,-1299.9035015877203,0.27029177508152213,2.036895370696596
1721,-0.6455895793169184,-0.6691319562122987,-1215.7042819423762,-1215.7042819423764,0.3168274846407798,2.6434282208904163
1722,-0.6638199224724312,-0.6745537606671508,-1307.4992155632272,-1307.4992155632272,0.21457786888876645,1.4498638343323296
1723,-0.6342736036635546,-0.6983550670437649,-1553.513448899583,-1557.400072627466,0.4467530218987635,2.9032193476544936
1724,-0.658545913270872,-0.6691396163492854,-1443.7817439739342,-1443.8191573679267,0.23410791841444087,1.73720655433324
1725,-0.6336634240021182,-0.6779876469703774,-1750.169468269448,-1752.4153772259474,0.37671967839064446,2.8940543979372952
1726,-0.6658601892541134,-0.6963087962128586,-746.9709445947575,-746.9709445947575,0.18625773565484455,1.3274640150909531
1727,-0.6690404061488416,-0.7104247897794148,-486.5891819400995,-486.58918194009954,0.1300354055979761,0.8289853079852857
1728,-0.6535646947316519,-0.6748174245987623,-905.8491534120074,-905.8491534120076,0.1835741306190995,1.4144195398837842
1729,-0.6489635021188623,-0.6995475722188708,-1380.0232439402164,-1382.5669421644259,0.34154621049457146,2.628722899303716
1730,-0.6141792042957185,-0.7568546469263278,-1269.9430272470895,-1317.2080846205208,0.5543980316579934,2.6722756541659964
1731,-0.6682931390961486,-0.6990157704510457,-1223.377175952639,-1223.377175952639,0.298409951177039,2.356867952562041
1732,-0.6917889382420871,-0.7425913707827773,-530.8241401687222,-530.8241401687222,0.1860376049338179,1.106329201355866
1733,-0.6431890914867923,-0.6502071727414888,-1580.5456547749986,-1580.6462046201486,0.2624969057609889,1.812123287725053
1734,-0.6424650097307932,-0.7295448298159795,-1196.7483698526532,-1200.8281454656842,0.3894935094006044,2.2802851848254186
1735,-0.6283635949124897,-0.6395164733213049,-1829.853691613293,-1829.8707498395786,0.3080367387085124,2.4950328213993647
1736,-0.661486463236339,-0.7256064614002287,-1099.79646251476,-1102.2342482323756,0.32738255538998723,2.1199156712518286
1737,-0.6634595172623599,-0.6794773177543346,-1465.8980214978212,-1465.900413459113,0.22115848156193094,1.7181122797311421
1738,-0.6473763305282229,-0.6693785331933525,-1724.904449999438,-1724.9044499997126,0.2499110001086546,2.4683110102506465
1739,-0.6569442145923982,-0.6619987696039141,-1305.393288582831,-1305.7317160371956,0.2175072327623604,1.3003622774414538
1740,-0.640055666610005,-0.6729945780970181,-1692.2943287939236,-1692.4650221461593,0.34999205406957473,2.9114452989727466
1741,-0.6187100287114599,-0.6919760073822777,-1773.8455693260678,-1779.121807623735,0.42450429819320806,2.6920443458854333
1742,-0.6459643745971008,-0.6702465806002201,-1493.90444997985,-1493.9044499896736,0.33448330395693743,2.8237856332156115
1743,-0.6647244310509186,-0.690136872476493,-889.0240934533947,-889.0240934533947,0.21657693818039345,1.5641969834871539
1744,-0.6523531714986126,-0.6819221267622338,-1509.031556039173,-1509.031556039173,0.29414798090723887,2.5700833918406722
1745,-0.6770770985573619,-0.7145816172713352,-750.8081896551726,-750.8081896551726,0.21158051064224728,1.5270813125196347
1746,-0.6477352051143319,-0.6730313383861641,-1587.053435307774,-1587.053435307774,0.3141875249027874,2.834959200153776
1747,-0.6353019107007081,-0.6419936908769047,-1735.5810441501787,-1735.6733171120852,0.2735322994360749,1.9210588543478408
1748,-0.681026857370595,-0.7231083589097888,-556.7756727404378,-556.7756727404378,0.16165758767553207,1.027419660365946
1749,-0.6952945708746637,-0.7151530636424749,-953.7707222186037,-953.8098912042627,0.17081893739466847,0.8678951038752482
1750,-0.6425372118364353,-0.6717410222333098,-1715.5759492755453,-1715.5759492755453,0.2925758286540628,2.6230244959386804
1751,-0.6546905099917399,-0.7116302666651374,-1099.854681336935,-1099.854681336935,0.357708888637219,2.5260393105218566
1752,-0.6448475387159391,-0.6763093518449381,-1564.5985401459882,-1564.5985401459882,0.35358308547602446,2.911204604937509
1753,-0.6592882880432427,-0.6943635200154813,-1338.3289348533058,-1338.3289348533058,0.33206843311534257,2.778934407390803
1754,-0.6421178187839747,-0.6557509807376172,-1615.8892853075179,-1615.8946839310636,0.2950842104105378,2.313752709718964
1755,-0.6620864757363024,-0.6906504583886773,-1273.0058581009819,-1273.0058581009819,0.3171438032916156,2.6539615622917925
1756,-0.6809993983835332,-0.7322645171560603,-959.7571159980391,-959.7720582769438,0.25925896903515083,1.54972564474315
1757,-0.6626367920940305,-0.7078551957651131,-1221.9919516728266,-1221.9919516728266,0.3013697828792947,2.250273101729835
1758,-0.6452771944140817,-0.6854994567664852,-1318.2219605534285,-1318.2219605534294,0.2484158546129592,1.9955489219798384
1759,-0.669101413158606,-0.6950446197959198,-1228.904424401501,-1228.9044359899758,0.2773359024127006,2.1518324823976593
1760,-0.6369330745888931,-0.6691515257704195,-1733.9807293243955,-1733.9807293243955,0.37743630128549704,2.9122278467820024
1761,-0.6646710983832687,-0.7105501147480854,-1147.0052206486387,-1147.0052206486387,0.2161653607346586,1.4187171267840397
1762,-0.6938264362868908,-0.7466048635168461,-593.4148166625087,-593.4148166625087,0.23476392025129553,1.42288308598663
1763,-0.6848622073456967,-0.7256136631255239,-975.61641253989,-975.61641253989,0.28910382131247264,1.955908416412595
1764,-0.6190051380200449,-0.7197530630479297,-1528.9514191011217,-1528.9514191011217,0.49185482650722273,2.5623390020362247
1765,-0.6794522082208666,-0.7141214176602961,-1021.6522318454364,-1021.6522318454369,0.2531292273586625,1.727994072003685
1766,-0.6592388560786829,-0.7048155734195458,-1270.5899398490965,-1270.5899398490965,0.3373457156636545,2.5723413897915024
1767,-0.6767509843141732,-0.7103024783306822,-1118.9044499954987,-1118.9044499985466,0.24791394390951724,1.7646164479980473
1768,-0.6687692159656923,-0.7021224877598023,-942.6736441484317,-942.6736441484317,0.28935101294814886,2.2785406125838783
1769,-0.674247820585243,-0.7154131743619742,-843.14381270903,-843.14381270903,0.2344026455461774,1.681471492966967
1770,-0.6485253825667837,-0.6757650764724596,-1428.9036544850517,-1428.9036544850517,0.31094576856687656,2.661492606431665
1771,-0.626668363812059,-0.7102106829170981,-1549.9299221122085,-1549.9299221122085,0.48800757491448327,2.6993339319952208
1772,-0.6433966304767794,-0.7308236416433602,-1207.5950792076706,-1207.5950792076706,0.421927975782728,2.3255826424161734
1773,-0.6670381669163752,-0.6745955017698398,-1224.0716612802798,-1224.2689728745318,0.20543772888113662,1.193794777043619
1774,-0.6855933648060902,-0.7170640088624185,-754.2967138732309,-754.2967138732309,0.18828273357831798,1.0951767753013317
1775,-0.6412581822064537,-0.6568443038504368,-1389.9390243902467,-1389.939024390247,0.2523791095528099,2.236505277867941
1776,-0.6823117916349166,-0.7155892291891524,-1051.9043900569466,-1051.9044171252517,0.22286241359381362,1.440170965538422
1777,-0.6304621810642551,-0.7097090301424918,-1494.8234398538561,-1499.6817016621978,0.46131070796014007,2.670366815158685
1778,-0.6812796411658515,-0.7259393598940833,-713.3145415354022,-713.3145415354022,0.2051065715388865,1.377830781321221
1779,-0.6779410055846067,-0.6918223153022183,-1133.7355375057202,-1133.7838005968927,0.20743799038006733,1.2483986208086504
1780,-0.675033751544132,-0.7111836008855651,-1121.6231226454236,-1121.6231226454236,0.2747539867838948,2.0323842294680214
1781,-0.6553663896983978,-0.7048548895082175,-1289.1392944726424,-1289.7028019122697,0.32107227449512,2.3894291407003174
1782,-0.6721791294960984,-0.7248643692719992,-881.4600650524076,-881.4600650524076,0.2923942333524469,1.9479400622893683
1783,-0.6704155763124302,-0.7093894583887228,-1163.047580822684,-1163.047580822684,0.3142562472764342,2.4141177075883182
1784,-0.68514174398226,-0.7012903565367659,-1023.7182345023763,-1023.770379886472,0.20126264274760844,1.1152570201128607
1785,-0.6549962555723808,-0.6836577134079274,-1072.195232177152,-1072.1952321771532,0.3108977422415687,2.6356610252520043
1786,-0.6783305720008541,-0.7021612015648971,-1138.9023637854502,-1138.903177112124,0.2273103068804247,1.552631887093371
1787,-0.6475194334105413,-0.6839297478551615,-1546.1524515331325,-1547.01301344449,0.32456667797240735,2.7832342687642178
1788,-0.6299255154984944,-0.6659894569924182,-1920.6565531905608,-1920.6565531905608,0.3437729259442855,2.7320640925608446
1789,-0.6622925968777869,-0.7071828965827509,-1232.0741472374275,-1232.0741472374275,0.3133199539763528,2.3477976340424616
1790,-0.6580258159117583,-0.6854411289393335,-1356.0755510683853,-1356.0755510683853,0.3177003499599794,2.7064669691604437
1791,-0.6777671248470738,-0.7222856606051681,-1039.7581178095209,-1039.7581178095209,0.3068602369364357,2.1840831886283003
1792,-0.6530566292738035,-0.6723909843818955,-1188.4238369379195,-1188.4238369379195,0.23362001347748018,1.9435732979781872
1793,-0.6664576768525936,-0.7229170646131636,-1098.4950472696485,-1100.4201432485706,0.34483913664528215,2.2860785368363428
1794,-0.6382740161969919,-0.6558451743546946,-1538.9033047815963,-1538.9037647491975,0.3329958974097343,2.6057117046976925
1795,-0.6609069605797019,-0.6927421369665809,-1012.9047395588924,-1012.9047395588925,0.304584643175705,2.5837366641132804
1796,-0.6847019979779201,-0.7278480210604209,-646.942199176454,-646.942199176454,0.1837056349559937,1.207551081407983
1797,-0.64538823897485,-0.6692110704720123,-1300.7823819182859,-1300.782381918286,0.29297189889429576,2.6310941464072433
1798,-0.6554023352837164,-0.6930814317567275,-1275.4342431761806,-1275.4342431761809,0.32155486548653367,2.6153134383533345
1799,-0.6270072786117808,-0.6835385467442258,-1787.6506368528426,-1791.2406626190805,0.42875527648768086,2.9112370068968327
1800,-0.6805554171975067,-0.7334690796584348,-945.7259180353481,-945.7973970254498,0.2450118447348456,1.4124367829125313
1801,-0.6507544170182965,-0.6840924743421186,-1489.1672337072607,-1489.1672337072607,0.355157092271196,2.905852213738007
1802,-0.6380002236950995,-0.6571989001897431,-1629.9043240995327,-1629.9043783687237,0.3309778092388821,2.7990054574196495
1803,-0.6681055006424917,-0.7241650198552735,-1079.6943371580123,-1081.5371357241738,0.33546038119532473,2.2507875270498032
1804,-0.6508968338058185,-0.6679723277434123,-1707.904382056132,-1707.9044116871755,0.2434107441947621,2.3383839612851096
1805,-0.6546736891114182,-0.7420735036842913,-1037.4179653221636,-1041.0994460137406,0.3650008876252195,2.0392703581782823
1806,-0.6632586893518002,-0.7343539171530891,-1040.6554252737553,-1043.4867480387263,0.3390991268023937,2.03159339411472
1807,-0.6501826649794272,-0.6712315221292302,-1123.990622557959,-1123.990622557959,0.2520041475192485,2.1860171597496048
1808,-0.6799072878083169,-0.7274138512453541,-955.9046942282762,-955.9748632835395,0.19538708438029576,1.1361304964085357
1809,-0.6731753188272288,-0.7330328726228597,-985.5652842046927,-985.8024602243647,0.2861435800612874,1.7120153094664383
1810,-0.6805503843715465,-0.7089426782425813,-1102.903907332002,-1102.9041325861888,0.21315155586311557,1.4002210650729305
1811,-0.6307307679982548,-0.660030242284656,-1930.0762698301585,-1930.0762698301585,0.376648416371458,2.9126497033704686
1812,-0.6601360260709855,-0.681238678694541,-1492.9044193025763,-1492.9044328987584,0.23775210857008314,1.9822602849271347
1813,-0.6739534868473366,-0.7069737835931241,-1162.9044499989034,-1162.9044499996494,0.24060835784409196,1.7285095847582697
1814,-0.6448525607427271,-0.6645591859940401,-1504.9042489267324,-1504.9043343797255,0.32226477099994555,2.633921753886291
1815,-0.6442001270812997,-0.6704204275745439,-1611.5240656118979,-1611.5240656118979,0.33434438792053156,2.912000654530379
1816,-0.6410533163519968,-0.6958851687973502,-1474.7307814302055,-1477.617209385318,0.32631389495896135,2.4545447554244846
1817,-0.6535467242807937,-0.6785861552867222,-1181.3690896259743,-1181.3690896259743,0.28084706231173767,2.4603290261198696
1818,-0.688569389921966,-0.7296643070333116,-938.9044305349219,-938.9044400255827,0.2221915881393196,1.28718853742232
1819,-0.6567508609804901,-0.6722029457408574,-1346.8862878519678,-1346.89261957315,0.27683310125294586,1.996566062813086
1820,-0.6533102564334314,-0.6653931305643115,-1419.8333954234067,-1419.8559818012293,0.2646375699084278,1.8922066766384273
1821,-0.6504403760074228,-0.7204957071032185,-1218.0611187226934,-1221.2731387489937,0.370944161944364,2.3258045670275864
1822,-0.6834335640658991,-0.7275250411489534,-729.1315852778471,-729.1315852778471,0.25745192199051203,1.8278560408137756
1823,-0.6884087218161388,-0.7362858755721878,-609.2552026286965,-609.2552026286966,0.20293025379035978,1.3005373485882161
1824,-0.6422078524426158,-0.6565073835906666,-1174.5394426074663,-1174.5394426074665,0.24171531506859742,1.7778967414264408
1825,-0.6665450306279868,-0.6946440675329806,-1266.9044499972433,-1266.904449999117,0.28861351757462383,2.3252920684426757
1826,-0.6358135493576,-0.6909377071760525,-1569.172462373862,-1572.058517030125,0.3017122293261308,2.276352719819494
1827,-0.629950306956701,-0.6823975902734235,-1729.0432504133394,-1730.5130906118848,0.32709922183294915,2.5722118894799775
1828,-0.6651619575231859,-0.6962557996749811,-1302.8268499405203,-1302.8268499405203,0.28476961513520554,2.385805781563749
1829,-0.6399480951141299,-0.6653426523135182,-1360.2853745541013,-1360.2853745541015,0.34709611237619253,2.729091015805048
1830,-0.6467824472430812,-0.6712251716093506,-1445.4334365325099,-1445.4334365325099,0.2789663118167761,2.5190599051980085
1831,-0.6370848948982226,-0.6818465977381823,-1663.4695457196765,-1664.723965447763,0.2989186151044457,2.5240162138321036
1832,-0.6552736922403932,-0.6994225540352468,-1307.6138278032693,-1307.6138278032693,0.23343302932737453,1.741777519867245
1833,-0.6464620563774427,-0.6704419473738888,-1549.4687131050757,-1549.4687131050764,0.26468692095022606,2.4386405698928715
1834,-0.6317750583275225,-0.6378118551603195,-1838.4946785763946,-1838.6100204602144,0.27210816866016824,1.9978379748286208
1835,-0.6712373693015158,-0.7226720343480456,-891.4832535885181,-891.4832535885181,0.27802905373234643,1.825171201296883
1836,-0.6453249009463851,-0.7038956127297653,-1370.5378109686603,-1372.9874001929911,0.33139002038996496,2.3653185274917976
1837,-0.6509048170136481,-0.692020634197336,-1334.1883473799965,-1334.1883473799965,0.36900826072103016,2.893101987974917
1838,-0.6241702317459777,-0.6796767212311264,-1880.5833633758766,-1884.4682873708587,0.44167470593183134,2.911202545623797
1839,-0.636196068937964,-0.6812279477430039,-1681.1648694399141,-1683.5114075263439,0.41869705116564393,2.911352460746149
1840,-0.6266664969822968,-0.661908609034297,-1924.34906105714,-1924.3490610571405,0.3907452644699914,2.912708998221571
1841,-0.6629567951690527,-0.6720879878740537,-1290.5346276767793,-1290.6333460558856,0.2284790514523834,1.4829761640783066
1842,-0.6911656766905342,-0.7172222973141745,-946.8943542068288,-946.8980738936187,0.2300419719874827,1.311052651796277
1843,-0.6483200345846559,-0.6715492264284467,-1223.4362196121272,-1223.4362196121272,0.28487588963258187,2.521468470392796
1844,-0.6840217710731934,-0.711318998368041,-1021.9031519934188,-1021.9036844556632,0.24976339196306124,1.6080981896010933
1845,-0.6334457990023863,-0.720811717401366,-1320.1728263674747,-1324.7644983555074,0.3836624258727297,2.236852330352896
1846,-0.6679811519243056,-0.7027460211517477,-938.8161639157702,-938.8161639157702,0.26123926422116633,2.0491956591594
1847,-0.6440221364824631,-0.6657131192786804,-1557.9044426779542,-1557.9044460284447,0.3230454868890148,2.798971272527316
1848,-0.6704055985827833,-0.6977793426293372,-1175.9044386438313,-1175.904445960126,0.2902923436619736,2.2331770542891682
1849,-0.6959334709720889,-0.7541852362055756,-591.8622413553685,-591.8622413553685,0.24754266379852335,1.3872921363227801
1850,-0.6409768009341085,-0.6708236546077516,-1628.9689047561833,-1628.9689047561833,0.36702191400964945,2.9123040001751126
1851,-0.6765386884955037,-0.6910281948546646,-1065.6869207409998,-1065.7468743071252,0.22087577175897755,1.268961559225825
1852,-0.6879889763227411,-0.7182339436225378,-935.9037718340436,-935.9041761386017,0.27419827983983536,1.6816800071479063
1853,-0.6512397655123405,-0.6766896373382824,-1209.2451987494428,-1209.2451987494433,0.32862069885036543,2.5413550574176873
1854,-0.6461347469129431,-0.6554737771363058,-1583.7643659688142,-1583.8072737617022,0.2639912410086664,1.884218143587745
1855,-0.6286517263146434,-0.6482297382903427,-1907.008215849081,-1907.008215849081,0.3731687165453781,2.9455229453475447
1856,-0.6688805652355345,-0.6972567862621002,-1039.8015559815124,-1039.8015559815124,0.29788942065963714,2.118731883881757
1857,-0.6810984386268846,-0.7160902353425432,-1025.1490185537837,-1025.1490185537837,0.2872658873213477,2.070858914130868
1858,-0.634089578263427,-0.6557781476878155,-1917.9983179142148,-1917.9983179142148,0.3241384979876388,2.9125866164766343
1859,-0.6583850318574714,-0.676834299335891,-1407.9022174194438,-1407.903086425496,0.2695049776067655,2.134132147163395
1860,-0.6706946396011956,-0.6927872386015355,-1233.9034054029999,-1233.90382449155,0.25250294673549273,1.8773836876306402
1861,-0.6309851487342252,-0.6514892002109015,-1868.0292075374298,-1868.0292075374298,0.3689769798411939,2.913005668367664
1862,-0.665928864627483,-0.6925956831445086,-1337.9044491474117,-1337.9044495488688,0.2421196196254167,1.9102066394688613
1863,-0.6373275126485702,-0.6887870373200995,-1585.3712057410144,-1585.6827430449466,0.3305871173249368,2.6294008692468975
1864,-0.6677838158844163,-0.694932171759767,-866.6886109282407,-866.6886109282407,0.17546913000867184,1.2669238997467462
1865,-0.6688615824939181,-0.7121741661806796,-1125.8324362837518,-1125.8324362837518,0.22602015563674535,1.49027678071822
1866,-0.6208298252014482,-0.7667980813000268,-1073.9126443252303,-1107.3181314374965,0.5064254023424586,2.5951750857858134
1867,-0.6741221083371737,-0.7220304093266071,-1028.7585217514584,-1028.7585217514584,0.22189121710662169,1.3404352611501962
1868,-0.6583826930258386,-0.6893872687294161,-1174.4868035190652,-1174.4868035190652,0.30791354144136485,2.5643784855412655
1869,-0.6290519359527447,-0.6420992954689932,-1619.388258510112,-1619.3882585101126,0.3126025623678061,2.260287448513739
1870,-0.6438993037745426,-0.6740994368435778,-1630.9503913778492,-1631.1994147962052,0.35719822879956337,2.9117474196900948
1871,-0.6372345396663366,-0.6707809719712856,-1806.8077802044947,-1807.085020182547,0.29379832040719805,2.6639990633718464
1872,-0.6726278623243912,-0.7059836004812805,-1001.4025245441794,-1001.4025245441795,0.29301577579422394,2.186242815116709
1873,-0.6641714161024695,-0.7432183646119663,-954.7629885197081,-958.0802304230729,0.2909763820108616,1.6052859155003176
1874,-0.6748939957451263,-0.7025310130191114,-1122.9043904532339,-1122.9044236829816,0.2770252058555982,2.043718271405482
1875,-0.6807559612799796,-0.721317722329722,-644.7042950303605,-644.7042950303605,0.20478870627485563,1.3754081120955244
1876,-0.6587907737706414,-0.697986336776346,-1121.2000000000012,-1121.2000000000012,0.28465820158664823,2.2915736876346275
1877,-0.6573715537313063,-0.6791428670909434,-1022.4157807096211,-1022.4157807096211,0.23248851964943065,1.8190843820379996
1878,-0.6574776182129887,-0.6818010212792714,-1333.9044445451236,-1333.9044470675265,0.3112418655503694,2.4902655575191375
1879,-0.6825368395070482,-0.7335446139019719,-722.2307338746766,-722.2307338746766,0.24930516496241034,1.5869325030633195
1880,-0.6360246454982433,-0.6562148139406273,-1916.2673777819193,-1916.2673777819193,0.2952947304366261,2.8971636473222993
1881,-0.6428851282815014,-0.6697022482003732,-1665.84915667103,-1665.84915667103,0.3375940933237619,2.911904157430731
1882,-0.6479683530437259,-0.6846540014140323,-1522.8573605299994,-1523.7200658056863,0.36688070375009274,2.9109161360894165
1883,-0.6629792329639547,-0.6868882052947234,-1203.622641509432,-1203.6226415094325,0.26209505755929663,2.0225937321983283
1884,-0.6620388108831844,-0.6761770457936797,-1255.846236377782,-1255.864790522879,0.2626243134435507,1.7853348919754826
1885,-0.638702173313089,-0.6825142882967528,-1643.1202598703253,-1643.2622443216928,0.3770876165898546,2.9110453176901507
1886,-0.6862648621498942,-0.7348273701723191,-932.6439059047552,-932.6546501689357,0.28677474366287087,1.7657776160251648
1887,-0.6678936614816718,-0.6952394041497427,-923.2649735162306,-923.2649735162306,0.22527175575008582,1.6707273514951293
1888,-0.6328499555964967,-0.6852553197371091,-1688.8651710080258,-1691.7322676229553,0.37616711226418403,2.7988533511199005
1889,-0.6303828721247291,-0.6494700367382307,-1630.9044004166408,-1630.9044223111014,0.36027480289910246,2.8667913976448456
1890,-0.6321811126614987,-0.649084138563712,-1899.9044143330455,-1899.9044301601193,0.33203848154153665,2.9127566682255
1891,-0.6602901194053589,-0.6842773249479244,-1449.9044496072925,-1449.9044497936106,0.2606596005600267,2.250155501550248
1892,-0.6926128234629776,-0.7449329669301716,-611.3989637305693,-611.3989637305693,0.2392486953602423,1.4603559917238815
1893,-0.6487129696296284,-0.6668412099544153,-1693.904392842043,-1693.904417886168,0.26138928409320655,2.396001353722346
1894,-0.6208327321255686,-0.635384241357327,-1867.903031662088,-1867.90360289696,0.3542229425844633,2.8929966036830894
1895,-0.6475096062690902,-0.712811877245266,-1292.3285517711693,-1295.2682857690722,0.3638329644992411,2.393652328240645
1896,-0.664748767920692,-0.7033595932650873,-1024.1835834068859,-1024.1835834068859,0.2740378498538351,2.1209401625094144
1897,-0.6625467573420328,-0.6774439620845957,-1273.8677120740865,-1273.879865423751,0.26226655237666097,1.830631439829051
1898,-0.6487350893453988,-0.668772968045705,-1481.9042491209643,-1481.9043344641032,0.3100059263177803,2.5644894774233538
1899,-0.6425656069677251,-0.6680102790380925,-1566.52017578906,-1566.52017578906,0.3034277452176759,2.662341237862058
1900,-0.683033897109715,-0.7114370390137648,-1064.903828899416,-1064.9040861061471,0.2229730039139462,1.4450469299706736
1901,-0.6657073074137023,-0.6871217139147381,-850.3839484765942,-850.3839484765944,0.18009075686786033,1.2311028104835688
1902,-0.660102842442591,-0.6679231765996418,-1345.4335725711423,-1345.5569567599898,0.22804050024257436,1.5075123684291205
1903,-0.6885559298021525,-0.729518169460267,-942.9045590200956,-942.9045590200956,0.23555060512139306,1.3964243052056113
1904,-0.6689066995581389,-0.7023098976871569,-1201.8527856413828,-1201.8527856413828,0.307166859408123,2.398528212674886
1905,-0.6202859399265023,-0.6889259254622202,-1837.4639744570893,-1842.680390947213,0.44641171463169055,2.8818791834357365
1906,-0.6712676009831245,-0.7120297480491427,-874.9774490348234,-874.9774490348234,0.23018671178706834,1.699125211462823
1907,-0.643819362210019,-0.6651045326923654,-1339.711417816816,-1339.711417816816,0.2712889652949648,2.506272064834504
1908,-0.647743742711816,-0.6645079614994202,-1185.1951186804358,-1185.1951186804358,0.24026369536909778,1.9311333796006684
1909,-0.6369515898712247,-0.6553590735410406,-1900.9044273168272,-1900.9044374557745,0.305395001764461,2.8818796041749093
1910,-0.627514016884629,-0.6735484975410251,-1877.111936776681,-1879.6690179408656,0.39060609490411474,2.8667827927949023
1911,-0.6696975472173381,-0.690569959223568,-1227.902347200272,-1227.9031673543961,0.259949230517455,1.9105643322760566
1912,-0.6721514187005856,-0.7165033448235065,-1108.7392243282275,-1108.7392243282275,0.32380195036443515,2.433022391239656
1913,-0.659213919456422,-0.6904865859344609,-1125.1271617497457,-1125.127161749746,0.2981398275397916,2.545312139228873
1914,-0.6852291202375587,-0.706669997265262,-1014.8794839021378,-1014.8879342520506,0.22697206795193467,1.3499454301175706
1915,-0.6723403542060585,-0.713190407599851,-1130.0248724951798,-1130.0248724951798,0.2937795635466172,2.1728845595472026
1916,-0.6917051970701878,-0.7424717863739583,-613.6002930045191,-613.6002930045194,0.23573370577199956,1.4588954195725101
1917,-0.67800312083521,-0.7253687125297462,-1022.6066160513054,-1022.6066160513054,0.31418053021547043,2.1837735144138737
1918,-0.6753074308073507,-0.7141313826122369,-1100.874253749663,-1100.874253749663,0.2864044076566198,2.1082365657161724
1919,-0.6436084408020464,-0.6667027015146066,-1686.9044499995925,-1686.9044499997933,0.31141493502843537,2.8767743998108455
1920,-0.6987134999294066,-0.7555236766118747,-457.1104815864031,-457.1104815864032,0.19806389924218637,0.9649973191011169
1921,-0.6361091285634501,-0.6629003316559546,-1798.7988016222446,-1798.7988016222446,0.34937888722458027,2.912342416945702
1922,-0.6450049973507982,-0.7110558644304066,-1256.6535524184253,-1256.653552418427,0.4086458391487175,2.635707668853447
1923,-0.635426209161627,-0.6574900726907503,-1873.320259685454,-1873.320259685454,0.3423123144785734,2.912725473808168
1924,-0.6519258633079303,-0.6795495168355087,-1566.4262246255487,-1566.4262246255487,0.23933486126671635,2.0862800523784917
1925,-0.67915491156164,-0.7131014294888519,-1051.1073932542884,-1051.1073932542884,0.2888871246857428,2.0771885978931124
1926,-0.6402453439255451,-0.672901924955027,-1748.75334129462,-1749.419947487575,0.2749053833362565,2.6245898514921797
1927,-0.6297474669227816,-0.6560975737435849,-1675.9205143191189,-1675.9205143191189,0.3657363440332858,2.912545057223533
1928,-0.6613533734556737,-0.68253091949785,-1326.9041076721526,-1326.9042504426823,0.2842820877248935,2.1541556410542135
1929,-0.640932147736302,-0.6900071582443602,-1550.0440247862741,-1552.3916694669567,0.3765185211041744,2.886631168322044
1930,-0.628747518151291,-0.6356416077377447,-1687.5662557224707,-1687.6626036620746,0.2947779751886609,2.031397831153115
1931,-0.6517947599893288,-0.6872092064132358,-1484.914368941758,-1484.914368941758,0.2774121660254193,2.3732166240599804
1932,-0.6764862547458311,-0.6916431359398555,-1073.7489838991958,-1073.7934893459817,0.2256608692192955,1.3257347466055127
1933,-0.6506607215959349,-0.6915937999569763,-1274.7921314135103,-1274.7921314135106,0.3332711420813118,2.6660278521494427
1934,-0.653040364948788,-0.6724827658426507,-1369.9036269043659,-1369.9039617754584,0.30952860360919077,2.2798977507554996
1935,-0.673639588731058,-0.7001697384976002,-1210.9043458097435,-1210.9043909028635,0.23345808405887247,1.7088988884710716
1936,-0.6806908788777846,-0.7026930521569226,-1089.896748435245,-1089.8995520902586,0.23035970276854878,1.4722161539219776
1937,-0.6710385783380022,-0.7210824851709728,-1071.8538248735,-1071.8538248735,0.27317439367229246,1.7925212545210691
1938,-0.6653203315289973,-0.6926639042325478,-1044.618779112527,-1044.618779112527,0.2788365436896575,2.1427766512703394
1939,-0.6858305761212935,-0.7104227166386202,-1047.8959989429402,-1047.8990825636083,0.20192719137806303,1.2142770427935388
1940,-0.6596233461676493,-0.6755026027716675,-1485.896097328873,-1485.8991665024228,0.23901406636920092,1.9011614244542276
1941,-0.6343001114797149,-0.662379819883732,-1838.55563435074,-1838.55563435074,0.3779945641461766,2.9125658988563363
1942,-0.6482724329805325,-0.7324715530674301,-1086.8659894946077,-1090.8915842848912,0.2880797137917942,1.5495680435801489
1943,-0.6241375470226459,-0.7112256624733568,-1518.6595448486146,-1518.6595448486146,0.4490799122496255,2.5981858269002025
1944,-0.64247547227277,-0.6532941347784118,-1499.8099997634195,-1499.839709404947,0.2906384190438544,2.004297294714145
1945,-0.6509178012608553,-0.6841418454979112,-1523.792753879227,-1523.792753879227,0.30699452697659535,2.648123550389614
1946,-0.6651826050587198,-0.6931365197273203,-1314.904449999025,-1314.904449999689,0.2786690618231764,2.2941802245883873
1947,-0.6672063617322834,-0.6955285377180801,-1229.160698940135,-1229.160698940135,0.29738057713577537,2.3330887415723582
1948,-0.6543185279097149,-0.6751224848961368,-1430.9043061015213,-1430.9043677484638,0.2978871302444305,2.424038755269308
1949,-0.6887735342066963,-0.7102056138469677,-976.8638036438228,-976.8770194723874,0.21749964701898944,1.230362917381785
1950,-0.643338674914829,-0.6618731708417239,-1572.9038622631954,-1572.9041040850514,0.3105117490435692,2.633610084422505
1951,-0.676114931499315,-0.7078413424798452,-1098.9044499999898,-1098.9044499999968,0.2869191185906577,2.1287441207262328
1952,-0.6168437562074198,-0.7214586457515773,-1542.7164113325946,-1543.0976003606506,0.49587924471653105,2.4518079195821763
1953,-0.6747295300479161,-0.7104727552301265,-1112.7689579488579,-1112.7689579488579,0.3014331302095123,2.268078437536765
1954,-0.6719555605220257,-0.7033733013966667,-887.6624532668695,-887.6624532668695,0.19390166093175648,1.3695350271643518
1955,-0.6476790774335299,-0.6672963493820941,-1549.9042658739513,-1549.9043443313722,0.3025169481671358,2.6372989862693443
1956,-0.6693359350528421,-0.6800242702586783,-1250.6384859391283,-1250.7118769910917,0.2161631413253393,1.376204454748112
1957,-0.6572410933927558,-0.6844798766754074,-1469.6368553224,-1469.6368553224,0.2713166954923465,2.3614197504273307
1958,-0.6750367211929055,-0.7134796632094758,-875.8995076379248,-875.8995076379248,0.28352166702508513,2.101997748691492
1959,-0.6563285768768212,-0.7290149108557715,-1131.9731931006918,-1135.122998276109,0.38596038503632474,2.320502600764572
1960,-0.6525004352855541,-0.6850604255673562,-1312.1181262729235,-1312.1181262729235,0.24413994615538007,1.9178499375154403
1961,-0.6551662265799881,-0.6791447132870633,-1485.9044490842496,-1485.90444951566,0.2923038651113193,2.5397654494833266
1962,-0.6879549032012612,-0.7090680324182217,-952.8455130577244,-952.8641518709172,0.2245629007082431,1.242559051723692
1963,-0.6616097241066342,-0.7032462669425166,-1070.7261724659656,-1070.7261724659656,0.29323409016575624,2.305019410623803
1964,-0.6554734636256803,-0.6928534097458233,-1249.4711147274202,-1249.4711147274202,0.3470040026812454,2.8318599910966054
1965,-0.6209966086155045,-0.7046551727570363,-1598.8771054273197,-1598.8771054273218,0.4487561449034545,2.654699994761251
1966,-0.6603810324661968,-0.6842162542719933,-1085.9900555718043,-1085.990055571805,0.24408781245858613,1.9634516306539354
1967,-0.6543208337433718,-0.6729642598574634,-1437.9032104936055,-1437.9037053328125,0.28622392797556506,2.194411004379686
1968,-0.6339910930033941,-0.6828260528732011,-1686.1999390922065,-1686.3886135109174,0.30234517127124877,2.4088233492680535
1969,-0.6580060039354905,-0.6883844189895285,-1376.9549962257463,-1376.9549962257463,0.3156922304042042,2.707043854985633
1970,-0.6872779225450047,-0.7252930848356254,-962.9041257938613,-962.9042728376446,0.20195629888034478,1.1655192470797802
1971,-0.6583110303094334,-0.6908452059439245,-1373.3885349043508,-1373.3885349043508,0.3202641775358939,2.702964508352683
1972,-0.6647500639902896,-0.6907354791058693,-1235.9044430380054,-1235.9044465899083,0.3048973390276087,2.328979172270397
1973,-0.6756532966667095,-0.6888348933745638,-1131.6917108621233,-1131.750929045867,0.21526880780991478,1.2859047279077702
1974,-0.6807240241289788,-0.7213997153656435,-643.9656471297271,-643.9656471297272,0.17096236573532664,1.160225523938212
1975,-0.6478068232848585,-0.6565705099885699,-1579.7324940142582,-1579.784189943477,0.2558058386824437,1.8439127379113562
1976,-0.6364800550341981,-0.6505686161702925,-1576.673866090713,-1576.6738660907133,0.29416089479621993,2.2462889158851103
1977,-0.652803103392797,-0.6763098212392901,-1405.904447736044,-1405.9044487937454,0.32120171765391553,2.652123618790221
1978,-0.6537267364685545,-0.6767233682816698,-1452.9044454414006,-1452.9044475448588,0.30583595639357886,2.656605542500727
1979,-0.6349708072564413,-0.6746853937270365,-1770.8953164526692,-1771.2836889324722,0.3103159443420827,2.6764696127283143
1980,-0.6270918334239165,-0.6449087961035121,-1856.9044488671095,-1856.9044493995686,0.36270117714072375,2.9129289858257117
1981,-0.6453367781518592,-0.6770050032146732,-1613.5741132902442,-1613.5741132902442,0.3143258147245357,2.7318479195214027
1982,-0.6330360965931703,-0.6456757699528264,-1786.8838280360042,-1786.8911499611154,0.306955597246585,2.5517874836832157
1983,-0.6376752048904337,-0.6568827150062901,-1754.9044406502342,-1754.9044448968448,0.32582105536878714,2.903458358532434
1984,-0.6599951377042071,-0.688804848625664,-1219.3066462363545,-1219.3066462363545,0.25606716692861037,2.0257640199403557
1985,-0.6457554343062174,-0.6645538068197155,-1758.9044492033472,-1758.9044495768087,0.27321167261948504,2.57827748279969
1986,-0.6489807515769689,-0.6620911134727118,-1584.880820260254,-1584.8890390315844,0.2672598027602904,2.0689113089391484
1987,-0.6300816374899355,-0.6500916227235324,-1417.6066984533115,-1417.6066984533115,0.3307467740157998,2.7355640883151304
1988,-0.6805619565678696,-0.6961668687025616,-1045.7334411327324,-1045.7818080216007,0.2150524541559966,1.2231110470247506
1989,-0.6749448669430876,-0.685979188895654,-1190.5867155893375,-1190.672014730854,0.1997315936966739,1.2030156964276892
1990,-0.6596327895328931,-0.6900010042713347,-1386.26236268389,-1386.26236268389,0.3045900204172134,2.5497030201993662
1991,-0.6786026620408475,-0.7171234488171473,-1060.6642614583216,-1060.6642614583216,0.2798631753051443,2.005557663587672
1992,-0.6419597236719397,-0.66517140606761,-1536.9044497027553,-1536.9044498447804,0.339876312391929,2.842991661485306
1993,-0.6373157287780603,-0.6477251229000865,-1908.8678349887437,-1908.880393679938,0.2751963221554339,2.440529814541415
1994,-0.6413058288500548,-0.6766650452523876,-1650.29580910518,-1650.4755638724139,0.3714563629997898,2.9115184527528983
1995,-0.6533024942417948,-0.6834663381397162,-1462.1751289631877,-1462.1751289631877,0.33093074728104793,2.837161375800027
1996,-0.6379515659689495,-0.6654301588224827,-1700.7349020964432,-1700.7349020964432,0.3583396530311584,2.912484805119946
1997,-0.6526763416953459,-0.6984551710093124,-1361.4276576298414,-1361.4276576298414,0.29791596649987934,2.3210240121878503
1998,-0.6948269651874713,-0.7427782452364214,-557.872539831304,-557.872539831304,0.2004981766088126,1.188982885348182
1999,-0.6350750201803018,-0.6765640863224955,-1714.3440511733536,-1714.4059928517802,0.3863218404095233,2.911228475836993
2000,-0.6661596239547732,-0.6942913804442327,-914.0661387983256,-914.0661387983257,0.2505117417792242,1.8989814363398156
2001,-0.6631371448747091,-0.6832419565712332,-1427.9040845567201,-1427.9042364905338,0.24416276727558384,2.0136544597690205
2002,-0.6314743535816155,-0.6591740602835084,-1911.2216513093877,-1911.2216513093877,0.382566820196581,2.91284757708946
2003,-0.6703832105698021,-0.6990479577900596,-1206.9044498806297,-1206.904449960297,0.2817578805502418,2.21586850073107
2004,-0.6329872595736694,-0.7066521617154263,-1464.3484471173697,-1468.5178302222212,0.3704257557296163,2.3261995948730703
2005,-0.6684392875641789,-0.6906898058553486,-1167.9032388454839,-1167.9037257809132,0.2861229665599225,2.042345133870505
2006,-0.6312314496205956,-0.7310740075413927,-1283.7921901891139,-1285.060190715235,0.42444598036137504,2.2778472148217004
2007,-0.664463061125704,-0.6710172070312245,-1240.7526708775194,-1241.015659578207,0.2057636048391294,1.191648544962471
2008,-0.6274621469894943,-0.6984854416542592,-1619.04050610121,-1623.6791694636972,0.4270484588020691,2.696924868850185
2009,-0.6874653735937298,-0.7243784284918046,-950.0840780516786,-950.0840780516786,0.2822438785075572,1.8792991999195305
2010,-0.6652653414521725,-0.6916597586887251,-1281.904449313263,-1281.9044496387635,0.29008090057522257,2.3162676190567226
2011,-0.6430279068624312,-0.684703991079975,-1568.356832049883,-1568.9328128896232,0.363801434522633,2.9110043060645716
2012,-0.650363567485308,-0.6769184293083578,-1197.4196689386583,-1197.4196689386583,0.3198667619911259,2.684422272664287
2013,-0.6247662902049408,-0.6963225157117203,-1594.5366898768102,-1594.5366898768102,0.47331351366882507,2.863277552527407
2014,-0.6323027266664107,-0.7154086572388814,-1418.9078903911309,-1418.9078903911309,0.4537749791909467,2.5936666506905164
2015,-0.6723297934209037,-0.7077565515685189,-841.7779824965463,-841.7779824965463,0.26469950771716566,1.9844617591324234
2016,-0.655106367639319,-0.6697801921396374,-1394.0895416740416,-1394.0895416740416,0.23024785659370328,1.7668882306722136
2017,-0.6394046216993198,-0.7118124746503397,-1330.5111747597211,-1333.9768313514303,0.3138734943980514,1.9020356904689608
2018,-0.670068437283795,-0.70475347705326,-877.6504996344161,-877.6504996344161,0.2639990864925861,2.035678072608703
2019,-0.6635444655588971,-0.6862782162023185,-1213.9041279107728,-1213.904264624046,0.30460537324051806,2.217854852286846
2020,-0.654198216722899,-0.673238102495802,-1528.904011296014,-1528.9041932534271,0.2738819040803044,2.30195300418105
2021,-0.6571823839177853,-0.7252509383819987,-1138.7999380362085,-1141.6583667635919,0.3512297978204992,2.267927950457527
2022,-0.6704609175455568,-0.7037846688608963,-795.4028220300426,-795.4028220300427,0.2300543209783371,1.6773136350061244
2023,-0.6519850830004521,-0.7217342797369592,-1191.7038264374557,-1194.796347494139,0.34628506342347987,2.2827809558820054
2024,-0.6845202465758851,-0.7140642072353687,-1002.9042000318334,-1002.9043510653484,0.2625844230627541,1.7229694881348587
2025,-0.6574633929965451,-0.6822716713107141,-1492.9044499991217,-1492.9044499995537,0.2621831697869349,2.3016067191819833
2026,-0.6927570417806792,-0.7192417545587114,-954.8908825653102,-954.8957703221884,0.20138026617594534,1.1175638646883082
2027,-0.6501067650128747,-0.6800810870068098,-1385.4618206068687,-1385.461820606869,0.3205722506053005,2.7436043618406862
2028,-0.6533691975409804,-0.6720318999860161,-1348.9022228062383,-1348.9030927936803,0.3047893830012433,2.2317982103053113
2029,-0.6529013273578469,-0.6580545325927292,-1334.355828220858,-1334.3558282208592,0.22962741573399612,1.4502511361462211
2030,-0.661946294417428,-0.7426325680861541,-963.121799396069,-966.6042272124082,0.28507051862936994,1.627355576220925
2031,-0.6456351789733494,-0.6689482782044981,-1380.3325170769424,-1380.3325170769424,0.32130987412535367,2.5276616501824036
2032,-0.6801346288089336,-0.7360754364032746,-956.3819280667867,-956.4776013550536,0.3141018783494107,1.9381374408525296
2033,-0.6700139245776234,-0.6971591768127602,-1243.9044454605223,-1243.9044475609755,0.2650222939452773,2.1307126433047494
2034,-0.6359355995584505,-0.6791677053348711,-1692.2950316638432,-1694.4199547637925,0.4089152510823443,2.911411642889039
2035,-0.6424854741838266,-0.6783279719358288,-1659.4831663095,-1659.4831663095001,0.24854898353277224,2.2237164096856223
2036,-0.6819907452389693,-0.7082535438066613,-1087.9029686723404,-1087.9035574746515,0.21780878079610191,1.415798803976103
2037,-0.6889689467162876,-0.7346869259894468,-685.7636745277191,-685.7636745277191,0.24409025849669208,1.6115355692829998
2038,-0.6509026329756111,-0.6546480234108976,-1352.894194294936,-1353.3305123014816,0.22386699534000123,1.3671933528643472
2039,-0.6100017040895191,-0.6098503377314041,-1910.7043014781812,-1911.4193417452,0.2846439291360848,1.9102577168521253
2040,-0.6228238638647062,-0.6947378687488618,-1732.2411058666164,-1737.5963109438144,0.4823295629621663,2.9113382678440938
2041,-0.6307761138408882,-0.6395785040874228,-1634.3421865348987,-1634.3421865348987,0.29460340457213896,2.021680865856373
2042,-0.6774941692888439,-0.7046189046465197,-1104.904242633851,-1104.9043322077657,0.2615391441074637,1.8683460987978096
2043,-0.6857922205756849,-0.7071276915665882,-968.8624738649702,-968.8761239592693,0.2328979652869766,1.3347301711241282
2044,-0.6269085963345354,-0.705647808594456,-1582.7395541172812,-1587.950201566014,0.4793048419461682,2.722940865655291
2045,-0.629020147506103,-0.7088368878952926,-1492.5661049234131,-1497.4336984677668,0.42430700767880836,2.4972027076813763
2046,-0.6195899271950897,-0.6985277178719381,-1715.4804873528374,-1721.3568212422442,0.4753111135786734,2.739584416603332
2047,-0.6806927741497492,-0.700562511304803,-1068.879748198281,-1068.8880967648095,0.23227929267074493,1.451569019935784
2048,-0.6500862966308971,-0.6987990003661535,-1364.3932333919595,-1364.3932333919595,0.268510815648399,2.110875885767656
2049,-0.6304656367011094,-0.634864750414543,-1866.2517425185133,-1866.4267223014183,0.2677556776652749,1.9513466661390968
2050,-0.6876805649681983,-0.7273228113095809,-693.9917295062048,-693.9917295062048,0.21845019888414902,1.37017666300863
2051,-0.6707645132723953,-0.6952805065314333,-1278.9042575059993,-1278.9043387349752,0.2129012390396634,1.55176966137258
2052,-0.6559589545408988,-0.7057809711496459,-1283.3258744953903,-1286.1736293985352,0.3557513000025485,2.648324768784967
2053,-0.6368083955841821,-0.6630949903771851,-1434.3566296538224,-1434.3566296538224,0.34753778187291356,2.8035454176705596
2054,-0.6784329450741432,-0.692500351554442,-1137.74914986211,-1137.79394710501,0.20416071005108857,1.2315003173783297
2055,-0.661624572261451,-0.6871922288252234,-1101.5646445237496,-1101.5646445237496,0.26781027751485104,2.1544136584474405
2056,-0.6235761813716495,-0.6824438610027379,-1653.6465446599284,-1653.6465446599286,0.4321010751502094,2.8959274579131122
2057,-0.6689181719395422,-0.6777225199537904,-1245.3997335821468,-1245.5285502648837,0.20873299373208487,1.2724710084670419
2058,-0.6348253522879543,-0.7084110837343567,-1446.0467160353244,-1450.262247320253,0.4186103117717347,2.6166023931181313
2059,-0.628551722134703,-0.7003025956151361,-1568.1386103704785,-1572.4425416414156,0.3668458678281499,2.3263804233209173
2060,-0.6458398593484961,-0.6795458887229777,-1616.134749014982,-1616.134749014982,0.27460393955934376,2.519029931114757
2061,-0.6355433572026155,-0.6554293184176144,-1912.9789782671792,-1912.9789782671792,0.3123483616266419,2.912567226672936
2062,-0.6887184380660254,-0.7088372794455193,-956.8199368025098,-956.8457084685939,0.21521896210691205,1.1703918027705362
2063,-0.6539727231253455,-0.6797814332009805,-1553.9459697252785,-1553.9459697252785,0.248834815832842,2.186131578775423
2064,-0.629973740090325,-0.6671123131082481,-1933.0542936615718,-1933.0542936615718,0.31014473125396225,2.7142468321881084
2065,-0.6706393645047047,-0.682240561792468,-1263.7275162601609,-1263.7786401813378,0.2112797729215814,1.373834859524574
2066,-0.6248568969526828,-0.6332849341968746,-1893.736939460394,-1893.7889787393615,0.3021850000236972,2.4579528014863214
2067,-0.6309583351885248,-0.6519854498530508,-1665.001249063204,-1665.001249063204,0.3628724861195487,2.9126022945503127
2068,-0.6488525140833206,-0.6547149058108601,-1516.2692662363327,-1516.2692662363327,0.24294504241641382,1.6698788643873768
2069,-0.6489598241858401,-0.6746309611273266,-1647.886178718656,-1647.886178718656,0.267451693166359,2.483985486917718
2070,-0.6285072832813655,-0.6730175125109896,-1722.4281742354062,-1722.4281742354062,0.4214257047336093,3.0321793733402402
2071,-0.6436701154468621,-0.672895320454202,-1661.175264525674,-1661.175264525674,0.33445310869152606,2.9113972454312167
2072,-0.6678451799081082,-0.694715801837823,-1300.9044488570598,-1300.9044493940107,0.2546523270014841,2.043996346909356
2073,-0.6431832754717848,-0.6805410906414203,-1604.1178975831804,-1604.6341359958158,0.36561002109637336,2.911127639628117
2074,-0.6789451057124872,-0.7214087956270173,-770.4918032786927,-770.4918032786927,0.24160645656218055,1.744328950635185
2075,-0.6605278172827472,-0.6849519985195632,-1041.7970907751835,-1041.7970907751835,0.19731847848584122,1.530954822937568
2076,-0.6635190465492679,-0.706577161488435,-1224.2294583958724,-1224.2294583958724,0.2836106769794232,2.104646715742029
2077,-0.6734195653194908,-0.7102257565965137,-834.3572504926411,-834.3572504926411,0.26782743584491187,2.0441113170344676
2078,-0.6765973822848977,-0.6950661108601566,-1151.8830880061091,-1151.8903737516032,0.22822354364152686,1.4999742601884078
2079,-0.6368740709248579,-0.6589895789185904,-1839.0227972893672,-1839.0227972893672,0.3280364349527831,2.912603718221596
2080,-0.6916680100879312,-0.7225294716075378,-944.9022670760352,-944.9031624179734,0.22728593995424914,1.3302030056381742
2081,-0.6362358403590423,-0.6619259729893437,-1715.1993178426799,-1715.19931784268,0.31899098312537827,2.8231992565583703
2082,-0.6761969355252015,-0.7269850347882483,-1009.8226976578891,-1009.8226976578892,0.2632552058014469,1.6457020629447343
2083,-0.6454944768560688,-0.6601615839271391,-1827.904201325578,-1827.9043065908365,0.2533055020448546,2.4081558261700384
2084,-0.6713974768987984,-0.7105922381311149,-1143.997158635585,-1143.997158635585,0.31847333609905476,2.431016117073951
2085,-0.6651895767885799,-0.6995610827107611,-1257.998036604132,-1257.998036604132,0.2227118858098286,1.606553159712041
2086,-0.6705244174130089,-0.7209485632187017,-1055.988901181933,-1055.988901181933,0.23620622686506731,1.469506684528128
2087,-0.6513691706921019,-0.66555818221223,-1515.8903419413232,-1515.8953807613077,0.27387483180479244,2.106380878388868
2088,-0.6354879414825735,-0.6516185721482914,-1756.9031168274787,-1756.9036522031583,0.31977098621776007,2.7697225463016877
2089,-0.6514940333768251,-0.6722169020207622,-1595.904432057564,-1595.9044401136907,0.27993181445553084,2.4795590541716455
2090,-0.6599851602406434,-0.6876237411789885,-1120.4060203010154,-1120.4060203010154,0.2444638958140315,1.9411659330414464
2091,-0.6368031283305864,-0.6729622249754998,-1759.029511198843,-1759.3329413465276,0.34157924979108717,2.7663845978666446
2092,-0.6709506739166474,-0.7122423460816688,-946.2138789285013,-946.2138789285013,0.2277733877438553,1.5277747217431494
2093,-0.673231119611703,-0.6941309715111635,-1149.8996644717124,-1149.9014560515725,0.25970916591498083,1.8330337728773642
2094,-0.6289675411349229,-0.6411006677400966,-1519.6998123827404,-1519.6998123827404,0.27507742555857945,2.2082640980801855
2095,-0.658127011073504,-0.7002358718522746,-1317.3914124886649,-1319.1353267225436,0.3520550240396149,2.7961819770336795
2096,-0.6726477732339435,-0.710202508863717,-857.2111363364822,-857.2111363364822,0.2773845644557193,2.1388810710724178
2097,-0.6591133495988016,-0.7086770431472181,-1233.6896028197903,-1233.6896028197903,0.3100671016435625,2.27845043893588
2098,-0.631331903437316,-0.74572635693565,-1131.8323773619757,-1141.6149571246362,0.38503735106384096,1.8267314389607698
2099,-0.6525925950337206,-0.6739936365987074,-1404.9043816964377,-1404.9044115611237,0.31379117530742007,2.549427445765212
2100,-0.653639078163203,-0.6720995459981483,-1538.0238953157636,-1538.0238953157636,0.258373980564492,2.285943446968441
2101,-0.6357774700505753,-0.6525813360455246,-1918.9043103557697,-1918.9043705007475,0.3086076588308478,2.8791372187143924
2102,-0.6513385273417258,-0.679691539482314,-1489.8567110554238,-1489.8567110554238,0.3304584848122836,2.849236983665486
2103,-0.6508551630345832,-0.6676510024122762,-1571.9024074628883,-1571.9032101756698,0.2765078069726454,2.293862102078989
2104,-0.6478115876931634,-0.6585288989692638,-1628.6540314808944,-1628.6540314808947,0.25332519014868626,1.9155224341942247
2105,-0.6559241088024035,-0.6772496244024899,-1551.904447393081,-1551.9044485993861,0.26167283230211374,2.3931660398192336
2106,-0.6266415911953357,-0.6290716035472749,-1769.2974848222,-1769.297484822203,0.2697342989893162,1.8162586137397223
2107,-0.6521992515896067,-0.6783940544339635,-1569.9813977554666,-1569.9813977554666,0.2820036976058666,2.531806620968195
2108,-0.6371155306926235,-0.6694673837658618,-1782.9234728020983,-1783.1744643017892,0.32722855950952895,2.7102643534427187
2109,-0.6534471998733229,-0.6744567530926119,-1608.9044486540324,-1608.9044492811154,0.2529841750015846,2.342144985664906
2110,-0.6438928817881474,-0.6675715832960357,-1728.7474533284537,-1728.7474533284537,0.2949928983826561,2.6409684245543716
2111,-0.6482866811158362,-0.6865723053163333,-1512.384562288285,-1513.2538332321883,0.3342667068187086,2.8713695956284013
2112,-0.6363784803789666,-0.661075164805802,-1322.685862107752,-1322.685862107752,0.3498283635491812,2.8923065511163584
2113,-0.6751642035179047,-0.718870148976489,-1073.8131445870304,-1073.8131445870304,0.3091268349745535,2.256569026941819
2114,-0.6650715436139073,-0.7269145783006924,-1042.9792392029558,-1043.1395446714334,0.26295864349635856,1.5766231763067404
2115,-0.6978527437656915,-0.7497410187155817,-528.8962576977743,-528.8962576977744,0.20577615277701555,1.1899893400033168
2116,-0.6266043560119507,-0.6628846257724251,-1926.5667572173163,-1926.5667572173163,0.39997718271650995,2.9127336551129237
2117,-0.6824593489480767,-0.7136419462378986,-800.489596083233,-800.489596083233,0.23354358059498298,1.3981088592643132
2118,-0.6497861856607654,-0.6892250356257279,-1467.7740756665028,-1468.7655905573702,0.3710734230223218,2.910817546713212
2119,-0.6484151071605856,-0.672175604688565,-1642.4784647606236,-1642.4784647606236,0.29153034374164494,2.571727460087104
2120,-0.6880473967933353,-0.7104822458680798,-1001.8817225449662,-1001.8894808017885,0.2146296161309174,1.2447944533728508
2121,-0.6308403037420407,-0.6487729697903417,-1417.4080307766326,-1417.4080307766326,0.311582122919039,2.5876063440533335
2122,-0.6737332241710923,-0.7029961339113546,-886.4223810247836,-886.4223810247836,0.2077715122753726,1.4410743732120568
2123,-0.6360634254958597,-0.6552037772384911,-1762.1941205452472,-1762.1941205452472,0.31340585068686644,2.877475030744686
2124,-0.639346130924303,-0.742416881935863,-1148.6161886044956,-1154.912266158128,0.42732262151625716,2.193384505170242
2125,-0.6410877313825534,-0.6544124232068605,-1912.9007545249224,-1912.9021758408871,0.2694180144011123,2.5751140952713696
2126,-0.6481253716816854,-0.670161477276382,-1179.1138446090122,-1179.1138446090122,0.281735382032357,2.502380241527365
2127,-0.6802861353431228,-0.7164696130762384,-1040.4060250829334,-1040.4060250829334,0.28566907525948415,2.0650474275036563
2128,-0.6536078357238804,-0.6669726787109067,-1401.2388162422626,-1401.2388162422628,0.2623378932807758,1.9272242260888233
2129,-0.6322850905936667,-0.6371479383942142,-1724.2900960838144,-1724.453269634234,0.27265585466041936,1.8640908127663847
2130,-0.6691827361369734,-0.6942263878645005,-909.1642031711901,-909.1642031711903,0.21043388409099142,1.4889970658924452
2131,-0.6477609778001582,-0.6745663326582952,-1633.2651222012526,-1633.2651222012526,0.30061982493097555,2.625521983288819
2132,-0.679456449363128,-0.7056139987435703,-1046.9035929423358,-1046.9039486068298,0.2719854927753633,1.8388441289382054
2133,-0.6560736531734433,-0.674893312706167,-1374.9028064934826,-1374.9034546854816,0.2894112564162789,2.1771419028396726
2134,-0.6751953958012377,-0.684322548116574,-1144.1372946387057,-1144.3190202797812,0.19043961725636954,1.0522097659405987
2135,-0.6391338916395785,-0.6583566797187923,-1834.9044476861286,-1834.9044487567,0.2999836965870094,2.897384539386018
2136,-0.6329032470245883,-0.6420455006477761,-1754.755407083553,-1754.8014888776777,0.2894907737758628,2.1323833979166045
2137,-0.632923314231488,-0.6732659443516937,-1775.7992040096142,-1775.7992040096146,0.37235005127524823,2.911154973079801
2138,-0.6419655955366251,-0.6678065117102103,-1661.4398950609113,-1661.4398950609113,0.333750885452712,2.912102806144912
2139,-0.6545989515716285,-0.6779464664938268,-968.6411149825809,-968.6411149825809,0.24221084204872276,1.8902789170484693
2140,-0.6679001147620658,-0.7009161938817219,-948.8713625237987,-948.8713625237987,0.2655876125365622,2.0763606900273865
2141,-0.6585767183868758,-0.6844399450223482,-975.8257539492599,-975.8257539492599,0.24738270315350547,1.9942694930698706
2142,-0.6304905800476444,-0.6507128333679149,-1535.7684677325253,-1535.7684677325253,0.3524985590475955,2.7239096789163186
2143,-0.6428580939054312,-0.7092195643249714,-1329.1400665536803,-1331.947162050654,0.30879091657014784,2.0355162994672518
2144,-0.6431004681123357,-0.710299160461517,-1365.3131995920187,-1368.8204297556629,0.4177486976481688,2.671675660722006
2145,-0.6366970072140663,-0.6650390345347565,-1883.6714301356885,-1883.6714301356885,0.2716986388922392,2.5901888111486913
2146,-0.6531991454658841,-0.7038196581401759,-1322.8414710923198,-1324.7876504245219,0.36799354970611003,2.816914302111881
2147,-0.6343009123803014,-0.6463459494047739,-1495.7839423194464,-1495.7839423194464,0.2919077174986185,2.075946094534038
2148,-0.6920775142073436,-0.7421756510316474,-529.1088222122717,-529.1088222122717,0.19950275480751184,1.20021502263583
2149,-0.6850774596982981,-0.7094513185644903,-1011.8977671460923,-1011.9002590626353,0.23960209327619691,1.469147135483932
2150,-0.6463455416606546,-0.67270278952339,-1504.6054590567087,-1504.6054590567087,0.34574079919891504,2.8933547084024003
2151,-0.631671847775461,-0.6646844428438101,-1855.3705509652286,-1855.3705509652286,0.3794524188954918,2.9125229056902877
2152,-0.6844965020235025,-0.7297032832145872,-944.9535316855922,-945.0705363505406,0.21262732177134888,1.2039687332460076
2153,-0.6550169873672994,-0.6776226546839137,-1048.4856362927328,-1048.4856362927328,0.239939013035048,1.9647884170988186
2154,-0.6373743884627723,-0.6485012105568102,-1292.4575424575478,-1292.4575424575478,0.2412540902769521,1.8001779127391702
2155,-0.6231675588825439,-0.7295248342107031,-1377.4797803530485,-1380.5971425640932,0.4576638380407028,2.2827869562192196
2156,-0.6676390243220924,-0.6808369362714417,-1166.7407303530354,-1166.7877167022184,0.24062310044380153,1.527242745528256
2157,-0.6372309283933499,-0.6623372659020391,-1824.0054886833248,-1824.0054886833248,0.3068392794898219,2.905523226364779
2158,-0.6706526851381316,-0.6952412585502681,-1148.9041620029138,-1148.9042849608793,0.2888327994891863,2.084582166623358
2159,-0.6772482176069894,-0.7059786383896645,-1061.904429285313,-1061.9044424158355,0.29043010132560615,2.071823043286683
2160,-0.6885343272998782,-0.718095596054921,-998.9013320388495,-998.9025617154348,0.1992015695238224,1.1820973412838096
2161,-0.6413217192816602,-0.659523337553382,-1589.903756628116,-1589.9040404191126,0.3151271024248068,2.6389182542608305
2162,-0.649717015119606,-0.6761445168082191,-1149.7629235573045,-1149.7629235573045,0.3163381365114983,2.693008081770031
2163,-0.6635545987861604,-0.6872611667968926,-1213.9043230810676,-1213.9043787247929,0.3087079800908459,2.265966194948413
2164,-0.666775140231401,-0.6852981772017426,-1176.8927661931052,-1176.896924361011,0.27537205211930277,1.887071739681557
2165,-0.6382218061422447,-0.658450571163528,-1697.904442268293,-1697.9044457986138,0.3305123695187864,2.9040309160060196
2166,-0.6459345168911295,-0.672312495181502,-1518.2779736500295,-1518.2779736500295,0.30960064855102737,2.6524411099502125
2167,-0.6377361872177186,-0.6710385472111045,-1590.6783571758253,-1590.6783571758253,0.3326691639333746,2.9114057510072087
2168,-0.6348749759732621,-0.6423577027379433,-1563.5734638612223,-1563.6668090876956,0.28664359880428897,1.9287086377487943
2169,-0.6134170235719398,-0.709677599713031,-1714.9290536207102,-1714.9290536207102,0.5141155062284523,2.755331150870464
2170,-0.6390797461422589,-0.6712193516538659,-1672.401685393264,-1672.401685393264,0.38236949514565116,2.912155944936925
2171,-0.6756304900552756,-0.7029230556593968,-1180.9042709632515,-1180.90434751574,0.21931787976916128,1.5404778758466071
2172,-0.6906840625360268,-0.7430887167345037,-600.199971432653,-600.199971432653,0.21561460848879516,1.324759224343156
2173,-0.680574812790475,-0.7206288497303166,-852.5519848771272,-852.5519848771273,0.21178282062369222,1.3281221677265365
2174,-0.6587835142296552,-0.7100628294616879,-1091.9847328244296,-1091.98473282443,0.3480452947814419,2.5215813519442225
2175,-0.6497466641994686,-0.684097805670618,-1511.2937653410302,-1511.86340220181,0.3391401451886728,2.879615727861884
2176,-0.6259021281629713,-0.6419777675257581,-1720.9033581316137,-1720.9037995977035,0.35312804728244035,2.8234357922644113
2177,-0.6530530718231958,-0.6673874957741468,-1252.0515826494745,-1252.0515826494745,0.2684134274374193,1.876994020382956
2178,-0.6761502611083308,-0.6921006942452917,-1077.795533082232,-1077.8278890361116,0.23127105240467258,1.393058853894284
2179,-0.6710998009734811,-0.6939615399010222,-1286.903897561317,-1286.9041231143267,0.21665658849887862,1.5880112437565637
2180,-0.666419292182961,-0.7298310436281426,-988.9628679920008,-989.2190496422741,0.21435666889521385,1.1989398719352098
2181,-0.6303872134897738,-0.648317393116925,-1742.9043446302987,-1742.9043903352238,0.3483711838711347,2.8883983468733168
2182,-0.6607197087554102,-0.7189523786660266,-1136.359166943232,-1138.5401937117626,0.30165446567708787,2.029605010669868
2183,-0.6665304264437999,-0.7003234177118994,-1013.5809312638622,-1013.5809312638623,0.2873923805244694,2.2946516910590975
2184,-0.6965615980795675,-0.7156958617941546,-937.7218487252386,-937.7734507354728,0.1698498081854152,0.8426758242211527
2185,-0.6484938545282084,-0.6564252884168199,-1680.712098228436,-1680.7698792598437,0.23679593822435718,1.7847732115041817
2186,-0.6747368509713911,-0.7075943443964992,-1149.904449999999,-1149.9044499999998,0.25620972430514266,1.8877754896400865
2187,-0.6348472968915959,-0.6590473375422039,-1713.3414506870795,-1713.3414506870795,0.3272954560050831,2.9052881971777933
2188,-0.6762069864293618,-0.7197758899707594,-1063.8574613580158,-1063.8574613580158,0.2953033723667018,2.0863231598847003
2189,-0.6312453408688123,-0.6501145967559145,-1675.9044000132767,-1675.9044220737364,0.35514425042157455,2.897371015499749
2190,-0.6640689523144109,-0.6723824783510042,-1295.4252021383813,-1295.5492546403168,0.22012008101334218,1.3980003737772688
2191,-0.6632837369716759,-0.692483580973073,-781.4584259670961,-781.4584259670961,0.2005740442179045,1.3991920030726406
2192,-0.6644162692235732,-0.7234748907530664,-911.697769685934,-911.6977696859349,0.27772668694046937,1.723807921557997
2193,-0.6576539945331903,-0.6713983268013759,-1366.8641706377048,-1366.8774867544612,0.2621866558402329,1.884005398775654
2194,-0.6392154447034664,-0.6824705155573586,-1486.6848395890142,-1486.6848395890142,0.39315207415216047,2.9113931088352953
2195,-0.6565551976670302,-0.6730207377088595,-1436.8968147917067,-1436.8996235141296,0.26418575072615363,2.0181996958784434
2196,-0.6864528023932877,-0.7071539740963481,-988.8596406793862,-988.8740675961834,0.22437871247751517,1.2950691001224148
2197,-0.6640337039697123,-0.6718108753570841,-1187.788528639909,-1188.0420975656825,0.2137000468426855,1.2182253798505012
2198,-0.6649355273078242,-0.6826588252338359,-1437.9020364924197,-1437.9029740241556,0.21843551061516217,1.6893231029067077
2199,-0.678917417580484,-0.7011488362316455,-1040.8949435411955,-1040.8983935784702,0.25972245766336993,1.673137210069919
2200,-0.6688861754819242,-0.6966453913815429,-1269.9044221152337,-1269.9044344752454,0.20775827779589368,1.5010237168972687
2201,-0.6618457855602466,-0.7120988511961507,-1195.7802066367865,-1196.2971426351482,0.3276081845583705,2.3420417606852437
2202,-0.636106571835798,-0.6582254818434268,-1797.9044499999834,-1797.9044499999916,0.33441698890840166,2.912650055896918
2203,-0.6575711000782553,-0.7292571037292451,-1122.0417853282647,-1125.1076307556386,0.38281359541127113,2.315579389672108
2204,-0.6647655822536817,-0.7183773738697395,-1130.5927116560715,-1132.0700734272848,0.32398005023866144,2.2500459745595545
2205,-0.6425096415632543,-0.6687468371616135,-1611.6096940015225,-1611.6096940015225,0.3432032292367568,2.912170819328655
2206,-0.6706227712709891,-0.6934090439567319,-878.7294384571775,-878.7294384571775,0.2121981302575306,1.293103765530373
2207,-0.6744014772563695,-0.7039634584961858,-1116.9044496365586,-1116.904449876864,0.2892396035639354,2.142135519098598
2208,-0.6556738207479015,-0.6737227393350278,-1221.9118182922416,-1221.9118182922418,0.27466597022895173,2.0011304150633724
2209,-0.6405403828042041,-0.7125890791729806,-1360.3794015631436,-1364.1416066589672,0.4001553301038271,2.507391740599105
2210,-0.6678157483534499,-0.6851059194125988,-1367.896687395681,-1367.8995317229837,0.22028239514344267,1.6409139676774815
2211,-0.6749554268729183,-0.7093279323634136,-751.8775683718299,-751.8775683718299,0.18940962648221793,1.3536696433825641
2212,-0.641898256429762,-0.6804268146775658,-1461.299024693927,-1461.299024693927,0.3609926944171436,2.9112283948782745
2213,-0.6480519633516336,-0.6783619411717641,-1550.1335198205468,-1550.1335198205468,0.3442667151767325,2.9114547655353724
2214,-0.6712995544303081,-0.6945151536308845,-1248.9040453494854,-1248.904212963392,0.24523359844283582,1.871063634819539
2215,-0.6770122136708913,-0.71288410784865,-1083.9044263531687,-1083.9044372511055,0.20019754845968174,1.2702971507960565
2216,-0.6718161265293705,-0.7077412300189474,-849.2740262733338,-849.2740262733338,0.27004261116390305,2.0462581141374487
2217,-0.6821171534130278,-0.7261429306491001,-745.5449145350979,-745.5449145350979,0.26347508284080473,1.8892380166049756
2218,-0.6450741442278007,-0.6976944070613949,-1430.3479812941334,-1432.6107749363944,0.3535080765282346,2.6694539502535477
2219,-0.6465224884871261,-0.7269061741645132,-1170.0657356169531,-1173.877991061896,0.32842204861047,1.838731763795654
2220,-0.640240352589535,-0.6743874590441253,-1680.9806376100378,-1681.1135544748045,0.36471254180083573,2.911575728678369
2221,-0.6597903427522059,-0.6879045441934585,-1402.7028940101034,-1402.7028940101034,0.294552898253789,2.482010299734731
2222,-0.6471244870198504,-0.6882582634788201,-1505.6961351474051,-1507.1769686862983,0.2895723557420489,2.4726457598088962
2223,-0.655560893102185,-0.6806736737697886,-1528.9044499999864,-1528.9044499999932,0.25508230393706843,2.2480191951445097
2224,-0.6732556392395552,-0.6970838465456352,-975.2233271532142,-975.2233271532142,0.1908063587342242,1.2588864303631224
2225,-0.6700818613772943,-0.6930556362012126,-996.9682835820897,-996.96828358209,0.2476648202998373,1.6405270446718676
2226,-0.647541012676244,-0.6863486624164576,-1513.470625008271,-1514.255241546589,0.37964695081728284,2.9109639847953463
2227,-0.651967025383489,-0.6704770502453198,-1415.903296089212,-1415.90375838664,0.30373419840747246,2.2874700614978063
2228,-0.6488651438205332,-0.6740159151913475,-1191.9920417806582,-1191.9920417806582,0.3052218314428125,2.647030612892522
2229,-0.6487017120059106,-0.7261322729022909,-1053.7371763556428,-1053.7371763556428,0.3800122961781626,2.2751801734306
2230,-0.6871639379335358,-0.7277274976789838,-960.2424406345185,-960.2424406345185,0.25414165310795345,1.5877603124981827
2231,-0.643091173534337,-0.6619596368175416,-1286.873631328096,-1286.873631328096,0.27965728209693425,2.3690969291234194
2232,-0.6777207849982798,-0.7194238161839726,-782.181168057213,-782.1811680572131,0.23211646436961636,1.6760494476583705
2233,-0.6593712561227631,-0.68386208534973,-1279.904437685649,-1279.904443372991,0.317126148906303,2.4001384504591488
2234,-0.6352761859371779,-0.6407612331848535,-1811.457695085604,-1811.581738191543,0.26250664188917366,1.8814154724780257
2235,-0.6513167207354672,-0.7300949569190475,-1101.7237825527752,-1105.3269700653702,0.297783910795942,1.6441237079103923
2236,-0.6440083877702498,-0.6708834717406389,-1643.820291093492,-1643.820291093492,0.3369642020393661,2.911879232331515
2237,-0.6671517374158487,-0.6933363651241106,-1216.904436515763,-1216.9044429194869,0.2963958829314944,2.2502447840048103
2238,-0.6326790968792387,-0.6441656159504731,-1745.8587787580182,-1745.8741676634093,0.30443232270818943,2.4854536603012853
2239,-0.642370169369493,-0.6887083978429989,-1540.9746736946036,-1543.9007931008996,0.2728728142258956,2.27880957091825
2240,-0.6321016106662761,-0.6876744071136572,-1686.0526003209586,-1689.2776430193464,0.41032483279830456,2.909780752561915
2241,-0.6767171622733643,-0.7072335289717954,-1112.9044494407958,-1112.9044498091978,0.2704443933720885,2.025714543020178
2242,-0.6488202083250612,-0.6683632091279489,-1659.9044230893683,-1659.904435079708,0.2790461917433423,2.5191843248807815
2243,-0.6408829450049376,-0.6808694174930728,-1624.7765301174609,-1625.2590634218373,0.3454375166350757,2.879015052480849
2244,-0.6239950974676495,-0.7336448754008106,-1350.0521534049558,-1356.722132225791,0.48118751754195815,2.300100319633673
2245,-0.6413960451405812,-0.6841467250526491,-1591.7852194118632,-1592.0448761357402,0.39752470498390313,2.9111781131022885
2246,-0.6650588288730989,-0.7068398973352796,-1216.7955895340554,-1216.7955895340554,0.33959915860304385,2.6078928548211175
2247,-0.6576167248804363,-0.6750821912162159,-1484.9013698023477,-1484.9025559939566,0.2536705628834709,2.089245721341719
2248,-0.6350292458892982,-0.6534107741772122,-1833.9044420491975,-1833.9044456657514,0.32785046420214475,2.9126980511261875
2249,-0.6387573840686945,-0.6571340395426234,-1749.9043917636827,-1749.9044173185403,0.31664909544804865,2.883320380275259
2250,-0.6649563662744309,-0.684478420244241,-1205.9375000000005,-1205.9375000000005,0.23584951360248602,1.6880147601767712
2251,-0.6717755903700953,-0.7133765668088549,-1127.8903429069899,-1127.8903429069899,0.3229421062370935,2.426762789883098
2252,-0.6426066048608031,-0.6773178887712353,-1629.5945050570617,-1629.8759327935738,0.3725223866731974,2.9115609235196724
2253,-0.6141605124310521,-0.7028917895890475,-1814.7252538936652,-1823.0952362165092,0.5473331793883965,2.876316614026911
2254,-0.6214900395128073,-0.6277047415944312,-1799.5316512088348,-1799.6381033192176,0.3057795866123322,2.154553439301879
2255,-0.6453135818078433,-0.6662897653559501,-1279.8067358249243,-1279.8067358249243,0.2744126710386847,2.4691836669464724
2256,-0.6682906949963096,-0.678051931655304,-1158.2947116648497,-1158.443890404655,0.21570668193107279,1.2408396236104775
2257,-0.6709551543223695,-0.724966703827544,-1059.6854533007636,-1060.15006835865,0.31728934528229286,2.112774804855321
2258,-0.6711254989065637,-0.7098178698892097,-1156.0448059584385,-1156.0448059584385,0.3096680418874708,2.3789394526911307
2259,-0.6456246184302014,-0.6735918124919035,-1426.6211604095565,-1426.6211604095565,0.24396491576828286,2.069910044539201
2260,-0.6393056926646639,-0.650540249566315,-1530.835818091104,-1530.857970020917,0.3013268852315544,2.0896347198223078
2261,-0.6632482475096967,-0.6965566809555805,-1316.2946409900264,-1316.2946409900264,0.291688959960415,2.426314265452179
2262,-0.6834556018963218,-0.7055834870073635,-1058.8920940384523,-1058.8964832606794,0.22202774035660663,1.3717126767184908
2263,-0.6753294226894294,-0.720502850451322,-845.6883509833605,-845.6883509833606,0.27416309677660633,2.007015245053529
2264,-0.6362195761680456,-0.6472688675805657,-1621.8396379006651,-1621.8608186457948,0.303540652265765,2.1744942465162005
2265,-0.6802519843421293,-0.6949635508237527,-1105.7487849952734,-1105.7935609060426,0.20408522331208392,1.206573092552841
2266,-0.6342482336591458,-0.6433517360907557,-1768.760978088648,-1768.8053659645336,0.28384078516939915,2.0951672311757816
2267,-0.657985527233441,-0.6976988872978024,-1175.5699217420877,-1175.5699217420881,0.3337473321522202,2.635071737768331
2268,-0.6850194985514411,-0.7251950649671837,-977.9044339924416,-977.904441756464,0.2166920730199134,1.2964379193989835
2269,-0.6605658213529175,-0.6791232463183232,-1507.904099402731,-1507.9042455769666,0.2360055640050124,1.9540790822498664
2270,-0.6808556275682076,-0.7280419782743835,-975.6179585662794,-975.6451043769345,0.23206173637257071,1.3725837382820076
2271,-0.6668097554872899,-0.7015720902153871,-945.4034524287496,-945.4034524287496,0.2091784641350386,1.5709647869761068
2272,-0.6736987430987535,-0.7199643649562559,-1072.9145049889858,-1072.9145049889858,0.27470876500335434,1.8394990876266097
2273,-0.6395679670972158,-0.6673611423957079,-1822.6616332065446,-1822.6616332065446,0.2700847158771958,2.6306698815054084
2274,-0.6317001750331053,-0.643678254766957,-1845.8806616184927,-1845.8890726008383,0.3059893466179116,2.6020872545539304
2275,-0.6572378563789291,-0.6891492236995294,-1424.5495155511665,-1424.5495155511665,0.28717840747102424,2.4716130240392373
2276,-0.6730045600911105,-0.7000574951284336,-1180.9044095176037,-1180.9044277488497,0.26655212932039046,2.0700648575914755
2277,-0.6235605445701805,-0.6738873766048846,-1939.8229949216484,-1943.2742280000928,0.46910954822642764,3.011616335880691
2278,-0.658316792001732,-0.7132526423185432,-1040.9836065573772,-1040.9836065573772,0.3187743435106671,2.2434347841490956
2279,-0.6612925503524659,-0.6859135492658924,-1269.9044335379547,-1269.9044410918393,0.30982092570463227,2.342045878692017
2280,-0.6437230526855986,-0.6972249162955537,-1448.5317732143096,-1450.9124820797012,0.35681153461057574,2.679255739126982
2281,-0.6758030119352301,-0.6869102601430981,-1066.1780208764928,-1066.3486293968972,0.20022752723623213,1.0634035672785136
2282,-0.6622803052366594,-0.7195690557296008,-1138.7391466903914,-1140.7191808705168,0.3382052432002788,2.281486447985956
2283,-0.6572275206319912,-0.703943051457929,-1277.2102150420428,-1277.2102150420428,0.2804022421199985,2.1347530047626733
2284,-0.675216271048039,-0.7192654933734927,-843.3700057903884,-843.3700057903885,0.2738940105168099,2.009937061141366
2285,-0.6480386395211576,-0.7284267673142923,-1183.8562590769689,-1187.5474182313492,0.4029582323758084,2.3256228313232112
2286,-0.635501228903184,-0.6670721317703158,-1616.0049627791584,-1616.0049627791584,0.3794920023203943,2.9122481933066022
2287,-0.6490439947749409,-0.6738798063077466,-1336.5758754863846,-1336.5758754863846,0.2599758289450684,2.2935367561748463
2288,-0.6483215329423095,-0.6620856776615475,-1445.8811531684844,-1445.8891920327123,0.2926639277107451,2.085840961072459
2289,-0.6483837944859657,-0.6595836620474972,-1653.8555330757408,-1653.8718227858003,0.2533530088974174,1.9705913702158224
2290,-0.6442827138730306,-0.6728457510403468,-1665.3329656700298,-1665.3329656700298,0.32285228310800845,2.880651983190335
2291,-0.6878569911878575,-0.7306008296923534,-943.4709094966558,-943.4846796279911,0.2629130708348955,1.6301538255911918
2292,-0.6892565209517734,-0.7312913144354793,-932.2518228915287,-932.2921967090962,0.25376445498398176,1.532722703279811
2293,-0.6184529172145086,-0.766231498601003,-1110.7159927829587,-1151.5955796718704,0.5375353785915118,2.6668577310792174
2294,-0.6453434562715242,-0.7037543863497892,-1164.6608315098501,-1164.6608315098501,0.30674184446413855,2.2516122829004854
2295,-0.6431346372965807,-0.6708343573453824,-1605.827060632354,-1605.827060632354,0.34876616823377316,2.9121301096311774
2296,-0.6479120605575799,-0.6934554983141912,-1441.600330956115,-1441.600330956115,0.2726068019741548,2.2373276575638212
2297,-0.6113263155650484,-0.7015151318828287,-1731.4487632508858,-1731.4487632508858,0.5058128558384752,2.775483366511214
2298,-0.6615119892837975,-0.7359251263992338,-1044.1830311732786,-1047.2197735367188,0.3506919225038943,2.071756746921022
2299,-0.6350165201707361,-0.6594539524648981,-1607.6258758351016,-1607.6258758351019,0.3210403144100756,2.821843755421772
2300,-0.6663452127000168,-0.7008171437200338,-971.971348489568,-971.971348489568,0.25490597344102434,1.9964196108671266
2301,-0.6702985694178865,-0.6852630430917728,-1213.8430030271866,-1213.8624303302279,0.2367883244615822,1.5989033597527227
2302,-0.6528385183716312,-0.6881117655888074,-1462.8170914714624,-1462.8170914714624,0.25953479904395643,2.200297143657157
2303,-0.6789910803400769,-0.7177733160507331,-758.2574031890705,-758.2574031890706,0.21495527378787402,1.500901576517351
2304,-0.664828030769338,-0.6843136304384618,-1230.9008842720982,-1230.9022433310258,0.2808975637326643,2.020044406447769
2305,-0.6666195225630229,-0.6844860052560254,-1407.9010488043946,-1407.9023487671088,0.2136124804358587,1.6155479277765683
2306,-0.6795196419509635,-0.7198679970882235,-748.3944954128439,-748.3944954128439,0.25108510359691705,1.8355556778385567
2307,-0.6338918665502926,-0.7556032409177595,-1032.1414756006911,-1045.2049242446353,0.38228263938519996,1.8064560839708947
2308,-0.6714349384383633,-0.7239917101029915,-945.5888068402669,-945.5888068402669,0.2925857757283231,1.8818639801823447
2309,-0.6829520657858715,-0.7187589608636009,-600.8798002615625,-600.8798002615625,0.15743354901622886,1.0108769945339722
2310,-0.6485504704917314,-0.6692011229741124,-1712.9044498945334,-1712.9044499448005,0.2528497846982725,2.3892066642353207
2311,-0.6381901701841997,-0.6515144506420655,-1747.8902338866214,-1747.8953489585895,0.29149718086524656,2.5392017034210865
2312,-0.6785044042454921,-0.7429645854793901,-806.5827686350467,-806.5827686350468,0.29909181331823914,1.6444213176467581
2313,-0.6421736256582093,-0.6744627577075164,-1564.2753972075132,-1564.2753972075134,0.30517229728993067,2.6960195069500266
2314,-0.6562318882853752,-0.683273828239486,-1380.0881344490401,-1380.0881344490401,0.3234702877591229,2.7507982837298814
2315,-0.6610325899504422,-0.68515406808712,-1426.90444905013,-1426.9044494967013,0.26687519330523746,2.3409890387393966
2316,-0.6450088947453632,-0.7459371982989377,-1019.2338074274801,-1023.8460456438282,0.32278203924228227,1.6594409792789953
2317,-0.6274074180482864,-0.7697642976228148,-1005.742893334962,-1033.6812010460703,0.49871208907093495,2.4728764445073326
2318,-0.6510415457082331,-0.6735588298604301,-1576.904447561587,-1576.9044486942187,0.2913362406403998,2.626877182832763
2319,-0.6626522786756844,-0.704614214746555,-1058.5627193792727,-1058.5627193792727,0.29546243083554835,2.257898190925449
2320,-0.6649905918058442,-0.694504068627938,-988.8100108290238,-988.8100108290239,0.2806213520424909,2.2707640449824136
2321,-0.6596953797705513,-0.7068818670241697,-1250.0969300948288,-1250.6854273349547,0.33989106791918755,2.6019303260557676
2322,-0.6839668145101212,-0.7197746079313676,-1016.9043704623674,-1016.904406927974,0.21409923041531015,1.3208669930308512
2323,-0.6548420944124271,-0.691362723237122,-1419.7768218776446,-1419.7768218776446,0.2731548724992343,2.260279774916328
2324,-0.6235067157386533,-0.6420827128361711,-1711.2907299823246,-1711.2907299823246,0.35127386622338524,2.843243130726675
2325,-0.6227936558804047,-0.6845740713592138,-1863.097838474609,-1867.807284878433,0.4642390496379787,2.9113432221221394
2326,-0.6249262449853161,-0.6763796901442323,-1914.2714490330854,-1917.4604382045106,0.3857762566138329,2.8536570023532146
2327,-0.6616927845368471,-0.6959248497119489,-1087.2246696035247,-1087.2246696035247,0.2695853900976084,2.166222637510557
2328,-0.6684637142530252,-0.7008067808285624,-874.5632003855892,-874.5632003855892,0.24972957809472668,1.9076016607491968
2329,-0.6886750789371191,-0.7365953911827257,-531.7335725498986,-531.7335725498986,0.18745835459235446,1.1463798717197358
2330,-0.6632888492252133,-0.7015594739125094,-1270.3807992861225,-1270.3807992861225,0.27763453678742006,2.126812759917717
2331,-0.6550308243806957,-0.6694766806568234,-1483.8837186327423,-1483.8909464750266,0.2543824947022505,1.9407484898645824
2332,-0.6859885499742652,-0.7355592600809321,-673.7300435413665,-673.7300435413665,0.23101621842329081,1.4719709857509313
2333,-0.6510003126674262,-0.6769753502745763,-1224.2190326860537,-1224.2190326860537,0.3215125955345696,2.585992837979613
2334,-0.663489952781508,-0.7078142467360566,-1193.2580084890164,-1193.2580084890164,0.2423954470651661,1.6895811235956981
2335,-0.6869788087227385,-0.7322624002141014,-626.4048132591671,-626.4048132591671,0.2210940585622273,1.42052784635932
2336,-0.6713536394188119,-0.7117027192397922,-914.2777233953313,-914.2777233953315,0.2892935380221695,2.205006460054259
2337,-0.6761919111795629,-0.7329426932691897,-981.7919912722448,-981.8456650930573,0.2940560657399921,1.80352644378929
2338,-0.6620843360997469,-0.6932583392749065,-1354.1562856892774,-1354.1562856892774,0.28415219815055986,2.3863037149168838
2339,-0.6468646401396517,-0.6662939168580864,-1208.7173100871737,-1208.7173100871737,0.2724715258589415,2.2734684885130347
2340,-0.6677805350577874,-0.6848166854679231,-1204.8816156250966,-1204.8893952206138,0.25980001655091045,1.8290789859856547
2341,-0.669878006551571,-0.7394279748524833,-927.5233444092637,-927.9438935752511,0.23749636881097078,1.2709869931369115
2342,-0.6725196569657117,-0.7027556443240558,-1202.9044496582728,-1202.9044498846704,0.2472716252756232,1.8488840692633102
2343,-0.6506120338218033,-0.6672158653406578,-1246.5116279069757,-1246.5116279069757,0.27964701452932367,2.006909291685212
2344,-0.6557054386393604,-0.677798794124894,-1354.9043736130034,-1354.9044070565672,0.3091295832730872,2.3927985805290026
2345,-0.6433047510405736,-0.6888843224850367,-1527.979083982496,-1529.8125949753426,0.32364607045965954,2.657709317428496
2346,-0.6212547827730877,-0.6767799844218558,-1936.82701019376,-1940.5685177371824,0.4110223444757724,2.894196095460989
2347,-0.6221924429142941,-0.6860692088181473,-1810.6237819706773,-1814.8235535876363,0.4116650681480988,2.777109658874056
2348,-0.6649652183014975,-0.7159226359847028,-1145.4986605988713,-1145.6857836775,0.3114617792617871,2.188802034918048
2349,-0.6563799011872901,-0.7144757728495872,-1171.850821426133,-1171.8854498757712,0.25351492704376155,1.64644671184479
2350,-0.6711425715319134,-0.7010745543610098,-772.886911730275,-772.886911730275,0.20058998254938434,1.357851100074765
2351,-0.6657785884963502,-0.7229225957175835,-1073.5871575688477,-1073.5871575688477,0.2691528646165849,1.7041345549621567
2352,-0.6653742216414645,-0.7096099334185872,-1197.9389514978986,-1197.9389514978986,0.3196712741518019,2.41491021548547
2353,-0.6260823219935765,-0.6774683112421752,-1875.1943257790872,-1878.311946275842,0.38162685931196483,2.8451996373562616
2354,-0.6346142685826845,-0.6573808024493336,-1805.639180721301,-1805.639180721301,0.3655163082840793,2.9129757824913156
2355,-0.6530077995255448,-0.6855184832249155,-1452.3152553173206,-1452.3152553173206,0.34553215639791607,2.8730641361568567
2356,-0.6553155139682614,-0.6909327012582155,-1182.104316546768,-1182.104316546768,0.259282174654008,2.1374999034095765
2357,-0.6588228353764769,-0.685963740821948,-1439.5302702795032,-1439.5302702795032,0.27751089596079626,2.423564317692238
2358,-0.6722238613544278,-0.6837323444716652,-1114.2413751939814,-1114.2413751939841,0.21407206926873457,1.236224858602578
2359,-0.6659624417919873,-0.6807503807867599,-1287.8662076492858,-1287.8788337626404,0.24432211095604853,1.7503681982837562
2360,-0.6608166125313034,-0.7109507432306962,-1213.2147523798549,-1215.1753509377706,0.3540899579803405,2.578284730880373
2361,-0.6721812572570942,-0.6987213288446305,-1215.904411789374,-1215.9044288414643,0.25557571235104143,1.9723676298571877
2362,-0.6318599591392068,-0.7475616723451057,-1124.6288694152872,-1136.4561706376064,0.4006715604269556,1.8901458749386788
2363,-0.6460006760285626,-0.6658896386997638,-1661.6693679092411,-1661.6693679092414,0.2812138128189104,2.5646958435544813
2364,-0.6390677465914205,-0.6546240072103424,-1813.9718978824578,-1813.9718978824578,0.27592832833829173,2.55558311637313
2365,-0.6328011242430993,-0.6465499360130763,-1913.9015772747064,-1913.90270219292,0.3106329725345074,2.8400632227285443
2366,-0.6650000484974201,-0.6767929278937681,-1298.7678247761119,-1298.8084206852595,0.23402258782344115,1.6005642470428498
2367,-0.6335811237406548,-0.6791190410806801,-1712.8934789948903,-1713.4815788160286,0.3692225567616536,2.8811519986591936
2368,-0.6686466305199726,-0.705278359375263,-937.1881796085454,-937.1881796085456,0.29295190818555833,2.3300420439375653
2369,-0.6543684417420692,-0.687244538359475,-1415.292076456474,-1415.292076456474,0.3458074845762082,2.8648580287470726
2370,-0.6399500747992134,-0.669919180193565,-1754.5562438822958,-1754.5562438822958,0.29527419671378885,2.6529614502613486
2371,-0.6904409018813816,-0.7220114481764116,-949.9033449019163,-949.9038164963276,0.24031493551195118,1.4548641685029917
2372,-0.6558917868514048,-0.6900118321434432,-1392.3803698971053,-1392.3803698971053,0.33570483449881633,2.832214802119214
2373,-0.6655888956625009,-0.673415417109303,-1225.135372901764,-1225.3196588100773,0.21155163710448868,1.2448574004787898
2374,-0.6341208054280831,-0.640924976851392,-1765.127616862633,-1765.127616862633,0.27030695211628203,1.9189709759819324
2375,-0.6550079037857799,-0.6811326336632101,-1465.9044499999072,-1465.9044499999532,0.2960186121871873,2.549797018031192
2376,-0.6721743215248338,-0.7146739412528954,-974.8447204968982,-974.8447204968982,0.3003582082448201,2.2340701618486127
2377,-0.6365458438271516,-0.670687823120764,-1764.6261583693356,-1764.8707627511214,0.31712513088047245,2.710232845683136
2378,-0.6847176458186047,-0.7097942641638064,-990.8987673122173,-990.9009215566417,0.25284043555714664,1.5625351234152844
2379,-0.6453406320647351,-0.6706590473666605,-1604.1922442543269,-1604.1922442543269,0.324862919636915,2.885501691972499
2380,-0.689467414912295,-0.7046284157568715,-932.3390096883679,-932.4747690954845,0.18525382363804974,0.8781945771040575
2381,-0.691911432131799,-0.7209338084445616,-939.9009829714458,-939.9023613510919,0.23379573642775,1.3637094616525638
2382,-0.6676371716115878,-0.6946651950920752,-1305.904449280134,-1305.9044496202118,0.2519310699510226,2.0106578278570972
2383,-0.6414767634753101,-0.6642394814386638,-1844.4507803882314,-1844.4507803882314,0.25629196273729793,2.5359342899022534
2384,-0.6732307594190707,-0.724070874040043,-915.4127694184654,-915.4127694184655,0.26346480813501344,1.6663285754638009
2385,-0.6714980475669919,-0.7053908804308,-685.227409096367,-685.227409096367,0.17823841920221253,1.245418292429884
2386,-0.6518884565065775,-0.6604187634745936,-1385.5838263827327,-1385.6722840456014,0.2528874135158857,1.7138254972877582
2387,-0.6246904968557188,-0.6372475251783765,-1911.8886353013131,-1911.8943828032734,0.32439642033670796,2.757771914815392
2388,-0.665152503508994,-0.6757306277018643,-1258.6409976636678,-1258.7137730452766,0.2312864552976589,1.5010152569067676
2389,-0.6602294021017372,-0.6959896578444565,-1343.5266528548354,-1343.5266528548354,0.2851556267089842,2.3025112286860683
2390,-0.6397605404814427,-0.7158747741330823,-1312.2443687647385,-1316.0903485097263,0.3492216567499549,2.210033209002956
2391,-0.6803893481406249,-0.7233073791997863,-763.5739673979671,-763.5739673979671,0.2629382524312142,1.9252235263812327
2392,-0.670187286968332,-0.7234122333829828,-905.6131569538791,-905.6131569538791,0.30726758735048804,2.0888041003863993
2393,-0.6350219061085609,-0.685486218726687,-1663.9927925105587,-1666.7889543779231,0.4137258665234277,2.911138136372389
2394,-0.6179897987845661,-0.6296410160362403,-1512.7459749552813,-1512.7459749552813,0.30286107675652535,2.3356027914681707
2395,-0.6394106325401148,-0.6457103536276985,-1769.551757286944,-1769.6522763740707,0.25591678129966877,1.8257702498071064
2396,-0.6578387480065705,-0.679884323450718,-1046.6237942122236,-1046.6237942122236,0.20520273833712527,1.6428814473631934
2397,-0.654748598740766,-0.6738993961732447,-1385.9033375699787,-1385.9037833399723,0.2950609177416067,2.2215886104246243
2398,-0.6828241924003702,-0.7119054915242794,-923.1772531629069,-923.1772531629073,0.241271442520656,1.4805092940827491
2399,-0.6520850149777058,-0.7195067852897367,-1059.1886499667542,-1059.1886499667542,0.3775334376261363,2.435886748984485
2400,-0.6304282305566657,-0.6425850568332339,-1691.8750122886963,-1691.8852124369628,0.32044735846085176,2.453634461248981
2401,-0.6497186308358776,-0.7447755020891463,-1025.6024156016294,-1029.7686030296288,0.34495234138362424,1.8260603804763167
2402,-0.672229905546128,-0.7121988408087085,-522.5636924483042,-522.5636924483043,0.13875117520863928,0.8679973008051675
2403,-0.6633815681946679,-0.7163229079932044,-1139.898554380625,-1139.898554380625,0.28483989563900103,1.9345342500273368
2404,-0.6517715828734556,-0.673369848420842,-1256.4412934463105,-1256.4412934463107,0.24458556276286794,2.027196939513935
2405,-0.6455091576705406,-0.6556446900283068,-1700.8246858891384,-1700.8504240623233,0.25398139818164284,1.9790864383972566
2406,-0.6778561781405498,-0.6931803455966344,-1152.8175963854421,-1152.844129445871,0.20858010590339696,1.2988274473171344
2407,-0.6894022253146368,-0.7185680916624038,-970.902169650337,-970.9030926856817,0.23177230723365905,1.4006554556362636
2408,-0.6723816461048101,-0.7018243003628545,-681.2820207315635,-681.2820207315635,0.1582890099317161,1.1006068005135692
2409,-0.6629850352733905,-0.6854673826961787,-1078.3917752891516,-1078.3917752891516,0.20033440340615566,1.485104459929454
2410,-0.6809329325882664,-0.7179038706389298,-1046.9575730169013,-1046.9575730169013,0.2466326325070215,1.6466695752375033
2411,-0.6698542751875987,-0.6806381656025994,-1179.5401387644217,-1179.6359157760899,0.21815795033106106,1.3129780168957197
2412,-0.6806423916565195,-0.730947135978176,-966.0336011687414,-966.0336011687414,0.29241688878160205,1.8391403511560662
2413,-0.6608289855461975,-0.6913480229907869,-1368.904449999991,-1368.9044499999973,0.22711683131775662,1.7541637681656348
2414,-0.6747832063368043,-0.710014202043705,-837.4432186891665,-837.4432186891665,0.20912883397124274,1.489535868655496
2415,-0.6539980359293115,-0.7139882845328334,-1227.8111212149977,-1230.04568395463,0.3342397073525689,2.3089315109150097
2416,-0.6728225097141545,-0.7105083830872787,-953.2762733267854,-953.2762733267856,0.28602547812742174,2.166107862614821
2417,-0.6934007415344956,-0.7438115220166039,-523.2361876898843,-523.2361876898843,0.19704432530538774,1.171847032241768
2418,-0.6462971071172471,-0.6612591899120247,-1675.606093113067,-1675.6060931130671,0.2499624859461018,2.3580604039464244
2419,-0.6433397651573929,-0.6973814908622223,-1463.1939011450636,-1465.7048460028832,0.3826735392498657,2.828329386348213
2420,-0.6623209491988079,-0.6825894284565724,-1225.9025194100286,-1225.9032789169898,0.29724935848371764,2.1238630246112287
2421,-0.6657484169012388,-0.6775991726569558,-1206.6882298772423,-1206.7487995670851,0.23752599892550005,1.5262519926107254
2422,-0.6577908643060052,-0.6873575907447441,-1417.21678521833,-1417.21678521833,0.3036680240594627,2.567698942180272
2423,-0.6717418211918168,-0.7032743213874016,-829.3479528753113,-829.3479528753113,0.23483599557305673,1.6882848614202357
2424,-0.6468327091690064,-0.7005992425434341,-1379.533903429305,-1383.2631219515247,0.3084208805884565,2.3073557492028267
2425,-0.6370710931863861,-0.6599928945831068,-1854.7209768330833,-1854.7209768330833,0.3087595216124999,2.9119026945340103
2426,-0.6848849321634317,-0.7053873832482783,-972.8497334445291,-972.8670847280137,0.23138425123527395,1.3210521408362605
2427,-0.6801452211553207,-0.7053925360599406,-1106.9029582597368,-1106.9035505292668,0.22819039730923255,1.5311535558755687
2428,-0.6613733647235212,-0.720936681853255,-1121.2625977243238,-1123.7696280432986,0.30734211852845145,2.0450268354016115
2429,-0.635542746651031,-0.6408920793064941,-1657.33515764259,-1657.4876682781219,0.27086703760070063,1.8407127103663075
2430,-0.6693584926709173,-0.7050896841873975,-1181.022061029083,-1181.022061029083,0.3166393864515231,2.462461412890404
2431,-0.6606947547061961,-0.7028888668451956,-1018.5556670010046,-1018.5556670010046,0.22440724322346628,1.5740396613192975
2432,-0.6781879654749463,-0.6898704857379863,-1035.1447407625299,-1035.3209895464054,0.196651134645962,1.0202671321117094
2433,-0.6442651371463715,-0.6743355396556621,-1615.960979532101,-1615.960979532101,0.35630228564735394,2.9118354004789024
2434,-0.6808457570926416,-0.7153839317402809,-1061.9044317016835,-1061.9044402065224,0.22193226528395296,1.4403308535136714
2435,-0.6708672916372025,-0.6799572786468377,-1230.4068191446975,-1230.5338585992047,0.2035432982235608,1.2274339507700405
2436,-0.6911008925519108,-0.7277507035521497,-926.9043587807248,-926.9044021348626,0.25248928472717624,1.5369374664248407
2437,-0.613139467922626,-0.7098668496766113,-1736.7523679683609,-1736.7523679683609,0.5271577229968192,2.7810109032552157
2438,-0.6702939673252455,-0.7033628133184611,-1208.608271600386,-1208.608271600386,0.2807386572980714,2.2342266521651792
2439,-0.6353222945250632,-0.6563902523971576,-1924.5165976227465,-1924.5165976227465,0.3429721900804081,2.9126207041826775
2440,-0.6429759544881106,-0.6720535464467687,-1640.9345697465264,-1640.9345697465264,0.3544277473428779,2.911991080416993
2441,-0.6426787331968162,-0.6810635354818355,-1441.1707317073265,-1441.1707317073267,0.36895487148407924,2.911174478155772
2442,-0.6445526594278502,-0.6716435549534421,-1681.2949033165096,-1681.2949033165096,0.2927745436739429,2.6043836149491186
2443,-0.6831436591700323,-0.7255483812412954,-993.6590336290147,-993.6590336290147,0.26835452441470514,1.7513504360029457
2444,-0.6399004927312943,-0.6602413861669482,-1857.0044181705048,-1857.0044181705048,0.2764069045889375,2.5492820961300287
2445,-0.6299885182805175,-0.656284320535025,-1757.9976303317574,-1757.9976303317574,0.3838710091102302,2.912920822372543
2446,-0.6392726081967036,-0.685404807131439,-1614.563158053614,-1616.9180021877205,0.4113356654345876,2.9111662241022995
2447,-0.6558984517775774,-0.676463712014107,-1122.2758276493107,-1122.2758276493107,0.21343921559194132,1.7025408121161125
2448,-0.6542751639714329,-0.6661983247009463,-1429.830784816036,-1429.8541578236186,0.25920844967992634,1.8673175516724083
2449,-0.6436814697525947,-0.6482551145070632,-1488.9182122205236,-1489.1616731448696,0.2490636599110497,1.6256333079096081
2450,-0.6603939676637608,-0.6896360456063466,-1388.99223178359,-1388.99223178359,0.29434903997833295,2.4714901334467014
2451,-0.6301926788739048,-0.6797427795656703,-1799.289221097182,-1802.281097403838,0.4239493923201654,2.911139487375773
2452,-0.6831693795504843,-0.7121537350891259,-1053.9040509269962,-1053.9042195023387,0.2319945619558812,1.5209804918169336
2453,-0.6753444986505756,-0.738122706664389,-792.4528301886825,-792.4528301886825,0.30369873980236206,1.8596817743050842
2454,-0.669315296754488,-0.6991132334442866,-919.173714127273,-919.173714127273,0.23428982701360188,1.7479500230556602
2455,-0.6735130889209522,-0.7000822963647017,-1191.9043790570781,-1191.904410359012,0.25421779325203114,1.9275257998936457
2456,-0.6722654555672471,-0.6929631328022489,-1198.9007734435884,-1198.90216808081,0.25036551414008673,1.7883763840112183
2457,-0.6481558375772853,-0.6574280644577509,-1600.7721760512413,-1600.8129150036416,0.25451485787701744,1.86099586512336
2458,-0.6738772819137003,-0.7098794687383579,-1043.8061041292647,-1043.8061041292651,0.2522322699390894,1.7800132363583647
2459,-0.6689096889159124,-0.7248406084331915,-1051.579469978836,-1051.579469978836,0.27512331159805203,1.7416074052403683
2460,-0.6360075264205707,-0.6746723992855302,-1772.5816499211599,-1773.7272241375938,0.27830973512703167,2.498451863619918
2461,-0.6561825517155383,-0.7032975484808927,-1154.9556213017745,-1154.9556213017747,0.3548976805808678,2.658301442929201
2462,-0.6437783955518125,-0.6792398177831969,-1601.0986696139657,-1601.4665072255664,0.37119555346020633,2.9113877829531507
2463,-0.6810336601336571,-0.7225894698752351,-607.3100066859815,-607.3100066859815,0.19144887585182932,1.2323265850197211
2464,-0.6607514936371737,-0.6971579421812771,-1316.2502848605343,-1316.2502848605343,0.3313963287361077,2.711686846190454
2465,-0.680583524126358,-0.7272216324998039,-772.3287671232918,-772.328767123292,0.2687543348035576,1.8935630058151969
2466,-0.660518191156832,-0.7088450526869449,-1201.2541599390497,-1201.2541599390497,0.25327113489347897,1.7773083822882798
2467,-0.6918400358509452,-0.7223510766711553,-946.9014758011842,-946.9026704776095,0.2190557136900387,1.2627340752539171
2468,-0.6651523196140962,-0.7012325899260475,-1259.2552793575826,-1259.2552793575826,0.3131986173315169,2.4897198432414576
2469,-0.6330209672522975,-0.6686792600000779,-1723.1862847585235,-1723.1862847585235,0.38670641088422314,2.9118626959913496
2470,-0.6950409789310826,-0.7507966870587605,-589.2903561216528,-589.2903561216528,0.24361604857066962,1.4309747099692964
2471,-0.6524045727048504,-0.682994083574573,-1275.9095920617442,-1275.9095920617442,0.33718149333786035,2.7844070122721707
2472,-0.6470579165368944,-0.7164533286282333,-1216.016566101239,-1218.8639849166343,0.27716406996832604,1.610886768975881
2473,-0.6897605274456301,-0.7139010462879753,-947.8842653249533,-947.8913055911532,0.2326856300949668,1.3263119386602662
2474,-0.6333318148423531,-0.6709968805432036,-1788.288268120898,-1788.288268120898,0.3905043065472924,2.911960718927579
2475,-0.6613741625733026,-0.7194595565821073,-1106.0085367505824,-1106.0085367505824,0.24697275606627345,1.5532874334049915
2476,-0.6541654745060599,-0.678715777176147,-1508.9044499742172,-1508.9044499867375,0.2859947760337654,2.498440173862532
2477,-0.6504431852787828,-0.6707025005851384,-1322.160883280759,-1322.160883280759,0.23030440186008214,1.9244683820503279
2478,-0.6788122078167688,-0.7004927265217287,-1092.8975616467444,-1092.9000855780507,0.24412182821849734,1.602175448680233
2479,-0.6387620355490118,-0.6530558481465506,-1834.9015774935494,-1834.9026976534353,0.29464051300979194,2.733204367994117
2480,-0.666422886640929,-0.727071809248014,-1007.9599665781424,-1007.9919331939824,0.21296114218747944,1.2069680329438859
2481,-0.6672463227457339,-0.6983546043560063,-935.4155047406584,-935.4155047406585,0.2843762897526083,2.2507554574567905
2482,-0.6716775450689801,-0.7068490355428143,-836.9167429094244,-836.9167429094244,0.2603130939790325,1.9535115495060165
2483,-0.6725140021279536,-0.7093154874938526,-1148.9365724126837,-1148.9365724126837,0.2956189946438487,2.315274115450406
2484,-0.6306889987496513,-0.6974509906078404,-1588.6255597354098,-1592.7141591624404,0.41054725545127213,2.6979761059906955
2485,-0.6406851922981772,-0.6894669114886756,-1547.9219185753227,-1548.8238275342408,0.34868404949793974,2.706568592983674
2486,-0.6627295944091309,-0.676317848753259,-1392.861034479969,-1392.8753543855269,0.23415327005915176,1.7253812078436108
2487,-0.6428052038893891,-0.6773108098205154,-1674.9294350781731,-1675.6285677864105,0.30032669417716035,2.6430726134791134
2488,-0.6393169680469714,-0.7183530951264778,-1328.4334464823535,-1332.4955848588538,0.4257842178280866,2.4534512710888694
2489,-0.6768221902564721,-0.731218136623278,-997.6241307101815,-997.6241307101815,0.31520001759915955,2.013699165294931
2490,-0.6804818659194476,-0.7299586376819107,-982.7362352164786,-982.7362352164787,0.27625254306821406,1.732024006768922
2491,-0.6540712461787794,-0.6746954801844322,-1076.416714367489,-1076.4167143674892,0.22196828316422298,1.7852684365269682
2492,-0.6839448483449053,-0.735485761506687,-941.8071071478363,-941.8753757196463,0.30093310354430863,1.8645210061246815
2493,-0.6397826336786917,-0.6489031692069237,-1781.7884868772167,-1781.8250061475806,0.2652320788064722,2.0118936820194664
2494,-0.6694825301735405,-0.7345378049107316,-954.0836985882739,-954.3630655632495,0.2245431388153887,1.2107495330587152
2495,-0.6355646111593767,-0.6575976603563707,-1886.6896815490556,-1886.6896815490556,0.32606902942836563,2.9125934691299498
2496,-0.6510251075002642,-0.6687543812721124,-1575.9035351247876,-1575.9039057725959,0.2787291111768468,2.3941083767411366
2497,-0.6415784887891149,-0.6939565378023351,-1502.631326525512,-1505.0617366012302,0.3578898277887687,2.70519561025825
2498,-0.6729304607692628,-0.6953025219312878,-882.6523193252891,-882.6523193252892,0.17829176059831303,1.1554618544541277
2499,-0.6760333798278446,-0.6938811152149331,-1067.8515959803187,-1067.8683834809804,0.2436856094190326,1.5118154751268413
2500,-0.6872671772272546,-0.732761568101999,-591.336563123399,-591.3365631233991,0.17831365739449645,1.149892602636845
2501,-0.6808752806586591,-0.7141942206070674,-1068.9044143639162,-1068.9044306580554,0.22407496033526303,1.4712056117483292
2502,-0.6777165654756281,-0.7045229670564044,-1148.9040254146644,-1148.9042024476396,0.22390267493571026,1.5469761626779546
2503,-0.6920250778538299,-0.739400294814325,-627.6170882246166,-627.6170882246166,0.2272269890520972,1.41768093258591
2504,-0.6541064120898781,-0.6712896764121139,-1580.9020836245618,-1580.903008546284,0.25161367753345104,2.18711320346794
2505,-0.6714019691232601,-0.7032117528548484,-1197.1382271515026,-1197.1382271515026,0.27619232880363875,2.1860505484838666
2506,-0.6429196550424723,-0.6613263661012396,-1740.904220884591,-1740.9043180113486,0.28777570682493037,2.744764239000129
2507,-0.6649758958192514,-0.7115182641121848,-1131.8717513892304,-1131.8717513892304,0.20540338389366333,1.3159286095472897
2508,-0.6735511135623151,-0.6923693649201571,-1224.4678948309815,-1224.4678948309815,0.21223019836663107,1.4615950674818028
2509,-0.635049377019179,-0.6397718087900978,-1767.3029869989898,-1767.4641861924126,0.26250622483031444,1.8269345837553894
2510,-0.6331696059223534,-0.6670447782988964,-1846.2151849474446,-1846.215184947445,0.3502289557631214,2.9114141227843993
2511,-0.6771102437008385,-0.7240550692589579,-1024.8729892217514,-1024.8729892217514,0.25465731197020725,1.6170183643275897
2512,-0.6525179370039317,-0.6820090769398433,-1444.063851439805,-1444.063851439805,0.3385662650950786,2.8573519891068595
2513,-0.6580097578324757,-0.6993689848042278,-1126.2798634812307,-1126.2798634812307,0.2966943495250702,2.3754586537940696
2514,-0.6341462784800003,-0.689739515353792,-1614.8535141153825,-1617.7925430828493,0.3683888501849203,2.7094491973898993
2515,-0.6234245328833521,-0.6841228932195015,-1846.0641187052802,-1850.4943761573802,0.4558839507427156,2.9113169684101927
2516,-0.6505439456921946,-0.6612364883995797,-1425.7761610924078,-1425.8151018609176,0.26820652061892813,1.8692476030461849
2517,-0.6936134329964773,-0.7091317931728598,-929.4027642009046,-929.5259793048011,0.17317519895577682,0.8181934375562273
2518,-0.667024068320146,-0.6771114675688334,-1194.4687222380824,-1194.5809307339641,0.22216691908414257,1.3411540079888074
2519,-0.6248776234169368,-0.6737830334326073,-1920.2511188048504,-1923.031817251502,0.3628117079397677,2.817526047880269
2520,-0.690717735000456,-0.7401079854948392,-658.9971239214706,-658.9971239214707,0.24902773154794727,1.57779230584043
2521,-0.6422227868713865,-0.6789250104465867,-1487.0201908142897,-1487.0201908142897,0.3391254546254352,2.8911269764555456
2522,-0.6371257324246811,-0.665689402618925,-1747.2564789864944,-1747.2564789864944,0.3653235894526571,2.912410545039003
2523,-0.65362146269864,-0.703663349550706,-1250.888099467143,-1250.888099467143,0.3351472402286061,2.488659981801768
2524,-0.6472294327411633,-0.6540896722320413,-1499.4810996014826,-1499.5963539776992,0.2544577091830694,1.7443999531985706
2525,-0.6351090791245574,-0.6590499495001798,-1837.468489275081,-1837.468489275081,0.3580889067626527,2.9128134966116006
2526,-0.6790252324881687,-0.7090900724592332,-1078.9044394497607,-1078.9044461605322,0.2651098298629623,1.9119663532756308
2527,-0.6633018689386827,-0.6832529723564533,-1125.6007689843027,-1125.6007689843027,0.21719309106861212,1.5690681069894807
2528,-0.6361844754481485,-0.6840127350719779,-1653.7806294479767,-1656.1166251314398,0.3597822685732455,2.7797685819324394
2529,-0.6348304109639217,-0.6868333696275688,-1656.0127750913252,-1658.8200862113488,0.38306123894108474,2.8699806949945907
2530,-0.6622651601781661,-0.6971825916985782,-1312.3702727138339,-1312.3702727138339,0.3139355520333288,2.5415238469346364
2531,-0.6500678911454133,-0.6726203864760333,-1595.9044494622367,-1595.904449716714,0.2924211806088103,2.6599219036156843
2532,-0.6722301763353037,-0.6974466470133257,-1171.9042561610788,-1171.9043396866343,0.2724614818896275,2.0261480624122727
2533,-0.6681409208497925,-0.7127032041033814,-1117.8027813405538,-1117.8027813405538,0.21805935324763087,1.4097836411703881
2534,-0.6943685585156071,-0.7486204103684325,-557.9583613163201,-557.9583613163201,0.21559384932449444,1.23686971855709
2535,-0.6893861366951682,-0.7107355654272784,-983.3150984682716,-983.3150984682716,0.20786845469373438,1.1660051832707594
2536,-0.6639186470820863,-0.6992595493344778,-1274.2409383990052,-1274.2409383990052,0.3219095094889978,2.6079452497845326
2537,-0.6685162340475794,-0.6950903134535893,-1217.9044353393854,-1217.9044420922792,0.28594384140820933,2.21160919876029
2538,-0.6863521585870312,-0.7248694951724284,-956.903751429842,-956.9040597952579,0.18453748547832022,1.0444485677704274
2539,-0.6508889670279311,-0.6828860218765542,-1533.863967594756,-1533.863967594756,0.2815007808573362,2.5381964150336076
2540,-0.6904504069455067,-0.7263146571227816,-934.9009243283012,-934.9023935415394,0.1817767999805542,0.9861441730525257
2541,-0.6553204051831175,-0.6738284840471633,-1565.9040349273632,-1565.9042074060364,0.2556643879875239,2.274131034193614
2542,-0.6773979293385696,-0.6992436237972816,-1188.898407457578,-1188.9006368207893,0.19975727077120822,1.3265812935454748
2543,-0.6855072455377392,-0.7037831664119039,-970.7676190647271,-970.8071923760984,0.21622813973757884,1.1719556007419814
2544,-0.6581986400473301,-0.7460915502865227,-977.9358625413915,-981.7197628576027,0.3265466947256177,1.824591441622241
2545,-0.6339845760728466,-0.6793531859280554,-1730.06432804601,-1730.06432804601,0.2948361462784308,2.4543454412179164
2546,-0.6771460212362671,-0.7113572967512098,-1106.9127322895574,-1106.9127322895574,0.25862677544835844,1.8601802471610698
2547,-0.6876990547553772,-0.7131107309780592,-1026.894679846406,-1026.8982257780501,0.19263190851240686,1.1243214451128791
2548,-0.6845282148255185,-0.7005130998443662,-1023.7119823544577,-1023.7656505255472,0.20301898594019976,1.1253586692713344
2549,-0.6529744601409421,-0.6843532019634484,-1481.5799377147578,-1481.5799377147578,0.3123629243124295,2.6624288716618367
2550,-0.6819234059749958,-0.7256749165531409,-982.1159795241283,-982.1487440292148,0.2173654815326274,1.2851308432910127
2551,-0.635360345877891,-0.6561824974316126,-1822.90444998465,-1822.9044499920685,0.33267033968035825,2.9127122481665015
2552,-0.6574005223041404,-0.6704389285075202,-1412.857468044621,-1412.8728833440357,0.2527853400226317,1.869978192634477
2553,-0.6222902645794592,-0.7572748558917037,-1139.5462024454475,-1167.3005571407073,0.4761120685910057,2.39382325259998
2554,-0.6735750637900431,-0.7165326234611127,-856.562235393737,-856.562235393737,0.2462472669485731,1.7774694674018843
2555,-0.6874387698911314,-0.7256809168268351,-960.1080759364572,-960.1080759364572,0.2662937269080343,1.7157418733141228
2556,-0.6501011867744104,-0.7302953261095334,-1152.8060547849996,-1156.421036407635,0.38827024605815974,2.2997187943354924
2557,-0.6710258760964987,-0.7314414055442573,-973.810164157706,-973.9525664143604,0.23004972245716346,1.2900543249735705
2558,-0.6722402536928348,-0.700431587271189,-1181.9044458333126,-1181.904448538247,0.2757606668318568,2.1219198688489342
2559,-0.6572781545240242,-0.6859651342604772,-1312.78713629403,-1312.7871362940307,0.2755047619240433,2.3091196003926946
2560,-0.6521061912352136,-0.689888070957468,-1447.9003030773774,-1447.9003030773774,0.26289673404516556,2.222684610648338
2561,-0.6393404413330985,-0.6610721051398414,-1419.760137064538,-1419.760137064538,0.34360822354817655,2.619554161351835
2562,-0.6395130229224031,-0.6713807814159954,-1701.0484479817849,-1701.0484479817849,0.3638296926744907,2.9118813476550467
2563,-0.6373098355124609,-0.6686722213182434,-1735.587217278463,-1735.587217278463,0.38165414272907733,2.912406819585669
2564,-0.6232089684167357,-0.6364869923348693,-1790.8936662620486,-1790.8976462023868,0.3402067082031504,2.7364009842252126
2565,-0.6525100981331623,-0.6677449829477452,-1073.447692679392,-1073.447692679392,0.2188334172264424,1.4981692861460958
2566,-0.6467445863729712,-0.6644808950470417,-1431.9022891131244,-1431.9031347115147,0.3165480954076667,2.3756271646915796
2567,-0.6691975750715502,-0.7286999324310837,-1043.7861958442147,-1045.81574711678,0.3283541582070048,2.106047299170724
2568,-0.6429209190785167,-0.6604138344468853,-1702.903968661773,-1702.904167936849,0.2942939449982767,2.713307385843608
2569,-0.6300025690283293,-0.6486254975355363,-1844.9044486123184,-1844.9044492613648,0.35155059060745847,2.912877793629803
2570,-0.6838855853365133,-0.6994631935783447,-1048.718507472727,-1048.7707153512763,0.2008886793464601,1.1374328286601625
2571,-0.6635701839827176,-0.7078415309143985,-1213.166231049134,-1213.166231049134,0.2847625476676269,2.0951532196274707
2572,-0.6893495311751193,-0.7300179900486248,-936.1718020146102,-936.1980351844492,0.2570824046174791,1.5773969358417517
2573,-0.6588393303370215,-0.6970331725207517,-1217.283513369933,-1217.2835133699332,0.3236149578442624,2.6012895209326246
2574,-0.6550222971551902,-0.7276881807759016,-1124.1824151400237,-1127.324155600782,0.3356180556127118,2.1725513947296027
2575,-0.6758070309426899,-0.7156673231211732,-1087.8923838256967,-1087.8923838256967,0.29038519021744486,2.1295974062472802
2576,-0.6459847962450549,-0.7250304916980808,-1159.5058966695697,-1163.2812150053282,0.2899739691438532,1.555051615380242
2577,-0.6381389375073434,-0.6872743148420684,-1602.7949166435887,-1605.2560097181392,0.385358021978677,2.9110784118450947
2578,-0.6455143499120798,-0.6700650329843852,-1477.9044499950335,-1477.9044499974702,0.34029707833195244,2.8233845283316232
2579,-0.6765277659720415,-0.7001448650145378,-1063.901591697194,-1063.902703655223,0.2739564620442332,1.8690797989273125
2580,-0.6519667190100709,-0.677032020352685,-1546.2933762644232,-1546.2933762644232,0.3022254270201625,2.6887475326937293
2581,-0.6545718113580911,-0.677283672897767,-1331.9044127209834,-1331.9044294668624,0.32505157892982556,2.5094485277276766
2582,-0.6405522994618074,-0.6609766566513073,-1512.9043950726727,-1512.9044192384995,0.3411119719457352,2.7287474210790394
2583,-0.6711993034753243,-0.6925637380709996,-1216.9024074437807,-1216.9032043849393,0.2530351934384177,1.8395873288504077
2584,-0.6710414408406101,-0.713574846143051,-904.7511821661805,-904.7511821661805,0.21198938350477925,1.3879246536490835
2585,-0.6186855587096894,-0.7077915690060814,-1635.0005512361913,-1635.0005512361913,0.47431769225915976,2.691462117838567
2586,-0.6332353534949087,-0.7526674509396936,-1082.0132382017835,-1096.3526850744474,0.410250007785938,1.9322063009394013
2587,-0.6468497783463825,-0.6774019701024209,-1338.3780696744761,-1338.3780696744764,0.3459084945547873,2.8481042738796662
2588,-0.6619963117584488,-0.68158586058214,-1295.902871331964,-1295.9034954632898,0.283203990706815,2.0961084047698377
2589,-0.6847486769034019,-0.7283222622828545,-660.9165808444908,-660.9165808444908,0.21142979083275948,1.409105776336375
2590,-0.6543775363226765,-0.6785565147303931,-1420.904449485012,-1420.9044497298996,0.31257689136951244,2.680882705968722
2591,-0.6809511081912972,-0.7220827702640342,-613.3845806014027,-613.3845806014028,0.1916937614993506,1.2439261483316006
2592,-0.6696280226929314,-0.7074800167490233,-1180.0891980319739,-1180.0891980319739,0.3119006826417025,2.4022202937595782
2593,-0.668201223185748,-0.7187969965808464,-1042.9507401116248,-1042.9507401116248,0.25101439801214764,1.6100137986252445
2594,-0.6917612857129002,-0.7098987626996937,-926.6724889387355,-926.7356548633023,0.19537824554231822,0.9720680776639294
2595,-0.6691090330542951,-0.6935099495289506,-886.1807856128722,-886.1807856128725,0.2173202860093087,1.4486496923189893
2596,-0.6620737123330266,-0.6896121951518991,-1373.0171489578256,-1373.0171489578256,0.28404901125132226,2.372070845269898
2597,-0.6273317606380291,-0.7098675539119965,-1500.8184009207273,-1505.8712465747446,0.4398410123995768,2.5862674140856114
2598,-0.6494362160901452,-0.6550907543980052,-1441.176781186367,-1441.3604841545728,0.24074348994163966,1.6025292644599398
2599,-0.635638979587637,-0.695985419451828,-1562.2434203145224,-1565.7160857893891,0.4226516632526603,2.879977683088174
2600,-0.6394358739653198,-0.6598772905501895,-1683.9044447948286,-1683.9044471846407,0.3236798002086382,2.8887494844384407
2601,-0.6725364170920992,-0.7096566561786065,-1144.384237397264,-1144.384237397264,0.23871798388117504,1.6537930145039832
2602,-0.6555840277114101,-0.681264291091321,-1127.9367553724524,-1127.936755372453,0.3102125553646185,2.4073600260980563
2603,-0.6549861440940927,-0.6725892329935569,-1107.1180153025734,-1107.1180153025734,0.25132305274238415,1.7702975238509633
2604,-0.6332607671648215,-0.656288530322865,-1880.9217126186786,-1880.9217126186786,0.3695252751883252,2.912984050906016
2605,-0.642408283032025,-0.7156707355518218,-1319.1292759536893,-1322.8337475292856,0.39822505849956114,2.4309686969548174
2606,-0.6676119593869886,-0.6987726248988289,-823.3256351039286,-823.3256351039286,0.22711971979539844,1.67206666703533
2607,-0.6422391262743962,-0.7071278221181507,-1385.1058251120248,-1388.2896446749512,0.37278722176404244,2.531796662955143
2608,-0.6655376751909613,-0.7188834495333694,-1123.466920665665,-1125.032532152218,0.3283984601658795,2.2649088933435113
2609,-0.6935693670960351,-0.7231245567181872,-925.8990078249583,-925.9011586645407,0.22718862516923496,1.2925978475877145
2610,-0.6800353884406488,-0.7117662382146948,-793.843766166584,-793.843766166584,0.21112027085245422,1.3575222882117093
2611,-0.6664356656107691,-0.7008622467681521,-956.1586638830908,-956.1586638830908,0.293088832191142,2.3634259856016633
2612,-0.6730886791809817,-0.690361641016747,-1141.8687158314267,-1141.8804404355171,0.24721371836402906,1.6366920559850688
2613,-0.6698954877157828,-0.7070868992529957,-1187.0192714348877,-1187.0192714348877,0.26984691967547936,2.0005994492415313
2614,-0.6248017281490749,-0.747899966137765,-1231.8495125869397,-1255.8191562151774,0.49919916533316855,2.3932444728305966
2615,-0.6740413349647753,-0.7117211622807594,-838.0194760663844,-838.0194760663845,0.24539780401347416,1.8408299585733687
2616,-0.6525757093882397,-0.6861019168540807,-1485.789655687314,-1485.789655687314,0.30155929711370966,2.5985054443542444
2617,-0.675111641350417,-0.7250885260172252,-839.4726638231883,-839.4726638231883,0.24908686817648365,1.5997363303544148
2618,-0.6768280067478811,-0.7254514359432078,-1023.8141113650152,-1023.8141113650152,0.27535912807835444,1.7701301337584796
2619,-0.6835008204419389,-0.7036272363977623,-1104.8735356056277,-1104.883798388274,0.18457975572121849,1.0989092990036884
2620,-0.6355981373842017,-0.6513637304413984,-1761.9026777065885,-1761.903381911958,0.31791683147666516,2.773085380961003
2621,-0.6540467796076275,-0.6826924760444093,-1414.9015354446415,-1414.9015354446415,0.3342782223140362,2.82973171484187
2622,-0.6628242042227905,-0.7000741962874778,-1123.8010260985966,-1123.8010260985966,0.2464241285390331,1.783402477045263
2623,-0.6345801096332577,-0.6600436508334347,-1866.7695160903693,-1866.7946715171695,0.360352805037302,2.9123391025679197
2624,-0.645744275567698,-0.6528252001300409,-1563.5579400904357,-1563.655179843912,0.2567548584480243,1.7832239490326622
2625,-0.6838502795297382,-0.7107756155226675,-1006.9027096274328,-1006.903417981467,0.2596858609897554,1.653146377792022
2626,-0.6450968979389098,-0.690691145592096,-1485.9209239261318,-1485.9209239261318,0.2541499707357703,2.027564798487874
2627,-0.6798095897829521,-0.7293508487998834,-735.288824905525,-735.2888249055251,0.22308292031905752,1.4493271526392726
2628,-0.6722141564621161,-0.6822518144156394,-1119.1946153033566,-1119.3635047664693,0.2051627737447241,1.1328905666308586
2629,-0.6562640274064083,-0.68492085217095,-1383.543012580754,-1383.5430125807545,0.30385981034351156,2.550042886289434
2630,-0.6375828482356323,-0.6905035629642996,-1564.0454310486923,-1566.5620355776489,0.3430408367805094,2.6588716687739944
2631,-0.662965172992442,-0.6898718787575073,-1031.2048540884139,-1031.2048540884139,0.24726973922715179,1.955118320066188
2632,-0.6631864963068044,-0.6997176648375979,-1277.2171271524994,-1277.2171271524994,0.32926358395539074,2.6738092758214274
2633,-0.6575241499559548,-0.7013134966549041,-1310.0108176285162,-1310.0108176285162,0.3146710327557446,2.4875090589859994
2634,-0.6529647493277553,-0.6799105869166785,-1514.812032771324,-1514.812032771324,0.2975249544327978,2.5996042718256196
2635,-0.6797316755606183,-0.7117875470221573,-1062.9044498198684,-1062.9044499394918,0.2703420939395452,1.951281693972057
2636,-0.6534074188893306,-0.6833685826530501,-1499.5573379384614,-1499.5573379384614,0.3012044272006772,2.617960356620287
2637,-0.6943031057796407,-0.7468659452084626,-525.4364089775563,-525.4364089775563,0.19844936167247543,1.1216806797326984
2638,-0.6892135787478856,-0.7060779162325231,-1014.7338397611593,-1014.7821382786833,0.18350349178112418,0.9887795255447865
2639,-0.6465990310348813,-0.7292309113051096,-1141.0024055844126,-1144.9602716725963,0.3149543534267143,1.6881386200145776
2640,-0.6626448257762039,-0.6729570784239401,-1273.6417943754757,-1273.7145055938063,0.23674298992662673,1.5631740045220617
2641,-0.6395776727959369,-0.6523671044377491,-1642.0529801324549,-1642.052980132455,0.2624429661847043,2.0806408625896355
2642,-0.637755733706738,-0.6619325405105455,-1864.7647139771948,-1864.7647139771948,0.27035879376701044,2.5413165112790783
2643,-0.6275415372044206,-0.7126060702320327,-1518.8489441261813,-1518.8489441261813,0.48608646359096763,2.6829305783364568
2644,-0.6655294206595022,-0.7179893699459079,-1125.4854556141302,-1125.8545074957435,0.3025018634298591,2.0722955493677304
2645,-0.6670857432365377,-0.7001386523096478,-1240.9044499037252,-1240.9044499680708,0.21470422403043976,1.531950575140216
2646,-0.6790826339223843,-0.7299580587920552,-766.6115702479352,-766.6115702479352,0.25457896226096066,1.672738795020793
2647,-0.6613377536740496,-0.6857475036729356,-1247.9044205797643,-1247.904433966944,0.3144010403792288,2.339455709553404
2648,-0.676624103140369,-0.7215010564267421,-1032.6592782623877,-1032.6592782623877,0.22925696861652603,1.415305110099759
2649,-0.611303553132432,-0.7080138075851499,-1783.8789429540734,-1783.8789429540734,0.5343636141306422,2.7887233127327113
2650,-0.6546445780830137,-0.6776606398331202,-1375.9044409009782,-1375.9044450565611,0.3166175593835609,2.5670137992792443
2651,-0.6732169928730959,-0.7148763763158845,-1112.9856288440599,-1112.9856288440599,0.2932028763976385,2.134661602619222
2652,-0.6720974940209551,-0.7084182132981207,-857.9498646581177,-857.9498646581177,0.27298757746320534,2.10690784360356
2653,-0.6190325633549875,-0.6827075071210544,-1879.3410088852697,-1883.623772013635,0.3961089147678705,2.7200319473972603
2654,-0.6378285513952934,-0.6596394160169302,-1824.2602513789332,-1824.2602513789332,0.3190055256520446,2.912230437968751
2655,-0.6382498260585435,-0.6952895632499575,-1543.7405385753016,-1546.7603164989532,0.40685406482710856,2.8737257792503317
2656,-0.6623847365765334,-0.7103395329147428,-1047.9873439971875,-1047.9873439971877,0.3361702644196474,2.5957250448771787
2657,-0.6668295000541575,-0.6881572420893088,-1371.9041200050813,-1371.9042573937472,0.22747188948849906,1.7685885304317435
2658,-0.6489034885595549,-0.6991853328765073,-1270.6598984771604,-1270.6598984771604,0.3801192984149608,2.8292763555973934
2659,-0.6452546631846686,-0.6631554672966695,-1529.9032687116833,-1529.9037425591696,0.3092293523376635,2.5205949752640073
2660,-0.6480429948351965,-0.6926152347391268,-1457.1183137876158,-1458.162447596431,0.36321818400779643,2.9025970181855287
2661,-0.6874530849694753,-0.734310198501853,-926.5938950701399,-926.647544639956,0.26069269358342306,1.5562289706048913
2662,-0.6265662797109274,-0.6392330127853726,-1474.6955647413702,-1474.6955647413704,0.3062285367614208,2.2375093866949447
2663,-0.6478402338521262,-0.653290231505225,-1397.926541018284,-1398.1640238869488,0.24397279518938897,1.5550837515922067
2664,-0.6764852848963839,-0.7144190174863978,-771.551724137933,-771.551724137933,0.24815983813306344,1.8177820534209415
2665,-0.6404557462925626,-0.646774724977717,-1806.5682507166705,-1806.6651406246847,0.24841577743214052,1.8194335788110694
2666,-0.6556162736623199,-0.68974006198168,-1177.964804896711,-1177.964804896711,0.3198328569803521,2.6747175001423176
2667,-0.6401569768140408,-0.6901153730723926,-1555.1846728676292,-1557.6028592488842,0.37582499679356457,2.8749205909471915
2668,-0.658494008715796,-0.7013602057075528,-1300.319017666112,-1300.319017666112,0.2907893457205061,2.261969665047666
2669,-0.6690465194562105,-0.6986147151018125,-1067.4958289094493,-1067.4958289094493,0.2586724530839611,1.9399993580376669
2670,-0.662710040015828,-0.6823767783638108,-1289.902837080353,-1289.9034740921459,0.281269710160412,2.079719648491458
2671,-0.6440559496171476,-0.6741155019678294,-1598.9491768337357,-1598.9491768337357,0.35720829151411926,2.9119821947841524
2672,-0.6596492243369751,-0.6818008371223245,-1478.9044442319444,-1478.9044468705074,0.2573438284047234,2.2351617844144496
2673,-0.6566454779423617,-0.6869399614984263,-1091.4307097418036,-1091.4307097418036,0.3087248807972133,2.636971774065468
2674,-0.6547583595014896,-0.6870330496523575,-1379.6062594649238,-1379.6062594649238,0.2515828810710278,2.0705257290398946
2675,-0.6738298166795057,-0.7143991584386242,-956.4544222953397,-956.4544222953397,0.24045706671149802,1.6253187050805593
2676,-0.6606827677781905,-0.676485248334374,-1259.880925845208,-1259.8889517940609,0.27662947080255723,1.9297477072224787
2677,-0.6882048946671183,-0.7038198477558935,-952.4970404897647,-952.5998229497535,0.1914382431412002,0.9477425784007424
2678,-0.6594038659893564,-0.7200247115519842,-1150.0068574157922,-1152.2450148979847,0.3337052591617572,2.2602937869854434
2679,-0.685406341291116,-0.7320915156482657,-715.5334817605756,-715.5334817605756,0.21045278978346796,1.2903894725545686
2680,-0.6536823440756403,-0.6736755988879511,-1034.20862442785,-1034.20862442785,0.23645975407609002,1.8449762308759652
2681,-0.6607475192807567,-0.6893508194993433,-970.4925650557627,-970.4925650557628,0.26845302650541,2.2040885864101307
2682,-0.668616826223021,-0.7303783542117585,-1038.9286803482983,-1041.1241062106913,0.33393577793189444,2.1116503583385566
2683,-0.6439072436073756,-0.6813842506594173,-1380.6451612903227,-1380.645161290323,0.2802022731621438,2.409923072778265
2684,-0.6303180756977032,-0.6417539647345148,-1716.940671908509,-1716.940671908509,0.2879854266502231,2.203110346243183
2685,-0.6408735585267726,-0.7180178590069596,-1306.6311694681508,-1310.550420859885,0.3939623610429279,2.3259412345742496
2686,-0.6764312960748524,-0.6937832572235275,-1186.871174641228,-1186.8822011500936,0.21156644509143885,1.3742562957787852
2687,-0.668916097426601,-0.6978708751279796,-1260.9044499856498,-1260.9044499953368,0.26563547198635085,2.139724563771897
2688,-0.6836136566478836,-0.7225041911078325,-1004.3677168565945,-1004.3677168565945,0.265250534550987,1.7667036798258733
2689,-0.6413531761728267,-0.7295788608276412,-1056.2207183758487,-1056.2207183758487,0.4169792003184662,2.325838869841672
2690,-0.6571253635977315,-0.686777134769932,-1446.342407138232,-1446.342407138232,0.2860117302521528,2.5190145846025627
2691,-0.6314894190027606,-0.7365830379322902,-1273.1425383747865,-1279.486260511632,0.47684099214332304,2.3251917138504576
2692,-0.6536531605660146,-0.6697669206948573,-1379.894028241012,-1379.8977915058551,0.2874145728965526,2.0954228781827586
2693,-0.6622418237055789,-0.7255837693612858,-1092.1714593400618,-1094.515651259304,0.3200924466260753,2.0573536504554464
2694,-0.6610211232652281,-0.6773835615985578,-1307.8912269162083,-1307.8959189448228,0.27013330278953623,1.9631101027895241
2695,-0.6832081027022769,-0.7101520633095062,-994.9025782962293,-994.9033412382151,0.2689616110331525,1.7281299071132523
2696,-0.6632147497076076,-0.688914024646596,-1115.9347553324988,-1115.9347553324988,0.28453457810256805,2.1725815505621475
2697,-0.6431284720840087,-0.6575888179837039,-1853.9034643643415,-1853.9038638032941,0.2660729216465209,2.501487025486476
2698,-0.6518779981524314,-0.6725574695273816,-1387.9042432337817,-1387.9043313047964,0.31732002953287763,2.4764389603490407
2699,-0.622215312728997,-0.7684657687197433,-1060.1600856598056,-1094.9339309133313,0.5260684896054101,2.6619661989210144
2700,-0.6462555902043211,-0.7046426102181732,-1363.2101825762682,-1365.6792806130425,0.35420647594495863,2.570078618566275
2701,-0.6479305735403017,-0.678959931210345,-1605.8683377271516,-1605.8683377271516,0.2615316934665757,2.3686751497070864
2702,-0.660450080638094,-0.6673682751375059,-1404.3968534349854,-1404.5298661088805,0.21687838445585056,1.4535433024181512
2703,-0.6789590234069649,-0.7342651046322416,-966.8852861879492,-966.9496948816551,0.29758910450732307,1.8272058786025365
2704,-0.6411352234486003,-0.6630824784510803,-1572.899903443841,-1572.899903443841,0.3062905687279865,2.705681433649037
2705,-0.667783229340739,-0.6850416792050603,-1191.8821076769675,-1191.8897259192072,0.2626884858210597,1.8446656792897131
2706,-0.6760946159057929,-0.7029486455812369,-983.898209661076,-983.898209661076,0.2729973631591166,1.813491246190051
2707,-0.6886679056250307,-0.7380309477122484,-488.5187388459254,-488.51873884592544,0.16730921535606905,0.9387757216166172
2708,-0.6393128514387175,-0.7615665462229189,-979.788006819116,-994.3811537949332,0.40550142062923633,1.9423402906057436
2709,-0.6971942433682875,-0.7521546866613831,-481.0956338522779,-481.09563385227796,0.1973483200132962,1.0693231690868399
2710,-0.6484753943739048,-0.6705880906262432,-1458.9044375295364,-1458.9044431901018,0.3238847543438675,2.687072884771928
2711,-0.6596194602518302,-0.6818916599668643,-1383.9043836191272,-1383.9044125906357,0.28224826328785413,2.2949697746333846
2712,-0.6419473103000906,-0.7069471840030184,-1377.1065176881355,-1380.0398960748998,0.3410896603209071,2.3104466219834947
2713,-0.637108850126047,-0.7122766474785349,-1228.9696366351427,-1228.9696366351427,0.43484401017841184,2.6551563394622817
2714,-0.6876035117722953,-0.7164012596951864,-998.9023300224458,-998.9031823830867,0.22358154321856677,1.3644262459575467
2715,-0.672712657015407,-0.6977054509245085,-1237.9042294632654,-1237.904322381301,0.22860448180667625,1.6768115040940175
2716,-0.6354275118513969,-0.6923768574835993,-1593.9947784067801,-1597.0740481437458,0.3944983406774449,2.8153775382119237
2717,-0.6501571519705135,-0.6582265241046201,-1430.563428130228,-1430.6575545545363,0.2536201616700382,1.724398256011824
2718,-0.6276456754902129,-0.7074616842746535,-1322.9594832648288,-1322.9594832648288,0.40955782396715773,2.514844367770917
2719,-0.6462028217985246,-0.6673882953523518,-1212.0853080568759,-1212.0853080568759,0.29364959831194115,2.4386688631687767
2720,-0.6628100384813594,-0.6810370764167832,-1335.9006521242916,-1335.9020919787567,0.2634103298008943,1.9817328601772952
2721,-0.6781945671009305,-0.7029896599209712,-1156.902836754861,-1156.9034724094754,0.21148913299092134,1.4232193087029712
2722,-0.6691898182875796,-0.6850475025258463,-1225.8675272379028,-1225.879692081844,0.24390401773352308,1.6884550949357522
2723,-0.6342568760359727,-0.7129786307239447,-1368.0346233425319,-1372.2230210217203,0.33884152963024117,1.9922652141950428
2724,-0.6534654420542781,-0.6753700728189238,-987.1314927468409,-987.1314927468409,0.233574630650146,1.8095767663766074
2725,-0.670691770591859,-0.7081883013796947,-904.8796356538738,-904.879635653874,0.28166808138086885,2.2129770876022334
2726,-0.6581706221108846,-0.6737862507021963,-1435.8910770581128,-1435.8958491485791,0.25287034900642946,1.9407809365471693
2727,-0.6315728882938544,-0.6924533155052386,-1425.6607929515449,-1425.6607929515449,0.3800672514383322,2.693734579618671
2728,-0.6530192912402297,-0.6781200200569033,-1392.9044499851718,-1392.9044499924169,0.3278248747349758,2.709593550494735
2729,-0.636564216484682,-0.6439323243670566,-1845.6811283816255,-1845.7477188684527,0.263602832257823,1.9561407306321028
2730,-0.6324694359268188,-0.6663322841739439,-1885.2560741976138,-1885.3915443755498,0.324055836218144,2.710308467695529
2731,-0.6654867470588357,-0.689907380037483,-1044.9964846496416,-1044.9964846496416,0.269714179459256,1.9665356409138088
2732,-0.6864841601276392,-0.7333289006801733,-937.6621347915129,-937.6808637295859,0.2720324309376587,1.6618895779256204
2733,-0.6271588673796393,-0.7110113778506943,-1308.1725312145354,-1308.1725312145354,0.44588629485627895,2.5683041405289004
2734,-0.6581729267383088,-0.7031480920641957,-1287.0501478530941,-1287.0501478530941,0.3036901954539725,2.3124576797082166
2735,-0.6527916839360961,-0.6716316380811193,-1422.9036471673212,-1422.903972906411,0.3006760226526227,2.3048424216668866
2736,-0.6799581193289984,-0.7152650603372886,-1034.33503741303,-1034.33503741303,0.29420888899805714,2.1031884092741313
2737,-0.6433617828979683,-0.6606688306777235,-1550.9028174803068,-1550.9034644397584,0.3117623552139085,2.533565998131387
2738,-0.6718969338075969,-0.685711417688719,-1218.8078500632564,-1218.8372557083533,0.2221793721252901,1.4589606369600998
2739,-0.6834561676775658,-0.7043028359925761,-1103.8807047430987,-1103.8887384786142,0.18521843608221789,1.109255288672204
2740,-0.6284414315270737,-0.6458516633718135,-1394.7551636110463,-1394.7551636110466,0.31099422965986273,2.6394097035158293
2741,-0.6725743832670187,-0.7196565317623066,-1087.0988589712977,-1087.2544921980464,0.32076659112731293,2.297382961919851
2742,-0.6336183019260465,-0.7028363139512641,-1504.9378531150621,-1509.036250900922,0.4066414045552004,2.6555957289666936
2743,-0.6727450519017089,-0.6996004930261446,-1116.9043789896184,-1116.904410873329,0.29434060814984525,2.1264845334265696
2744,-0.6522994051371558,-0.6832654001243428,-1492.4281303504542,-1492.4281303504542,0.3284675084206288,2.8437323281302938
2745,-0.6868370360362527,-0.711065338930635,-996.8949663524033,-996.898424820981,0.2325407531516319,1.4013952596666368
2746,-0.6673306068219242,-0.6966911834507773,-1209.9492203165173,-1209.9492203165173,0.30635444016008667,2.44290131682692
2747,-0.6417751408738288,-0.6707416751550044,-1762.820659989641,-1762.820659989641,0.2593250157157328,2.5569681362156533
2748,-0.6874370402633692,-0.7275145900696848,-539.771454178804,-539.771454178804,0.15656519354683,0.896200041633143
2749,-0.684231499406365,-0.7237939230578402,-996.2411024097566,-996.2411024097568,0.2522063518944303,1.6249176724478425
2750,-0.673609045132067,-0.7178331106801555,-930.0699300699317,-930.0699300699317,0.2989605096673822,2.174893842766359
2751,-0.6276435178943932,-0.6419251548375258,-1289.3854748603376,-1289.3854748603376,0.2749217701695381,2.3715313589351155
2752,-0.6216662335846017,-0.6281399307026968,-1762.5417086057314,-1762.645200343993,0.3070191034848427,2.1307406315677135
2753,-0.6518714982836931,-0.7052473024141317,-1139.4618834080732,-1139.4618834080732,0.3327905853482126,2.5332236002650346
2754,-0.6267236819204831,-0.7689436726890448,-982.132798121858,-1005.3077067355398,0.4423726539057002,2.2569599163439524
2755,-0.6344878313320745,-0.6580191123985791,-1819.7543870210786,-1819.7543870210786,0.3660779349272501,2.9129507689949428
2756,-0.6693072931495203,-0.7462607312308536,-937.5225085412279,-940.5330558899436,0.32634828966336765,1.71495554652693
2757,-0.6403347006681864,-0.6622993993913542,-1797.3427235317042,-1797.3427235317042,0.2988435642081332,2.862047611920611
2758,-0.6395314942098346,-0.6696820401779201,-1685.8889379526413,-1686.1582021902614,0.3719527449203499,2.912274383384387
2759,-0.6343181032655012,-0.6614450541861945,-1786.725595151422,-1786.725595151422,0.3711511168628799,2.9129143607091676
2760,-0.6844269297962243,-0.7011019320119638,-1075.7953514150884,-1075.827857412637,0.19209535505318615,1.1141779385608532
2761,-0.6224519248898807,-0.740105979735717,-1322.881942751893,-1337.9705539941433,0.5084024926146525,2.4121828374033454
2762,-0.6709163914150157,-0.70691175113485,-1161.9750840675981,-1161.9750840675981,0.31185733569379165,2.390842535822947
2763,-0.6285418861010708,-0.6430149390977118,-1669.898952968116,-1669.9010328393122,0.3391461146850742,2.6416840307516374
2764,-0.6681512778620246,-0.7232363713424224,-1070.4766441104196,-1070.4766441104196,0.28504499050862314,1.8425061248612158
2765,-0.6327450245393121,-0.6555162138742396,-1890.8513045933832,-1890.8513045933832,0.3666733913468453,2.9130075429293503
2766,-0.6661865068607028,-0.7024064233918618,-1236.1779401991344,-1236.1779401991344,0.31820811106245395,2.5116847058287
2767,-0.6353670521942182,-0.6624748065083219,-1662.2144112478036,-1662.2144112478036,0.3388076906859979,2.911860214642386
2768,-0.6379773948633933,-0.6748686034762895,-1702.538192384697,-1702.5382394388246,0.3826086267785069,2.911725232412842
2769,-0.6471774193570492,-0.6687422014477088,-1685.9044499998756,-1685.904449999937,0.2861769942315867,2.580624842364942
2770,-0.6537705923635263,-0.6647987704407017,-1548.823418500386,-1548.8492399214715,0.23781138931266357,1.8037060487791994
2771,-0.6434036331916035,-0.6591806622490745,-1830.9043437220032,-1830.904389620074,0.26859719073507327,2.5482317466047846
2772,-0.6145846966861478,-0.6204331639790346,-1918.5473339853866,-1918.6509989484277,0.31526480985994365,2.3320125583257405
2773,-0.6538488659893222,-0.6777023181620104,-1075.853350189637,-1075.8533501896372,0.25956242897534626,2.2410526661752463
2774,-0.6589259198052574,-0.7220395389191694,-1124.2568324599024,-1126.5498549603456,0.3026205070382093,1.9707508177990976
2775,-0.6825743105644521,-0.7085590057410962,-994.9014204192946,-994.9026189877432,0.26834697680806124,1.7168301013958167
2776,-0.6564370045575035,-0.6864203695803996,-1417.1306776197787,-1417.1306776197787,0.3212615577894331,2.777901658851748
2777,-0.6562992085711031,-0.6819663062328011,-1499.1064803066304,-1499.1064803066304,0.27419674317898685,2.4561731789600585
2778,-0.67184442773213,-0.7102824841046355,-882.830835890959,-882.830835890959,0.22338315410070322,1.6091480467204171
2779,-0.6641849321460733,-0.7377860091037578,-961.4101040217402,-963.6034741334666,0.24858339821221284,1.4216704697637248
2780,-0.626865032069108,-0.6945643291238895,-1529.565501470106,-1529.565501470106,0.3534718838249629,2.3264322202816072
2781,-0.6312540234574167,-0.6879361465395805,-1601.729399796543,-1601.7293997965432,0.4197310283758866,2.9112551062168497
2782,-0.6344384045460767,-0.7148777726657157,-1397.5762097552495,-1401.986173738073,0.43872360930659293,2.542024526540335
2783,-0.6452648923146835,-0.6692062311149019,-1259.9601593625496,-1259.9601593625496,0.31204625030523936,2.6718898029120726
2784,-0.6729461985306712,-0.7178454380815925,-1092.9125210624086,-1092.9125210624086,0.2888328193975817,2.0104092478183686
2785,-0.642132608221241,-0.6497273435474843,-1534.3985210616665,-1534.3985210616668,0.2628355476682372,1.8150318143372903
2786,-0.690109599249542,-0.7365060185763718,-680.6521217933345,-680.6521217933345,0.2508254353290484,1.644213551684282
2787,-0.6419281662729743,-0.6703695698603096,-1702.1667015055048,-1702.1667015055048,0.32972316280315467,2.911454420571356
2788,-0.6403875063100296,-0.6546038403179125,-1815.9940762680492,-1815.9940762680494,0.27114327158103285,2.4484881203129674
2789,-0.6301299097129874,-0.6732653811782403,-1828.2309866506591,-1830.510553784686,0.4257267287420482,2.9120859682049582
2790,-0.6397451386122336,-0.6544547642034778,-1511.8939173533017,-1511.8977355413504,0.3192713060164774,2.3707973826570523
2791,-0.6705244388235214,-0.6951780410226572,-1226.904324820467,-1226.9043790029705,0.2644068471541588,2.0764008832416265
2792,-0.6454996354056342,-0.7537259685460599,-989.3514671277145,-996.104371257843,0.36550399451821364,1.8488729617143347
2793,-0.6605121183592646,-0.6968685242997587,-1308.896255573351,-1308.896255573351,0.22949548097103814,1.712685608426726
2794,-0.6683740548005167,-0.6991881754161836,-1007.0508890251401,-1007.0508890251403,0.2505122827162646,1.8789875853603013
2795,-0.6586810019877605,-0.6906811523842856,-1389.4675509669087,-1389.4675509669087,0.31081240130758914,2.5924153796185316
2796,-0.6540589391767175,-0.6791034795950117,-1046.2567770215715,-1046.2567770215717,0.2740217241006798,2.376450089273005
2797,-0.6754473863965549,-0.7343499435370234,-973.5004182001614,-973.7023047176883,0.292907383163074,1.7605612538101503
2798,-0.652327072132292,-0.6811844894318366,-1506.2605413894123,-1506.2605413894123,0.32079963885641394,2.8212741709232865
2799,-0.6621507792314966,-0.7234523012191826,-1080.9397769513635,-1081.3790150582583,0.26680886897666267,1.6558914484243965
2800,-0.6542155516946087,-0.6630799150059634,-1372.6072164525308,-1372.6897306656126,0.24893394091545512,1.6870652015310652
2801,-0.6615142053566264,-0.6814503853626015,-1110.4216612607547,-1110.4216612607547,0.23277549364340122,1.7266066106566493
2802,-0.6450381448115358,-0.6712986476316612,-1649.887794167538,-1649.887794167538,0.3242431410396249,2.8983580750584768
2803,-0.6660951645665312,-0.6863411172807756,-1265.9028147809474,-1265.903459815528,0.27053592483712596,2.001574690664067
2804,-0.6108124972629853,-0.6915380476030852,-1938.7314484787223,-1946.3772874084223,0.4830959461474772,2.8355864089514835
2805,-0.6692080816265022,-0.7112814269666864,-1163.966529761795,-1163.966529761795,0.31210549141046023,2.383938908805133
2806,-0.6381950322175537,-0.6492512776713605,-1191.181699656276,-1191.181699656276,0.22393227666871515,1.5191629097325905
2807,-0.6520893729934981,-0.670953089254329,-1267.1364509929533,-1267.1364509929535,0.2786221529193753,2.113833611411028
2808,-0.6637160649982025,-0.6930636378351401,-1275.9771210676874,-1275.9771210676874,0.2284722290382109,1.7148599456508036
2809,-0.6669942996194916,-0.7135146097416428,-1161.4669852760787,-1161.4669852760787,0.3290374768263964,2.435271339430714
2810,-0.6526897444854673,-0.6763270034242421,-1328.0857477809411,-1328.0857477809411,0.27331002823637823,2.3246774092674203
2811,-0.668414468441579,-0.7004619507619959,-765.4041831543235,-765.4041831543235,0.2094517211655019,1.4997234552352787
2812,-0.6710269651694307,-0.714630669286663,-1101.8086908730327,-1101.808690873033,0.22963886197783592,1.4972205373135323
2813,-0.6806099369782973,-0.6975582912837055,-1117.84067914789,-1117.8606455016075,0.20556883811509996,1.2566615384179485
2814,-0.6616180369957918,-0.7134545526160693,-1190.2853971426787,-1191.3726704774188,0.34658823500509073,2.474649880223006
2815,-0.6932301519921502,-0.7263547674379087,-927.89820340032,-927.9007026598421,0.18828393205051702,1.0199938367128802
2816,-0.6314534209740282,-0.7023067984207604,-1510.09419649427,-1514.0070255855494,0.34078020677432846,2.2777290346647443
2817,-0.6859429230089932,-0.71524953167251,-1026.9031767227805,-1026.903697153937,0.21532107391159605,1.3330668371276002
2818,-0.6746977427284303,-0.712018187564138,-634.3661971830999,-634.3661971830999,0.18010606957169725,1.2038755755720096
2819,-0.6528848374412634,-0.6956052778977465,-1388.474712118274,-1388.474712118274,0.28868476141763055,2.30135736589052
2820,-0.6409631586491011,-0.6573713062314217,-1549.9014006650655,-1549.9025776969575,0.3179882630894332,2.4995751711421486
2821,-0.6352612601308435,-0.7167991980428515,-1362.8423574101512,-1367.2056136270976,0.40378304068272686,2.3260127625445346
2822,-0.657724730071033,-0.6713971321549163,-1428.8182446440985,-1428.8182446440985,0.23405386126127595,1.7703892149630076
2823,-0.6391611174534243,-0.6586438524533554,-1756.904433961068,-1756.9044411780037,0.31296951425467384,2.904037932934061
2824,-0.6832171386092529,-0.7220516630809254,-1006.4589691382479,-1006.4589691382479,0.27364197792735095,1.8553618146726931
2825,-0.664925324770222,-0.6723264943044772,-1180.576239102757,-1180.869868307739,0.20749949691339162,1.1859079078422188
2826,-0.6395792480676542,-0.6584366327920939,-1600.9042028313581,-1600.9043073660855,0.32565457586405705,2.7285804628049486
2827,-0.6483496033571666,-0.6761796070263125,-1210.7800717023124,-1210.7800717023124,0.3273289475157617,2.746138873010494
2828,-0.6212815067230437,-0.7145253303152347,-1534.5603873918424,-1534.5603873918424,0.4723849916660677,2.627182534641248
2829,-0.65989599039793,-0.6826748122924046,-1067.8995307756018,-1067.8995307756018,0.2421823475209673,1.9325114991172792
2830,-0.6396599904653961,-0.6525680637048566,-1912.8971561098872,-1912.8998856091237,0.2757618380207963,2.6788514205758513
2831,-0.6542622175429932,-0.6663412885585668,-1434.83693331709,-1434.858514823624,0.25898699159979965,1.8759036492061794
2832,-0.6631245906730855,-0.6825267692606366,-1047.3560679276543,-1047.3560679276543,0.21639927465509318,1.5286031584509057
2833,-0.6233256861457965,-0.6891694822250066,-1774.756082253768,-1779.7333569322518,0.47488899580535443,2.9114054231858812
2834,-0.6833097651108413,-0.7066899576724432,-1002.8939048115541,-1002.8977220664327,0.24987230917402675,1.5409574235662118
2835,-0.6819469930594774,-0.7209434832063714,-741.1366006256525,-741.1366006256525,0.22413657259892256,1.5372579463508824
2836,-0.6532612761606957,-0.6707919160917584,-1389.9006870144224,-1389.9021198410558,0.29412597881677877,2.177689064272822
2837,-0.6547186023080412,-0.6717429906382368,-1494.9005393756509,-1494.90203007022,0.2652662978632464,2.153489724341679
2838,-0.6690289324967901,-0.6895442617558144,-1164.9001277540788,-1164.9017576715999,0.276733851328542,1.930354993909126
2839,-0.6435784163219913,-0.6794033831068296,-1634.3454365456791,-1635.9824573298356,0.27849268564893354,2.569936109423564
2840,-0.6586165371951944,-0.6906857862008366,-1137.2313242146433,-1137.2313242146433,0.3000095022491816,2.545265296650952
2841,-0.6520446367642133,-0.6832159105395216,-1520.7712195397978,-1520.7712195397978,0.28481532462415926,2.512699088047744
2842,-0.6496727584821782,-0.6787355143729469,-1571.4836453831074,-1571.4836453831074,0.31250792324841686,2.681108837653456
2843,-0.6790017626749343,-0.7126527620945547,-1080.904449999607,-1080.904449999875,0.26178936125447955,1.873545777487472
2844,-0.6381909792025336,-0.6440668469917457,-1745.4740745244374,-1745.5938900532728,0.2597751332919868,1.828945120288127
2845,-0.6678473352524398,-0.6979386836306161,-1275.1379386486478,-1275.1379386486478,0.2660419610140526,2.1284985196980806
2846,-0.6470917636901378,-0.676068226369988,-1653.6259393114142,-1653.6259393114142,0.26007714278320876,2.4264137527832603
2847,-0.6613505113679742,-0.6783940439588223,-1474.9008214881187,-1474.9022085304307,0.23693791226408298,1.9219495545793264
2848,-0.6362202563398577,-0.6682914697372263,-1656.4395290759899,-1656.43952907599,0.3780996764973125,2.911992125979736
2849,-0.6334465608752656,-0.6799432396142475,-1732.3597348528901,-1734.9523971855879,0.4239677351081034,2.9112927740211836
2850,-0.6494923766051779,-0.6611772293318467,-1448.8340952560798,-1448.8565760597758,0.2761378385292129,1.9585557593101266
2851,-0.6903891482940397,-0.7193346902831955,-980.8967297276067,-980.8996213937994,0.1799339710437157,1.0068920314717649
2852,-0.6919632696933486,-0.7262798380793507,-938.903310184699,-938.9037997647696,0.21342066677469548,1.2331126139278559
2853,-0.6694984997265587,-0.727215186962689,-1007.9188336280631,-1007.9188336280631,0.23045801698064255,1.3385317786259425
2854,-0.6730198094468728,-0.7151031753802912,-1111.9909457906504,-1111.9909457906504,0.2886986728115715,2.072244845233318
2855,-0.671568006277425,-0.6960156670853784,-829.9410819496547,-829.9410819496547,0.1800035127936829,1.2406308041938388
2856,-0.6704163421997618,-0.7083744473913944,-1163.6389223233907,-1163.6389223233907,0.2408685457207366,1.6848521825280405
2857,-0.6599235526590308,-0.6727562091454085,-1477.8599474105877,-1477.87471462603,0.22903554755276004,1.730787968530941
2858,-0.6909261018113283,-0.7482044175994667,-627.8195488721822,-627.8195488721822,0.2515179091503117,1.4696694931972412
2859,-0.6794838923751667,-0.7060906495471285,-1101.9039073471597,-1101.9041327934385,0.24121662716853515,1.6671363700574777
2860,-0.6701563134604854,-0.7055518552768288,-873.6476043276691,-873.6476043276692,0.19660762058476058,1.4557902716957716
2861,-0.6908041224073617,-0.7475180721238642,-674.5909231244218,-674.5909231244218,0.25838427768191563,1.520641877931023
2862,-0.6639464803120343,-0.7436624211750462,-992.7634409821868,-995.8942911086981,0.3691733981026904,2.035962840054536
2863,-0.6472758716511114,-0.7111832151490153,-1277.1332054374798,-1279.6420583029794,0.30285645023909896,2.046135587631907
2864,-0.6180797299992205,-0.7429650264725374,-1327.0644838510445,-1350.678059735179,0.5115492056757479,2.511633795683154
2865,-0.6323106733118379,-0.6438425123487358,-1770.5968754172798,-1770.59687541728,0.30430414209294754,2.524582457079178
2866,-0.614937069369503,-0.7096509080480442,-1693.2111088021497,-1693.2111088021497,0.5116063161306181,2.7586521144231857
2867,-0.6492175275272095,-0.6809640738648126,-1514.1733391642897,-1514.1733391642897,0.35121258094383473,2.911407909411218
2868,-0.6867649795163229,-0.723214339003191,-971.9044479860281,-971.9044489804093,0.26364083113566344,1.7189095906697582
2869,-0.6872322454065051,-0.7309918691937424,-931.9045779485535,-931.9045779485535,0.21601090249044858,1.2148989524359595
2870,-0.6839430318932266,-0.6988569714000294,-1057.6849477066653,-1057.7455112987802,0.19564400136671745,1.1011604606521734
2871,-0.6718245628217242,-0.7068457969143475,-846.5701699181891,-846.5701699181891,0.24736987095030052,1.8667284643498518
2872,-0.6844151080113405,-0.7008411119650007,-1033.7501947483624,-1033.79433059339,0.20542200460904905,1.1622732956231077
2873,-0.6161487608656027,-0.74992006244705,-1295.001857210728,-1330.8887243985077,0.530481497918462,2.655535075868442
2874,-0.6347076856997464,-0.6665587720083158,-1628.9377869241744,-1628.9377869241744,0.3844227948074145,2.912245592745661
2875,-0.6352977182847128,-0.7154526777390374,-1389.8346763186246,-1394.1874212921623,0.4487653611695186,2.6032291081955297
2876,-0.6770361673561306,-0.7051199066653072,-1133.9043581202206,-1133.9043987066418,0.24930616762272276,1.8008560952692125
2877,-0.6484983243245619,-0.6765453204111209,-1595.3652186198544,-1595.3652186198544,0.2971407447600865,2.648044631257478
2878,-0.6747483175355324,-0.7098010175226133,-1130.904449752584,-1130.9044498732715,0.22703911194421184,1.5502825321178098
2879,-0.6378412873545145,-0.6481259024298004,-1884.8659832452454,-1884.8790430524323,0.2715790609783419,2.3420612276665023
2880,-0.6296644964563717,-0.706800634187457,-1495.993011129666,-1500.6537901268048,0.3860336219196249,2.3262537010538558
2881,-0.6492165340440338,-0.6713254564075013,-1527.9044438093981,-1527.9044466500566,0.30889880687279664,2.7501669168857474
2882,-0.642326051193375,-0.6568322498645391,-1495.8914066181685,-1495.896074534216,0.31128571550699247,2.2394845279177797
2883,-0.6496851439164355,-0.7266007137627832,-1162.5591210840953,-1166.0899246964732,0.3410211701045673,2.0911041989913373
2884,-0.6518041532227007,-0.7428745935793223,-1034.2678998880522,-1038.2292666316469,0.34774583047668955,1.8735550162768257
2885,-0.6390449573133985,-0.6645820415359847,-1752.79223289909,-1752.79223289909,0.3397763421280162,2.91214934556738
2886,-0.663221955862352,-0.7276327233940115,-1043.5344874513125,-1044.4403710055983,0.2635675426304024,1.5594799857579356
2887,-0.6363557940430701,-0.6909271411626954,-1567.1995999188418,-1569.7312805317065,0.31163356832612016,2.318546881017762
2888,-0.6661915577582628,-0.6838723741335125,-999.4348686069518,-999.4348686069518,0.19045662192262114,1.2239179594109248
2889,-0.6375889297970249,-0.6818032615173646,-1657.6726182375053,-1659.8201270170844,0.3872895393161631,2.9110496611682906
2890,-0.6467766481248508,-0.7206488014692974,-1249.5083009926484,-1253.0563444932013,0.40504606064041204,2.4018131985397373
2891,-0.6713729948714249,-0.7262421167262192,-1034.5459057289092,-1034.5459057289092,0.2761768576767066,1.7375541239918835
2892,-0.6638647738383645,-0.693456861618857,-1241.2047553861844,-1241.2047553861844,0.3187849481332958,2.6421765528176655
2893,-0.6767825859783184,-0.6997334758372112,-1159.9020334831066,-1159.9029684867876,0.231667659753133,1.614153202518904
2894,-0.6528686567502637,-0.7105813136635275,-1257.0867526499744,-1259.2001918703388,0.32680517760789934,2.313060480397083
2895,-0.6788868827141084,-0.716849122779475,-899.3234100135329,-899.3234100135329,0.27534292403063154,1.9432633283796135
2896,-0.6352173441202784,-0.6475064253073526,-1275.568181818186,-1275.568181818186,0.23541668624500295,1.8301486603631631
2897,-0.6676977569447161,-0.707060918972814,-1191.0140621469384,-1191.0140621469384,0.3296624220912162,2.5606201134352293
2898,-0.6787657860279152,-0.7027380435215441,-861.4629103127427,-861.4629103127427,0.19524223119866502,1.1436042385782554
2899,-0.6885851489584006,-0.7108061099863765,-888.0000000000005,-888.0000000000006,0.1707623464032131,0.901992223015969
2900,-0.655575488533157,-0.740607610914258,-1002.1219346993088,-1006.0062124944063,0.28841827975360224,1.5898852891993622
2901,-0.6531043507598381,-0.680675608278444,-1494.8092905589056,-1494.8092905589058,0.315460874435554,2.7978689852476553
2902,-0.6746658172202266,-0.6843808554361223,-1107.0805076317424,-1107.2719290698074,0.19508093664694595,1.0564066864117527
2903,-0.6610669423969819,-0.6882862709476347,-1349.9044499999952,-1349.9044499999977,0.29765149324347145,2.4913597862519223
2904,-0.6689446808198987,-0.6980359778244414,-802.3985497141281,-802.3985497141281,0.1821456486911277,1.3010239924195717
2905,-0.6650804690689871,-0.693091263925066,-853.6647872885728,-853.6647872885728,0.2049532876327203,1.519873295763441
2906,-0.647891411528867,-0.6543562944037237,-1561.4878794387955,-1561.602402548905,0.24641654444609307,1.7319617077476295
2907,-0.6649331138259019,-0.690655788672293,-1236.9044393887514,-1236.9044443147811,0.30309233772154115,2.3036532391752322
2908,-0.6386884267250093,-0.6658119794539824,-1657.0298234936106,-1657.0298234936106,0.3587674583765101,2.9124098463520904
2909,-0.6360882670392298,-0.6678080008790308,-1789.5286834814844,-1789.5286834814844,0.34421015112098696,2.911615333029567
2910,-0.6900255668834947,-0.7379765077827107,-714.5353455123109,-714.5353455123117,0.22714307251191895,1.3085626764056946
2911,-0.6635623065305456,-0.6771615946594712,-1248.82287945699,-1248.8481348898158,0.25405852845023164,1.7660977698570903
2912,-0.6634032261059344,-0.7337687722817179,-1027.8988510567706,-1030.6594995372775,0.30835920691000074,1.7986202188810123
2913,-0.6390250861397534,-0.6612447641891434,-1772.9044499997854,-1772.904449999891,0.31632615303032624,2.9122068811080424
2914,-0.6391643139316537,-0.659438781041148,-1704.904447450223,-1704.904448633157,0.32764872736686107,2.906472769953707
2915,-0.635708039756683,-0.6585414745924739,-1895.7135656863618,-1895.7135656863618,0.347671774815579,2.9124837476208767
2916,-0.6539908992505675,-0.6722061537355806,-1446.903046454586,-1446.903604258109,0.2873508634650562,2.1967120318963076
2917,-0.649398504359696,-0.7069738816650227,-1315.8820643099664,-1318.150865586305,0.3392330507646294,2.409103997047461
2918,-0.6452804974036125,-0.7162208071962632,-1126.6063779152828,-1126.6063779152828,0.3959567085554083,2.4637867531159414
2919,-0.6726855736721701,-0.7064423685192003,-785.5778950915422,-785.5778950915422,0.2328639327067556,1.6635971774040357
2920,-0.6712875145296933,-0.6909038635566324,-1286.9003007760627,-1286.9018619114017,0.22236959603917042,1.6202243341024067
2921,-0.6601832130043171,-0.6903618008616152,-1229.3410439811314,-1229.3410439811314,0.3025103812647065,2.4583184022611824
2922,-0.6410608407420642,-0.6702559456829329,-1778.8920297748095,-1778.8920297748095,0.2531222222582175,2.489943036372176
2923,-0.6528840792239895,-0.7118273943100046,-1221.6736030270652,-1223.2141786309082,0.2746098064731282,1.853951131546774
2924,-0.6402315577476965,-0.6537951990728798,-1268.8858862547609,-1268.8858862547609,0.25390453333844704,1.9594544811237677
2925,-0.6639031678948368,-0.6833415214987633,-1085.397753500543,-1085.397753500543,0.21063977651558047,1.5000973304034229
2926,-0.6669382228249141,-0.6975048778419284,-1285.4311726735223,-1285.4311726735223,0.27006328166943794,2.185501977535209
2927,-0.6264257867154834,-0.6429306098581011,-1696.9037353678498,-1696.9040285172082,0.35620250461395964,2.826922653231279
2928,-0.6538768718620948,-0.672215350714592,-1321.9011780930555,-1321.9024340939661,0.3054158100594227,2.2102480454525706
2929,-0.6510330129175439,-0.7031520352856762,-1313.855944460523,-1313.8559444605244,0.273001416756337,2.0753489501784212
2930,-0.6475432733635151,-0.7079283157308007,-1351.0563149436623,-1353.9416758536815,0.40278842834309714,2.7668170996969472
2931,-0.6572350766812677,-0.6874913979436611,-1090.3225806451615,-1090.3225806451615,0.3011302785995025,2.6046014167516267
2932,-0.6455191604742739,-0.6591469011947783,-1826.903207363916,-1826.903708122024,0.25148182818166476,2.3567226104935854
2933,-0.6663691043452913,-0.69806487991183,-1251.7552940894104,-1251.7552940894104,0.3048916066248228,2.4332383763750394
2934,-0.689531745316089,-0.71455788844954,-994.8916398870676,-994.8962177097359,0.2036900637290773,1.1660129511648387
2935,-0.6494292149638285,-0.6775389014981967,-1233.3688131985136,-1233.3688131985136,0.3208827613473195,2.716523839373027
2936,-0.6381378469004558,-0.6445147395230625,-1554.4310468026586,-1554.5594089098445,0.27296290241512,1.8323818061308745
2937,-0.673519455369562,-0.7140097243555257,-1115.9887581121905,-1115.9887581121907,0.2770160492879632,1.9772889661650648
2938,-0.6851581588488866,-0.7290415935114226,-640.6995230524659,-640.699523052466,0.22069614987218883,1.4363801050807097
2939,-0.6340903793626578,-0.6551984969825625,-1808.0433282646386,-1808.0433282646388,0.35501387633189524,2.91291424626315
2940,-0.6752062121470221,-0.7077104136843226,-773.1158753123764,-773.1158753123764,0.19866475298693248,1.3834359541643595
2941,-0.6576556721859396,-0.6716503920603756,-1379.8706677378095,-1379.8819861766328,0.2610712926027282,1.8978073625491465
2942,-0.6601971083915693,-0.6984138308294298,-1313.5085588245722,-1313.5085588245722,0.2667543434511042,2.0728040387183593
2943,-0.6618452093517536,-0.6954187102182601,-1054.4554455445545,-1054.4554455445545,0.28919974973496,2.3932624989896243
2944,-0.6448816825046395,-0.6867805584584226,-1547.5900147196485,-1548.141665838565,0.3417021210965809,2.839724185473433
2945,-0.6866728577415138,-0.7305651677879659,-946.3194682153421,-946.3710240519121,0.23950935078143437,1.4245037612914142
2946,-0.6404971797876657,-0.6660935362490423,-1703.5776460411646,-1703.5776460411648,0.33525322333470386,2.9121253212556524
2947,-0.6582305964212635,-0.6864669645794061,-1439.9633470087065,-1439.9633470087065,0.28353149043733195,2.491568726268586
2948,-0.6731571623404299,-0.6988033392692694,-1123.904237063858,-1123.9043290912539,0.2853433066660085,2.1162835961560176
2949,-0.6578337084722498,-0.7325610519445473,-1089.4921207688421,-1092.660150750498,0.36205442689358824,2.2289824281314585
2950,-0.6171146437783115,-0.701726562504079,-1735.6274988075384,-1742.354694729331,0.5085676460343846,2.7769449080476707
2951,-0.6501311291415903,-0.6829587273081944,-1514.194827257074,-1514.194827257074,0.350060562565591,2.8988738440208723
2952,-0.633940668766338,-0.6615360583860319,-1791.7745275737166,-1791.7745275737166,0.37509742228836185,2.9129540466959387
2953,-0.6386087257357157,-0.6560166856968657,-1795.9042890507728,-1795.9043580209086,0.31028226031312794,2.8742857242281596
2954,-0.6609050171664327,-0.6916663056239468,-1052.3138832998022,-1052.3138832998022,0.2722853671461509,2.2647265516249915
2955,-0.6827157677442078,-0.711337985211799,-733.4293948126814,-733.4293948126814,0.16003154042776072,1.0281615008351084
2956,-0.6476631429806669,-0.6792339176151072,-1601.8671527830472,-1601.8671527830472,0.25520774058090584,2.281568663491056
2957,-0.6399136465881692,-0.6585512157217416,-1869.9044499976394,-1869.9044499987874,0.282453447328068,2.730085693976791
2958,-0.6602032717626557,-0.6746043162154944,-1379.8768070107021,-1379.8862009445495,0.2517523978710524,1.9285385969294653
2959,-0.6363898338093162,-0.7032178392026823,-1466.2554137917514,-1469.792866277138,0.3706059212647605,2.4536043359139215
2960,-0.6827829971202907,-0.700239642587629,-1094.8364090137477,-1094.857591976351,0.1990706769776366,1.1984640146857999
2961,-0.6717915214374438,-0.7082992854127034,-1022.97046654302,-1022.9704665430204,0.2951909700293277,2.279252438996521
2962,-0.6816675781674344,-0.7248166099493658,-740.0935269505336,-740.0935269505337,0.2525463366619739,1.7986398866230693
2963,-0.6379595748860117,-0.6409768900525837,-1644.5895761852328,-1644.9110858354418,0.2506832753178515,1.6753152454485623
2964,-0.6377890001598949,-0.6763931974973474,-1727.674673904061,-1728.5962938953703,0.2904963311197216,2.624900431225688
2965,-0.6730908754063246,-0.7185853619557422,-1057.6744092692238,-1057.6744092692238,0.21958458953362103,1.359193130798928
2966,-0.6355379698566198,-0.6659234607809456,-1589.9779388591282,-1589.9779388591282,0.36214177329298664,2.912026098445951
2967,-0.6657849295651679,-0.7301768925361471,-1043.2948996383723,-1045.6472473176043,0.31461987234530703,1.9390325162886153
2968,-0.6878242885639126,-0.716997698541977,-985.9028840331661,-985.9035286341449,0.2373200749987902,1.4735766599843478
2969,-0.6550405199495389,-0.6782927345178459,-1560.9044499031495,-1560.9044499495176,0.24851456141407283,2.205811413719159
2970,-0.6353688078148624,-0.7308699533215475,-1241.983778334176,-1243.204838830409,0.4007915629117286,2.1822803173123
2971,-0.6445397431925649,-0.7470668666661675,-1077.6160052866471,-1084.469924889546,0.4066248756097973,2.053404116709917
2972,-0.681211192906076,-0.711814393416271,-766.7942457436982,-766.7942457436982,0.1917348088252493,1.1852958627035102
2973,-0.6458612480847983,-0.7390733553605247,-1078.6589619935307,-1082.9492607289103,0.3389959335916534,1.779569998722012
2974,-0.6712555812852582,-0.690292430664784,-1251.8970887096302,-1251.899779878315,0.2331070652350456,1.6534938976892117
2975,-0.6862738782547186,-0.7247227262056003,-979.9044437831146,-979.9044468250468,0.23763794514392808,1.473544935118859
2976,-0.6732014587401665,-0.7333716715765388,-994.2144237321331,-995.9072636948378,0.3140777051324096,1.9319882254263467
2977,-0.645160592975676,-0.6666569870526843,-1611.7927119575213,-1611.7927119575213,0.29281459218891115,2.615581962534451
2978,-0.6535413998155774,-0.6896715021041034,-1446.8053478934378,-1446.8053478934378,0.2843942654246421,2.4083910947744296
2979,-0.6172171521722417,-0.6170237180372953,-1847.660439616933,-1848.3773790619075,0.2714883880172538,1.796633548340905
2980,-0.6528026959192543,-0.6748788148188988,-1558.9044468908814,-1558.904448328052,0.27668220300507734,2.442770193800715
2981,-0.6401138617900832,-0.6813615253464849,-1635.8405759649852,-1636.183427050233,0.37751794200976063,2.9110443757879505
2982,-0.6360584754307381,-0.6582912690805138,-1865.345030413119,-1865.345030413119,0.33418974456419787,2.912751148630004
2983,-0.6741022964332791,-0.7125121446107754,-1110.2243982519074,-1110.2243982519074,0.22879277923819205,1.5244718508569925
2984,-0.6574517241780979,-0.6919557787249131,-1357.2692001995704,-1357.2692001995704,0.34370904534162744,2.846433865702022
2985,-0.6629395114208133,-0.675411056894255,-1348.8266272803899,-1348.8510614375568,0.23819392774227216,1.7187693707455123
2986,-0.6274236134719288,-0.6829189573001594,-1581.3799933971732,-1581.3799933971732,0.3244813409864157,2.427788328553473
2987,-0.6942277729108305,-0.7459923990583588,-576.0247855100108,-576.0247855100108,0.22695564742906182,1.3789282854630418
2988,-0.6757802131814565,-0.6985672932937542,-1115.9020993898089,-1115.9030129730372,0.2605220108449886,1.808259088984976
2989,-0.6851128160907012,-0.705769218864262,-986.8605798140155,-986.8747280954829,0.23003329657945973,1.3366138204095768
2990,-0.6657744890905803,-0.6856294764735861,-1297.9026223456085,-1297.9033382200212,0.2621086935335115,2.0045963921441765
2991,-0.6798152039434341,-0.7213568177271427,-1033.7665244684126,-1033.7665244684126,0.27869923335917973,1.9146132422364166
2992,-0.6457643780649598,-0.6917891057241118,-1477.5020881581634,-1479.663949197928,0.3206244134418311,2.6222319228739472
2993,-0.6476749499949319,-0.7141603329045292,-1265.7444600627757,-1268.5993896294074,0.32779250211825567,2.2656928713524773
2994,-0.6693408114102184,-0.6791459523421682,-1137.2031907553605,-1137.3707414088353,0.21228985924252358,1.1896252458889842
2995,-0.6574669980341837,-0.66917317251722,-1547.8495693800896,-1547.86761338599,0.2250806838372197,1.7375684481959777
2996,-0.6621963512868753,-0.7073865172499385,-1234.3855207460856,-1234.3855207460856,0.3454238057406012,2.5973942174424165
2997,-0.661466944848952,-0.688566795629436,-1043.4249263984302,-1043.4249263984302,0.2801616216735494,2.327521701369526
2998,-0.6721789793076537,-0.7171849243899479,-1104.694085328371,-1104.9105685151246,0.3246466263635057,2.420681912113411
2999,-0.6460371997407877,-0.6650263565268274,-1692.9042932617092,-1692.9043603875716,0.28491932094274763,2.693371114844025
3000,-0.6476689733555832,-0.6619453349217443,-1739.8986967703731,-1739.900871834076,0.25427509434378304,2.3500779813908332
3001,-0.6744634723523668,-0.728246717224654,-895.2417498081362,-895.2417498081362,0.28360713595497783,1.773831683457443
3002,-0.6671658008942796,-0.704881769564575,-1205.740180569891,-1205.740180569891,0.2373987637174352,1.684280282108634
3003,-0.6363867227314418,-0.678306358356752,-1718.2040179515507,-1719.1800792104702,0.29588124452075737,2.6016257864388908
3004,-0.6417833392624297,-0.6632017662042897,-1535.904435430728,-1535.9044420217915,0.33509792595789023,2.783679513561505
3005,-0.6374286944404782,-0.753741430134255,-1063.1658028649329,-1077.0440161261495,0.4216944319058059,2.020357010102055
3006,-0.6562025021015526,-0.7319234589380835,-1070.0901466225382,-1073.3495416968478,0.3044196302550425,1.7323605284195767
3007,-0.6364755890885843,-0.7278416199308981,-1271.5921081325357,-1271.5921081325357,0.41983038325490574,2.294477974667613
3008,-0.6613277976602132,-0.7064040942428551,-1246.1739018349585,-1247.343706142155,0.35279733194355717,2.6521669626128768
3009,-0.6774073364896114,-0.7035393127306706,-1159.9038161670928,-1159.9040759635868,0.2183941186224429,1.5038082056543582
3010,-0.6529822883770868,-0.6731270976514302,-1587.9044199188643,-1587.9044332750364,0.2645552160724645,2.3506430904251103
3011,-0.6851593471292297,-0.7057310453634633,-1013.8681421090105,-1013.8800575243292,0.2243699703316462,1.331906339240455
3012,-0.6501468010097491,-0.6847622328254235,-1498.5316789567214,-1498.715647158574,0.36050548559610796,2.9109788218247195
3013,-0.6426935344199945,-0.7300716479812528,-1158.0355576911181,-1162.3289338281897,0.3265914111848134,1.7079320418087343
3014,-0.656345183914275,-0.7327014620713886,-1105.0893900978954,-1108.3608265229975,0.3844239278262255,2.288511218995392
3015,-0.6659909426271433,-0.6980864606031252,-1108.8957055214742,-1108.8957055214746,0.2832405129630012,2.2755725516166843
3016,-0.6362832548853513,-0.653207820744079,-1686.9036438911985,-1686.9039728919406,0.3260040421891067,2.760827246850651
3017,-0.655458417907653,-0.6798512083863308,-1087.710416402988,-1087.710416402988,0.270194481406426,2.334254426791821
3018,-0.6552462741692867,-0.6733347529757989,-1320.9004856340887,-1320.9019920154985,0.29943032015670507,2.169730891863678
3019,-0.6398590130088635,-0.6516403959490219,-1892.8903838325145,-1892.8954574650263,0.2724536544595066,2.512595858134559
3020,-0.6330369969497495,-0.6532307406866893,-1393.0821347913973,-1393.0821347913975,0.3234253116672196,2.691493783994889
3021,-0.650707277303495,-0.7038012758792112,-1349.9642561796766,-1352.1507235744148,0.3841300948763782,2.854741300396508
3022,-0.6446648599609096,-0.6643267092199574,-1633.9043624275685,-1633.9044004490531,0.30053631491008065,2.745404832974615
3023,-0.6905455792452372,-0.741101987693149,-669.0980502174219,-669.0980502174219,0.2416519125870279,1.5387313838039292
3024,-0.6726756140972039,-0.7096767683356318,-855.9535822401674,-855.9535822401674,0.26365277713249397,2.01071445735737
3025,-0.6849626139899424,-0.728334175308418,-625.9541984732832,-625.9541984732832,0.18186676035451074,1.1991542311381336
3026,-0.6370388818396286,-0.6542019497318764,-1663.90367223489,-1663.9039898856824,0.32536059681628865,2.734889737427454
3027,-0.6562534637784891,-0.6889521164709713,-1387.2896697741485,-1387.2896697741485,0.33987937707704663,2.841339371793367
3028,-0.6423771197491701,-0.669433852902252,-1543.3033601514426,-1543.3033601514426,0.282283728824674,2.60496147827955
3029,-0.6451329803330934,-0.6624492808726828,-1494.9022177783465,-1494.903089926067,0.31268181165937353,2.479252532237119
3030,-0.6776449931643418,-0.7183894129472278,-795.7441218967576,-795.7441218967576,0.25298904032568653,1.8575262939061628
3031,-0.6769764230234332,-0.6998467133746782,-1189.9008198932484,-1189.9021946972562,0.20231975569483263,1.3583424370002268
3032,-0.6711677604921756,-0.7130283485083335,-916.3008072511,-916.3008072511,0.29583992661181613,2.256196590948825
3033,-0.6171268728091472,-0.6294455593257164,-1879.8970437100627,-1879.899843165167,0.35272038916222254,2.837726439966026
3034,-0.662529715035847,-0.722730193118723,-1110.4635628318074,-1112.5802746535703,0.3223202755661645,2.1402326372933906
3035,-0.6391634669473331,-0.6610012330389369,-1608.9044459006677,-1608.9044477942339,0.33450559008535535,2.858505775552733
3036,-0.6833692799797265,-0.728680118947266,-710.7734806629858,-710.7734806629858,0.23386343663674453,1.6042244690623275
3037,-0.6725269822306559,-0.7151542143648534,-892.5360353931775,-892.5360353931775,0.28951323284040253,2.203425225395653
3038,-0.6832330486322069,-0.7265666800281605,-632.0372316469011,-632.0372316469011,0.1787077757889025,1.1939438080941396
3039,-0.6561476009617008,-0.7008831907700939,-1326.6779485330187,-1328.4689496956498,0.36043527883872417,2.8376088613272494
3040,-0.6363553500719774,-0.6427584321479902,-1816.5756404490028,-1816.6700013047925,0.26270635233335504,1.9003852846263574
3041,-0.6746472748324207,-0.714650641646991,-530.3219366109315,-530.3219366109316,0.1365640499461951,0.8726885383127043
3042,-0.6490226051074446,-0.6690757391748293,-1605.9043808965762,-1605.9044110802301,0.28936240596585916,2.6719912828937433
3043,-0.6838169459258688,-0.7305222348359898,-813.3531157270045,-813.3531157270046,0.2714040182862451,1.7620564746349783
3044,-0.6822318996054889,-0.7171351074094733,-705.9284408461742,-705.9284408461742,0.18762675589200206,1.206890748015754
3045,-0.6638718234870529,-0.7166239453919176,-975.9519038076185,-975.9519038076185,0.3054718441472016,2.157229542743757
3046,-0.6298360036526002,-0.6502984487852078,-1751.9044499961778,-1751.9044499980503,0.3689495342828696,2.912896503529966
3047,-0.6221277834795251,-0.6938275355098831,-1712.196495278071,-1716.9249666824637,0.39078871132900617,2.5949844109441704
3048,-0.6480784563280423,-0.665721108460171,-1730.9044155801694,-1730.9044308149475,0.2523551366462614,2.3549719434602423
3049,-0.6423491096474855,-0.6623070648263681,-1360.9947290174377,-1360.9947290174377,0.2917185391540533,2.4035778928686806
3050,-0.6376380402508669,-0.6606208785190699,-1637.9044499783504,-1637.904449988885,0.3432764217816458,2.9123966214295045
3051,-0.6369699520855141,-0.6525865748436503,-1896.9035991255578,-1896.903947059046,0.29904675296612504,2.8608796447326843
3052,-0.6445751396736806,-0.6503832449507956,-1449.7639919082935,-1449.7639919082937,0.2402288251879408,1.6432907280198656
3053,-0.672280032683314,-0.7013953273158043,-1194.904449444564,-1194.9044498110618,0.2686227223762848,2.111171959074261
3054,-0.6291718620403379,-0.6489462598799058,-1517.6322418136012,-1517.6322418136012,0.3284649109630813,2.7079442117417427
3055,-0.6669912658295294,-0.6980796334751338,-1072.7060003342806,-1072.7060003342806,0.255696241361019,1.9479571757434455
3056,-0.6434886390131143,-0.677586812448849,-1609.8852326710232,-1610.3104020337296,0.3729376098314367,2.911588355599353
3057,-0.6760553600719802,-0.7098342637216698,-1128.904449989987,-1128.904449996748,0.23841519618906373,1.6692490767947155
3058,-0.6584628387877411,-0.6875768356758495,-1421.1895429065783,-1421.1895429065783,0.297127351743067,2.521316963106169
3059,-0.679082297179041,-0.7068265798405278,-846.6059359388771,-846.6059359388771,0.1929318090858159,1.204453925101284
3060,-0.6283754510922925,-0.6486927359290098,-1785.9044499886038,-1785.9044499941565,0.36908185560934453,2.9129806997057135
3061,-0.651813390492006,-0.6659639441375429,-1447.882576846261,-1447.890153337217,0.2780235181567839,2.040339955476016
3062,-0.6334557808717038,-0.6799684050499702,-1740.3616240816607,-1742.7274216477713,0.36234192241974195,2.8215287481262803
3063,-0.6886246125568792,-0.724910781361941,-964.904129108574,-964.904274035946,0.21668396768563422,1.294291595620398
3064,-0.6381258906818835,-0.6674016983589741,-1769.2252988417467,-1769.2252988417467,0.33926076919149917,2.911801205362184
3065,-0.6584772541585049,-0.6943299113568067,-1123.4856535600443,-1123.4856535600445,0.2561504445714967,2.033421603161768
3066,-0.6320000384454809,-0.6702988551588054,-1806.6111985608295,-1806.6111985608295,0.3915866355159187,2.911845739924557
3067,-0.6699998676725005,-0.7245455312924451,-843.0062630480198,-843.0062630480201,0.2569795814948343,1.6712620155585356
3068,-0.6217392562947108,-0.6350893578969387,-1914.900630555809,-1914.9021158998587,0.34290702123909905,2.8629169763575697
3069,-0.6823703063893235,-0.71682892321288,-769.7038724373593,-769.7038724373593,0.23489556131210082,1.4760193048882342
3070,-0.6535381156232698,-0.6571847704369027,-1336.751062568016,-1337.2108709122074,0.21602755020920442,1.315997122555437
3071,-0.654576226302657,-0.6923799265872734,-1413.702449066489,-1413.702449066489,0.28894977426786894,2.4029813445766313
3072,-0.6197218266526188,-0.6208324665659753,-1688.250529785733,-1688.250529785733,0.2698628283757348,1.747105293782297
3073,-0.6829616194379939,-0.71910301378143,-668.4849311332323,-668.4849311332323,0.17261626954496206,1.1067677830743121
3074,-0.6234234020691787,-0.6839779334666621,-1805.0987406684985,-1808.8754237272456,0.36717615590323444,2.6774288697323634
3075,-0.6525577431374424,-0.694522549051233,-1379.8072116169242,-1379.8072116169244,0.2361235497031296,1.836900003264747
3076,-0.6880328753360091,-0.7016057698280445,-940.0332018417738,-940.2286922690267,0.17887962683015193,0.8658569750669468
3077,-0.6624955910082992,-0.6948601603239243,-1327.2637837062946,-1327.2637837062946,0.3054179416431199,2.5010694175026633
3078,-0.6100154835140994,-0.6943587598300034,-1957.8944911239018,-1967.1143137710956,0.5397690330224186,2.9116020170892565
3079,-0.6766030558483149,-0.7033222403493792,-1170.9039755024214,-1170.904171842857,0.20740633550138515,1.4117450349275376
3080,-0.6481143113531853,-0.6759251314036234,-1540.72842580133,-1540.72842580133,0.33192833105319364,2.8790059725815067
3081,-0.6556487001742111,-0.7258447493862825,-984.6975953364104,-984.6975953364104,0.32493916216943386,1.9792613490610567
3082,-0.681998432341454,-0.7264984090729001,-981.3767039940112,-981.395491338572,0.22640834114616487,1.3525926761599607
3083,-0.6794881470081907,-0.7260339504712064,-457.8935549068052,-457.8935549068052,0.1420815101705524,0.84327482083798
3084,-0.6412653915394831,-0.6686195322254657,-1669.7815917660357,-1669.7815917660357,0.34710960629450177,2.9121357005959534
3085,-0.6611889055808285,-0.70611445247612,-1210.2849879627956,-1210.2849879627956,0.2281351890475125,1.5872415843827887
3086,-0.6328073374017243,-0.6405273918433846,-1636.6528394254603,-1636.7258121345983,0.29131901983500025,1.9992298453298851
3087,-0.6301721784859095,-0.6713601962601957,-1852.0852074665318,-1852.0852074665318,0.3681110698420705,2.824633011222618
3088,-0.6696991876184876,-0.6939863432087513,-1297.9043393066681,-1297.90438678995,0.2231623343380897,1.6698480230946267
3089,-0.6800654509650342,-0.7066034651778568,-1027.9033866602563,-1027.9038283743218,0.27583925708302237,1.852803850274614
3090,-0.6953317986203355,-0.7206085621252782,-937.8634457459123,-937.8771451438463,0.17491427673057744,0.8959170373986637
3091,-0.6207625874195268,-0.6329568063999835,-1892.891346183872,-1892.8961515302306,0.3385497012707291,2.8022995824099857
3092,-0.6482694950867451,-0.6641826227826639,-1234.2019035731025,-1234.2019035731025,0.22319239419634485,1.7825473182491143
3093,-0.68553617285257,-0.7414538709559318,-680.9362488450881,-680.9362488450881,0.25538875358083274,1.5362055603320188
3094,-0.689430007245236,-0.7462081270841424,-622.7675104829942,-622.7675104829942,0.2333868590836354,1.3789169066616096
3095,-0.6581658688807436,-0.7068374799994849,-1220.3932881373555,-1220.3932881373555,0.23374005624556413,1.632546538282653
3096,-0.6738647391849879,-0.7300630512480143,-961.7256974104517,-961.8659853919481,0.20921170158182176,1.2142601993680289
3097,-0.6502430103022406,-0.7045500682815556,-1307.671346207362,-1308.1041837513299,0.2738623898373354,1.9954522756532584
3098,-0.6977466156912944,-0.7523177409102402,-508.47079803834237,-508.47079803834237,0.2152905985209608,1.1284483695224221
3099,-0.6439760165399285,-0.6682029683021946,-1716.8665992233716,-1716.8665992233716,0.3044103969697899,2.7879277477786837
3100,-0.6709508801848827,-0.7074341852210263,-1173.00869634669,-1173.00869634669,0.2985807089145185,2.380565749005714
3101,-0.6621448213182558,-0.7394126909732732,-1020.917132870024,-1024.0485842764244,0.3555879232368685,2.0225444576526397
3102,-0.6808053098717436,-0.7217908260308862,-614.925373134332,-614.925373134332,0.1845866526819006,1.2068913550412448
3103,-0.6798036336386825,-0.7173573306783213,-1046.9044443038774,-1046.904447012015,0.21141349763826472,1.3232046505443442
3104,-0.6685965607097171,-0.6912345836713705,-1150.9033027201792,-1150.9037655021805,0.2901969322822792,2.0514261831850686
3105,-0.6459701998251165,-0.7323805945470511,-1184.4422961484215,-1184.594850327545,0.42585351430273594,2.3255677681481663
3106,-0.6582653260356103,-0.705518720553902,-1270.424137537443,-1270.4348346331922,0.3313783704065248,2.539455148322292
3107,-0.6772721708878927,-0.7126499477955824,-1008.3585274764363,-1008.3585274764365,0.2412296839221311,1.630921045321651
3108,-0.6466359551231219,-0.6821675445505112,-1435.9095193213989,-1435.9095193213989,0.30103325276130743,2.6096653968368564
3109,-0.6634687764432243,-0.6734858624900774,-1409.7307984079648,-1409.7819456209456,0.21450369376522063,1.497537704645621
3110,-0.6524448725879145,-0.693516992659142,-1414.554058956679,-1414.554058956679,0.29250705042047326,2.3939499820809287
3111,-0.6568509136208882,-0.6693109694096286,-1336.8236788472775,-1336.848902172111,0.26390972574836113,1.8427193934782342
3112,-0.6744362781593942,-0.7204786514594038,-1070.6810304541061,-1071.0495491018978,0.3154313891975152,2.259288033727629
3113,-0.6507020083806654,-0.669792853879491,-1605.9042007208286,-1605.9043060097338,0.2786880870267624,2.4510896017952155
3114,-0.6620470465911682,-0.6789556183539619,-1360.8965012573815,-1360.8994073345016,0.2563253820828255,1.984859001101777
3115,-0.656697760947557,-0.6772353534645966,-1552.904437823454,-1552.904443317328,0.2519768226536306,2.241414946632072
3116,-0.6403226767912733,-0.6579064518119557,-1617.9035573244043,-1617.903919713216,0.3155153104626448,2.6552389962307705
3117,-0.6450726682092929,-0.6635596169731062,-1756.9044442831732,-1756.9044468969635,0.2783971144260693,2.5732626920366433
3118,-0.6165734887899933,-0.7162736593668947,-1576.1030250525046,-1576.1030250525046,0.4852189509437532,2.58392299739241
3119,-0.6286274041551297,-0.6421322579312776,-1515.7338457842945,-1515.7338457842945,0.3026428951664014,2.2761558263159722
3120,-0.6865389839406346,-0.7126627053779212,-1041.8969364702377,-1041.8997026020709,0.1856415807040753,1.0948987118303193
3121,-0.6498079072788155,-0.6965438471670586,-1403.2116795601214,-1405.5861146330028,0.3297273143869631,2.6131443973452506
3122,-0.6437911707480543,-0.6546260032857811,-1618.8337545054233,-1618.8566702082037,0.2755930119265112,2.007394499574969
3123,-0.6192518474230079,-0.6200429575762096,-1798.3716524596027,-1798.9484800889475,0.27436293338143053,1.804372629919993
3124,-0.627991621670986,-0.686045553180122,-1772.1200339385982,-1775.7689221620233,0.41432540202776064,2.8927918509849224
3125,-0.6887445941628205,-0.736177092929417,-573.9828971236079,-573.9828971236079,0.18969871537289387,1.206481814467231
3126,-0.6700553090474768,-0.687778879417897,-1303.8948916011593,-1303.8983406502687,0.22447144727419807,1.6230553985749803
3127,-0.6459948117780816,-0.6954420407317964,-1452.7939797007282,-1454.9436653594253,0.3685386203055579,2.8513248772429116
3128,-0.6831879977833503,-0.7056766735566571,-993.8871858257098,-993.8932095650887,0.24744052032528255,1.4938502112537282
3129,-0.6795375972426514,-0.7261814392233411,-775.7342035004459,-775.7342035004459,0.2557543898306101,1.777443583794487
3130,-0.6646091771811216,-0.6895706368107045,-877.6869893148975,-877.6869893148975,0.20393484834875625,1.444228186081411
3131,-0.6733054509080731,-0.6861447706686022,-1229.7701235590484,-1229.8098604981426,0.208270327746176,1.3351703458700261
3132,-0.6458631152872512,-0.6650081342873447,-1159.458174904945,-1159.4581749049453,0.26819809869649125,2.2888723315499075
3133,-0.6442933811524278,-0.704808895271381,-1193.9333664843423,-1193.9333664843423,0.34962831620265195,2.5409251669680835
3134,-0.6866174694858868,-0.7005920334644213,-1017.501673247469,-1017.6042403468775,0.18375510261711692,0.9597620279218867
3135,-0.6458981022421155,-0.6558292342375958,-1599.7970065739567,-1599.8306832826036,0.26517386532674625,1.9067783381854664
3136,-0.7025496798783663,-0.7607079506487529,-456.6199728874835,-456.6199728874835,0.20748497296000348,1.0051712706462044
3137,-0.6350987449900509,-0.6825820480834324,-1671.8021592926884,-1673.3922209088312,0.29112431966272634,2.3236318936531717
3138,-0.6569645528445703,-0.6915931715758156,-1153.13432835821,-1153.13432835821,0.32097412608358955,2.6696598097936017
3139,-0.6588744666103907,-0.6718626894589395,-1393.8528496324307,-1393.8696436623984,0.24935433666677,1.8277525974218882
3140,-0.6327632936505538,-0.7043959364662403,-1500.5482584094111,-1504.8493252083217,0.4109322478154398,2.6330994844047684
3141,-0.6541665771877434,-0.7019789563455149,-1285.5913351179688,-1285.591335117969,0.22706925012049645,1.5934919102275258
3142,-0.6647472858837946,-0.7164638318319443,-1151.2843195457642,-1152.3932002366776,0.35012298245414575,2.457162785794349
3143,-0.6733363243502462,-0.7009698718727861,-1149.9044131282521,-1149.9044341689662,0.2770107667351541,2.111908759526221
3144,-0.6852793776004724,-0.7034816811621047,-974.7695966378272,-974.8086592377523,0.21635026674911678,1.178437926155103
3145,-0.6195415388851802,-0.7016220073274594,-1728.755813647674,-1735.117430523353,0.5115195491181962,2.843635804563637
3146,-0.6387338498134061,-0.6630277218641701,-1801.8781646716875,-1801.8781646716875,0.31214884037699586,2.9117082888265013
3147,-0.6603190880884893,-0.6855448587348846,-1294.9044463797825,-1294.904448077252,0.31002523897494016,2.4439932343753563
3148,-0.6339442783894114,-0.6627887059429368,-1828.2812645951824,-1828.2812645951824,0.3645888121898913,2.9126087963125875
3149,-0.6763777918907474,-0.7214856779083183,-1052.8836702913025,-1052.8836702913025,0.27677878101998366,1.853703100494893
3150,-0.6775961383171097,-0.7288389482519747,-942.9624422144468,-943.1820201812271,0.18837596744596688,1.081896367398984
3151,-0.6593253112361873,-0.7251360138439432,-1119.2958407592519,-1121.9169495850804,0.3355877804135728,2.1873736861779665
3152,-0.6613526100267247,-0.6761397516285528,-1502.892001835811,-1502.8964855314184,0.22337665112552466,1.7409465958886625
3153,-0.649374539639461,-0.67727963524365,-1270.0685453160702,-1270.0685453160702,0.3034606539964018,2.664981966255845
3154,-0.6424902351654933,-0.6630599539494766,-1189.4424131627045,-1189.4424131627045,0.29153212746484564,2.5395863994387753
3155,-0.6421859485087416,-0.6671656846016839,-1665.1143099068606,-1665.1143099068609,0.30673413904178193,2.6587233439769604
3156,-0.6905248874452848,-0.7367215025644139,-632.606199770379,-632.6061997703791,0.2300145241592913,1.477009329150918
3157,-0.6634597900000329,-0.6981560588811478,-1302.3684548262056,-1302.3684548262056,0.2946553821223877,2.4203887470180394
3158,-0.6494972079139839,-0.6681924777294678,-1478.9037327843098,-1478.9040254033707,0.30387975101495845,2.469112628830179
3159,-0.6854762183030182,-0.7091226543323123,-978.891222781737,-978.8959404058647,0.24576299935147145,1.4693680459637182
3160,-0.6594739144734356,-0.725509928780527,-1089.0421781017567,-1091.5069207320337,0.29017227257085726,1.7956694421742467
3161,-0.6712006775437823,-0.7054737717691222,-650.1850872554253,-650.1850872554253,0.1551907161691711,1.0412469247298606
3162,-0.6722948768780591,-0.7009938905612305,-903.2370344587539,-903.2370344587539,0.1902661220076871,1.3126279401626955
3163,-0.6539145436404982,-0.689487077892083,-1443.6698702327487,-1443.6698702327487,0.3045784061732481,2.5776028296129767
3164,-0.6175116958584086,-0.6939565441409354,-1810.5032826155505,-1817.0027483001804,0.47230556796740525,2.8264847642615147
3165,-0.6173070720387923,-0.6330121418280339,-1896.904438017905,-1896.9044434756768,0.3838579604112839,2.96670766115797
3166,-0.6584643842242209,-0.6835964042660978,-1230.447193149383,-1230.447193149383,0.2415205824800144,1.8847531535158921
3167,-0.6831937492647335,-0.724805090014025,-980.9044392160656,-980.9044444730671,0.20872525800999125,1.2290011789435797
3168,-0.6586246437672707,-0.6847419254793843,-1349.904449967966,-1349.9044499835488,0.30719166427293537,2.6240319247736403
3169,-0.6970023209565227,-0.7509920045586255,-511.7852712304051,-511.7852712304051,0.2122808382571826,1.1330049126839659
3170,-0.6597606276117566,-0.6820314590992688,-1450.9044255604103,-1450.9044364584724,0.26740709959342485,2.3803978942268067
3171,-0.6932417533514799,-0.7502315849496914,-608.927568781583,-608.927568781583,0.24646760841508722,1.4285927271849157
3172,-0.6712609970112758,-0.6899853134742908,-1135.8870480038183,-1135.8930644214022,0.2629345376723235,1.8007981676483702
3173,-0.6331821136361803,-0.649706857044102,-1608.9030797522616,-1608.9036274627665,0.340631066142352,2.6702345413166024
3174,-0.6844824884905013,-0.7182255591824366,-997.9044497800857,-997.9044499257983,0.2680259153691906,1.817903933803075
3175,-0.6640237988437155,-0.6847175663148016,-1223.902936448841,-1223.9035381869533,0.2923354731608136,2.116360603287218
3176,-0.6559432296267748,-0.6826782934424874,-1234.851078397808,-1234.8510783978084,0.270368440788803,2.23247504566782
3177,-0.6653762499199233,-0.6937503728481613,-1328.9044499683991,-1328.904449989666,0.2429829945939107,1.9011472077461633
3178,-0.652855706486552,-0.6771505686441779,-1249.5597886985747,-1249.559788698575,0.2702111928967692,2.238399291966117
3179,-0.6447118701166353,-0.6808441658434775,-1585.4487858061466,-1586.0768678926165,0.35237306225758014,2.910981498651883
3180,-0.6372486250442303,-0.6683810451775384,-1772.4660192165356,-1772.4660192165356,0.343288676994055,2.911639904669967
3181,-0.6568356058472324,-0.680740419484074,-1086.3745244469508,-1086.3745244469508,0.24855097783537322,2.0654561911924363
3182,-0.6808839337868164,-0.7182728866574001,-890.6765132533301,-890.6765132533301,0.2724097090405538,1.8755384959807502
3183,-0.6419900207352859,-0.6816336599891588,-1621.0464914063627,-1622.38367491466,0.30395265238179614,2.659525341027878
3184,-0.6290319378109233,-0.6705021446713085,-1858.5547271161538,-1858.5547271161543,0.3762692547359204,2.9112310730966704
3185,-0.6874274934600838,-0.7132171875556327,-1004.89886145593,-1004.900971635173,0.22377650191707435,1.3526113461149225
3186,-0.6675090938122172,-0.7351201431595256,-854.6762589928072,-854.6762589928072,0.3240423945118909,1.9910535200273116
3187,-0.6594147106122227,-0.685742359536499,-1102.7519303108309,-1102.7519303108309,0.21304514923250314,1.6604600402204197
3188,-0.6708347344738547,-0.7179792227424528,-1102.773683241869,-1103.2067701731137,0.3014283086756091,2.0943976438917744
3189,-0.6162529292500276,-0.6291896304007825,-1903.9012365004594,-1903.9024957862491,0.35961314716209186,2.8837702882270957
3190,-0.6443874368378784,-0.6631436769703528,-1762.9044477572502,-1762.9044487962694,0.2839628743513487,2.689021191115839
3191,-0.627014320901741,-0.6764512892044338,-1867.1124049056384,-1869.9732294860398,0.3713915942637923,2.8419112247879665
3192,-0.6352468086143646,-0.6623395551175357,-1833.7965114484975,-1833.7965114484975,0.3806174135503917,2.91260196199012
3193,-0.6749470593547575,-0.6973651252073793,-912.614169340907,-912.614169340907,0.21037445009752906,1.2734243368104525
3194,-0.6939543363688825,-0.7501710802374314,-587.9922886257232,-587.9922886257233,0.23659198321051886,1.3721164170402353
3195,-0.6458442973717873,-0.6723908350817602,-1668.1481258161102,-1668.1481258161102,0.28410575651416176,2.6348463737305385
3196,-0.6386484095289869,-0.6572838150073484,-1699.9043769035436,-1699.9044088196201,0.3228735969554555,2.8505840564712983
3197,-0.666941489389872,-0.7033161044067988,-1238.2332650147257,-1238.2332650147257,0.29092832713012656,2.301215634981834
3198,-0.6584812513632333,-0.6726945232849052,-1181.7657241777295,-1181.7657241777295,0.25520197815394824,1.7386726482257053
3199,-0.6653504694728072,-0.6866882061412604,-1358.9041523476633,-1358.9042767343385,0.25346320232369696,2.090123184540858
3200,-0.631193920235201,-0.6580243199341411,-1862.8571428571488,-1862.8571428571488,0.36702350608372886,2.912584473366617
3201,-0.6871641308628921,-0.7212082011484131,-953.9044498566666,-953.904449952465,0.28129916106687,1.8744484310556124
3202,-0.6619703241445221,-0.686418768264844,-1426.9044486862765,-1426.9044493003166,0.24367983178717254,1.99724118887096
3203,-0.6852944837027796,-0.7129568250018681,-1028.902563733533,-1028.9033184075302,0.22599471118015074,1.4217538544329615
3204,-0.6832517278488406,-0.698568350367027,-1104.7560961915433,-1104.7990731174646,0.18418636039075031,1.0704980759278087
3205,-0.6549657763118383,-0.6825317864654151,-1217.7715585097087,-1217.771558509709,0.267796557287569,2.2252669743681572
3206,-0.663693031996494,-0.7381234542567875,-1023.1468898532396,-1026.1089244179695,0.35715959474585246,2.0839841831168187
3207,-0.6766216277132555,-0.693815735949994,-1168.8684496237504,-1168.8802904367917,0.21781986130436454,1.4128247305836492
3208,-0.6589915913016646,-0.7173554506875249,-1153.4063839923822,-1153.4063839923824,0.3153779740659714,2.168851332495864
3209,-0.6651009730726989,-0.7371102612737307,-1000.3195508903729,-1003.1533036866352,0.30987454610354387,1.7516962632154938
3210,-0.6327381005712461,-0.7443783901802482,-1189.414157994206,-1200.787553964872,0.4590279954661342,2.249687517496917
3211,-0.657334345057429,-0.6636931253036951,-1396.2554385963456,-1396.4203650423124,0.22565619179934487,1.5111956725330664
3212,-0.6549630047828259,-0.6839672310018713,-1202.3374726077432,-1202.3374726077432,0.30271090008111967,2.536937613790236
3213,-0.6762871434483396,-0.6986138705068871,-1176.9014770087565,-1176.9026149481888,0.22719946875424252,1.584846346504665
3214,-0.6962982377209276,-0.7504489987388822,-567.0709739401946,-567.0709739401946,0.23513997844447665,1.3903098747508422
3215,-0.6546889545104901,-0.673922295778608,-1573.9043297074081,-1573.9043814526265,0.25869412904999217,2.3584057137340877
3216,-0.6342010512664062,-0.6676349340474181,-1871.4251848833244,-1871.4251848833244,0.3031587318323023,2.7051213874165643
3217,-0.6507862910618719,-0.6567751682098577,-1500.3294136343438,-1500.4803888041815,0.23731558979905806,1.648760081326932
3218,-0.6919394027820756,-0.7277799799732814,-931.9039600689681,-931.9041800853339,0.22535225277401788,1.3232903269700484
3219,-0.6385655215964475,-0.7463323498155471,-1104.9426723523334,-1112.7528455692704,0.399923934518601,1.9631134996554827
3220,-0.6195547643175578,-0.6901463648704129,-1661.838790931995,-1661.838790931995,0.4222366692147471,2.6963107248202456
3221,-0.6256170294751313,-0.6872206454298762,-1755.4322208608075,-1759.2314276890252,0.4036991041601447,2.7752737009116655
3222,-0.6367229175640229,-0.6800570229210214,-1683.4070285133,-1683.4632507123354,0.32570355736471523,2.6939363742708795
3223,-0.6313859947555771,-0.6503107896951504,-1907.904449999172,-1907.9044499995787,0.35013569137011163,2.9129497542969647
3224,-0.6357159123321352,-0.6633523155511294,-1785.0592861265802,-1785.0592861265802,0.36313934582225404,2.9126588277508034
3225,-0.6230308371756091,-0.6313853431903347,-1910.740134596138,-1910.791313611108,0.30586939552356307,2.421945940435829
3226,-0.6419405271843788,-0.7053821590461018,-1398.5956907966097,-1401.5834848026632,0.358388311617208,2.4692363253550424
3227,-0.6529833811518525,-0.6891144356389427,-1441.358723516936,-1442.2756859633732,0.33061256071396095,2.754466118728944
3228,-0.6413635402703667,-0.6526055994978338,-1623.8432250272954,-1623.863266125582,0.2853117348340675,2.1048283625500375
3229,-0.6806025130029023,-0.7249318549306935,-987.1098400281307,-987.1444822256275,0.21266471462684994,1.2512557046954353
3230,-0.640254703978385,-0.6589769831115696,-1718.9043751917404,-1718.9044078276254,0.3092872520024496,2.8337271138530657
3231,-0.6180691594719648,-0.6174529395936209,-1813.358544352578,-1814.1226355516033,0.2671308147474106,1.7500635753191662
3232,-0.6449938802945769,-0.6643664829161384,-1570.097508125678,-1570.0975081256781,0.2551354636721825,2.3863393271099316
3233,-0.6797982083190863,-0.7009146655349865,-1112.8943754705545,-1112.8979802174385,0.22436046920920255,1.4410815615394994
3234,-0.6808583007623061,-0.7243603858866795,-1010.7649869971657,-1010.7649869971657,0.2950463222793875,2.0379972103990798
3235,-0.6582444332413439,-0.7157482200886339,-1157.617188722405,-1157.8481400993899,0.2639276163831047,1.7551026124483906
3236,-0.6469399205133864,-0.6753423356547367,-1573.9309518568887,-1573.9309518568887,0.3386533443195889,2.9117226531723963
3237,-0.6389146759911368,-0.6427706907947398,-1464.41435846479,-1464.41435846479,0.24536870268308608,1.5924646877026716
3238,-0.6803917427736652,-0.720719051833509,-600.4258339247699,-600.4258339247699,0.15707703505642565,1.0415468156839705
3239,-0.6906432601091371,-0.7398875697422684,-609.8352471293094,-609.8352471293094,0.22227761548942512,1.3891367803205075
3240,-0.6364462422212819,-0.6603104329966565,-1822.5725871205016,-1822.5725871205018,0.34302027921289063,2.9127002444107903
3241,-0.682897850393238,-0.7091568730158094,-928.181009279268,-928.181009279268,0.23304834183800993,1.4035103034920993
3242,-0.6828074420363389,-0.7366876398467093,-738.8630568471594,-738.8630568471594,0.2762695868491994,1.7681049797273154
3243,-0.6437962349855935,-0.6625502119850706,-1297.4331833818533,-1297.4331833818533,0.27677292053518804,2.3334244390716568
3244,-0.6328258477948542,-0.6805770119382594,-1710.2895962602167,-1710.2895962602167,0.33917742350351443,2.708247459390619
3245,-0.6494384993150368,-0.7100114891303342,-1308.5846930394764,-1311.2603851812764,0.37745435564512764,2.624266790489405
3246,-0.6708232253536891,-0.7079816897853158,-1171.0481128544538,-1171.0481128544538,0.3021316562410257,2.3394302320834175
3247,-0.6420716732364847,-0.6836859549024374,-1588.840074006289,-1589.3539229884916,0.37400522969979105,2.9110475467139287
3248,-0.6237866241963381,-0.6844321770012238,-1752.2608933954589,-1752.260893395459,0.440599600473873,2.911424699580241
3249,-0.686448631205824,-0.7313781278163787,-645.4326923076923,-645.4326923076923,0.22162347223067624,1.4413865667274022
3250,-0.6115342914840912,-0.6984571153815701,-1927.0798504811594,-1936.6784505708872,0.560925599167313,2.932596147237461
3251,-0.6463129412636582,-0.6492017071681123,-1517.3761379007556,-1517.7338926767318,0.23074683536891016,1.522971504677106
3252,-0.6701297072386383,-0.6905042157406552,-1229.901381777593,-1229.9025564539643,0.2543799678794395,1.8471939252690666
3253,-0.6681613031938567,-0.7001885192980098,-953.5939470365702,-953.5939470365703,0.2750968673533025,2.1480586135794715
3254,-0.6221100601802518,-0.7345781999024018,-1337.9582681111958,-1345.3709291615808,0.4559417801899385,2.2441956703940207
3255,-0.6358796025434814,-0.6617905610917699,-1600.633914421557,-1600.633914421557,0.3536479480427231,2.912261221005983
3256,-0.6404902549739026,-0.7076195696779175,-1363.8110260834303,-1366.7633292790797,0.31032790974188285,2.039786361258768
3257,-0.6592202851445179,-0.6876822190824952,-1022.6576852418881,-1022.6576852418881,0.2771654529260395,2.3575329161391925
3258,-0.6835076737830739,-0.7252884564964147,-991.6705676932216,-991.6705676932216,0.278822016342337,1.8612125791464762
3259,-0.6602047755766846,-0.6872793507571892,-1241.4133114215301,-1241.4133114215308,0.2745835317318602,2.3088929528951723
3260,-0.6892622763349618,-0.7205292210820784,-958.9036044018203,-958.9039692848759,0.24756259034163366,1.5384280974246658
3261,-0.6637184417429438,-0.7019643760899607,-1268.2838109479792,-1268.2838109479794,0.30626840530915567,2.474870954183861
3262,-0.6737812910142791,-0.716198966183087,-1012.9409679134915,-1012.9409679134915,0.2790634090091382,1.9494211214466466
3263,-0.6824578818566982,-0.7284528396339408,-939.9044225318576,-939.9044358947158,0.18990499448199114,1.0807981700757214
3264,-0.6351519998331634,-0.6636826566455696,-1862.3482371527455,-1862.564032821607,0.29024726060493794,2.6587345017651174
3265,-0.6509058059906851,-0.6837621590065222,-1490.1893179680035,-1490.1893179680035,0.35234260774993964,2.901118148549347
3266,-0.6874675383681214,-0.7331798767846768,-931.525278171271,-931.5797894123165,0.2536186042154642,1.5093705094842136
3267,-0.6365896915770791,-0.6485254654564013,-1714.8655799692622,-1714.8787865222494,0.29490141054951796,2.3557543076390126
3268,-0.6468900997704383,-0.6697809394397065,-1285.6342761131395,-1285.6342761131395,0.29094212457663,2.545440095576837
3269,-0.6388371333941367,-0.7182384695901542,-1331.4635089299575,-1335.55629154161,0.42382081556335494,2.4223679756518024
3270,-0.6715987161388922,-0.681150753979013,-1211.4319575228983,-1211.5529865362023,0.204742556199981,1.2251945462331466
3271,-0.652321468962485,-0.7233834866092137,-1044.9034575662336,-1044.9034575662336,0.3829408512753183,2.314567519021395
3272,-0.6500052723537032,-0.6661698277188711,-1550.9003587699765,-1550.9019181951467,0.27993588821045345,2.2221648526981475
3273,-0.6400387699462836,-0.6750308970921193,-1664.7711920465172,-1664.7711920465172,0.38743814644990104,2.911963637539156
3274,-0.6339797296902211,-0.7260214544817439,-1263.6674259681051,-1263.6674259681058,0.4284853936941996,2.3165655049861247
3275,-0.6545679613299275,-0.7038838927084419,-1291.7700509646272,-1291.7700509646272,0.2810599071873278,2.144183360778265
3276,-0.6462656782156202,-0.6709632421525877,-1600.9044499975198,-1600.9044499987374,0.3114799665664517,2.8362966898210207
3277,-0.64942433991947,-0.6797692897259411,-1582.4535474041797,-1582.4535474041797,0.24582944840490867,2.1980984404872816
3278,-0.6871873821924587,-0.7113173073736282,-1018.8934961381563,-1018.897440302447,0.21268851628294128,1.2622301164361374
3279,-0.6388561243110032,-0.6670376225010005,-1684.7962938468957,-1684.7962938468957,0.35706460324804185,2.9123681054354944
3280,-0.6598063168679081,-0.6879560864186747,-1379.1016340317237,-1379.1016340317237,0.30014549033320465,2.5091721785416587
3281,-0.6746226799802411,-0.7058840278491676,-804.8216242542342,-804.8216242542342,0.2178312976644992,1.4953880033313245
3282,-0.6298090312484838,-0.674784334520259,-1828.0087740986019,-1830.5788080950156,0.4367857111587222,2.9119463222841517
3283,-0.6640348905498723,-0.6881896730013285,-1317.9044355730641,-1317.904442086569,0.2819906017689157,2.2518469652665885
3284,-0.6731244534921331,-0.6913528390267513,-1215.889577571485,-1215.8947898399554,0.2304153679618487,1.5846436366407752
3285,-0.6688361199842574,-0.6939356671522162,-1297.904423687902,-1297.9044353894956,0.2455079069661437,1.9265920824203735
3286,-0.662073551074704,-0.700142307518646,-1286.1238906141782,-1286.1238906141782,0.3333334527385793,2.6694233429568253
3287,-0.6514660769351629,-0.7184969119546127,-1169.9276641436927,-1172.4368147686891,0.2679701385353208,1.5778324008531708
3288,-0.6412446306623363,-0.664169460133912,-1764.5180342975568,-1764.5180342975568,0.30783981685184625,2.889913282695414
3289,-0.6405647711872844,-0.6565714356329144,-1492.774566473996,-1492.774566473996,0.28000061953640654,2.2134247288429525
3290,-0.6414019797260764,-0.6695275827015177,-1484.5470692717586,-1484.5470692717586,0.3204897145299315,2.8385319103623954
3291,-0.6734696972935951,-0.7272617510434977,-990.8518353565763,-990.8849097858807,0.2227318518053975,1.289559689655144
3292,-0.6639384526336343,-0.683162033531746,-1429.9036565257536,-1429.9039780891278,0.2343197247874111,1.8901291235905946
3293,-0.6381342686710754,-0.7355102917527325,-1193.0579523355998,-1195.1552334131502,0.4075877115982739,2.166928136246005
3294,-0.6708188777524801,-0.702407051579523,-723.9436619718311,-723.9436619718311,0.17584397746817348,1.218651712277948
3295,-0.6602614240968885,-0.6746089159688776,-1441.8790438623812,-1441.8877716256416,0.23824480002986545,1.8244573782621694
3296,-0.6406004614522697,-0.6799803531532804,-1631.0946942157816,-1631.3902489856093,0.39031593751592797,2.9114741847132968
3297,-0.6861278752128185,-0.711131416916447,-1043.8968274556023,-1043.8996289333609,0.20132799783342933,1.2090540393692693
3298,-0.6625114994461636,-0.6779707118914738,-1362.8862364436366,-1362.8925868114113,0.2483818235270463,1.8802777231798464
3299,-0.6340830598281639,-0.6555088216482046,-1793.1582006396034,-1793.1582006396034,0.3589299966987916,2.9129049749112568
3300,-0.6819493412305069,-0.7219659111744384,-738.198403648803,-738.198403648803,0.2484161120786602,1.7259601896152594
3301,-0.6456853432640872,-0.6821157575428392,-1565.4797035925467,-1566.15343789805,0.3621524863016329,2.9109989841891584
3302,-0.6589416116541083,-0.7021579715588426,-1294.1806109194395,-1294.1806109194395,0.328626856962082,2.5625043200112816
3303,-0.649723593844897,-0.6701237377974417,-1584.9043911403662,-1584.9044169435344,0.289706097972798,2.651030547950042
3304,-0.6702096875239852,-0.7149879942003168,-940.7744874715268,-940.7744874715269,0.2952306784257757,2.168473083436646
3305,-0.6586479001811955,-0.6815067859802508,-958.4525580863062,-958.4525580863062,0.23720007551504943,1.7904009463770667
3306,-0.6625855634118336,-0.6878134837645093,-1174.3492407809129,-1174.3492407809129,0.28230730784919844,2.1917613336839366
3307,-0.6370779571297845,-0.7003688861174816,-1469.1062167878222,-1472.0926327455402,0.3190907617483957,2.2797098874055637
3308,-0.652206961011471,-0.7169967684798961,-1079.4669299111595,-1079.4669299111595,0.3279343258360104,2.173351155784084
3309,-0.6914569316989053,-0.7235616001940826,-926.895154482525,-926.8951544825262,0.2114966002538268,1.211057210314062
3310,-0.6566030737508376,-0.7224387986841867,-1146.189619818217,-1148.8215567307159,0.3217389698798869,2.1385975893894256
3311,-0.6773504391752965,-0.6941415778007347,-1064.8167386308248,-1064.8433344377472,0.23294208092231133,1.4015928430584947
3312,-0.6372122413565572,-0.6696623532700898,-1730.9158587617892,-1730.9158587617892,0.38180519068964536,2.9122975960662085
3313,-0.6281693030821442,-0.7387631893582257,-1272.941300730338,-1281.6111898749625,0.47483831243285524,2.2825720555260514
3314,-0.6242215317552224,-0.7221325161161083,-1406.2238171325582,-1406.2238171325582,0.42322003123563867,2.2828841619924605
3315,-0.6807759942660514,-0.73105015965519,-934.1944153712216,-934.3769843961152,0.20412623745086245,1.1660630248183832
3316,-0.6692103190967719,-0.6787057137617541,-1219.4530099295214,-1219.5693467162619,0.2121341202663415,1.2857961240786744
3317,-0.6798479157920856,-0.7209724875646437,-671.4428523825402,-671.4428523825403,0.17294108756122387,1.1888173619409952
3318,-0.6760740905432292,-0.73179628962625,-996.4075456828075,-996.6740142350209,0.31476433999968434,1.9946866688826002
3319,-0.6355391938910142,-0.6869947436445912,-1651.405066917851,-1654.1935269385879,0.38587569512731623,2.889991618461239
3320,-0.6461047629085489,-0.7007363420367041,-1372.8154393247498,-1373.4290073410552,0.26778226226453666,1.893533117346083
3321,-0.688960683435806,-0.7061373398611556,-966.6858912954181,-966.7458528188579,0.19691516102173615,1.0227607682571698
3322,-0.6593340602437567,-0.6769810009430102,-1277.8974588047136,-1277.9000326778234,0.2885780823948343,2.0583711643145444
3323,-0.6494290620927544,-0.666359999025407,-1599.9028261497797,-1599.903470625914,0.27916402934029644,2.3867946039707544
3324,-0.6572640938714255,-0.7508642322505666,-947.1443141746547,-951.19245137047,0.3227293674312672,1.7652925841342086
3325,-0.667740746538211,-0.6905004939457885,-1311.9042787151843,-1311.9043514204752,0.25270442585836744,2.0347696845784813
3326,-0.6856957358466849,-0.7320088280083211,-948.6745101992728,-948.6745101992728,0.2878465327635312,1.8323896487655051
3327,-0.6623321947019397,-0.6766969351815906,-1444.8825968460922,-1444.8901805454161,0.22872892506327988,1.714547726508337
3328,-0.6474502582747502,-0.6756755462278852,-1516.9244620126483,-1516.9244620126483,0.3450453148895883,2.911834402886766
3329,-0.6517517259993784,-0.671984748605554,-1418.9042286236559,-1418.90432236094,0.3105265995494042,2.483690522289504
3330,-0.6636627824957015,-0.7149176810323955,-1156.791364355353,-1156.791364355353,0.2998250396578252,2.103132793166241
3331,-0.6524451268549697,-0.6762510645332139,-1211.090467343151,-1211.090467343151,0.27747486637078783,2.3339292290511593
3332,-0.6335900336413093,-0.7579105339275455,-1084.8201427606334,-1106.1504319209303,0.47902430838887405,2.2629209966712116
3333,-0.6807443750628588,-0.7108830247915205,-928.643505838261,-928.6435058382611,0.23053489225726534,1.4727354783193525
3334,-0.6959778973303709,-0.7500939957715029,-555.0037248572153,-555.0037248572154,0.22408400463998968,1.3002660795742698
3335,-0.6303738173404163,-0.68156385523368,-1783.6546315047017,-1786.7709896354645,0.42039531541348024,2.9111790581562307
3336,-0.6214034269831583,-0.6887085350606342,-1781.1111715586464,-1785.4866353363698,0.38745574107194475,2.663804133923298
3337,-0.6171842803462629,-0.6270324671009183,-1923.8809877902593,-1923.8892020650387,0.3409384320649663,2.7654727581599237
3338,-0.6361096708750231,-0.684737793766419,-1634.381174470764,-1634.952907534531,0.34749654803307733,2.71009592560985
3339,-0.6298150520754953,-0.6460667805404958,-1905.9041679986776,-1905.9042873546239,0.330330412509994,2.909307613674983
3340,-0.683216355540238,-0.717781323017867,-1000.9381006796254,-1000.9381006796254,0.28452515444549803,2.008502922262151
3341,-0.65829372058768,-0.6800193226366319,-1245.436893203887,-1245.436893203887,0.2239629629702256,1.7027727402180577
3342,-0.6426469374055274,-0.6761730881520528,-1649.8201229643187,-1650.279985508198,0.3387451355275058,2.9040553681940096
3343,-0.6299329202106106,-0.6647499645739587,-1891.1460582263412,-1891.1460582263412,0.37242373672840634,2.912086549846004
3344,-0.6727053319762042,-0.7062558893544443,-1166.4601091496963,-1166.4601091496963,0.2815569816909443,2.2012140551356087
3345,-0.6362827903894583,-0.6468807913344277,-1811.8463526035687,-1811.8655358027713,0.2796088520711775,2.2808924477707344
3346,-0.6500226591781352,-0.6686338816668067,-1458.9035722295625,-1458.9039276118663,0.3040059990681192,2.410998659863043
3347,-0.6651936807290624,-0.6900499941441021,-1366.9044464186074,-1366.9044480708342,0.2470580547325795,2.0063319382858396
3348,-0.6610415424600422,-0.7060287490488577,-1248.049166686015,-1248.049166686015,0.30885652236815553,2.327908654963634
3349,-0.6933878968212546,-0.7215484648414531,-948.8923467336673,-948.896796231155,0.1902981082991339,1.0389382808177055
3350,-0.6182949607311857,-0.6330912071388712,-1803.903078614295,-1803.9036309732546,0.36293259410453726,2.859020560693237
3351,-0.6518501894198934,-0.6717251531837314,-1031.4210902166196,-1031.4210902166199,0.2354020405354216,1.8558945830885263
3352,-0.6645859307581953,-0.6911754620955631,-1182.447123937539,-1182.447123937539,0.22808846700500668,1.701996765021651
3353,-0.6927720000354102,-0.7456097519137223,-575.0476709343507,-575.0476709343507,0.2141339054050188,1.3035731586378128
3354,-0.6287339560604298,-0.6870140693343483,-1533.1065166186875,-1533.1065166186877,0.4160526617322857,2.8482407239719616
3355,-0.6176905914279396,-0.6273142418341197,-1887.8568351962779,-1887.8728226491658,0.3356947424257207,2.6432303306505847
3356,-0.6592536257809278,-0.7285631177157412,-1038.6088400440483,-1039.664930297295,0.24026514296734497,1.3556508397119253
3357,-0.6376145621413473,-0.6662724212920796,-1777.705666984324,-1777.705666984324,0.34210779627538834,2.9119551740244196
3358,-0.6696281490515525,-0.7348383682750409,-988.9949126246748,-991.2987965306937,0.2985117622032651,1.742671013200605
3359,-0.6244081602980535,-0.6846494068905548,-1825.8903915195194,-1829.8174048705125,0.4149574636793333,2.878388281801418
3360,-0.6762811431944157,-0.7207294710464246,-789.4282259457598,-789.4282259457598,0.22531350659128757,1.5934763722483574
3361,-0.6321032745372939,-0.6553835107979541,-1449.1099954358724,-1449.1099954358726,0.359029784532585,2.8034090428255727
3362,-0.6467575604363153,-0.6687638200299971,-1664.904449912889,-1664.9044499547845,0.29848709318637784,2.80579086376683
3363,-0.6335411192656802,-0.6862961196005737,-1673.0322785316334,-1675.9227376786237,0.38124293667485454,2.8352395877592227
3364,-0.6764025083062147,-0.7012252304407866,-1150.9037124303309,-1150.904013771404,0.24287646411920316,1.7324307942133421
3365,-0.6596844058860317,-0.6824114315706983,-1402.9044200744145,-1402.9044333764962,0.28009236178389346,2.3128784437724765
3366,-0.674553018999863,-0.7056981659517234,-1168.904448749243,-1168.9044495679946,0.23599998026315802,1.6967068569982708
3367,-0.6693271601360772,-0.7006171615855686,-1234.9044495919172,-1234.904449807838,0.22254205687806544,1.6137658056593773
3368,-0.62963965913472,-0.670787007781752,-1787.1711498669874,-1787.1711498669874,0.3351488533260412,2.7103380315151786
3369,-0.6465506253172546,-0.7135320933136632,-1291.3569615096826,-1294.4056676952807,0.35549872963186324,2.325946120128581
3370,-0.6592277492583484,-0.6696267060304604,-1421.764797590924,-1421.8067820472534,0.2337194752651268,1.710500662309996
3371,-0.6469559223920736,-0.6701084731889002,-1491.9044485786735,-1491.9044492460575,0.32601951672177604,2.7754914527253054
3372,-0.6756374023759322,-0.6957689258632415,-1126.894558622146,-1126.8981035947138,0.24864504203919652,1.679781377591478
3373,-0.6775593199618678,-0.703470852125775,-1080.9039904886886,-1080.9041834755658,0.27121747911476396,1.8831062563310612
3374,-0.6298910485277694,-0.6889940627566663,-1669.3127966882814,-1672.6612285188278,0.3789556030814926,2.710072588187708
3375,-0.6383493627020507,-0.6653354209681315,-1801.2177759783194,-1801.2177759783194,0.30901102461066793,2.7862777653949267
3376,-0.6127208853007232,-0.6879974214092811,-1972.1886490735885,-1979.6013601211994,0.4805230907989433,2.9115678582614417
3377,-0.671324926166629,-0.6976920818651374,-1042.665926677063,-1042.665923034022,0.2498297540905611,1.7282522279359438
3378,-0.6535439958578744,-0.675158112592289,-1014.20317766009,-1014.20317766009,0.23652477975143046,1.8702547662869564
3379,-0.68583889380953,-0.7304989538836015,-594.588344125809,-594.588344125809,0.19892272240514597,1.272496009554271
3380,-0.6528421823249322,-0.720377559569305,-1198.3197956335912,-1201.2666801771718,0.35375025085551426,2.313059806574701
3381,-0.6768448757814725,-0.7165072457230135,-572.3406972289619,-572.3406972289619,0.1511337375304204,0.9833844155816908
3382,-0.6564025163084392,-0.6703776719337515,-1447.8765405168501,-1447.886062844332,0.2537048514466035,1.905043515428532
3383,-0.6510843044234936,-0.6905465292062547,-1274.2537313432829,-1274.2537313432829,0.3435537190151959,2.764445276022699
3384,-0.6509990313059629,-0.7098692278353269,-1264.938542507889,-1267.1073376223887,0.3074982676139373,2.2584369770213204
3385,-0.6358450502508779,-0.6635251580207839,-1514.2509793327026,-1514.2509793327033,0.3618893245471763,2.898805733071041
3386,-0.673642685955367,-0.6901860045867988,-1250.8733223275788,-1250.88373119532,0.2082190317528206,1.3958718782424828
3387,-0.6311277317994423,-0.6399999350083284,-1451.8716577540117,-1451.8716577540117,0.24806138587359147,1.893541083319101
3388,-0.6203531243730543,-0.6790123044997846,-1914.1582408605664,-1918.1386603412516,0.3904548527378382,2.797176212871126
3389,-0.6474364209801526,-0.6771702430382188,-1413.887204366285,-1413.887204366285,0.3390544367467412,2.830411562450026
3390,-0.6604386481229033,-0.7028328052939554,-1279.0566686257791,-1279.0566686257791,0.3161097608310149,2.478825457626428
3391,-0.6369767715851128,-0.671597963196488,-1756.5878558361082,-1756.5878558361087,0.36132029405595384,2.9115156810643406
3392,-0.6820744691847539,-0.7261952093648882,-742.8066633013641,-742.8066633013642,0.2551873826976468,1.8160195463954314
3393,-0.6943741523213685,-0.7187813932340522,-949.8655081830576,-949.8784725841997,0.18191444142223614,0.951954638655532
3394,-0.6511135476637306,-0.6921968901274063,-1420.917222648122,-1420.917222648122,0.243433799421934,1.9459742800200392
3395,-0.647663395924963,-0.6732602365443403,-1512.2107031545825,-1512.2107031545825,0.3313119908524392,2.862007995062627
3396,-0.666973044286192,-0.7025438670478437,-978.5881565741053,-978.5881565741054,0.25343405228609744,1.938881922114589
3397,-0.6745380456156994,-0.6934284152124236,-1164.8904553286172,-1164.89536763953,0.24027309030134986,1.63161576009983
3398,-0.6291131451200781,-0.6628197241601306,-1891.0207132667015,-1891.0207132667015,0.41561602802661946,2.9214686557953677
3399,-0.683424419312177,-0.7235166715090542,-901.9168882048417,-901.9168882048417,0.2795681814567326,1.8442371025727873
3400,-0.6447692760731822,-0.669753639372498,-1749.6956012348771,-1749.6956012348771,0.25102772746579055,2.4538622955217826
3401,-0.6854998318748237,-0.7266417923183196,-803.4764560902858,-803.4764560902858,0.2641387663206433,1.7257419350914505
3402,-0.665666110963646,-0.6929475005305482,-1336.904449932959,-1336.9044499765857,0.25269118920864136,2.044726674577075
3403,-0.6443547319355264,-0.6615581696417016,-1778.904347373699,-1778.9043917523534,0.27747056130870706,2.6125857021717613
3404,-0.685547307799454,-0.7271194364187459,-969.0379584979977,-969.060002037798,0.23084388957412894,1.382042065422261
3405,-0.6658096646018509,-0.7136169772337845,-1163.6666590068473,-1163.6666590068473,0.31884562994898336,2.2771771378813592
3406,-0.6837499182019935,-0.702265554099975,-990.8070432938158,-990.8362041310946,0.22293567396635441,1.2598397356014408
3407,-0.6672536724228155,-0.6898181069500847,-1235.90406251424,-1235.9042247241068,0.27947846499786444,2.0763752689182544
3408,-0.6743096876879089,-0.7028039563542174,-1190.9044181369181,-1190.904432415383,0.231375963142677,1.6681359046728752
3409,-0.6438633123781989,-0.661755425299834,-1794.9044457182817,-1794.9044476818851,0.2756170332827169,2.5487810201921723
3410,-0.6690876967727127,-0.6977122219424955,-1052.4103831891218,-1052.4103831891223,0.2861237860739006,2.105747480122935
3411,-0.6415882708823408,-0.6554115585234003,-1688.6756238003852,-1688.6756238003852,0.2527994587697569,2.211037270985008
3412,-0.6641008973489714,-0.6771509327510843,-1264.8088880797334,-1264.838114889358,0.24769355301779983,1.7168275872555936
3413,-0.6313342858964641,-0.6492680502917545,-1733.9042883322581,-1733.904357681574,0.34457934974661836,2.9003857174601593
3414,-0.6774934778361896,-0.7111824177647662,-1091.1268006724438,-1091.1268006724438,0.2784744658791617,2.0689462901528954
3415,-0.6491915101356739,-0.6684740086480275,-1700.9044481167357,-1700.9044489898417,0.2581097998812303,2.404983507115845
3416,-0.65372459938462,-0.6810909828712951,-1502.9945491954272,-1502.9945491954272,0.3097866005690585,2.7034750743477405
3417,-0.6354112995844237,-0.664000049689085,-1816.8267614751244,-1816.8267614751246,0.34836430026677134,2.912210143853587
3418,-0.6822872001519305,-0.7341231512218003,-937.6920537607373,-937.7737776504334,0.24532322415390936,1.4139986400268192
3419,-0.6645474722319574,-0.7078704868200681,-1215.9540702865197,-1215.9540702865197,0.3283428807116393,2.564696462799023
3420,-0.6244073147937222,-0.6738146434037825,-1925.027540101142,-1928.319443535291,0.4590643619486398,2.9835682303432316
3421,-0.6930239672492178,-0.7529264843336353,-620.7209936382924,-620.7209936382924,0.2545404528309545,1.3898016259119061
3422,-0.6660686834728361,-0.7078199982656966,-1185.1248645733406,-1185.1248645733406,0.24381085060379815,1.6998195601368746
3423,-0.6610869137159802,-0.7429559955765315,-992.0598733647062,-995.4656243574696,0.33386002708701285,1.8069707352245987
3424,-0.6508033103163753,-0.6800263978416583,-1300.52581906431,-1300.5258190643103,0.33701145072873356,2.7540739545017345
3425,-0.6694848111930126,-0.6920847019836617,-1143.2952802862515,-1143.2952802862517,0.22249718711082767,1.572675268377231
3426,-0.6692557124252941,-0.7163448707469535,-1107.0486879077546,-1107.0486879077546,0.2561931719327312,1.7070363218437319
3427,-0.638317396611107,-0.7141659452256675,-1358.8688390509346,-1362.862432263868,0.39181776150427916,2.326068014241646
3428,-0.6777870305348819,-0.719700390705343,-1053.765425238878,-1053.765425238878,0.25561170082582657,1.6903648634554118
3429,-0.668597812194306,-0.7116237901052973,-1142.0500902362082,-1142.0500902362085,0.24494735220020883,1.6649864046718854
3430,-0.6605127630678642,-0.7282383642936743,-1076.0596033629072,-1078.7010152505259,0.3066277991301258,1.8789718165613345
3431,-0.6380785408553474,-0.666337556617936,-1730.2767456858073,-1730.2767456858073,0.3604939766661406,2.9123239466040594
3432,-0.6549553248060489,-0.6762818011079731,-1485.904399635734,-1485.904421779897,0.2859875772429872,2.446160968088896
3433,-0.6600477768934152,-0.7104061863984221,-1217.8642698300844,-1218.4849611465559,0.32379702918234093,2.3289906603034227
3434,-0.66049565653358,-0.6911736001491703,-1367.9044499959796,-1367.9044499987074,0.22058085105219094,1.6860449158497006
3435,-0.6298367211250733,-0.6681678496192666,-1804.6786282080402,-1804.6786282080407,0.39708644209809196,2.9117875172343215
3436,-0.6602980485602836,-0.688490237525935,-990.7331378299126,-990.7331378299126,0.2734642621147206,2.2623726836570732
3437,-0.6558358599328856,-0.6873097121175074,-1226.1141749888243,-1226.1141749888243,0.31962573934189387,2.6592170122311596
3438,-0.6370457314234066,-0.6905319002899967,-1566.2703164621626,-1568.506397627333,0.3180829385016222,2.4172885077973136
3439,-0.6501163133810492,-0.662762390070434,-1610.8783239882357,-1610.8873720478136,0.2578453177131286,2.029003061994068
3440,-0.6625124878732599,-0.695600156119493,-1009.3297323839928,-1009.3297323839928,0.30379984655250214,2.5578443676318496
3441,-0.6500281301429035,-0.7472714992065368,-1049.8166152172457,-1055.417948272845,0.4036898897264188,2.1397093911786103
3442,-0.6333963633575249,-0.633907881457785,-1582.7262870838413,-1583.400865534985,0.24449308710650036,1.5486397218190724
3443,-0.6347252799102544,-0.6459346094984839,-1724.298340828039,-1724.298340828039,0.2742883890484991,2.1616779787139104
3444,-0.667291220362329,-0.700518747985102,-1239.9044499914316,-1239.904449997225,0.21969884190897818,1.5766721659005063
3445,-0.6397624122376117,-0.6773364251515753,-1462.814645308929,-1462.814645308929,0.27251574443681525,2.336876148041655
3446,-0.6864378628988589,-0.7224852751510322,-981.9038803059944,-981.904130343548,0.19614435769310778,1.145158079080634
3447,-0.6628105803148622,-0.6746555035438914,-1178.9789097614403,-1178.9789097614403,0.24075135807857662,1.5433038580354939
3448,-0.6460329332877011,-0.7071539799660371,-1347.719407604175,-1350.3567821848865,0.35631496395952306,2.496807273330554
3449,-0.6566329085748718,-0.7151751061988153,-1215.6373615343546,-1217.9504179403743,0.37048864661803727,2.5196230344722976
3450,-0.6604861367136281,-0.6817867318719898,-1427.9043282746227,-1427.9043805559918,0.2682343572707084,2.2420584268324966
3451,-0.6215968064575477,-0.6254530543355958,-1777.9073023093872,-1778.164006855826,0.2897798082725001,1.976793814463509
3452,-0.617885207504259,-0.7049458346972703,-1684.3362729284693,-1684.3362729284693,0.4889320929343842,2.7320052165249225
3453,-0.6367127735443368,-0.665858585893494,-1768.107289522387,-1768.107289522387,0.3602540348472297,2.912274752629983
3454,-0.6368181706716548,-0.6546582807362711,-1567.9037925147109,-1567.9040621433637,0.3371136811148728,2.6648063249855563
3455,-0.6838244517169657,-0.726579486972083,-967.9044480602945,-967.9044490191638,0.21084455656719647,1.2249336179954229
3456,-0.6786117481474419,-0.7269794479359507,-1011.7061559807639,-1011.7061559807639,0.29205427982793697,1.9027861857834312
3457,-0.6639873469164356,-0.711990442003798,-1188.827505521212,-1189.238730523317,0.33976724536637276,2.507573323038753
3458,-0.6794597572826871,-0.7287250814536058,-791.9326755658755,-791.9326755658755,0.2823878031024239,1.9808957882530773
3459,-0.6684278960342563,-0.6811316034644243,-1235.7682760748003,-1235.8084565946117,0.2321393710031191,1.5362224123407926
3460,-0.6509487832054124,-0.6754621271753314,-1400.904449922364,-1400.9044499599488,0.3333701460762449,2.720419468473817
3461,-0.6770533919736907,-0.7039197581173001,-1100.904245957897,-1100.9043342401817,0.2681256800686762,1.8930780542198233
3462,-0.6205873683370318,-0.7699270639968884,-1025.005714687908,-1054.267677607548,0.4853933739028916,2.5158434328000268
3463,-0.6823583324218638,-0.7153660372313886,-1052.9043805290974,-1052.9044117610576,0.22293344487357783,1.4431536577662873
3464,-0.632172673761706,-0.6602340045603448,-1889.7375839454828,-1889.7375839454828,0.3990640659631941,2.9296614564714782
3465,-0.6343306723264988,-0.6659878377726112,-1830.5697799500829,-1830.5697799500829,0.3544489169886594,2.911947142907714
3466,-0.6271570575551538,-0.7306410358707417,-1308.9686973713249,-1310.9520075388186,0.419062779862145,2.1544309145541973
3467,-0.667758820567481,-0.7101243224368775,-1039.81648369655,-1039.81648369655,0.30978031806527434,2.35919813948734
3468,-0.6317279739655997,-0.6523518883008548,-1450.5005561735297,-1450.5005561735297,0.34896968868300193,2.63621056775222
3469,-0.6713247636808831,-0.6961129529360655,-1184.9042362833761,-1184.9043279920575,0.273135607233193,2.040049922064496
3470,-0.6489598166970998,-0.672293629267369,-1554.9044497157831,-1554.9044498514547,0.3087479848648854,2.7984286294559166
3471,-0.6178100984097117,-0.6335944379564268,-1860.6339220904913,-1860.6339220904913,0.3704361807904548,2.9129374734234648
3472,-0.6331202939620731,-0.715510161401144,-1409.2697532410896,-1409.5571533368548,0.45098301209865443,2.5786371984108576
3473,-0.6571606952530317,-0.6784338660993668,-1403.9042681040094,-1403.904345432039,0.286465885662449,2.278230047719353
3474,-0.6671354843253279,-0.719462894378476,-1111.8658046552316,-1112.897448164279,0.3229936532254421,2.2320597072675623
3475,-0.6622578096100225,-0.6828706197364884,-1280.9036460216325,-1280.9039732086476,0.28890737516787374,2.1420115554628922
3476,-0.6498026633726236,-0.687394141239723,-1354.7787281517358,-1354.778728151736,0.3528901159985329,2.874912201869804
3477,-0.6512992049612506,-0.6681248015650155,-1070.4186684969102,-1070.4186684969104,0.2064213830760227,1.7268228180288128
3478,-0.6541936587841912,-0.7194991255913229,-1202.0770269688653,-1204.8888050704852,0.3728605208517412,2.3605645149602323
3479,-0.6580168892231737,-0.731449004316798,-1083.6873824992808,-1086.7843300785466,0.33836504438472453,2.0676697196494054
3480,-0.6197501125098119,-0.6261369928193032,-1895.586306106355,-1895.6795017353797,0.30734811698995224,2.34765750748984
3481,-0.665312892252811,-0.6864991073789031,-1252.9036537007544,-1252.9039779647544,0.28244087715087296,2.091226347809111
3482,-0.6657221262042116,-0.6999264497307582,-996.406229202716,-996.406229202716,0.29239046462512713,2.362806518435349
3483,-0.66932128860676,-0.6995870509480916,-887.7831159917655,-887.7831159917655,0.19280019457557995,1.4050823549585094
3484,-0.6532406451374205,-0.7091188306691859,-1262.479248349961,-1263.8084570256487,0.3187853310911713,2.302229349935019
3485,-0.6587690322538448,-0.6707362066120945,-1291.7860425601284,-1291.8216338108693,0.25849332111852863,1.7438883216455452
3486,-0.6902829916085184,-0.7202748687958199,-956.902543567381,-956.9033283262592,0.23585682237043235,1.4193420987985106
3487,-0.6642972571955312,-0.7218271836513,-1098.6563179578711,-1099.6984875789224,0.2946644736714006,1.9346894827285204
3488,-0.6350269949482361,-0.6594814481446666,-1872.946812150048,-1872.946812150048,0.3754928644318434,2.912832209772167
3489,-0.6699591119152483,-0.7173331252507983,-1115.2697570894593,-1115.3415387847913,0.3170025627656936,2.2557877536020676
3490,-0.6581016768900914,-0.680858344490938,-1102.9203956665153,-1102.9203956665156,0.27646131867681867,2.12979513636003
3491,-0.6703734741193244,-0.7034410753245371,-921.7081850533834,-921.7081850533837,0.22700031273845847,1.6688411315053986
3492,-0.6820280482014931,-0.7288064282276002,-759.7183098591545,-759.7183098591545,0.2601942098689387,1.8046478245846376
3493,-0.6517743956512007,-0.6736434791935333,-1568.9044359530121,-1568.9044422926622,0.28601617386286227,2.5268011094054565
3494,-0.6521202147413864,-0.667773335383793,-1145.5387905429513,-1145.5387905429513,0.24601959132820453,1.7288804127103334
3495,-0.6679291759509328,-0.6919898911219154,-1177.9042185973547,-1177.904318088708,0.29458708129911876,2.1522526909393043
3496,-0.6496575051728651,-0.6635673707612677,-1703.8957633653877,-1703.8989797627246,0.24898849846770976,2.208903402314023
3497,-0.6891064970104661,-0.7333461102030481,-598.6279937417264,-598.6279937417264,0.19623456035935896,1.2250571526257288
3498,-0.6459500569127485,-0.6615376083405671,-1430.6301585222077,-1430.6301585222077,0.2878031604908439,2.1422098148584174
3499,-0.6811399533744209,-0.7159223018176178,-1025.09834854891,-1025.09834854891,0.2859106543623924,2.0620863634587985
3500,-0.6372864538176017,-0.7348901202304758,-1174.5381444844998,-1176.6478120205154,0.3740908373999032,1.8633034700920286
3501,-0.6654949920959435,-0.7055750698233443,-1014.778325123154,-1014.7783251231541,0.29937890882071017,2.3555719663028003
3502,-0.6329729864856911,-0.6383343593158682,-1814.4363406931284,-1814.5652363493007,0.2677527341779864,1.9181575915851408
3503,-0.6754586066152403,-0.7204816708447638,-1053.8858712150775,-1053.8858712150775,0.2501270618130972,1.6154132165053368
3504,-0.6748118081056838,-0.7152910359558994,-862.1734738057471,-862.1734738057471,0.26484483485242194,1.9367000934654404
3505,-0.6531091765070235,-0.6831359402144809,-1469.1832109543075,-1469.1832109543075,0.3301233514384004,2.8376178936936873
3506,-0.6456662240972808,-0.6753706873020761,-1615.1601448699876,-1615.1601448699876,0.34130216582373457,2.911373047984451
3507,-0.6778638387894735,-0.7135038551414044,-1091.9789386848197,-1091.9789386848197,0.24755187265611117,1.7146554445251012
3508,-0.6469947658873477,-0.6631227638025479,-1628.9016458794715,-1628.9027354921573,0.28195280026139363,2.419004149223993
3509,-0.6973888959665264,-0.7172816497216046,-927.7398932928423,-927.787069199834,0.16880630713032638,0.8323474917345962
3510,-0.6621186566079101,-0.7242531469703342,-987.2068230277214,-987.2068230277215,0.32902161757365994,2.0999586332450946
3511,-0.668878612448164,-0.6834678417155602,-1330.8645947262353,-1330.8777630541692,0.21520526389855774,1.5074707518996673
3512,-0.6669330114954142,-0.6847578063581478,-1170.8858757561552,-1170.8922845764196,0.27042156926465705,1.8294809419653133
3513,-0.650280734955425,-0.6642019252027848,-1686.8946001605027,-1686.8982215324259,0.2492189139027849,2.17349799780313
3514,-0.6605739033211889,-0.7118155342852349,-1174.1332769751057,-1174.1332769751057,0.2520217464374826,1.722791894838268
3515,-0.6400118166709814,-0.6569538329070777,-1807.9041036529322,-1807.9042490076347,0.29848380154164694,2.8214995361119817
3516,-0.661389719483372,-0.6809336156494848,-1367.9032953245303,-1367.9037562157914,0.2679594599897704,2.1404413244032723
3517,-0.6787899049552245,-0.7216651106910871,-1038.8130558439318,-1038.8130558439318,0.26497585050133865,1.7582956532921121
3518,-0.6714373299232058,-0.7093723859104603,-1160.0527303626675,-1160.0527303626675,0.29720049297314205,2.313574398847324
3519,-0.631750786104961,-0.6692479223024981,-1874.350529793429,-1874.4346743006058,0.32336367956808454,2.724031623403534
3520,-0.6518241470917278,-0.6898790421170177,-1280.991735537193,-1280.991735537193,0.30075796406142713,2.4689369487181754
3521,-0.6640280666730388,-0.6743053539044835,-1239.5847589107213,-1239.6708650612527,0.23240659095992658,1.4820325753334394
3522,-0.6550022275200412,-0.6787551986261514,-1429.9044485465406,-1429.9044492287192,0.30642432390265983,2.660613890768299
3523,-0.6583024884211834,-0.6871683851930587,-1357.7928671766094,-1357.7928671766094,0.32418672194178066,2.752443438061303
3524,-0.6651592603247749,-0.6929353607078232,-992.222554591685,-992.2225545916851,0.23424652950362643,1.79625041253163
3525,-0.6647602595872378,-0.6747990434725892,-1240.560728507209,-1240.6525472863018,0.22910928781545623,1.4494096708304356
3526,-0.6314800434334199,-0.6505680709654731,-1836.9044497158736,-1836.9044498509581,0.3487935912954319,2.9128892811822777
3527,-0.6543816619491206,-0.6966662465433552,-1372.0688674072346,-1373.0510396229563,0.32003347011034544,2.5834630508595553
3528,-0.6370316486045272,-0.6512129438414673,-1805.9003101843666,-1805.9019010778861,0.303896139653154,2.7130924002925525
3529,-0.6718635358212588,-0.6940496193614824,-1195.9030601729964,-1195.9036126497267,0.25903451873581856,1.887715356745205
3530,-0.665634523562011,-0.6893171030611206,-917.1050760699578,-917.1050760699578,0.19437195196661208,1.4793769089480646
3531,-0.6554280956649633,-0.699525795497267,-1340.818360330064,-1342.7902271225971,0.34862815139599596,2.7502096381317505
3532,-0.6422059642753285,-0.690718252501833,-1524.6358785014759,-1526.9406101721497,0.396606800416428,2.9110807929990474
3533,-0.6357155802574337,-0.6756691159552536,-1717.917990350495,-1718.0955024519255,0.37267794378111935,2.9111826447909617
3534,-0.642554803962188,-0.6753557997323599,-1641.9759852978054,-1642.5256892576494,0.36457389710664456,2.91163468579559
3535,-0.6422519049880389,-0.6707334844104178,-1402.9985007496296,-1402.9985007496296,0.3346089671472881,2.8416978022308377
3536,-0.6742747949595401,-0.7098605278487967,-808.7344596748529,-808.7344596748529,0.20198828251607787,1.4528208938205138
3537,-0.6460463253339853,-0.6636698210367152,-1048.1642812694477,-1048.1642812694477,0.2156530705385129,1.9003702031903666
3538,-0.6564978035996107,-0.6812189166361001,-1001.6674606955722,-1001.6674606955722,0.2508273021080206,2.053252037327157
3539,-0.6725381945424144,-0.7119336216155027,-1135.9980310895257,-1135.998031089526,0.2734174800562948,1.9732388594413315
3540,-0.6352612115754803,-0.6600202860588821,-1759.8258670725015,-1759.8258670725015,0.36871702319834776,2.912846395787851
3541,-0.6584834381545254,-0.6960865032172009,-1194.4655041698252,-1194.4655041698254,0.3048104146339566,2.4132056657878764
3542,-0.6341781096128147,-0.6765403900918272,-1745.44845262606,-1745.4636725251723,0.3490079203939846,2.8042003680952545
3543,-0.6739806392551833,-0.7104274884782713,-1135.7422239517193,-1135.7422239517196,0.27442358782175647,2.0380470360818665
3544,-0.6346905048730996,-0.6619824711124219,-1829.299044165017,-1829.299044165017,0.36847930792081307,2.9127962268758183
3545,-0.6920910970735517,-0.7419184864731605,-607.5238629983168,-607.5238629983168,0.2392419323828704,1.48701908701009
3546,-0.6552604697919842,-0.6623351024617172,-1497.5175306968968,-1497.6237129559086,0.22642296352455177,1.6461643389196539
3547,-0.6823338086645513,-0.7277216550445452,-737.8360655737703,-737.8360655737703,0.253146040650242,1.7822600417914032
3548,-0.6592938983330637,-0.6899174743409556,-1401.3202338594174,-1401.3202338594174,0.28765874678672965,2.465761966855928
3549,-0.6311113170153687,-0.6570023919124276,-1523.7499999999986,-1523.7499999999989,0.3688177252364904,2.874020582446196
3550,-0.6332934126486196,-0.6534997518983023,-1823.904449983405,-1823.9044499914623,0.34544538402244124,2.912877610248511
3551,-0.6674328754188265,-0.6968706220502056,-958.5798816568068,-958.5798816568068,0.2616541539496443,2.0360676327803007
3552,-0.6317265266062089,-0.665588535959943,-1883.1078721212539,-1883.1078721212539,0.30856817369967265,2.7102933345206854
3553,-0.6700825218541466,-0.7006687928070285,-1224.9044452028465,-1224.9044474064904,0.21154583377184694,1.4992129921390294
3554,-0.6604054063547756,-0.7209701686057403,-1147.4890356943902,-1149.8009190088976,0.35352888601231924,2.3109471615671695
3555,-0.6259666176618748,-0.6777559857307928,-1875.3190963344143,-1878.460523420114,0.3807564331558517,2.8383174292876374
3556,-0.654386896819972,-0.7389537116802221,-1033.626147684032,-1037.4212457574113,0.3131602579667567,1.7331972989436524
3557,-0.6913049224093926,-0.7427790125439435,-620.733571064699,-620.733571064699,0.23718066617563371,1.4601954498124339
3558,-0.6769921204308763,-0.7071823538111867,-965.4783393501796,-965.47833935018,0.285762114178209,1.9251607497874654
3559,-0.6553069634551694,-0.6615630500304804,-1315.9276889275425,-1316.1607830221983,0.23070121978575409,1.4405716345220456
3560,-0.6743696810897503,-0.7173940360359355,-1082.916373474561,-1082.916373474561,0.2564630657709179,1.7124623309161129
3561,-0.6375640418653015,-0.6603706929024336,-1624.9044498494004,-1624.904449921719,0.3436318656577615,2.90795167167819
3562,-0.6598559051041709,-0.7245416811975682,-1122.1105742130956,-1124.657063912909,0.3398217089153709,2.234762747281775
3563,-0.6421208701909176,-0.647332613512867,-1650.3145302023509,-1650.472143943675,0.25148595973740595,1.7384773518876484
3564,-0.6339355928855257,-0.7095885166926494,-1436.4694659522263,-1440.7574949667282,0.3996208910247474,2.377989693895396
3565,-0.6790061624927427,-0.7234485236244508,-785.9027516019631,-785.9027516019631,0.21236826851537924,1.3797818624035272
3566,-0.6447514195911506,-0.7065973672832292,-1360.1655621870816,-1362.8283296847696,0.3468719160257928,2.3974218040356594
3567,-0.6666148042222747,-0.7022652690061602,-1249.1882250870842,-1249.1882250870842,0.28054669286970857,2.1882369308286
3568,-0.6682631697910886,-0.69912981611131,-1256.904449926255,-1256.904449975636,0.2302141728772966,1.697573334768839
3569,-0.6315136035833633,-0.6832254577381246,-1749.522779409894,-1752.6866391867143,0.4353555498124719,2.911190985523379
3570,-0.6178421965788158,-0.6808407952815838,-1929.4017848426154,-1933.8541566905333,0.40051257848121,2.76784370079875
3571,-0.629534136347701,-0.6493578641989857,-1822.9662732043778,-1822.9662732043778,0.37436030426991235,2.9129301154689733
3572,-0.6373229600371066,-0.647367650757053,-1900.8610390760416,-1900.8757203634875,0.27307008933847365,2.3670390245169397
3573,-0.6521494093959705,-0.65640798054174,-1343.1530102991858,-1343.5406616649614,0.22472254156018814,1.363106043647877
3574,-0.6584705707237523,-0.6905388518815353,-1089.3536121673046,-1089.3536121673046,0.30307314183077966,2.6010952488163226
3575,-0.6236399995483346,-0.6778302759576992,-1901.498062426184,-1905.3463637634227,0.4580036235152019,2.9113347198653856
3576,-0.6661359435947113,-0.7026672940456814,-1246.2583894686022,-1246.2583894686022,0.3019449566452725,2.4581947140858182
3577,-0.6560412103464557,-0.6839641444772403,-1477.1616336032832,-1477.1616336032832,0.29172500525542716,2.53026635832056
3578,-0.6834832250363416,-0.7279047839130096,-979.6945236184768,-979.6945236184768,0.2629088699197671,1.6514820818204303
3579,-0.6389506565707384,-0.7189947769539681,-1328.2377109833908,-1332.338839235954,0.43569370851696887,2.4910338377472048
3580,-0.6113491985976104,-0.7062967700063468,-1805.5079689827967,-1805.5079689827967,0.5449921967704141,2.8015932615023593
3581,-0.6588868228752192,-0.681295907058444,-1261.9042381253835,-1261.9043291924904,0.3142111672014761,2.3101129527761324
3582,-0.6642836350416155,-0.6952554484107878,-1314.9110686508618,-1314.9110686508618,0.2896740980509921,2.3709815193179185
3583,-0.6880339558322648,-0.7363038296892711,-663.5011870548541,-663.5011870548541,0.24264387146161245,1.5581598481151941
3584,-0.6578494603026859,-0.7475621882552866,-947.268002660885,-951.3767084855508,0.2871994258453424,1.570883771314833
3585,-0.6881799396379219,-0.7075502151133374,-967.8055969000123,-967.8352252489472,0.21212605339482107,1.1556762278319053
3586,-0.6861020255605165,-0.703201765284629,-1028.7723958981012,-1028.8108469637752,0.19939540547712847,1.120358948719636
3587,-0.6853966619241338,-0.7239454239357025,-982.904370510301,-982.9044078370456,0.21121466338363357,1.26350576067276
3588,-0.6440660181228801,-0.6609602989307046,-1461.9011426253849,-1461.9024119325245,0.3188526067291209,2.410803930117518
3589,-0.653481908054242,-0.6812479225636884,-1533.2969615670172,-1533.2969615670172,0.2402938544075331,2.0533958292272363
3590,-0.6537285340874492,-0.6743854802469517,-1197.2381448671179,-1197.238144867118,0.27033574331096216,2.166116260070851
3591,-0.6750508188593654,-0.7115283161881844,-710.986547085202,-710.986547085202,0.2127687004672143,1.5135934071773185
3592,-0.6676289964245056,-0.7021737446404701,-957.2263549415505,-957.2263549415508,0.281516750565303,2.219729486460178
3593,-0.6844635327254615,-0.722601967928416,-992.9043540900362,-992.904398696173,0.20723033603542038,1.2416617294319932
3594,-0.6705012542132301,-0.7326452392180212,-980.977674115794,-981.1655466463046,0.2564075141855631,1.4622092501438582
3595,-0.6479161185015008,-0.6716589293853692,-1608.9044499860481,-1608.9044499928473,0.30562455786580545,2.813763944688494
3596,-0.6333518033281549,-0.6659454321485742,-1834.0593848442359,-1834.0593848442363,0.36338496653273494,2.9120292686537783
3597,-0.6742668382547917,-0.7357012919983836,-810.2243471864662,-810.2243471864662,0.3039774291110404,1.8949254650553824
3598,-0.6310150191167985,-0.677957815475718,-1778.716248891681,-1781.1035084290024,0.3561878731387322,2.8106174216628235
3599,-0.6447248883445061,-0.7049898519172728,-1372.0600028603271,-1374.6597281721304,0.347217583254178,2.4663229695912032
3600,-0.6359218032975889,-0.6960615768285789,-1531.6563045924477,-1534.6637719795467,0.3492097335538678,2.485527894861495
3601,-0.6364259045751859,-0.6601616882192123,-1789.1851388685297,-1789.1851388685297,0.3398059757345099,2.9126167031008827
3602,-0.6792060993718847,-0.7027439580952767,-1140.9013360630688,-1140.9025261099448,0.21464608168962676,1.4279103280340497
3603,-0.6709058270303476,-0.7030212053871052,-676.2557590740544,-676.2557590740544,0.1733395448385917,1.1994045326951044
3604,-0.6517688630308818,-0.6940305253514802,-1413.542347677282,-1414.8272001741207,0.3558348479782385,2.8769369879991116
3605,-0.6418652636655513,-0.6649646539473576,-1652.9044499978543,-1652.904449998908,0.3244446349708107,2.912165523586702
3606,-0.6415158208065249,-0.711914938361881,-1367.070419744676,-1370.8248259329273,0.4305804402797489,2.671208233707663
3607,-0.646447518785437,-0.6839958270165282,-1559.2258733397578,-1560.11025176903,0.32568596055379256,2.740758288998521
3608,-0.6458798356571878,-0.6902976670690048,-1502.1192604970527,-1502.1192604970527,0.35513534651775797,2.874817869470951
3609,-0.6544452663115827,-0.6821654474320638,-1481.9412524257743,-1481.9412524257743,0.3089194080683545,2.684380357219596
3610,-0.6858745623161617,-0.723311975865181,-573.3315210004081,-573.3315210004081,0.14254984103897098,0.8595919129849359
3611,-0.6642257802581588,-0.6939012564148098,-1239.247593016686,-1239.247593016686,0.3173781318570809,2.6278853651418435
3612,-0.6473096056523925,-0.6525313367818143,-1465.111436755296,-1465.3108840979376,0.2437970923030297,1.6109614578452145
3613,-0.6525973556767499,-0.6688689718861801,-1172.2292191435802,-1172.2292191435802,0.21143831001670746,1.664165839984444
3614,-0.6607762769971239,-0.6872766786091286,-915.6484962406035,-915.6484962406035,0.23333249461408367,1.7952680790373619
3615,-0.6384175927510941,-0.655976111173233,-1900.9044483182854,-1900.9044490985202,0.29395755276344854,2.903499308648429
3616,-0.6827318233975912,-0.7259733287246798,-987.4184426083139,-987.4184426083139,0.2347961803391691,1.4249077268652082
3617,-0.6785375996741921,-0.7170654735176973,-651.3419483101397,-651.3419483101397,0.18394386802119156,1.233655176346473
3618,-0.6887513371895003,-0.7297675657686349,-937.9044348370485,-937.9044422507851,0.22476144965311384,1.309753575052784
3619,-0.6412718281296456,-0.6620585340799807,-1400.9789654716242,-1400.9789654716242,0.30719930276801066,2.462103570757886
3620,-0.6351979759113773,-0.6502814085761801,-1359.8759048603981,-1359.8759048603981,0.2712145923783287,2.2693013035138807
3621,-0.6649259521095405,-0.7032264217180942,-1016.0613514686763,-1016.0613514686763,0.30728677188787157,2.4988504127129185
3622,-0.6859288143933575,-0.7240614849432415,-983.9508589626242,-983.9508589626242,0.2510246792379702,1.6043026903681301
3623,-0.6290323171944343,-0.6430142432348647,-1696.8960869705327,-1696.8991945534144,0.33255104447171274,2.621864091404416
3624,-0.6851097554249432,-0.7202950838909864,-989.9044494339371,-989.9044498180614,0.26751335906637774,1.7943313479665468
3625,-0.6244880549728248,-0.7614218007643272,-1067.1554923324513,-1092.1254945938654,0.44428512034934753,2.257885281952903
3626,-0.6433116132795279,-0.6773852578891496,-1618.9004816848046,-1619.3207662944499,0.3587930605437553,2.911309832246037
3627,-0.6881262409203979,-0.7244195522034016,-946.9044839968419,-946.9044839968419,0.27681328630952506,1.8146928036130898
3628,-0.6491836975251638,-0.705219564915315,-1335.4423439569982,-1337.703319014927,0.3546554324505159,2.609408136375327
3629,-0.6419181776889147,-0.7071604405765327,-1351.5931436313092,-1354.3768228930733,0.30301687847317355,1.997851830719391
3630,-0.6638068609148317,-0.673637620866897,-1214.4733327748347,-1214.5847900819585,0.23046309369995924,1.4260789558101723
3631,-0.6368203398722712,-0.6600187767732264,-1815.4635331341067,-1815.4635331341067,0.332427885179215,2.9124814911549395
3632,-0.6490712702610049,-0.673786106693181,-1622.779000814282,-1622.779000814282,0.2959845327250497,2.5873046196692213
3633,-0.6675121000279208,-0.691682466132993,-1262.904379015566,-1262.9044101277732,0.2741528034790077,2.132481598315003
3634,-0.6370880636371361,-0.6597907122377902,-1838.6761281811443,-1838.6761281811443,0.3232023831719893,2.912219146173633
3635,-0.6675099497512544,-0.6992544773716988,-1260.667679839654,-1260.6676798396543,0.2826549565213719,2.3271887782557963
3636,-0.6369180756377194,-0.7158052008322039,-1322.7611252847134,-1326.866522031377,0.3377799141652553,1.9624887001103462
3637,-0.6418576734312643,-0.7287809180942003,-1230.5453886346056,-1230.5453886346056,0.42125923582186087,2.3256523379321288
3638,-0.6239523805087057,-0.6291113543249279,-1753.290010913469,-1753.4555223646473,0.29297863661319956,2.0123985397921014
3639,-0.6260973605800509,-0.6953005032526648,-1648.5175171203225,-1652.8383121637385,0.3876758213191281,2.570473258243232
3640,-0.6436486900370083,-0.7022661684666813,-1400.1117070107161,-1402.6697955114648,0.3419744039214403,2.4758105272167144
3641,-0.6303898398170444,-0.6304102804542131,-1617.3101142116304,-1618.0617875487499,0.24635496462162373,1.5819631280026225
3642,-0.6504824306669813,-0.6841556744325993,-1501.1460811802262,-1501.1460811802262,0.3521677451137233,2.899904844553951
3643,-0.6442762080927574,-0.7105431625579808,-1350.1430480938438,-1353.5023571133597,0.40666973286032276,2.6572660989442607
3644,-0.6668033425458403,-0.6913206011941988,-1249.904387829993,-1249.9044153103034,0.28232492689445865,2.1551257423538908
3645,-0.6532304447457877,-0.686119017997092,-1313.1507905900562,-1313.1507905900562,0.30461835423442185,2.589660020912167
3646,-0.6767378683002916,-0.7279530353636801,-841.2671522954441,-841.2671522954441,0.2825906432898711,1.8554440032439672
3647,-0.670144971650298,-0.7035661120146528,-1167.7791906354184,-1167.7791906354184,0.3132697846052186,2.4445873675983476
3648,-0.6823252828167414,-0.6978347020695195,-996.6187899812613,-996.6945407600285,0.20936570822228048,1.121136875539531
3649,-0.6325999415324713,-0.6554563506424717,-1873.5901104195434,-1873.5901104195434,0.36097835564316344,2.912951214743551
3650,-0.6782358254167884,-0.7183827391894161,-792.6983553226107,-792.6983553226107,0.2020615119846039,1.3735152825919905
3651,-0.6564654368245662,-0.7147427873637052,-1164.2467410557006,-1164.2467410557006,0.2407944860129631,1.510615383499867
3652,-0.6905210898364575,-0.7222332556086228,-937.903610384985,-937.9039759886264,0.25463064039193917,1.5673254467890898
3653,-0.647725749379512,-0.6751911178921232,-1575.845036624757,-1575.845036624757,0.32599479585277474,2.8737949917840124
3654,-0.6438932930339374,-0.664940015587294,-1322.008418520753,-1322.008418520753,0.2735106486484917,2.5111577967261955
3655,-0.6273327669137747,-0.708605541071002,-1384.7009735744152,-1384.7009735744152,0.45534950971741167,2.6487851889756944
3656,-0.6869961211521657,-0.7205264172248135,-995.9040548646265,-995.904228726834,0.2203143234784402,1.3510470844581195
3657,-0.6931427119206762,-0.7406657735061755,-610.0828056502692,-610.0828056502692,0.21942659780720924,1.333274204031559
3658,-0.6906067299876458,-0.7190262387752318,-925.8992593760898,-925.9013140298955,0.2530894437776353,1.4785173703227714
3659,-0.6678377347228904,-0.7045827335081868,-1200.0928190847762,-1200.0928190847762,0.3225071563917816,2.538595168576389
3660,-0.6562452372159425,-0.6784148845708204,-1101.7375674056366,-1101.7375674056366,0.27000068592907145,2.1055125632835634
3661,-0.6811980662826859,-0.6935735474903939,-1104.5455394394085,-1104.6394557097021,0.18884520496290885,1.074022984477457
3662,-0.6816547000412937,-0.7181969817915518,-1037.1175805178302,-1037.1175805178302,0.2618389530865083,1.7985201668393835
3663,-0.6825184958183456,-0.7053368563790542,-1019.8934901325596,-1019.8974373843048,0.24719438035747984,1.5396089279779734
3664,-0.6063458791700098,-0.7048700839222792,-1957.8423063005134,-1957.8423063005134,0.5880067375524523,2.9082691781701624
3665,-0.6266220131994455,-0.7723531803652973,-985.3503946086809,-1013.5493463525853,0.505776422102433,2.529112346035936
3666,-0.6429078368520258,-0.6645527779500693,-1741.9048773733132,-1741.9048773733134,0.2989272929425372,2.846239238924316
3667,-0.6775487329962637,-0.7101640303687033,-895.5933900851284,-895.5933900851284,0.2588466383080064,1.7569149453744777
3668,-0.6600856804656071,-0.6935851607750951,-1365.4840975944558,-1365.4840975944558,0.2889321784715788,2.397160055633342
3669,-0.6317464130741471,-0.6505760208431907,-1805.9044448298514,-1805.9044472056555,0.34530050964162523,2.912804510007034
3670,-0.631783972946707,-0.6623003609094685,-1919.7095369932192,-1919.7095369932194,0.31657718427590753,2.7103810085854896
3671,-0.6475492188923426,-0.6985816266725894,-1391.1100166212386,-1391.3074212904482,0.28681404610514144,2.219452061345388
3672,-0.6475224401896856,-0.7005199327836624,-1297.1878515185576,-1297.1878515185588,0.3644212506752456,2.6577807472409956
3673,-0.6544460171168404,-0.6793920852105189,-1422.9044499788367,-1422.904449989153,0.3148643288080997,2.7214037714380286
3674,-0.6641247206676787,-0.6862953397545679,-1226.9039975926498,-1226.9041868008294,0.2969064937510774,2.188895054749998
3675,-0.6523690418040685,-0.6820413289576066,-1536.226291660023,-1536.226291660023,0.2529874427001104,2.2152501190267015
3676,-0.6484036506117273,-0.6749461246572842,-1362.8817541111987,-1362.881754111199,0.3075290620141051,2.612267149647977
3677,-0.6757958695182649,-0.6916038807367791,-1193.848554173749,-1193.8663570790518,0.21103811930751273,1.3654644930670805
3678,-0.6802002617474424,-0.7192503440790152,-1043.5137835439004,-1043.5137835439004,0.26418244475728864,1.8037959402235861
3679,-0.6401957646170152,-0.6854877986139606,-1596.1841108872015,-1598.3796302411877,0.39355545911321577,2.9110993469826156
3680,-0.6672050083694943,-0.6880704652709859,-1290.903477048899,-1290.9038676065677,0.25824109795307554,1.9891843557102116
3681,-0.6515099676760457,-0.704751817804491,-1288.2343920448536,-1288.2343920448536,0.25492349861638036,1.7764269762543945
3682,-0.6655724124182529,-0.6972648638674614,-1021.5147369730155,-1021.5147369730155,0.29950409060210226,2.445924459571466
3683,-0.682488349776445,-0.7002428365238306,-1098.845952313028,-1098.8644019313322,0.20035105813927961,1.2169219746462372
3684,-0.6358174507584918,-0.6738795923498969,-1741.7259888552742,-1741.7259888552742,0.386955456978478,2.911716192833809
3685,-0.6734779861806438,-0.6974051484516651,-1124.9036255204512,-1124.903962591455,0.276214504584825,2.005513004904435
3686,-0.6486240977986228,-0.6909737703402431,-1456.6684001982255,-1457.4797751149774,0.37803296313655527,2.9108850178993606
3687,-0.6344384691172705,-0.6589402506436349,-1922.1790974800006,-1922.1790974800006,0.36188619243172276,2.9127519392101964
3688,-0.6391379158227104,-0.6623984563813075,-1514.8925781250084,-1514.8925781250089,0.35530122426564836,2.8403228716049
3689,-0.6342750373312553,-0.6576385827677248,-1890.7413976587493,-1890.7413976587493,0.3616347723411922,2.9126264559215
3690,-0.6446528501962009,-0.659285740787398,-1583.8949027188569,-1583.898392986101,0.29178910886184645,2.3018199776911277
3691,-0.6548989329747428,-0.6814622683441386,-1499.7136631617675,-1499.7136631617675,0.2894815931192727,2.52815700952253
3692,-0.6197752426192914,-0.6902310533458892,-1808.6515143658414,-1813.954577236234,0.4442836588064281,2.838503823271122
3693,-0.6602635481005341,-0.6706320218555363,-1285.6639108110164,-1285.731269218411,0.24401877519758283,1.6444913307089934
3694,-0.6363184009787547,-0.6534456430162664,-1896.904333207188,-1896.9043837110883,0.3091807892511423,2.875685338483224
3695,-0.6879363429167386,-0.7261739653156091,-957.9891140229937,-957.9891140229938,0.258961455447029,1.6444803875823046
3696,-0.6570919622669208,-0.6896773498667664,-1378.2961074723482,-1378.2961074723482,0.33647273601047684,2.826598196954914
3697,-0.6678170045315353,-0.6864766293967892,-1218.8965111205735,-1218.8994051085697,0.2641408157589835,1.9290869161776787
3698,-0.6243915480158814,-0.7256542181874469,-1355.5423811069659,-1358.06093620631,0.40173486835981653,2.0478963866573654
3699,-0.6168480585114899,-0.6223323763504993,-1619.7341743635961,-1619.7341743635964,0.2890931032042643,1.9100655296689304
3700,-0.6765378586870098,-0.7078955423936597,-1134.9044483581742,-1134.90444942923,0.24669993826846445,1.7821851499797439
3701,-0.6499662491335674,-0.6965215231587961,-1399.2686938541508,-1400.6650985738218,0.31512768143520725,2.527274809255809
3702,-0.6422897972706184,-0.7085911806680167,-1343.3024579482687,-1346.1441367049338,0.314528791550389,2.1308035200080475
3703,-0.6798194123816246,-0.7299279533159503,-771.6387541086252,-771.6387541086253,0.26326644851811426,1.7918493902885715
3704,-0.6321644292271631,-0.6707298394020923,-1859.4264263322016,-1859.4716624674159,0.32296704527207537,2.718443177475934
3705,-0.6670449714829649,-0.6820888409839124,-1172.8323742263933,-1172.8547553957446,0.25345851491301974,1.685186121103941
3706,-0.6446748944688547,-0.6694484067392708,-1667.5634835580004,-1667.5634835580004,0.314452586956467,2.872471667884618
3707,-0.6552405544286768,-0.6769939505726039,-1324.9042685334928,-1324.9043465147768,0.31491005782793685,2.339259238110446
3708,-0.6832479808325648,-0.7209094703994234,-1015.9044490327545,-1015.904449503588,0.2311491820896656,1.4631454497746041
3709,-0.6699162798324159,-0.7028894055336513,-1174.728760002014,-1174.728760002014,0.31113808419387323,2.4269877527835426
3710,-0.6532187967943112,-0.7217181169715692,-1006.2500000000043,-1006.2500000000044,0.3364583350569827,2.159532748387019
3711,-0.6801340546500106,-0.7107959336913137,-1063.9044414605298,-1063.9044469067296,0.26318066737377455,1.8733491314840935
3712,-0.6642339115158917,-0.7251751364929776,-1066.6246191505436,-1067.3438045184264,0.27889399576147084,1.7377620515917813
3713,-0.6499390919055099,-0.6723677598220454,-1505.9044455087642,-1505.9044475812823,0.3110042780289171,2.7366084187829776
3714,-0.654678988526028,-0.6961184493889867,-1376.991988043846,-1378.4592737551188,0.34971938234946964,2.847605104836992
3715,-0.6594638534424364,-0.6811051127763702,-1378.9042990964836,-1378.9043635467692,0.2819192023753674,2.238008364808577
3716,-0.6545876383638698,-0.6804354286434042,-1529.6560172478057,-1529.6560172478057,0.2791255860736951,2.470851699098098
3717,-0.6414574488656457,-0.6718531418251869,-1633.9526449785665,-1633.9526449785665,0.3675805686248991,2.91220195039478
3718,-0.6542687591049904,-0.6749791204441735,-1511.9043011950548,-1511.9043648649933,0.27610037531159126,2.3319496736629244
3719,-0.6783636285144702,-0.7148036611347188,-766.1463939720155,-766.1463939720155,0.21495393679364166,1.5078083025193507
3720,-0.6724557771399294,-0.7000608971672986,-926.8782139721568,-926.8782139721568,0.240753435581134,1.6783630435812826
3721,-0.6640579416263415,-0.7011514586543155,-1266.2431175003337,-1266.2431175003337,0.2615187867497254,1.9670880746929158
3722,-0.6704472078562718,-0.7111591812379134,-1157.052075199155,-1157.052075199155,0.30260034734456737,2.299056552848773
3723,-0.6301219009570914,-0.6738948754544143,-1826.7042780487861,-1829.1107463491217,0.4282409215009525,2.911928633022646
3724,-0.675667681684487,-0.6969297281248991,-1100.8976498751542,-1100.9001443734614,0.2593434836852885,1.7587299237588567
3725,-0.6898714036685085,-0.7054013819582882,-1011.6327096721874,-1011.705584477971,0.17541998684080426,0.9192167609162187
3726,-0.671623362202013,-0.6899172183027739,-1138.8829302084034,-1138.8902610848647,0.2590526091192889,1.7603694820712816
3727,-0.6889778989639965,-0.7069215621117818,-986.7590826580581,-986.8009048705617,0.19856036123464893,1.0693565452693092
3728,-0.674725589890006,-0.7078392694326581,-922.2701316862829,-922.2701316862839,0.2837900288386874,2.0101997739571327
3729,-0.692920158346447,-0.7176279868277811,-942.8818450277765,-942.8897023472042,0.21328599606713186,1.1674526577723856
3730,-0.6605242154089935,-0.6871275626043788,-1318.904449978505,-1318.904449988986,0.3060370335899364,2.5788934823067162
3731,-0.6702566399392765,-0.6802044228379263,-1254.5739494435284,-1254.6630462248613,0.20762637113305002,1.3028455126512517
3732,-0.6749749598959691,-0.6853617020647964,-1178.4792129758814,-1178.5891163728031,0.19859932996703883,1.1666792314964403
3733,-0.6531901367112621,-0.7170733337010542,-1092.0815063193186,-1092.0815063193193,0.30911315224645824,2.0387223291728693
3734,-0.6595719568354929,-0.7427974380857039,-1017.426350687559,-1020.7963344952191,0.37338413477940713,2.0885534938842696
3735,-0.6539703125489498,-0.6772242010471551,-1171.8909462020738,-1171.8909462020738,0.26347694956831536,2.278039162244961
3736,-0.6475923766214666,-0.6781697636344154,-1372.1452639460886,-1372.1452639460886,0.31046502679788623,2.7049136029961183
3737,-0.6653879114513429,-0.7030486916112391,-1005.4319257052749,-1005.4319257052749,0.2631978536781792,2.0677950920655515
3738,-0.6520699934990614,-0.6905715921572826,-1448.7680301191956,-1448.7680301191956,0.2875053593142871,2.4125315059386776
3739,-0.6344571416518083,-0.6601332237544962,-1876.1138786544768,-1876.1138786544768,0.366101273986658,2.912677220506779
3740,-0.6915018253841394,-0.7442839330647038,-641.9329284394004,-641.9329284394004,0.24934193077877106,1.5089824656165571
3741,-0.6272429383812594,-0.6729595624260272,-1876.4150506493643,-1879.0854554544926,0.4302153811636161,2.9118682822416226
3742,-0.6674429630914586,-0.6997854204412294,-1263.7342330087433,-1263.7342330087433,0.2707263446763998,2.14618560067484
3743,-0.6609956262242842,-0.6876280375357997,-1093.0066942031078,-1093.0066942031078,0.2657509034625017,2.200637931688233
3744,-0.6622382231781806,-0.6759930253591979,-1344.8601995829354,-1344.874714490675,0.24656070660934223,1.827165883299295
3745,-0.6375387076080632,-0.745867631917777,-1116.6455651929705,-1124.716924115746,0.4055080252658722,1.9733324139045632
3746,-0.6748447159305864,-0.6998007095651199,-1153.903934723989,-1153.904148666089,0.25515965284987974,1.8412790374714354
3747,-0.6716004492136589,-0.6975939530640467,-1225.9044046479403,-1225.9044247681977,0.25681145962405433,2.001042129077391
3748,-0.6661084129510153,-0.6886730200369638,-1240.904143902382,-1240.904273218093,0.28550472576597685,2.128106105230906
3749,-0.6847540949240544,-0.7125646153535142,-1038.9029759859663,-1038.903570484154,0.22433797654565596,1.421662546268084
3750,-0.6347176388081062,-0.6922507087045106,-1580.6761319673953,-1583.5799230900725,0.3419444320454972,2.5087291445767033
3751,-0.6309514645952049,-0.7088353229852892,-1477.7439233039172,-1482.4350532057802,0.4281190736487099,2.554386364157598
3752,-0.6371821198083698,-0.6419145922947038,-1758.2832157729729,-1758.449745848588,0.2566636241499493,1.7921694705360038
3753,-0.6885417673465098,-0.7313378254874041,-933.0460425455964,-933.1200318769869,0.23559001699196389,1.3823453210775847
3754,-0.6585183731440843,-0.6847457779326179,-1431.934084004123,-1431.934084004123,0.28915054351357794,2.4609394036288723
3755,-0.6459264718468094,-0.67050641484754,-1678.7016518814216,-1678.7016518814216,0.2855940003407691,2.645695821680635
3756,-0.6768638871804218,-0.7158814608550408,-1070.8430823459948,-1070.8430823459948,0.30694824281778643,2.252831641218778
3757,-0.6846589840334912,-0.728411233760858,-659.1568146330595,-659.1568146330595,0.23087830136531495,1.5665494095648471
3758,-0.6654233333958811,-0.6999114044186631,-1256.1633248188796,-1256.1633248188796,0.31368325168271183,2.5211525074309544
3759,-0.6418258752881258,-0.7115052163332759,-1343.5826962358185,-1346.9710828947857,0.356251123983981,2.318078330947045
3760,-0.6822063194151872,-0.7128771969087326,-1045.904414374603,-1045.9044365470565,0.25226500901850757,1.7201717058172343
3761,-0.6786262257518544,-0.7198453411316148,-532.7804550039231,-532.7804550039231,0.15287435113156722,0.9429186613469809
3762,-0.630897687763068,-0.6631678082883349,-1881.99315511949,-1881.99315511949,0.36693288511920824,2.9123013789900436
3763,-0.6783929431425132,-0.7349004756699924,-969.3048271523173,-969.610051300839,0.31383381783687103,1.9465362511499174
3764,-0.6607545052466915,-0.7140381569455468,-1195.115163123902,-1196.9267692203318,0.35870805990719756,2.552163593099336
3765,-0.633112156268463,-0.6486584876977488,-1832.9029930651436,-1832.9035775306825,0.3196311025681627,2.837497304592641
3766,-0.6578680976617564,-0.6928759687022873,-1121.6197083392346,-1121.6197083392346,0.32328402908390885,2.68120450887294
3767,-0.6326296124808434,-0.6526373617663672,-1673.9044418814265,-1673.9044455919875,0.35593241336590536,2.909569106408492
3768,-0.6956653201628258,-0.7231064329617889,-924.8794088177533,-924.8882363961636,0.18338286440524867,0.9530955672309042
3769,-0.6684694109486453,-0.6806464967863242,-1311.7887615742663,-1311.8237677362317,0.21589429643258642,1.4679302045386569
3770,-0.6217906530076779,-0.6733396173231178,-1956.80142791393,-1960.454788889832,0.463293655732775,2.973550634138001
3771,-0.6561623294971896,-0.6861710032740527,-1170.3494347379237,-1170.3494347379237,0.3255418625143275,2.672624265991513
3772,-0.6404705490614826,-0.6662447928808971,-1288.4215391726386,-1288.4215391726386,0.3449011407357241,2.823291046844641
3773,-0.6610381437046062,-0.6812332500189199,-1249.9029044271238,-1249.9035184033946,0.298626678862238,2.1556192771585114
3774,-0.6634917329268536,-0.671982029844889,-1259.3759889062671,-1259.510267406162,0.22270591947370724,1.3908474588250856
3775,-0.6614922745327393,-0.7028662429836999,-1257.4051662516454,-1257.4051662516454,0.25738589845812365,1.9081494299853783
3776,-0.6417798621778364,-0.6667191844377064,-1763.0710044651414,-1763.0710044651414,0.2908753109473254,2.622501300930521
3777,-0.6506348250183116,-0.682444261070326,-1276.4051883878965,-1276.4051883878965,0.32779784902134546,2.8057828717091593
3778,-0.6903218829793004,-0.7230352992085144,-933.9039862915788,-933.904194577928,0.2619805863479734,1.6366880106077148
3779,-0.6690611390732342,-0.6931457457174187,-1167.9041503668186,-1167.9042780023574,0.2907954084322961,2.108549621641961
3780,-0.6360506635940779,-0.6804912771599961,-1687.321913330803,-1687.518381328409,0.31690988473349224,2.679607112760995
3781,-0.67462391103839,-0.7125559210764861,-1118.800311335905,-1118.800311335905,0.2701903833585074,1.9457687497253124
3782,-0.6366433607664989,-0.6631010914453226,-1796.2059454703708,-1796.2059454703708,0.3402876877084665,2.912207258072188
3783,-0.6573671147934617,-0.687950180402507,-1433.4581389993562,-1433.4581389993562,0.28944092092628987,2.5374329392081525
3784,-0.6866447216185383,-0.7329339274634864,-661.7441120305548,-661.7441120305548,0.2287477782045013,1.488068744286311
3785,-0.6742643873163607,-0.7135584734377539,-815.4859967051082,-815.4859967051082,0.21697151932265643,1.601055897787854
3786,-0.6632353102024018,-0.6947671567638257,-1219.1610134293269,-1219.1610134293276,0.322723527271114,2.669687924424937
3787,-0.6724019556230444,-0.6942211125238955,-850.8398656214997,-850.8398656214997,0.19844266554197101,1.1244567036332227
3788,-0.6284644857950396,-0.6449063003175277,-1870.9042547420956,-1870.904338220478,0.34013736883091017,2.909698901823974
3789,-0.6800811580959475,-0.6930221920080613,-1027.3845575486234,-1027.5121004505015,0.199970243208561,1.0559747696017436
3790,-0.6545996155190178,-0.7073633972873027,-1276.8377086112466,-1278.7553147436502,0.34778502069528683,2.5599230827803225
3791,-0.6550506220146898,-0.6785009093127726,-954.3373635403224,-954.3373635403225,0.22813907183751012,1.7648369162653352
3792,-0.6253230902335111,-0.6278633720941257,-1721.418865513728,-1721.777056810408,0.2738641940935214,1.7916573217884302
3793,-0.6522366073882883,-0.6778252307155089,-1478.5977859778618,-1478.5977859778618,0.293006831700617,2.539440150841272
3794,-0.670207170587491,-0.6884181806836713,-1326.8966884068088,-1326.8995251150557,0.2126334516183038,1.534082014639704
3795,-0.6326152804415864,-0.6485736350904446,-1485.4557207498406,-1485.4557207498408,0.29827892020621766,2.3846436124727024
3796,-0.6572830953097576,-0.693909985263039,-1171.782650142995,-1171.7826501429952,0.29243482789935343,2.359302290362072
3797,-0.691347456843577,-0.7415039448899273,-587.6963350785342,-587.6963350785343,0.20981979541493656,1.3053464765252205
3798,-0.6542632129055808,-0.6761399914632815,-1571.9044497096593,-1571.9044498476137,0.2686617876452377,2.4070423780913406
3799,-0.6377269644468441,-0.6539715826136653,-1504.3156596794092,-1504.3156596794095,0.33279076797146306,2.463204644349341
3800,-0.6540113229565561,-0.6749088943458292,-1065.6791503633317,-1065.6791503633317,0.22323534737277645,1.7984061213171538
3801,-0.6359292344489269,-0.6498419205425081,-1771.897801610032,-1771.9002979617287,0.30874455950221097,2.6488697610151517
3802,-0.6490025077981736,-0.6965118793845968,-1192.8843710292272,-1192.8843710292272,0.28855806978714643,2.3233620865944355
3803,-0.6784532228872536,-0.7205930000343858,-967.2311414119217,-967.231141411922,0.22132245438296827,1.3568886034538865
3804,-0.6535530766160056,-0.6744527420688039,-1548.9043800165032,-1548.9044105323119,0.2717007694583338,2.3580249440671444
3805,-0.6659742074107579,-0.6728775043028923,-1153.9708664199234,-1154.370151351677,0.19737281976613547,1.1053833143850273
3806,-0.6700886664580614,-0.7031978770541205,-896.4446952595949,-896.4446952595949,0.23920005152023346,1.8027439705960613
3807,-0.6132196734088887,-0.6981609012348301,-1833.5704130181302,-1841.4212245446063,0.5014579552670202,2.792474468535233
3808,-0.6759063731857455,-0.6962302351326398,-1146.8962704148482,-1146.89923657423,0.24129701676094,1.6327796582547316
3809,-0.6289539549398665,-0.7709145348291763,-963.0919515209333,-986.4061075832145,0.4567050896230766,2.2982769577303266
3810,-0.6436650904356658,-0.6941194132374294,-1480.0621626039965,-1482.3023343147413,0.3611168898574756,2.7509428171211665
3811,-0.6483445162547506,-0.6717761292618238,-1587.9044498000883,-1587.9044498957571,0.3058383042234629,2.803673498745682
3812,-0.6533116369862,-0.6832684290351658,-1499.552113301752,-1499.552113301752,0.30155606807328,2.620770781532823
3813,-0.6662925159290848,-0.6887388327000303,-1315.904291817774,-1315.904359156962,0.26321969803006934,2.1697670358290804
3814,-0.6738994654431646,-0.7285148634087876,-1018.2679484527636,-1018.2679484527636,0.2926398281824084,1.8514721193865797
3815,-0.6398655049838969,-0.6891888463519332,-1445.6894580379578,-1445.689458037959,0.38549944881912773,2.897934843533942
3816,-0.6430218321581483,-0.6826066048714127,-1470.301850048686,-1470.301850048686,0.38159283480163875,2.9112242088227402
3817,-0.6677796345943295,-0.6877440858735239,-1228.9013265185968,-1228.9025234178146,0.2680693751554217,1.9997121113845788
3818,-0.6328150630873763,-0.7056578277345336,-1498.8331163851474,-1503.2823890978027,0.4363334339756887,2.6843542623502943
3819,-0.6615112336017497,-0.7113873685499007,-1205.3382813635733,-1206.020598638412,0.34179982073830734,2.4984991615252676
3820,-0.6756812341772982,-0.730158282962394,-1001.2789506840348,-1001.3018165526084,0.2908059111796385,1.818593624587357
3821,-0.6540130175037236,-0.7158112780301765,-1179.5317391422311,-1181.8449995908366,0.27071317484682184,1.7380603963688868
3822,-0.6571280191516861,-0.688102030560362,-1184.4581876848633,-1184.4581876848633,0.3225815424642891,2.6495945761257347
3823,-0.675936901327297,-0.7093527157728137,-872.5396063370149,-872.539606337015,0.26215219455336464,1.8528426870604868
3824,-0.6512049564428126,-0.6670818440158177,-982.0263308528915,-982.0263308528915,0.19899894720619607,1.3356880799786464
3825,-0.6536583444081058,-0.6901816891910616,-1416.2007535869895,-1416.9619353335283,0.3403340313685823,2.842968426442502
3826,-0.6306794299548721,-0.6490852362998919,-1769.9044252539288,-1769.904436330898,0.3490412103323957,2.911692525346324
3827,-0.6823505928957009,-0.7178435116311399,-1025.9041973100634,-1025.9043088381757,0.19288619615117966,1.16716103020727
3828,-0.65233690364513,-0.6681361088826052,-1371.8919027131606,-1371.8963861807683,0.2923184685827094,2.1064883448940463
3829,-0.6375028366720641,-0.698749895980453,-1498.068845614767,-1501.2615091548305,0.3832215040233094,2.6821811191390634
3830,-0.6899830422980595,-0.725745800557597,-941.9043295510086,-941.9043861568027,0.25068621497333204,1.5479910491425901
3831,-0.6870241253447309,-0.7341614772957712,-931.6368811439071,-931.6371609290866,0.2935031719114608,1.8508332144248743
3832,-0.6834792689695063,-0.7275268545912208,-805.6463595839527,-805.6463595839529,0.25479793174084536,1.6681128325078922
3833,-0.6817526932342051,-0.7271439327486645,-993.7615668793833,-993.7615668793834,0.2855160804819145,1.8804517261772562
3834,-0.6368816373207854,-0.6692996927168156,-1736.2777026358474,-1736.2777026358474,0.37885447822760016,2.9122375025248717
3835,-0.6600865153190733,-0.6774603406574522,-1262.8951263217136,-1262.8985011387797,0.28680369363725755,2.0213003549432074
3836,-0.6663244129809307,-0.6844974321963043,-1209.8938215505875,-1209.897630376798,0.2714364091915995,1.895577854953512
3837,-0.6370472844243598,-0.6663292722544527,-1749.7073030024046,-1749.7073030024046,0.3677826144849391,2.912386195155068
3838,-0.6271073822643825,-0.6348453302414508,-1816.6717589619057,-1816.74144075184,0.2982657251521819,2.2083692736389926
3839,-0.6696697826372647,-0.7436157859180625,-960.3462641857321,-963.1627698613964,0.34461879830116837,1.906466821146916
3840,-0.6506645686183512,-0.6804271268798189,-1300.5664169559666,-1300.5664169559666,0.2913948673572248,2.589040668050113
3841,-0.6573417378506182,-0.68352646388457,-1007.8384798099771,-1007.8384798099771,0.2624607914555012,2.190189693300544
3842,-0.6189117091761767,-0.7365273434497173,-1397.3383188084752,-1410.5197964989943,0.5253321088228224,2.50863369459435
3843,-0.6534178037779251,-0.6825622898254878,-1225.2964426877488,-1225.2964426877488,0.321535866722758,2.6657121055748347
3844,-0.6315754804943062,-0.6900313472539896,-1667.4741041277034,-1670.933148336039,0.42601576514342365,2.911215455745424
3845,-0.6504289863732546,-0.6936309364650046,-1420.556542996229,-1421.7210300158633,0.3721872106066345,2.9107557997947766
3846,-0.6513451329618373,-0.6758684545435423,-1579.4011255156638,-1579.4011255156638,0.29215466857041356,2.6110275115912334
3847,-0.6368512685624269,-0.7055563660741428,-1419.204554309865,-1422.4604232170295,0.32269615880460967,2.1521913509407096
3848,-0.6518301692123223,-0.669069142067473,-1395.900518098968,-1395.9020134109119,0.30053209067520187,2.200360816182033
3849,-0.6654393139895727,-0.7489993244602263,-955.6754131411888,-958.8828643457471,0.371858679286366,1.9438740213552987
3850,-0.6790737060532758,-0.7104064768278404,-1079.9044490626466,-1079.9044496768024,0.2652902306004305,1.915003174540836
3851,-0.6342561382880209,-0.6908795564614519,-1596.3847095120857,-1599.1402465837682,0.3217888450014808,2.334427714390388
3852,-0.6301065062046688,-0.65195097667032,-1780.9799466828536,-1780.9799466828536,0.3719624363211871,2.912999942394347
3853,-0.6394827239520627,-0.6785500768125919,-1686.370674211878,-1686.9622903019663,0.3213750999022099,2.706074727666617
3854,-0.6701499173507102,-0.6804735921639697,-1264.6312158980318,-1264.7066114901907,0.2083637359854941,1.3273919864521393
3855,-0.660562403946845,-0.6828412691404677,-1350.9043520298553,-1350.9043943587217,0.2846632610537069,2.2372999165157195
3856,-0.6557146203721437,-0.6648455113001832,-1452.6889819959076,-1452.7514030539003,0.237752156174294,1.7633870915508651
3857,-0.6496024774224975,-0.6602167581189882,-1459.7905497432473,-1459.8256095930265,0.26897561186050134,1.896978027480823
3858,-0.6883405126732393,-0.7233694939927298,-963.9043396840185,-963.9043912632748,0.2491383046782223,1.5660485994935474
3859,-0.6859577166825167,-0.7286247538257524,-541.0194174757285,-541.0194174757285,0.15999707442868927,0.9749217281012551
3860,-0.6940568440218624,-0.7194204527547725,-947.8776413473292,-947.8868587945353,0.18981813244467155,1.0115181997330696
3861,-0.6372180818476323,-0.7207304804602591,-1159.5938557667266,-1159.5938557667266,0.42710071764670576,2.358984412557223
3862,-0.6735692597879346,-0.7012395710212278,-1184.904422299532,-1184.9044348494915,0.2581602901178783,1.9689545084860403
3863,-0.6626210003795641,-0.6811622113458995,-1287.9005946025884,-1287.9020573331723,0.2762506283610168,2.0371039093657917
3864,-0.6898088385533817,-0.7382470271861402,-604.3814432989695,-604.3814432989697,0.21142078413791401,1.33976714980882
3865,-0.6514290166267811,-0.6642798541445061,-1356.8431380382701,-1356.862770482724,0.2805727198387696,1.9449702729497012
3866,-0.6405013499083891,-0.6627796729506317,-1589.8651652096628,-1589.8651652096628,0.32551848634503044,2.8271180797839253
3867,-0.6352062421625491,-0.6873729394807339,-1651.360662649374,-1654.3008241810878,0.4255607841348993,2.911176328814118
3868,-0.6674547601191338,-0.7171118947982605,-961.2430167597785,-961.2430167597785,0.314896575640425,2.281296122911222
3869,-0.6405855084355135,-0.6616345413286243,-1665.9044476354443,-1665.904448733945,0.3224155372651889,2.8839785942669263
3870,-0.6396763407225174,-0.689319087733306,-1562.0330321560843,-1564.378939406476,0.3636306705895047,2.812083113652461
3871,-0.6759382786161622,-0.6953263382365966,-1221.8920726757576,-1221.8964600379184,0.2011508507046455,1.347747208196736
3872,-0.6339091161798374,-0.6590695578117386,-1838.6098091836923,-1838.6098091836923,0.3645201842367922,2.9126786436131886
3873,-0.6451677889670123,-0.6680279791484781,-1523.9044488573443,-1523.904449395151,0.32758199996741527,2.808304807106212
3874,-0.668347071686562,-0.6999852670269214,-1243.9044497631219,-1243.9044499033525,0.22118950024463593,1.6018456163952242
3875,-0.6389532036996658,-0.686833559124554,-1589.6950937176184,-1590.625615664974,0.34307750059022984,2.706338581352111
3876,-0.6852864238598371,-0.7274135218154573,-965.6564097056078,-965.6564097056078,0.2941295916305673,1.9832845165992012
3877,-0.6743995261787247,-0.6996102942818716,-1118.5172589695637,-1118.517258969564,0.22953257244839165,1.6119335761580165
3878,-0.6887452021920898,-0.7134566147142875,-1005.8914565115907,-1005.8960880628726,0.20285487227547436,1.1701279292624274
3879,-0.6737921173719938,-0.731143452789883,-841.2156087034753,-841.2156087034753,0.30167530630723927,1.9243734163056079
3880,-0.6502338701285696,-0.7028596500661793,-1165.3358384217968,-1165.3358384217968,0.3213030621431961,2.3891819224849975
3881,-0.6746870504263992,-0.7008301683661101,-1197.904229181755,-1197.9043227683253,0.22979913296611246,1.6517505863720192
3882,-0.6442202876198352,-0.6557184584717599,-1352.2902367278352,-1352.2902367278352,0.24023779055293276,1.813745878695445
3883,-0.6838410073655706,-0.7175126998051318,-1005.9044498415536,-1005.9044499467741,0.2679978421873647,1.8331000946243732
3884,-0.6469016521611842,-0.6708661081240923,-1691.5672473447075,-1691.5672473447075,0.27242440352480646,2.550233602215203
3885,-0.6737496698796231,-0.7008753342941025,-840.3511003689092,-840.3511003689093,0.20521607129390132,1.3576297836421725
3886,-0.6385602641711386,-0.6955035787517625,-1523.8527662127287,-1526.716522451403,0.3769326033399024,2.709950716182437
3887,-0.6445071949886295,-0.6638774042244083,-1715.904374707341,-1715.9044075254221,0.2871284609543671,2.7368785764785137
3888,-0.6834631077747538,-0.6985840190406631,-998.5847621526848,-998.6683548976562,0.2030589984825097,1.073358362764835
3889,-0.6504005544219627,-0.6822409347530044,-1537.7137313574888,-1537.7137313574888,0.30788386128084255,2.6694872235520912
3890,-0.6313350889160102,-0.6887198083709354,-1679.9036181114695,-1683.4495202148819,0.4483349720228663,2.911252356344967
3891,-0.6852228746333461,-0.730965611926204,-533.2292595896529,-533.2292595896529,0.17656147920016793,1.0930369743854504
3892,-0.6521173274364882,-0.6723823163930288,-1117.4057933863112,-1117.4057933863112,0.25151330287046614,2.12298148694464
3893,-0.6166584441840625,-0.7026221103815278,-1707.2205025750227,-1711.9951827914408,0.47616132798125593,2.724082831557142
3894,-0.6059554765285619,-0.7054367179141512,-1697.818300227942,-1697.8183002279432,0.5444041697484605,2.818605404293348
3895,-0.6488425415416162,-0.7011155707540342,-1385.95768624388,-1388.170487526513,0.37875229329301485,2.8469149056701863
3896,-0.6391863685421133,-0.669405457710053,-1584.4071114010746,-1584.4071114010746,0.3583215106163335,2.9118497926705973
3897,-0.68253083895707,-0.6988292525978624,-998.6943947080823,-998.7522560379041,0.21334232595306504,1.1659853408460004
3898,-0.6452163639155967,-0.6753393840293647,-1622.1711864173292,-1622.218049698718,0.34126638075424276,2.9113275875316487
3899,-0.6640509308545586,-0.6929850726378076,-754.7403643574178,-754.7403643574178,0.1754853113843648,1.2615497675771323
3900,-0.6787998271378894,-0.7233899425141649,-800.266311584557,-800.266311584557,0.275442007166315,2.0180022320872464
3901,-0.6447147139743971,-0.6629811468395632,-1307.8962875662944,-1307.8962875662944,0.2585787379917359,2.1984463852165628
3902,-0.6611661197172244,-0.6951248894160283,-1337.4204961083171,-1337.4204961083171,0.31130378777913786,2.548087275189005
3903,-0.6716921386707068,-0.6798457903431602,-1148.8215314365707,-1149.0658800335575,0.19408492377805495,1.0804708886730618
3904,-0.6408046039308358,-0.6658396730795516,-1774.061379258609,-1774.061379258609,0.303879556698918,2.844946291822438
3905,-0.6649960692010821,-0.7019273827995159,-1028.4954968256309,-1028.4954968256309,0.29938611212913885,2.4125203917740685
3906,-0.6706901717297313,-0.6993035636272296,-782.4098977945146,-782.4098977945148,0.17790162205372145,1.2159399598857428
3907,-0.6332842178192621,-0.6788155542438923,-1737.6638041097706,-1740.1237413704098,0.4129774760057981,2.9112611384745706
3908,-0.6762972769423803,-0.7335699919853024,-974.8688027585546,-974.9444017829317,0.28768739887328887,1.738363726478338
3909,-0.647425724319994,-0.6636172600682108,-1335.0287779413775,-1335.0287779413775,0.2702564627877527,2.0690212300611077
3910,-0.6873626499782042,-0.721447085393845,-977.9043134531184,-977.9043764822711,0.24807953027263993,1.5783957421639319
3911,-0.6913178551570986,-0.7166804065682059,-932.887513861183,-932.8935735166158,0.23361890009794617,1.3160657860055598
3912,-0.6592672332280419,-0.6823058416654588,-1375.9044210025054,-1375.9044339088418,0.28742188383731726,2.36255969479888
3913,-0.6304022554507134,-0.6393006558450403,-1744.7506550077323,-1744.7981086047855,0.29890665676420075,2.1882001656148056
3914,-0.6943425006679995,-0.7170155991628249,-954.8483605470789,-954.8663295554827,0.18190222118734203,0.9524660125732072
3915,-0.6901005213476171,-0.7447293854683252,-607.137524264596,-607.1375242645961,0.22317429634331223,1.3483428559209254
3916,-0.6778444253458515,-0.7015496624028221,-1074.902113509182,-1074.9030266263026,0.2642644379371144,1.7895784549692946
3917,-0.6649836264289459,-0.7410640700897929,-982.9061126129562,-985.9673329626793,0.32195700337871014,1.7583456270686386
3918,-0.6460904238252544,-0.7152861582533638,-1240.0015953539375,-1242.9076087730657,0.28786442164905546,1.7231983160170845
3919,-0.6803420703884102,-0.719186219273455,-1043.2692389844387,-1043.2692389844387,0.24441677273696671,1.6034498964413446
3920,-0.6116395778855986,-0.7313409524833522,-1513.6028625629967,-1526.867776604162,0.5230525578709586,2.5729162211246317
3921,-0.6834904980389077,-0.7171094788498162,-1009.9044498859732,-1009.904449961869,0.26891962224574795,1.8495904205302438
3922,-0.6708782786173697,-0.703273500895625,-1202.9044497649245,-1202.9044499210622,0.2233565912105733,1.5889740186858892
3923,-0.6369838316362879,-0.6642948797421375,-1758.841410370262,-1758.841410370262,0.3578072378025734,2.912458990386111
3924,-0.6292780532206057,-0.6929077085106503,-1666.7678259105703,-1670.9380933614486,0.45734570487168497,2.911308423191444
3925,-0.6619290172432246,-0.6966079321243724,-1168.0109833533618,-1168.0109833533618,0.2946842229886192,2.403066517028157
3926,-0.6679719736504447,-0.7115377499857534,-1126.7084681737704,-1126.7084681737704,0.21568310668706167,1.4015410689801397
3927,-0.6745444852181677,-0.7157499258888917,-1097.9489425798506,-1097.9489425798506,0.29267167223949836,2.1290735155058647
3928,-0.6666256460419261,-0.6915094604422243,-1228.9044035080797,-1228.9044243632275,0.29230776631347943,2.19746836553858
3929,-0.6865179770694244,-0.7307903306000323,-704.3918918918922,-704.3918918918923,0.24829896281091932,1.684947505696923
3930,-0.6403889458184396,-0.6557125543103896,-1746.9022412028635,-1746.9031105806469,0.2977709571961189,2.674561204923847
3931,-0.6378384686961014,-0.6887595623463169,-1580.2379432612788,-1582.6840083629481,0.3529574880982731,2.7093293546756962
3932,-0.6449762243648541,-0.6572517163168372,-1828.89090229771,-1828.8958271706085,0.24944204331669537,2.321688277449011
3933,-0.6497011283977998,-0.6584124853721124,-1431.6338650596044,-1431.7104361048982,0.2588511132622519,1.7697411950707742
3934,-0.6394469326103593,-0.6501339903198243,-1643.8309171207595,-1643.854651033071,0.2882006432992005,2.1149578996853386
3935,-0.6472339577697315,-0.6561695121240418,-1662.7629416846778,-1662.8065081380425,0.24737632645551177,1.8399947944911073
3936,-0.6660774879703278,-0.6981684152267332,-1283.4820749509015,-1283.4820749509015,0.25289419815933234,1.940395643817897
3937,-0.6656046035518844,-0.7038556462735733,-1009.177430319511,-1009.1774303195111,0.2745490114752411,2.121296871226653
3938,-0.636408147625223,-0.650931491891457,-1612.8944633407875,-1612.89811539212,0.31749444035045393,2.4759058915391976
3939,-0.6612605400218603,-0.7182373478540531,-1123.8458594532092,-1123.8458594532092,0.26183387441288775,1.703162773977173
3940,-0.6300893780503497,-0.6504607242293446,-1914.9927764303104,-1914.9927764303104,0.36090021207882583,2.9130283662387306
3941,-0.659829182541052,-0.6945255364368669,-1332.3374322485656,-1332.3374322485656,0.3295960220852819,2.7622616440256387
3942,-0.6412561241112,-0.6906260309644439,-1527.6215478933973,-1530.2028313367148,0.2743341109834631,2.2118472036229138
3943,-0.6471167781364014,-0.712192793899584,-1297.4893276784471,-1300.3875331478232,0.3576882989402063,2.3593687772769956
3944,-0.6438913781100093,-0.700279737866802,-1425.835712941438,-1428.3842214919832,0.37193926458566606,2.684955027709231
3945,-0.6728652672454432,-0.7087493022465668,-1155.5018790833842,-1155.5018790833842,0.251707138618643,1.8102537362855402
3946,-0.6500021097444237,-0.6694391215894009,-1165.459610027853,-1165.4596100278538,0.2835735158350411,2.1105204721342883
3947,-0.666059110725169,-0.6991516029732829,-1272.0680422050673,-1272.0680422050673,0.2915346438527205,2.437359837235906
3948,-0.6589613237578711,-0.6997667800961426,-1314.0484729554712,-1314.0484729554712,0.3262051034848294,2.579360269531154
3949,-0.6869955953181713,-0.7413761475112888,-660.5310802655426,-660.5310802655426,0.24238343310659818,1.477311888835749
3950,-0.6717920871360391,-0.6877517230162837,-1251.8699283507106,-1251.8813845143982,0.2218981214898759,1.514003826900801
3951,-0.6379366479502173,-0.6559709367120318,-1437.5078193419247,-1437.5078193419247,0.30939887370237645,2.380458827250986
3952,-0.6159439159808214,-0.6854850877067084,-1923.2116655167924,-1929.356528615167,0.48448094594504626,2.911487917799236
3953,-0.6755459771631939,-0.7374963157507797,-935.8022846434936,-936.002843982221,0.2580019736979303,1.431590429625135
3954,-0.6551225216769153,-0.6716691837440435,-1601.903170576935,-1601.9036830015666,0.24365880958166547,2.1487796010551596
3955,-0.6771047217398235,-0.737585378461955,-959.9520979787869,-961.9463831840322,0.32356882246987295,1.9608828462254952
3956,-0.6304126056247195,-0.650736698948835,-1801.9692261094513,-1801.9692261094513,0.3724018931612823,2.9129685675868533
3957,-0.643775085138824,-0.690175063812389,-1507.7229553548839,-1509.7837935695143,0.3804808144906353,2.9110327173193378
3958,-0.6754208807210774,-0.7052232695371344,-1164.904432803333,-1164.9044436923982,0.23475567041760795,1.6840238019595413
3959,-0.6305723306193876,-0.6746064016725347,-1652.1193092621675,-1652.1193092621677,0.3062655554425985,2.636876460446914
3960,-0.6612954694250092,-0.6880793370887428,-1045.1612903225814,-1045.1612903225814,0.23383838453224953,1.8527616642206666
3961,-0.6235814709130796,-0.6253436065145914,-1591.011235955057,-1591.011235955057,0.2678779095636914,1.7165257145046746
3962,-0.6620833592883176,-0.6953937094194607,-1020.4948762809331,-1020.4948762809331,0.30547190360183013,2.581824580698848
3963,-0.6327355262017974,-0.6532331949419036,-1437.6195028680738,-1437.619502868074,0.3308588363114584,2.662201063656294
3964,-0.6462886562716865,-0.6653077756484687,-1532.9040226484728,-1532.9042002291617,0.30810709651295587,2.588533326319628
3965,-0.6456469808227456,-0.673923055736879,-1609.0180871941184,-1609.0180871941184,0.33901263547952953,2.9116577160264647
3966,-0.6297333979373922,-0.6660809356411945,-1844.6459263035329,-1844.6459263035329,0.407960392603888,2.912827856543896
3967,-0.6340358265972454,-0.654060401418612,-1880.904449943414,-1880.9044499705142,0.3308760786977683,2.9127711686762714
3968,-0.6660883869803228,-0.7378002693536536,-945.5489661732144,-946.1898922448186,0.23143266645337668,1.316680004188693
3969,-0.6575582958187548,-0.6941631313866669,-1248.51964830433,-1248.5196483043303,0.31911217975000483,2.5995908827981933
3970,-0.6306751736461352,-0.6455060395456386,-1285.7619948792187,-1285.761994879219,0.2791856055250574,2.2747686562155507
3971,-0.673828761527105,-0.7073115026715873,-1160.904449999994,-1160.9044499999982,0.24132478155469303,1.733727129722071
3972,-0.6804376952610771,-0.7221527828080768,-748.8151658767766,-748.8151658767767,0.2586447657036466,1.8936052194167663
3973,-0.6574959238989023,-0.7273531876018167,-1098.034563330912,-1100.8863335927822,0.3087457523126266,1.9108724105771646
3974,-0.6607764467530088,-0.6709795115084728,-1317.682262872202,-1317.7452633751611,0.24142779047324445,1.6548441389683972
3975,-0.6487343300330839,-0.6672865995537826,-1486.9036428577406,-1486.9039708598655,0.3047101342122749,2.484949676125839
3976,-0.6541759210227633,-0.6862343514240352,-1470.712251349903,-1470.712251349903,0.3035051541869175,2.6029200645792674
3977,-0.6181886698212967,-0.6833457653980086,-1948.7163338683742,-1954.4315774265408,0.44834043513197663,2.911464955216399
3978,-0.6738413685187482,-0.7025648182247385,-888.6163451889923,-888.6163451889923,0.2526527472264841,1.6985419045888772
3979,-0.676691411304038,-0.7117377431568421,-1103.334154983301,-1103.3341549833012,0.2733513729013023,2.008367806467286
3980,-0.6793568256803708,-0.7032057587559667,-1095.902156114976,-1095.9030482248806,0.2436034031347558,1.6117618239487725
3981,-0.6551946510352432,-0.7224206375180896,-1175.2823122759771,-1178.1836792493436,0.37008494111542906,2.3256937805361613
3982,-0.638438962684175,-0.6591985113187593,-1341.2279572660614,-1341.2279572660614,0.30112662221853537,2.6463768317203953
3983,-0.6592805630696139,-0.674417294896395,-1273.874493001467,-1273.8845496500041,0.2765486579384175,1.926121672184697
3984,-0.6843506653073926,-0.7220731664149588,-980.3797143391807,-980.3797143391809,0.2890458422464321,2.0035264070567793
3985,-0.6888267865482673,-0.7225990835702162,-961.9041489601985,-961.9042851074679,0.24512367275733743,1.5229796712672534
3986,-0.6428816485421317,-0.6650054060775877,-1507.9044442747431,-1507.9044469093817,0.33801733040712917,2.7839111581149716
3987,-0.6882350087851583,-0.7348371010257103,-593.2756419350262,-593.2756419350262,0.1849887184076503,1.1867717774810478
3988,-0.6818410428237788,-0.7152611708402103,-1022.9044499978628,-1022.9044499993125,0.27907789048184917,1.9960739563118384
3989,-0.6666342386211708,-0.6836764472119792,-1207.8831770574488,-1207.8904629598578,0.2642316553343786,1.8162383786472514
3990,-0.6366769465769784,-0.6955895304738431,-1539.870643244779,-1542.913838543926,0.37954763249219975,2.7017131760430666
3991,-0.6450459303715557,-0.6629860832250283,-1735.904195681885,-1735.9043031782846,0.280360302436346,2.6400771466594133
3992,-0.6523640220623215,-0.6785432159463096,-1205.336567616742,-1205.336567616742,0.31739439791043134,2.5533842497831007
3993,-0.6536705235975966,-0.6852384869223337,-1486.737825636026,-1486.737825636026,0.29098430856336055,2.525980541294484
3994,-0.6462682383199807,-0.6637397552844096,-1622.9035546595096,-1622.9039180722375,0.2907760648921589,2.612191932162033
3995,-0.6888041905663694,-0.7275215728419656,-685.2739726027411,-685.2739726027411,0.1671701489228607,0.9898944836973435
3996,-0.6790425334788484,-0.7183314743271567,-787.0626427798499,-787.06264277985,0.258936586631834,1.8526133675044425
3997,-0.6915545641066531,-0.7423858167240733,-495.02890173410447,-495.02890173410447,0.18168732747790173,0.9964791250118806
3998,-0.6657557477090925,-0.6895369504266823,-1030.0241573680041,-1030.0241573680041,0.26502302970584046,1.8917137098065608
3999,-0.6634801969489282,-0.6878211772545334,-1349.9044417216192,-1349.90444549597,0.2763048515565113,2.277956482518345
4000,-0.6889842478005305,-0.7368106578996519,-658.1807780320365,-658.1807780320365,0.22005926396406866,1.3731717743860594
