scen,twd_pd_cor,twd_md_cor,min_pd_psi,min_md_psi,plfl_mean,plfl_max
1,-0.780615202728641,-0.7922500727925901,-1505.3591499999595,-1505.3591499999866,0.3371166209389013,2.2463159040715848
2,-0.782061698941613,-0.7927344500270728,-1292.170591979634,-1292.170591979634,0.26378280263687864,1.5289743692383844
3,-0.7845116048862246,-0.7927277088875041,-1505.3099919947842,-1505.3250554396766,0.2582049509863074,1.427336049922755
4,-0.776939662256305,-0.7916049601729747,-1216.7787383925713,-1216.7787383925715,0.3211750158348671,2.026615121416705
5,-0.7780044243596681,-0.7908443089772121,-1506.5608069254886,-1506.5608069254886,0.4116844419557337,2.929688174700189
6,-0.7796702774554403,-0.7916219373782356,-1505.5148996536009,-1505.5148996536009,0.34908596944266523,2.4206270233247884
7,-0.7887629220355094,-0.7946771350859501,-1504.5958634663168,-1504.7689873803092,0.269105380372599,1.6018184388311452
8,-0.7791495786993697,-0.7908995274473523,-1505.3940488115957,-1505.3940488115957,0.3317075106475529,2.213407434692231
9,-0.782534894058642,-0.7940366098668632,-1505.3591499821628,-1505.3591499938764,0.3495001617492025,2.270061309910674
10,-0.7850898340892195,-0.7890159935307275,-1500.5096337902326,-1501.2977257797565,0.1973686405943435,1.204268272534622
11,-0.782103355811797,-0.7943198374581022,-1388.4635017866274,-1388.4635017866287,0.34814494924340506,2.087572472999115
12,-0.78686899043322,-0.7942637790927753,-1505.2212907776095,-1505.2596181423612,0.2681292076843536,1.4526360447197217
13,-0.7849034632449718,-0.7936842241380766,-1505.3409157078397,-1505.3469937000395,0.27865104501993593,1.5645678937872738
14,-0.781748601148005,-0.7926242524913474,-1505.3589709040016,-1505.3590760197335,0.31035186912145646,1.94817086734146
15,-0.785413413208392,-0.7917039673914311,-1504.7448974718375,-1504.886993060136,0.22754818761650325,1.279777017021374
16,-0.7814656049469161,-0.7928264826132198,-1505.3591489657938,-1505.3591496260758,0.3310406258361133,2.1311930836958703
17,-0.7867476794056768,-0.7957974573506992,-1505.3485395697055,-1505.352274081525,0.31226483692120505,1.7344705038947854
18,-0.7832048221371071,-0.7946784641187029,-1505.3591499999998,-1505.3591499999998,0.3616490626026129,2.372869966430813
19,-0.7831748468010185,-0.7928636318099297,-1505.3543821934556,-1505.3561406068907,0.28450192245763906,1.7223467407123967
20,-0.7867978527503652,-0.7931456650774827,-1504.811789527528,-1504.9407670799,0.24496280790538938,1.4026993109920523
21,-0.7686674684396729,-0.787287690161985,-1016.6734444896302,-1016.6734444896302,0.2773634324486486,1.7093152808972878
22,-0.7883858250910591,-0.7963782004627059,-1505.3081621008425,-1505.3238751864758,0.3045078170737613,1.6292686293424885
23,-0.7818386957500597,-0.7937139529873034,-1505.4898560135996,-1505.4898560135996,0.36646313259801894,2.50256301380107
24,-0.7860066533611554,-0.7905058893871507,-1502.060755951172,-1502.6455399456854,0.21231032719274234,1.2895680901584814
25,-0.7835730321614324,-0.7933173098358662,-1505.355083700581,-1505.3566051971038,0.2919723120367591,1.7756945127222383
26,-0.7889823428196827,-0.794846397788307,-1504.5834880491425,-1504.7588644757411,0.27194479074035166,1.6323450696739732
27,-0.7861405542508294,-0.7941706849447766,-1505.302801963748,-1505.3198928898403,0.27409726853467864,1.493313563490765
28,-0.785475439626197,-0.7965430302129636,-1505.3591499825595,-1505.3591499940107,0.3752579926509336,2.4291571647093155
29,-0.7875669941603581,-0.7921762459939987,-1502.3921210233884,-1502.9343523721984,0.23437030871688183,1.4406818488399697
30,-0.7840747384005833,-0.7955015633091326,-1505.4096911843592,-1505.4096911843592,0.37432990105807507,2.4861714730838056
31,-0.7855562107357258,-0.7968582539436694,-1407.6611647461903,-1407.6611647461903,0.3671669974464755,2.13311466825845
32,-0.7857211588972526,-0.7906312257840804,-1502.948084343119,-1503.4013334683189,0.21265661204980682,1.275646136144614
33,-0.7807721768386173,-0.7932408391396845,-1505.7745606700016,-1506.3077022426178,0.402901098341478,2.826839993652544
34,-0.783623731629867,-0.7957497125735911,-1442.761360814505,-1442.761360814506,0.3870307505688397,2.4010407248354415
35,-0.7870174427116186,-0.7931813970616753,-1504.6908681486816,-1504.8441690825157,0.24498243694525407,1.41787990724531
36,-0.7879234048911629,-0.7971371346849766,-1505.3511644835858,-1505.3540772739505,0.3353631117142085,1.852337871868345
37,-0.7784196800562654,-0.7911916995324894,-1506.7811526933524,-1506.7811526933524,0.408176542602847,2.914975989472968
38,-0.7883530074446582,-0.7967630316951282,-1459.2981372851716,-1459.298137285173,0.32188241929436795,1.74969043578945
39,-0.7866487441388328,-0.79059864330616,-1500.6400095430624,-1501.4191549939628,0.21630652833402458,1.342018835019437
40,-0.7888771933461123,-0.7981556607963319,-1505.352617800008,-1505.355072564469,0.35442181016421354,1.9552002633246501
41,-0.786973473489335,-0.7945586203000103,-1505.2564954462748,-1505.285919507385,0.27438826926181353,1.471803689344144
42,-0.7691649984700486,-0.7874966775735466,-1024.664126729498,-1024.664126729498,0.27558588244057874,1.6937493186344603
43,-0.7869709648093085,-0.7970959448251266,-1439.0876101607066,-1439.0876101607084,0.35261942706158583,1.9654218999285864
44,-0.7855774687292398,-0.7926914788450163,-1505.131204104398,-1505.1910282179063,0.24421616856696618,1.3189007829585462
45,-0.7841992545167213,-0.795393603564799,-1505.3591499901077,-1505.3591499966194,0.3638569807333984,2.3536967642536
46,-0.7813116142596145,-0.7901020148548386,-1505.3244283842268,-1505.3353745037916,0.23602796949957477,1.3393148122475576
47,-0.7873918295940971,-0.7977557595430708,-1505.359088567756,-1505.3591253992986,0.37265421525756187,2.2351064196275905
48,-0.7857151587941866,-0.7956130951320523,-1476.6806455712301,-1476.6806455712303,0.3292286959028006,1.8297906625477829
49,-0.7834515747231469,-0.7908619824167032,-1505.1808405060995,-1505.2289835472614,0.22724527935926797,1.2499316640439977
50,-0.786090372859788,-0.7958664935263688,-1505.3557745261776,-1505.357086786993,0.3291833903831554,1.8543017694746844
51,-0.7808695481519781,-0.7915415568287044,-1505.35867847247,-1505.3589483472804,0.29525865765198733,1.8722162731697696
52,-0.7897872644722883,-0.7988376646442195,-1505.3507017851155,-1505.3538299803424,0.36358627581936864,1.9965106981109244
53,-0.7882604527370302,-0.7960498680798179,-1505.289771733524,-1505.310527377538,0.29704729390289547,1.6019399669491976
54,-0.783079054031975,-0.7924880806961844,-1505.3511834370674,-1505.3540044051902,0.274582298723747,1.6223868421874323
55,-0.7810155884552361,-0.7910588071418402,-1505.3565260240212,-1505.3575244410745,0.2730846763479566,1.7108500877163186
56,-0.7868511933397864,-0.7962475174361504,-1505.3529378961393,-1505.3552357758742,0.32590366422152767,1.8088934204815523
57,-0.7830185547523005,-0.7947346005418339,-1505.4655577841909,-1505.4655577841909,0.37239500879464377,2.4907538955971065
58,-0.7848802867447263,-0.7930087820699825,-1505.3043651978887,-1505.321001187327,0.2601389508747175,1.432984749846359
59,-0.7845651122231534,-0.7901018260489883,-1503.988508907,-1504.2702660163807,0.20757467766644563,1.1950325555263042
60,-0.7848698089586211,-0.7960639394022179,-1505.359149999577,-1505.3591499998583,0.3731452776386828,2.4326354800018
61,-0.7796208762737269,-0.7919412407317632,-1505.5969506190359,-1506.1600765636445,0.3778229641200151,2.7272367115003435
62,-0.7852954784114737,-0.7906318621768019,-1503.72078710219,-1504.0487499721721,0.21259127011397613,1.2445523097901632
63,-0.7890009678600877,-0.7984269097260857,-1505.3539511414635,-1505.3559566716615,0.36183070125674677,1.9964140405721704
64,-0.7836676593055045,-0.7934209914471925,-1505.355182086918,-1505.3566706996257,0.2938323411692245,1.787583103636633
65,-0.781690655038462,-0.7936329841119505,-1505.5084588050122,-1505.5084588050122,0.36968315009475006,2.5309658384127296
66,-0.7811867122974442,-0.7936301115919339,-1505.829642935072,-1506.359917871239,0.4032750077772406,2.8078998273339772
67,-0.7803991657187601,-0.7917807233358983,-1505.3591492140947,-1505.3591497172793,0.322458499172258,2.0997056550689472
68,-0.7727630158975525,-0.7892057982089024,-1107.3165683535065,-1107.3165683535121,0.28432497898045506,1.8316269015524607
69,-0.7809171850550836,-0.7920311027812369,-1505.3591249972787,-1505.359140296538,0.3139340547422711,1.992779642786042
70,-0.7883124393794847,-0.7984897731455948,-1505.3590222945472,-1505.3590975047814,0.3794275284773408,2.2528533985489783
71,-0.7808538540339502,-0.7921282551433938,-1505.3591461233461,-1505.3591485623972,0.3211700249051582,2.0609804314325375
72,-0.7816586397466434,-0.7908015892204532,-1505.3409950264984,-1505.3470245833107,0.24906904487982318,1.4339157270710576
73,-0.7805643981897851,-0.7908422248852419,-1505.3575043525207,-1505.3581491407456,0.27680262972944736,1.7703279243801264
74,-0.7831505458703063,-0.7951015716461619,-1445.8772958186805,-1445.8772958186814,0.3738244213057221,2.298907417503699
75,-0.788432716799754,-0.7975274482214396,-1505.3498900509223,-1505.3532359695348,0.34016186812500493,1.8719201647856802
76,-0.7884521077539013,-0.7959028284496582,-1505.248406814813,-1505.2800390070076,0.29245966017682806,1.613323843359589
77,-0.7819901618497123,-0.7932880110924297,-1505.3591475766345,-1505.359149109449,0.33327509756363316,2.121955946067863
78,-0.7878252389538453,-0.7974372984782268,-1505.355021913702,-1505.3566270000863,0.3488445852050086,1.9387093252869183
79,-0.7856620749698561,-0.7956634955404992,-1505.356814295955,-1505.3577494555032,0.3309288401356058,1.899906187912824
80,-0.7874431829664648,-0.7938589775946583,-1504.870462525954,-1504.9876098777727,0.2552216210693606,1.46860564080108
81,-0.7860912131603129,-0.7950223842074818,-1505.3462149560007,-1505.3506745340712,0.29873182102049467,1.6936136197628824
82,-0.788321297988646,-0.7965066572648719,-1505.320865151872,-1505.332978599752,0.30847034196942313,1.6607205967326433
83,-0.7813951517318328,-0.793170059367235,-1505.4399478984067,-1505.4399478984067,0.3549238472891004,2.3946753201233095
84,-0.7877113635131764,-0.7943298972526568,-1504.987701756459,-1505.0799514005075,0.26295157942506575,1.5018166662887769
85,-0.7765024230187417,-0.7912014157281155,-1195.9128349494338,-1195.9128349494338,0.30776416261527323,1.9232825418636126
86,-0.7815103985903918,-0.7925300007508701,-1505.359088310061,-1505.359125404858,0.31476813829365907,1.9929159918305472
87,-0.7850336535773654,-0.7946615247568143,-1505.3548069288724,-1505.3564394402465,0.3072287556138014,1.7645939259780878
88,-0.784364583180902,-0.7944831527301514,-1505.3571991757335,-1505.3579802278089,0.31760233118980896,1.8690091212362188
89,-0.7845128331537995,-0.7960931570908149,-1505.4752191660978,-1505.4752191660978,0.38840367138207776,2.5169670456013535
90,-0.7781952231418124,-0.790672598139266,-1505.7874822348874,-1506.3680323900776,0.3726323232356968,2.621633963839661
91,-0.7849253078638703,-0.7963829450996851,-1505.44868042035,-1505.44868042035,0.3875684615101316,2.487080304047301
92,-0.7890606264059611,-0.7982542618729443,-1505.3518285520065,-1505.3545527800356,0.3550373980013231,1.9515024363614102
93,-0.7887734292103487,-0.7975500805322115,-1496.6428416720807,-1496.6428416720826,0.33845346326891235,1.8438929049498354
94,-0.7879744607395371,-0.7978190966383578,-1505.3563021804387,-1505.3574570116657,0.36026739495096155,2.02311128601771
95,-0.7842427904660687,-0.7938612691062843,-1505.3547352127623,-1505.3563825395,0.2975614426922501,1.7288304312480554
96,-0.7786901519897539,-0.790966644791475,-1505.5316222374274,-1505.6213850893396,0.3620767851588238,2.5244243854561828
97,-0.7891132872431399,-0.7957556912736498,-1505.0528822013425,-1505.1311518745529,0.2860223433781455,1.6607666634202674
98,-0.7800312694654687,-0.7923180846289007,-1505.518928227316,-1506.0572367633333,0.38047046188127365,2.7389212943949772
99,-0.7785823761052454,-0.7911214650534545,-1505.682275893661,-1506.2446816662048,0.38917763739650163,2.808788914630424
100,-0.7806165079085224,-0.7930244434213952,-1505.8215084216163,-1506.360761546496,0.39728261968667905,2.789429227289133
101,-0.785794116253654,-0.7968746241243504,-1505.3591499890558,-1505.3591499962574,0.3794055316499748,2.439632662643909
102,-0.7866926856587085,-0.7955096509011752,-1505.3439892989268,-1505.3491609552532,0.3037692295947656,1.6787074112335911
103,-0.7779772672319669,-0.7906169818407441,-1505.6214166604498,-1506.1885865419608,0.38784692514554225,2.7705248975647305
104,-0.786680334038553,-0.793859704158516,-1505.1683751415217,-1505.2195895053749,0.26056476461518596,1.4270652863690618
105,-0.7872261484903321,-0.7977130689103625,-1505.3591254794817,-1505.3591404500803,0.3753998417349802,2.2864229869672283
106,-0.7848378718256652,-0.7935990606813429,-1505.340266338118,-1505.3465418021071,0.27730536810989365,1.5552285164343687
107,-0.7843052486678942,-0.7896040480907096,-1503.6221176604165,-1503.9665246547697,0.20211527694480155,1.1735043425642881
108,-0.7831253946710723,-0.7922177715746472,-1505.3450266049124,-1505.3498204652913,0.2655268612321081,1.5301827722563486
109,-0.7849176943337609,-0.7961321895881859,-1505.3591499999566,-1505.3591499999857,0.37455240855723265,2.4523671448822286
110,-0.7896446242079916,-0.7963705855102381,-1505.1062901679134,-1505.172536405003,0.29714927576532946,1.71551805897992
111,-0.7894375841794712,-0.7967623043528146,-1505.2386451379516,-1505.2729433948969,0.3059351124500536,1.7113350688492341
112,-0.7859393578682893,-0.79638041836633,-1505.3590651775394,-1505.3591157167223,0.3553008889247441,2.121183796589962
113,-0.7813207307957369,-0.7937274432272893,-1473.3770970094774,-1473.377097009478,0.38381504693230556,2.606716854320077
114,-0.7829892044217514,-0.7949871814370247,-1325.6889961778334,-1325.6889961778336,0.33574910980311906,1.9801586568241718
115,-0.7878392621941421,-0.7952067602758989,-1505.2257348243675,-1505.263038879727,0.2812141714209234,1.546744781885875
116,-0.7866349746312825,-0.7969694064469469,-1505.3590268510034,-1505.3590996016485,0.36085139669982796,2.131865513617687
117,-0.7861630766574554,-0.7935117214215094,-1505.200770607898,-1505.2441467825308,0.2571373273663743,1.3809244716292004
118,-0.7868210620333257,-0.7921550918117127,-1503.6856357931713,-1504.0225250640863,0.2307342718142143,1.3836100771711897
119,-0.7845739233615221,-0.7904633328325749,-1504.4043030149526,-1504.6113836810632,0.21271409287273493,1.2068886986998204
120,-0.7895376793227311,-0.798601976180573,-1505.3507805876493,-1505.353867270725,0.3588078897541179,1.9749722986049447
121,-0.7777759823562905,-0.7914340255504111,-1238.198983297027,-1238.198983297027,0.2892939060402651,1.770664991651941
122,-0.7841314853798516,-0.7950466610883057,-1441.1990776325902,-1441.199077632593,0.3383076123180114,1.940800279246741
123,-0.7868852802154332,-0.7941015126888749,-1505.1829072047303,-1505.230646033094,0.26387460929069884,1.4476166709915772
124,-0.7870194680538527,-0.7975377437389181,-1474.0814740814762,-1474.0814740814767,0.37476444943096376,2.1306680116958394
125,-0.7870068272360332,-0.7964671308672017,-1505.353640326399,-1505.3557043943865,0.3307404034262061,1.836952164846016
126,-0.7848259839078496,-0.7892415619119555,-1501.82928329418,-1502.4448353678486,0.19796079273793635,1.1882967532558155
127,-0.7847608375388968,-0.7959858018158014,-1505.3591499999475,-1505.3591499999825,0.3729965372748575,2.4404510781580755
128,-0.7788987342476034,-0.7914273593281854,-1505.6903305229278,-1506.2484847389235,0.3919442630088966,2.848811580035273
129,-0.7824257461206016,-0.7946688638113516,-1505.5219623270314,-1505.5219623270314,0.39557392413736936,2.6849685136200354
130,-0.780679162405836,-0.7920959342072633,-1505.3591495857286,-1505.3591498524743,0.32659306141910927,2.128406390992223
131,-0.7834888716669012,-0.7951211473211623,-1368.041469461346,-1368.0414694613476,0.33587688736958377,1.9760838411701802
132,-0.7857606586719749,-0.794983137857842,-1505.350930438049,-1505.35387022609,0.3033568484879745,1.6983612318489922
133,-0.786442832296109,-0.7924554967885182,-1504.5730468959196,-1504.7486818781567,0.2358992074716345,1.364148054688229
134,-0.7872259787806999,-0.7941068046127522,-1505.0801169595686,-1505.151876339169,0.26141563316057825,1.4711187749488972
135,-0.7844199360626362,-0.7960514610191886,-1505.4891858085286,-1505.4891858085286,0.39066142293814987,2.5387419225594954
136,-0.7824420746546376,-0.7937619116932044,-1387.8579003181342,-1387.857900318135,0.31317194708371326,1.8299926013571552
137,-0.7868575910542033,-0.7915314294369552,-1502.4672080855155,-1502.9964658259537,0.22524320156988528,1.3725005209181442
138,-0.784717391133769,-0.7911346496417607,-1504.8013048283894,-1504.93221584565,0.22248426159100415,1.2364756869570137
139,-0.7767192859312801,-0.791263485424486,-1215.9854263918942,-1215.9854263918944,0.30814488908979454,1.933007580724815
140,-0.7837947206770133,-0.7945214637875728,-1505.3590749882528,-1505.3591198370566,0.3345281421078162,2.017629905199028
141,-0.7865981927339094,-0.7927468657271894,-1504.678941753298,-1504.834253101177,0.23956574245787624,1.3800488332688177
142,-0.7830808274752533,-0.7916148823899687,-1505.3237081700486,-1505.3348721366517,0.2496728224124489,1.4082919409318824
143,-0.786902543474748,-0.79286059358933,-1504.5245542260432,-1504.709808302802,0.23997242533072444,1.4030096024742562
144,-0.777907673405361,-0.7906883541674783,-1507.0002947877233,-1507.0002947877233,0.4013215105091695,2.9097297884316657
145,-0.7839737846215123,-0.7905102704319358,-1504.8600572730727,-1504.9789990078168,0.21687294162044654,1.199109558419268
146,-0.785489752114627,-0.7901649303433226,-1502.459154229377,-1502.9855161612793,0.2080802897254583,1.2507157506404412
147,-0.785675144951616,-0.7946503879539046,-1505.346782450261,-1505.351054689734,0.2938266081473739,1.6772462774117647
148,-0.789059452737919,-0.7964213833360948,-1505.2398024802403,-1505.2737379937764,0.3002128904001263,1.671422070966588
149,-0.7854007632057731,-0.7939773247197962,-1462.245305633232,-1462.2453056332376,0.28130662977521337,1.528476194306055
150,-0.7831189315819159,-0.7926215842632826,-1505.3525277224148,-1505.3549059757195,0.27785974535990593,1.6560433730274846
151,-0.7794637700847233,-0.7918480459853172,-1505.8070451125175,-1506.3662794433426,0.38631033917922863,2.81544887284486
152,-0.784522433299336,-0.7951821465370164,-1505.3590848892507,-1505.3591239179152,0.34198096857908644,2.0588049062294593
153,-0.7869620886753916,-0.7941158601646933,-1505.1654584859941,-1505.2173896511106,0.263323557376312,1.4525073508050244
154,-0.7811496628216088,-0.7941166455433656,-1294.7742262810798,-1294.7742262810802,0.33894728788343004,2.0607459699955997
155,-0.7839466194433435,-0.7892869336289967,-1503.693311959459,-1504.025516277096,0.1988830526867025,1.152794037591911
156,-0.7877681823604712,-0.7930434727264377,-1503.6385961245826,-1503.9854394015838,0.2438162454196113,1.476775769253855
157,-0.7889125483761986,-0.7954497556442894,-1504.9972590479254,-1505.087800555455,0.2809977742697939,1.6391380741245851
158,-0.7854393505045151,-0.7915579542742497,-1504.6226092074608,-1504.7885944135162,0.22524821674934045,1.277551454214527
159,-0.7783197122066926,-0.7908250123805017,-1505.786628551824,-1506.362861522996,0.3761415452154296,2.6632645363344984
160,-0.7856557458294514,-0.7899030640186705,-1501.4476113201672,-1502.1157614064061,0.2067643698592654,1.2583926994374113
161,-0.7762611317113685,-0.7913680865855636,-1217.1970965940748,-1217.1970965940804,0.3291685546362579,2.1169214004542196
162,-0.7825313499780265,-0.7939928631970423,-1505.359149933714,-1505.3591499769407,0.34723087359939525,2.2457805433431832
163,-0.7839391300258804,-0.7923374408942596,-1505.3204224239112,-1505.3325314282415,0.25611370723050936,1.4390075135143794
164,-0.7880571670048792,-0.797017479434174,-1505.3473199221667,-1505.3514832595424,0.329328720680705,1.8078095265684395
165,-0.7844764359121643,-0.793287260349922,-1505.341023141297,-1505.3470642494042,0.2740488938261566,1.5455340474349077
166,-0.7850810912034449,-0.7890238784571054,-1500.5132410704473,-1501.3026838315793,0.1971568006134915,1.201179127325632
167,-0.7858912533053121,-0.7953271593538368,-1505.3531640652966,-1505.3553687084368,0.3127277756362369,1.7564994997751464
168,-0.7845733345049959,-0.7952641221272131,-1505.3591037446486,-1505.3591316651073,0.34400211863979646,2.0835559655601847
169,-0.780284088975664,-0.7938632128349532,-1362.1138816524021,-1362.1138816524026,0.38231617720053046,2.3831172638522204
170,-0.7897070563652169,-0.7975039416613197,-1505.2970254370546,-1505.3159981715671,0.3242369064647349,1.7731870342114933
171,-0.7865829687992635,-0.791592823865532,-1485.7142857142912,-1485.7142857142912,0.22561324503625604,1.3616588375250396
172,-0.7852489285969968,-0.7919670315801358,-1504.9718939596498,-1505.067267041007,0.23273277403054146,1.2817594123540106
173,-0.7815374751679512,-0.7918170757977817,-1505.3572430823626,-1505.357989650804,0.28505733917102205,1.8095467643218934
174,-0.7846138774425624,-0.7930596637468252,-1505.3255361935064,-1505.3361843652929,0.265540078685543,1.4741385992798564
175,-0.785851022509091,-0.7961368348959283,-1505.3588534460637,-1505.3590247146697,0.3462397112110267,2.0166351075821165
176,-0.7846636884871785,-0.7947505024140543,-1505.3571301316692,-1505.3579387116563,0.32008161086619086,1.8753978597961123
177,-0.7839551641020153,-0.7945072231583052,-1505.3589261723087,-1505.3590565605346,0.32865921847252166,1.9586411831023078
178,-0.7780695094904229,-0.7908912193849601,-1212.222593955614,-1212.2225939556147,0.2587029900118984,1.5102106375116588
179,-0.7824520694026034,-0.794176482398149,-1386.075137838183,-1386.0751378381835,0.3291764397984923,1.9474017274178739
180,-0.7877750822007307,-0.7946452276865968,-1505.0961961407243,-1505.1643553217705,0.2693870143070782,1.5279918577554423
181,-0.7785242159352619,-0.7911828364439034,-1506.4867976614091,-1506.4867976614091,0.3977496899174895,2.844106946282112
182,-0.7848536370328268,-0.7934347053294085,-1505.332994484349,-1505.341457406418,0.2722467237887895,1.5113853450843628
183,-0.7859348962978283,-0.7941220897176713,-1505.3142947562048,-1505.3281790548276,0.2755352959543947,1.5090427693032515
184,-0.7880835931458452,-0.7941092241289535,-1504.6323137377149,-1504.797590300144,0.2579205532628572,1.524978208099211
185,-0.7844205532900542,-0.7894061238456246,-1503.0612381218202,-1503.4961580878492,0.19934120129063726,1.1713888058944828
186,-0.7859593977925444,-0.7887966054293353,-1496.0226972229775,-1497.3245005738672,0.19928965899699294,1.250578896728408
187,-0.786263475598234,-0.7959202223489698,-1505.35503945188,-1505.3566114511052,0.3272403979997331,1.8378761459190998
188,-0.7868105126771969,-0.7934471207292949,-1504.9647704790098,-1505.0619021163182,0.250655438869748,1.4149521170986932
189,-0.7818106390918997,-0.7909087706493275,-1505.3392486988562,-1505.3458124213719,0.24923861886180854,1.4259533994097404
190,-0.7790525168747712,-0.7930336818136591,-1253.5098275170453,-1253.5098275170471,0.33960016213645444,2.1329703416803403
191,-0.7848495979546319,-0.7891042167251858,-1501.3820213449148,-1502.0591864553694,0.19728188338606464,1.1907226459616516
192,-0.7816280635070507,-0.7935123257909379,-1505.4892082406895,-1505.4892082406895,0.365050592511554,2.4926042097875203
193,-0.7823192418349743,-0.7901260267824627,-1505.2483600114394,-1505.2798082583522,0.2248280999603363,1.2563358259985766
194,-0.7819340426885593,-0.7908893031971336,-1505.335246487429,-1505.3430175714325,0.24718598012091036,1.403970801634728
195,-0.7838328007549773,-0.7933188277503038,-1505.353133819079,-1505.3553220894805,0.28697192177376185,1.7150367505059436
196,-0.7801681231640375,-0.7901197528758342,-1273.0214036834232,-1273.0214036834266,0.2147208589041321,1.265950838385263
197,-0.7843189665547299,-0.7951414041848014,-1505.3591315123444,-1505.3591428623233,0.34632553466059235,2.1233143647461543
198,-0.7773778063336304,-0.7903123094744312,-1506.2016341344115,-1506.2016341344115,0.4174481542548981,2.9491585430312806
199,-0.7848359109111787,-0.7917263815158735,-1505.0377204084193,-1505.1187410082775,0.23130765134922865,1.2633869280710424
200,-0.7804009531864944,-0.7924156567471793,-1505.5308741183655,-1505.5308741183655,0.36139134449043275,2.5041766010031887
201,-0.7895691890253329,-0.7982275940079466,-1505.3425463712917,-1505.3482954751905,0.3471139243430089,1.88704340004229
202,-0.7891323728576451,-0.7954013454303599,-1504.8780319242312,-1504.9941945678684,0.280245127055845,1.655199158629821
203,-0.7874250296123327,-0.7961839900230729,-1505.3424545912105,-1505.3481213816792,0.31223152354817635,1.719927341393087
204,-0.7832060330803255,-0.7896016817798396,-1504.7674606500223,-1504.9052766375326,0.20668969007751484,1.1538546713976765
205,-0.7848734736410766,-0.7960278207613255,-1372.9053099131902,-1372.9053099131902,0.3446220047386674,1.9919754849751925
206,-0.7833467044659636,-0.7945536461542492,-1505.3591493842782,-1505.3591497790967,0.3492684008550304,2.2219930109779886
207,-0.7819490713364075,-0.7924556378465963,-1505.358079297043,-1505.3585240807547,0.2988682631803061,1.8539173474943225
208,-0.7816653068257107,-0.7915909920179481,-1505.355780718195,-1505.357044445059,0.2748927949021877,1.7022197056144874
209,-0.7871395071070892,-0.7934699055312839,-1504.8081249242107,-1504.9380599023334,0.24968280535763895,1.4367740028666243
210,-0.7881378223104964,-0.7976467228586139,-1505.3543644636231,-1505.3562044596126,0.3496560196581057,1.9418470868916202
211,-0.7855139204469607,-0.7966307094531537,-1505.3591499963075,-1505.3591499987474,0.37745489486834877,2.455235780244378
212,-0.7770905720627368,-0.7918420796581112,-1259.3126652247088,-1259.3126652247088,0.34425394933453046,2.2090728240565616
213,-0.7808802686796849,-0.7942113289922388,-1355.5874611151025,-1355.5874611151025,0.3735240341845234,2.3137574115839628
214,-0.7876619857338206,-0.7927508039132728,-1503.3081931387617,-1503.7095379711798,0.24051789806365179,1.4610043456149264
215,-0.789476615237428,-0.7982065521028261,-1505.3443934075112,-1505.3495467806508,0.3474421507634034,1.8930613591047385
216,-0.7873869248068952,-0.7964896405728378,-1505.3492827191158,-1505.3527955300804,0.3232195875706988,1.7826241414401647
217,-0.7844821204316712,-0.7912258747281706,-1454.596022806287,-1454.596022806287,0.22774931681733174,1.2673032945845182
218,-0.7878476505551362,-0.7971785244219296,-1505.3525145998942,-1505.3549762249431,0.33815324734191915,1.8716666451252957
219,-0.7748270523656623,-0.790798083426962,-1177.2637693185318,-1177.2637693185338,0.3323885003890825,2.1575177753960775
220,-0.789038710845022,-0.7976944806514129,-1505.3413798623762,-1505.347444183396,0.33646877669902303,1.8342495739059326
221,-0.7763876374924384,-0.7886957665861474,-1154.1692921655201,-1154.1692921655201,0.2181511017622838,1.3837608906085117
222,-0.7898034063223736,-0.7971128375587246,-1505.2438278419609,-1505.2768625503122,0.31239268702990036,1.7486799180350336
223,-0.7873709654620331,-0.7947933180263383,-1505.2316477589397,-1505.267423518477,0.27568707014406585,1.504508321397079
224,-0.789319883593879,-0.7961682404950513,-1505.13108448664,-1505.1914703149478,0.29349042900595873,1.6851122024519136
225,-0.7887101923947916,-0.7976246206904241,-1505.3471133685644,-1505.3513649007168,0.3396243757651359,1.863716021682995
226,-0.7791023279836496,-0.7917726995454935,-1506.8205378181985,-1506.8205378181985,0.40569515321491234,2.9004389359655383
227,-0.7828380364191461,-0.7949072864358514,-1505.5280861896645,-1505.5280861896645,0.3914245520190635,2.631655329406596
228,-0.7836645561821831,-0.7891342852923275,-1408.7673285874837,-1408.7673285874848,0.20136361518375048,1.203194252378737
229,-0.7851845293504798,-0.7951431083205658,-1505.356639843453,-1505.3576322292095,0.32229304060664027,1.8644049807905354
230,-0.7867529371890192,-0.7965883861149363,-1505.3561757798134,-1505.3573547065487,0.3408299943578114,1.9073075072809673
231,-0.7816781263089768,-0.7891566651835991,-1505.1781184742101,-1505.2269702687188,0.2121486740138445,1.1792071056642535
232,-0.7885507480737879,-0.797678617544303,-1505.3505620327549,-1505.3536910311877,0.3433112695253609,1.8905312582945384
233,-0.786125028621416,-0.7924704745788503,-1504.796890137986,-1504.9286888569186,0.23666158830797634,1.3418299444003534
234,-0.7765264972365189,-0.7907941538187078,-1181.7624207728525,-1181.7624207728525,0.2862844488000603,1.7431047427311213
235,-0.7738941580253793,-0.7904946127620014,-1162.1426359789523,-1162.1426359789525,0.3396232140030705,2.2341731794307615
236,-0.7827907207502179,-0.7887516559847247,-1504.4420087350018,-1504.6423688711186,0.1959435140549028,1.1123181776163842
237,-0.7788330787643081,-0.7915810899197159,-1506.7812648436436,-1506.7812648436436,0.4105501321831029,2.927054181150894
238,-0.7840443724991255,-0.7910823207008422,-1505.078362844355,-1505.150312628217,0.22546091695784265,1.2243318211488987
239,-0.7895445776137223,-0.7971772578950994,-1505.2808779444106,-1505.3042018537387,0.3153190027393673,1.7365550558802256
240,-0.7777416885065325,-0.7904069895640493,-1505.6043349619576,-1506.173857713879,0.3871684565244896,2.750979647314521
241,-0.7877423155408554,-0.7961607593889953,-1505.3314916145605,-1505.3404844098877,0.3061932504474191,1.6728769353451582
242,-0.7858532683715074,-0.7947510408995287,-1505.345076844985,-1505.3498899891392,0.2941865710126058,1.6632713319007297
243,-0.7826001276166934,-0.794486168942936,-1505.495753687479,-1505.495753687479,0.3745149985127861,2.532794402422025
244,-0.7836849894762975,-0.7895715148193284,-1504.3863679946014,-1504.5967758351803,0.20370118884761498,1.1572602553221774
245,-0.7857616295664559,-0.7959053735161612,-1394.7259991759397,-1394.72599917594,0.3262229123456084,1.8184811019797351
246,-0.7854609526910005,-0.7928082304413685,-1505.1915897173965,-1505.2371145485652,0.2478989904830365,1.348940832147218
247,-0.7849918014554232,-0.7895315600904437,-1502.1244044371956,-1502.6986791452528,0.20091907571785267,1.2043450549731152
248,-0.7864808263961707,-0.7936574446686439,-1505.1619121888511,-1505.214654472422,0.2578630932404391,1.4088400767602942
249,-0.7853094932919158,-0.7953986096214779,-1505.3571443153673,-1505.3579548155444,0.3294095318792397,1.9093873488800726
250,-0.7869417114569959,-0.7976975717056376,-1505.3591484388087,-1505.3591494299983,0.3831140979169421,2.3092483069421643
251,-0.7873621677820632,-0.7954575820631775,-1505.3119182614817,-1505.3265267419085,0.2922503243405263,1.5843655614128462
252,-0.7805554707675195,-0.7898474512826809,-1264.100862641015,-1264.1008626410153,0.2127202862430074,1.290442294894801
253,-0.7861854469289331,-0.7926535877535209,-1504.865706633564,-1504.9834920863445,0.23980630616241302,1.3529334337330747
254,-0.7818995483448806,-0.7890146432061926,-1352.275716916605,-1352.2757169166055,0.1970548725759113,1.168023865418192
255,-0.7884375389066135,-0.7945210615315007,-1504.7092286313534,-1504.859522507734,0.26531466305775797,1.5665389313330058
256,-0.7786873436789828,-0.7914078339643181,-1506.934975154231,-1506.934975154231,0.4063216424897491,2.90043612547966
257,-0.7855797932033586,-0.7968078890171496,-1505.35915,-1505.35915,0.382801007635302,2.418096600119683
258,-0.7770406683389071,-0.7898818971438898,-1506.8648728021833,-1506.8648728021833,0.3968741461546151,2.8193169938717335
259,-0.7871181647510969,-0.7948249300604466,-1505.273627275467,-1505.2985962638268,0.27902918349389544,1.499973334821915
260,-0.7876633498197166,-0.7927288588370711,-1503.2733868859025,-1503.6802831404043,0.24051684919743613,1.4617791452492421
261,-0.7873410639506376,-0.7964925802220848,-1505.3500570555343,-1505.3533173722815,0.32457943666889216,1.7901042493698889
262,-0.7877228112045236,-0.7955213982141534,-1495.958499215833,-1495.958499215833,0.2912833825541773,1.5593501194143198
263,-0.7866604603711822,-0.7921336691599683,-1503.9043911471588,-1504.2031863312145,0.23038156658983688,1.37033193589763
264,-0.7847409174343335,-0.7942772641103497,-1505.354191905281,-1505.3560294985534,0.30082097721832535,1.72961525919105
265,-0.7858854197291837,-0.7964060525260509,-1505.359101813363,-1505.3591308692144,0.35731517409494895,2.1563935245795784
266,-0.7897766776727733,-0.7965453282500978,-1505.1233571220541,-1505.1856734830271,0.300059083519946,1.7302631982943464
267,-0.7841284226100651,-0.7952389709536383,-1505.3591497401405,-1505.3591499079535,0.35822546444890146,2.2842333483653934
268,-0.7820207982401708,-0.792595126029386,-1505.35815609063,-1505.3587016234294,0.30218887687477664,1.8699509853961012
269,-0.7817764459918545,-0.7889235577527438,-1505.0953959115648,-1505.1636139861494,0.20630778962756405,1.1397471878522218
270,-0.7812845189108962,-0.7939858323198865,-1322.3609534619695,-1322.360953461976,0.3344585880476584,2.032153249176515
271,-0.7839319849494897,-0.7913827999134837,-1505.1953425609483,-1505.239964083471,0.2332831251654051,1.2810486625914432
272,-0.7860066081764738,-0.7951147947518515,-1505.3493670033438,-1505.352821054122,0.3026129271236192,1.690272894446724
273,-0.7828223801873521,-0.7924515974298232,-1387.267544454996,-1387.2675444549982,0.2610095749193085,1.4589138532446668
274,-0.7858459025742944,-0.791272827560309,-1492.3134608173996,-1492.3134608173996,0.22121644500295487,1.3032386754995453
275,-0.7835527177215462,-0.7911482596207151,-1505.2213240330877,-1505.2595707337366,0.23253988380734297,1.2846845949950485
276,-0.7799371370881569,-0.7918186713079599,-1505.4711111238282,-1505.4711111238282,0.34701597174995874,2.386979973519794
277,-0.7845247386630783,-0.7949507756840887,-1505.0404657106346,-1505.0404657106346,0.3330571250317198,1.9539081780899592
278,-0.7874137016367366,-0.7962386124317039,-1505.3439379205133,-1505.349145061486,0.31436555745925415,1.722854427634723
279,-0.7870560668210391,-0.7973200295765771,-1505.3590043065287,-1505.3590899949738,0.3638130421123085,2.144758083137925
280,-0.7838620469622606,-0.7925841378013534,-1505.3359971852326,-1505.3435586856604,0.2641542041424129,1.4778068580588208
281,-0.7855685318308591,-0.7961312238044633,-1505.3591073927457,-1505.3591331431078,0.35427571969982513,2.1467146032092583
282,-0.7860585212825755,-0.7953918396731361,-1505.352094199013,-1505.3546581498747,0.31191532892846824,1.7432240148720872
283,-0.7830633418929175,-0.7943086533301544,-1505.359148776218,-1505.359149555782,0.34537449155622735,2.189558918407547
284,-0.7853350720430614,-0.7917889153559032,-1504.8368053113675,-1504.9604700468306,0.22937785241615305,1.2863405509271764
285,-0.7854452141030337,-0.7965907607422283,-1391.4713015359812,-1391.4713015359816,0.35654562789276084,2.056666099609642
286,-0.7829317338409207,-0.794932021790262,-1505.5257297221506,-1505.5257297221506,0.38885163624780533,2.605526288605134
287,-0.7868135329420282,-0.7953485254924552,-1505.3347741422365,-1505.3427598132887,0.29672960950810284,1.629015086153094
288,-0.7859594404605956,-0.7957615280947145,-1505.355913807403,-1505.3571749983407,0.3277673737966058,1.8556638752339787
289,-0.7855300172574674,-0.7933581039500365,-1421.410669530968,-1421.4106695309692,0.2584445054717166,1.4726645830821226
290,-0.7836266924943798,-0.7930738193912981,-1505.3525063393558,-1505.354899800192,0.28288136006639153,1.6842923920680868
291,-0.7883963508855252,-0.7946970138556321,-1463.4888438133887,-1463.4888438133887,0.27537462881217156,1.6414591657353161
292,-0.7877720660226447,-0.7974114761989434,-1505.3551871247064,-1505.3567335322252,0.3490338944680835,1.9411627191032261
293,-0.7818769752181348,-0.7904622882704978,-1345.3333333333358,-1345.3333333333362,0.217849625182416,1.2448318569897943
294,-0.7814684376956879,-0.794571863415709,-1341.8602041961215,-1341.8602041961217,0.36423500890971505,2.2478906194818586
295,-0.7842705605503159,-0.7900102271992321,-1391.8168423438794,-1391.8168423438794,0.21239320412239654,1.2929654921952358
296,-0.7805514467148008,-0.7920906227590693,-1252.307692307691,-1252.3076923076928,0.26496482122624776,1.557573998580816
297,-0.7809915891679308,-0.7934210744157963,-1505.8287158083613,-1506.3620927408597,0.4011368858386698,2.800369647363008
298,-0.7809349739335616,-0.7925992192102065,-1505.35915,-1505.35915,0.3415318907424613,2.2805259712988417
299,-0.7854963645325742,-0.7895753278031763,-1500.9933989296665,-1501.7211403961344,0.20340827304720135,1.2416809484155393
300,-0.7844524598786645,-0.7956884622004324,-1505.3591499998909,-1505.3591499999636,0.3693997394277029,2.4135726440845855
301,-0.7889543933762113,-0.797836190060213,-1505.3469925662928,-1505.351290901696,0.34283619855924696,1.8802781201092786
302,-0.7851862382621895,-0.7914393609652325,-1478.0130293159634,-1478.013029315964,0.2271017342293795,1.2805616051240767
303,-0.7799547985924192,-0.7921786935725493,-1505.5296984286363,-1505.6404228634008,0.3737570929027406,2.665027038125855
304,-0.7841959557543124,-0.7931124564763748,-1505.343550381667,-1505.3488095538096,0.2740511575232348,1.5584686416272509
305,-0.7849225528596935,-0.7956045024224332,-1505.3591149222432,-1505.3591362071397,0.34870259417096117,2.1198085111803975
306,-0.7885602414584536,-0.7978638831351154,-1505.3527245064918,-1505.3551343716558,0.35002288566473855,1.9318196504336425
307,-0.7852434787038157,-0.7934729207772239,-1505.3139307938452,-1505.327902714777,0.26713556401513555,1.4717957580923067
308,-0.7832350499005726,-0.7937814234891483,-1418.0929095354475,-1418.092909535449,0.30418194320272834,1.7365522114618095
309,-0.7838243220209333,-0.7909900654656324,-1505.1175249273663,-1505.180548740446,0.2258728970582338,1.2316945942644102
310,-0.7813416365638073,-0.7936834589735919,-1505.567379579514,-1506.0992716426845,0.3955198578672477,2.7506068596975513
311,-0.7841740434345138,-0.7947286318511474,-1505.3589727576764,-1505.3590766031484,0.3319911011000223,1.973065483466758
312,-0.7830065410283116,-0.7948779786723595,-1505.507193281219,-1505.507193281219,0.3810145361194097,2.587398855847442
313,-0.7821295061089388,-0.7933416580569711,-1505.3591415004857,-1505.3591467888957,0.33036698991352637,2.077219953942181
314,-0.7839885632309089,-0.7933982072517788,-1505.3524582133932,-1505.3548720807182,0.2869457729050082,1.702911970695431
315,-0.7832186011113026,-0.7939367870544862,-1505.3589635769747,-1505.359072748352,0.32394551384974835,1.9555883575063138
316,-0.7843978953826191,-0.7953101585599155,-1505.3591458677479,-1505.3591484616782,0.3532053456626234,2.203191305596077
317,-0.7881940008782551,-0.7943141020500988,-1504.7173286489492,-1504.8659008266284,0.26180768687624745,1.541001818602332
318,-0.7858433255706976,-0.796759852273906,-1505.3591496387708,-1505.359149871431,0.3741669041842751,2.382844328727814
319,-0.7835346764233477,-0.7951261501709217,-1505.454416472787,-1505.454416472787,0.3749597549271975,2.5014941893883242
320,-0.7875861419243924,-0.7929364520372625,-1503.7458678288904,-1504.0739961171282,0.24082337826066003,1.454384060753598
321,-0.7707754394741514,-0.7890358578223827,-1104.936253677677,-1104.936253677677,0.3467700110711955,2.362580607880056
322,-0.7875604928352513,-0.7939397919650579,-1504.854605239308,-1504.9750745603892,0.2563605161426335,1.4791882175513251
323,-0.7854563349529542,-0.796287939732586,-1398.996235884566,-1398.9962358845669,0.34507370346438304,1.966121523921011
324,-0.7817367769595525,-0.7917914106428269,-1281.7285504510216,-1281.7285504510219,0.24391659611745148,1.46107849383917
325,-0.783964985058084,-0.7943732107154284,-1341.8166770122084,-1341.8166770122084,0.2950487034679696,1.637100549179198
326,-0.7805050594614376,-0.7925035893329234,-1505.5304747339947,-1505.5304747339947,0.3606232190897199,2.4982361786216365
327,-0.7876626318265568,-0.7948108807819261,-1505.1750697907473,-1505.2247695868098,0.27338725210431764,1.5253992413850237
328,-0.7880699429794884,-0.7980144953427555,-1476.32605715491,-1476.3260571549106,0.3694872351376303,2.035662742330329
329,-0.782299778486491,-0.7943612014734778,-1505.5235475538407,-1505.5235475538407,0.38257185165909485,2.6446608968202763
330,-0.7884281063812151,-0.7977388814522419,-1505.3527202795328,-1505.3551279021601,0.34788611353777416,1.9220108727581195
331,-0.7842316264408887,-0.7932608110351236,-1505.3464022452838,-1505.350768528253,0.2781402019234708,1.5950110607706767
332,-0.7759556320107092,-0.7901420863355189,-1171.2313515920757,-1171.2313515920757,0.2657446614463909,1.621802238690296
333,-0.7859838133069117,-0.7960481564462024,-1505.357050057363,-1505.3579044955918,0.3388724412072784,1.9182670737043483
334,-0.7852750923740218,-0.7912963253744699,-1504.5379088619259,-1504.7201324299288,0.22220076683935389,1.2626330780737276
335,-0.7869098551901097,-0.7974059177026958,-1428.5714285714307,-1428.5714285714307,0.3638923951424169,2.0496865540967066
336,-0.777177395408974,-0.7914661008219019,-1211.669505962525,-1211.669505962525,0.3053933747454949,1.8932918116002508
337,-0.7777925960612384,-0.7916782195736386,-1252.1653056174237,-1252.1653056174237,0.3048652760746007,1.8954718238997676
338,-0.785928144846114,-0.7964486786468088,-1500.3203074951912,-1500.3203074951916,0.3610459976721481,2.162420731491216
339,-0.7738829204743277,-0.7892263881892481,-1125.0139649201235,-1125.0139649201235,0.26115110099540595,1.6130533733408774
340,-0.7832016331397683,-0.7914712635503112,-1505.3073325694834,-1505.323127645333,0.24450664989638873,1.3716986404281986
341,-0.7881028344529789,-0.7967612553115964,-1505.3396659290322,-1505.3462179092082,0.32001333888867933,1.7434125207201465
342,-0.7850688942260146,-0.7942185452045465,-1399.1248272685395,-1399.1248272685423,0.2834849543872998,1.5468595702212427
343,-0.7853229715226986,-0.7917373026452781,-1504.812785332862,-1504.9413419437913,0.22882130208174103,1.2769672111750994
344,-0.7785106803565702,-0.7912731257221671,-1506.8023105912196,-1506.8023105912196,0.4085505725673417,2.9148227553431267
345,-0.7872452950850136,-0.7974607364504835,-1505.3589716976824,-1505.3590760236773,0.3644602396656889,2.140923297487024
346,-0.7808029838403318,-0.7924319275761978,-1505.3591499999488,-1505.359149999983,0.33840897581623175,2.2519776933021047
347,-0.7776006314766766,-0.790229563065166,-1505.714049179082,-1506.293367209005,0.37843174781313615,2.6578782748411984
348,-0.7896154713877824,-0.7969431044450893,-1505.2424630818628,-1505.2758131584635,0.30893408775924286,1.7287158689784639
349,-0.7814337975337238,-0.7904656358614922,-1505.3371065298497,-1505.3443153970397,0.24372771037555682,1.3930761506708658
350,-0.7853770558614701,-0.794207222761374,-1505.342944138148,-1505.3484106331573,0.28601349367569356,1.6103211180627146
351,-0.7850503696591858,-0.7942347691613264,-1505.350166102507,-1505.3533453521227,0.29284218193350414,1.7054491946364716
352,-0.7838983828769412,-0.7892062164431076,-1503.6436177871142,-1503.984140183711,0.19777441385408578,1.1487275439136164
353,-0.7866328097094857,-0.795596143233029,-1505.34696013042,-1505.3511943692822,0.30721487754907567,1.7052709771863823
354,-0.7736431900431424,-0.7875877869131197,-1093.0334134090358,-1093.0334134090365,0.2088276369956234,1.3456224612180196
355,-0.7820615506503814,-0.7895048233231065,-1505.1773720950553,-1505.2263901449414,0.2149044294811188,1.1920545719797717
356,-0.7826360644594791,-0.7947181413668146,-1505.525931322664,-1505.525931322664,0.38721962876930455,2.675926731061105
357,-0.7830536163065549,-0.7920413024396027,-1505.3421202759253,-1505.3478146790662,0.2618242662375851,1.4957931669821614
358,-0.7822955856806802,-0.7916762147779443,-1505.348478031938,-1505.3521723161427,0.26288414143764605,1.543458817098754
359,-0.7820511656972065,-0.7944212927208093,-1339.1442155309019,-1339.1442155309037,0.3370528802878207,2.028435571167107
360,-0.7826883485409418,-0.7890504887381611,-1504.7358388130408,-1504.8800311840719,0.20114136020313908,1.1243551758557637
361,-0.7852893684792056,-0.7900220031111611,-1502.5764596093602,-1503.0852142561375,0.20572207389477193,1.233124494341658
362,-0.7871937883051953,-0.7924658846048157,-1503.5909359253744,-1503.9443734409751,0.23498890078021742,1.4174450833676846
363,-0.7809077603789807,-0.7935899588532191,-1279.7890680458402,-1279.7890680458402,0.31825781073524556,1.8988612139184917
364,-0.786666936365848,-0.7975380496904743,-1505.3591496543863,-1505.3591498770395,0.3847763243070852,2.3376271291191735
365,-0.7863506330937438,-0.7909947446460666,-1502.3856220972818,-1502.9246818996887,0.21733200216841664,1.3207472245437228
366,-0.7856279175935638,-0.7967061263924599,-1503.3350436121107,-1503.3350436121107,0.37905342956005134,2.4461222239231337
367,-0.7882990086668029,-0.7944118416936299,-1504.7190124020974,-1504.867288659913,0.263146226286351,1.5509510972188245
368,-0.7816124576146395,-0.7921615490018297,-1505.358267520438,-1505.3587636948369,0.2975878394820916,1.8622488915154791
369,-0.7841107169485984,-0.7956743275263378,-1500.342231348387,-1500.3422313483875,0.3823769780120228,2.5404805860078117
370,-0.7806845637992866,-0.7925952560188184,-1505.4900970303497,-1505.4900970303497,0.3569671370070392,2.456238306451589
371,-0.7891027332551382,-0.7987016989864768,-1505.3551759112545,-1505.3567577762417,0.3708700781436389,2.0574677570541695
372,-0.7855808388070247,-0.7895804759179865,-1500.7448797393945,-1501.5052700143788,0.20371113652989364,1.247058013431497
373,-0.7860592334101809,-0.7919226611334444,-1504.4253054583507,-1504.628264437176,0.22869544094882013,1.3265332137005688
374,-0.777000682236449,-0.789832567724652,-1506.5768609325598,-1506.5768609325598,0.3945823666036006,2.787433228991312
375,-0.7884681181539775,-0.7975842535259335,-1505.350256211051,-1505.3534831376232,0.3417605448588401,1.8796556004553866
376,-0.7801310181021833,-0.7919746837258255,-1505.4557148027861,-1505.4557148027861,0.3466142376251432,2.368706146636334
377,-0.7889197850431131,-0.797225647693993,-1505.3272373120092,-1505.3375518213834,0.324145846428817,1.73834544170128
378,-0.7796707916841064,-0.7923979325385804,-1296.6778264228658,-1296.67782642287,0.296002046000325,1.79282888836001
379,-0.7791773942428266,-0.7912106388085244,-1505.5244230904823,-1505.5244230904823,0.34960662853515845,2.4160645966528724
380,-0.7869271575387046,-0.7965124506893365,-1505.3546497507589,-1505.3563670146734,0.33409088348762367,1.859739504926652
381,-0.7817505188286835,-0.7939958672784311,-1505.5185200753956,-1505.5185200753956,0.39099723448272833,2.6915450195275024
382,-0.7850490755506457,-0.7943354467399192,-1505.3515919402344,-1505.3543043877573,0.2954174719255911,1.7395628584680716
383,-0.783523680700736,-0.7943594562273477,-1505.3591043733516,-1505.359131938795,0.33533976857066866,2.0400511674217983
384,-0.7887018379267909,-0.7955994608877744,-1505.1247228193663,-1505.1864444909004,0.2841650197186223,1.6246306990608868
385,-0.7875452408113617,-0.7949918760897055,-1505.237331636597,-1505.2716911292002,0.27882715474961883,1.5227244843749352
386,-0.784472017326113,-0.7953675817963213,-1505.3591455300998,-1505.3591483330597,0.35343217978197516,2.2038305685881983
387,-0.7851666214959289,-0.7912596618652749,-1504.5905908958512,-1504.7628632419178,0.22170632759403458,1.2549709349674878
388,-0.7826336920416841,-0.7933195042749023,-1505.358654194602,-1505.3589370453249,0.3121374430614427,1.9127088113705697
389,-0.7875220957134846,-0.7923734227737829,-1502.9009456710228,-1503.3657083380606,0.23662243163802302,1.4441827371493856
390,-0.7880408077694608,-0.7974406131818593,-1505.353358476914,-1505.3555403933206,0.3442261623965741,1.9066141017651899
391,-0.7822486418266469,-0.7934541729066688,-1505.3591400949729,-1505.3591462435718,0.3308172120543229,2.07495596853627
392,-0.7830936235885729,-0.7907724265756458,-1505.2335336078804,-1505.2687306161677,0.22961482849587544,1.2741372395444146
393,-0.7849423632045239,-0.7937398766391761,-1505.3414149047785,-1505.3473432578032,0.27962703663889277,1.5719682496883247
394,-0.7887843896327056,-0.7978734049577195,-1505.3502805684593,-1505.35350889327,0.3466973481074394,1.9029330853572566
395,-0.7871059375851261,-0.7920100566887092,-1502.9299923539265,-1503.3898534812693,0.23084570788760228,1.4022710300020917
396,-0.7892423579208165,-0.7982849673295885,-1505.3501144171782,-1505.3534115450207,0.35305849163737285,1.9421700070772507
397,-0.7873387991230565,-0.793639969085666,-1504.7952153883177,-1504.9279202039897,0.252191358808489,1.455399498071893
398,-0.7807322230621372,-0.7927916334278042,-1505.5225738856047,-1505.5225738856047,0.36903535345226607,2.574037782065252
399,-0.7858280997354642,-0.796486281104636,-1505.359136899176,-1505.3591449859412,0.36199421338613663,2.228552428300406
400,-0.7759877744035015,-0.7889677902800347,-1508.7258888134431,-1509.8547832662534,0.4295941530669607,2.985168596837694
401,-0.7802760233537407,-0.7928369663866334,-1506.2121965725125,-1506.2121965725125,0.4066242323276108,2.8727085859472585
402,-0.7861325699876668,-0.7925631150244025,-1504.8471692109842,-1504.9687516683132,0.23835709975115577,1.3471930015667013
403,-0.7863412780469857,-0.7926125420843575,-1504.7508946458343,-1504.891976585703,0.2384184366582325,1.3623511715298129
404,-0.7726280083832731,-0.7902106474550343,-1150.0103885310573,-1150.0103885310582,0.36213236654661624,2.4343216467118385
405,-0.7820949205940005,-0.7935789587672935,-1382.5377724294738,-1382.5377724294744,0.3129699206176105,1.8417506863541513
406,-0.7827255483021854,-0.7938317731450544,-1505.3591286464757,-1505.359141735494,0.33213234267011127,2.054872612903495
407,-0.7874332170295042,-0.7948980908460094,-1505.2398265989707,-1505.2735406738666,0.2774053957968307,1.511607064529906
408,-0.7834439150905835,-0.7917881337860806,-1505.3143204776059,-1505.3281621388653,0.24875730452487396,1.3975731363228667
409,-0.7885075598436266,-0.7957553467052059,-1505.2116180542914,-1505.252513158126,0.2890296902547126,1.6134934814705582
410,-0.7768401759057383,-0.7907230697850037,-1185.9275498486275,-1185.9275498486275,0.2767535719239715,1.6577626934657195
411,-0.7844593910513763,-0.7959921009693909,-1505.4591692170322,-1505.4591692170322,0.3844693059256729,2.493153588899462
412,-0.7888074887704285,-0.7970015058366628,-1505.321733909278,-1505.3336406238923,0.3179158741204296,1.7045169654805161
413,-0.7835406538765406,-0.7928248099203011,-1505.3501432579474,-1505.353307515743,0.2769973276835981,1.6232433241623592
414,-0.7860324429464215,-0.7955099521776048,-1505.353581733882,-1505.355648444169,0.31714955210538465,1.7771810166276503
415,-0.7775530434492817,-0.792465202130997,-1270.3068592057837,-1270.306859205784,0.36810409467822663,2.369111378457219
416,-0.787894588449866,-0.7977277776394984,-1505.356239638015,-1505.3574158101437,0.3583729012312174,2.0069027213260435
417,-0.7883539539277469,-0.7971335100682478,-1505.3435088504366,-1505.3488856125307,0.32879332006301565,1.8010843802049874
418,-0.7888383279639095,-0.7969800990666865,-1505.3187755572408,-1505.33153715906,0.31704709519125257,1.6962371126788254
419,-0.7806410754894654,-0.7938608218201624,-1306.799336650081,-1306.799336650085,0.34317778812990607,2.112545566074108
420,-0.7879729920753785,-0.7977357582433197,-1505.3558903229396,-1505.357193441444,0.35660078957579844,1.9854994059874536
421,-0.7690636469289841,-0.7870971493151823,-1015.3199158906588,-1015.3199158906588,0.2587705965810697,1.5985795931690059
422,-0.7789893536315462,-0.7915369479111183,-1505.8500066018364,-1506.2120250388923,0.3939276269698908,2.8200774418123267
423,-0.7874302448717742,-0.797066889121622,-1505.3550511220683,-1505.356638286443,0.3435093978763969,1.9099935745734065
424,-0.7842492255801955,-0.7943137550990111,-1478.5059901339027,-1478.5059901339027,0.31506209417350517,1.8063994652619408
425,-0.7817740841360137,-0.7938241209621568,-1439.8200224971931,-1439.8200224971931,0.35912835301796237,2.201965463997061
426,-0.7885101568230718,-0.7974454370084229,-1476.9520225776132,-1476.9520225776132,0.34222828575465647,1.8487237628339848
427,-0.782243217581771,-0.7938679120719612,-1417.9719703215142,-1417.9719703215155,0.3339708987715296,1.9611681680961655
428,-0.780601693611344,-0.7928256212670318,-1505.5249098236427,-1505.7639153074913,0.3815738525535411,2.728309811894389
429,-0.7876326532583736,-0.7973238672415071,-1505.3554880555348,-1505.3569258692526,0.3486144608567102,1.9417400568643701
430,-0.7820433449032377,-0.7912594712159222,-1505.3440366487885,-1505.3491329276858,0.25536574714082344,1.4784640587931088
431,-0.7889850762182216,-0.7978052664123276,-1505.345651916761,-1505.3503778085028,0.3406644625475477,1.867471275578183
432,-0.7816955119067026,-0.7889011016474186,-1505.1114652225517,-1505.175999700039,0.20676130438871962,1.1438214045417672
433,-0.7843407489013959,-0.7945083205594178,-1368.8840021990052,-1368.8840021990084,0.2968358141767415,1.6486818416047613
434,-0.7853957411904481,-0.7950816548762588,-1391.4916532040954,-1391.4916532040954,0.30381357309709733,1.6642807995363378
435,-0.7864890712989794,-0.7946953394533661,-1485.6623848449524,-1485.662384844953,0.2875032965419897,1.554479681360692
436,-0.780902662610974,-0.7927940819015692,-1505.4852617084766,-1505.4852617084766,0.3576438974920068,2.454208664814898
437,-0.7823128998639017,-0.7923099047135829,-1505.3558747831303,-1505.357111931223,0.2833253456329285,1.7494251787789858
438,-0.7897049406130807,-0.7970552480360702,-1505.2478820401873,-1505.2798591740836,0.3113533312070333,1.7381402074691426
439,-0.787641080783238,-0.7966967588336075,-1505.3487261664704,-1505.3524256790804,0.32567973998597327,1.7935977951174187
440,-0.7825591289242493,-0.7922373548668689,-1505.3536083154806,-1505.355621384622,0.2757324538768047,1.662904516351531
441,-0.7888714487279924,-0.7981980638824547,-1505.353072536284,-1505.3553736202975,0.3563194499196705,1.9658492944755235
442,-0.7868418199478762,-0.7912869719579269,-1501.9434541621913,-1502.547767693467,0.22261527991473548,1.3671517035800604
443,-0.7712705964411786,-0.7892046796785386,-1105.0433665274682,-1105.0433665274684,0.33315110778568147,2.2449925243294437
444,-0.7898705638580459,-0.7988339205604704,-1505.349337235913,-1505.3529270202537,0.36170543506184755,1.982428252618676
445,-0.7778035667198284,-0.7908210337085572,-1207.85889707524,-1207.8588970752403,0.25994623793543326,1.5261924694695435
446,-0.7851139310375008,-0.7965230807088793,-1505.4373776988982,-1505.4373776988982,0.38790658844806386,2.479725466293045
447,-0.7815604589033641,-0.7907790942794406,-1505.343625970059,-1505.3488434008673,0.2505353157221661,1.4533444289973596
448,-0.7860721934337216,-0.7915286086880601,-1503.8999412395265,-1504.1981978303822,0.22336668848047692,1.3165210328361592
449,-0.785897500976068,-0.7959652465257696,-1398.6806843949723,-1398.6806843949723,0.32684731992878757,1.8168466200473954
450,-0.7867083151411615,-0.793196845593935,-1504.889788114844,-1505.0027232998075,0.24658420849339244,1.3992092599672554
451,-0.7790933982916757,-0.7921666405976467,-1239.818047180789,-1239.818047180789,0.29194034410409336,1.7407451843008406
452,-0.787232282143198,-0.7966049912709524,-1505.3527999443502,-1505.3551519032123,0.330574433699946,1.8327477152247207
453,-0.7840070724882232,-0.7905256630754991,-1473.7926972909402,-1473.7926972909402,0.21958472641368584,1.2155014868908283
454,-0.7893403658986564,-0.798243083656898,-1505.3480386938786,-1505.3520139456634,0.3500012829984647,1.9194382163859245
455,-0.7821254785067873,-0.7908263440646541,-1505.3257737361814,-1505.3363344031338,0.24288807982177846,1.3757481020686149
456,-0.7809608387640933,-0.7916043647535725,-1505.3585446854615,-1505.3588885410672,0.29419390829860775,1.8600024428090807
457,-0.7810920828178919,-0.792857631880218,-1505.4306373724344,-1505.4306373724344,0.3504986099896839,2.369134725790794
458,-0.7809353504557404,-0.7928361253582288,-1505.4890496852481,-1505.4890496852481,0.3586860224444367,2.4646272710565134
459,-0.7859838045785715,-0.7937845994519737,-1505.2780580106037,-1505.3018210446085,0.26617035584208376,1.4444050627725653
460,-0.7810991285855785,-0.7926068371675904,-1294.269914107547,-1294.269914107547,0.2725205875746835,1.5668439101640346
461,-0.7848273993673242,-0.7954505271167192,-1505.3590845003075,-1505.3591237524297,0.3448093195365761,2.0747741640897197
462,-0.7871288059300725,-0.7922283770284106,-1503.2938174167498,-1503.6962719402386,0.2322310226741874,1.4052924618827114
463,-0.7772337289594872,-0.7919925577281144,-1228.400879673272,-1228.400879673272,0.33712996905886927,2.1488200770430907
464,-0.784349551705557,-0.7909349272589786,-1352.438411261941,-1352.438411261942,0.2258068231239428,1.397178723533419
465,-0.7849058776272836,-0.796401466089735,-1379.6931772305147,-1379.693177230519,0.3592963590685339,2.096685111764704
466,-0.7826188895651068,-0.7931385972076704,-1505.357901305765,-1505.3584097626504,0.30571942777041156,1.8632107096239696
467,-0.7841627373757885,-0.7894605919513298,-1503.6132067230803,-1503.9590031031635,0.20040678500280618,1.1641571475163233
468,-0.7885249425356637,-0.7954259039116365,-1505.1220349582861,-1505.1843513935341,0.2815222397617492,1.607662879828401
469,-0.7749452465969021,-0.7895527064281939,-1142.1911421911368,-1142.1911421911423,0.2608822568682996,1.6031084038589734
470,-0.7832122145416094,-0.7912475686514968,-1505.2849923632714,-1505.3068707622642,0.23901894328343923,1.334964575688878
471,-0.788403814958286,-0.7940399485523592,-1504.2517270355088,-1504.4904037009794,0.25864099614850233,1.5539318219236793
472,-0.7825139788346681,-0.7939065684957005,-1505.3591495351209,-1505.3591498340334,0.3429467125394244,2.198053090377309
473,-0.7877840041625109,-0.7980160907346616,-1505.359032376467,-1505.3591018560332,0.3732448493456703,2.2151513614814693
474,-0.7837982341074254,-0.7956166731723043,-1505.5189091056668,-1505.5189091056668,0.39306725403078563,2.592242241134538
475,-0.7767035539601067,-0.790454252754567,-1194.099198513185,-1194.099198513185,0.26523497615381314,1.6210285515236227
476,-0.7865364716809863,-0.79658466149782,-1505.3570320925119,-1505.358018107124,0.3467716259840791,1.9583325687404913
477,-0.7885997241664102,-0.7983370582377117,-1502.6814052752557,-1502.681405275256,0.3680829310309738,2.057898902771262
478,-0.7834805454805736,-0.7929773435838914,-1505.3528370746994,-1505.355118622912,0.2823084870582307,1.684922177374643
479,-0.7877221147781183,-0.793658019653533,-1504.5232988122443,-1504.7096484669662,0.25123918314064947,1.4850081846007077
480,-0.7882346100768255,-0.7954242134606688,-1505.193347113403,-1505.2386837053366,0.282806859027518,1.5813015324336048
481,-0.7816077171988836,-0.7927978579205072,-1505.3591383898206,-1505.359145581746,0.3238826403265188,2.0431096446737063
482,-0.7867880467064164,-0.7943672876860217,-1424.4619646281699,-1424.4619646281699,0.273588903954872,1.6016281432115582
483,-0.7842160738526771,-0.7948844479984495,-1505.3590711964569,-1505.3591182461716,0.33808857511114826,2.030794813562485
484,-0.785868318334449,-0.7965518093732851,-1505.359140625232,-1505.359146442342,0.3641157461451002,2.249006178443055
485,-0.7898678022622156,-0.7987819773843065,-1505.3485553163637,-1505.3524030937272,0.3595216196512752,1.97190290572395
486,-0.7875927588325531,-0.7947108588976294,-1505.1643752969123,-1505.2166243608365,0.27170863596197053,1.5174315834836172
487,-0.7838670718663863,-0.7942962531153681,-1505.3584782810387,-1505.3588597121895,0.32174252096725336,1.9276595477665524
488,-0.7830728926847231,-0.794965006432323,-1505.5140257542464,-1505.5140257542464,0.38372956098923616,2.6206056448912887
489,-0.7879293695218766,-0.7979740934831748,-1505.3585352034343,-1505.358888353767,0.3677759820423379,2.1318111202966095
490,-0.7824008869413187,-0.7909349900489664,-1312.7967318096548,-1312.7967318096548,0.22481411660897868,1.3567921627384407
491,-0.7854148340561973,-0.7925406573416902,-1505.1324380246208,-1505.1919494110252,0.24276296275668396,1.310742962402994
492,-0.7837923478778621,-0.7924456526972844,-1432.8231292517028,-1432.8231292517028,0.2560841372997524,1.388131165647531
493,-0.7876769719342203,-0.7928152075853279,-1503.3952661769586,-1503.782505378101,0.2406278941176848,1.4595846274553672
494,-0.7859671352129575,-0.789184154965429,-1497.8477007489116,-1498.9549855543025,0.20179295908456096,1.2596385351154478
495,-0.7841051174894597,-0.7937805050984625,-1505.3550878906092,-1505.3566125650405,0.29715905974282314,1.7364420721127882
496,-0.7805173818601775,-0.7929017340123165,-1505.8284663106654,-1506.3711127204342,0.3938199430111105,2.773835168382245
497,-0.7885216296636526,-0.7979530298731158,-1505.3538573369922,-1505.355881557653,0.35362525050392535,1.9577749138242209
498,-0.7878576849546685,-0.7936838804516528,-1504.4057857672728,-1504.6150196676726,0.2515328903756153,1.4958978140154084
499,-0.7859947315352318,-0.7925781306625841,-1456.4787339268103,-1456.4787339268103,0.2434391011453692,1.3971289661475546
500,-0.7819564855846843,-0.7934902190966745,-1505.3591499979054,-1505.3591499992924,0.3463673362332262,2.270747461116016
501,-0.781452760686349,-0.7935859042255125,-1505.5241030735106,-1505.5241030735106,0.38019360780423955,2.667390062768075
502,-0.7767060487187827,-0.7913950198087472,-1247.2187886279366,-1247.2187886279369,0.32815276782732344,2.0937481455299016
503,-0.7815773341231598,-0.7930596761728347,-1505.3591499319311,-1505.3591499763215,0.3385168500886246,2.2050988500482274
504,-0.78689386510355,-0.7975312722637071,-1505.3591426498901,-1505.3591472265211,0.3769592938146119,2.3290059741175404
505,-0.7842656702769575,-0.7910866592165191,-1504.997392774726,-1505.0872599181027,0.2239424782096358,1.2236879846014674
506,-0.7854575311618622,-0.7911521991076572,-1504.2310522145635,-1504.4696050025066,0.2189753402924513,1.2683552373322564
507,-0.7873047844466757,-0.7957663280140357,-1505.3324869413627,-1505.3411699172345,0.3013869447087024,1.6488529664933358
508,-0.7822728336036285,-0.789735118982904,-1505.1855449047623,-1505.2325856401499,0.21716313711108476,1.2058321078548109
509,-0.7865295089850413,-0.7934749295109776,-1505.0851131003574,-1505.155689912039,0.252543681742638,1.4028357043234612
510,-0.7849539629601939,-0.7961993505050514,-1505.3591499999995,-1505.3591499999998,0.37593689013457965,2.4712947658521274
511,-0.7863939297939226,-0.7973417873788061,-1505.359149896181,-1505.3591499636666,0.38453523399727557,2.3541327591491883
512,-0.7775276904142556,-0.788501274132665,-1185.1363236587524,-1185.1363236587524,0.20358727092247875,1.2694542435927405
513,-0.7831448633979102,-0.7897419014712039,-1504.8839496553328,-1504.997978865323,0.2088598288478966,1.1564859080194918
514,-0.7849726214667372,-0.7934752226803422,-1505.3297160742618,-1505.3391483141243,0.2714837519368662,1.5037146959202337
515,-0.7881765718641963,-0.7949213944530733,-1505.056006915295,-1505.1332868385418,0.2722556779897047,1.5625049755447866
516,-0.7845181378241518,-0.7946053258601286,-1505.3571107485795,-1505.3579254944716,0.3181179918928635,1.8682067874689519
517,-0.7865096281327988,-0.7947112344296775,-1505.317219376258,-1505.3302914733574,0.28344057339367523,1.5478262229201414
518,-0.7762867173159452,-0.7916344789579921,-1229.309203266387,-1229.3092032663885,0.34994640005399796,2.276106967402513
519,-0.7791073674919755,-0.791481513758082,-1505.7237079968456,-1506.2935505741475,0.3758720541479995,2.689143024114276
520,-0.7725505637739436,-0.7899665880363728,-1157.0527264533541,-1157.0527264533553,0.3594542415943728,2.414520021663479
521,-0.7874481203319149,-0.7968872946561392,-1505.3534542459174,-1505.3555910402793,0.33650040383314883,1.8663989586967806
522,-0.7861993718520255,-0.7957874804334178,-1505.354543043621,-1505.3562852068421,0.3235665053638091,1.8161117085065308
523,-0.7801413821458767,-0.7914711998278501,-1254.199328107505,-1254.199328107505,0.24850775568840386,1.462366076816708
524,-0.7817291361292853,-0.793409688714173,-1505.3935585833037,-1505.3935585833037,0.35302764916066104,2.3517754876223855
525,-0.7899194014008368,-0.7988514359138025,-1505.3487752100305,-1505.3525591338757,0.36195472400696277,1.9824128047143326
526,-0.7889653773306243,-0.7987772507149642,-1505.3570184465957,-1505.3582148759522,0.37599159639675356,2.146451713874851
527,-0.7795674633997938,-0.7916159042699346,-1505.5343745015923,-1505.5343745015925,0.35427197802308596,2.471379116926753
528,-0.7873878708842105,-0.7955122692883864,-1505.3137307383145,-1505.3278312009622,0.2937229369320136,1.590990174608376
529,-0.7878151349690886,-0.7953942306894902,-1505.2611477488472,-1505.2894246482597,0.28562223473395604,1.550558597096735
530,-0.7823511794030789,-0.7945565808739673,-1437.943499799177,-1437.943499799177,0.37312399267035,2.3143417577360563
531,-0.7820574682403801,-0.7933785110717259,-1505.359148228007,-1505.3591493527624,0.3352532402577547,2.137127400975157
532,-0.7867101169044242,-0.7974889066509965,-1505.3591482286065,-1505.3591493518918,0.38008325385421254,2.3842132860984484
533,-0.7886700887509954,-0.7959812084978701,-1505.2258036760481,-1505.2631934311416,0.29305143618017476,1.6329018989501956
534,-0.7868809279936335,-0.7974268138913477,-1505.3591322622246,-1505.3591431567697,0.37313949158812443,2.279513943659826
535,-0.7850898282105867,-0.793512890502275,-1505.3258151991495,-1505.336387993896,0.2703727941822149,1.495943877006569
536,-0.7876350523970558,-0.797685783505198,-1505.358352588169,-1505.3588089379327,0.36340792655527987,2.097243851606505
537,-0.7893650619374125,-0.7960871114620912,-1505.091946504301,-1505.161417071081,0.291131743581235,1.6841955456223263
538,-0.7826213948565469,-0.7930593995289689,-1505.3577181190133,-1505.3582951799901,0.302462683471733,1.841928206946279
539,-0.7870183063485673,-0.7975116607528184,-1505.3591236429213,-1505.3591397148055,0.3727564159242396,2.267267029310342
540,-0.779759254808416,-0.79184074400666,-1505.53121487901,-1505.53121487901,0.3590810174806351,2.5155728063712246
541,-0.7858581756906503,-0.7950731096042114,-1492.8178278963644,-1492.817827896365,0.3085616111267518,1.712769684154351
542,-0.7789878854753428,-0.7926953816497583,-1250.2609058651637,-1250.2609058651637,0.32170455014732474,1.9882495015575812
543,-0.7869576547841305,-0.7973352968914835,-1505.3590795442724,-1505.3591216864459,0.3669659529521834,2.1930028284168115
544,-0.784390836909935,-0.7897526636733139,-1503.7274349236898,-1504.0541692706684,0.2038279508608289,1.1798286724696692
545,-0.7843930703414715,-0.7956907298539171,-1505.3591508914078,-1505.3591508914078,0.37289181622337475,2.445630178998817
546,-0.7788598472315678,-0.7914342578396052,-1505.997317643695,-1506.177231592616,0.39443680242941576,2.824394312692042
547,-0.7852692795022951,-0.7949819360871684,-1505.355333776485,-1505.3567882853242,0.31392924339713446,1.7973375684067172
548,-0.7829320388253109,-0.7949824737052221,-1505.528330310648,-1505.528330310648,0.3920940968565724,2.631843345759045
549,-0.7840582809064964,-0.792703994715656,-1505.333921842923,-1505.3421000042215,0.264934044223068,1.4787444974096096
550,-0.7785094587650779,-0.7910146767700402,-1505.7506943564913,-1506.318485624136,0.3837192922516975,2.7492288838483767
551,-0.786439960933525,-0.7927429798182347,-1434.68246133597,-1434.6824613359702,0.2464910297904746,1.4740468287154
552,-0.7890902661423538,-0.7961503766796951,-1505.1801867064619,-1505.22884842534,0.2935998684355563,1.6668576824675718
553,-0.7835603996739027,-0.7953943701125887,-1505.5169748228539,-1505.5169748228539,0.3904635225314293,2.582379093319572
554,-0.7867398016513544,-0.7922159421861517,-1503.9059465485288,-1504.2046742290659,0.23143620886635827,1.3788289916180412
555,-0.7889412013463086,-0.7967059608134948,-1505.290499593155,-1505.3111396134182,0.30773686316387827,1.6736676854703099
556,-0.784730348824772,-0.7962948428182326,-1382.6599152629892,-1382.659915262996,0.3584455994272307,2.097017373471371
557,-0.7837290621212777,-0.7894803288482445,-1504.255128412243,-1504.4891978159756,0.2021440468811696,1.1540466602207928
558,-0.7809565764552356,-0.7916072059949062,-1505.358612524996,-1505.3589189443098,0.2950232227832881,1.8664770353073248
559,-0.784337842416032,-0.7909388921395799,-1504.8967116960157,-1505.0080239458468,0.2211539568388637,1.2194276075784705
560,-0.7857823599680415,-0.7964158631195115,-1505.3591322006257,-1505.359143132084,0.36012692321050155,2.2085360470057664
561,-0.7854272008118757,-0.7962765117325954,-1488.8718342287077,-1488.8718342287082,0.3669880154529924,2.2376949553425494
562,-0.7820351835214543,-0.7933402630706168,-1505.3591477470682,-1505.3591491732554,0.3345154760311437,2.1275257141443027
563,-0.7839454906847123,-0.7923246029418669,-1505.3192785824808,-1505.3317136033693,0.25585045184907035,1.436001937395515
564,-0.7846019035105432,-0.7962505283181468,-1443.6198228393675,-1443.6198228393678,0.3776615774423103,2.229432138680622
565,-0.7891050326297987,-0.7982488163190681,-1505.3512866559138,-1505.3541924425836,0.35364704540057357,1.9441829601542069
566,-0.7787863182879724,-0.7909997901293983,-1217.827997489021,-1217.827997489021,0.2571668659141604,1.5296716361855451
567,-0.7894829490149589,-0.7957597888183507,-1504.9094437357112,-1505.0190751614907,0.28661760335416375,1.6902160615785027
568,-0.7882052409805212,-0.7959299431927286,-1505.2824895929348,-1505.3051960630546,0.2946338920429935,1.5922454003151358
569,-0.7885177144333813,-0.7967719306589817,-1505.324776804122,-1505.3357727764947,0.3144813745169861,1.6921405948592931
570,-0.7893291523246152,-0.7958367831649118,-1490.3992685156952,-1490.3992685156952,0.2899571962383629,1.6914317365414255
571,-0.783142155588851,-0.79469331884882,-1370.2177751618622,-1370.2177751618628,0.32741126846512053,1.921797037981345
572,-0.7784515334723806,-0.790880492031981,-1505.7887227302153,-1506.3680514009643,0.37210836011942106,2.6201280391677755
573,-0.7858648988126677,-0.7909194632772326,-1503.2045993489967,-1503.6180486808264,0.216274725765039,1.291914139975949
574,-0.7829360884918539,-0.7948962919086762,-1505.520688534617,-1505.520688534617,0.3854878030320018,2.646055798929332
575,-0.788195314213394,-0.7982644732042116,-1505.3588797148855,-1505.3590361676968,0.3736060390597868,2.1819743244742114
576,-0.7767965573592489,-0.7921908274065738,-1242.4051958935738,-1242.4051958935738,0.37099639724023264,2.415742811858252
577,-0.7849841612996251,-0.7914085456532095,-1504.811001765999,-1504.9399392087641,0.22541668077621613,1.256529533407367
578,-0.7844461733370344,-0.7928414114079148,-1505.3214410311564,-1505.333271956595,0.26201394159326324,1.4535582395298554
579,-0.7844856676067555,-0.7910045049267753,-1504.8533105082704,-1504.9736223721288,0.221516501187805,1.2257440117534684
580,-0.7887430009145894,-0.7986991124939787,-1505.358404563122,-1505.3588312123698,0.37772508650318043,2.1918638888879793
581,-0.7843612199806345,-0.7956122861381336,-1505.3591499999545,-1505.359149999985,0.36936193696270897,2.413417989847545
582,-0.7814656238409254,-0.7930336975045844,-1505.3591499976233,-1505.3591499991965,0.3412780779675443,2.249215086968795
583,-0.7849573712291807,-0.7963008502114408,-1505.3914872726396,-1505.3914872726396,0.3806672182634713,2.5036082967599635
584,-0.7845527179042838,-0.792458727764398,-1505.2804259250129,-1505.3035089549744,0.25051747854483325,1.3894630157034753
585,-0.7829820320461264,-0.7898936688359024,-1505.0302094505143,-1505.1129456216643,0.21282653366953894,1.1609437573457386
586,-0.7836053496919116,-0.7949276388337357,-1458.083433293348,-1458.083433293348,0.3551964866011884,2.093931713793648
587,-0.7835872986940208,-0.7957853883002386,-1351.5704154002017,-1351.5704154002017,0.36016308874641567,2.1561481145278236
588,-0.7783030867629336,-0.7909106745580091,-1505.92809613109,-1506.1652978357852,0.3915148719537428,2.81673173004026
589,-0.7888829093511678,-0.7972881419255582,-1505.331948118954,-1505.340865445893,0.3261691281536076,1.7575395971108476
590,-0.7865783420970098,-0.7954499500833584,-1505.3451685084328,-1505.3499685383686,0.30312609869831486,1.681743098295518
591,-0.7819572331626181,-0.7894417707165232,-1505.1848846904916,-1505.232095401463,0.21485153527544903,1.193204189769019
592,-0.7837569337347337,-0.7937544999986508,-1505.3565963097046,-1505.357589754105,0.30424185753059013,1.798320809798753
593,-0.7798025234595736,-0.7901295748806815,-1247.578899396148,-1247.578899396148,0.21904219169154743,1.3364437932017383
594,-0.7750324677559016,-0.7912924403961368,-1203.9925140361822,-1203.9925140361852,0.36750597719076883,2.4371015634716535
595,-0.7856798011526909,-0.7940567135608506,-1505.32509666237,-1505.3358897557323,0.2771133031592941,1.5258771742483461
596,-0.7837681774471053,-0.7906443124614879,-1351.1475056567233,-1351.1475056567233,0.22006482417168333,1.344239331858972
597,-0.7860497536566722,-0.7924177754648198,-1504.807845084906,-1504.9374068090917,0.2361812900311441,1.3360465860569242
598,-0.7856323450467083,-0.7953381655391935,-1505.355278461147,-1505.3567575838586,0.3188571533792277,1.8110017954738824
599,-0.7895176773973193,-0.7979239794733718,-1505.3336680749762,-1505.3421446924754,0.3383612368991932,1.8259141847787865
600,-0.7862706945494906,-0.7899905761449468,-1499.8555182108155,-1500.7312439945397,0.20937433499013886,1.3002097443856422
601,-0.789284139103559,-0.7977157030202947,-1505.3341349189086,-1505.3424437858905,0.33494715745375764,1.8111389162359468
602,-0.781042520514485,-0.7920301421273833,-1505.3590778260786,-1505.3591210978766,0.30915708740648057,1.9747558904568445
603,-0.7820023123555452,-0.7947137506250667,-1374.0458015267138,-1374.0458015267184,0.36567579569269393,2.23060750602242
604,-0.7848993470635232,-0.7956694320153093,-1505.3591372489514,-1505.3591451234545,0.35382884152622923,2.1787100096459713
605,-0.7798561771448863,-0.7913459858001299,-1505.3591499258737,-1505.3591499741963,0.32356265833725256,2.138354340194125
606,-0.7870726355220211,-0.79309381173808,-1504.5780811584461,-1504.7533232569413,0.24360153596864015,1.4213010886976836
607,-0.7824229057948707,-0.79400895665459,-1505.3591499999254,-1505.3591499999752,0.3527475268665573,2.318224869091219
608,-0.7809686241196061,-0.7918461360532417,-1505.3590157158164,-1505.3590951316785,0.3046149637038902,1.9426719397535646
609,-0.7895203988229055,-0.798668695122754,-1505.3517308104526,-1505.3545007805008,0.3611866220799336,1.9831462582539763
610,-0.7851102589681994,-0.7957454826575698,-1505.3591089237261,-1505.3591337709602,0.3501142497086751,2.1225350886252987
611,-0.7887027675074567,-0.7950079885318213,-1504.872682995189,-1504.9897732636396,0.27341178475899797,1.6104749401268963
612,-0.7801921686970394,-0.7924814536021764,-1505.6564668228652,-1506.207813141774,0.38469438512517745,2.7728773287629487
613,-0.7879294428506233,-0.7975998431878055,-1505.3554114734284,-1505.3568820836663,0.3526306454283456,1.9615585396750215
614,-0.7736755551293095,-0.7893471710203874,-1120.2670282674474,-1120.2670282674476,0.273566532985862,1.7236084785490882
615,-0.7896775543655511,-0.7990174183946066,-1505.3535919009114,-1505.3557392699247,0.3715014411867969,2.0369536861446207
616,-0.7847762525341013,-0.7950132909013116,-1496.4568570237645,-1496.4568570237645,0.33040625075004054,1.9270357431814789
617,-0.7844472196179196,-0.7951873411984839,-1505.359115861958,-1505.3591365907585,0.344079853569117,2.0942415047028584
618,-0.7831876902442777,-0.7951164331623792,-1505.5232360007094,-1505.5232360007094,0.3895734942636392,2.598756548915322
619,-0.784571765190517,-0.7905018792320541,-1504.4393684048869,-1504.6400145157454,0.21351567287797504,1.2093741592277063
620,-0.7792403479347793,-0.7910051920209383,-1505.4032558615565,-1505.4032558615565,0.3333886339299851,2.2332627324739334
621,-0.7700723867613878,-0.7886823957389029,-1084.5802822880228,-1084.5802822880228,0.3407588117350086,2.310846039675758
622,-0.7759412791837245,-0.7907611117725969,-1179.4386628823822,-1179.4386628823822,0.29666826401756125,1.844740898301428
623,-0.7847180917283785,-0.7930248566997055,-1505.3172425553437,-1505.3302712360019,0.2628709740742258,1.454966952582325
624,-0.7856632601171007,-0.7968482373726657,-1505.3591499999793,-1505.3591499999932,0.3823880259197404,2.4061279818282135
625,-0.7864905697049144,-0.7941761145112978,-1505.2666068972967,-1505.2933933440056,0.26996441307540586,1.4553739436249193
626,-0.7819796357367147,-0.792475337996287,-1505.3580443297942,-1505.3584962808982,0.2988022946038787,1.851129286857835
627,-0.7877182323739339,-0.797564744875632,-1505.356285340264,-1505.3574420014354,0.35600210361433265,1.9915599983101406
628,-0.7876543023504698,-0.7928076533171311,-1503.4164142334803,-1503.8000457893975,0.24045090012313794,1.4562247550697058
629,-0.7890912428634522,-0.7971596549824338,-1505.314596541224,-1505.328582176263,0.3196156347268325,1.7148135097415218
630,-0.7854766303237815,-0.7967213744103415,-1505.3591506356845,-1505.3591506356845,0.382558884814231,2.419703854372267
631,-0.7834866516117373,-0.7922874245454579,-1505.338102717313,-1505.345024329655,0.2619918105780493,1.4844477603808726
632,-0.7816974874764986,-0.7934563797052963,-1505.4341639730123,-1505.4341639730123,0.35722125135504107,2.398866625989342
633,-0.78418872895781,-0.7941423935859351,-1505.3564831626222,-1505.3575211228494,0.30827494759640545,1.8096755385451981
634,-0.7880133355424209,-0.7966722714820287,-1505.3395694379265,-1505.346146726126,0.3182696385079774,1.7349769977907572
635,-0.7883369503109637,-0.7933551402684823,-1503.3193572367836,-1503.7196511403135,0.24999438367031845,1.5300053189048346
636,-0.7779252765492847,-0.7908117118333957,-1506.3156719543788,-1506.3156719543788,0.4166316753704368,2.955294642180367
637,-0.7834772694044998,-0.794487289111343,-1415.2652005174693,-1415.2652005174693,0.3242743498262124,1.86882364486714
638,-0.776305445167384,-0.7908608381874185,-1200.32254348578,-1200.32254348578,0.2940760282194961,1.8324087380243965
639,-0.7836776270988951,-0.7917399135360917,-1505.2903396973343,-1505.310783294877,0.2439385702222082,1.365008306385577
640,-0.7815154180917971,-0.7932764475561486,-1505.4348059759018,-1505.4348059759018,0.35505936688907297,2.3920688688617093
641,-0.7758937338891988,-0.7896897602515662,-1156.692746880945,-1156.692746880945,0.2512410849509575,1.5203221441642778
642,-0.7821640155604432,-0.7889562310652408,-1504.9665205472804,-1505.0632171543127,0.2036754819145081,1.114592052335683
643,-0.774536955644654,-0.7907088289926446,-1228.284805480795,-1228.284805480795,0.3708992703695352,2.4475523133128156
644,-0.7806871462103906,-0.7909685630254442,-1505.3574346599253,-1505.3581075407371,0.27802185878856017,1.7771864350881053
645,-0.7851759137546896,-0.795874225219254,-1505.359130539346,-1505.3591424728847,0.3543199167089374,2.1711454214200376
646,-0.7879462087053113,-0.7940274872687736,-1504.6675438066736,-1504.8258873798468,0.25676636912895284,1.5121335210250733
647,-0.7841652809064689,-0.791858084705525,-1346.1538461538485,-1346.1538461538485,0.23895587641404692,1.4591428919874656
648,-0.782049877774218,-0.7943773685435629,-1505.5130652704242,-1505.6744419080803,0.39879172018346276,2.7290297648359525
649,-0.7891659430498845,-0.795224146653624,-1504.7516911316975,-1504.8937486922266,0.2769785072173208,1.6502994131994613
650,-0.7885242234659751,-0.7945170875046756,-1504.6442460250325,-1504.8074324608003,0.265375516508043,1.5740168172671887
651,-0.7798640494670899,-0.7913873436627528,-1244.2698100851383,-1244.2698100851383,0.25073443060226025,1.4827236083314919
652,-0.7858364675380123,-0.7968656830669791,-1505.3591499568176,-1505.3591499850413,0.3782517147402457,2.4369196662617756
653,-0.7735074038652292,-0.7889675367181901,-1109.4006568144528,-1109.4006568144528,0.26175316885422273,1.5945605991583305
654,-0.7846078572285513,-0.7946650514740857,-1414.3524207422026,-1414.3524207422029,0.3056881534503224,1.7080963265206723
655,-0.7806441521983823,-0.7926290690162476,-1271.1864406779664,-1271.1864406779664,0.28077545671624243,1.6238428113103385
656,-0.7893575086431703,-0.7984317724280923,-1505.3506769743558,-1505.3537923447734,0.35606670758754,1.9603040185319536
657,-0.7893163122094068,-0.7980543349249921,-1505.3444920878198,-1505.3495987796173,0.344427504549796,1.8800870301237735
658,-0.7860697955274263,-0.796364858945141,-1505.3588922987074,-1505.359041721197,0.3496762188639272,2.040226563029922
659,-0.7829826677576989,-0.7893918748577631,-1328.2971356625792,-1328.2971356625794,0.20514228445867413,1.272746896386104
660,-0.7849833683431526,-0.7938850877860834,-1505.3442829647806,-1505.349328447871,0.2827695394623589,1.6060201844166617
661,-0.7800640403190482,-0.7934357280431767,-1282.4640480789815,-1282.4640480789838,0.33347818686607145,2.048456907587248
662,-0.7803587802048454,-0.7920261343126291,-1505.3591499999998,-1505.35915,0.33634589131839215,2.252572799836841
663,-0.7747329520258902,-0.7906692413225181,-1202.7491408934793,-1202.7491408934793,0.33842856245702607,2.211156750753462
664,-0.7806104777943099,-0.7937491263910169,-1338.1312515247628,-1338.131251524764,0.3493572987308266,2.1522547134762915
665,-0.7819486341249584,-0.7940034717854424,-1505.5229030277703,-1505.5229030277703,0.378726299286566,2.626793969761967
666,-0.7862953896256425,-0.793468447398837,-1505.1557621348338,-1505.2099625933863,0.25498018765010155,1.389250167124477
667,-0.7838851033073073,-0.7956543709234201,-1505.5116565361234,-1505.5116565361234,0.39039362555746643,2.5723795014018753
668,-0.7840800357032561,-0.7946618392876353,-1505.3589907650291,-1505.3590843164422,0.33201461329426446,1.9763517260765684
669,-0.7828631732538126,-0.7939223021918557,-1331.7002560962026,-1331.7002560962044,0.29496059391193963,1.6785792476809251
670,-0.7854866204367938,-0.7957319166772902,-1451.7496064898842,-1451.749606489891,0.33486828653039974,1.868782755076111
671,-0.7768878497866726,-0.7898151756714138,-1506.2711075200782,-1506.2711075200782,0.41288473501690903,2.9198614923076596
672,-0.7815140201929586,-0.7890912571627746,-1505.193770891451,-1505.2388396794947,0.21247047917700096,1.1840858953450106
673,-0.7848012277116345,-0.7916343495540781,-1505.011946150453,-1505.098636798943,0.2298470024138582,1.2532163351987733
674,-0.782850237352323,-0.7898685673341846,-1505.0655500616624,-1505.1404472481802,0.21381408898712362,1.1686354377678287
675,-0.7824902179973351,-0.7894564241981491,-1505.0409641043789,-1505.121378753891,0.20953157898489314,1.145287071239751
676,-0.784511364227275,-0.7919786603637369,-1505.2055445334308,-1505.247671429635,0.2398882792697743,1.3138252736717735
677,-0.7869453640484054,-0.7950865874254335,-1505.314059232083,-1505.3280484430657,0.2883010378246217,1.5651592100609892
678,-0.7840369432286397,-0.794254979636528,-1339.1765185487186,-1339.17651854872,0.29057089701003824,1.6377744226412259
679,-0.7872097660563246,-0.7977133842348992,-1505.359128417288,-1505.359141624339,0.3759830452397589,2.293469723953367
680,-0.7886379590537922,-0.7958485794456753,-1505.2056353320274,-1505.248028687911,0.29065827624729673,1.6278394133301164
681,-0.7884051698622981,-0.7952677240800093,-1455.2014431749808,-1455.2014431749813,0.28762045377189477,1.690270779110472
682,-0.78466228095604,-0.7893616826509128,-1502.4964788661625,-1503.016382788144,0.19909144231666823,1.1839572432930143
683,-0.7864427243137626,-0.7916680404007976,-1503.5227482115847,-1503.8859848855088,0.22474280533310817,1.3455760439347706
684,-0.7834195755470145,-0.7902177831855122,-1504.9832703192924,-1505.0762294472306,0.21446977030851683,1.1768394291128563
685,-0.7889609724909651,-0.7963475633986687,-1505.2432488430795,-1505.2762908866987,0.2991259896326636,1.6620542586264981
686,-0.7886926082252571,-0.795460972183971,-1505.082642211316,-1505.154032259529,0.28152310092063876,1.6214740140347628
687,-0.7864415787082004,-0.7947077388752958,-1453.207911239752,-1453.2079112397525,0.2862603984423358,1.5377720751573876
688,-0.7790141447459564,-0.7910686866519148,-1505.5226355541595,-1505.5226355541595,0.3497124055360972,2.409794474113814
689,-0.7774735365453014,-0.7902495458193768,-1506.4696008291432,-1506.4696008291432,0.39435827398606704,2.8118412363120386
690,-0.788728133073393,-0.7979639131531142,-1505.3521075084382,-1505.3547293660645,0.3505363875597623,1.9322767181754694
691,-0.7833739995262659,-0.7948717689246487,-1363.2754905296667,-1363.275490529667,0.3270058807331075,1.9154856502404167
692,-0.7812553913633864,-0.7920675411238322,-1505.3589405894977,-1505.359063076564,0.30430335356428523,1.9264761076736006
693,-0.7878770550299107,-0.796129238360631,-1505.3233549515592,-1505.334730467112,0.3031813725618877,1.6476776325274203
694,-0.7822043570183441,-0.794292924683117,-1505.524785634342,-1505.524785634342,0.3834546075139844,2.6648188906470165
695,-0.7827534426063694,-0.7892646870095315,-1504.830234167447,-1504.9553881940176,0.2042645882229522,1.1342680093523843
696,-0.7751426404781337,-0.7909018972810957,-1194.0956157744054,-1194.0956157744054,0.33361425657139804,2.164971979568379
697,-0.7884681116142593,-0.796297357802116,-1505.2944080671361,-1505.3139305864884,0.30191959685423464,1.6273139154424168
698,-0.7881195671127855,-0.7949806122213744,-1505.096533402031,-1505.1646498946814,0.27396825085183507,1.5615342923751123
699,-0.7858411781029867,-0.7942505882847137,-1505.3275590504088,-1505.3376397356283,0.2799644693402925,1.5416405456318727
700,-0.7768805753147334,-0.7918134030691313,-1295.1194712760584,-1295.1194712760584,0.3763993119751608,2.4223921607591197
701,-0.7844849545238658,-0.7960770886875962,-1505.478618984878,-1505.478618984878,0.3887987138879384,2.521671690688533
702,-0.7886771575978774,-0.7976595437396926,-1505.3483856181472,-1505.3522274406084,0.34116124244069046,1.8769442638663356
703,-0.785130870211607,-0.7942359176921551,-1505.3488602485054,-1505.3524627643942,0.29121043595511986,1.6835563897372747
704,-0.7887510497914535,-0.7951567919871018,-1504.9286218424345,-1505.033930471277,0.275601040393712,1.6172261371425471
705,-0.7825163817415538,-0.793894349472252,-1505.3591493640347,-1505.3591497718157,0.3423277570113786,2.1891399196262293
706,-0.7844250306243366,-0.7901369764225739,-1504.23186576333,-1504.4699987283725,0.20821776458470667,1.1910351259207705
707,-0.7829506325212835,-0.7942206619095096,-1505.3591486105886,-1505.3591494945204,0.34404927294580756,2.180939161400408
708,-0.7827843819506127,-0.7918190679586213,-1505.3424002500205,-1505.3480049293855,0.26013951439893374,1.4877738000545457
709,-0.7821365164846875,-0.7917646478952518,-1505.3523754579694,-1505.3547976374705,0.2691191067471292,1.6104703881475446
710,-0.7870512288438255,-0.793297514188735,-1504.7522502073682,-1504.8934080141648,0.24733012384386222,1.426033325817774
711,-0.7801607007200517,-0.790277966658832,-1255.2491204176597,-1255.2491204176613,0.2195600349464801,1.3367576140123012
712,-0.7878451951694146,-0.7943110618183143,-1504.9145429068956,-1505.0225236118897,0.2618770969208591,1.5091966258841896
713,-0.7890686162281485,-0.7982218168126215,-1505.3513666653603,-1505.3542449630304,0.35381183278733996,1.9433167175690516
714,-0.7801472102634982,-0.7923737186725216,-1505.5290635443723,-1505.6549686209264,0.3760348661836298,2.6802856992343727
715,-0.7868334346230358,-0.7923034535542368,-1503.8989580235184,-1504.1990926179596,0.23230403468500552,1.3863545328179705
716,-0.7820750690115613,-0.7933061414182295,-1383.879781420764,-1383.8797814207649,0.3023796913278502,1.765834815760558
717,-0.7803741350604818,-0.7926676726082795,-1505.6499566991904,-1506.1983790850318,0.38569331429302256,2.785115508973431
718,-0.7863036824470448,-0.7915332912768375,-1503.5231788109195,-1503.8860309567522,0.2234022740445121,1.3341101779268534
719,-0.7845606017523629,-0.7949067789601136,-1505.3585943998257,-1505.3589109271245,0.3288822372540372,1.9491396131804317
720,-0.7845405390361796,-0.7955836023985788,-1505.3591496915935,-1505.359149890465,0.3615386939537163,2.3034723985570484
721,-0.7871935797080875,-0.7962868592444471,-1505.349031419423,-1505.3526199288067,0.3198026826060945,1.76402751997999
722,-0.7820954046191327,-0.7939409661523644,-1505.4817545287126,-1505.4817545287126,0.36627816983483946,2.4947342350155832
723,-0.7869303887120866,-0.7930706264647337,-1504.6713071010117,-1504.8283788911601,0.2434862372032291,1.409171290174614
724,-0.7883472462653107,-0.7980538246804046,-1505.3556451041766,-1505.3570430003779,0.3604927373746879,2.0023967533722558
725,-0.7864541035618928,-0.7958791237907696,-1505.3532465256312,-1505.3554327517616,0.32113728264013963,1.7988601482834794
726,-0.7850225003980983,-0.7890428688996834,-1500.760887742164,-1501.5186007691743,0.1971982745122846,1.199038389652541
727,-0.783614769035885,-0.7938709974021718,-1342.136594869582,-1342.136594869582,0.28311438262465427,1.5729908261976537
728,-0.785322031045623,-0.7901948183915478,-1502.863255287288,-1503.3289061795747,0.20748841991131076,1.2400814845998571
729,-0.7858979147659437,-0.7932144279847293,-1505.1879003749962,-1505.2343674813185,0.252817122293691,1.3547844685805883
730,-0.787487378213581,-0.7950590633796908,-1505.257595859121,-1505.286762337546,0.2807561107370357,1.5203590916938137
731,-0.7869528511228773,-0.7968269150643353,-1505.3563470949284,-1505.3574672648297,0.3450649417737194,1.9299803046591153
732,-0.7780688612227483,-0.7908259412758913,-1507.01279237569,-1507.01279237569,0.4013489034890472,2.8632683602798394
733,-0.7890593528341076,-0.7960875785712889,-1505.1720150834467,-1505.2226368720321,0.29276527994899015,1.6629530029239223
734,-0.777364470567832,-0.7901621168930598,-1506.5589271105675,-1506.5589271105675,0.3945760219030452,2.812406131486898
735,-0.7886229782414103,-0.7972859451859019,-1505.3408877648822,-1505.347087320049,0.3301826203895542,1.800266015662131
736,-0.7880873858494684,-0.7979954629411524,-1505.3570432860029,-1505.3582290966579,0.3650671994259219,2.077648576596822
737,-0.7842360967337576,-0.7916870869139431,-1505.1979475527398,-1505.241932938768,0.23633299961076895,1.2956910482262856
738,-0.785236045769931,-0.7948285096183395,-1505.35452399929,-1505.3562567048534,0.3093739220171319,1.7636556139711277
739,-0.7858318943526426,-0.7934013856557591,-1505.2423408188229,-1505.275358944912,0.2578526925949027,1.393551840805241
740,-0.7840422085491149,-0.791175894853039,-1439.7539837852937,-1439.753983785296,0.2289853610652459,1.2751308028582837
741,-0.7891022157563267,-0.7949167524482078,-1504.5492212393121,-1504.7315474860934,0.2725017351705301,1.6413200814071747
742,-0.7885317992579014,-0.7966464106041078,-1505.3172291773521,-1505.3303948771968,0.3102288811085872,1.6640238738096622
743,-0.7828069626451097,-0.7945727212386079,-1505.4659854108947,-1505.4659854108947,0.37053559381123385,2.500547761703416
744,-0.7896286965442966,-0.7969039046932057,-1505.2339626886583,-1505.2694725975457,0.3081892143272403,1.728462407325672
745,-0.7730844892832794,-0.7896468922098382,-1125.6461652073053,-1125.6461652073053,0.30144445975940704,1.9591784101219547
746,-0.7844481567677446,-0.7904775368290018,-1504.5188325743452,-1504.704733126083,0.21372655606065574,1.2066508412282284
747,-0.7829920121517182,-0.7946458007661189,-1505.431047739403,-1505.431047739403,0.36741157615739983,2.453416513433524
748,-0.7875932309624041,-0.7974513452518635,-1505.356329672635,-1505.3574681937296,0.3547028255904485,1.9819788939425487
749,-0.7855060208218274,-0.791664285997569,-1504.6554315736664,-1504.815089206298,0.22634471047569438,1.2831068920015831
750,-0.7883450683118034,-0.7970276831037071,-1505.340862921329,-1505.3470585657105,0.325487188209893,1.7713191096383003
751,-0.786678509184449,-0.7961481904449043,-1505.3536409949456,-1505.3556984961845,0.32575800112611303,1.813923403188386
752,-0.7817952948752527,-0.794058164261357,-1505.5185139830905,-1505.5185139830905,0.39275487267467757,2.701026484148384
753,-0.7795252657093996,-0.7919618572401935,-1505.773593905343,-1506.3280289504335,0.39092192364211914,2.797046447008864
754,-0.7789080390830349,-0.7920893077755998,-1242.7397260273974,-1242.739726027398,0.2918746728754459,1.753608559656465
755,-0.7874268118358523,-0.7960790802880302,-1505.3395392201835,-1505.3461043426091,0.30870942519309785,1.6971352811356903
756,-0.7806904000895482,-0.7916703905962685,-1269.950625789416,-1269.9506257894163,0.24635915046211643,1.4407512330423804
757,-0.778977968357882,-0.7905088868524863,-1231.1997201818856,-1231.1997201818856,0.23453673495295926,1.4004240978910636
758,-0.7881463841495937,-0.7981761445288074,-1505.358585106683,-1505.358909822992,0.3710271840202335,2.1523423009786526
759,-0.78155778733552,-0.7931295784627448,-1505.3591499994461,-1505.359149999814,0.3438037584324624,2.2663662032979475
760,-0.7818443157598495,-0.792211019463158,-1338.164876407407,-1338.164876407407,0.25570187553939555,1.4356004333118293
761,-0.788866744397405,-0.7975377757078392,-1505.341559239752,-1505.3475622511671,0.3347140181560588,1.8245554944672697
762,-0.788834882564818,-0.7981672951799084,-1505.3531060316075,-1505.3553948136814,0.3559390227929311,1.9639385311749475
763,-0.774129986380122,-0.7894747935188087,-1134.8314606741533,-1134.8314606741542,0.26791127953632504,1.6856754013439907
764,-0.780844723770183,-0.7923544258441405,-1505.3591499546303,-1505.3591499842892,0.3325579999416825,2.1844139365685273
765,-0.7854619933175662,-0.7923235903841114,-1505.0394300517069,-1505.119997103831,0.2377686487481964,1.3027493218958552
766,-0.7858134684718071,-0.790712867315954,-1502.9172586879652,-1503.3755754933277,0.213624684444708,1.284163936366504
767,-0.7805239311389581,-0.7916757304028806,-1505.3591356324055,-1505.3591445069053,0.31346781419899616,2.0029262788957087
768,-0.7832450602764985,-0.7943364416774278,-1505.3591436016588,-1505.3591475966534,0.3412218720164921,2.13190584334961
769,-0.7839806389495669,-0.7937657015103043,-1505.3557357183977,-1505.3570345537835,0.2999209610955529,1.759245986047433
770,-0.7841810336329157,-0.7902414281241064,-1396.5293353795334,-1396.5293353795334,0.2138189289439281,1.287522074719037
771,-0.7864140506781272,-0.7925307780532894,-1474.0695546064583,-1474.069554606459,0.24054089355154085,1.3946111228317495
772,-0.7852959269269887,-0.7960206172703056,-1505.3591382481093,-1505.3591455140986,0.35741483133666596,2.2057932177019346
773,-0.784900546458983,-0.7952003733291056,-1505.3584871653543,-1505.3588639391496,0.3319585006971422,1.9333130308227566
774,-0.7788813872358739,-0.7914153935521222,-1505.6843644578548,-1506.242412241673,0.39148587885275804,2.8504128262589945
775,-0.7845865542335347,-0.7924142750835749,-1505.2694876756436,-1505.295448366558,0.24868400850477626,1.3773992360361251
776,-0.7802140205999014,-0.7913638575323305,-1505.3591368744942,-1505.3591449941982,0.31072652228979836,1.9953290313176781
777,-0.7874262942850443,-0.7944877292159493,-1505.1482273042716,-1505.2042833409985,0.2679524289475109,1.496659111370884
778,-0.784200706514914,-0.7953628945119524,-1505.3591499589718,-1505.359149985793,0.3626086933049222,2.330369694684957
779,-0.7840091526778871,-0.7917205107765617,-1505.2466328644389,-1505.2785047374084,0.24007030083924333,1.3267946587141697
780,-0.784988395376491,-0.7948690327286345,-1505.356249879175,-1505.3573792381958,0.3168001818867965,1.8309883619491922
781,-0.7766574962710315,-0.7917291924534651,-1230.582791671261,-1230.582791671261,0.3420669000702549,2.2053388340317666
782,-0.7832807675035455,-0.7900893402831148,-1407.7999728223915,-1407.799972822394,0.21257818363665748,1.220118207379659
783,-0.7770657232018158,-0.7920314025361285,-1239.7408207343456,-1239.7408207343458,0.3487560852534101,2.250169225224307
784,-0.7800880830064169,-0.7918429038211172,-1505.4022174780735,-1505.4022174780735,0.3394235585573754,2.2957105102110904
785,-0.7892549613134373,-0.7971878549117075,-1505.3057803959252,-1505.322268254595,0.3180164138051607,1.7227220964409016
786,-0.7839937953896601,-0.7927576180451933,-1505.3383376784707,-1505.3451889610312,0.26741998693337654,1.500043554252629
787,-0.7780742875208435,-0.7916465732208074,-1222.641509433966,-1222.641509433966,0.290882988130866,1.7551033067225716
788,-0.781955850605646,-0.7935160717558084,-1505.3591499996548,-1505.3591499998843,0.34763780627078494,2.286675920278701
789,-0.7860613652723859,-0.7921232423403628,-1504.6001007759671,-1504.770453239602,0.23161855331477624,1.3320281511617458
790,-0.7851187288068706,-0.7931653233062859,-1505.297872309185,-1505.3162994140898,0.2610282462279777,1.4327234603911654
791,-0.7843633574535842,-0.7948425788005447,-1505.3589012339978,-1505.359045705045,0.3317410330727122,1.9608252472245442
792,-0.7885514404444122,-0.7963786276316024,-1505.2945159394899,-1505.314015328309,0.3030103923360121,1.6352352220736022
793,-0.7866365404093801,-0.7974557919272848,-1468.0946006247186,-1468.0946006247195,0.379490796546574,2.1924962206255865
794,-0.7878354366171594,-0.7962920557494553,-1505.332993687575,-1505.3415446589868,0.3087206479305859,1.6879685143733807
795,-0.7886469023675727,-0.7978762923194098,-1505.3519714208944,-1505.3546361617687,0.34872691864721594,1.9220553406197987
796,-0.7853237278300695,-0.795241463560374,-1505.3564547953772,-1505.3575152270128,0.3228310070036474,1.858504060336482
797,-0.7851940497029403,-0.7938637635617061,-1505.337564270581,-1505.3446659328592,0.27901724348251306,1.5493501268773844
798,-0.7835969848974726,-0.7908257415608674,-1505.1342393851005,-1505.193397851995,0.22480655331425153,1.229985788427041
799,-0.7847265781248998,-0.7923487954904395,-1505.2398282834047,-1505.2734011533828,0.24594386280085725,1.3520914303958742
800,-0.7885888423083092,-0.7971337125445388,-1505.33677708666,-1505.344227657755,0.32514897158342154,1.7607537660143897
801,-0.7864477539298006,-0.7970722808528826,-1505.3591391016723,-1505.3591458495775,0.3707904155036402,2.277432819309133
802,-0.7870778432679228,-0.7976980732551702,-1439.3710311460552,-1439.3710311460552,0.37422550951373607,2.118159043198888
803,-0.7829442299234717,-0.793668558707746,-1505.3588901264059,-1505.359041043604,0.3196113583444601,1.9545599265935047
804,-0.7868256698820018,-0.7942606311188076,-1505.2285433604961,-1505.2650583857576,0.2682376868967666,1.449831207145876
805,-0.7810181613823676,-0.7934929758557501,-1505.788670266698,-1506.3186390306703,0.40509488570488295,2.8278929900715157
806,-0.7806681849269392,-0.7917884344863662,-1505.3591290610675,-1505.3591419143538,0.31258368713480555,1.9934735508760366
807,-0.7826398240759844,-0.7943723484894759,-1505.4285698650476,-1505.4285698650476,0.364826210812541,2.4350984213272366
808,-0.7808028425502204,-0.792888534768206,-1505.5256848234421,-1505.5256848234421,0.37185534149470045,2.6059476919192512
809,-0.7784845372970539,-0.7909911474377722,-1505.7526918041563,-1506.3209635592095,0.3826963500156785,2.744478866465017
810,-0.7861193819313093,-0.7905999888887844,-1501.997922508956,-1502.5921970948577,0.2134831464652145,1.2998357550340753
811,-0.7851650626710585,-0.7944980045102167,-1505.352377108591,-1505.3548296181496,0.2994380133361502,1.6981847524022033
812,-0.7792869743021604,-0.7914833592367985,-1230.2576891105628,-1230.2576891105628,0.2657019596555208,1.559725921703465
813,-0.7866877377334202,-0.7960596781932765,-1423.2921549994717,-1423.2921549994733,0.31994924230171246,1.7289920533416578
814,-0.7789567221632631,-0.7911773893925933,-1505.531951917884,-1505.531951917884,0.3614391511529442,2.5233608184269376
815,-0.7863857866129903,-0.795917640713198,-1505.3541720750072,-1505.3560432897677,0.3242762873096749,1.818005384031025
816,-0.7876954802540873,-0.7935208769967365,-1504.3941265740216,-1504.6054295481729,0.24886578351000319,1.4799821873199688
817,-0.786666689378304,-0.7962301530122203,-1505.3544275112556,-1505.3562167536772,0.32902433801768866,1.8355605522966911
818,-0.7833773148085166,-0.794639318092734,-1505.359149854814,-1505.3591499489962,0.3528583931413421,2.2608744791900848
819,-0.7833612282823236,-0.7932170625832896,-1505.3555935537563,-1505.356937026165,0.29257991839707487,1.7927753193857123
820,-0.7876886703564291,-0.7962598038435517,-1505.337002121054,-1505.344346677627,0.31001813988028404,1.70073002083931
821,-0.7870292922048064,-0.7966829329505515,-1505.3551288654803,-1505.356682080791,0.33822864100946354,1.8846607344939863
822,-0.7855037768639793,-0.7966400517070846,-1505.359149998237,-1505.3591499994047,0.37740860763421546,2.463965261679643
823,-0.7844229934969735,-0.7939111874878845,-1505.3536991059786,-1505.3556994463322,0.29536654634946896,1.7035129149836818
824,-0.7869010275238177,-0.7967320739030521,-1505.3561613086313,-1505.3573476176089,0.3433972223219202,1.9170965650087126
825,-0.7828224238235987,-0.7944222675402189,-1505.375172218901,-1505.375172218901,0.36086075826637887,2.382116529889118
826,-0.7797142644107165,-0.793328440627297,-1344.7401774397956,-1344.7401774398008,0.3654389510016962,2.2836852658538764
827,-0.7843301907940574,-0.7955467759740176,-1381.1246300559044,-1381.1246300559062,0.33731015321796964,1.9553998087136262
828,-0.7897966129537503,-0.7971936659511383,-1505.2556944552339,-1505.2856811643564,0.31429336849517786,1.7540257733557836
829,-0.78620974239172,-0.7895460585682703,-1498.4058342698308,-1499.4522060094887,0.20540632392058764,1.2835728658381123
830,-0.7827621130701515,-0.7951687971771195,-1382.0185206892527,-1382.0185206892527,0.36344150649917767,2.195960854603724
831,-0.7810369026312488,-0.7913102170735364,-1505.3573445899287,-1505.358051803629,0.28049594105312436,1.7886634322132053
832,-0.781621428099798,-0.7909447548657604,-1505.346665927521,-1505.3509343959768,0.2545202005018516,1.4908585017095244
833,-0.7822241564432766,-0.7894509092526701,-1332.3014644600544,-1332.3014644600544,0.20280040404875238,1.2228618872967898
834,-0.7885401409442797,-0.7959590718290966,-1505.2434783916544,-1505.2763831105187,0.29365184779501047,1.6229803703691184
835,-0.779395472617513,-0.7924834622609148,-1294.416243654825,-1294.416243654825,0.3072390787074908,1.8881225445205139
836,-0.783143408460783,-0.7947555061268883,-1505.4349031957715,-1505.4349031957715,0.36927609869904393,2.4665184840913965
837,-0.782590240376578,-0.7890275256222608,-1504.780823892997,-1504.9160240202414,0.20166797625156602,1.1226192393866772
838,-0.7824730801845257,-0.7937019373395781,-1505.3591424917042,-1505.3591471708926,0.33428801850658046,2.096611032706567
839,-0.7876112977456912,-0.7926998700498771,-1503.3099648130037,-1503.7109760321825,0.23927808884838148,1.4522344741362956
840,-0.7763714024231663,-0.7893165837693847,-1507.0110434572812,-1508.1116740271145,0.42111603078395843,2.951106823778596
841,-0.7857690180175203,-0.7930211423326113,-1505.1705782301615,-1505.221178887109,0.24961460130151944,1.3393264671075202
842,-0.7807923069538466,-0.7925431681350518,-1505.4200519222172,-1505.4200519222172,0.34724317486103945,2.3436448646743737
843,-0.7885557004412688,-0.7956204596989325,-1505.1681052659906,-1505.2195837942675,0.28577262522747754,1.6156926877540283
844,-0.7868211209071038,-0.793394068250153,-1504.9355818899448,-1505.0389329366717,0.24938503072114618,1.412882818431992
845,-0.7894760991589587,-0.7963343045656189,-1505.139037605717,-1505.1975989658706,0.29635231925595173,1.700927389491793
846,-0.7834606802183035,-0.7898844449267554,-1504.7910237285596,-1504.9240828963682,0.20935568460945425,1.1672685061463484
847,-0.7876992915141675,-0.7972960834599154,-1505.3548775782197,-1505.3565307037113,0.345835059297428,1.9250767636456205
848,-0.7877829659326726,-0.795313615283914,-1477.679086399815,-1477.679086399816,0.28839303407130673,1.5905680715590491
849,-0.783891234919747,-0.7926617085106146,-1505.3384130774127,-1505.3452402587227,0.26628059333328913,1.4957722428318159
850,-0.7878742204642953,-0.7971354498711841,-1505.3517441811155,-1505.354463551472,0.3368149639798625,1.8588381196110042
851,-0.7881809517545338,-0.793233001501584,-1503.3480448081534,-1503.7434577518857,0.24840037544538782,1.5154037572751142
852,-0.785711510674176,-0.7930367360269258,-1505.188210508089,-1505.2345814176904,0.25055856188223485,1.346120672873915
853,-0.7749621341781904,-0.7875704259067082,-1119.2011649677547,-1119.201164967757,0.204174762866356,1.3260651245233734
854,-0.7838768825490516,-0.7946527937848399,-1346.1740869382215,-1346.1740869382224,0.30569317596524115,1.7271956757875768
855,-0.7823219350386779,-0.7920096244879397,-1505.3532991601749,-1505.3554144804225,0.2726348406802152,1.6431149651497456
856,-0.7873628915204901,-0.7963326850884986,-1505.346833491745,-1505.3511295859348,0.3183302796243618,1.7494259281580378
857,-0.7837188962910439,-0.7896484568103835,-1504.425423679922,-1504.628683477301,0.20450236853432507,1.1602512762630817
858,-0.7835437340555647,-0.7956883521485646,-1395.2952029520247,-1395.2952029520288,0.36731132690736434,2.1849708645934314
859,-0.7882299519070948,-0.7970174321256255,-1505.3435732129938,-1505.3489245587546,0.326536578499652,1.783433145977465
860,-0.7850838032349253,-0.7950707773808152,-1505.3567561070975,-1505.3577053372258,0.32202557193634146,1.867523364588811
861,-0.7811334865475038,-0.7933290078869931,-1505.5250799715739,-1505.5250799715739,0.3828183346447513,2.716513150306356
862,-0.7805706444416004,-0.7924841675409338,-1505.4902098081338,-1505.4902098081338,0.35527360340991676,2.4520546596860244
863,-0.7790612071624702,-0.7917429065782009,-1506.8942699967336,-1506.8942699967336,0.4064024962886737,2.902807263293148
864,-0.7825820180198192,-0.7943579633088372,-1505.4538959153604,-1505.4538959153604,0.36692193292402153,2.468389249871946
865,-0.7892787255213949,-0.7986189213076722,-1505.3533838893713,-1505.3555903746978,0.36319569693354786,2.0010141181700205
866,-0.7859914704425935,-0.7899193316174911,-1500.5236246046845,-1501.3142415957466,0.20777497140796988,1.2784916866103078
867,-0.7827779753329723,-0.7895071366397748,-1504.9485878417981,-1505.0490332218371,0.20736405426113724,1.1414091723744788
868,-0.7833785466440214,-0.7938239019610953,-1505.3579196023336,-1505.358610772786,0.3146424218778242,1.8965855256733557
869,-0.7843355276239172,-0.7894860622742303,-1503.36310195114,-1503.7500920176128,0.20049111935344135,1.1708541418133889
870,-0.7798401456158205,-0.7913925751233498,-1505.3591499889326,-1505.3591499962174,0.326551215407641,2.1694390480556893
871,-0.7878263366748278,-0.7980441783451899,-1505.3590240980645,-1505.35909834263,0.3736682908570364,2.2127014819362185
872,-0.7848506825556701,-0.7899654068240038,-1503.3017478600202,-1503.6989102308542,0.2054481667707349,1.2068439609158883
873,-0.7875145148854872,-0.793231920969513,-1504.2466316827404,-1504.4855388488452,0.24456745738345087,1.4559778863153015
874,-0.7849520593107748,-0.795701527618146,-1505.3591349802318,-1505.3591442311922,0.35316513144482586,2.173464143341219
875,-0.7856671086583336,-0.7955347592014655,-1505.3562205192231,-1505.3573691123545,0.3260861016987664,1.8603681123763918
876,-0.7865141269623366,-0.791760430475188,-1503.5589238526318,-1503.916304156374,0.22551689235226033,1.3517337806250889
877,-0.7800909049598177,-0.7924051308341735,-1505.7442710500104,-1506.2986591216927,0.38549905979297155,2.7861194740613673
878,-0.7866867012405611,-0.7974733783261625,-1483.2756632064663,-1483.2756632064663,0.3822472865413096,2.2902876178706353
879,-0.7869249168462187,-0.795444347785846,-1505.3343568918847,-1505.342470758939,0.2978540624985433,1.6338511677267915
880,-0.7866898402765783,-0.7913138152497378,-1502.3510819486673,-1502.8968751833918,0.22242405446620997,1.3568640053377798
881,-0.7838556060438121,-0.7890572270358617,-1503.4536241245382,-1503.8255936509772,0.19653638254031003,1.144691699149775
882,-0.7834894186439367,-0.7958143268390178,-1397.0756225725431,-1397.0756225725436,0.37677991301206376,2.2592213500454563
883,-0.7861534516333915,-0.7936093182390255,-1505.2261964332858,-1505.2632821803386,0.2599580013855822,1.3967103396917075
884,-0.7853252437055652,-0.7914706040373145,-1504.6355265756138,-1504.799183501828,0.22384316002959834,1.267536606590826
885,-0.7879161572276878,-0.794504176028308,-1504.9820981400253,-1505.0756093397413,0.2654162960299361,1.5208536607840928
886,-0.7832116431800275,-0.7926621429283285,-1505.3520044156915,-1505.3545567108556,0.2771528479792843,1.6468879711377236
887,-0.7771453260102347,-0.7900572964045808,-1506.262810883503,-1506.262810883503,0.41474151570952966,2.9308834115377995
888,-0.781694389298413,-0.7939005108323145,-1505.5213592203104,-1505.5213592203104,0.3871581737709739,2.731292720789885
889,-0.7766035549602595,-0.7895449332767426,-1506.1995355465635,-1507.2819833147703,0.4178417306953741,2.939327243950978
890,-0.7880042741870804,-0.7937211097930368,-1504.3051963870023,-1504.5332535873779,0.25273207917238333,1.5086905707148217
891,-0.7895353036116416,-0.7987935026981385,-1505.3528370153304,-1505.3552367796183,0.36512718747356393,2.00902672911546
892,-0.7770694032528356,-0.7908892622889945,-1190.2297660939748,-1190.2297660939785,0.2791833679226098,1.673454694260304
893,-0.7804759059531113,-0.7925612454190087,-1505.5248265661887,-1505.5248265661887,0.36750525312502075,2.573631730443482
894,-0.7822901850025351,-0.790019446677759,-1505.236469517484,-1505.2709389228942,0.22322989186962744,1.244537378860782
895,-0.7847439503297644,-0.7918181108708061,-1505.1018507995288,-1505.1684525112364,0.2341092696341177,1.2662745666115085
896,-0.7874593702122774,-0.7931396621545084,-1504.2058395097126,-1504.452187526702,0.24374103235689418,1.4500113082329147
897,-0.7870156305817461,-0.7959886016089092,-1505.347101496759,-1505.3513022491718,0.3135155655410839,1.7369422241369337
898,-0.7891964845991021,-0.7965136255941483,-1505.2338714302132,-1505.2693341793852,0.30103243643596633,1.6854394979370726
899,-0.78576229280537,-0.7963956435267306,-1505.3591318330375,-1505.3591429862713,0.3598707810664483,2.206294691059697
900,-0.7820422183820954,-0.7942387732548191,-1421.4698374311454,-1421.4698374311456,0.36031888029931497,2.1492684369948307
901,-0.7891030463979968,-0.7955209553868886,-1504.9519844659642,-1505.0524257261816,0.2821129349997712,1.6558553549229256
902,-0.7668007893385695,-0.7871558961181017,-1026.0537169298868,-1026.0537169298868,0.35597633041462307,2.375866180103404
903,-0.7889442860268674,-0.7974252900223272,-1505.3354575236883,-1505.3433280828863,0.33017873205597825,1.7895723011700833
904,-0.7839638970966899,-0.7940770127684637,-1505.3570667489405,-1505.3578928940747,0.3112520314608971,1.8412855455773487
905,-0.7807787272529424,-0.7932137664105741,-1505.8109308568262,-1506.3464937519584,0.40020226635324624,2.8050144557806034
906,-0.7861222613730758,-0.7968845032007973,-1505.359146977061,-1505.3591488823665,0.3717845198884623,2.319981874090293
907,-0.7893035781778177,-0.798441357293788,-1505.3513794414578,-1505.3542606289052,0.35702690124093023,1.9612301130503245
908,-0.7798580798571847,-0.7922625665221548,-1247.7995236615902,-1247.7995236615916,0.28287013252391047,1.6428827799885908
909,-0.7795330046601852,-0.7916074949996759,-1505.5343904739161,-1505.5343904739161,0.35607522319995977,2.4874887767740823
910,-0.7884323202617313,-0.7961799588546035,-1505.286166811764,-1505.3079158158932,0.2987303255923483,1.618726107699419
911,-0.7869958561641013,-0.7949966410336772,-1433.6917562724004,-1433.6917562724004,0.28653244353580143,1.6261077844569696
912,-0.7820906572489291,-0.7893156395200511,-1505.1224382436649,-1505.1844158158697,0.21051397751057369,1.163084430253247
913,-0.7820856971281075,-0.7945149356645576,-1347.761364937593,-1347.761364937593,0.3431644444071757,2.072100116289876
914,-0.7837053051408103,-0.7921420035750434,-1505.3221111446908,-1505.3337315714182,0.2543679809253519,1.4322167021931442
915,-0.7874712975449348,-0.797377122186784,-1505.3565468367037,-1505.3576043406142,0.3547890948188232,1.9921428543277249
916,-0.789651024066314,-0.7967886829459123,-1505.208621178517,-1505.25046479195,0.30485898033370484,1.7270406255151662
917,-0.785117795838048,-0.7958045439033348,-1505.359126159752,-1505.359140727546,0.3529253466304318,2.1562445450967873
918,-0.7811714402749185,-0.7940653131444139,-1321.4325811159788,-1321.432581115979,0.34146543043576655,2.0853396011148164
919,-0.7879530243153203,-0.7953406237880881,-1505.2309508257297,-1505.2669576902535,0.28286144768144317,1.5582674159875374
920,-0.7843954626617936,-0.793210055143419,-1393.492197895245,-1393.492197895245,0.2623473201800098,1.4579933876574513
921,-0.7880557936792474,-0.7939885114967519,-1504.5428728142238,-1504.7256814757197,0.2562546856069761,1.5198176431527874
922,-0.78033040139363,-0.7922598423819632,-1505.4949184127718,-1505.4949184127718,0.35463488429196655,2.4501543030715736
923,-0.7864754325880224,-0.7965706122182977,-1505.3573373256643,-1505.358359562749,0.3475998987720047,1.9754566182439885
924,-0.7823832231792213,-0.7916762028468852,-1299.8013175781634,-1299.801317578165,0.23960590989643055,1.446766316668634
925,-0.7842646862698426,-0.7950626384146031,-1505.359124470889,-1505.3591400566675,0.3441298922573104,2.101752957319054
926,-0.7879348468131916,-0.7979671931523861,-1505.358433849809,-1505.3588444269963,0.36730600884149905,2.125483745030904
927,-0.7851420822865464,-0.796195102102727,-1380.7065492458728,-1380.7065492458762,0.34590603867788844,1.9959303864521827
928,-0.7881652826669366,-0.7954353485998008,-1505.2101636217453,-1505.2513729915934,0.2833395802846938,1.5755992991966703
929,-0.7840847955438178,-0.7950388148870947,-1505.3591443978016,-1505.3591479007723,0.34905564664331007,2.171966956448384
930,-0.7856205964631443,-0.7889552031090055,-1498.3163718197832,-1499.368836743852,0.1983625389183924,1.2318969298592355
931,-0.7869342650409672,-0.7943536620976754,-1505.2266811645811,-1505.2636666538085,0.26932640876310293,1.4593692643412508
932,-0.7899333903993564,-0.7981998807433441,-1505.3291964331454,-1505.339054870745,0.3420751057464573,1.834241335516524
933,-0.7818041803675676,-0.7932841668799736,-1352.6445105392431,-1352.6445105392481,0.2989085416306918,1.766257361117457
934,-0.7894342214461284,-0.7976858263268011,-1505.326163813548,-1505.3368616727655,0.331926064777758,1.7775311638193776
935,-0.7843669408129195,-0.7927691110927654,-1505.3215831912305,-1505.3333705782243,0.26128377785199264,1.4500110200430785
936,-0.7859052164364232,-0.7906966839984851,-1467.3913043478196,-1467.3913043478199,0.2174876714455445,1.3143409079297088
937,-0.7829972123981949,-0.7950713740736044,-1505.5283310887453,-1505.5283310887453,0.39506494454587265,2.651912145270629
938,-0.780195526723725,-0.7930234449758917,-1308.1574725410321,-1308.1574725410321,0.31418665048258604,1.9225886060601949
939,-0.7897147807615548,-0.7981769452916123,-1505.3363100642332,-1505.3440088428854,0.3436795850133222,1.8568235506846402
940,-0.7840263169716989,-0.793036365539825,-1362.4649859944009,-1362.4649859944009,0.25986907311514623,1.5028225817007952
941,-0.7862869526391918,-0.7940972008073012,-1505.2811324354113,-1505.304087264558,0.27074418928125416,1.4640238583817347
942,-0.7875859126703867,-0.7971434861836709,-1505.3545218257811,-1505.356295667649,0.342599049313111,1.904191999600806
943,-0.7802175460393728,-0.7910853562850142,-1505.3590410909028,-1505.3591058345273,0.29942735088521966,1.927293513383038
944,-0.7851363533403088,-0.7949578701461476,-1366.1366136613722,-1366.1366136613722,0.30251974779060314,1.6917470626879174
945,-0.7857412971915182,-0.7969637335351317,-1505.3604777181984,-1505.3604777181984,0.3860830078801387,2.425229064643276
946,-0.7848910434426329,-0.7944622889363667,-1505.3543701621165,-1505.3561496359157,0.30386725448806523,1.7425047769721824
947,-0.7853921802059541,-0.796562691339521,-1505.3591499997035,-1505.3591499999006,0.37803287602209107,2.453066743444551
948,-0.7864440899951652,-0.7921619367084378,-1504.2510140664945,-1504.4871145860702,0.23140496841711244,1.3563333076692246
949,-0.7786074294277705,-0.7911085545238102,-1505.746568129594,-1506.3128030585506,0.3851622822437632,2.7642321675537738
950,-0.7804843457418524,-0.7926156357201166,-1505.528885407637,-1505.528885407637,0.3721176502181501,2.623349910271325
951,-0.7895239075332785,-0.7985473894929269,-1505.3501977978938,-1505.353476519302,0.3571791265554586,1.9644882013351392
952,-0.7824668792528022,-0.789882112546489,-1505.1761205610399,-1505.2254263414893,0.21806209956481895,1.2072241017303154
953,-0.7837465373456524,-0.7942232907014534,-1505.3586622327905,-1505.358940433352,0.3219444042224548,1.934006794044126
954,-0.785626225109736,-0.7891625741550283,-1499.1337131809628,-1500.0923045777074,0.19999885719229799,1.238849337225358
955,-0.7802549918852116,-0.7924111839934952,-1505.5298902431311,-1505.5298902431311,0.37054500366771637,2.6199330381837687
956,-0.7800555902288148,-0.7917222226832035,-1505.3591499999998,-1505.35915,0.3337150586108197,2.240916256499367
957,-0.7879357254944305,-0.797142355117398,-1447.8317738203043,-1447.8317738203048,0.33976714430459165,1.820814509213665
958,-0.7869473200741844,-0.7953326984968236,-1505.3283288467778,-1505.3382253612092,0.29480413073237305,1.6108476819422584
959,-0.7800438401438361,-0.7921014885807703,-1505.5308724215038,-1505.5308724215038,0.3609304381823948,2.5135052408670964
960,-0.7818100501204214,-0.7929390253708697,-1505.3591280367702,-1505.3591415002643,0.32333095124118294,2.0198562877413684
961,-0.7853096096399924,-0.7953596706203577,-1505.3570042136078,-1505.3578660706853,0.3277447622953415,1.8977613962958884
962,-0.779595459937499,-0.7913154454900765,-1247.2773128510826,-1247.2773128510855,0.25114353155055325,1.463223574759358
963,-0.774863025017879,-0.7907999790789566,-1194.6354107968032,-1194.6354107968032,0.3367096748487903,2.199114042376026
964,-0.7826091419881137,-0.7945525945893629,-1505.5088316041802,-1505.5088316041802,0.37729431521449125,2.5723552214160144
965,-0.7823602635292828,-0.793761587586339,-1402.0590625846644,-1402.0590625846644,0.32093979887505497,1.8776590168495098
966,-0.788316992110434,-0.7953521557990255,-1505.1557666935296,-1505.2101386421327,0.280618550121638,1.5872812302244939
967,-0.7831164441400564,-0.7893360483768402,-1504.6454285904838,-1504.8072938153773,0.20305351800833352,1.1407635860817937
968,-0.7848779007589864,-0.7907880355439826,-1504.43620594289,-1504.637412136644,0.21617458380125876,1.2289378304601977
969,-0.7878453367244623,-0.7953997112172961,-1505.2577381011113,-1505.2869023276796,0.28540628082974,1.5525035445327793
970,-0.789219165258501,-0.7954821138825945,-1504.8806687821702,-1504.996272199097,0.2818149096309688,1.663798005599174
971,-0.7820124029653567,-0.7937233042894639,-1505.4102200102068,-1505.4102200102068,0.3571089939600059,2.3820326861912524
972,-0.7862446976114842,-0.7923016877046775,-1504.6019028359092,-1504.7719734846703,0.23366374878586288,1.3473358151342034
973,-0.7864721775555976,-0.7948172204686433,-1505.325462781858,-1505.3361768940847,0.28708160712041864,1.5705612938990203
974,-0.7859332490037556,-0.7935011480313728,-1411.0497237569089,-1411.049723756909,0.2583612439684547,1.516308751644987
975,-0.787317196711535,-0.7954261708416018,-1505.3128529866847,-1505.3271970591654,0.29205084631605477,1.5840394442721348
976,-0.7887918763420461,-0.7950184997830155,-1504.830496342793,-1504.9563967401707,0.2738932391451627,1.6184114366139164
977,-0.78932235107955,-0.7982564649048712,-1505.3485456804578,-1505.3523564499003,0.35144389875087095,1.9247286391866754
978,-0.7836767364175329,-0.7931736950592211,-1340.7821229050307,-1340.7821229050307,0.2641052208423348,1.537524409957961
979,-0.7886106820909329,-0.7983151253529757,-1505.3557471574668,-1505.3571139262624,0.3652576693866633,2.0423967608019256
980,-0.7840744545393596,-0.7949088965615929,-1505.3591272430008,-1505.3591411664574,0.3427082491008317,2.0991794006303732
981,-0.7717017186576376,-0.7896031604363408,-1127.7056277056236,-1127.705627705628,0.35325362314673936,2.419899386924712
982,-0.7861255802914537,-0.7937191356717466,-1505.2506997712528,-1505.2815865698144,0.2632065668856892,1.4185262264441196
983,-0.7856706028482063,-0.7966241809948487,-1505.3591498043056,-1505.3591499309537,0.3727033995140875,2.388401881669929
984,-0.788753115474458,-0.7969222689813136,-1505.3204648504948,-1505.3327313050736,0.3163526843530183,1.6956237488417412
985,-0.7838405372322279,-0.7948695227259504,-1505.3591464857475,-1505.359148696902,0.34854617206959226,2.1796914498870623
986,-0.7818774574851798,-0.7929258176731242,-1505.3591031947153,-1505.3591314886846,0.3203085268815783,1.98987668938843
987,-0.7862954924949143,-0.7957706155655521,-1505.3536821045907,-1505.3557184277167,0.3209781470926125,1.7986502046320338
988,-0.7824614958697771,-0.7929168028137005,-1505.3577666282206,-1505.3583246504998,0.30137142334209344,1.8397373749000836
989,-0.7890246309551476,-0.797684630837045,-1505.3414609903625,-1505.3474995738675,0.3369577314675166,1.833870053538068
990,-0.7882963071374871,-0.7974411954530664,-1505.3505174602444,-1505.3536538655069,0.3396527799243537,1.8709781370076468
991,-0.7799283334515569,-0.7921863435494453,-1505.5238082161122,-1505.8273158776933,0.3760959040953556,2.6934252422472205
992,-0.7845141435612708,-0.7900235833108479,-1503.9511060714356,-1504.2393911601212,0.2068087190035691,1.1903776550023206
993,-0.7829750676717657,-0.7946967647893219,-1505.4634588956233,-1505.4634588956233,0.37185071445371404,2.5033795557661356
994,-0.7874439178763585,-0.7978658125274267,-1457.5816926090101,-1457.581692609012,0.3757302243681891,2.1118793689087783
995,-0.788591985866089,-0.7946178127079643,-1504.6763158148863,-1504.8332261669916,0.26697837230893323,1.5818519120894292
996,-0.7828282692836769,-0.7942524228776688,-1323.0736347119857,-1323.0736347119857,0.3061017082438612,1.7622789276026545
997,-0.776444738532267,-0.789346038432656,-1506.417452745288,-1506.5133262748177,0.41151903408218626,2.897807645091668
998,-0.783538484616723,-0.7928086064030025,-1505.349950202333,-1505.3531768210232,0.2762622508467125,1.61857256488424
999,-0.7782672144608103,-0.7911032096888191,-1506.4695711611498,-1506.4695711611498,0.41512303997331335,2.9478026371125505
1000,-0.7864864603261097,-0.7957677246972459,-1505.3516702938844,-1505.3543821545068,0.3162584976319638,1.7672721654568657
1001,-0.781007742179474,-0.7933069488525337,-1505.513318889856,-1506.0378495331984,0.3909151885948365,2.730195927555588
1002,-0.7865774134034929,-0.7920226588699807,-1503.8606052783607,-1504.1668466839221,0.22915122670124038,1.3621302874155061
1003,-0.7836742289949294,-0.7911059449081852,-1505.1879948284977,-1505.2344002452437,0.23035341952587807,1.2649896808798293
1004,-0.7844362187144462,-0.7906817540969379,-1504.686020339145,-1504.839865969535,0.21681012556673407,1.2138210928485509
1005,-0.78410746980454,-0.7952644173321481,-1505.3591499194642,-1505.3591499719041,0.3603937182178209,2.311270523807732
1006,-0.7865345213047735,-0.7963072151953035,-1505.3558138918129,-1505.3571181712002,0.3351425783147091,1.8758070019591737
1007,-0.7748837423513232,-0.7888197980487529,-1126.0215921703211,-1126.0215921703211,0.23913963459302182,1.4985684751073463
1008,-0.780800875887583,-0.7934233574541835,-1303.80180385889,-1303.8018038588918,0.316717897518857,1.9233930273704964
1009,-0.7798884980098986,-0.7926764809635413,-1286.2122851304243,-1286.212285130425,0.2999994251973828,1.8153992004264272
1010,-0.785617753030122,-0.7920150894293313,-1504.813461465913,-1504.9417564512005,0.23197461840758063,1.3017655031396085
1011,-0.7886492503278624,-0.7944195516838269,-1504.4445615793393,-1504.6468331750505,0.26476961769538526,1.5838703318379075
1012,-0.7871447163819355,-0.7967914331970851,-1505.3550937532584,-1505.3566612971097,0.3396102983644201,1.8919771641800875
1013,-0.784269639287457,-0.7906430818784953,-1504.7698923482017,-1504.907150606443,0.2170481650930383,1.2086968218726013
1014,-0.7836606497675397,-0.7943504881601298,-1505.3590239572277,-1505.359098449644,0.3297593987375634,1.980212261804606
1015,-0.7838081543088469,-0.7953949234225541,-1505.460952231,-1505.460952231,0.37877963010997256,2.5308796209149578
1016,-0.7837466210204563,-0.7913946373935297,-1505.2328694662783,-1505.2682226370807,0.23540191455048587,1.302084658071534
1017,-0.785837027835628,-0.7937830675436923,-1495.8448753462546,-1495.8448753462546,0.269433228153893,1.464065679124979
1018,-0.7860987360465856,-0.7953889771685729,-1505.351631548254,-1505.354349069074,0.3109124900843233,1.7369310015540484
1019,-0.7801370718564233,-0.792655731671666,-1259.6939844896235,-1259.693984489625,0.2929117321551285,1.7254287274990807
1020,-0.7894454116113361,-0.7969538791258918,-1505.2655396865655,-1505.2929025025999,0.30973675532075184,1.7161051617045973
1021,-0.7867454629135006,-0.7922045661571941,-1503.880129146224,-1504.183380132864,0.23127195130094774,1.3789903574550733
1022,-0.787731880623734,-0.7979443256885874,-1505.3590135538607,-1505.359093863101,0.3713081478734853,2.1991443906157375
1023,-0.7803134600242163,-0.7911500582438257,-1505.3590271386117,-1505.3590999748424,0.2993599802761024,1.9253750823438514
1024,-0.7814411860104931,-0.7918593654635357,-1505.3576851786854,-1505.3582691065778,0.2895577375905662,1.8554389431063756
1025,-0.7781356744631451,-0.7918653343663559,-1251.6453272705469,-1251.6453272705496,0.3031972141985358,1.8748109031761793
1026,-0.7875689296094206,-0.7973914866862029,-1505.3561472124197,-1505.3573511238747,0.35289527105352475,1.968327228126916
1027,-0.7891604761521316,-0.797349891261656,-1505.3217762792467,-1505.3337169243835,0.3255077708683508,1.7408690300075482
1028,-0.7851331810118226,-0.7910585688478182,-1504.4577432527396,-1504.654926431061,0.21949579887633744,1.249376346698941
1029,-0.7842891877667093,-0.793858451788869,-1349.5165603785251,-1349.5165603785258,0.27901383103372857,1.6105590774940146
1030,-0.7775450836716751,-0.7925265189358175,-1246.790592584987,-1246.7905925849873,0.3627757860175999,2.337582390137358
1031,-0.7798809573998398,-0.792491215429353,-1506.582574333454,-1506.582574333454,0.40780092841573146,2.8955689168195207
1032,-0.7712518978057039,-0.7886915206183417,-1077.4583034891991,-1077.4583034892025,0.29080848229927186,1.8800346614796133
1033,-0.7883151914062392,-0.7959884057818151,-1505.277609219175,-1505.3016306848522,0.2952686514635352,1.603280505747378
1034,-0.7869045893507496,-0.7916095174575581,-1502.530306233913,-1503.0503497202276,0.22592067053949763,1.3776724584779048
1035,-0.7878633427047389,-0.7973260773856998,-1505.3538882634266,-1505.355885687448,0.3436677198454822,1.9071211299914994
1036,-0.7832023184339979,-0.7944073751511486,-1505.359148525939,-1505.359149463051,0.3457478192264529,2.1884151675632535
1037,-0.7865838183087176,-0.7970756459815418,-1505.359117331261,-1505.3591371764953,0.3677906888194045,2.2240799356804435
1038,-0.7836280285244213,-0.7953554118897578,-1505.4978916107295,-1505.4978916107295,0.3843794080004435,2.602311001503054
1039,-0.7802340710336584,-0.7925301869674208,-1505.6850650621125,-1506.235621707627,0.38539120433694685,2.7808838939179212
1040,-0.7825189978156207,-0.7927061278115933,-1505.356647853837,-1505.357614619628,0.2913389677314419,1.8200902190189827
1041,-0.7863960742097845,-0.792242444441205,-1504.4154485537535,-1504.6206567810598,0.23253132623617082,1.355034361564073
1042,-0.7821102643762673,-0.7923998399145932,-1342.7109974424545,-1342.7109974424545,0.25840114022950395,1.448540074161262
1043,-0.7794869128038252,-0.791817710319597,-1505.6282693169,-1506.1931879582405,0.37775205417495106,2.7212182580734208
1044,-0.7877520668337318,-0.7967510725437534,-1505.3476737053736,-1505.3517148301926,0.3257651400563522,1.7896808727976767
1045,-0.788754786833637,-0.7972249902197098,-1505.3343026035495,-1505.342505386763,0.32567901143193256,1.7591311216021508
1046,-0.787941845246391,-0.7974300436314168,-1505.3541169485093,-1505.3560375576528,0.3456200500644257,1.918884450850291
1047,-0.7874076945135062,-0.7935886970665789,-1504.7206040446158,-1504.8682765125513,0.2514228689041599,1.461761720678292
1048,-0.7883465712282881,-0.7978114663685998,-1505.3540779357966,-1505.3560218273535,0.352123192726478,1.9494576567870048
1049,-0.7827201098248907,-0.7942189487349061,-1505.359149990366,-1505.3591499967097,0.3522311889129711,2.287162267891849
1050,-0.7842367921904417,-0.7947505676685417,-1505.3589303400838,-1505.3590583330947,0.3318043007296785,1.964161166685405
1051,-0.7856426921024592,-0.7958685787718167,-1505.3584397299358,-1505.358843791792,0.3401023317504928,1.95914187341684
1052,-0.7822696078534831,-0.7938365863713461,-1391.7320217998163,-1391.7320217998163,0.3226047281182824,1.8986140082534717
1053,-0.7842572260925481,-0.7895294276519864,-1503.5696497587685,-1503.9227654248302,0.20130975261526557,1.1701159024861147
1054,-0.7859446013190636,-0.7963756090574898,-1505.3590574949676,-1505.3591125045994,0.3548531108851257,2.115094495727156
1055,-0.7885423236734839,-0.7967079991191139,-1505.3200022685107,-1505.332377001106,0.3121957089069962,1.6755178169144997
1056,-0.7844321967078719,-0.79201118147834,-1505.2276859153158,-1505.2643376321394,0.24166203291817204,1.3284924654076122
1057,-0.7838772514662962,-0.7896152236537657,-1504.2433639564308,-1504.4794919518129,0.20314630413346454,1.1613285460974627
1058,-0.7759955319716316,-0.789306433628532,-1154.4479213232005,-1154.4479213232005,0.23166206950412724,1.4231234176192396
1059,-0.7817738416508337,-0.7923734318645593,-1505.3585063984026,-1505.3588718219007,0.30048826969940295,1.877232739397654
1060,-0.7887199236320025,-0.7984850678963672,-1505.3560064453707,-1505.3576996064457,0.36962506034596954,2.090004510678865
1061,-0.7834077144695166,-0.7952769439720451,-1505.5198754545193,-1505.5198754545193,0.38982179573574016,2.5897236236388492
1062,-0.7873727681786683,-0.7977909608575721,-1505.3591083112196,-1505.359133506852,0.3743619635529517,2.2603395271430196
1063,-0.780301902435648,-0.791137992021681,-1505.3590214419776,-1505.3590975754178,0.29917889394581854,1.9231130694304892
1064,-0.7876804877154391,-0.7944463443878431,-1505.0517327340353,-1505.1299117331919,0.2651338793053077,1.5104473580857298
1065,-0.7818916471650367,-0.7924989790729537,-1505.3584235090761,-1505.3588353010834,0.30196657817265593,1.877770086768548
1066,-0.7854978224662684,-0.7947654208659716,-1505.3515860717027,-1505.3543057087313,0.30164153812699873,1.69447745260753
1067,-0.7866095671439408,-0.7954862069535314,-1505.3452349840168,-1505.3500150505747,0.30399640665200095,1.684838563643291
1068,-0.786130269257684,-0.7904676063479452,-1492.50366362304,-1492.50366362304,0.21350860740877262,1.3047867996792561
1069,-0.7866995126142446,-0.796295576192061,-1505.3546848812205,-1505.3563860530971,0.33098498754787997,1.8454983642362293
1070,-0.7853731523732624,-0.7950319022020758,-1505.3549705357686,-1505.3565522552087,0.31316878800385434,1.786748786448733
1071,-0.7809831242779882,-0.7941202046444977,-1291.2280701754432,-1291.2280701754432,0.34336319927798237,2.1020229514911652
1072,-0.7851262703084488,-0.7904187371550504,-1503.631718122092,-1503.9749826500972,0.2100199230006538,1.230189146784912
1073,-0.7878768757791237,-0.7976908156963821,-1505.3561416661362,-1505.3573529320904,0.35706460921389566,1.994244263129482
1074,-0.784187168160807,-0.7893826302056317,-1503.444901192203,-1503.8184910047546,0.19944359303935225,1.1625838206472254
1075,-0.7869582384693964,-0.7975446622974738,-1505.3591384687675,-1505.359145600334,0.3753154481432137,2.309468183594383
1076,-0.7882669800797939,-0.7981745148964445,-1505.3573160931396,-1505.358351516049,0.3679885984725323,2.1018331645255834
1077,-0.7852847655030449,-0.7908406483387845,-1504.0343759071643,-1504.308089761753,0.2149099974110435,1.2501509766536112
1078,-0.7767820708643792,-0.789710930403803,-1506.156365448975,-1506.6027659533656,0.41461476182454104,2.9268362365443092
1079,-0.7769506762725368,-0.7919120768956934,-1237.1359754762445,-1237.1359754762445,0.34421472779892365,2.2210040914233717
1080,-0.7864003511921367,-0.7949446491856205,-1505.3343833211136,-1505.3424735610681,0.2913310463415019,1.602126528004819
1081,-0.7861833068124318,-0.7936833344239609,-1505.2355450969294,-1505.2702840457384,0.2615986679234268,1.4064319750299543
1082,-0.7743461217903296,-0.7903040120215821,-1167.0761670761735,-1167.0761670761735,0.31318945519654134,2.0195342926504587
1083,-0.7845063505487715,-0.7948040583896516,-1505.3581920609022,-1505.3587329536826,0.3262577387752467,1.9306043005598241
1084,-0.7794724945104253,-0.7921029187218848,-1506.654272894149,-1506.654272894149,0.4057950099268838,2.899017743861658
1085,-0.7749465644064276,-0.7901352462374991,-1152.250570421074,-1152.2505704210744,0.2869264369545634,1.8040759125498196
1086,-0.7818860542163933,-0.7924771261829365,-1505.358356791449,-1505.3588057974646,0.3011403902940899,1.8745908376743614
1087,-0.7858814199385321,-0.7910491357761227,-1503.42034844439,-1503.7989575814483,0.21742086495432758,1.2938706622090619
1088,-0.7893727367251262,-0.7958216266217547,-1504.9850883995111,-1505.0784267828785,0.28696225999399255,1.6804684172642252
1089,-0.7822728135494544,-0.7930091111839174,-1505.3587113484377,-1505.3589625859884,0.30972311894390125,1.9116700968477132
1090,-0.788050736689735,-0.7929824253925161,-1503.1368842897389,-1503.565533889049,0.24518691089238112,1.5011782269710021
1091,-0.7797250021115598,-0.7921138859739902,-1505.810556429177,-1506.3658579252392,0.38886666624860733,2.8354551874262603
1092,-0.7842614788827863,-0.7943947463154831,-1505.357214098883,-1505.3579890837052,0.3161344253448708,1.8662484887643376
1093,-0.7893139122906851,-0.7976804504708469,-1505.3314486257602,-1505.3405664955105,0.33347698286612615,1.7991290929271408
1094,-0.7869616257165406,-0.7966623743405681,-1505.3554290825177,-1505.356876169859,0.339253109105293,1.8910734487218306
1095,-0.7887303814335679,-0.7970996414170989,-1505.330082663037,-1505.3395371749843,0.32241775715940224,1.7354674192501467
1096,-0.7847539560656641,-0.7908295915687411,-1504.5684534153343,-1504.7449663143236,0.2174685189541789,1.2248631585361733
1097,-0.7838659495804282,-0.7899361560754677,-1504.546009045337,-1504.7268007235668,0.2080720661940387,1.173916613610704
1098,-0.7868154932338122,-0.7950438880881568,-1505.3192904416492,-1505.3317914119893,0.28877417898269764,1.571970140934898
1099,-0.7861886024593197,-0.7966834534928808,-1505.3591041286445,-1505.3591318203921,0.3615531699715927,2.177035123751629
1100,-0.7868906485619919,-0.7932389073354676,-1504.8147490470644,-1504.943161200437,0.24635821365891253,1.4130495805370284
1101,-0.7844179148476352,-0.7953215831997654,-1505.3591454908014,-1505.3591483181083,0.3533184060363911,2.2004811711366083
1102,-0.7837046326437158,-0.7915163522468089,-1505.2592508986486,-1505.2878915524218,0.23879763977585944,1.3252052780887067
1103,-0.7817789910531336,-0.7940594432440065,-1505.5194957537528,-1505.6085376651863,0.39361550298375897,2.7108121486465495
1104,-0.7883120516031776,-0.7962614299284133,-1446.9195263897273,-1446.9195263897277,0.3089314148415626,1.741067328808957
1105,-0.7830772457078904,-0.7944219153982034,-1505.3591498891972,-1505.359149961212,0.35104245983299043,2.256164252224041
1106,-0.7822049226547222,-0.7897832510645545,-1505.2080976640975,-1505.2496398744263,0.21916453373942704,1.2187109872119286
1107,-0.7886178649082991,-0.7974328378482831,-1505.3448074610262,-1505.3497875334385,0.3347901433267053,1.8336533205435956
1108,-0.7806798410608413,-0.7926561964706736,-1505.5289678782747,-1505.5289678782747,0.360965316155652,2.4928240118997596
1109,-0.7878643348225259,-0.7982378685856875,-1505.3591101501572,-1505.359134238795,0.38085328054075673,2.2204221787590024
1110,-0.7887650185338209,-0.7972690939813344,-1505.3357109869999,-1505.343491737976,0.32705162084917766,1.7683888455408896
1111,-0.7809884481769137,-0.7928008326609142,-1505.4545228957195,-1505.4545228957195,0.35326237575086156,2.399419885459571
1112,-0.7777761493371731,-0.7906466471725623,-1506.4550481023357,-1506.4550481023357,0.413726724521657,2.9345995758243726
1113,-0.7731225174385851,-0.7902735008423742,-1158.5300140101301,-1158.5300140101322,0.3506523206330578,2.3414616302448463
1114,-0.7863982837016404,-0.796681658842028,-1505.3589265804194,-1505.3590566558264,0.3544163003461413,2.070535293124039
1115,-0.7894604991888364,-0.7977477001661254,-1505.3282408447808,-1505.3383318510148,0.3338889153071583,1.7969528134027306
1116,-0.7878942589136714,-0.7981437589164811,-1505.3590550156573,-1505.3591113843963,0.37616383088658817,2.243203424003566
1117,-0.7865512048053891,-0.7955294761677173,-1505.3472382905893,-1505.351382239625,0.3070072007835457,1.7028275949965546
1118,-0.7891177333328049,-0.7974371524521846,-1505.3285416528936,-1505.3384973303691,0.3285328082341764,1.7612018794269224
1119,-0.7835641627960096,-0.79572762184206,-1430.4894422067655,-1430.4894422067655,0.38359713258080175,2.319556545714676
1120,-0.7866657814230952,-0.7972431952966095,-1505.3591351730106,-1505.3591443054934,0.3712363033834774,2.2747416690283773
1121,-0.7877370748900723,-0.7975687198519733,-1505.3562158909688,-1505.3573979966682,0.35582887041289946,1.9862464961507322
1122,-0.7830123529006158,-0.794825969939005,-1505.4944689121276,-1505.4944689121276,0.37765446959301,2.5497364751988894
1123,-0.7786017882908016,-0.7910000891337223,-1505.7106354898658,-1506.288632241558,0.3707832516930551,2.619141234935329
1124,-0.7844097818221067,-0.789634210940983,-1503.483043050271,-1503.8505478604498,0.2021831563766018,1.1775139742746252
1125,-0.7829047696537584,-0.7903811056102432,-1505.1938400360664,-1505.2388502615013,0.2232992041965697,1.2364353283477252
1126,-0.7858917095611319,-0.7956845865498513,-1424.2390205548772,-1424.2390205548775,0.32010358992343996,1.7719706002732345
1127,-0.7885714003842311,-0.7940784870899258,-1504.112865149854,-1504.3772728254764,0.2600078151478576,1.5694401851622621
1128,-0.7749930732027702,-0.7894638776136361,-1147.1093302804811,-1147.1093302804811,0.25246622265540974,1.5361456022210038
1129,-0.7848714349970743,-0.7963246573504318,-1505.4399275007358,-1505.4399275007358,0.3854146566775642,2.4794499336624165
1130,-0.7880634385649861,-0.7978357738431937,-1505.3559586702302,-1505.357238949036,0.35869304815260006,1.9962308499498016
1131,-0.7813155658862242,-0.7926381799658822,-1505.3591478979197,-1505.3591492299815,0.32717702707079566,2.1018682749401485
1132,-0.788260608287034,-0.7980521057799929,-1505.356139889652,-1505.3573583708996,0.36320215104901626,2.038523673278274
1133,-0.7855707105524731,-0.7931681240291998,-1505.2446190282349,-1505.2770376961853,0.2554342701380403,1.384130353318858
1134,-0.782359394230971,-0.7938129591313449,-1505.3591498994792,-1505.3591499648635,0.3452317781780167,2.229453097073904
1135,-0.786399152753299,-0.789581276116122,-1497.7890619748173,-1498.906438449874,0.2075367231017832,1.3012287728155096
1136,-0.781353365755433,-0.790942168350084,-1505.352139404297,-1505.3546359795264,0.26042478830105376,1.567459268444414
1137,-0.7820209770070385,-0.793637858555995,-1505.35915,-1505.35915,0.35150631048836717,2.3238447573268095
1138,-0.7876580719000783,-0.7927233440866921,-1503.26377997465,-1503.672472164741,0.2397368209961044,1.456587117367797
1139,-0.7693146538610129,-0.7879857863176413,-1044.5595854922328,-1044.559585492233,0.3027227582320942,1.9735393020753869
1140,-0.7875941559837049,-0.7975247210365031,-1505.3566423434381,-1505.3578561477268,0.35694594354790155,2.017234133126416
1141,-0.7863544121674415,-0.792599530791349,-1504.7345123401735,-1504.87884694397,0.23814526986248982,1.3621917674644735
1142,-0.7896768918937832,-0.7991193597188067,-1505.35425086776,-1505.3561726698642,0.37565608257752103,2.0645614274262556
1143,-0.7806060995163271,-0.7914881318750361,-1505.3590463763655,-1505.3591080360595,0.3030471532347926,1.9460884040653759
1144,-0.785159186321206,-0.7959460382069214,-1505.359143198561,-1505.3591474384475,0.3584410738308608,2.225629025071144
1145,-0.7890930116657745,-0.7951313220598937,-1504.7306100719752,-1504.8768785365921,0.27574328596320424,1.6439720038723347
1146,-0.7875795431995689,-0.794941785332294,-1505.221229786706,-1505.259636881055,0.2773219887180995,1.5230419208009474
1147,-0.7842928234020984,-0.7917855740286962,-1505.2071766117397,-1505.248905770609,0.2377198186023211,1.3048754280582557
1148,-0.789263498643129,-0.7979529645534178,-1505.3431175831067,-1505.34865510973,0.34211400799778485,1.864903848839788
1149,-0.7880787282386686,-0.7928854516599927,-1502.921086285964,-1503.3833780582856,0.2442575258703381,1.4995330817019523
1150,-0.784974285343062,-0.7950340011484576,-1505.357043941359,-1505.3578873677614,0.3234479662651028,1.8837669101542907
1151,-0.7850552539843649,-0.7952004040254004,-1505.3573416581748,-1505.3580765698646,0.3278878918278064,1.9142360215892005
1152,-0.7778599523815726,-0.7906886740081098,-1506.7313683354248,-1506.7313683354248,0.40768871866235207,2.9024700130834513
1153,-0.7866869632363327,-0.7962200683784185,-1505.354186738224,-1505.356058800937,0.3286206067372946,1.8297891996484434
1154,-0.774581542065712,-0.7908024601985245,-1230.3221118914973,-1230.3221118914985,0.3756805935206744,2.478615713676455
1155,-0.7849781225461655,-0.7932684318214467,-1505.3171406497331,-1505.3301999524517,0.2659898135703887,1.4676297021831033
1156,-0.7849858884280468,-0.7955487928612213,-1505.3590611517786,-1505.359114041273,0.3448057869677213,2.063552083163147
1157,-0.7867777988096385,-0.7937655227821857,-1505.1090831127326,-1505.174194532117,0.25752553963835745,1.430553481611699
1158,-0.7821002685849288,-0.7939728809248684,-1505.4985749657783,-1505.4985749657783,0.36901313803286917,2.5033331370122944
1159,-0.7820533767282714,-0.7897888418098495,-1505.233743906884,-1505.2689044182173,0.22090541715740283,1.2335556047677643
1160,-0.781778571599133,-0.7939888768146233,-1505.5202059237974,-1505.5202059237974,0.3890395120289024,2.672316100287649
1161,-0.7871348732826096,-0.7916107262738837,-1502.0645391585158,-1502.6526369885737,0.22708018341905564,1.3947470987912198
1162,-0.7862870852109851,-0.7935491492517632,-1505.1815792626858,-1505.2296033917983,0.2572162792621448,1.3935281653875684
1163,-0.777079005310916,-0.7899332538539702,-1507.095250517288,-1507.095250517288,0.40037826854764885,2.849842292083084
1164,-0.784405913511127,-0.7960079103069857,-1505.480284981564,-1505.480284981564,0.3882194185421331,2.5227571324044664
1165,-0.7876926994828333,-0.7922807624817169,-1502.403562521215,-1502.9434952601184,0.23580212190420577,1.451540768634369
1166,-0.7845288013084651,-0.7936510835791357,-1505.3487382857938,-1505.3523693901873,0.28458979199638373,1.647008307291529
1167,-0.7845226684688488,-0.7909027169725646,-1504.7740529778328,-1504.9104618116303,0.2198170400020208,1.2228210037438247
1168,-0.7753484332807675,-0.7889034592858886,-1138.6138613861394,-1138.6138613861394,0.22621312210652875,1.401092532131809
1169,-0.773575532017684,-0.7905348915103779,-1190.9348441926352,-1190.934844192636,0.37273510895432,2.491831195338272
1170,-0.7896295774858073,-0.7969915452087122,-1494.713068473466,-1494.713068473466,0.31232374296837234,1.741256050032886
1171,-0.7820808941262076,-0.7901591183167864,-1505.2777496146466,-1505.3015553025527,0.22819332903498588,1.2813437662772122
1172,-0.7833440612259325,-0.7905178704768168,-1505.1182062811527,-1505.1810895405727,0.2212490106839925,1.2116995849681422
1173,-0.78971458069641,-0.7972672929225669,-1505.2737488963598,-1505.2989977170062,0.31710649668812846,1.7537300680370782
1174,-0.7898183562133686,-0.7971038899852548,-1505.2404496105803,-1505.2743483381983,0.31217973694007195,1.7492385323718331
1175,-0.7872558168816882,-0.7975931788755697,-1505.3590710850265,-1505.359118151167,0.3697164243037733,2.2064623071132026
1176,-0.7779512265411571,-0.7907921007081811,-1506.560108679518,-1506.560108679518,0.4113774652423854,2.927935511716827
1177,-0.7888954060246981,-0.7969871071130037,-1505.3158929096041,-1505.329483940735,0.3166988362932986,1.6943085767415447
1178,-0.774851916201193,-0.7897548047110219,-1149.1957848031068,-1149.1957848031072,0.26880725845469483,1.692626080411257
1179,-0.7692200385624812,-0.7881679266973167,-1051.513004756604,-1051.5130047566042,0.3205931731831149,2.148503581770239
1180,-0.7864071896680095,-0.7944518328510822,-1412.3931623931667,-1412.3931623931667,0.2771922978392801,1.6054195127186133
1181,-0.786410135665351,-0.7953944353510507,-1505.3473153766063,-1505.3514335855,0.3048827506809858,1.6932498210357025
1182,-0.7774873763190054,-0.7920237695784632,-1238.2204689897042,-1238.2204689897042,0.3311390270623741,2.1036069891995295
1183,-0.7827969677242965,-0.7935554370439336,-1505.35888819319,-1505.3590402211487,0.31862746381550366,1.9516033410734253
1184,-0.7894529035609702,-0.7965895492173434,-1503.6496350364932,-1503.6496350364932,0.30228406648529926,1.7097270648299043
1185,-0.7873722891847947,-0.7979620036518481,-1505.3591425384348,-1505.359147182121,0.382502072251407,2.2724875416250567
1186,-0.7820886936953132,-0.7885095874837115,-1504.7647332492622,-1504.9032406393378,0.19703586525104444,1.0959949757748793
1187,-0.7893452993806902,-0.7966588216450587,-1505.2357828418,-1505.270788259691,0.30381277782968047,1.7004637075221396
1188,-0.788505873093065,-0.7940762717597231,-1504.1862365661327,-1504.4370791075917,0.2597463738069995,1.5630918733625156
1189,-0.783370735745308,-0.7937221431148057,-1505.3576781403906,-1505.358274523206,0.3115810221804751,1.8701560711885563
1190,-0.778662162926307,-0.791910305097652,-1225.919439579683,-1225.9194395796853,0.29115879601382616,1.733667912893581
1191,-0.7800766203535053,-0.7920826822639163,-1505.5327577056808,-1505.532757705681,0.3565018658987467,2.4765765162161437
1192,-0.7867156144573829,-0.7926451518868449,-1504.4960589476327,-1504.6865083335292,0.2377182090915203,1.3862597544940891
1193,-0.7896356144773214,-0.7960979235169274,-1505.0091293613912,-1505.0972812900018,0.2916531270023241,1.706903388926623
1194,-0.7788340805792116,-0.7929963646848996,-1276.5251989390022,-1276.5251989390024,0.3495344768102195,2.2041989680160183
1195,-0.7859930651510217,-0.7935281096074546,-1505.2386005772275,-1505.2725628489156,0.2595154682815275,1.3991106979435808
1196,-0.7870732512134034,-0.7956192407045118,-1505.3357509693114,-1505.3434518029715,0.3008356493633335,1.6500708994335938
1197,-0.7796975016036674,-0.7911347810766014,-1505.3591498077876,-1505.359149932304,0.32000307410115403,2.10521584940403
1198,-0.7884155322689248,-0.7973957105027012,-1505.348002097221,-1505.3519597768088,0.33651475068056114,1.8538200774427438
1199,-0.7872750386666056,-0.7953377935627768,-1437.6139899152486,-1437.6139899152486,0.29280190794838834,1.6507542981886887
1200,-0.788401840890087,-0.7983941474472251,-1505.3584139595755,-1505.3588362264693,0.37333057470113096,2.1688566729237873
1201,-0.7774215862053774,-0.7915763666371384,-1235.3217472992035,-1235.321747299204,0.30689264818038414,1.9174446808515135
1202,-0.7816891857099122,-0.7940610554062012,-1505.504503193397,-1506.0258797615716,0.39941105722542275,2.7563090075011156
1203,-0.7870250679139045,-0.7924023667214272,-1503.7535864231265,-1504.079421975622,0.2342329713185268,1.4054296098431562
1204,-0.7860689424316033,-0.7893992879494284,-1498.3549381562395,-1499.4061420316327,0.20363309374823185,1.271307005205842
1205,-0.7732087392391018,-0.7900907949153574,-1140.699928578721,-1140.699928578721,0.330009192223279,2.169047211644186
1206,-0.7847954030191933,-0.7936792577077184,-1505.3436547511685,-1505.3488920640489,0.28000496305923783,1.589040060115582
1207,-0.7727306782400558,-0.7896922179191705,-1123.572170301143,-1123.572170301143,0.31419533150040196,2.07464807674494
1208,-0.78457664371917,-0.7959165670744814,-1505.3836465753798,-1505.3836465753798,0.37625682586898535,2.4875487454220457
1209,-0.7840502425272636,-0.7943227417122447,-1505.3576216553167,-1505.3582440541618,0.3185479773361635,1.894817940541066
1210,-0.7839018847252727,-0.7912533712555772,-1505.1706646383152,-1505.22122960421,0.23117285930993092,1.2645922308913333
1211,-0.7863216631273428,-0.7957829779006269,-1505.3535587709696,-1505.3556372766545,0.3210388278824859,1.7973130738375824
1212,-0.7782297670559135,-0.7926426987940935,-1266.3998221036268,-1266.3998221036268,0.34844891546779383,2.2278592313830656
1213,-0.7886019675802729,-0.7951780507740528,-1471.986768658261,-1471.986768658262,0.2823640225083417,1.655898850673886
1214,-0.7863393136807718,-0.7904058255964086,-1500.950413037165,-1501.687649995365,0.21322816740675518,1.3134395035616264
1215,-0.785549482661215,-0.7944935439933003,-1505.3458947678832,-1505.3504452667792,0.29130634251134313,1.6583663610282051
1216,-0.7812269771679701,-0.7935403459260689,-1505.5106473422431,-1506.0280199477193,0.3928576867927961,2.7381650077488353
1217,-0.7871338270356036,-0.7951802527564772,-1505.3075666775342,-1505.3233800482453,0.28798500724648635,1.5606798910247337
1218,-0.7866788495885771,-0.7936452062722498,-1505.096833648874,-1505.164778258418,0.25520015642338545,1.418346119207755
1219,-0.7829053927136476,-0.7932172820449407,-1505.3574641311518,-1505.3581367702516,0.3025194117481222,1.8282980712180943
1220,-0.7874547465740639,-0.7920812557562796,-1502.4058790816916,-1502.9458337810574,0.23309269460862883,1.4314891089670627
1221,-0.7840184096641544,-0.791955067512993,-1505.2788052874948,-1505.3023263136934,0.24560051277536676,1.3644371169943905
1222,-0.7867649707903676,-0.7971592182568608,-1505.3590801924474,-1505.3591219553393,0.3652808449662911,2.1820568483401046
1223,-0.7893694541673233,-0.7965945539846756,-1505.219999229654,-1505.2589738924903,0.3019539385114183,1.700629512378535
1224,-0.7866272575734832,-0.7931302119842233,-1504.895328300131,-1505.0070899061418,0.24578612141676645,1.3930858483607478
1225,-0.786394797789767,-0.7973266212626969,-1505.359149827073,-1505.3591499390811,0.38328704465944163,2.346041944167004
1226,-0.7817201863258476,-0.7912833294095728,-1505.3514281293926,-1505.3541621350944,0.26281160176651575,1.5708116868783681
1227,-0.7878879524073207,-0.7934557462171445,-1504.0879557948927,-1504.3559199254942,0.24837104077843447,1.4889794448160045
1228,-0.7866781174009742,-0.7922708559920567,-1504.0775696660958,-1504.3457030917925,0.2323574727431547,1.37397383958006
1229,-0.7872793191087625,-0.7943759551207553,-1505.155284467288,-1505.2096576454398,0.2665549216845405,1.4831874543460408
1230,-0.7864681021124124,-0.7958181184536283,-1505.3524774642585,-1505.3549213420004,0.3190054762498029,1.7818568106417967
1231,-0.7820711849803715,-0.7942251029324362,-1505.5249560359441,-1505.5249560359441,0.38660897212416406,2.7052099467556734
1232,-0.7880708734321851,-0.7975518983448908,-1505.3541275113382,-1505.3560475599513,0.34819378162943854,1.9296566875496237
1233,-0.7858667100477301,-0.7959246718318735,-1407.6433121019124,-1407.6433121019127,0.3272397916004936,1.8202062671333896
1234,-0.7879995585571867,-0.7981858956614487,-1505.3590165018888,-1505.3590950835076,0.3752352573684861,2.2233995290934705
1235,-0.7785816392524207,-0.7908482154927916,-1505.532289107669,-1505.5572567830343,0.3599837376324119,2.498698875910069
1236,-0.7879637651834468,-0.7971656549279446,-1505.3510279106927,-1505.3539867870827,0.335908302905489,1.8529253080658399
1237,-0.7799295044289949,-0.7924613540774507,-1505.9286168719805,-1506.2289416988117,0.4012479852440812,2.8495862901729194
1238,-0.7850697837277725,-0.7923839893176731,-1505.1802103779721,-1505.2284364397542,0.24271164038253654,1.320484544259009
1239,-0.7807673188552133,-0.7931237059753199,-1505.8305178587577,-1506.3708916401017,0.3943676587765185,2.7618907982322236
1240,-0.7876005094116932,-0.7967416649620189,-1505.349991973196,-1505.3532802648044,0.3281593388221662,1.808339161449067
1241,-0.7886849048521557,-0.7976606419955219,-1505.3482707856854,-1505.3521498571072,0.3410375326727669,1.8758127282737411
1242,-0.7858990363824278,-0.7891879079773372,-1498.1512817335904,-1499.2242966084655,0.20148483866774608,1.2558700328061665
1243,-0.7803214405604404,-0.792098638053064,-1505.425724195396,-1505.425724195396,0.3439796659422526,2.3328592811204514
1244,-0.7821086176179775,-0.7942498698463992,-1505.5251889898761,-1505.5251889898761,0.3860038669787339,2.696584874267854
1245,-0.7856486210157061,-0.7968475661516587,-1468.84624496565,-1468.84624496565,0.3811992424402753,2.2918157510234263
1246,-0.7867220364718222,-0.7907545930528916,-1500.875600168861,-1501.6245679613505,0.2180244741636838,1.3517833702666933
1247,-0.786409062229458,-0.7953691553958985,-1505.3469015986639,-1505.3511510371113,0.30418576048555945,1.688121670893926
1248,-0.7820601804950708,-0.7942886281486271,-1505.5201288730327,-1505.5201288730327,0.39204232867873523,2.6821991888772003
1249,-0.7828446516589627,-0.7904374518133801,-1505.21722947815,-1505.2565025398526,0.22510729022784395,1.2503821456732156
1250,-0.787205980700849,-0.7940165801747037,-1505.0523046772907,-1505.1303128859863,0.2594532034452904,1.4653239109182947
1251,-0.7873817524861119,-0.7974289585459602,-1505.3579535591523,-1505.358634787948,0.35960076374838296,2.0624375885286113
1252,-0.7744687228037026,-0.7896398699397136,-1135.917312661497,-1135.9173126614974,0.27326863394823936,1.72965225374964
1253,-0.7844239736171281,-0.7900771717979738,-1504.1529192887974,-1504.4053302427662,0.2077003426592272,1.1894990479845027
1254,-0.7837914197667866,-0.7941394492820164,-1505.3577652619074,-1505.358467639872,0.3180307560027119,1.8980916905614325
1255,-0.7834779378799399,-0.7953360410815731,-1505.5191901857481,-1505.5191901857481,0.3900716705592037,2.588587313867647
1256,-0.7878375744815699,-0.7974814872757301,-1505.3552364827801,-1505.3567667527566,0.3500348173968291,1.9474739664980691
1257,-0.781060598091237,-0.7896885762114148,-1304.9467752035096,-1304.9467752035096,0.20560447901979745,1.2204341772736662
1258,-0.7832632284185713,-0.7945134565568317,-1505.3591496427725,-1505.3591498729286,0.34988215640444986,2.2346010166447594
1259,-0.7820854472034625,-0.7946170493722814,-1353.8426085954657,-1353.8426085954657,0.3502541742438172,2.120562722723727
1260,-0.7809197375995428,-0.7933960509183889,-1505.7778367800702,-1506.3085708306028,0.4043735332564965,2.8305420209808845
1261,-0.786628633890484,-0.7940830634856268,-1505.2315846204622,-1505.2673308163855,0.26659030608280465,1.4332619738070085
1262,-0.7819823445115527,-0.7911604117737041,-1505.3428364180206,-1505.3483014676983,0.25387772219125554,1.4629847629082189
1263,-0.7874148912698059,-0.7954140466027521,-1505.304723935001,-1505.3213373682304,0.2903024640541193,1.5703179360778223
1264,-0.781914382605725,-0.7936768548297763,-1505.4385483311069,-1505.4385483311069,0.3595789278163707,2.4145357366977525
1265,-0.7826992756698742,-0.7916555159005075,-1505.339887069245,-1505.3462598160231,0.256678263182365,1.461181553699514
1266,-0.7864145122516272,-0.79205881868237,-1504.1513666547594,-1504.4056551977505,0.2297415810567697,1.3507792985325633
1267,-0.7878256437226346,-0.7977299165500189,-1505.356595379012,-1505.3579544970346,0.360303492386902,2.0386632951757315
1268,-0.7752170862805463,-0.7907205758012826,-1175.8496938990966,-1175.8496938990966,0.3127939483977778,1.998936789073554
1269,-0.7857614390670415,-0.7961041744106073,-1505.3589289172771,-1505.3590576080126,0.34713377318330896,2.036632033383033
1270,-0.7840686405335706,-0.7951710079702249,-1505.359149663982,-1505.359149880533,0.3574202004227627,2.273796028873267
1271,-0.7808824475610865,-0.7929978630091609,-1505.527026786783,-1505.527026786783,0.3748225657162486,2.634903201559611
1272,-0.7860994828400165,-0.7910645590968708,-1503.0305958570866,-1503.472186978758,0.21761301942683117,1.3103510926860242
1273,-0.7886958840108934,-0.7953106881972495,-1505.0229708935888,-1505.1077654387136,0.27866236381686177,1.6184376700022376
1274,-0.7893938522679743,-0.797249978679993,-1505.3001767727565,-1505.3182379620778,0.3182943778511329,1.7326934130180391
1275,-0.7888277231967905,-0.7972592580685702,-1505.3329402202644,-1505.341554979289,0.3263462953870249,1.758001472315326
1276,-0.7890334264781582,-0.79633093415167,-1505.2285597075722,-1505.265329588947,0.2980721695336859,1.666242338365655
1277,-0.7891417334230318,-0.7984571994860723,-1505.3531233827684,-1505.3554140292379,0.3602236259022633,1.9859021652890902
1278,-0.7845656391324343,-0.7956914407763352,-1505.3591499780762,-1505.3591499924546,0.3657022237227639,2.361661800575724
1279,-0.7853428060353123,-0.796390286848209,-1505.3591499658799,-1505.3591499882064,0.3725414948301989,2.406275878220939
1280,-0.7815795757238425,-0.7939691859554487,-1505.6536286457292,-1506.1811167562848,0.40045748655244395,2.770109862062129
1281,-0.7819172197029141,-0.791632884394134,-1505.3536492919534,-1505.3556442206657,0.26963174337323986,1.633539118421957
1282,-0.7815273564301009,-0.7920450143733512,-1505.3581225478836,-1505.3585428261356,0.2952034199973095,1.841947633341541
1283,-0.7883451184486123,-0.7980899539221572,-1505.355919140189,-1505.3572187868085,0.36247039946767273,2.0256405995134035
1284,-0.7863230866773662,-0.7949275354090918,-1505.3366208041155,-1505.3440384656863,0.2920219819949552,1.6087382965244776
1285,-0.7795762410455115,-0.7919392440986889,-1505.8167466992682,-1506.3757376958238,0.3851371692620749,2.805448907832194
1286,-0.7797453170432301,-0.7933346407939158,-1342.9438543247363,-1342.9438543247363,0.36379457419356,2.2688476793707273
1287,-0.7871902157972951,-0.7971522627949865,-1505.3567573680468,-1505.3578251933016,0.3529104321510983,1.987433387967593
1288,-0.7860564362327775,-0.7962189647562566,-1505.3580780917664,-1505.3586860797302,0.3447842885192667,1.9716256692177196
1289,-0.7857388844781548,-0.7924192821645609,-1504.965465996104,-1505.062171794946,0.23738580842219606,1.3229458903905333
1290,-0.7824243777890858,-0.7911005949828214,-1505.326758345074,-1505.3370350468824,0.24603133102224395,1.3913260029211927
1291,-0.7893849834768785,-0.7968330319646357,-1505.2567252410345,-1505.286376836665,0.3078183625628947,1.7094900190255145
1292,-0.7852038542631105,-0.795469397362701,-1505.3584095007848,-1505.358829889603,0.3349742849397257,1.9379630819305151
1293,-0.7814513506604464,-0.7934210965642667,-1505.513245735465,-1505.513245735465,0.36920447604007484,2.541367708763316
1294,-0.7871556304460026,-0.7912568504894636,-1501.0855179996968,-1501.8085439354022,0.2237156470204552,1.389395054637113
1295,-0.7821852372914442,-0.7936910706663253,-1505.3591499881336,-1505.359149995941,0.34707083133796873,2.2600649064484584
1296,-0.7824000461458787,-0.7927423708221142,-1505.3575560502163,-1505.3581917046447,0.297362353747554,1.8140478366978918
1297,-0.7867646658733991,-0.7921398592791685,-1503.7536132126238,-1504.0787420525392,0.23040389808960807,1.3784098123667339
1298,-0.784306673747726,-0.7900853788582856,-1504.2967526179002,-1504.523313635667,0.20785170083081658,1.1863205738903833
1299,-0.7812498376449727,-0.790679006979445,-1505.349246692446,-1505.3526891123965,0.2544628134129834,1.5101803985602245
1300,-0.7896501628987495,-0.7966281084419663,-1505.1760313283096,-1505.2258099075893,0.30195139715829905,1.723494247213786
1301,-0.7881387505364889,-0.7977371993598402,-1465.8821100443956,-1465.8821100443959,0.35652435155272616,1.9482853318233357
1302,-0.7865458725734953,-0.795565786647374,-1505.3479638079332,-1505.3518768322674,0.30828699603626564,1.7112497473090698
1303,-0.7817497822102463,-0.7913146198063616,-1505.3513985677023,-1505.3541426001807,0.26317170020034036,1.5719292120209662
1304,-0.7873210408889199,-0.7975264174512733,-1505.358969357781,-1505.35907500994,0.3657935633844166,2.145110860732674
1305,-0.7852175865513462,-0.7921634649895027,-1505.065757079592,-1505.140535465131,0.23637688912405508,1.2871884939501235
1306,-0.7857667348833342,-0.7945126498696201,-1505.3408621126766,-1505.34697786034,0.2883332246312019,1.6096654988684604
1307,-0.7882994678988389,-0.7944655636853072,-1504.7566166999209,-1504.8973511336021,0.2639142092241769,1.5519280553563952
1308,-0.7766887573643769,-0.789656037976631,-1506.5329498321632,-1507.6151142325073,0.4212420152507803,2.9581034193299223
1309,-0.7866645453319531,-0.7934790802004302,-1505.039309707604,-1505.1201757244958,0.2523660515162403,1.414417351318184
1310,-0.7830035412278663,-0.7940546492418985,-1505.3591311931596,-1505.359142744242,0.33468554823969315,2.071224938631873
1311,-0.7819499609123065,-0.7906378843605111,-1505.3228705848455,-1505.3342690919362,0.24030232835006554,1.3600557078695275
1312,-0.7741224706123352,-0.7890501616151218,-1121.436114044348,-1121.4361140443518,0.2546335624488854,1.5389243424792673
1313,-0.7728999518657875,-0.7886120421038093,-1095.2182083942373,-1095.2182083942373,0.2549725475569825,1.5529255044266852
1314,-0.7857682198807524,-0.7918840988980126,-1504.6305822734084,-1504.7949913934706,0.2291480849934068,1.3063401614272923
1315,-0.7881979167771189,-0.7933106852440401,-1503.4540607937436,-1503.8320956738373,0.2492036603874541,1.5192209834972
1316,-0.783412162431082,-0.7910681419415885,-1505.2315751463725,-1505.2672622858086,0.23237744443954841,1.2866039165550194
1317,-0.7780678886304451,-0.791148849741245,-1205.3388090349085,-1205.338809034909,0.2720500260168963,1.5950961666525847
1318,-0.7897947364918905,-0.7990829895106919,-1505.3532149623109,-1505.355495140518,0.37171383485269516,2.0365282116878944
1319,-0.7844652653371654,-0.7948332523076671,-1352.983317981784,-1352.983317981784,0.3039984008784422,1.6857107214527352
1320,-0.7863846092626807,-0.7925488807487074,-1504.6804265537407,-1504.8353944459525,0.2372472469452031,1.3627901825272812
1321,-0.7862410708996954,-0.7909489394354493,-1502.5230207799198,-1503.04138573521,0.216596155347863,1.3126939382726275
1322,-0.7849398154912491,-0.7952965311525902,-1505.3587751902178,-1505.358990351379,0.3349510493860072,1.9521095971125493
1323,-0.7828253291623074,-0.7946692257443952,-1481.481481481478,-1481.481481481479,0.37820881093831227,2.497109463412039
1324,-0.7875109607387869,-0.7947513557827843,-1505.1952494436462,-1505.2400517872093,0.2738382063698097,1.5141887484645205
1325,-0.7779833570668871,-0.7903739911166302,-1505.6309245569776,-1506.2215011294238,0.3634282378505763,2.5150807810804214
1326,-0.7872354653306947,-0.7977977767529427,-1445.7709429380795,-1445.7709429380834,0.37619048509258696,2.124219597657138
1327,-0.7794359526779192,-0.7917537480754662,-1505.5221394781404,-1506.0881686130774,0.37585433096228543,2.698063364173259
1328,-0.786068384068986,-0.7953498920240689,-1505.351530121221,-1505.3542802181066,0.3096737008758978,1.7322704254467753
1329,-0.7866918170509655,-0.7918399813604164,-1503.3902443908514,-1503.7759755419015,0.22688921473754634,1.366324055534603
1330,-0.7850375466108345,-0.7949034949658715,-1505.3561834113368,-1505.3573369322335,0.31654035717734846,1.8293141679351541
1331,-0.7725778285850495,-0.7887133278834039,-1093.80002134244,-1093.80002134244,0.2635502635183657,1.6169346325120242
1332,-0.7811971762491348,-0.79334432164808,-1505.5256444022332,-1505.5256444022332,0.3801884548240841,2.6763340749477034
1333,-0.7862589670798542,-0.7970782098905047,-1505.3591486332039,-1505.3591495024773,0.3757271014712583,2.363968527619797
1334,-0.7800518085030368,-0.7905262994418394,-1255.9323995832838,-1255.9323995832838,0.22484021147601446,1.355826317573087
1335,-0.7854610289404984,-0.7955860684475663,-1505.3572594324146,-1505.358029184613,0.33357867910928546,1.9274821440728636
1336,-0.7814069628918304,-0.7915501992037514,-1505.356877761959,-1505.3577529550732,0.27928327101699046,1.7601837373623388
1337,-0.7820220196910446,-0.7940944503288296,-1505.5237660008177,-1505.5237660008177,0.38062783784117904,2.641453575183109
1338,-0.7844769115828581,-0.791381256431315,-1505.0341029863325,-1505.1159220639088,0.2281880145226178,1.2446724067675616
1339,-0.7849978048995041,-0.7931760663221388,-1384.0906590384004,-1384.0906590384009,0.25715388228134345,1.506774644390907
1340,-0.785688789563927,-0.7963235114222833,-1505.3591307705863,-1505.35914256422,0.3591431717189799,2.1991665502498505
1341,-0.787750483894921,-0.7981671834816643,-1505.3591192052445,-1505.359137913402,0.38054564676715114,2.22853880601349
1342,-0.7863733867868142,-0.7945052563805483,-1505.3119935230266,-1505.3265360897115,0.2800458874484498,1.5266744127586296
1343,-0.7794439867109384,-0.7918341880943113,-1505.8042735759122,-1506.3634325689704,0.38617448521786985,2.8174315218217947
1344,-0.7840149380488227,-0.7951022761497831,-1505.3591494901357,-1505.359149817562,0.35593337141496245,2.258156542276935
1345,-0.7770506680327612,-0.7899179164433697,-1506.888140879107,-1506.888140879107,0.4029908382253416,2.8734258177696086
1346,-0.7828847456587917,-0.7945271037914944,-1505.4098471593295,-1505.4098471593295,0.36433679973107547,2.422997706200987
1347,-0.7876742797607518,-0.7976898415617213,-1505.3580007253356,-1505.3586549468062,0.3627601581602115,2.082720472201901
1348,-0.7779536317714529,-0.7906214419624495,-1505.8480940145337,-1506.1308315955205,0.390121435936674,2.792070668773484
1349,-0.789713170064992,-0.7968938956449723,-1505.218382860524,-1505.2578166992541,0.3071132231406287,1.7343428411485924
1350,-0.7885806832556642,-0.7968356858232617,-1505.3250596599162,-1505.3359769400865,0.3156904059072436,1.698265901935093
1351,-0.7842250067170373,-0.7937035026092156,-1505.353466363546,-1505.355543245006,0.2923899045512807,1.745079865302791
1352,-0.7821057119511238,-0.7914064465411669,-1285.8013406459588,-1285.8013406459588,0.23616664248592228,1.4427230997930003
1353,-0.789043251180582,-0.7970189428389954,-1505.3082524097886,-1505.3240213396468,0.3154693116666623,1.7022405584610003
1354,-0.787398653986328,-0.794687953390213,-1505.2047272249354,-1505.247200715363,0.27307432837216794,1.5035371252105818
1355,-0.781103444233199,-0.7931724866868901,-1307.511737089199,-1307.5117370892017,0.2986350589080023,1.7763054259456001
1356,-0.7830045352218574,-0.7893638986093084,-1504.7408272044388,-1504.8839848434511,0.20409179263155175,1.140890757059215
1357,-0.7848476114024181,-0.7959219925353423,-1505.359149949891,-1505.3591499826086,0.36726903160040447,2.364849874429786
1358,-0.7825935860255189,-0.7896641206321042,-1505.076626573431,-1505.149045772695,0.21192668015361038,1.162810436530619
1359,-0.7811338888594913,-0.7927219443935138,-1505.3591499989288,-1505.3591499996394,0.33902932326371077,2.2437949324233566
1360,-0.7802750817930221,-0.7913919125500622,-1505.359131591611,-1505.359142917552,0.30942230432819195,2.0087235183137087
1361,-0.7842433244356591,-0.7929907545196347,-1505.3382446470232,-1505.3451271500383,0.26955344119191277,1.5103908681735811
1362,-0.7856192461907561,-0.7956150159917549,-1448.8567990373003,-1448.8567990373049,0.3274703015291839,1.8115783367143479
1363,-0.7863841264873488,-0.7972974949207303,-1505.3591496968154,-1505.3591498923404,0.38115161647113244,2.426560613607201
1364,-0.7876291196814998,-0.7935888216975401,-1489.2418609890772,-1489.2418609890772,0.2522740408942742,1.4885914644867249
1365,-0.7850616823128379,-0.7963728849726853,-1505.3797784158467,-1505.3797784158467,0.3812623865767303,2.4964133645720414
1366,-0.7868591297754541,-0.7937728049211774,-1505.0842845087097,-1505.1550666594367,0.25686897893161653,1.434684408479694
1367,-0.7775612296502241,-0.7904993629992617,-1506.159081392422,-1506.16823154547,0.4182268966053502,2.960694141338847
1368,-0.7849830039094113,-0.794690088342761,-1387.4113475177269,-1387.4113475177292,0.29703937477312936,1.6263859356737849
1369,-0.783047024792791,-0.7949196487956088,-1505.508982569252,-1505.508982569252,0.38158094509984686,2.5962706637800124
1370,-0.786460419707146,-0.7966996779455437,-1505.3588659195107,-1505.3590303525468,0.35405699440724064,2.0554786101504727
1371,-0.7827197326673543,-0.7947818633283301,-1505.5268063026695,-1505.5268063026695,0.3878440867925049,2.6123102843063184
1372,-0.7889153342109644,-0.7977818483308486,-1505.3465652636014,-1505.3509987507655,0.3416487084488833,1.87269856647002
1373,-0.7813335848940709,-0.7884833821406753,-1505.087917226866,-1505.1578681992528,0.20275691055135223,1.1210454220724515
1374,-0.7846892699263489,-0.7906453485179947,-1504.4697444777378,-1504.6647652105412,0.21515485757774713,1.2173991709969625
1375,-0.7737917172000816,-0.7903826849756708,-1171.604248183348,-1171.604248183348,0.3392645831989431,2.2376608968321587
1376,-0.7871247775634849,-0.7943760963973616,-1505.1921365268302,-1505.2376609776165,0.2679400437807807,1.4744654854180093
1377,-0.7874913532413493,-0.7944859948380883,-1505.129149442328,-1505.1896777106554,0.2672833066406355,1.4988891301573064
1378,-0.785012201009868,-0.7911590510770695,-1504.627701691244,-1504.7928742435072,0.22102994253950609,1.245007755976663
1379,-0.7817094685293421,-0.7933606931272262,-1354.2612530808096,-1354.261253080811,0.30493218682416023,1.814001412683234
1380,-0.7807822117141742,-0.7924752265309313,-1505.3732832027029,-1505.3732832027029,0.3423562698313048,2.2924057133626774
1381,-0.7880781405002725,-0.794856517828411,-1505.066212344862,-1505.1411909442802,0.2718366524054245,1.5541894811396857
1382,-0.783366883222222,-0.7888480028809103,-1430.1162476344973,-1430.1162476344973,0.19849409954498287,1.1646070762340746
1383,-0.7873794771501381,-0.7962165374411143,-1505.344209958083,-1505.349331363537,0.31408039021972944,1.723066283621914
1384,-0.7886610469743855,-0.7961030501802407,-1484.187568157034,-1484.1875681570348,0.2992891916367624,1.6642075142249482
1385,-0.7870310783440302,-0.7964713037422357,-1505.3534649134588,-1505.3555886210695,0.3304641215382134,1.8340805304808168
1386,-0.7780616104041349,-0.7905146060326618,-1505.779272240907,-1506.364544214455,0.36905246212439013,2.577179350379679
1387,-0.7792307122924674,-0.7912945891617319,-1505.531066734709,-1505.5310667347092,0.35201648337510527,2.4491277257509965
1388,-0.7851299034529395,-0.7958351846446607,-1505.3591305752982,-1505.3591424873428,0.3538206993651552,2.1686665538877485
1389,-0.7886401792641841,-0.7973508752953014,-1505.3422733308794,-1505.3480453117,0.33183206647067237,1.8122100321417516
1390,-0.7885640919900975,-0.7952504676196821,-1505.0483434984894,-1505.1274413815868,0.2779391552262102,1.6057173880927926
1391,-0.7871893512323879,-0.7963520049577769,-1505.3501258178164,-1505.3533597735104,0.32237813105104796,1.7798987911075257
1392,-0.7880566431556546,-0.7955139402609361,-1505.2445165251572,-1505.277096250908,0.28596379089414165,1.5685137101843263
1393,-0.7842657289633173,-0.7950494206858403,-1505.359121341179,-1505.3591388010648,0.34347226914927703,2.0951530588379668
1394,-0.783618286251472,-0.7915006963126381,-1505.2687097552014,-1505.2948912695153,0.23911967226529615,1.3315936883265542
1395,-0.7820007140063711,-0.7909041296460012,-1505.3337007928444,-1505.341933328373,0.24646427034597912,1.4001643871056717
1396,-0.7817218946915536,-0.7918925328951245,-1505.3568295600508,-1505.3577261029798,0.28325544110014655,1.7827042387733545
1397,-0.7835816411339508,-0.7923137237279524,-1505.3359253011927,-1505.343503058821,0.2609864610763473,1.47772499929285
1398,-0.7832446678598608,-0.7948011487777836,-1505.4168703770797,-1505.4168703770797,0.36783739211760813,2.446237194601952
1399,-0.7756695134921677,-0.7912036078174828,-1271.6470736948545,-1271.6470736948552,0.38012421746306446,2.4933149365727534
1400,-0.7762780560848733,-0.7872715366262836,-1151.4405823849113,-1151.4405823849115,0.1937440846899715,1.2386641348909124
1401,-0.7875851750429003,-0.797857648580462,-1505.3590490756824,-1505.3591088992441,0.37243678527893476,2.212687807999336
1402,-0.777998184340134,-0.7907929360845026,-1506.8749613007794,-1506.8749613007794,0.4047454801262548,2.886939608075563
1403,-0.784598028327952,-0.7950590704780777,-1505.3589114030538,-1505.359050101892,0.33479314569182766,1.9682379737355482
1404,-0.7779423474282745,-0.7908043575514154,-1506.411300886302,-1506.411300886302,0.4145237079107683,2.9432301362758793
1405,-0.7878838886146825,-0.7977767573924864,-1505.3565358733256,-1505.3579272758623,0.36076498680127905,2.0419321220111715
1406,-0.7844604271302523,-0.7930543978960517,-1505.3326027908229,-1505.3411778576444,0.2677584684080597,1.4918009470141795
1407,-0.7796330160245057,-0.7909833863590945,-1505.3591492111232,-1505.3591497162506,0.31588614144429905,2.056834508080924
1408,-0.7803534772735611,-0.7909431976120823,-1505.3582636760043,-1505.3586262220256,0.2860053810487654,1.8752486793150893
1409,-0.7823447772669307,-0.7922460345830954,-1505.3553439520174,-1505.356763879388,0.28052902637274346,1.7193115919802158
1410,-0.7827073571458598,-0.7932094659986222,-1505.3578842071427,-1505.3583995964718,0.30634835832719043,1.8651608648465738
1411,-0.7871898825400796,-0.7917010511477452,-1502.135651683195,-1502.713801465116,0.22794021228375375,1.4006044438470038
1412,-0.7892667650398274,-0.7979037056288347,-1496.5632159966647,-1496.5632159966647,0.3435551322145519,1.8602081718895045
1413,-0.779329612265118,-0.791712646261511,-1505.809215011987,-1506.3715209991683,0.3824907486597878,2.782984828930902
1414,-0.7867682268560534,-0.7910980742296693,-1501.6603903257396,-1502.3038400351113,0.22073710993641243,1.3573554979467066
1415,-0.7869000212361822,-0.7968695759107257,-1505.3567441014718,-1505.3577214060674,0.34848359628565956,1.954387624637263
1416,-0.7815749464857145,-0.7932753182921676,-1325.0668611718988,-1325.0668611718988,0.29548918804335295,1.7437743247348072
1417,-0.7883759382780426,-0.7962429092192457,-1505.2977907296838,-1505.3163758945002,0.300964802781485,1.6182512715703508
1418,-0.7896456350599169,-0.7981114041116277,-1505.3362764662672,-1505.3439773210775,0.34284171206619773,1.8510260578302369
1419,-0.785011347898959,-0.7892173594422895,-1501.2958455997111,-1501.9833185184875,0.198758152440511,1.2022156571045315
1420,-0.7772952921624409,-0.7898691201163481,-1188.505747126439,-1188.505747126439,0.23364719932016043,1.411929172420277
1421,-0.7844060288689941,-0.7935000707627073,-1505.348052927337,-1505.351901479746,0.28208795680760645,1.6297288688105642
1422,-0.7833616626336246,-0.7941373429431697,-1501.2722646310397,-1501.2722646310397,0.3313249974105943,1.993461102919557
1423,-0.7834634905389479,-0.79496702800722,-1505.415340537287,-1505.415340537287,0.36981601865880837,2.456423019158111
1424,-0.7860350737823787,-0.7952203680688684,-1453.4238124614378,-1453.4238124614383,0.30506773404886917,1.6630645977399943
1425,-0.7840890162274047,-0.7946734008939836,-1505.3589945433766,-1505.3590859278013,0.33201938734997066,1.9776083698756652
1426,-0.7889803598102204,-0.7951465921280804,-1504.8056009363265,-1504.9366949822002,0.2760058987822639,1.6354178697946007
1427,-0.7805139027536611,-0.7933747023118712,-1338.1716322892805,-1338.1716322892814,0.33298859459889324,2.035787142814168
1428,-0.7861090114076698,-0.7961540979311116,-1505.3569847553094,-1505.3578646089256,0.33980463123290927,1.918343919004551
1429,-0.785105162006979,-0.7956822486231128,-1505.3590791163801,-1505.3591215184247,0.34721990391736585,2.0864249735419804
1430,-0.7879027191039817,-0.7969017860936142,-1505.3479092787502,-1505.3518790759397,0.3278619044706082,1.802638819534534
1431,-0.7871747754379832,-0.797820720616156,-1505.3591446185676,-1505.3591479836,0.38144562461331877,2.27892151154362
1432,-0.7815468192142672,-0.7923684854019218,-1505.3589262571695,-1505.359056875462,0.3067433389129352,1.9304668273028844
1433,-0.7843465238024183,-0.7934807719385633,-1505.348671437025,-1505.352323720119,0.28271355027176875,1.6383437638113683
1434,-0.778903132079223,-0.7915182523591311,-1237.8145545227835,-1237.8145545227837,0.26815484915127275,1.567506628778901
1435,-0.7850702815872805,-0.7915648912154247,-1504.853489450536,-1504.9737392064583,0.22723573953849166,1.2640090311446215
1436,-0.7894968054541179,-0.7988445207534838,-1505.3536151488765,-1505.3557487570893,0.3680986449847163,2.024548554751931
1437,-0.7847498696414728,-0.7913657223165039,-1504.909834057959,-1505.018387571061,0.22549790683892293,1.2410697769632146
1438,-0.7828786184819969,-0.7917564601284705,-1505.3382972848437,-1505.345150592589,0.2566743728923252,1.4572291105812574
1439,-0.7819563527901918,-0.7936084594583293,-1505.3776409336474,-1505.3776409336474,0.35369549913884263,2.3445890542073027
1440,-0.7835334746979419,-0.7919209709432073,-1505.3175600006605,-1505.3304859788605,0.25074271480705,1.4098245556012972
1441,-0.7805256750275626,-0.7929156771410719,-1505.827508870487,-1506.3695768350535,0.39515353591415153,2.776589671342566
1442,-0.786044093971337,-0.7971413924277597,-1422.454308093994,-1422.4543080939952,0.3693121071444756,2.128980447209092
1443,-0.7815491353025118,-0.7910643296811539,-1505.350895760639,-1505.353802091851,0.259292761765645,1.5503693944023833
1444,-0.7868303564588155,-0.7962052157775557,-1505.3527266692001,-1505.3550949451283,0.32480266291216103,1.8028471707370919
1445,-0.7745224309819936,-0.7904310648093373,-1167.9620034542345,-1167.9620034542347,0.31656004639927,2.039063555874134
1446,-0.7803860519409216,-0.7915493967931729,-1505.3591376247755,-1505.3591452868457,0.312832985241548,2.0046975692893865
1447,-0.7889558405603381,-0.797090759322386,-1505.3185293347162,-1505.331375181654,0.3183540611225903,1.705222783554886
1448,-0.788634602786837,-0.7966051404135543,-1505.30755913901,-1505.3234660729843,0.3078833177052697,1.6513977197406382
1449,-0.7832973741627153,-0.7917935785958542,-1505.322902316556,-1505.3342997264474,0.25123736674126873,1.415081918291993
1450,-0.7861042865476994,-0.7918982716609736,-1504.3451382898238,-1504.5631608905696,0.22820526224752402,1.329516429618743
1451,-0.7745176217275619,-0.7909641764308738,-1200.1742539751756,-1200.1742539751756,0.364599828972848,2.4207360037155556
1452,-0.7778335640259331,-0.7905335716375563,-1198.4135491478194,-1198.4135491478194,0.25168028825265343,1.5063406776499348
1453,-0.7844300621258216,-0.7947631565442655,-1505.3584053033683,-1505.3588276185665,0.3264038563765641,1.9372642267030444
1454,-0.7820432590657678,-0.792678566145282,-1371.1001642036197,-1371.10016420362,0.2763939945847345,1.5919729492750665
1455,-0.7897467271761722,-0.7980873934471597,-1505.331554166274,-1505.3406941964245,0.34098509031421925,1.8337707351797758
1456,-0.7850499249461657,-0.7940872625492951,-1505.3475243086993,-1505.3515522283114,0.28800532203827334,1.6560215581332787
1457,-0.7819827165931303,-0.7930788150837466,-1505.3591200119845,-1505.3591382917984,0.3237891429248107,2.009655709326088
1458,-0.784007719858322,-0.7948429151473991,-1505.3591256083523,-1505.3591405142727,0.34171960968090337,2.0926654439274164
1459,-0.7855843663048044,-0.7951607507242188,-1505.3543536163804,-1505.3561505227276,0.3138048266534865,1.7738514401396954
1460,-0.7870491905033686,-0.7955590111851308,-1505.3342125475035,-1505.3423733468064,0.29933355959686625,1.6409256242160635
1461,-0.7792576757353562,-0.7909065143021222,-1505.3591499999939,-1505.359149999998,0.3267369135835544,2.1708506467133284
1462,-0.7827195485186061,-0.7937997311458274,-1505.3591232276833,-1505.3591395732753,0.3309100543748391,2.042530145026179
1463,-0.7862856101425246,-0.7928698885295857,-1504.9293727203597,-1505.03388383791,0.24271453081759298,1.3620293240409127
1464,-0.7725755809386781,-0.7899096752189315,-1138.1501022935322,-1138.1501022935322,0.3389930018976151,2.2660303825278705
1465,-0.7867046918900196,-0.7931147084543165,-1504.846388528011,-1504.9682849179226,0.2447873576152479,1.3961211226192325
1466,-0.7887709631668606,-0.7962916358884242,-1505.2606714626684,-1505.2891990944697,0.2991696329223067,1.6462416020135495
1467,-0.7831762967101168,-0.7946960002396061,-1505.3797812342814,-1505.3797812342814,0.36373456600036047,2.400601465540568
1468,-0.7880264588517931,-0.7928244376221085,-1502.8971538517278,-1503.3630628960555,0.24349497875382056,1.4940396487838399
1469,-0.7815669955561757,-0.7932189228273204,-1360.4357645808395,-1360.4357645808416,0.30452662652213447,1.8165238377600674
1470,-0.7832815057552975,-0.7895776762601586,-1504.703332884724,-1504.8538731053118,0.20596232586643703,1.1538361240889925
1471,-0.7852227484237654,-0.7945030982776622,-1505.3517168057176,-1505.3543904601418,0.2980812091893853,1.687405653825404
1472,-0.7870385331444095,-0.7970126065618526,-1478.0308258569146,-1478.0308258569155,0.3525520689675642,1.953557669171111
1473,-0.7886188022185385,-0.7984142249916085,-1505.3561475091856,-1505.3578065798786,0.36870810931106146,2.087976073802148
1474,-0.7870299494554883,-0.7914041247942377,-1501.815209876504,-1502.438055246391,0.22437659638283733,1.381913560552747
1475,-0.7869068969695601,-0.7960696859876502,-1505.3501004195973,-1505.353335666628,0.3179071022791803,1.7709179498070495
1476,-0.7789492165499697,-0.7932924656031668,-1288.2695051026074,-1288.2695051026074,0.3655675242454055,2.3272856515612226
1477,-0.7835630259787895,-0.7918411635438914,-1505.3102061269906,-1505.3252025782847,0.24815390181020322,1.3929871821805082
1478,-0.7876903881643327,-0.7973800109988372,-1505.3554945383885,-1505.3569312662826,0.3495540078242904,1.9468264037764913
1479,-0.7883469092114298,-0.795071326871111,-1505.0559841777308,-1505.133299194993,0.2749167827100724,1.5818924792545008
1480,-0.7832255488930726,-0.7942788437096647,-1505.3591395551261,-1505.3591460303583,0.33871282211946874,2.10811621328482
1481,-0.7782825648102926,-0.7906016777073305,-1505.5297878129372,-1505.8605453170096,0.36091794344368805,2.5013538765522694
1482,-0.7883114517952455,-0.7966380746568111,-1505.328078200935,-1505.3381003843672,0.3124994398301191,1.6886555188130716
1483,-0.784844488647459,-0.7946209974105295,-1505.355708121932,-1505.3570262128233,0.3106420919871536,1.7952934104102753
1484,-0.7857293259079497,-0.7933550197439905,-1505.2507773937023,-1505.281641083504,0.25799600452963656,1.397613593451365
1485,-0.7858828437216274,-0.7970382283421185,-1452.7027027027061,-1452.7027027027061,0.37840731044911274,2.174559510776595
1486,-0.7885989606523186,-0.7955203931096576,-1505.1293687005557,-1505.1899947910058,0.28334395200131013,1.616515113331298
1487,-0.785134246607679,-0.7908055281390896,-1504.1756884539186,-1504.4243237615756,0.21496703004800843,1.24096016472131
1488,-0.7827429665864644,-0.7945536558621275,-1505.4773211810432,-1505.4773211810432,0.37210228108133875,2.4995204486190383
1489,-0.7857745902446708,-0.7930769261600668,-1505.183715296236,-1505.2311748360783,0.25096707300902554,1.3458383313651496
1490,-0.7846600487007294,-0.7927299131430836,-1426.7015706806308,-1426.7015706806314,0.25179628833152995,1.380879704057697
1491,-0.7780865614086121,-0.7908661406395959,-1506.9038958719118,-1506.9038958719118,0.40494508843309174,2.8856976851751615
1492,-0.7859012530682475,-0.7937879560013926,-1496.2042788129738,-1496.2042788129759,0.2683466880859857,1.4571619092339496
1493,-0.7835967325277078,-0.7951057728449267,-1505.4255558313928,-1505.4255558313928,0.3718984594335877,2.4781348874082854
1494,-0.7872588913083771,-0.7959720532788003,-1505.341210998998,-1505.347258417883,0.30802838314016184,1.696424089909751
1495,-0.7848594254457967,-0.7896749204550587,-1502.7389207826773,-1503.2230251149886,0.20253097710448198,1.2036071446552246
1496,-0.7834295713917682,-0.7916392170462935,-1505.3038691672473,-1505.3206240722366,0.24537947599793442,1.374573664874429
1497,-0.7859317893614861,-0.7970472179378979,-1505.3591499990125,-1505.3591499996676,0.38354756833529885,2.393466588289034
1498,-0.7767446653231865,-0.792104607748455,-1256.2926501845852,-1256.2926501845857,0.37376511458708483,2.4312555312231914
1499,-0.7791621885324276,-0.7925853316802101,-1297.7676882330716,-1297.7676882330716,0.32173841879253856,2.004508746470013
1500,-0.7807792188402507,-0.7931083841314375,-1289.8891501511598,-1289.8891501511598,0.30052512598683756,1.7881465838727102
1501,-0.7841084191811553,-0.7943682083217067,-1505.3575966395613,-1505.3582288305251,0.3193265027123286,1.8948523190296311
1502,-0.7847109135830498,-0.7898515095065207,-1503.351486314677,-1503.7405216514383,0.20403573564790137,1.1945797197273098
1503,-0.7825542378547253,-0.7923399052566882,-1380.815936689862,-1380.8159366898644,0.2597127147950949,1.4576326452949924
1504,-0.7849402767277807,-0.7938789353746736,-1505.3451632872184,-1505.3499331145358,0.28344769601573155,1.615035497645535
1505,-0.7821099058324363,-0.793227264399425,-1505.3591255385422,-1505.359140502724,0.32587058143133085,2.025516144811931
1506,-0.7866445029476306,-0.7961193134238617,-1505.353679482149,-1505.3557233435174,0.3258587529819912,1.812760244246208
1507,-0.7739286237067216,-0.7901541447435692,-1147.9671415202272,-1147.9671415202272,0.3131761457120839,2.055989205973365
1508,-0.7880906659479747,-0.7929841861396247,-1503.0776993745299,-1503.5156842362335,0.2453402416736104,1.5036932352477907
1509,-0.7885888513233698,-0.7942219972371104,-1504.27979645348,-1504.513349727428,0.2615363163423158,1.5727009117251742
1510,-0.7883274742432056,-0.7960804022500889,-1505.2862893025838,-1505.3079926551384,0.2976176477334505,1.6079310052607925
1511,-0.778550220237054,-0.7906767045602534,-1505.5235128572733,-1505.5235128572733,0.34962782443094115,2.394335164911947
1512,-0.7811999071494932,-0.788761455779809,-1272.6720032424832,-1272.6720032424832,0.20028811520262454,1.2511423805692714
1513,-0.7834836278358719,-0.7951551425670987,-1342.2470978441202,-1342.2470978441206,0.3324900303707416,1.9472479278570158
1514,-0.7755240171370698,-0.7905498795911297,-1170.2688455456052,-1170.2688455456055,0.29466967513574693,1.8383440313823491
1515,-0.7838366787437328,-0.7954062472341964,-1505.455972250212,-1505.455972250212,0.37763392842589416,2.5237386551510546
1516,-0.7882931936557313,-0.7947040553725617,-1504.9090522179072,-1505.0183410584457,0.2682550404820947,1.5571285321295467
1517,-0.7873173700278812,-0.797552223917758,-1505.3590034610934,-1505.3590896212359,0.36700000715237857,2.1618910640249425
1518,-0.7845539760584304,-0.7960826506323647,-1505.4598591149233,-1505.4598591149233,0.38575024489254806,2.4963675703824073
1519,-0.7813438182824765,-0.7920602530519961,-1505.3588234831966,-1505.3590122523958,0.30161899041232854,1.9031494570082301
1520,-0.7859118012104049,-0.7915830932683434,-1504.2042842713531,-1504.447876251916,0.22365239542598164,1.3048492812179968
1521,-0.7829797011813318,-0.7895172594545478,-1504.849462082668,-1504.9706470517956,0.20671735271379751,1.1463868172952867
1522,-0.7889006031088698,-0.7985538239040249,-1505.3554651260927,-1505.356939882955,0.36915588069348887,2.0584976622141276
1523,-0.7869860219442818,-0.7977055879007262,-1505.359147396671,-1505.3591490397014,0.3820499149711756,2.2968438870761587
1524,-0.7814900976064584,-0.7936254136255388,-1505.5240842142941,-1505.5240842142941,0.3804223776857076,2.6715113530405405
1525,-0.7804796089133137,-0.791246235038556,-1505.3589320984245,-1505.359059489791,0.2971849625945164,1.9056273573375244
1526,-0.7867581761239106,-0.7923926990145523,-1504.1377982130723,-1504.39522136392,0.23388518927474475,1.3823278486862955
1527,-0.7859686270901529,-0.7937108101154001,-1505.2709960669195,-1505.2966198005358,0.264786663905646,1.4338494688591827
1528,-0.7830271237728982,-0.7917558217798506,-1505.3335093696778,-1505.3417971741499,0.25452361856602,1.4406878921201274
1529,-0.7778064831592439,-0.7904610974938727,-1505.6121685731703,-1506.1812135539217,0.38736725788243676,2.7546244904482085
1530,-0.7852900796343727,-0.7943246544517569,-1416.4576615311175,-1416.4576615311175,0.2846819539667221,1.535902224076126
1531,-0.7819133766918481,-0.7939718267928672,-1314.4922773578737,-1314.492277357875,0.31470241640768665,1.8553602898583992
1532,-0.7782478492122857,-0.7906217441040747,-1505.5411038637105,-1506.127044025139,0.36478094262366406,2.5388745458352755
1533,-0.7862386997948765,-0.7919282389269868,-1504.2102087238977,-1504.453453949095,0.22851091407088195,1.3384483718575488
1534,-0.7826729850074459,-0.7946391619619746,-1360.6633964027073,-1360.663396402711,0.33487491132795005,1.9923043668852887
1535,-0.7728089194005962,-0.7901851162638147,-1144.3697821217688,-1144.3697821217688,0.3505455232897569,2.3421478912248697
1536,-0.7781150061766022,-0.7905375240899648,-1505.7708646208787,-1506.3574982345708,0.36703559876002734,2.5592067680082398
1537,-0.7850433192803956,-0.7950174372656226,-1505.3566959471023,-1505.357666430708,0.32108144079665984,1.8614853231679982
1538,-0.7860195117395018,-0.7966785872120765,-1505.3591393182408,-1505.3591459335364,0.3645446245356378,2.2509238856384934
1539,-0.7875629724146114,-0.7964868988015786,-1505.345885520815,-1505.3504878972765,0.3196726198522019,1.7542851435138838
1540,-0.7893894581159258,-0.7985642512944783,-1505.3519083862714,-1505.3546156169768,0.35971711372024623,1.9777850907351797
1541,-0.7803161860366545,-0.7919408107393188,-1505.3591499997965,-1505.359149999932,0.3333919696042943,2.225880642639411
1542,-0.7874685699136529,-0.7977553734692643,-1505.3590521315493,-1505.3591102073876,0.3706699487652919,2.2063414757544373
1543,-0.7848890215133829,-0.7959503559027483,-1483.3527659023189,-1483.3527659023205,0.3674388356695729,2.2620238441499265
1544,-0.7849323331150128,-0.7940026387825246,-1505.3481324939798,-1505.3519645008505,0.2875673415602955,1.659621018065409
1545,-0.7771818846779058,-0.790082609900026,-1506.4085345580713,-1506.4085345580713,0.4117316593889358,2.9162496802383724
1546,-0.7858721593431265,-0.7931544751373105,-1505.1794948582935,-1505.2279798343845,0.2517819134608053,1.3499303356704568
1547,-0.7855040620897698,-0.7970374319557768,-1427.1739130434764,-1427.173913043478,0.3797449640788676,2.2214458373408053
1548,-0.7868403256219113,-0.7975785838263731,-1505.359147560441,-1505.359149101651,0.380892954972558,2.3817297426660473
1549,-0.7875601240394026,-0.7933950992446855,-1504.3914146269663,-1504.6031390561063,0.24686869209371107,1.4627188205197434
1550,-0.7790473557365114,-0.7914243218093111,-1505.7010871380942,-1506.272069544715,0.3747323587515901,2.6765120347668168
1551,-0.7857465133270932,-0.7947212396825624,-1505.3468533263049,-1505.351103985073,0.29524518657714904,1.6825021776625149
1552,-0.7865309701153772,-0.7968156372208474,-1505.3589622111963,-1505.3590720432298,0.35692549270427587,2.0926366489729715
1553,-0.7824532804379211,-0.7936481247894466,-1505.359138648057,-1505.3591456795568,0.3319510063112726,2.076064482212995
1554,-0.7894923850032135,-0.7987245414618195,-1505.352578903022,-1505.355063268877,0.36356713622526293,1.9986796600599475
1555,-0.7898661588438034,-0.7970604370352249,-1505.225511454201,-1505.263202665806,0.31084844847472626,1.7529370464507226
1556,-0.7849233224266994,-0.7961496293459206,-1505.359149999989,-1505.3591499999964,0.3750287578889018,2.458863502424666
1557,-0.7853470781738481,-0.7909472218734508,-1504.1047465255622,-1504.366015063654,0.21614881748604164,1.256570089477507
1558,-0.7898773645617161,-0.7986095761807164,-1505.3448051786372,-1505.3498710462964,0.3549664604508809,1.9328052477107645
1559,-0.7863251529362254,-0.7967478154285392,-1505.359071656269,-1505.359118430308,0.36015439675734706,2.1481538951410837
1560,-0.7876632402542094,-0.7920289946510667,-1501.8905498982735,-1502.5047379483924,0.23332413434949645,1.445528357653496
1561,-0.7875507479928178,-0.7938969408252854,-1504.8337205472878,-1504.9585062509902,0.25574262997382446,1.4775403693606697
1562,-0.78389375452486,-0.7954570355631186,-1505.4554737378758,-1505.4554737378758,0.3785678871701284,2.5265314465280517
1563,-0.7875203501754777,-0.7963664497090804,-1505.3443955551343,-1505.3494634772164,0.31670346146306433,1.7346687405250758
1564,-0.7682801792355919,-0.7869859785433296,-1006.2012402480502,-1006.2012402480509,0.2711331103912699,1.6451602491906718
1565,-0.7833463802269752,-0.7950677151323937,-1505.4893028689103,-1505.4893028689103,0.3791690402512018,2.5515241058295643
1566,-0.7895221750744891,-0.7987903887835794,-1505.3529947749164,-1505.3553406732412,0.36608621638616057,2.0116968364616055
1567,-0.7848686587984289,-0.7896103056197927,-1401.8691588784986,-1401.869158878499,0.2102177515697948,1.2993731599995169
1568,-0.7881275251908278,-0.7935990540532882,-1503.9974495519614,-1504.2822746763786,0.25237250487471713,1.5211135848738193
1569,-0.7790183964706789,-0.7913835537956612,-1505.618408486683,-1506.1900876082761,0.37309993354008486,2.660614747018393
1570,-0.7860950748590846,-0.7931091133976955,-1505.1038512335422,-1505.1700687457032,0.24817620651853337,1.360390770559138
1571,-0.7822857733534336,-0.7891677704882115,-1505.0053900178252,-1505.0936536616543,0.2062019421967771,1.1252743881822633
1572,-0.782647704339435,-0.7947192506378669,-1505.525538986074,-1505.525538986074,0.3861808585360979,2.6695503170171215
1573,-0.784364569431319,-0.7957238683792477,-1505.3872030696868,-1505.3872030696868,0.37482199055311544,2.4765880596731504
1574,-0.7767184369791367,-0.7874195157275734,-1161.4556637621838,-1161.4556637621838,0.1935743721730688,1.2340642971467364
1575,-0.7870242840216581,-0.7909565106886945,-1500.6083432226656,-1501.3932052716527,0.22088486039769414,1.3730416086025694
1576,-0.7871174263647629,-0.7972600689285801,-1505.3587228015908,-1505.3589689924997,0.35995015437146927,2.0835461312514214
1577,-0.7894604235693515,-0.7961144175621875,-1505.073069965903,-1505.1468811543107,0.2923229656544184,1.6940130583349007
1578,-0.7865075270589423,-0.7940671065143711,-1505.248265247302,-1505.2797839004904,0.2666922435236621,1.434598029270164
1579,-0.7841377546464047,-0.7901560664920446,-1504.5068073598745,-1504.694935672872,0.20981843211774123,1.1862125781633845
1580,-0.7851789071273692,-0.7959467981700118,-1402.2462108821271,-1402.2462108821285,0.33775910153324135,1.9303260770636237
1581,-0.789363618091919,-0.7976644811085492,-1505.328503140973,-1505.3385031520738,0.3325324185108414,1.7898094403604927
1582,-0.7891229888355453,-0.7975311171029796,-1505.3328562005604,-1505.341531257573,0.33139551516689836,1.7915800418029972
1583,-0.7877758481731294,-0.7926899118979874,-1503.0488136655197,-1503.4909492645654,0.24043885958810898,1.470345729376819
1584,-0.7861285222211065,-0.7916098105353797,-1458.79602571596,-1458.79602571596,0.22830696526462713,1.365091922621727
1585,-0.7899116753815943,-0.7983534268432962,-1505.3362920417953,-1505.344015956354,0.3465172726182486,1.8703364686079529
1586,-0.786358729035298,-0.7946640615455727,-1505.3234007615745,-1505.3347059568812,0.28405492167091,1.5562562421643669
1587,-0.7835800652214368,-0.7927638619034736,-1505.348459463786,-1505.352166562084,0.2742648626248118,1.5953887005319805
1588,-0.7879010751954361,-0.7981772117297254,-1505.359069973145,-1505.3591176482257,0.3776317961416363,2.2573474587155804
1589,-0.7856032342876531,-0.7952716856805849,-1505.3550472481738,-1505.3566060677008,0.3171843742012357,1.8000336438749303
1590,-0.7849560252324719,-0.7901438612710486,-1503.4416429060914,-1503.8162198600771,0.20741856893702945,1.215334401523576
1591,-0.7695911657359329,-0.7885180944451756,-1068.9099335079582,-1068.9099335079586,0.33713583261980756,2.2802158412930478
1592,-0.7864250434840581,-0.7951910634794618,-1505.342212545807,-1505.347928874411,0.29797304298003174,1.662806231523383
1593,-0.7815504904720267,-0.793418531317952,-1505.4811186462266,-1505.4811186462266,0.36217123311663546,2.471903624247245
1594,-0.7866286341421707,-0.7950578379777423,-1505.3297256717922,-1505.339202106628,0.29135857799290776,1.5967562809977534
1595,-0.7841261124619462,-0.7948278176578359,-1505.3590833018636,-1505.3591232697381,0.3378450262306608,2.038414278109467
1596,-0.7862645051503154,-0.797014994125579,-1505.3591469510732,-1505.3591488727538,0.3727598262423912,2.3293360564529815
1597,-0.7888894285456832,-0.7966147445842212,-1505.2861355394743,-1505.3079478592877,0.3062367554436306,1.6662048917067331
1598,-0.7819041034603323,-0.7939506437107202,-1505.5226610393631,-1505.5226610393631,0.3778010862184718,2.6228879758334056
1599,-0.7836665618313323,-0.793324034241699,-1505.3546029824413,-1505.3562902760905,0.29052977993840656,1.7585780485785927
1600,-0.7801063025820018,-0.7917008651929727,-1505.3591499983752,-1505.3591499994518,0.3306180902297046,2.201501380558716
1601,-0.7847475778638044,-0.7962434382289713,-1505.4550858321793,-1505.4550858321793,0.3871298214476718,2.492938494796892
1602,-0.786179576985749,-0.7904256959012278,-1501.419554200786,-1502.0935212145332,0.21239083493202388,1.301675119676223
1603,-0.7879940166633264,-0.7971493228173218,-1505.3504150795648,-1505.3535763268108,0.3351204561125216,1.8455393702109755
1604,-0.7860619447257144,-0.7956090783546881,-1505.3541999111303,-1505.3560572411031,0.3200661030402786,1.7959849065675626
1605,-0.7830188617670384,-0.7901448363090502,-1505.1017501642746,-1505.1684364315588,0.21735351409267753,1.1905521151571838
1606,-0.7850157494255668,-0.7913912475276741,-1504.7827053043754,-1504.9173539962085,0.2246237144947904,1.2582672800475512
1607,-0.7879584235848233,-0.7936702315033684,-1504.2943953106364,-1504.5244202339577,0.2520737192552087,1.503894552253994
1608,-0.7834833630006445,-0.7891810743236571,-1504.196405294875,-1504.440878898872,0.19944336108266456,1.1397853621852385
1609,-0.7854099220520188,-0.7956237281637808,-1505.3579648382927,-1505.3586341649066,0.3359009382715464,1.9328652540165372
1610,-0.7862595683629139,-0.7958527616173561,-1505.3545999633861,-1505.3563236374634,0.32455362753524863,1.822544014617207
1611,-0.7877346460995519,-0.7978980541050271,-1505.358965502833,-1505.359073279902,0.3701867409114778,2.173487303385854
1612,-0.7860188676839979,-0.7957283439153406,-1505.3553663901516,-1505.3568206204368,0.3253833750681306,1.8314401369841973
1613,-0.7826784274080846,-0.7941231901601783,-1505.3591498982319,-1505.3591499644174,0.34796865072355837,2.243477880250449
1614,-0.7878081195025566,-0.7981135504812461,-1505.3590799038086,-1505.3591217904373,0.37688754209681186,2.2595414242179483
1615,-0.7856358470268874,-0.7918841891028763,-1504.7204887979246,-1504.86736150438,0.2296051070984728,1.2993620693982764
1616,-0.7840505792970162,-0.794527325703812,-1505.3588012829557,-1505.3590019944795,0.32639785953433015,1.9578578092802548
1617,-0.7839810998560203,-0.7941514962057632,-1505.3572781325583,-1505.3580271882067,0.31335779309961864,1.8591347924026107
1618,-0.7857318940281032,-0.7926939350882796,-1505.0813581950706,-1505.1526204167355,0.24277646329763805,1.3286328847933708
1619,-0.7839505537798492,-0.7915581282973598,-1505.2265944166152,-1505.2635188764832,0.23677727293764558,1.3056808267500277
1620,-0.787008558724192,-0.7920848530976825,-1503.254456371162,-1503.6628757279825,0.23029029011124066,1.3934892760994073
1621,-0.7853781731989998,-0.7930907899980202,-1505.2605644036546,-1505.2888874747946,0.25594971154443275,1.3914360786376587
1622,-0.7872513817356966,-0.7935189717491669,-1504.7710095369023,-1504.9085427710718,0.2501479519958221,1.4451513829432725
1623,-0.7832004755629021,-0.7898427658757784,-1504.9064727749862,-1505.0157895785644,0.21039878021843422,1.1609160028931778
1624,-0.7855122614571991,-0.7923810933016534,-1505.0419136136736,-1505.1219416485642,0.23837874691624217,1.306818225695655
1625,-0.7892414546852196,-0.7972520753188711,-1505.3109696201402,-1505.3260027577635,0.3200360402009196,1.7275419921536923
1626,-0.7836977462943143,-0.7953912240175063,-1505.4910303626416,-1505.4910303626416,0.38300242647394,2.586201172363903
1627,-0.7823464174990011,-0.792826978166767,-1351.6959959194048,-1351.6959959194055,0.26997476388236347,1.5312672700620569
1628,-0.7821124614713482,-0.7939892322285292,-1505.4986211967494,-1505.4986211967494,0.3692382771917784,2.509393571290271
1629,-0.7777422233842107,-0.790275969058069,-1505.7707177531147,-1506.355958944744,0.37189079226166816,2.594702904094082
1630,-0.7859989878958622,-0.7906612118622458,-1502.4215558991305,-1502.954682901467,0.21335489322377751,1.29217714225272
1631,-0.7814320796350318,-0.7888630559545129,-1505.1620328374554,-1505.2147427087305,0.20889672619278202,1.1611658051705818
1632,-0.7816609423364534,-0.7899008557969054,-1505.28856932865,-1505.309488482318,0.2270841318953215,1.279052706012999
1633,-0.7777432433275511,-0.7906567956464182,-1506.2144717504123,-1506.2144717504123,0.4179932335093731,2.9610256314808336
1634,-0.7878202378603144,-0.7976549732932011,-1505.356243160261,-1505.3574168931555,0.35768438519436424,1.9993189644845755
1635,-0.7858387256314641,-0.7958209335810912,-1499.868662989232,-1499.868662989232,0.3351810912146561,1.906176472011673
1636,-0.7846605077274343,-0.7917505069783255,-1505.1070640104722,-1505.1724733569472,0.2334337650074219,1.2642820121233134
1637,-0.7873192623465263,-0.7966063125076546,-1505.351862733617,-1505.3545293041125,0.32908022324968295,1.8195677835037523
1638,-0.7898097350857901,-0.7975172239812255,-1505.2895664494554,-1505.3105987818988,0.3234661773242787,1.77685275135756
1639,-0.7876677122844772,-0.7928187998907916,-1503.4087908033432,-1503.7939533231618,0.24120676031488117,1.461927175755114
1640,-0.7894705172102116,-0.7963524389298705,-1505.145481214123,-1505.2025186600372,0.2964296765975583,1.701016644230318
1641,-0.7882021628689374,-0.793444793855968,-1503.6847084476206,-1504.0240188175965,0.251437051157301,1.5277412874465497
1642,-0.78773400627818,-0.795985333440496,-1505.3228595581468,-1505.334372872554,0.3012639368091231,1.6378838999958396
1643,-0.7896157786015227,-0.7976533329569522,-1505.3141923225799,-1505.328369030041,0.3292884377947193,1.7800587171296613
1644,-0.780338230268874,-0.7928618210998861,-1505.903720395248,-1506.2429623821502,0.4038769368183985,2.8510641202719804
1645,-0.7886632538331064,-0.7941596278727103,-1504.116107927059,-1504.3800428189645,0.2611459895777338,1.5781201794349944
1646,-0.7832527394970284,-0.7940625352388865,-1505.3590602261472,-1505.359113710705,0.32848069122856066,1.9883671386297586
1647,-0.7819979193764774,-0.7906115971967931,-1283.6480514262764,-1283.6480514262764,0.22385710444814305,1.3851326037031306
1648,-0.7833037868254651,-0.7909949464749926,-1505.2381928966968,-1505.2722141900952,0.23189757580359605,1.2867445831999043
1649,-0.7875090518382958,-0.7945097611050584,-1505.1315587919235,-1505.1915286400722,0.2679019932596207,1.5020585810378686
1650,-0.785405264617081,-0.7934405202679341,-1505.2988755124184,-1505.3170272225493,0.26420920377289947,1.4478815453963327
1651,-0.7835098618421069,-0.7947647734884254,-1505.3591499232575,-1505.359149973249,0.3546719339009552,2.279789742608278
1652,-0.7870872194221374,-0.7951959521550094,-1505.312151806772,-1505.3266828594683,0.2891468049402999,1.5685140187040345
1653,-0.7818776218589562,-0.7925063744213143,-1505.3585473763646,-1505.3588898571477,0.30271481360391256,1.8829936115651298
1654,-0.787709700844447,-0.7954201005641819,-1505.2781097032516,-1505.3019214112103,0.2871530316166173,1.54513435255928
1655,-0.7828737032095442,-0.7910751553087885,-1505.2987594856577,-1505.3169149727803,0.23960587823712778,1.342768784336823
1656,-0.7827668301286703,-0.7924090757521065,-1505.3535611009418,-1505.3555914866042,0.2773597918029403,1.670626641973766
1657,-0.7847615687733066,-0.7946172561419579,-1505.3561155420932,-1505.3572895056984,0.31228312651132617,1.8126782133252484
1658,-0.7828693281109339,-0.7938015463044524,-1505.359081527615,-1505.3591225721982,0.3269831140381052,1.9930286493244298
1659,-0.7863232539885464,-0.7906709596950117,-1501.6693641085312,-1502.310101867083,0.21519275555229828,1.3177883111496416
1660,-0.7839766027694468,-0.7904622124060745,-1504.8334165773758,-1504.957829000805,0.21623237486131186,1.1982286866895153
1661,-0.7811633957806889,-0.7942865465984159,-1332.426920462267,-1332.4269204622688,0.35601138879510624,2.1938402437032245
1662,-0.7847358630094735,-0.7955273132610903,-1505.3591383814828,-1505.3591455674398,0.35256582753927457,2.1733805012087606
1663,-0.7825455106435728,-0.789887447535488,-1505.158228691563,-1505.2117971852826,0.217133049985787,1.200777707116374
1664,-0.7860217593482948,-0.7952256833980857,-1505.3506144592184,-1505.353663008793,0.30648227572501013,1.7117724286694083
1665,-0.7886439635016623,-0.7985074561533836,-1505.357368848051,-1505.3583734057886,0.3726867831259864,2.133634377988051
1666,-0.7859380789676177,-0.7925610681040961,-1504.940967048806,-1505.0429354858643,0.23882146659839718,1.338540616951829
1667,-0.7818056589940762,-0.7894651430254943,-1505.2144380055256,-1505.2544251931056,0.2164879047581771,1.2082512321612775
1668,-0.768573408691608,-0.787606299749671,-1028.2671036460513,-1028.2671036460513,0.30077051901085855,1.9412124342039798
1669,-0.787796538052314,-0.7961354451490595,-1505.3280345453777,-1505.33804611665,0.30429347302823356,1.6597302925302635
1670,-0.7834950369881305,-0.7940395743179983,-1405.842462180486,-1405.842462180486,0.30446983515221443,1.7333418740786863
1671,-0.7838528906860238,-0.7893841526286773,-1503.983618697683,-1504.265874207655,0.2002003746736491,1.1525699926332809
1672,-0.7873813664095942,-0.7979568753568357,-1505.35914127367,-1505.3591466916207,0.38231412238000867,2.2681598355199117
1673,-0.7862919536721957,-0.7949462493994678,-1505.3383952017887,-1505.3452761100837,0.29280039842284716,1.6177053053628467
1674,-0.7890414326626947,-0.7954345069585881,-1504.9374857610635,-1505.0410157424599,0.280734538891215,1.6490091204592723
1675,-0.7866696352152593,-0.7935781660499108,-1505.0750960953535,-1505.147969471701,0.25434881710849944,1.416914073982336
1676,-0.7711251177790578,-0.7872527500639896,-1045.4358552631556,-1045.4358552631556,0.231109381688377,1.4751668201787884
1677,-0.7855826284692821,-0.790810484252922,-1503.5436710247434,-1503.9015419617615,0.21416631090719274,1.2644925694381919
1678,-0.7881337765049822,-0.7945905307497466,-1504.9227840440863,-1505.0291034158256,0.26581049517624056,1.539167810789493
1679,-0.781217963705108,-0.7931189889916228,-1505.4914733462708,-1505.4914733462708,0.3613913561430301,2.481560028478995
1680,-0.7865561175869773,-0.7937520646310606,-1505.171125840193,-1505.2216735533564,0.2592045260129182,1.4156603246744337
1681,-0.7825542296119662,-0.794782422025476,-1505.5231640341935,-1505.5231640341935,0.39562109323872624,2.680675003793038
1682,-0.782159430898265,-0.7942445208158466,-1505.524511375901,-1505.524511375901,0.38306506982586674,2.6581273004985926
1683,-0.77103535728709,-0.7888634128115632,-1080.3184520810241,-1080.3184520810241,0.30690353523685865,2.040464671833948
1684,-0.7872900824615146,-0.7975718928836244,-1505.3590368327298,-1505.3591037780832,0.36822904817377244,2.1810527949547325
1685,-0.7853448834359422,-0.796085420657765,-1395.3732912723488,-1395.3732912723488,0.3398804501315031,1.9371462760092473
1686,-0.7872401378759837,-0.793411988585305,-1504.7043251462044,-1504.8551725625866,0.24830460433888402,1.441958607652192
1687,-0.7844472129490973,-0.7957112145695143,-1505.3591499999977,-1505.359149999999,0.3711322856168211,2.432097367067282
1688,-0.7883615865718836,-0.7964362678937118,-1505.3141890949203,-1505.328204332233,0.30588434889317584,1.6411593512825475
1689,-0.7899284629049884,-0.7969467449911566,-1505.19048159614,-1505.2368516293557,0.30763639963658895,1.7502375323515789
1690,-0.7790866831341762,-0.7915397308090201,-1505.7640774200775,-1506.3244092361288,0.38774668106243915,2.8171105255655
1691,-0.788262248252604,-0.7971725046614998,-1505.3464063726763,-1505.3508683369068,0.3309641966104089,1.8229328013320538
1692,-0.7836380919199472,-0.7909760418791485,-1505.1645884802565,-1505.2166051729973,0.22738749703609465,1.2471971736958358
1693,-0.7867974524539814,-0.7968661629858981,-1505.3573484924118,-1505.3583655812392,0.3510115787399278,1.9973587146747702
1694,-0.783739960815338,-0.7957677806254239,-1378.8942518648566,-1378.8942518648566,0.3594601724808144,2.1491553231596687
1695,-0.7884269726024982,-0.7964129046214384,-1505.3078584531556,-1505.323660367692,0.3046927961605902,1.6309563564086405
1696,-0.7860215308508937,-0.789649967528994,-1499.5032759557268,-1500.4203504462264,0.2055750334638023,1.275865797654926
1697,-0.7897496974262886,-0.7973925340606338,-1505.2833795135625,-1505.3060674530645,0.31977665304695135,1.7630784941668165
1698,-0.7881566444415518,-0.7958129423337881,-1505.2739355551992,-1505.298908362756,0.2921974753315306,1.5838203086630671
1699,-0.7821993115911423,-0.7937730007500179,-1505.359149999848,-1505.3591499999493,0.3505670554914768,2.3025497156558754
1700,-0.7829239833548635,-0.7904529441444778,-1505.2053479032088,-1505.247548186216,0.22462764491969678,1.244610292575575
1701,-0.7889471776561546,-0.7978263632352774,-1505.3469198993294,-1505.3512413263825,0.3427856315388856,1.8791642577047931
1702,-0.7882399055793534,-0.7931736203011016,-1503.1748473933392,-1503.5976913685456,0.24780811688278015,1.5190788405195224
1703,-0.7812459936477267,-0.7917436726844247,-1505.3579649165185,-1505.358443487203,0.29073801370269886,1.813510312920179
1704,-0.7857744304408337,-0.7963967580394463,-1505.359129755941,-1505.3591421613617,0.35947818852010294,2.2005562742385365
1705,-0.788870900479128,-0.7957926223131178,-1505.137342593139,-1505.196149121649,0.2874280587831023,1.6437788927224446
1706,-0.7816611956383637,-0.7935751356972276,-1505.5098462369544,-1505.5098462369544,0.367168639427497,2.5058759231120105
1707,-0.7829956587106127,-0.7952124924191318,-1367.0601461495255,-1367.0601461495255,0.3532055095408965,2.1227276959696946
1708,-0.7864242846126196,-0.7927670087731616,-1504.8016627224074,-1504.9325879614216,0.24044249629687806,1.3695591729883536
1709,-0.7843091049782301,-0.7938359435529639,-1391.6596562913146,-1391.6596562913146,0.2808375082630863,1.5388741458109838
1710,-0.7885125175280515,-0.7953724423654673,-1505.1089644917793,-1505.1742957052832,0.2802170423197655,1.6041281627316328
1711,-0.7862843734734717,-0.7918422984674791,-1504.0420556009578,-1504.3157077966935,0.22667648365408957,1.3361194502418188
1712,-0.7897736261537918,-0.7975288327813378,-1505.2936300676631,-1505.3135514875385,0.3240530153462995,1.7761380783565777
1713,-0.7889781622279407,-0.7980493132043034,-1505.3502443464963,-1505.3534910003305,0.3493622022142889,1.9258201090812888
1714,-0.7829817819745686,-0.7946029207238525,-1505.4130857056798,-1505.4130857056798,0.365662233177821,2.4306636067542278
1715,-0.7836438462900446,-0.7925825182652199,-1505.3429798571465,-1505.3484080800688,0.26801825073684843,1.5271189661849018
1716,-0.783697596017455,-0.7897426050769745,-1504.5239940500703,-1504.7089506741986,0.20597625535389333,1.1632260694418028
1717,-0.7701815968377569,-0.7888944425177844,-1092.9477103636198,-1092.94771036362,0.3545515165348553,2.4215662240282874
1718,-0.7813159516807422,-0.788867118766704,-1281.2991094814085,-1281.299109481409,0.19983096434446243,1.2405902598929788
1719,-0.7804326383476803,-0.7921762027995988,-1505.3993117482173,-1505.3993117482173,0.3419443409975395,2.305869724239445
1720,-0.7819926249319895,-0.7936746987913218,-1505.3938103027158,-1505.3938103027158,0.35559258024372187,2.363176938624112
1721,-0.7853613398483988,-0.7941440428260438,-1505.3415695620865,-1505.347459020012,0.2841070455602064,1.5940767721331417
1722,-0.7854448140548327,-0.7911784600980052,-1504.279074357932,-1504.5088198394023,0.21953476667812477,1.267924190891316
1723,-0.779598993366309,-0.7902700319654883,-1232.2073507541986,-1232.2073507541986,0.2275872527836567,1.3964804325178264
1724,-0.788544706090383,-0.7951825342474885,-1479.6351294017866,-1479.6351294017866,0.2811897184378257,1.6383816021111317
1725,-0.7825025173470993,-0.794756186776182,-1505.5215983644828,-1505.5215983644828,0.39642942641207884,2.690184972177508
1726,-0.7868869519898597,-0.7924587766520025,-1504.048552779546,-1504.3223187466854,0.2346356298268035,1.3928618104799588
1727,-0.7859002361062312,-0.7961620437343992,-1505.3588154641493,-1505.359008022905,0.3464388412707192,2.00858573981217
1728,-0.7771675467000501,-0.7915015179566832,-1239.1930835734922,-1239.1930835734925,0.3130303809152755,1.9718711453851308
1729,-0.7830974288553534,-0.7942791357877005,-1505.3591468468271,-1505.359148834074,0.34251695195686116,2.155999505928016
1730,-0.7857697024542503,-0.7928449373075901,-1505.11892185964,-1505.1816254433334,0.24608192710001942,1.3357372414700228
1731,-0.787752761583794,-0.7934623638723038,-1504.2493703456234,-1504.4880056927857,0.2481468833199997,1.4796719677252632
1732,-0.7806114292143487,-0.7928888240111809,-1505.5162021184663,-1506.0416643055712,0.38559352541236314,2.775797363504525
1733,-0.7774414961481229,-0.7900873687147272,-1505.6672305654886,-1506.2451738900147,0.38111496107874254,2.6749097391981196
1734,-0.7862565306215163,-0.7915670718842711,-1503.6637633820258,-1504.0029530260945,0.2234929594222464,1.3307199939866396
1735,-0.7880479030285198,-0.7973489062440817,-1505.3522966118799,-1505.3548359742515,0.34083085968320626,1.8814520906529735
1736,-0.784391297836285,-0.7956075851400071,-1505.3591499992983,-1505.3591499997642,0.3682429965163138,2.3948022800172484
1737,-0.7798052546761338,-0.7905446858495018,-1239.0528705806012,-1239.0528705806028,0.23074700401097514,1.4040195135533018
1738,-0.7882836742467738,-0.7954016407833788,-1505.1762074475503,-1505.2256997232616,0.2824653490799154,1.5862496718614763
1739,-0.779734931387017,-0.7910421436009404,-1505.3591483504247,-1505.3591493988552,0.31461159125486277,2.046460940712853
1740,-0.7859597936685823,-0.7970047344879643,-1505.3591499791642,-1505.3591499928348,0.3807568731118765,2.3676959477499357
1741,-0.7873223506239542,-0.7957102115867755,-1505.329120341941,-1505.3387979555623,0.29949794375151223,1.6359447642358662
1742,-0.777016132301075,-0.7909051659479479,-1214.2942512250518,-1214.2942512250518,0.2802833692028504,1.7139599409669386
1743,-0.7832842492168073,-0.7949868077509975,-1474.8299319727944,-1474.8299319727944,0.3750095981135492,2.410565090506125
1744,-0.7838281592248396,-0.7930090939058698,-1505.3488976085455,-1505.3524657925577,0.2775875435522408,1.6138244713355363
1745,-0.7871897753267095,-0.797832115777992,-1505.3591444589147,-1505.3591479224415,0.38119786982269444,2.27827816611321
1746,-0.7850249330998024,-0.7917508735243268,-1504.969758709814,-1505.065590187759,0.23042183882987538,1.2644224070018009
1747,-0.7819924415212111,-0.7927860456354608,-1505.3588490046227,-1505.3590232719423,0.3100288955278326,1.926466208940909
1748,-0.7840181000277722,-0.7928761506064047,-1505.3416088490224,-1505.3474625590488,0.2704995510519492,1.529719478182436
1749,-0.789098530584757,-0.7958714700103193,-1505.0985299359163,-1505.1664100086348,0.28782675369798566,1.6617291641269496
1750,-0.7893143403554451,-0.7981970184194597,-1505.3476089186124,-1505.3517216938628,0.34950859481312146,1.9122436045985434
1751,-0.7890133554732552,-0.7963045926626471,-1505.226971678191,-1505.2641369591818,0.29770966276949706,1.6641424975425883
1752,-0.7817763628558705,-0.7949598888083046,-1328.3751678545636,-1328.3751678545636,0.3702470112942714,2.287106805490156
1753,-0.7858475251951963,-0.796329668004652,-1505.3590836322096,-1505.3591233851582,0.3555468685869706,2.133223959533214
1754,-0.7832174019661688,-0.7923929388879328,-1505.3473960797908,-1505.3514393986939,0.2695508929367136,1.563843795263156
1755,-0.7841305720376583,-0.7927161530665109,-1505.3307657184728,-1505.33988552896,0.2634703206405147,1.4690007589207035
1756,-0.7864812621667898,-0.7905323317419224,-1500.923434991929,-1501.6649565608077,0.21528498932084517,1.3287988121638235
1757,-0.7834061817908392,-0.7952760588227923,-1470.1601164483263,-1470.1601164483266,0.3834785451392685,2.477680950164802
1758,-0.7847919959636995,-0.7948997915849291,-1505.357212831164,-1505.3579923828052,0.32295886487843706,1.8885150242019098
1759,-0.7746844828559009,-0.7898846332223912,-1153.4547099400686,-1153.4547099400688,0.2783078122648234,1.7455170842988401
1760,-0.7826182663667877,-0.793804282233995,-1505.3591373641384,-1505.3591451771294,0.3333168898032795,2.0774448482253187
1761,-0.7864314088165307,-0.7961728302697448,-1505.3556432756384,-1505.3570060564186,0.33270053099373664,1.8622520651599144
1762,-0.7680717216080102,-0.7876515320389038,-1040.5405405405402,-1040.5405405405402,0.3369131002211209,2.2635011631907003
1763,-0.782075925878459,-0.7917426010147688,-1505.352968194489,-1505.3551926663008,0.26989098933818545,1.6224898010098758
1764,-0.7877180755489008,-0.7979916606363169,-1463.4900990099038,-1463.4900990099038,0.3754014409403601,2.0896301676200206
1765,-0.7818025685870877,-0.7922863302086598,-1505.3580868306065,-1505.3585216174995,0.2967315435051089,1.8466796246332047
1766,-0.7866172366384002,-0.7963381572389336,-1505.3555110660368,-1505.3569236354406,0.3350704671995388,1.8694230593460222
1767,-0.788877233742109,-0.7978126957098453,-1505.3478986020996,-1505.3519038961663,0.3434831190740454,1.8857068864380813
1768,-0.7895217225056516,-0.7959451622994257,-1504.9843467514913,-1505.0778976939437,0.28945140702949573,1.6959010990249954
1769,-0.7851074080685393,-0.7961017438253808,-1505.359149791062,-1505.3591499261956,0.3674745357028366,2.348197759280848
1770,-0.7813896818015678,-0.7937163028781573,-1505.508990711183,-1506.0134273420756,0.3948551063287507,2.742265254347949
1771,-0.7880914031534316,-0.79740015662222,-1488.748475778739,-1488.748475778739,0.3467137823096443,1.9001758809774987
1772,-0.7859458851873454,-0.7947052833748643,-1505.3413818195606,-1505.347342447839,0.29130968414362096,1.6261242598321626
1773,-0.786670353110589,-0.7946696790281299,-1505.302480826277,-1505.3196758424021,0.2807394351718024,1.5221741449347392
1774,-0.7838562529953074,-0.793561651439515,-1505.3551114517072,-1505.3566258198111,0.29508752629023655,1.7292531516951455
1775,-0.7885747299802925,-0.7947469679015328,-1504.7809096630951,-1504.9168577635387,0.2692424634402547,1.5839487820779388
1776,-0.7822190982417779,-0.7900912452293187,-1305.708427754404,-1305.7084277544043,0.21322481516378675,1.3051438428280955
1777,-0.7842454858598167,-0.7909659189022286,-1504.9536887478603,-1505.0529703083143,0.22191886860407478,1.218133030225305
1778,-0.7843918440108196,-0.790288468347964,-1504.406654816311,-1504.6133278529096,0.21091592426898978,1.1974396029925802
1779,-0.7882628893577218,-0.7963751813156668,-1505.3163064600144,-1505.3297174765148,0.3053523188149171,1.6514471736482983
1780,-0.7822467250490521,-0.7940331525496053,-1505.4569178381116,-1505.4569178381118,0.36406976169372335,2.457290335641069
1781,-0.7825433969462854,-0.7945454357382816,-1505.5185176525433,-1505.5185176525433,0.3804426201845262,2.6090534488790063
1782,-0.781848952695461,-0.7911831237791173,-1505.346855203645,-1505.3510654305019,0.2572180084995941,1.503166750392979
1783,-0.7850990365393665,-0.79484540233391,-1505.3555380175742,-1505.356919081013,0.31273887846148823,1.7990542961008484
1784,-0.7886740165735412,-0.794662041448916,-1504.657147497769,-1504.8178822532625,0.2686604047506371,1.5910703236147319
1785,-0.784634242303531,-0.7961418071136215,-1369.29877436207,-1369.29877436207,0.35318783362890765,2.0682630988394823
1786,-0.7751783940083462,-0.786870736563802,-1126.1816687217452,-1126.1816687217456,0.19212682237987197,1.2408442706307756
1787,-0.7870714086384222,-0.7942514328330614,-1505.1746583868287,-1505.2243985791572,0.2655577410391932,1.4649057859968968
1788,-0.7839538488392561,-0.7948836494550295,-1505.3591402235647,-1505.3591462882657,0.3454028832398467,2.139015597889452
1789,-0.7874707724608747,-0.7967622120936934,-1505.3519294393575,-1505.3545771710144,0.3309841144651141,1.8312908944225859
1790,-0.7835976563715091,-0.7953248228046229,-1505.4965327879734,-1505.4965327879734,0.3832100234329231,2.5957258209343275
1791,-0.7851444911867513,-0.7913574917556888,-1504.6798907530103,-1504.834941339558,0.22356562056469945,1.2562464048442767
1792,-0.785117426754825,-0.7944097608866804,-1505.3517877977738,-1505.3544366446818,0.2971629804730197,1.6855260888135197
1793,-0.7815764934947402,-0.793652908157707,-1505.5241885398468,-1505.5241885398468,0.3781206608498228,2.6360318615780396
1794,-0.7837327580075969,-0.7956716344915797,-1427.0019531250055,-1427.0019531250057,0.3726020861451742,2.198967894446851
1795,-0.7730578910801189,-0.7903545836460242,-1159.587888982338,-1159.587888982338,0.3595471228870139,2.406779950351892
1796,-0.7800537811917634,-0.7923458137585994,-1505.6353002041974,-1506.1907563956088,0.3831085800627371,2.764626100801557
1797,-0.7886088469961582,-0.79646552184187,-1505.2976697139416,-1505.316311343971,0.30437955844000997,1.6410058380916495
1798,-0.7849971239928617,-0.7948831973488163,-1505.3562782350018,-1505.3573976354003,0.3167986745766475,1.8330462276552597
1799,-0.782204982108425,-0.7908432692975051,-1505.323178768976,-1505.3344900483305,0.24211819475556018,1.3708758717257534
1800,-0.7865524257402868,-0.7956447931629866,-1505.3491297612413,-1505.3526694158809,0.3106649375434691,1.7273924430120426
1801,-0.7898540645663381,-0.7974059214160102,-1505.2748483316527,-1505.2998295643265,0.3199268641071864,1.7698687396681199
1802,-0.7807896753713641,-0.7917625999689082,-1505.3590821840787,-1505.3591229013466,0.3076314108834256,1.9709009503560775
1803,-0.7871612025088546,-0.7977994607744183,-1505.3591437276018,-1505.3591476412703,0.3804310105000522,2.3588946455425406
1804,-0.7803758744358151,-0.791832701859758,-1245.6817719975652,-1245.6817719975652,0.2596336718797649,1.5451255494088305
1805,-0.7866348509816453,-0.7909309769096668,-1501.5622721470058,-1502.2188022550285,0.21874815311181292,1.3449777394382658
1806,-0.7882898645024731,-0.7976102683496572,-1505.3527273704094,-1505.3551289789073,0.3457969001590196,1.9113323086881937
1807,-0.7869095473240771,-0.79263633208124,-1504.2608980647308,-1504.4960163450482,0.23709607035002375,1.3975970933987354
1808,-0.7809230354436815,-0.7929014349727939,-1505.526796688986,-1505.5267966889862,0.3635120294691929,2.5098669724140628
1809,-0.7844800757948341,-0.7943721476136838,-1505.356258903327,-1505.357378777016,0.310225892594807,1.8080170669465379
1810,-0.7843373799612644,-0.7908480593193354,-1504.8479905030497,-1504.9694017768588,0.22021865603534801,1.2181478344065748
1811,-0.7860517425329953,-0.7904284611626599,-1501.7444571836293,-1502.373780494512,0.21196472819846285,1.2934590546519873
1812,-0.7860162100946398,-0.7942942540853483,-1505.3206910514166,-1505.3327601876265,0.27894900561392144,1.529704123755986
1813,-0.7892812383842908,-0.7968839367998479,-1505.2758501489848,-1505.3004692366042,0.3097777246712929,1.7027931347051906
1814,-0.7839565019244384,-0.7940933586536503,-1418.4860766113436,-1418.4860766113438,0.2999715593074089,1.6864911648333183
1815,-0.7890677452691134,-0.7986951698442556,-1505.3553269255651,-1505.3568546733545,0.37131132675349204,2.0675532416323557
1816,-0.7827028421227435,-0.790906461250595,-1505.296932792079,-1505.3155861215505,0.23714528650330233,1.3319731810125308
1817,-0.7820171560305432,-0.7937639226282304,-1505.4315816216204,-1505.4315816216204,0.3594763836527297,2.4095654059444747
1818,-0.779032231399587,-0.7914493551141972,-1505.794751783369,-1506.35942703484,0.382636892028493,2.7662711639159596
1819,-0.7815017504555823,-0.7935436342546047,-1505.5223940597652,-1505.5223940597652,0.37483979471192985,2.6042431797221535
1820,-0.7818663253909659,-0.7931104644710458,-1505.3591444154872,-1505.3591479111535,0.3295393528069763,2.0841576273703297
1821,-0.7855167339946477,-0.796193159805554,-1505.3591359406753,-1505.3591446081487,0.3585968560907869,2.2080963322432865
1822,-0.7878023086524247,-0.7980854447285678,-1505.3590698286469,-1505.3591175977847,0.37594807809674957,2.248880207732586
1823,-0.7830046259377776,-0.7944065708511293,-1505.3591499698618,-1505.3591499896006,0.35271213477416213,2.2792520676578687
1824,-0.7876509782034111,-0.7977581511908385,-1505.3588581650727,-1505.3590268414378,0.36643967329883537,2.131131425323409
1825,-0.7801786396278615,-0.792706300897482,-1505.8939863893613,-1506.241112907608,0.40299133372699325,2.8491291249463675
1826,-0.7853014357475453,-0.7939229310139518,-1505.3358162241118,-1505.34344584736,0.2785310748343734,1.5465628085867995
1827,-0.7893749598663276,-0.7976745854391805,-1505.3284779642477,-1505.3384865753656,0.33265876318799104,1.7904196915827073
1828,-0.786209270987235,-0.7948178079720156,-1505.336617305454,-1505.344032841685,0.29082628406768146,1.6019348145158503
1829,-0.7849314902810306,-0.7953315279330616,-1505.3588647158108,-1505.3590297317442,0.33683801258751467,1.9719827388416116
1830,-0.7885303682610347,-0.7984669984399969,-1505.3580476815696,-1505.358675584973,0.37327076264551107,2.1562582107401487
1831,-0.7833680552311915,-0.7925690380651327,-1317.8528347406525,-1317.8528347406527,0.25447650053042126,1.5317049779849303
1832,-0.7866916012869586,-0.7920870396500533,-1503.7868228752827,-1504.1060865449228,0.22970146589969875,1.371991351659345
1833,-0.7828160581176524,-0.7905845486110542,-1505.2465795184803,-1505.278476508251,0.22882696743330977,1.2728188908109503
1834,-0.7873919156274253,-0.7956832259677262,-1505.3242342841706,-1505.335337925869,0.2977669899285243,1.6223108721405313
1835,-0.7839687118204056,-0.7949693577179396,-1343.5270132517842,-1343.5270132517846,0.31632692419600356,1.801285300224451
1836,-0.7850408714561771,-0.7946107669381585,-1505.3544026979985,-1505.3561734653788,0.30549621238892916,1.7502481060238446
1837,-0.7814430116160842,-0.7906967473328738,-1276.957399341334,-1276.9573993413346,0.22438672644402474,1.3651188687661753
1838,-0.7883649842367815,-0.793661644362279,-1503.7971026783898,-1504.1173352537767,0.25479403128753936,1.5477048910288165
1839,-0.78391330673758,-0.7954112069695092,-1505.4339161960527,-1505.4339161960527,0.3761026386876883,2.492259196442291
1840,-0.7829835355657648,-0.7941886873296969,-1505.3591467143658,-1505.3591487841395,0.34131132554202354,2.1501695851876486
1841,-0.7829836105710524,-0.7916314755779468,-1505.329159975251,-1505.338738858401,0.2515115000556273,1.423121699424913
1842,-0.7827391279820135,-0.790228158854215,-1505.1954849389615,-1505.2401007587077,0.2221142836155487,1.2303189098207585
1843,-0.7808504084904956,-0.7930784796214317,-1505.5263352289269,-1505.7101178545297,0.38400165181777574,2.738323731262984
1844,-0.7893544121434901,-0.7970209790099241,-1505.2828437785581,-1505.3056100803649,0.3124954234486049,1.7151871908280876
1845,-0.7862756102738807,-0.7951814737116681,-1505.345935483334,-1505.3504868549464,0.30069935986877566,1.668102334120729
1846,-0.7878979719361513,-0.7935797744727382,-1504.253080611561,-1504.4907795529994,0.2508513275068976,1.4982927833593909
1847,-0.7857059596793956,-0.7961368204102149,-1505.3590273212674,-1505.3590997883516,0.3503952155641713,2.0816381031110374
1848,-0.7830869416226528,-0.7907244182030833,-1505.2262279704291,-1505.26325742956,0.22865070414399732,1.267386990725412
1849,-0.7819988852755553,-0.7925111625730521,-1505.3580675321227,-1505.358522218078,0.2993372223657031,1.8554860179487946
1850,-0.7881978253408997,-0.7961127576765633,-1444.9587442141305,-1444.9587442141308,0.30667954332347047,1.7330491895418814
1851,-0.7801319279573623,-0.7917710435727482,-1505.3591499999557,-1505.3591499999852,0.33346315133507354,2.2278015903570187
1852,-0.7896064824839077,-0.7989425169694858,-1505.3535489229434,-1505.3557086189078,0.36985580616848956,2.0308017469420476
1853,-0.7781475086536215,-0.7927587668746754,-1261.826299564154,-1261.8262995641549,0.3578257050851206,2.286081646060404
1854,-0.7880871515958908,-0.7936797539257296,-1504.1521417186475,-1504.4089342132281,0.2532571007747993,1.5183989007902823
1855,-0.7850696285942882,-0.7935225714001359,-1505.327389351061,-1505.3375040105384,0.27119631259477484,1.50040494789173
1856,-0.785170477627287,-0.7955697298004838,-1505.358906167026,-1505.3590477823245,0.34061134645027896,1.9986974397438086
1857,-0.788409472011135,-0.7952722189688438,-1505.1062366411443,-1505.1721753451106,0.27827801138438324,1.5930350228979087
1858,-0.7807388943834835,-0.792026986742425,-1505.3591466790615,-1505.3591487725523,0.32086291035538794,2.0626666779725276
1859,-0.7842316443921705,-0.7938878785557465,-1505.3550167056305,-1505.3565672809527,0.2985290949386622,1.738695631794735
1860,-0.787201338017687,-0.7975741640587267,-1505.3590859140354,-1505.359124308853,0.37053655991394374,2.217681483513299
1861,-0.7779624638366401,-0.7922320573752715,-1277.6893893036374,-1277.6893893036374,0.3398925363762666,2.160347635757341
1862,-0.785516315199617,-0.7928911705061685,-1505.1979212346146,-1505.2419205518274,0.2494669108094672,1.3436042169535107
1863,-0.786987614392946,-0.7965955603290086,-1505.354810470873,-1505.356473371059,0.33578556083939004,1.8698782153605875
1864,-0.7890629463780364,-0.7974709594604003,-1505.3326015915368,-1505.3413444234225,0.3301412073972658,1.7767428612541525
1865,-0.7864104444907539,-0.7960932201952449,-1505.3552550527136,-1505.3567536091089,0.3302929512494232,1.844602744764589
1866,-0.7873806823639095,-0.7971853633462547,-1505.3560205395022,-1505.3572669532928,0.34927361313590305,1.9479913359589056
1867,-0.782819351729796,-0.7915227203466049,-1324.9001331557936,-1324.9001331557936,0.23344703430691452,1.395967617670197
1868,-0.7839610483519728,-0.7901075362154989,-1504.6053010135815,-1504.7748099958887,0.21015473900838863,1.1820518865512317
1869,-0.7852301705103568,-0.7907996474663554,-1504.043097059944,-1504.3155859351882,0.21442236995062516,1.2448355572207521
1870,-0.7879591433706207,-0.7978082627528299,-1490.4968322774291,-1490.4968322774303,0.36384205488607885,2.0117708140220247
1871,-0.7869038620092211,-0.7961244200940223,-1505.3509472852597,-1505.3539058540255,0.3207469627669669,1.772993503726947
1872,-0.7843760569723401,-0.7947188867996224,-1505.3584372444686,-1505.358841708994,0.3262277022805504,1.9371302741047487
1873,-0.7852998700513588,-0.7965225615716925,-1505.3591499999975,-1505.359149999999,0.37865467720881035,2.4703522357364545
1874,-0.7895235759356816,-0.7990722183394361,-1505.354909244021,-1505.3565970948584,0.3770378094175565,2.0986478372130954
1875,-0.7828488169184094,-0.793969117606641,-1505.3591360250052,-1505.3591446511593,0.3343784166134295,2.0802018056703333
1876,-0.7801182469159104,-0.791228228612735,-1250.8361204013436,-1250.8361204013438,0.24154549541919765,1.4404676143427222
1877,-0.7748078110286389,-0.7909454573242598,-1228.823669768553,-1228.823669768553,0.37073545952096154,2.449237557198616
1878,-0.7848492104678303,-0.7953304587131027,-1505.3589669353332,-1505.3590740658374,0.3389757743253925,2.002855594809094
1879,-0.7883346753544485,-0.7953642641234112,-1505.1547219573174,-1505.2093461332538,0.28080997723795514,1.588461869129796
1880,-0.787398615263608,-0.796044166756282,-1505.3392847516523,-1505.34592609218,0.30802794685730567,1.692495548876549
1881,-0.7891145464991627,-0.7956012366653306,-1504.9858853760393,-1505.0789846934172,0.28351329453030755,1.659157826292379
1882,-0.7802803254637563,-0.7927180714269692,-1505.7907590742545,-1506.333427161954,0.39633350208835044,2.800529679402996
1883,-0.7774156864159019,-0.7912912387848983,-1215.4942119323296,-1215.4942119323296,0.2897563424752006,1.7677730274689396
1884,-0.786411605588267,-0.796906664383291,-1505.3591126565454,-1505.3591352930007,0.36471271245835846,2.204473595807686
1885,-0.7859791193756644,-0.790250108291177,-1501.4832023011031,-1502.1477686907938,0.21038934037924953,1.2846775152749719
1886,-0.7888016170930704,-0.798641000355982,-1505.3573018845104,-1505.3583424356666,0.37438909495646466,2.1414297383901264
1887,-0.7853303860240654,-0.7921198192227333,-1505.0076968086767,-1505.0953187219989,0.23493511179218368,1.2897007188079663
1888,-0.7773348073554953,-0.7902233689381213,-1506.5837631493234,-1506.5837631493234,0.4082035065496085,2.90160499738946
1889,-0.7850536566932338,-0.7910870041726691,-1389.7441341968402,-1389.7441341968402,0.22617600930051182,1.3841232406839123
1890,-0.7809437211178492,-0.7942426376827104,-1379.1392781843078,-1379.1392781843078,0.38569662550759815,2.3882471459341335
1891,-0.7894134485579961,-0.7982009836926607,-1505.3458017443086,-1505.3504985383,0.34796471991296535,1.8997953474928433
1892,-0.7750747204507208,-0.7909501261019458,-1186.0318791946297,-1186.0318791946297,0.33608593940526715,2.183426383111194
1893,-0.7880470187610207,-0.7933540490985923,-1503.7508094520288,-1504.0785325966851,0.24904374794040418,1.5075649701140208
1894,-0.7851583762430194,-0.7935053942341399,-1505.32148319954,-1505.3333069315468,0.2691641317579304,1.487506280820915
1895,-0.7867226061122883,-0.7923390703040993,-1504.1120978166898,-1504.374107394582,0.23320742308021805,1.3788460812580572
1896,-0.7846391256005133,-0.794682500880432,-1426.594540193743,-1426.594540193743,0.30868337623860564,1.7276950561196378
1897,-0.7840413431054821,-0.7954682777563705,-1384.667342114154,-1384.667342114154,0.34101818560937325,1.9939402386054692
1898,-0.7880880254075928,-0.7944384522826212,-1485.9482186324437,-1485.9482186324437,0.26658471571188863,1.5517217037774065
1899,-0.7839360259702034,-0.7919181694147112,-1505.2829314013982,-1505.3053610346292,0.24518037659546102,1.365802893380131
1900,-0.7889331637450054,-0.7964195088220708,-1505.2567396786826,-1505.2863124580886,0.30123891460129076,1.6621446679146814
1901,-0.7871497807598478,-0.796401780771861,-1505.351404829995,-1505.3542186014054,0.32509174705845456,1.7980288363238766
1902,-0.7839678868924722,-0.7909171446643634,-1505.0456307894983,-1505.124910349126,0.22272320898926198,1.2145315477022558
1903,-0.7831300825560022,-0.790353798866848,-1505.1326128473802,-1505.1921727040024,0.22074870294486232,1.2099635945804095
1904,-0.787435601296022,-0.7975341971410914,-1505.358589058579,-1505.3589117832853,0.36317517893755763,2.099450285826279
1905,-0.782250203869013,-0.7931302876128219,-1314.2079600861757,-1314.20796008618,0.2741084121336266,1.545508374542709
1906,-0.7830591400418322,-0.7950562177497711,-1505.5273917618322,-1505.5273917618322,0.3915005934112341,2.6214218486654373
1907,-0.7887279036171068,-0.7980667249609945,-1505.35312005915,-1505.3554011342358,0.35451039482417934,1.955560419503464
1908,-0.7879619134181187,-0.7981593506939362,-1505.359022667232,-1505.3590977156855,0.37550370407009875,2.2244618438383057
1909,-0.7883513277491728,-0.7962414244873742,-1505.299637168515,-1505.317711943677,0.3010903495411687,1.617854687847567
1910,-0.7732488608079551,-0.7890205739643239,-1110.8686163247528,-1110.8686163247528,0.2646624875020742,1.6356583796685054
1911,-0.7863891601511961,-0.7971187054687069,-1458.2634931277269,-1458.2634931277269,0.3697825583015917,2.096970387848626
1912,-0.7834180641153068,-0.7959446938020587,-1366.771159874612,-1366.771159874613,0.3765109790604985,2.2736908908888447
1913,-0.7872356251290867,-0.7975811283898202,-1505.3590743020281,-1505.3591194913904,0.3696070981778343,2.20810556049119
1914,-0.7789590330132848,-0.7915110509399543,-1241.4670831887086,-1241.4670831887086,0.2654102407523051,1.556403940037674
1915,-0.7730200121302637,-0.7900751217816357,-1144.8026385785695,-1144.8026385785704,0.3345773539953507,2.2211349441511965
1916,-0.7875966862281666,-0.7949099570435338,-1505.211474579568,-1505.2523024730754,0.2761158889185219,1.5235479622038266
1917,-0.7895348572165485,-0.7970590724452278,-1505.268635175231,-1505.2951999599288,0.3121655720144172,1.7274890616731737
1918,-0.7897016951303042,-0.7979124210302296,-1505.3252577001108,-1505.336257254008,0.3363154046968,1.8025539990527757
1919,-0.7838557545700213,-0.7914689861897699,-1505.227317440028,-1505.2640614710363,0.23604803658957052,1.3020973741909176
1920,-0.7827424517653921,-0.793598087098503,-1505.3590039030944,-1505.359090002541,0.3219057881755317,1.9593274395252438
1921,-0.7864561531142045,-0.7969761618087731,-1505.3591212964943,-1505.3591387818938,0.36671742368695803,2.2236407934355777
1922,-0.7808764982379621,-0.7931517261238509,-1505.5182276456753,-1505.9045970228133,0.38729161254353933,2.7724112308468323
1923,-0.789963794632889,-0.7971364231808717,-1505.2237118314142,-1505.2618798237097,0.31232498541033765,1.7616471504504083
1924,-0.7880748252721806,-0.7958859019584543,-1458.7985114300932,-1458.7985114300936,0.30146560795871713,1.6848583515623208
1925,-0.7857240431985305,-0.7919404304658507,-1504.7015429939404,-1504.8521633414016,0.2301005162464078,1.3055794738643702
1926,-0.7818649597442999,-0.7897641497584484,-1505.2538691790405,-1505.2839096654834,0.2224991170273676,1.2459565410808824
1927,-0.7863163751035342,-0.7927291986017619,-1504.8390324458235,-1504.9623353741003,0.24030816187985843,1.36284184928737
1928,-0.7786383000760244,-0.7923966515742938,-1247.02831208126,-1247.028312081263,0.31544074152710944,1.9486246064692228
1929,-0.7792247942436364,-0.7917683429669502,-1505.8093701994567,-1506.2281992132637,0.3945889435930924,2.8280497529767126
1930,-0.7824582390086545,-0.7945848214653304,-1505.525813775307,-1505.525813775307,0.38755847034945284,2.6924517843667912
1931,-0.7841647160077233,-0.7958714534868874,-1505.5020826139307,-1505.5020826139307,0.3910263017796689,2.557927218930533
1932,-0.7840414849637581,-0.794843785256515,-1447.0757555933592,-1447.0757555933592,0.334019384830378,1.9093754269556942
1933,-0.7884155058378651,-0.7963658753264248,-1505.3049351426912,-1505.3215512356835,0.30357802514601084,1.633854861198851
1934,-0.7839794463428675,-0.7945883541266444,-1360.8815426997223,-1360.8815426997228,0.3037408106982184,1.7120822078134696
1935,-0.7762268747685662,-0.7871194435827955,-1148.608051271776,-1148.6080512717795,0.1929570306018833,1.2384357090485076
1936,-0.7773465308300388,-0.7902374194174034,-1506.5577759555385,-1506.5577759555385,0.4096283502939642,2.905431730555503
1937,-0.7868837652156101,-0.7932097356556768,-1504.800565845315,-1504.9318583181466,0.24620993677056677,1.4116831622739887
1938,-0.7810113015167611,-0.7925747803372042,-1286.9805456429142,-1286.9805456429142,0.2716582151924672,1.5593461369180595
1939,-0.7752103289379311,-0.7902082135135455,-1154.7886461098628,-1154.788646109864,0.2860470940785019,1.7877974533096468
1940,-0.7813384820243262,-0.7914636628171746,-1273.5646958012012,-1273.564695801202,0.2381549789637119,1.426975054851812
1941,-0.7850657895961122,-0.7946658432365251,-1505.354615613733,-1505.3563141297172,0.30696943052168907,1.7588937749188687
1942,-0.7896793097629973,-0.7973361147439444,-1505.2842719134735,-1505.306710183633,0.31931688788948204,1.7566324864723888
1943,-0.7780830506180255,-0.7920134095279717,-1237.7814387699038,-1237.781438769905,0.31066205079998277,1.9221031542128757
1944,-0.7764813975284778,-0.7896092651308819,-1170.483460559795,-1170.4834605597973,0.2341852571342808,1.4150509399207376
1945,-0.778028493071784,-0.7907067853543756,-1506.297806473757,-1506.297806473757,0.39272296341878715,2.8283186667941167
1946,-0.7889617093671019,-0.7973213718319534,-1505.33012883772,-1505.3395959766874,0.3266874514577203,1.755405648106615
1947,-0.7872793190388174,-0.7954368944666291,-1505.315987112433,-1505.3294457945117,0.29295459988939543,1.590386726520644
1948,-0.7880267417531569,-0.7927942832402953,-1502.8360882545508,-1503.31135585835,0.2430514984566773,1.4933379124253332
1949,-0.7824449783743288,-0.7923131545835874,-1505.3551038432822,-1505.3566073687819,0.28043199906996835,1.713762289441365
1950,-0.7828127521229398,-0.7948168540784486,-1505.5229272185609,-1505.5229272185609,0.3854814058012771,2.652943075655559
1951,-0.7808111736698503,-0.7904255651041543,-1266.3898601398678,-1266.389860139868,0.2212178807282389,1.3466875957122506
1952,-0.7784809937604912,-0.790763646416225,-1505.532590272586,-1505.6025310780535,0.3598853340161486,2.4948742464725213
1953,-0.7875303707066159,-0.7935028017548162,-1463.5982363695043,-1463.5982363695055,0.25598731007099235,1.5227030178104204
1954,-0.783672340117078,-0.795251784501364,-1505.455227885629,-1505.455227885629,0.3766133524754908,2.511431744855825
1955,-0.7863669271287835,-0.7968302851467441,-1505.3590982422434,-1505.3591294172109,0.36255379007402455,2.1803414141788253
1956,-0.7877819233444323,-0.7978673995645396,-1505.3587426535555,-1505.358977692753,0.3671725532870152,2.1345736366916146
1957,-0.7842157087805468,-0.7950725638167842,-1505.3591350305715,-1505.3591442535308,0.34620492184680074,2.1298183021411314
1958,-0.7875894916463323,-0.7970243463246002,-1505.353483730316,-1505.355613126146,0.338285974943075,1.876120562076275
1959,-0.7839402087485916,-0.7952887256352035,-1505.3636059100763,-1505.3636059100763,0.36823016412646886,2.420568966936225
1960,-0.788247622819248,-0.7966444688591378,-1484.8181514848138,-1484.818151484814,0.3193785406351113,1.709836850786737
1961,-0.7850802725418968,-0.791349889739019,-1504.7167953111666,-1504.8646098754089,0.22371605501856678,1.2530397595563438
1962,-0.7832281368649903,-0.7913479240454631,-1353.9812507416611,-1353.9812507416648,0.22861358655965522,1.347078099198938
1963,-0.7776187800671853,-0.7922247661635898,-1267.2566371681435,-1267.256637168144,0.3474684372872586,2.232898703909481
1964,-0.7816677774361316,-0.7894630802302568,-1505.233276933076,-1505.2685626599227,0.21769839504919988,1.2187458280016736
1965,-0.7893158495769451,-0.7975686169848833,-1505.3257812051181,-1505.3365762864976,0.32980849143682744,1.7667639346868524
1966,-0.7856259207688575,-0.7930670071144124,-1505.2133874153687,-1505.2536137919913,0.25211537227242736,1.359027528063785
1967,-0.7754457744424934,-0.7895642596638549,-1146.9645258041191,-1146.9645258041191,0.2548924618681495,1.5462544456740985
1968,-0.7793330781543156,-0.7912186361878485,-1505.4669125901632,-1505.4669125901632,0.3422326916564448,2.3341349260530695
1969,-0.7859320369819969,-0.791074071069154,-1503.3715080404115,-1503.7582280602546,0.21794778882984275,1.2981871789272839
1970,-0.7880648653257726,-0.7978476548856945,-1505.356016737034,-1505.357276273918,0.3592125071765915,2.0026799449962227
1971,-0.7883687903442677,-0.7942289083684796,-1504.4952064656707,-1504.6877881198334,0.261184875733724,1.5542252416362463
1972,-0.7836168467061456,-0.7917359551327645,-1505.2956784498426,-1505.3146768432896,0.24537144276744802,1.3712293337649628
1973,-0.7746636612398154,-0.7893005707887985,-1131.2125215977223,-1131.2125215977242,0.2586445841600727,1.5705406812544056
1974,-0.7879836508661932,-0.797936774208323,-1505.357592730712,-1505.358474392027,0.3652035547642703,2.087598658210466
1975,-0.7882129128507357,-0.7948332923850481,-1505.0106790426073,-1505.0980251181907,0.27058936795070115,1.5546814899308397
1976,-0.7823062634596692,-0.7909228078927985,-1505.322805273908,-1505.3342247327,0.2429265112114006,1.3738147554309006
1977,-0.7806037999356318,-0.7918481728791691,-1505.3591445430388,-1505.359147961407,0.31777710533466685,2.038565093130577
1978,-0.7877822705361982,-0.7937284849721485,-1504.5393163489384,-1504.7225694211493,0.2520028671451605,1.4907063340743327
1979,-0.7864916696166133,-0.7930342633603923,-1504.9127617839415,-1505.0208352297861,0.2447709691702616,1.3813098191044164
1980,-0.7809099750614069,-0.7911383949146665,-1505.3572590902616,-1505.3579947038181,0.2779819594504015,1.7660258701270053
1981,-0.7800207994006788,-0.7919931237259301,-1505.5275675472549,-1505.5275675472549,0.3543643125480157,2.460594027621494
1982,-0.782426741491484,-0.7927262289102529,-1292.729656146013,-1292.729656146013,0.26264310628867,1.5613701292848556
1983,-0.7819482235019374,-0.7931459705451968,-1505.3591404123763,-1505.3591463678013,0.3281300490887678,2.064382456657879
1984,-0.7880725655921123,-0.7979166695723812,-1505.3563361653214,-1505.3576056450515,0.3622049450420345,2.038654561494709
1985,-0.7801288292474886,-0.7912497453061793,-1505.3591337033124,-1505.3591437506127,0.3089118576184894,2.0040089063766935
1986,-0.7842691035663873,-0.7941654853800832,-1377.5685914361134,-1377.5685914361145,0.2883302563022106,1.5915191935659232
1987,-0.7850465606754655,-0.7928210542697727,-1505.2673915532685,-1505.293919408856,0.2533032440647174,1.383722423719551
1988,-0.7887314118254118,-0.7966268351675613,-1505.3014234071006,-1505.319045210693,0.3069332747327534,1.6554508079512722
1989,-0.7820927440159254,-0.7939009943297063,-1505.4678158386973,-1505.4678158386973,0.3646758533998849,2.467794280455236
1990,-0.7701969923505355,-0.788810227543704,-1096.75317624063,-1096.7531762406338,0.35564232082140895,2.42481403042359
1991,-0.776304612962705,-0.7892665413653146,-1507.6498600919253,-1508.7553920875262,0.42416909431021593,2.968471346610982
1992,-0.7891833834267696,-0.7982118156878061,-1505.349829230935,-1505.3532179431265,0.35158024077429867,1.9332829916987633
1993,-0.7761261253550015,-0.7915438742864698,-1212.2478837914082,-1212.2478837914093,0.3445062625629908,2.235127385099345
1994,-0.7771512132396172,-0.7899524450962131,-1506.2442584928663,-1506.2442584928663,0.3916147753461205,2.772194927184452
1995,-0.78569894582968,-0.795810726000442,-1505.3571640999437,-1505.3580117366805,0.3353249416956913,1.933976064600068
1996,-0.7802293965835992,-0.7920547968399341,-1505.4490001792337,-1505.4490001792337,0.3462671074055137,2.361765392853359
1997,-0.7863010587496794,-0.7961956031355737,-1505.3564227944437,-1505.3575074698651,0.33679396369717435,1.901855859308559
1998,-0.7869142744063624,-0.7937232398003461,-1460.0069856793548,-1460.0069856793548,0.2604971174949296,1.4963141630775139
1999,-0.7839350943247851,-0.7952228819084697,-1505.3591499997412,-1505.3591499999134,0.3643783176398588,2.376605003605952
2000,-0.7848800448699207,-0.7960781679585069,-1505.3591499996917,-1505.3591499998968,0.3734275265378319,2.435937460042377
2001,-0.7871549008968115,-0.7969259058016629,-1505.3558070047284,-1505.3571237336596,0.34438581664434387,1.919418609254641
2002,-0.7817181669894672,-0.7920978842634626,-1505.357503990324,-1505.3581563531134,0.29050013026433985,1.78885394773903
2003,-0.7847213394549265,-0.7930243847614847,-1505.316986537016,-1505.3300879277879,0.26298119799636277,1.4544414020104608
2004,-0.7869864174857842,-0.7976382374526393,-1505.3591437249565,-1505.3591476406045,0.37816729490814416,2.3443629368816112
2005,-0.7897153001441561,-0.7988781265406144,-1505.352021549134,-1505.3547018802653,0.36527359373788887,2.0050330208247646
2006,-0.7871188466798674,-0.7949890805372853,-1505.2921882915966,-1505.3122070591558,0.2835454581760164,1.5282749317427036
2007,-0.787792435521344,-0.798022817853242,-1505.3590313229868,-1505.3591014103388,0.37340266231561686,2.215021402737589
2008,-0.7805087667847491,-0.7915150050964124,-1505.3591011693666,-1505.3591306870462,0.3069034905796319,1.9783363775788194
2009,-0.7894912786767433,-0.7976160651450444,-1505.3191179125924,-1505.331870987477,0.32964711160192306,1.7726475938366766
2010,-0.7879463807365895,-0.7967251938970706,-1505.3428871631097,-1505.348441082811,0.3209792546520746,1.7555010319822053
2011,-0.777836027174456,-0.7905963713103157,-1506.94228571862,-1506.94228571862,0.39861229615877425,2.877189181823761
2012,-0.7839393918426187,-0.7937640022107315,-1505.3559022547122,-1505.3571425002208,0.3003114360407179,1.7658311883203752
2013,-0.7836281596808048,-0.7910203002181154,-1505.177736957423,-1505.2266131502713,0.22900321773846416,1.256515613501061
2014,-0.7817547239443956,-0.7947971466557726,-1316.08207823714,-1316.08207823714,0.35915643518764206,2.204762824912565
2015,-0.7840430251669579,-0.790756384411311,-1504.9480686323288,-1505.0485549031073,0.21996954135312471,1.2074663267607313
2016,-0.7885263630670631,-0.7980268191504819,-1505.3543748251716,-1505.3562213878186,0.35658573623585094,1.9741965199964981
2017,-0.7885322142553688,-0.7956878494574308,-1505.1911598899103,-1505.2370768475048,0.28745448645156385,1.614835305864023
2018,-0.7803451026355759,-0.7894675876362431,-1280.2170695609295,-1280.2170695609295,0.2035672931300271,1.2177674032443442
2019,-0.7871719122936555,-0.7919097575660258,-1502.60236047085,-1503.1125472542271,0.22957278793454758,1.402225650366422
2020,-0.7822066119330867,-0.7926273450674973,-1505.3578429116321,-1505.35837069245,0.2986419704427341,1.8339185781168608
2021,-0.7856727821233925,-0.793243423468358,-1505.2411210305877,-1505.2744340365957,0.25594272121413614,1.385081308743027
2022,-0.7831078253428939,-0.7918486017422145,-1505.3343507373668,-1505.3423901858573,0.2558059948958277,1.4484315177413123
2023,-0.7840934812665773,-0.7957956136420805,-1505.4997805551372,-1505.4997805551372,0.38929377841928786,2.5513510661113585
2024,-0.7823194096623857,-0.7924733072356343,-1505.3565083055994,-1505.3575232615915,0.28784177820389134,1.7950522744532904
2025,-0.7761533001260721,-0.7912045183734527,-1209.110193145025,-1209.1101931450253,0.32139556430986943,2.0464500426543624
2026,-0.7796518721795281,-0.7935198264816166,-1340.610818103761,-1340.6108181037641,0.37683999039616034,2.369642926738101
2027,-0.780169478576578,-0.791814522785333,-1505.3591499999807,-1505.3591499999936,0.3338499605778155,2.23288968882463
2028,-0.784560522612621,-0.7957696958936574,-1505.3591499995532,-1505.3591499998502,0.3698162167931976,2.410482144831153
2029,-0.7826505546003469,-0.7929207205085455,-1505.3573222920306,-1505.358045198781,0.2978716932870874,1.8040854761218197
2030,-0.7860129355569826,-0.7934121719570634,-1505.2096568596112,-1505.2508404095802,0.25628864957844966,1.3749151530364512
2031,-0.7864872899973779,-0.797152769940108,-1484.809079087366,-1484.8090790873662,0.3746113290579426,2.216892685792042
2032,-0.7788065306315145,-0.7911176430169826,-1505.5286037037167,-1505.8616530858537,0.36642908428043464,2.5781533461239667
2033,-0.7869689478301186,-0.7912078798975773,-1501.437767910944,-1502.11250162174,0.22242192637483676,1.3736403793452006
2034,-0.7851271344524384,-0.7959725322640757,-1505.3591468467514,-1505.35914883265,0.360308872864842,2.2583057280336307
2035,-0.7875991322619967,-0.795507467687591,-1505.2976570614862,-1505.3162194093077,0.29084126047038594,1.5661312106722716
2036,-0.7880742381831016,-0.7974429220930899,-1505.3530688963297,-1505.3553497565963,0.3441329452388158,1.902257104134287
2037,-0.7796436131199306,-0.7930608559050966,-1373.9012846517917,-1373.9012846517926,0.3734364892935579,2.3102345749216444
2038,-0.7838828604508994,-0.7892269690894009,-1503.699778461269,-1504.0308536903965,0.1981833399588106,1.1491277715324282
2039,-0.7843569486228253,-0.7956347840822869,-1505.3591499999995,-1505.3591499999998,0.3707964130080952,2.4301599702068906
2040,-0.7869858948701027,-0.7957237093921656,-1505.3419813860803,-1505.3477837765458,0.3050320059409846,1.6830318203877161
2041,-0.781904778466715,-0.7896202934470097,-1505.2273456491312,-1505.264116171325,0.21895171725486373,1.2227111646924669
2042,-0.7867832125875256,-0.796781066919382,-1505.356861129228,-1505.3577937745106,0.3479228078277116,1.9559163016681878
2043,-0.7820019565192419,-0.793888912032178,-1505.5011121660516,-1505.5011121660516,0.3694914628726469,2.5087346290489547
2044,-0.7843236970336672,-0.789600404950855,-1503.585894027832,-1503.9363494812608,0.20200195032833115,1.1738879931687678
2045,-0.7816269666674363,-0.7923398204454422,-1292.501688808827,-1292.5016888088276,0.25582872223635567,1.4772827933528492
2046,-0.7892263155653716,-0.797740277350152,-1505.3370215212547,-1505.3444455209633,0.33604064459875416,1.8212766835411847
2047,-0.7838708224547281,-0.7908403796712327,-1505.0519049504583,-1505.1297916809078,0.22221700317800322,1.2100702068075844
2048,-0.7772719965331052,-0.7900590738227233,-1506.1719066421977,-1506.1719066421977,0.3920274626924715,2.7760066988003156
2049,-0.7886526184477589,-0.7985786989605672,-1505.3580722257043,-1505.3586859575096,0.3755473760680333,2.165653001252155
2050,-0.7813154299294987,-0.7924169082023549,-1505.3591208053094,-1505.3591386173116,0.3170407741155137,1.9957931869963397
2051,-0.7894536967595372,-0.797450065775771,-1505.3105396170738,-1505.3257247599915,0.32494808835161293,1.758717273411556
2052,-0.7840487836795987,-0.7956824432159774,-1505.4791361387934,-1505.4791361387934,0.3837831556165602,2.5846794679013563
2053,-0.7823563610081135,-0.7942141279135155,-1505.4928810142621,-1505.4928810142621,0.37042784812206336,2.505322330011251
2054,-0.786046356081867,-0.7952757888346519,-1505.3509146673828,-1505.3538658662299,0.30720465498412813,1.7188617973812443
2055,-0.7877343788295208,-0.7976420179756065,-1505.3566012648005,-1505.357873206267,0.35901709466808507,2.028221642050336
2056,-0.7859954437466361,-0.7955728214611101,-1505.3544296335494,-1505.356207336337,0.3200687637089615,1.7980287449441836
2057,-0.7887748978779302,-0.7984334707754557,-1505.3555066044594,-1505.3569629385647,0.3663269841861335,2.0414760857336605
2058,-0.788567595490085,-0.7980968016548481,-1505.3545456570694,-1505.3563354884125,0.35805518802165776,1.9823280167146171
2059,-0.7877337304727612,-0.7972051587849347,-1505.3538481202934,-1505.355856308528,0.3414302007661591,1.8954255562878335
2060,-0.7817056851089561,-0.7936214372665007,-1505.5083753783395,-1505.5083753783395,0.36803342903382824,2.5076102298155063
2061,-0.781417737324204,-0.7899054371277864,-1296.9557725445145,-1296.9557725445145,0.21024190252116107,1.2696437827740932
2062,-0.788373358132204,-0.7968390007485329,-1505.3337001753803,-1505.342063569526,0.3189760357126306,1.7261424057302364
2063,-0.7868653269682657,-0.7958846241545902,-1419.8235599377242,-1419.8235599377242,0.31187030270183713,1.7019250451293935
2064,-0.7818994967135986,-0.7940894492975342,-1505.5227772213875,-1505.5227772213875,0.3880195275155468,2.7290295522323254
2065,-0.7846010010931704,-0.7944153174888695,-1505.3558794107444,-1505.3571344049635,0.3087929314258574,1.792933978093054
2066,-0.7818447717029497,-0.7920239020990042,-1341.7688150784304,-1341.7688150784304,0.25082976247380573,1.4007730553586837
2067,-0.7848380391664851,-0.7945555447729272,-1383.2375055285247,-1383.2375055285281,0.29440127469120186,1.6123874793736463
2068,-0.7834869765791452,-0.7916203191531307,-1505.2967984384559,-1505.315492389613,0.24417234590408796,1.3656418786316435
2069,-0.7870853844793221,-0.7936238444590477,-1504.926895736201,-1505.032149418713,0.25228688002709554,1.4368544018728777
2070,-0.7856836853143983,-0.7952039965669551,-1505.353905016648,-1505.3558558271495,0.3124937118138182,1.7626698533187821
2071,-0.7797572772203131,-0.7914229249289841,-1505.3591499999998,-1505.3591499999998,0.3312253237959491,2.2297921950321977
2072,-0.7895601258505922,-0.7989390225028724,-1505.353854642966,-1505.3559081950166,0.37036672402983734,2.0354309662611465
2073,-0.7883662928875911,-0.7940104801452289,-1504.2555985742893,-1504.4935393933079,0.25812156068431613,1.5490920956937069
2074,-0.7887203446944581,-0.7959629543897527,-1505.2135588056003,-1505.2540072391594,0.29225505308800664,1.6364154587464093
2075,-0.789773272089862,-0.797265391651369,-1505.267496940708,-1505.2944040420805,0.3169772327505398,1.7570758842959153
2076,-0.7844836897461333,-0.7937359291889924,-1505.3508502914121,-1505.353797753705,0.28823689057129254,1.6882214289992732
2077,-0.7866923671038941,-0.7965499852189456,-1458.7593728698005,-1458.759372869801,0.3399400118793001,1.8774013949168284
2078,-0.7824519251265819,-0.7932925750551092,-1505.3588952835064,-1505.3590433435952,0.3160376840854323,1.9467073374163046
2079,-0.7888188906872159,-0.7982885590848795,-1505.3542059341198,-1505.356119430697,0.3600148077974778,1.9911527187654088
2080,-0.7846996218306487,-0.7893076551447019,-1502.2866519384036,-1502.8372119044823,0.19869604233636917,1.18573268648646
2081,-0.7886315928884319,-0.7968143249450486,-1505.3211664375763,-1505.3332173503754,0.3139094927657153,1.6876974881097413
2082,-0.7821698375542453,-0.7934806534321435,-1505.3591477355483,-1505.3591491688605,0.33573910280899244,2.1330536566839564
2083,-0.7885038769421475,-0.7947932202641489,-1475.6313000103885,-1475.6313000103908,0.27484705881780025,1.6278716228223096
2084,-0.7831957009905895,-0.7939366498531913,-1505.3589876423212,-1505.3590830482328,0.32457161952819386,1.9616414512995228
2085,-0.7871327719052427,-0.796702962369595,-1505.3545450018812,-1505.356302321904,0.3364007049106392,1.8719462301593306
2086,-0.7872478246054663,-0.7935581689464424,-1504.7984508782429,-1504.9304239511114,0.2506297359109958,1.4456427776235452
2087,-0.7862156514706748,-0.7948018302388169,-1505.3357520991754,-1505.3434276357243,0.2899188738026517,1.5978568003511118
2088,-0.7845765562048684,-0.7917817007974006,-1408.1557225575907,-1408.1557225575934,0.23352843948288782,1.3563734809659977
2089,-0.7882160708091211,-0.7947993994204969,-1504.99411456137,-1505.0850951800649,0.2700638118781376,1.554049257536947
2090,-0.788531138429044,-0.7970582235009379,-1505.3361012727048,-1505.3437534959905,0.32383433417127694,1.753026475509324
2091,-0.7859706601662382,-0.7966173844200775,-1505.359137180465,-1505.3591450968313,0.36361251003446415,2.2380955858956098
2092,-0.7872216035851989,-0.7947569435096098,-1505.250354802413,-1505.2813665454719,0.27653500628494976,1.4941299584817083
2093,-0.7854801664533452,-0.7895967911193918,-1501.1088265061696,-1501.8213800868057,0.20363861567510275,1.2419768566304101
2094,-0.7816058478262681,-0.7919799521857122,-1505.3575272949208,-1505.358170364549,0.28901052581482467,1.8467222927719655
2095,-0.7867999767483114,-0.7934632247450849,-1504.9774455018735,-1505.0718543411135,0.2514000374471521,1.416089598106104
2096,-0.7870458814672185,-0.7953914947410103,-1505.326551825647,-1505.3369707799473,0.29517690289630594,1.6105697554827303
2097,-0.7821379792111167,-0.7894387270370701,-1505.1434576353934,-1505.2005289913182,0.2123788245997599,1.1755434771742481
2098,-0.7811459649698747,-0.7925783212047038,-1505.3591496907861,-1505.3591498903484,0.3314595999913545,2.1539737997448825
2099,-0.7888775398236099,-0.797512570181184,-1505.340645472981,-1505.3469307232258,0.3338322160910034,1.8180881650270462
2100,-0.7829751340156534,-0.7956415898717509,-1384.4419391206352,-1384.4419391206354,0.3815474322749027,2.3141070722245773
2101,-0.7839070641411635,-0.7898798854157891,-1504.470094763822,-1504.6650863499137,0.2068975647491301,1.1719952139246943
2102,-0.7815446344639143,-0.7937761618808628,-1306.3899508465345,-1306.3899508465345,0.31392475018911725,1.8590024321432699
2103,-0.782917213869781,-0.7943671496308731,-1505.3591499899762,-1505.3591499965753,0.353557928395926,2.293343185045339
2104,-0.7863924996074405,-0.7925792086353053,-1504.6950125656567,-1504.847133856923,0.23769358774492522,1.364123445021297
2105,-0.7846288343925961,-0.7956667947230246,-1505.359149755529,-1505.3591499134623,0.36297396013486344,2.314727055030084
2106,-0.7858175192926036,-0.796879663880885,-1402.4266936299327,-1402.426693629933,0.361287883683422,2.0805068087446883
2107,-0.7887619598355023,-0.7952466364104046,-1503.3240403173897,-1503.3240403173897,0.27722756420020206,1.6215163100982
2108,-0.7867794498668503,-0.7941048648605672,-1505.2071209313178,-1505.2489511536792,0.2653446248912892,1.4431779499117403
2109,-0.7839176595646827,-0.7924810462344445,-1505.3290710308138,-1505.3386825520054,0.2601733902047258,1.4667621311891723
2110,-0.7862090199867384,-0.79378601678694,-1505.2493723072578,-1505.2806008928442,0.2639189638567462,1.4209386455745638
2111,-0.7852707731447326,-0.7962703968700083,-1505.3591498712249,-1505.3591499548056,0.3698839145208884,2.3720631376237553
2112,-0.787062918040425,-0.7918257967326637,-1502.656783327487,-1503.1583982016264,0.22855467032442364,1.3938453976463319
2113,-0.7881088762631024,-0.7976056756212797,-1505.3542715029537,-1505.3561428548157,0.348896267806071,1.9366943871952291
2114,-0.7877290824040618,-0.7973528751412383,-1505.355077521033,-1505.3566614231934,0.34766200330922015,1.9339018650505673
2115,-0.7875608415831625,-0.795505357123482,-1505.3006979677032,-1505.318426602924,0.2908624216672263,1.5700841315887268
2116,-0.7873768944594091,-0.7937008168797628,-1504.814517467855,-1504.943207222826,0.25304613419088007,1.4612962954302846
2117,-0.7875980121593805,-0.7954280316798412,-1505.290153043238,-1505.3107494252974,0.28862594430834704,1.5520919383007323
2118,-0.7839899865793083,-0.7933664952146738,-1505.352078273042,-1505.3546178909326,0.28563558739464046,1.6917789678931965
2119,-0.7858632612852987,-0.7968208763790194,-1505.3591498150308,-1505.359149934797,0.37526936973538993,2.4036997509394955
2120,-0.786491341184377,-0.7909187895027056,-1501.8669465317778,-1502.481126844813,0.21832223077778357,1.3365033095568724
2121,-0.7872574538721688,-0.7970106814902448,-1505.3557590208818,-1505.3570943431396,0.345413724631704,1.9246105627816197
2122,-0.7787964622417335,-0.7910985942566137,-1505.5292813200094,-1505.8110573494,0.36498660499332175,2.568859426360164
2123,-0.7884411341734794,-0.7975412255195696,-1505.3499802429783,-1505.3532969170776,0.34071596134261123,1.8738648381331422
2124,-0.7825104445843456,-0.7913576525051013,-1505.3349045361542,-1505.3427816167073,0.25146866996072,1.4262855236868388
2125,-0.7820043873067236,-0.7908746969227051,-1505.332393136144,-1505.3410136949783,0.24562346769426444,1.394814100516627
2126,-0.7852028311991296,-0.7921653731384704,-1505.0720837791953,-1505.1454401626177,0.2364154919039256,1.2865554099834982
2127,-0.7840083820874951,-0.7933368950573976,-1505.3514314432489,-1505.354184397822,0.28402345946412355,1.6764441661439315
2128,-0.7877709804245325,-0.7953834745095981,-1505.2655547632912,-1505.2926789810294,0.28587001234799325,1.5476388976650646
2129,-0.7848912631864866,-0.7940430774164902,-1505.3495244286194,-1505.3529097163512,0.28978740508892314,1.6837263278161652
2130,-0.7879798746822203,-0.7934862118357768,-1504.011556161213,-1504.2936120523873,0.249010324775497,1.4978520370637445
2131,-0.7865192904569169,-0.7898953126307501,-1498.6333019181982,-1499.656025479321,0.21025046421110455,1.3159075069279498
2132,-0.7826871575494727,-0.7949169280144396,-1428.5714285714348,-1428.5714285714353,0.3741319197992593,2.2706067024922034
2133,-0.7828188200654919,-0.7942912621519141,-1505.3591499886068,-1505.3591499961033,0.35226263390281337,2.28800457468584
2134,-0.7865579286145151,-0.7962816341707218,-1505.3555252660958,-1505.3569318477546,0.33410671442007384,1.8655832231578093
2135,-0.7878555490326987,-0.7970233870418847,-1505.350477887335,-1505.3536145968376,0.33287603551415235,1.8356270281798317
2136,-0.7845705750358853,-0.792466006559604,-1505.2793228236173,-1505.302698385772,0.25032852592004734,1.388576838210245
2137,-0.7851771298413583,-0.7939347614137177,-1505.3405341334676,-1505.346736825903,0.2813981152659056,1.5741812333888374
2138,-0.7785743332446741,-0.7928273071709607,-1289.7526501766827,-1289.7526501766827,0.35344220011607613,2.240711511202411
2139,-0.7787349131250785,-0.7914322352927814,-1506.85118399869,-1506.85118399869,0.40352546050798255,2.8841719484054744
2140,-0.7838496138591595,-0.7916088715629979,-1505.2528341478082,-1505.283120564461,0.23946144189378013,1.325881598420655
2141,-0.7846440897915806,-0.7951125275440217,-1505.3589259085884,-1505.3590563852579,0.3356135889398102,1.9760926691194576
2142,-0.7830206413263345,-0.7894074669117757,-1504.7595251243506,-1504.8989495948,0.20475309266280728,1.1436723163368874
2143,-0.782023346539755,-0.7942222582595873,-1353.0958642122882,-1353.0958642122887,0.3333794719501703,1.9982967247666559
2144,-0.784372718956362,-0.7923141886387641,-1444.4444444444478,-1444.4444444444478,0.24897671051833903,1.3355486169996549
2145,-0.784861989053528,-0.795799509274849,-1505.3591488290394,-1505.3591495748856,0.3616799408748992,2.2809233876192243
2146,-0.7856629243720177,-0.7954548090235748,-1505.3558125974137,-1505.3571054056913,0.3227238255168585,1.8374801084089318
2147,-0.7870167654901702,-0.7960464634349961,-1505.3480197280019,-1505.3519282550403,0.3154549711967378,1.7489394048292521
2148,-0.7806515091644791,-0.7922061478221634,-1505.3591499885135,-1505.3591499960728,0.3326273172054795,2.198477390491561
2149,-0.7810991714520013,-0.7931525267754866,-1505.5230383781839,-1505.5230383781839,0.37213775564730106,2.5962449962433296
2150,-0.7853708736050419,-0.7959663046629203,-1505.3591076644807,-1505.3591332555573,0.3524478402701612,2.1362201367840083
2151,-0.7876472093092228,-0.7964141108681905,-1505.3425601418994,-1505.3482029728473,0.315207622560492,1.7274886712040258
2152,-0.7814461623627853,-0.7931342629394336,-1505.393201794139,-1505.393201794139,0.35028323662635946,2.3395411417299656
2153,-0.7807327329068927,-0.7927132359996029,-1505.5282974008737,-1505.528297400874,0.36233023626770383,2.499950735757515
2154,-0.7787643085288307,-0.7896245156244482,-1222.362240806516,-1222.362240806516,0.216146631195345,1.330402099022475
2155,-0.7800085930741556,-0.7924804598009199,-1505.7712129828408,-1506.318165427036,0.3962078696631306,2.8122007100350928
2156,-0.7798879447308404,-0.7919474288273552,-1505.5318683420196,-1505.5318683420196,0.35897999306868733,2.506495687950394
2157,-0.7825609647571475,-0.7888345700836193,-1504.6769738885325,-1504.8327876881976,0.19885319620225733,1.114200009002094
2158,-0.7813141557833243,-0.7933825775016667,-1505.5239052237691,-1505.5239052237691,0.3750748060497638,2.6199641206157898
2159,-0.7866024377901982,-0.7940303089996155,-1505.2262700478016,-1505.2633466190239,0.2653573933155232,1.429731042156923
2160,-0.7790580049411908,-0.7916646672529591,-1506.2047049425792,-1506.2047049425792,0.39781030995552885,2.848296785184612
2161,-0.782470406537989,-0.7894640701071775,-1505.0503662846413,-1505.1286909885237,0.20965854277981222,1.1479986492246994
2162,-0.7761672938285641,-0.7911241206451861,-1222.8843861740174,-1222.8843861740174,0.32094092361531074,2.0515910749781443
2163,-0.7891451266785385,-0.7974280576052324,-1505.3267878785687,-1505.3372641760686,0.3277484182898359,1.7562455851042147
2164,-0.7864198853037863,-0.7914303567856087,-1503.1369752824683,-1503.5628546920302,0.22224743637933253,1.3407467628394265
2165,-0.7870031274241472,-0.7966416751867021,-1505.3550355391967,-1505.3566206397227,0.3374334931062062,1.878607718131722
2166,-0.7844209553200825,-0.7953492551742902,-1505.359146936686,-1505.3591488668942,0.35434029062020345,2.217480142878966
2167,-0.7763771214847186,-0.7912622569600745,-1191.886735616027,-1191.886735616027,0.3154777080210617,1.9808946129250387
2168,-0.7783812989766141,-0.7912106600870672,-1506.4353714530646,-1506.4353714530646,0.4159430166735355,2.9571420056135618
2169,-0.7873194057887503,-0.7924143045690145,-1503.303956715652,-1503.7049139562864,0.2350692138424506,1.4220697321919764
2170,-0.7800097424070689,-0.7915178461993599,-1505.3591499504223,-1505.3591499828174,0.32524693718093783,2.151143660325828
2171,-0.7859046599237924,-0.789620957156581,-1499.8312518239366,-1500.7077740977559,0.20459803425693598,1.2650629320513616
2172,-0.786814873174746,-0.7972471801630524,-1505.359102035726,-1505.3591309577616,0.3679725514303753,2.212630089113933
2173,-0.7892734153055602,-0.7972983350733921,-1505.312118706132,-1505.3268319182189,0.32232223808307403,1.7399637775330892
2174,-0.7878154617311172,-0.7947593688361295,-1454.7754585705236,-1454.7754585705236,0.279246430701063,1.6340658172367637
2175,-0.7829039552658437,-0.7940030835851414,-1505.3591348084624,-1505.359144172661,0.33477263507935046,2.077997574769729
2176,-0.770022050238215,-0.7873782459585531,-1032.5162581290642,-1032.516258129065,0.2536616791057881,1.5804331946745966
2177,-0.7865556232151227,-0.796920831239926,-1505.3590451054163,-1505.3591073169605,0.36062207706074456,2.139541215983616
2178,-0.7853836299588685,-0.796242779970552,-1505.3591485594502,-1505.3591494749555,0.36520913495977786,2.3044137129293247
2179,-0.7841685039785408,-0.7950438095208024,-1505.3591369905637,-1505.3591450242584,0.34656525575393377,2.1349486923265215
2180,-0.7832224134002361,-0.7945002727784549,-1505.359149748638,-1505.3591499110444,0.35058839747694825,2.2422374518791197
2181,-0.788991274284532,-0.7976906276646306,-1505.342522521327,-1505.3482304580828,0.33741190492500267,1.8398789965193398
2182,-0.7760436376830213,-0.7907715168273166,-1175.459874671521,-1175.4598746715212,0.29597105040081795,1.8286277341969042
2183,-0.7812581695216414,-0.7937279376225265,-1292.1406951257663,-1292.1406951257684,0.31685962463351536,1.8847740384529035
2184,-0.7790468689147058,-0.7909663376594442,-1505.4858066288118,-1505.4858066288118,0.34084283835428336,2.3105929088052664
2185,-0.7864254781493267,-0.7956543183934229,-1505.3509899017317,-1505.3539238283217,0.31342458157425424,1.749530461194034
2186,-0.7866572483555728,-0.7963524946961101,-1505.3553600458547,-1505.356826243063,0.3344760787032795,1.866694023745703
2187,-0.7865423102145414,-0.7941646467517088,-1505.257742015376,-1505.2868289643295,0.2686771338929403,1.446986947471521
2188,-0.7784743240935154,-0.7924449191028221,-1241.278767051965,-1241.2787670519654,0.32281198030690045,2.008677160710929
2189,-0.7832165166026683,-0.793141488471853,-1505.3558639737766,-1505.3571121367645,0.2930137612635447,1.802206657619581
2190,-0.785098509880723,-0.7953411633979166,-1505.35800108697,-1505.3586494816966,0.3321820012355971,1.9439524254518563
2191,-0.7883377611575644,-0.7962848232890343,-1505.3044144359637,-1505.321165789535,0.30198886082065374,1.6265068455617104
2192,-0.7846816608979392,-0.7947266298139293,-1393.4993084370649,-1393.4993084370667,0.3021731734341351,1.6842181160366947
2193,-0.7891177621742267,-0.7975354154233527,-1505.3332552309257,-1505.3418099156547,0.33183958527593743,1.793206170983805
2194,-0.7869006766583403,-0.7922043331919861,-1503.6395562911507,-1503.984501396219,0.231751056553239,1.3922148221516948
2195,-0.788717442829613,-0.7960778234871915,-1505.2358755669206,-1505.2707350158419,0.2949022251973956,1.6383334309248399
2196,-0.7817539996215169,-0.7940205972098299,-1505.5194077207407,-1505.5496169863327,0.39318175041413905,2.7033170202980887
2197,-0.7864376077309214,-0.7937185821807466,-1505.1913598079516,-1505.2370231461643,0.2598303273023929,1.4062984944721626
2198,-0.7810452502724039,-0.7928807725659698,-1505.46378332128,-1505.46378332128,0.35514562454976567,2.4177132900691554
2199,-0.7889242154179072,-0.7978212865170597,-1505.3472373408667,-1505.35145645964,0.34287344386934887,1.8811776055658351
2200,-0.7836910219725842,-0.7947884890950092,-1505.3591486112125,-1505.359149494532,0.3500949712722364,2.208896457652006
2201,-0.7804147511987295,-0.7923058377472453,-1505.4808350539665,-1505.4808350539665,0.3526762186954363,2.424725298488106
2202,-0.7872863788782505,-0.7949223739419077,-1505.2652230983076,-1505.2923991071982,0.2797323976823248,1.5039155904942363
2203,-0.7857687942107173,-0.7925194508731287,-1420.4674381665554,-1420.4674381665554,0.24237862894095857,1.4398618254041242
2204,-0.7860231339498115,-0.7904016809245853,-1501.7489380866762,-1502.377527418387,0.2117705710137533,1.2907316892838172
2205,-0.785411211377047,-0.7943795495748264,-1381.2785388127859,-1381.278538812786,0.28469071182551514,1.6348345871493308
2206,-0.7798865844792081,-0.7914884497587134,-1505.3591499990466,-1505.3591499996794,0.3292507909913923,2.1983463701873225
2207,-0.7832806271419899,-0.7943429058286606,-1505.3591419307904,-1505.3591469523506,0.34067794492180903,2.122515281689969
2208,-0.7846168275956902,-0.7957386211439448,-1505.3591499786526,-1505.3591499926547,0.36606798527111173,2.3655693668270783
2209,-0.786843855365227,-0.796720209204778,-1444.731738849386,-1444.7317388493868,0.34222877478869534,1.8919921833494535
2210,-0.7777309180056722,-0.7890371900961926,-1193.3174224343666,-1193.3174224343695,0.21084342525481364,1.313492418771796
2211,-0.7866370003875977,-0.7941707654860514,-1505.2446464695936,-1505.2770918115414,0.26814842252096205,1.4383099896417493
2212,-0.7822724771640607,-0.794428819705164,-1505.5252854085354,-1505.5252854085354,0.3890328602833683,2.642967303704918
2213,-0.7851357866430444,-0.795093071165234,-1404.4109244657823,-1404.4109244657825,0.3092121281884888,1.715654892338977
2214,-0.785671540901959,-0.7965837825196861,-1505.3591495775368,-1505.359149849259,0.37128254317248155,2.365766989358619
2215,-0.7834973104382458,-0.7940703949555196,-1505.3587936867964,-1505.3589987477142,0.32184400368507593,1.946841805707151
2216,-0.7890990259901256,-0.7970843175679542,-1505.309039568675,-1505.3245956210515,0.31736725735961463,1.70944901840615
2217,-0.7886212385546261,-0.7978311153834283,-1505.3517185039477,-1505.3544668488682,0.34747188386156835,1.9150683754977171
2218,-0.7891521547259334,-0.7973034688145039,-1505.3193748704705,-1505.3320019021812,0.3236866258505299,1.7333084515364428
2219,-0.7862175004690425,-0.7945102710777957,-1505.322003992062,-1505.3337016868654,0.28168072901375213,1.5442157140123092
2220,-0.78780916509944,-0.7949918510845069,-1505.1846348602903,-1505.2320420906494,0.2761124730594831,1.5394968013761592
2221,-0.7863382527489216,-0.7915909978384809,-1472.4354501046778,-1472.4354501046798,0.2270984730363552,1.3633398038618545
2222,-0.7819135631895143,-0.7934034724179373,-1505.3591499664158,-1505.3591499884033,0.34315942611507266,2.2315272941066358
2223,-0.7881023737728534,-0.7976180718767425,-1505.3544084767518,-1505.3562324012642,0.3496895017359286,1.9402139852969231
2224,-0.7888172667114455,-0.7962801522291889,-1505.2538659865427,-1505.2841616919789,0.29866968254240317,1.6487431240900863
2225,-0.7833784036633008,-0.793595367162298,-1505.3572980809809,-1505.3580348885935,0.30665245292524373,1.8337094189097334
2226,-0.7843439908054507,-0.7934618914277173,-1505.3483602753972,-1505.3521121662727,0.2820831920295801,1.6329265081206967
2227,-0.7888726729358393,-0.7979543423751797,-1505.3503051001353,-1505.353528277263,0.3481220866028533,1.9106740531690916
2228,-0.7883698627940788,-0.7982508825595082,-1505.3570582734246,-1505.358236035185,0.3684020502133622,2.1014030365201704
2229,-0.7810992904154951,-0.7933348328044468,-1505.52350944673,-1505.657930903659,0.38587460469787294,2.7481815480627825
2230,-0.7881507363618057,-0.7973856247217975,-1505.3515946072944,-1505.3543712025782,0.34054747459471346,1.8774712568042107
2231,-0.783669379312142,-0.7923735163401286,-1505.3348857071242,-1505.3427754611882,0.26117677023559716,1.4781236154481363
2232,-0.785008712632612,-0.7918640437517682,-1505.0271251456693,-1505.1104856741229,0.23271366311991257,1.2724426229496688
2233,-0.7877953171468239,-0.7964544819389429,-1505.3397678810902,-1505.346274024484,0.3149814310473411,1.7170005334582312
2234,-0.7817928990897473,-0.793548553882348,-1505.4339295533161,-1505.4339295533164,0.35669297025160784,2.402336732868941
2235,-0.7793302288578718,-0.792008238191271,-1506.8988671664542,-1506.8988671664542,0.4095020966786133,2.92558977377139
2236,-0.7885740596367785,-0.7941040449277642,-1504.1433478943136,-1504.402164465067,0.2601899911700325,1.568957990267202
2237,-0.7861559547710725,-0.7942527373020927,-1505.3086227594745,-1505.3241022344152,0.2763067275677162,1.5073786217699754
2238,-0.7866220293868207,-0.79402777113267,-1505.2220742472227,-1505.260197591416,0.2650773351409379,1.4307236701489718
2239,-0.7812751027823401,-0.7905508197399074,-1505.3454583200364,-1505.3501015746288,0.24951708247303364,1.4606270093081775
2240,-0.7760540639423895,-0.7911392584745417,-1192.7560366361363,-1192.7560366361363,0.3173749166360429,2.0101868107687397
2241,-0.7898972946999743,-0.79887628463661,-1505.3495445371263,-1505.3530715888483,0.3627455256668413,1.990935875167003
2242,-0.7881721799038219,-0.7980447048286606,-1505.3565757351294,-1505.35801824518,0.36465415902267684,2.0696684707066977
2243,-0.786629484713106,-0.7962408673420152,-1505.354799456837,-1505.356459879037,0.33057782950829595,1.8444772775732576
2244,-0.7854199375415786,-0.7938104747672092,-1505.3250127914378,-1505.3358248996135,0.2741232727963209,1.510914025327077
2245,-0.7872619220572332,-0.7974691596136768,-1505.3589631485677,-1505.359072348949,0.3644456043796024,2.1380910232830144
2246,-0.7843684593067991,-0.7942169814690941,-1505.3560338811344,-1505.3572321746246,0.3065894384489313,1.790612757657476
2247,-0.785472539974676,-0.795198466689973,-1403.6646307606914,-1403.6646307606914,0.307673731938986,1.6904858230298254
2248,-0.7865892778830518,-0.7933400613807207,-1505.0101595301958,-1505.0974181692984,0.24992935925508267,1.4047228756185046
2249,-0.7815604173237074,-0.790578748039569,-1505.336561201543,-1505.3439351661505,0.2448020153848477,1.3946494416009125
2250,-0.7839589074532176,-0.7908887765168074,-1505.0381435651861,-1505.1190838955308,0.22223671837192605,1.2130520126519193
2251,-0.7861962849439333,-0.7923040698222518,-1504.6401221934016,-1504.8028388513774,0.23387989720263913,1.3438649072209217
2252,-0.7847362869731573,-0.7961579952750907,-1505.422262930553,-1505.422262930553,0.38253126973542106,2.4606881277525323
2253,-0.7875040667542542,-0.792731205572445,-1503.5412406281248,-1503.903750271982,0.23877982240102621,1.445643012916221
2254,-0.7871138814154057,-0.7962442279406777,-1475.390716118493,-1475.3907161184964,0.3237118135563657,1.7637779830533635
2255,-0.7836785311200014,-0.7906605236140262,-1505.0553492688355,-1505.132474653318,0.2206540318037696,1.2001732662493887
2256,-0.7707811560124983,-0.7892786497958663,-1111.4622840286631,-1111.4622840286631,0.36427943160966003,2.5020889129199197
2257,-0.7790522835137242,-0.7912447251834275,-1505.5328660774132,-1505.5328660774132,0.3602668807077324,2.513928645112725
2258,-0.78669729305619,-0.7948388306325799,-1505.3137520862879,-1505.3278102989698,0.2844679366030575,1.5493301864078117
2259,-0.7773752962506775,-0.7901713353189281,-1506.401658084526,-1506.401658084526,0.3934783092667142,2.8004071265941652
2260,-0.7843934834577782,-0.7942896251372772,-1441.082802547764,-1441.0828025477679,0.30436401267485014,1.6986474683322836
2261,-0.7820274343753394,-0.7941523157214034,-1306.611140031235,-1306.611140031235,0.31852070168859997,1.875659740306171
2262,-0.7853573008410215,-0.789928750822854,-1502.2249301505549,-1502.7853534913634,0.20503107982900456,1.2347204721678777
2263,-0.7786978394550401,-0.7912813763802821,-1215.2637937978297,-1215.26379379783,0.2698941809464176,1.5929385208405966
2264,-0.788333117135343,-0.7970051767143793,-1505.3405176313538,-1505.346818914643,0.3249474367218285,1.7678671203508631
2265,-0.7823014457165834,-0.788955606476545,-1504.9022570478646,-1505.0125649235322,0.20231424881767746,1.1152373834454492
2266,-0.7873750501755912,-0.7977319262037469,-1505.359083970714,-1505.3591235048164,0.3720073441022558,2.2282196005410277
2267,-0.7695902966954622,-0.7885855813743025,-1085.6350645195707,-1085.6350645195707,0.36205468293919607,2.4638832208250236
2268,-0.7821155783239081,-0.7923838970858377,-1505.357024149189,-1505.3578532253873,0.29029879661447805,1.8274268531254627
2269,-0.7862366618864406,-0.7955436395101345,-1505.3518911836193,-1505.3545248242733,0.31397117488568604,1.752967599447883
2270,-0.7796875996440887,-0.7932368473003789,-1326.8487342561448,-1326.848734256145,0.35138961230141613,2.186652988634412
2271,-0.783711749819713,-0.7892357471371116,-1503.9720029996033,-1504.2562432868863,0.19899173820778654,1.1459645192621128
2272,-0.7841610460067729,-0.7910190806785398,-1505.0106011818539,-1505.0975903928957,0.22300876146082999,1.2192265899745331
2273,-0.7787249637535649,-0.792196120309718,-1278.4412319296036,-1278.4412319296046,0.3091853102828022,1.914127687079931
2274,-0.7848902200194592,-0.7933903777634318,-1505.3292981076763,-1505.3388516297678,0.2701420821001519,1.4985222005825074
2275,-0.7847178664178418,-0.7956516951003071,-1505.3591482404063,-1505.359149356306,0.3590333915405971,2.2581966909121283
2276,-0.7848688193631121,-0.7958786906430791,-1505.3591497536663,-1505.35914991279,0.36545357920675253,2.329118306285909
2277,-0.7810188729089997,-0.7923065894569251,-1505.3591465850682,-1505.359148736909,0.32309787443130583,2.0726017794283846
2278,-0.7847207869242189,-0.7952925140317008,-1505.359041041974,-1505.3591056111693,0.34090664319275876,2.0341847214677977
2279,-0.7849114921156702,-0.7935878359292882,-1505.3372069649615,-1505.3444115333343,0.27566768697497324,1.533249692486716
2280,-0.7882564367732416,-0.7980516895588415,-1505.3561569004435,-1505.3573706801146,0.3628722279473678,2.039700957842311
2281,-0.7875239080166282,-0.7961942379965584,-1505.340067281138,-1505.346474036795,0.31075676555469,1.7078156749092834
2282,-0.7828116637610736,-0.7894690554738085,-1504.9146148466823,-1505.0222528481745,0.20655193855917867,1.1407182129253814
2283,-0.7829118772983519,-0.7945087762647051,-1391.2606730286248,-1391.2606730286248,0.33239866543311436,1.9586800004624056
2284,-0.7845499219980362,-0.7959237641692334,-1505.3978147103942,-1505.3978147103942,0.37748685175716296,2.4844289038458633
2285,-0.7838474790261244,-0.794358822513095,-1505.3587982899946,-1505.3590007130108,0.32453905826200846,1.9537314812231077
2286,-0.7884447468542296,-0.7943420898197374,-1504.54344291371,-1504.7266295083296,0.2628490801634925,1.5637077916413102
2287,-0.7718358622309878,-0.7882658387730319,-1073.314378554022,-1073.314378554022,0.25923283508852396,1.5861808552927281
2288,-0.7834983003201729,-0.7948598506637058,-1505.3591499994616,-1505.3591499998195,0.36046049925388135,2.3490664504878054
2289,-0.7815655691451967,-0.791968012125536,-1282.0235650200034,-1282.0235650200036,0.24734128975521377,1.4623649921218225
2290,-0.7891487909487379,-0.7987423358851593,-1505.355146832218,-1505.3567401879125,0.37095741373117774,2.061711738550116
2291,-0.787870893474236,-0.7935247304140541,-1504.2026872241538,-1504.4496504993615,0.2493332893381856,1.4902900504001382
2292,-0.7717230974686027,-0.7889040148299323,-1088.0407124682,-1088.0407124682,0.2923858310269668,1.897807419415585
2293,-0.7864016089927365,-0.7961811306021662,-1505.3558590838754,-1505.357145374718,0.33385009716726727,1.8722161587493893
2294,-0.7860986004103607,-0.797040956233998,-1505.3591497947916,-1505.3591499275656,0.37852685458898905,2.4172514648830195
2295,-0.7878389953119982,-0.7972527875471985,-1505.3533820856494,-1505.3555508034333,0.34096010624908984,1.890219909820856
2296,-0.7879272238718339,-0.7965815703615527,-1505.339493877084,-1505.3460895099838,0.316389614017679,1.725888483777334
2297,-0.7879795535554028,-0.7981520576039313,-1505.3590023214201,-1505.359089043982,0.37449646530454545,2.2131904361214865
2298,-0.784318682219621,-0.7954847628189293,-1435.483870967739,-1435.4838709677433,0.3479402345627962,1.9971079607740307
2299,-0.7864958775354906,-0.7970245935241901,-1505.3591250750376,-1505.3591402953516,0.36770151878107055,2.235174982139787
2300,-0.7886049808834673,-0.7946539037667092,-1504.6961183296924,-1504.849116179295,0.2676766703984295,1.5844214525042206
2301,-0.7847040891263938,-0.7896116614630274,-1502.91420764919,-1503.3721212944756,0.20144468275226118,1.1893410511737328
2302,-0.7872552767332938,-0.7945848873120656,-1505.2108340703314,-1505.251786295362,0.2714765890152327,1.4886177426547382
2303,-0.7815115387923812,-0.793525073308499,-1505.519922743877,-1505.519922743877,0.3729723888096548,2.582237308525121
2304,-0.7882275146353112,-0.797521176459103,-1505.352368279551,-1505.354888755694,0.34352568481846435,1.898285801705668
2305,-0.7857813070020562,-0.7927295982120296,-1505.0764149661481,-1505.1488028809868,0.24328615040546223,1.3334336564091749
2306,-0.7841638570270488,-0.7951982091077658,-1505.359149040421,-1505.359149652959,0.3558689749646599,2.2465855496241094
2307,-0.7830369378471063,-0.7948994648959009,-1505.5065646836715,-1505.5065646836715,0.3808071619448924,2.587159728310734
2308,-0.7823490494056674,-0.7935365120666272,-1346.5783664459188,-1346.5783664459204,0.29358071214378256,1.7127918912085127
2309,-0.7835055170571905,-0.7949043487292363,-1505.3591499999995,-1505.3591499999998,0.36300539559030964,2.3813675753127
2310,-0.7850059772145024,-0.7959043457824229,-1505.3591483128475,-1505.3591493832587,0.3613636663025928,2.2762890118960692
2311,-0.7829763041629784,-0.7899794440598339,-1505.0616656853904,-1505.1374275322353,0.21432218327329958,1.1714388220198646
2312,-0.7869838256168207,-0.7966706891969697,-1505.3553440313417,-1505.3568212862174,0.3391157190001637,1.8892436583394971
2313,-0.7861187732239369,-0.7963892029138474,-1505.3588593840307,-1505.359027346708,0.349573090635011,2.032637329453632
2314,-0.7819996708291517,-0.79248561209989,-1505.3580141955943,-1505.3584777240344,0.2987894558687309,1.8484654461752577
2315,-0.7821444143574244,-0.7949998110502634,-1332.0845041107325,-1332.084504110733,0.3605097022820096,2.206518622671716
2316,-0.7666456641022542,-0.786866175459281,-1006.7248820636433,-1006.7248820636433,0.3259512536278927,2.115208444519491
2317,-0.7834793649540928,-0.790937818760049,-1505.1913447874078,-1505.2369505267015,0.22875745807066464,1.2588408502751811
2318,-0.7872651527864485,-0.7965170697598282,-1505.3514195364453,-1505.3542314038978,0.32679203576608307,1.8071658382345264
2319,-0.7876751482260087,-0.7979729606905352,-1460.3174603174612,-1460.3174603174614,0.37558250756444284,2.100639066420836
2320,-0.7822417129897872,-0.7945095108788738,-1505.5178361988146,-1505.5178361988146,0.3959937686849057,2.6995034483773734
2321,-0.7804723187146054,-0.7916995837033334,-1505.359143628095,-1505.3591476113925,0.3164227282648086,2.0272274007553146
2322,-0.7883286904165049,-0.7978893832564973,-1505.3547758827224,-1505.3564779878668,0.35515764307020264,1.9696558532945754
2323,-0.7890830890447903,-0.798009294902694,-1505.3480342327891,-1505.3520024753232,0.3460269715938017,1.900542403739552
2324,-0.7787427342134443,-0.7909428775056632,-1505.5304610412563,-1505.5304610412563,0.3564314469886586,2.481515062654439
2325,-0.785515461733426,-0.793642335173037,-1505.307188832058,-1505.323052039611,0.2682437352342155,1.4697918191832042
2326,-0.7856134481930644,-0.7947166033439796,-1505.3491548979357,-1505.3526697803845,0.29728951897629335,1.7164024994908953
2327,-0.7869471281459877,-0.794516747747543,-1505.2532704424389,-1505.2835226021266,0.27347429301962073,1.4671373730690203
2328,-0.7767146724138067,-0.7892046506157148,-1160.9578660200045,-1160.9578660200073,0.23149229815952713,1.4550617340469967
2329,-0.7856701277367056,-0.7962271862446275,-1505.359110249939,-1505.3591343073672,0.3557292093274558,2.1570443904454493
2330,-0.7788356690458466,-0.7913392395908242,-1505.7204266461426,-1506.281232034895,0.3890107207206827,2.819597109529799
2331,-0.7794811710035298,-0.7929534381920278,-1365.6565656565663,-1365.6565656565667,0.36970985763787684,2.294081259279003
2332,-0.7835980612864795,-0.7943661466442787,-1505.3590778343362,-1505.3591210230745,0.33327172247621256,2.013839024034941
2333,-0.7837070104004893,-0.790692411840926,-1505.056658392957,-1505.1334903879945,0.22078676144870202,1.2020783474720296
2334,-0.7801834929465189,-0.7938005478552633,-1366.4908314493869,-1366.490831449387,0.38565185206675096,2.406575876906289
2335,-0.7896334585506992,-0.7973150480816582,-1505.2863937556594,-1505.3082548241387,0.3189486255627816,1.7530262341697622
2336,-0.7811452855928502,-0.7911851672188781,-1505.3564885709445,-1505.3575008327082,0.2740877103264202,1.7154275444372247
2337,-0.7835403118048799,-0.7949866085926817,-1450.7635597683031,-1450.7635597683031,0.3565251047392806,2.094548847153683
2338,-0.7838110607515734,-0.789553864778245,-1504.2472602518112,-1504.4827113202268,0.2026706644164544,1.157291372720562
2339,-0.7853740468437785,-0.793382570291234,-1505.2967083722347,-1505.3154510685308,0.2634485970419687,1.4423150338937225
2340,-0.7856547153706472,-0.7968646981756062,-1505.3591499999998,-1505.35915,0.3834725665041143,2.414790899238868
2341,-0.7871720045722007,-0.7926469433276812,-1464.0225400953595,-1464.0225400953618,0.24221847751318248,1.4619948039796096
2342,-0.7774954391662364,-0.7903572799264206,-1506.7435805749333,-1506.7435805749333,0.4052876507287116,2.8860584547677868
2343,-0.7853933843757721,-0.7943681402805245,-1505.3464055011414,-1505.350791840819,0.29025626485566286,1.6568830894839823
2344,-0.7840957193171179,-0.7912470228891402,-1505.116329304405,-1505.1796224296288,0.22873334080838287,1.2443883948069556
2345,-0.784582110600101,-0.7894521501652111,-1502.8387899666066,-1503.3081550327263,0.1998987675823064,1.1790454759889681
2346,-0.7833786088189342,-0.7937120084224764,-1406.7278287461781,-1406.7278287461784,0.29553164930717213,1.6742493014463906
2347,-0.7850306896723548,-0.792175154723552,-1505.129208226023,-1505.1895071105637,0.23788440308419415,1.290157710368763
2348,-0.7821629056634043,-0.7920675121701727,-1505.3554686338123,-1505.3568440065565,0.2787045046936163,1.7144338874793552
2349,-0.7883910921369605,-0.795922157841979,-1505.2596791508226,-1505.2884110074851,0.2928285108874273,1.6064609019920444
2350,-0.7761608429033012,-0.7891415912827576,-1508.233585168571,-1509.3500171386595,0.42744535630220626,2.9806716553718173
2351,-0.7790845663563674,-0.7908890192411085,-1239.9278412507526,-1239.927841250753,0.24236225680111703,1.4142137916669515
2352,-0.7890519820117489,-0.7974788192096295,-1505.3334950263982,-1505.3419691830036,0.3302335081567839,1.7883348590606076
2353,-0.7712885325153505,-0.7893142984882381,-1104.6511627906928,-1104.6511627906993,0.3370990928356432,2.277726417051548
2354,-0.7877840263973092,-0.7963316588579542,-1505.336250066247,-1505.343824737422,0.31084759269498674,1.6919372379002815
2355,-0.7810746015777918,-0.7933431388796875,-1505.5168497537302,-1505.8454697556517,0.3889855222136892,2.710728382345451
2356,-0.7865729265049649,-0.793514542809627,-1505.0849017368687,-1505.1555404030232,0.25368463281456655,1.4091533179962707
2357,-0.781645886358753,-0.7919685245848606,-1505.357365388216,-1505.358068028246,0.28769088990571157,1.8306339100090634
2358,-0.7877578050027771,-0.7973833840460618,-1505.3550917360733,-1505.3566712381776,0.3478969923059347,1.9365719355813404
2359,-0.7846456810845551,-0.7957627215510186,-1505.35914997718,-1505.359149992143,0.3667465835224813,2.3663090699276004
2360,-0.7889371047051378,-0.7953812746202572,-1504.9570730530484,-1505.0563547371023,0.2798648132035156,1.6401706239444969
2361,-0.7855787440214074,-0.7917885792760753,-1504.6953483078225,-1504.8472549989099,0.2279133401708645,1.289135868875646
2362,-0.784936721378313,-0.7899396303025379,-1503.0927909086472,-1503.5231813263504,0.20495100108066897,1.211299988679025
2363,-0.7855415943048711,-0.7965602356842306,-1505.3591499461377,-1505.359149981294,0.3738612467103698,2.4116256705587262
2364,-0.7781078073201327,-0.7922757877284806,-1230.5501881419748,-1230.5501881419748,0.32350085803253636,2.0207919560894605
2365,-0.7842763308552022,-0.7944408572894253,-1505.3573269876713,-1505.3580606175806,0.3177144748677172,1.8767456068829593
2366,-0.7892290293982077,-0.7980326686043332,-1489.01379662749,-1489.0137966274904,0.34976467024323055,1.894914512828724
2367,-0.7823230175395015,-0.7921030315589469,-1505.3542882835143,-1505.3560698597942,0.27567009877452137,1.6748363115931384
2368,-0.7837969657196745,-0.7941966712372538,-1505.3581296962304,-1505.3587049610744,0.3193822721996959,1.9122543755516435
2369,-0.7868511124791652,-0.7962356416309292,-1505.3528021990971,-1505.3551455581153,0.32552658929094275,1.8057628061137807
2370,-0.7847205131363127,-0.7941185288848349,-1505.352850596164,-1505.3551411771966,0.29594158547364297,1.694396633554158
2371,-0.7867615938084003,-0.7926865661403417,-1504.4918239110686,-1504.6831360996791,0.238388625831793,1.3924611593847218
2372,-0.7849308454792187,-0.790255341630566,-1503.679717765696,-1504.0147882727415,0.20853428973068452,1.2172256657413272
2373,-0.7854475934597543,-0.7958434685444771,-1505.3589577253751,-1505.3590700688933,0.34453409365514504,2.0319901226942307
2374,-0.7859688125017039,-0.794878543122988,-1505.345621217207,-1505.3502652112386,0.29606039119456956,1.67733950952259
2375,-0.7797723987651113,-0.7911801828771493,-1505.3591496518927,-1505.3591498763783,0.3190516871511545,2.0972351928260413
2376,-0.7810005198023406,-0.7933683806088044,-1273.0184147317893,-1273.0184147317896,0.30571652024693574,1.8068584845861468
2377,-0.7859786025771877,-0.7887988188783466,-1495.9418667315379,-1497.252147856225,0.19949136013062735,1.2519959889102168
2378,-0.7850918850245654,-0.7933014909164068,-1505.3117335388597,-1505.3263201511654,0.2649441325271956,1.4598347032683614
2379,-0.787914783989969,-0.795044831391498,-1505.173327795627,-1505.2234703983297,0.27670629589212004,1.5480226280136844
2380,-0.7875027110945466,-0.794337076353376,-1505.0737464465794,-1505.1469672650003,0.2638614949720191,1.49454746631869
2381,-0.780508875732217,-0.7918861131511173,-1505.3591491504058,-1505.3591496939553,0.3233328441349412,2.101301053243274
2382,-0.7801078671744047,-0.7935050197478374,-1280.9960958109154,-1280.9960958109154,0.3357442157714647,2.063648737019695
2383,-0.7827388916257151,-0.7943895673672795,-1505.3935079097294,-1505.3935079097294,0.36221393635815663,2.3981805707386337
2384,-0.7881406200015861,-0.7980568345711238,-1505.3572645822605,-1505.358328507397,0.3659516913007196,2.08949375615937
2385,-0.7797994950731616,-0.791597893183047,-1505.425137750573,-1505.425137750573,0.3398013871399719,2.3119537794577307
2386,-0.7814347937983356,-0.7933092389724097,-1505.4842828183992,-1505.4842828183992,0.3614398393740652,2.4731472999348383
2387,-0.7853131244373306,-0.7904016712313237,-1503.2935216448136,-1503.691886691234,0.2098730216114133,1.2408240678476252
2388,-0.7860621603191292,-0.7957290865113505,-1505.3550914293621,-1505.3566421749454,0.32438798619612774,1.8247807871853474
2389,-0.7813330182339839,-0.7884123706564594,-1505.065317664558,-1505.1403852514338,0.20143685588741117,1.1121281487249073
2390,-0.7874531524853179,-0.7923363665061578,-1502.9216887198008,-1503.384023959755,0.23528060779131815,1.4339441255843393
2391,-0.7807409411995533,-0.7926780852164687,-1505.5249203724286,-1505.5249203724286,0.35919201919369625,2.4826791840681834
2392,-0.7870007088063992,-0.7907822569639499,-1500.1326479556512,-1500.9779909799286,0.21904261929966348,1.3681984589512393
2393,-0.7872664832693139,-0.7949376762527938,-1505.2700550841532,-1505.295968186362,0.28016726235409023,1.5038001074075271
2394,-0.7881316750146282,-0.7981270318821756,-1505.3582541258397,-1505.3587660324388,0.36940931758448237,2.130512055765952
2395,-0.7863219390867459,-0.7921949348528909,-1504.4429682628531,-1504.6429136133681,0.23210845492448504,1.3492853839535923
2396,-0.7886170820656251,-0.7943814437217044,-1504.4336737949948,-1504.638044909554,0.2639127661806521,1.5790786230533578
2397,-0.7813927296638302,-0.7916457663157642,-1505.3571912475973,-1505.3579558505974,0.28297456568133034,1.7943817843509278
2398,-0.7797076081872117,-0.7931712952541571,-1374.2298419501678,-1374.2298419501735,0.3768009363845922,2.333907811462079
2399,-0.7851297047773778,-0.7916022803890014,-1504.841841610606,-1504.9644807234263,0.22758280288995675,1.268158756891231
2400,-0.7824897618260641,-0.7922287284849004,-1505.3540838599185,-1505.3559359519359,0.2769140849832263,1.6757037039070857
2401,-0.7865284797070248,-0.7969643011639321,-1505.3590915515838,-1505.35912666188,0.36379998715950385,2.1811109175671106
2402,-0.7821938935149515,-0.794163139278326,-1505.5150388760267,-1505.5150388760267,0.37576174662126066,2.5785336988119822
2403,-0.7840406453226836,-0.7918265967737393,-1505.2590415349227,-1505.2877309231328,0.24215800268998108,1.3405443812263094
2404,-0.7834329166745729,-0.7939558334073371,-1505.3585999711577,-1505.358913153054,0.3191978169520637,1.9244265724951817
2405,-0.7866532170439062,-0.796883028997429,-1505.358889046536,-1505.3590403181681,0.3566767401508968,2.0722116479561423
2406,-0.7881056759183506,-0.7960981322828186,-1505.3069951388288,-1505.3230125287691,0.30009967254389663,1.6165949897781724
2407,-0.7843258238505278,-0.790345615374698,-1504.5081575101794,-1504.6960704287305,0.21235530536111785,1.1997587237579455
2408,-0.7890646027010639,-0.7980587188341427,-1487.654320987661,-1487.6543209876618,0.35292114522638585,1.9217769930390616
2409,-0.7820648476971199,-0.7916351445102696,-1505.3512658772715,-1505.3540564156276,0.2657785620386353,1.5843680644383358
2410,-0.7868655073702756,-0.7971143930847714,-1505.3589622663258,-1505.3590720257182,0.3604283945589122,2.1125185393013037
2411,-0.7755998399929454,-0.7910318653496853,-1182.4729891956788,-1182.4729891956788,0.3242508493938784,2.072780655392178
2412,-0.7847483024736928,-0.7917388843623234,-1505.074093228337,-1505.1469904510047,0.23243075975436062,1.2625954605145542
2413,-0.7769411606163226,-0.7898661422434193,-1506.3163907891076,-1506.3163907891076,0.41260159421159753,2.9176307460503605
2414,-0.7716197348614636,-0.7882961393173596,-1071.212426871087,-1071.212426871091,0.26429296982187495,1.6118194479392722
2415,-0.7810000909348153,-0.7934664571790492,-1397.4218321448159,-1397.4218321448172,0.3521120553801126,2.1196001873929546
2416,-0.7859496200456787,-0.7894156857041812,-1498.8980725871513,-1499.8860959685783,0.2032382735828308,1.263173333460535
2417,-0.7886339336303724,-0.7948839355565309,-1504.8391425363625,-1504.963171492423,0.27117902468984245,1.5902358048460286
2418,-0.784532460014757,-0.7898210922874489,-1503.6096637387598,-1503.9562796115224,0.20417817995271262,1.1851503611558487
2419,-0.7856027713331419,-0.7938864541832791,-1505.3191313882357,-1505.3316374223136,0.27339048787886966,1.504021902633035
2420,-0.7815886077310321,-0.7891854194267746,-1505.1985338498164,-1505.242439052358,0.21347528974953173,1.1891248457895578
2421,-0.7864392624490655,-0.7972393518199405,-1505.3591483371517,-1505.359149392268,0.37757032513225885,2.368122148920263
2422,-0.7758260695083912,-0.7913305396115451,-1258.8957055214723,-1258.8957055214723,0.37191771055611167,2.4298621168149115
2423,-0.7844254260694069,-0.7959925943128545,-1505.4703490701859,-1505.4703490701859,0.38649787476248565,2.5077936068456834
2424,-0.7832709710437084,-0.7916123713947693,-1505.3130497500229,-1505.327247925522,0.24679167736168295,1.3873083717660086
2425,-0.7869271918663723,-0.7918395224269339,-1502.9604379580016,-1503.4148172698044,0.22801250986257718,1.3826749295988208
2426,-0.7831748484232167,-0.7956105175375161,-1382.462476018507,-1382.4624760185075,0.3713626865942573,2.248506227023559
2427,-0.7861984228272058,-0.7970290094151155,-1415.847665847666,-1415.847665847666,0.36030870864328385,2.0581629298166635
2428,-0.7840154339926693,-0.7936791779439126,-1505.3549562861751,-1505.356525444885,0.29618034264970317,1.7285786721197316
2429,-0.7832427072108338,-0.7892049656669667,-1504.4468938304663,-1504.6462668234844,0.20068702351878306,1.1362434510948893
2430,-0.7817367520282539,-0.7895811485840735,-1505.2436082762401,-1505.2762770108748,0.21985603682336577,1.2306213193639806
2431,-0.7827067103794924,-0.792969827774344,-1360.5872674345073,-1360.5872674345073,0.27062516570430584,1.5290821949534208
2432,-0.7870125664618324,-0.7958805247761693,-1505.3450547127004,-1505.349899778619,0.3098007642782868,1.7126584660071424
2433,-0.7799651446563923,-0.7919029584659555,-1505.4896254633438,-1505.4896254633438,0.3504869751551183,2.4276662220862097
2434,-0.7802337373356263,-0.7923779790396676,-1505.5294455790006,-1505.5294455790006,0.36996884802956376,2.6085126707774946
2435,-0.7882696193549206,-0.7965896003351833,-1505.32769525962,-1505.337827868692,0.3118056397325409,1.6842949579663735
2436,-0.7872882660304467,-0.7974483572622727,-1505.3588884372598,-1505.3590401231859,0.3633420092436112,2.114739181379924
2437,-0.7859700968054948,-0.7940036246645118,-1505.3020410440317,-1505.3193373893148,0.2723826423222965,1.4837277133497506
2438,-0.7825292037271898,-0.795256931558207,-1337.6583256101285,-1337.6583256101324,0.36252307508272136,2.211705358203317
2439,-0.7823761742147571,-0.7935954176205144,-1505.3591415457668,-1505.3591468057348,0.3327099717205635,2.087320127542286
2440,-0.7867997170179752,-0.7974976474122754,-1505.3591459535292,-1505.3591484938265,0.37831988433246116,2.3539369904731493
2441,-0.7816183699228855,-0.7939285381316723,-1505.5101043226393,-1505.8152512615304,0.3948224459564169,2.7284502373599513
2442,-0.789036656237392,-0.7969132883621249,-1484.555578903133,-1484.555578903133,0.31721031318953646,1.733025813014276
2443,-0.7811429870386226,-0.7931966058659022,-1505.5231117315095,-1505.5231117315095,0.37291532771492647,2.598851998404752
2444,-0.7850402906865385,-0.7898711320651894,-1502.7757210485331,-1503.2544477128858,0.20414729091547382,1.215795667444959
2445,-0.7880530858709869,-0.7937601837729139,-1504.302221317192,-1504.5309671915384,0.2539423811361509,1.5164699657726988
2446,-0.7894017136455181,-0.7984987459314945,-1505.3509799732217,-1505.3539964547965,0.35728760965920214,1.961249028169326
2447,-0.7838163659829444,-0.7950289558419505,-1505.3591499488412,-1505.3591499822458,0.35883569582211294,2.3049953292648215
2448,-0.7863623089045418,-0.7930574965888494,-1504.984823359992,-1505.0775220181451,0.2459043601722438,1.3812282415159776
2449,-0.7828082359842222,-0.7945261382220923,-1385.9540087010628,-1385.9540087010628,0.3341937004250692,1.9773484652884203
2450,-0.7804299939328926,-0.7931809321180358,-1274.5819749710786,-1274.5819749710793,0.31082787377966564,1.8708565987645673
2451,-0.7862708056635846,-0.797016865594127,-1505.359146829179,-1505.3591488265329,0.37274531388823545,2.328209084859629
2452,-0.7875702459388626,-0.7950488501251896,-1505.2432828198466,-1505.276132841842,0.2798838850608824,1.525390515611564
2453,-0.788109173450624,-0.7930199847195333,-1503.1097778994135,-1503.542743107299,0.24570769472870815,1.5052974999561612
2454,-0.7819507732613014,-0.791398078084945,-1505.3492432737935,-1505.3526888234596,0.26139654643755506,1.5413222178103825
2455,-0.7797420005262795,-0.7922100348120874,-1505.7617652029917,-1506.3122372904538,0.3941723173367288,2.810099843087515
2456,-0.7853900545699659,-0.790069346896791,-1502.4673684103689,-1502.9921623237183,0.20691271922145796,1.2420963257672226
2457,-0.7834234429457415,-0.7906142657306892,-1505.1227136197542,-1505.184552783531,0.22220190140562635,1.2164189754811559
2458,-0.7895147640996923,-0.7975879448774766,-1505.3159578879695,-1505.3296195865867,0.3285607488798126,1.7720206411843797
2459,-0.7853945216444717,-0.796573394688129,-1505.3591499998106,-1505.3591499999368,0.37805717459962473,2.4566078498958785
2460,-0.780850002496171,-0.7918644500196687,-1505.3590962563953,-1505.3591286763128,0.3091653368031559,1.9827762147365477
2461,-0.7820143525727319,-0.7928851546966543,-1505.3589674470238,-1505.3590745183053,0.3136136479471563,1.952864680055243
2462,-0.7815077193505369,-0.7927517716993128,-1505.3591441975864,-1505.3591478283897,0.3254770490025596,2.069026644348893
2463,-0.7864484420409922,-0.7972423830146109,-1464.128843338216,-1464.1288433382163,0.37413647676705236,2.126711825286368
2464,-0.7884238606378964,-0.7941755222479915,-1504.391415737455,-1504.6037882918017,0.2605775654925716,1.5591079196767494
2465,-0.7784902328109922,-0.7907016708435435,-1505.531284488571,-1505.531284488571,0.35479539867605503,2.453040173069212
2466,-0.7852050663861968,-0.7946190852959034,-1505.3530785193202,-1505.3552985573692,0.3024550288661468,1.7175388277981236
2467,-0.7834267372643547,-0.7944264786516616,-1505.359138613353,-1505.3591456624156,0.34046081544778906,2.1114117024233154
2468,-0.783220790171843,-0.7929425285014973,-1505.3546359180912,-1505.3563101932655,0.28574767814176366,1.7371082887127514
2469,-0.7874965443865145,-0.7922550077746705,-1502.6700886053636,-1503.171279750983,0.23429447556727617,1.4352364607571682
2470,-0.7823291093949422,-0.7947254144559894,-1393.6156999130499,-1393.6156999130521,0.36166453284310957,2.1815628871951556
2471,-0.778645777521188,-0.7910299433985891,-1505.6471364953115,-1506.2247828478487,0.3709722143666173,2.6145487234656466
2472,-0.7849564247386873,-0.7949073631985558,-1505.3565844405398,-1505.3575939428506,0.318825415000952,1.849732023246589
2473,-0.7874474342367344,-0.7917804838217583,-1501.7555021614978,-1502.3881791028289,0.22936119771158492,1.4176009510731615
2474,-0.7873758930249685,-0.7978486535071284,-1505.3591246239587,-1505.35914010394,0.37759656914999196,2.2964744763165217
2475,-0.7872704851036046,-0.7958461736008794,-1505.337193241488,-1505.3444650761749,0.304257344335333,1.6700512422036629
2476,-0.787754574811371,-0.7939054195791753,-1504.7084911909196,-1504.8586725814416,0.25503925638307934,1.493762489866109
2477,-0.7812304344194453,-0.7913911520224975,-1505.3569878343847,-1505.3578226947477,0.27880472999586564,1.7589794139519863
2478,-0.786116311276315,-0.7936966908898052,-1505.2481606825277,-1505.27969674575,0.26274428145270096,1.4155823304769735
2479,-0.787441238428246,-0.7965096174581187,-1505.3486997324176,-1505.3524020793561,0.3230458228336152,1.7784195812049368
2480,-0.7713515619003295,-0.7861715805108108,-1039.1430573630992,-1039.1430573630992,0.20141271588379037,1.343595520651937
2481,-0.7882998512298245,-0.7967856161814716,-1505.3342533607147,-1505.3424475677193,0.31789559828698843,1.722768020278729
2482,-0.7880199740539364,-0.7979043666399541,-1505.3565186378967,-1505.35796857299,0.3626869588714318,2.0552076492616322
2483,-0.7879209828959588,-0.7926617260208286,-1502.7669322819024,-1503.2526150810213,0.2414550001822905,1.4836762339717922
2484,-0.7840857072760913,-0.7932772892344697,-1505.3494019783209,-1505.3528158402876,0.28149088710780146,1.6387260829819388
2485,-0.7876422392778968,-0.7955557726637539,-1505.2983246122085,-1505.316706866455,0.291435461910101,1.569960879719381
2486,-0.7845966501349513,-0.7894370399666153,-1502.7790935252524,-1503.2575539816278,0.19967279944672375,1.1798620418411796
2487,-0.7863247433998222,-0.7934196576676419,-1505.1322692340239,-1505.1919836639197,0.25380077173125176,1.3883089139101696
2488,-0.7851183630568713,-0.794055303042611,-1505.345334579113,-1505.350054250587,0.2860799362784351,1.627239725050358
2489,-0.7797482478760664,-0.7923016373296682,-1506.0638694965953,-1506.1964665603894,0.4010380304978411,2.8576733406901975
2490,-0.7874431654175539,-0.7959991861150972,-1505.3364243280328,-1505.343934178182,0.3057241651022718,1.6781988209143737
2491,-0.7871363635328426,-0.7977885928678992,-1479.4215795328253,-1479.4215795328255,0.38200449907291245,2.2403512444787803
2492,-0.783463907154466,-0.7951868091465244,-1505.4919325295352,-1505.4919325295352,0.3810809549130025,2.5710796502516335
2493,-0.7835042439500854,-0.7946518060527975,-1505.3591489684122,-1505.3591496266029,0.3490165888591619,2.211543042072959
2494,-0.780852723143552,-0.7944011645090918,-1325.4978778974819,-1325.4978778974832,0.37167495071741574,2.321787493443655
2495,-0.7834948654378239,-0.790253685621551,-1504.9676520375665,-1505.0639714283172,0.21458308201074694,1.1787868022454586
2496,-0.7876664091772217,-0.797231448415924,-1505.3546293076024,-1505.3563681143894,0.34494274839302413,1.9153748001391238
2497,-0.7821596085652809,-0.7944645281568561,-1505.5147740394443,-1505.5323654790002,0.3973783722165105,2.717127823819759
2498,-0.7879748949795474,-0.7966199580945649,-1505.3392351438788,-1505.3459117403984,0.31709841068490935,1.7278917288519915
2499,-0.7860152776531272,-0.7939419001788225,-1432.6274695374414,-1432.6274695374423,0.26857686354455584,1.5118687991933508
2500,-0.7888736331844121,-0.7956292139443517,-1497.3720905288067,-1497.3720905288067,0.2854103691322423,1.6450383319057778
2501,-0.7895475664474253,-0.7982599363930379,-1494.4742978809659,-1494.4742978809672,0.35089194266409823,1.9028451350582078
2502,-0.7808758653609722,-0.7930097502620936,-1505.5275696726817,-1505.5275696726817,0.3759604994025488,2.6511132325858804
2503,-0.783613596774521,-0.7914048483761167,-1505.2549203642945,-1505.2846774022528,0.23723935892281173,1.3164767466284784
2504,-0.7769325385596322,-0.7920339941894228,-1258.789625360228,-1258.7896253602316,0.3621817688408842,2.357341978707684
2505,-0.7817135064437941,-0.791460047258633,-1505.3540332109808,-1505.3558973740883,0.26876773836847934,1.6353078501001408
2506,-0.7839857967160995,-0.7930134105071873,-1505.345947886176,-1505.3504553144676,0.27496942701990434,1.577584276712163
2507,-0.7875462787344545,-0.7974137479275863,-1505.3563822236306,-1505.357500692046,0.35415249571123525,1.9809974057628372
2508,-0.7862441560171408,-0.789466814413358,-1497.9273757983722,-1499.0282024462883,0.20599892808754464,1.2881946823838415
2509,-0.7778945848889338,-0.7905334053252164,-1505.6252873605617,-1506.1938565735807,0.38702975742447254,2.7578669464780257
2510,-0.7884814120857384,-0.7941022407657339,-1504.246365423675,-1504.4860153711309,0.25954074300594854,1.5604382913403494
2511,-0.7860757037959423,-0.7901323484641672,-1500.913099914245,-1501.6539282785238,0.20980743720791986,1.2888619206454903
2512,-0.7886203121582723,-0.7949507097608941,-1504.882614077182,-1504.9975868675772,0.2720187949332829,1.5907326764818561
2513,-0.7873546719234975,-0.7965413827705095,-1505.3506148181862,-1505.3536933019209,0.32609048514964295,1.7996993577098241
2514,-0.7861565085828912,-0.7931730843967685,-1442.7157001414457,-1442.715700141446,0.25497196048333115,1.4676131157848669
2515,-0.7880001472241853,-0.7976672036547092,-1505.355345057433,-1505.356842160537,0.35308016462706104,1.9645689542119666
2516,-0.7811569312429396,-0.7923939877914375,-1290.133583313802,-1290.1335833138023,0.2626324546088348,1.488493778047761
2517,-0.7806759555082717,-0.7927282185640602,-1505.5212650553551,-1505.5212650553551,0.3671719220540756,2.5578918776898614
2518,-0.7817177152594483,-0.7936104126470719,-1505.508219259469,-1505.508219259469,0.36658150851332255,2.508055489486
2519,-0.7809009827796187,-0.7927136129047427,-1505.4535619265512,-1505.4535619265512,0.3523552751969037,2.3944887327819497
2520,-0.7834804458479715,-0.7951956118556339,-1398.752399232242,-1398.7523992322474,0.3479460626668935,2.0545434029655194
2521,-0.7836117673360489,-0.7954905072724445,-1505.5229193382204,-1505.5229193382204,0.39396086653771917,2.6100715118216344
2522,-0.7895429633335744,-0.7980830286226714,-1505.3386563833562,-1505.345614996787,0.342988620756059,1.8572016199325638
2523,-0.7871216035954068,-0.7974499409858551,-1505.3590602284078,-1505.359113619718,0.3672645458093448,2.1865661446624536
2524,-0.7863621063652144,-0.7966213754653141,-1505.3588861303592,-1505.3590390684817,0.3531968157831855,2.054105987118196
2525,-0.7823360870918328,-0.7931368595648498,-1303.8804686660185,-1303.880468666021,0.27266772643583337,1.5517658092316564
2526,-0.7850129374859416,-0.796687376655936,-1445.6989873123143,-1445.6989873123146,0.3851769947260283,2.2902036968297956
2527,-0.7845803108150272,-0.7957883436735084,-1505.3591499995273,-1505.3591499998415,0.37048607217471446,2.411444647335319
2528,-0.7828283853795939,-0.7928381082036392,-1505.3560720444768,-1505.3572445843624,0.29033156511258434,1.7936677838917998
2529,-0.7863585352189871,-0.7962064865973497,-1505.35621969529,-1505.3573771134968,0.33594383582095466,1.890455421486812
2530,-0.7854166129165525,-0.7905157167020946,-1503.3164760637549,-1503.7112549507817,0.21096267635644045,1.2491310881198971
2531,-0.7837980763235769,-0.7915133956174337,-1505.2448777336058,-1505.277195990438,0.23732664650385596,1.3149676196025044
2532,-0.7886665095006228,-0.794106983434276,-1504.0427633261152,-1504.3199966948773,0.26134128680680263,1.5803350290404925
2533,-0.7864138687963077,-0.7958033296236283,-1505.3528681998318,-1505.355180699301,0.3189699094563477,1.787261097743979
2534,-0.7887048330416824,-0.7986181922458383,-1505.3580058036391,-1505.3586564830052,0.37559088960385,2.1658500702354426
2535,-0.7769487340145379,-0.7897987357495637,-1506.895953436174,-1506.895953436174,0.39734875844598144,2.8138142483753663
2536,-0.7852869161776515,-0.7928008891324028,-1431.7841079460268,-1431.7841079460286,0.24964158362552522,1.4094382974016035
2537,-0.7877774044808027,-0.7973741106829478,-1505.3549035323974,-1505.3565489974142,0.3474376713107365,1.9312258788598908
2538,-0.7864746180740175,-0.7952413347962375,-1505.3423485993521,-1505.3480240022009,0.2989589597916106,1.6670956864803772
2539,-0.7800464378822884,-0.7934593196399461,-1274.4895854815534,-1274.4895854815534,0.3342957072960799,2.053441109942512
2540,-0.7878977246593432,-0.7941021766725535,-1504.7580340689005,-1504.8983517434838,0.2582897420793512,1.5107183163713123
2541,-0.785417450721287,-0.7962749628603564,-1505.3591486317528,-1505.3591495017947,0.36561142071596464,2.308297485543009
2542,-0.782537188479587,-0.7898048622782359,-1505.1379647211234,-1505.1962995201914,0.21566840946195184,1.189947671030216
2543,-0.7887861404958284,-0.7975913073284384,-1505.3448542774304,-1505.349825620748,0.3375826639376999,1.8463211057015971
2544,-0.7859480930560282,-0.7964195630552565,-1505.359081032036,-1505.3591223113644,0.35622992789110836,2.136027374762649
2545,-0.7894336517575282,-0.7970034644156805,-1505.272918851107,-1505.2983396087986,0.3115619084399729,1.7185785134752602
2546,-0.787737547140353,-0.7952745436317317,-1505.2545862840227,-1505.2845554007297,0.2838144554409049,1.5433479293602843
2547,-0.7888657453606972,-0.7973302818357175,-1505.3345906190598,-1505.342712749836,0.32757106985193546,1.769067639261282
2548,-0.7882172305162687,-0.7959362283631108,-1505.2819331557923,-1505.304789700309,0.29445234322488584,1.5931877221942143
2549,-0.7823957152012591,-0.7936070688294545,-1304.9946865037275,-1304.9946865037275,0.2872442998536875,1.6370207075828105
2550,-0.7880572443747792,-0.7951670056711724,-1505.1705445291775,-1505.2213674082147,0.2777980537467567,1.5613218487120133
2551,-0.7833174364550469,-0.792664233258599,-1337.6925634489614,-1337.6925634489614,0.2536040791037508,1.477710705147136
2552,-0.783523922983338,-0.7900419481878507,-1363.4814225656216,-1363.4814225656216,0.21203737535726053,1.2872759261902094
2553,-0.7822153449062643,-0.7926882949304973,-1505.3579372517934,-1505.3584296769097,0.30051323965065296,1.8459958478184695
2554,-0.7886555937131077,-0.7943565136298353,-1504.367134929721,-1504.5842718505203,0.2638469448110443,1.582995208717388
2555,-0.7873451928159637,-0.7955679629961305,-1505.3202782552728,-1505.3325186859395,0.29561861569209397,1.6073388432561777
2556,-0.7823069018127162,-0.7934933366219075,-1505.3591378562994,-1505.3591453709432,0.3305900824015488,2.0675490492803252
2557,-0.7847014585220121,-0.7948499413169969,-1505.3573406001526,-1505.358072600089,0.32303733403883905,1.896410215357745
2558,-0.7850208008371583,-0.7958344227983138,-1442.157216805099,-1442.1572168051061,0.3472375294425911,1.9767987090304582
2559,-0.7864600967111248,-0.7962271273397515,-1505.355795930014,-1505.3571053714277,0.3340065186124065,1.871369091437907
2560,-0.780585351959028,-0.7921785702316312,-1505.3591499982101,-1505.3591499993959,0.3345843485587256,2.2182930826910483
2561,-0.7816416380974123,-0.7887638359853263,-1505.08526244173,-1505.1557975567957,0.20493655760770146,1.131028985620925
2562,-0.7856378735313735,-0.794572548904948,-1381.1259619279056,-1381.1259619279065,0.2884461009447604,1.6627498938848557
2563,-0.7884506691839701,-0.7982482161614017,-1505.3561788500685,-1505.3576499535413,0.36627489419302506,2.067306334084132
2564,-0.7860627983441965,-0.7954255104388631,-1448.3505899349855,-1448.3505899349864,0.31109552719424194,1.7011774878067913
2565,-0.7818190597933353,-0.7938283502438038,-1505.5196553229891,-1505.5196553229891,0.3753560718527535,2.5913748251736837
2566,-0.7820968118126623,-0.7936300409007666,-1505.3591499973868,-1505.359149999116,0.34765069869794174,2.274496376446715
2567,-0.782835391490722,-0.7926157448661872,-1505.354783414877,-1505.3564019544694,0.28286151303771057,1.7218709138657542
2568,-0.7885782746842747,-0.7971751113943932,-1505.338589042306,-1505.3454899983021,0.32666813730288974,1.7722907663574672
2569,-0.7792485233237718,-0.7930546801066213,-1309.8729227761514,-1309.8729227761517,0.34930211599895644,2.1878609694558797
2570,-0.7868601519375651,-0.7957045066456333,-1505.3445674438174,-1505.3495631978228,0.30674223898385355,1.696370110801596
2571,-0.7850418598183708,-0.7928321129102196,-1505.2695460118505,-1505.2955116739759,0.25352031007936393,1.3859116656417634
2572,-0.7873236923515824,-0.795306106973793,-1505.303038373006,-1505.3201126051667,0.2890125237476104,1.5613415679269806
2573,-0.7880825621278537,-0.7949416482784236,-1505.0949387824692,-1505.163413962731,0.273492912638465,1.5576153392434409
2574,-0.7843505301454784,-0.790261169848139,-1504.4219542554242,-1504.6258345693764,0.21041490128339654,1.1939245526400757
2575,-0.7784945643288378,-0.7907934554205466,-1505.5318915165788,-1505.6975006314176,0.36095612495845425,2.5109832058135084
2576,-0.7859177011116003,-0.7893482254822995,-1498.7483889616717,-1499.7535542206422,0.20279904413902902,1.2597127948564542
2577,-0.784089289927669,-0.7925976504834801,-1505.3267523509278,-1505.337043203839,0.26099673563745845,1.4526051913160307
2578,-0.7882340448494644,-0.7963594900126626,-1505.3170623372957,-1505.3302573676033,0.3051021110433901,1.6519123044079649
2579,-0.7860874530496684,-0.7913321937880525,-1503.559174842922,-1503.9154815074933,0.22077255692398115,1.3147896104500691
2580,-0.7839887956827989,-0.7936179988947346,-1417.9894179894277,-1417.9894179894284,0.28427871869588894,1.5743766294784103
2581,-0.7862712769622701,-0.7910972798488904,-1502.7688639694322,-1503.2508348275207,0.21821570635207171,1.318726854251393
2582,-0.786888035369685,-0.7970800832819682,-1505.3588717619605,-1505.3590329055526,0.3589400868021781,2.0841052960213102
2583,-0.7763277650547752,-0.7908734501357234,-1188.5554479939751,-1188.555447993977,0.29263105098533165,1.8122513061448993
2584,-0.7883963210057073,-0.794303283937978,-1504.5476003635458,-1504.7299235642715,0.2624612233667399,1.5597946254469912
2585,-0.7868255697519896,-0.7965193084510621,-1505.3553876826877,-1505.3568468256874,0.3368309519882526,1.878972835338464
2586,-0.7790560769390358,-0.7911943431386567,-1505.52853857534,-1505.5285385753402,0.35562450497010173,2.4815865605427416
2587,-0.78690079101892,-0.7964567592217223,-1505.354413863615,-1505.3562120499405,0.3325131163906283,1.8518315024268375
2588,-0.7821926511695226,-0.7934657727347996,-1505.359146006381,-1505.3591485168595,0.3338980088776911,2.112091847696807
2589,-0.7857735736146668,-0.7962435146472859,-1505.3590723184107,-1505.3591186879682,0.353638906711916,2.118188128086138
2590,-0.7811383279586448,-0.7929612229232011,-1505.45933023401,-1505.45933023401,0.35534082888115637,2.413935990499614
2591,-0.7848382402492752,-0.7921907465277422,-1505.1846450797532,-1505.2318475631682,0.24085350686098198,1.3129871953416086
2592,-0.7795996287227344,-0.7921426805283385,-1505.8762108649732,-1506.229838904418,0.39842266886473743,2.8436817873874394
2593,-0.7852168917558136,-0.7956802373148184,-1505.3590009321888,-1505.359088595558,0.34399750396917056,2.039601743520695
2594,-0.7821597821004869,-0.7941365563894031,-1505.5162335847963,-1505.5162335847963,0.37641807977908653,2.5832229870300645
2595,-0.7836486786620288,-0.7953201733937989,-1469.9272967614042,-1469.9272967614047,0.3764555136611559,2.3844240370354397
2596,-0.7843848760116766,-0.7957044875955055,-1387.7551020408216,-1387.7551020408216,0.3433318687239008,2.0007663316690794
2597,-0.7799005221665554,-0.791810167280121,-1505.4799965121174,-1505.4799965121174,0.34859376420819904,2.404085342309322
2598,-0.7896433384679372,-0.7964369361340569,-1505.126625137552,-1505.188145282864,0.29827718271802317,1.7165930200179207
2599,-0.7816521433172043,-0.7907678276381612,-1505.3400504131073,-1505.346368746581,0.24852035420063798,1.4258835472976341
2600,-0.780316112229614,-0.7919753462663335,-1505.3591499999984,-1505.3591499999995,0.3355940543422521,2.2465908143252267
2601,-0.7816897459354355,-0.7927254432492392,-1505.3590966890702,-1505.3591288368427,0.3174855763959107,1.9810270066035243
2602,-0.7832013646729185,-0.7919541215668472,-1505.3352816514443,-1505.3430452971625,0.25721141004636167,1.4569527282719432
2603,-0.7806920255552106,-0.7921019100547054,-1505.3591495217388,-1505.3591498293133,0.3262191789769132,2.1249267706508115
2604,-0.7800306962593926,-0.7911702192430236,-1252.2747952684256,-1252.2747952684256,0.24091328186407213,1.4286202424308299
2605,-0.7803616564740676,-0.792204897711026,-1505.4600857051423,-1505.4600857051423,0.3489749628639674,2.384131428945023
2606,-0.7840517954307584,-0.7946073172998653,-1505.358951214837,-1505.3590673599679,0.33008368168020824,1.9655951220794634
2607,-0.7849690894017619,-0.7903517937123159,-1503.7698943433845,-1504.0897111291533,0.2096229502470579,1.221829958965998
2608,-0.7845427073889024,-0.793940875347684,-1505.352677263638,-1505.3550254464883,0.2933948496980669,1.7412367682184133
2609,-0.7889627857631872,-0.7963718983977661,-1505.2460478755731,-1505.2783765683218,0.2997709603665308,1.6634088831548355
2610,-0.7808607099062673,-0.7932716619982181,-1505.8310285102698,-1506.3670644383983,0.398567581222872,2.791546642029939
2611,-0.7756408868008005,-0.791584942025677,-1211.8730808597738,-1211.8730808597752,0.36567755871225666,2.4119768282320053
2612,-0.7886909763314007,-0.7973788261262311,-1505.3417462805746,-1505.3476834838534,0.3319535325154442,1.811640923373111
2613,-0.7817783980979331,-0.7937760174108114,-1505.5186951201028,-1505.5186951201028,0.3743235451355516,2.5835735992827518
2614,-0.777105883383945,-0.7900075314962389,-1506.502728861805,-1506.502728861805,0.4094706763512119,2.9323189102201446
2615,-0.7814075419139116,-0.791379888615822,-1505.3561171611193,-1505.3572616425718,0.2743461190354637,1.7062133099444818
2616,-0.7861276913451369,-0.7948722488592235,-1505.341091664486,-1505.3471462061148,0.2933426810396292,1.6341840065511415
2617,-0.7841219207349511,-0.7948549879299489,-1505.35909926219,-1505.359129838263,0.3394938185514289,2.0559786063710903
2618,-0.7853458812264882,-0.7952647893922049,-1429.937828790055,-1429.937828790055,0.3158049804698278,1.7580106864994536
2619,-0.7850919689299364,-0.795938840870989,-1505.359146753573,-1505.3591487974295,0.3604141595980273,2.2548602827706556
2620,-0.7884432094064061,-0.7966116213495823,-1505.3201922398243,-1505.3325049807058,0.3103312113814266,1.6673677872751642
2621,-0.7865970849676173,-0.7931668591216001,-1504.9282523644808,-1505.0330925213277,0.2463802017644053,1.3917458057243355
2622,-0.7774888334377263,-0.7904295800755002,-1506.1873308712318,-1506.1873308712318,0.41733596692591013,2.9541878549819023
2623,-0.7873477185353218,-0.794140947258732,-1505.0506597115377,-1505.129047213494,0.2609534332230457,1.4786852684442697
2624,-0.7866785995516842,-0.7964767877873205,-1475.4292480757877,-1475.4292480757877,0.3393090557946503,1.8769214757513146
2625,-0.7730695609399308,-0.7892653939364651,-1111.223662884931,-1111.2236628849312,0.283284160724181,1.8220568227930263
2626,-0.7848123066255432,-0.7916438717398244,-1505.0116443355323,-1505.0984009853578,0.22999335761774786,1.2536185280223842
2627,-0.7858449319111056,-0.7926298199397002,-1505.0123952460458,-1505.0989802216143,0.2403707176802293,1.3329588734983684
2628,-0.7852406868996273,-0.7931565088215912,-1505.2854526898673,-1505.3072347987631,0.25913956350348916,1.4173768928972572
2629,-0.786057141989078,-0.7910395693009795,-1503.065792015884,-1503.5017222223607,0.21726395568558188,1.3064151301404432
2630,-0.787004210589332,-0.7958998631498028,-1505.3456222755308,-1505.3502890894672,0.31046717510891775,1.7179275764725521
2631,-0.7799496621179326,-0.792618974562888,-1290.4015670910983,-1290.4015670910985,0.2968480217427388,1.7902036206305612
2632,-0.7871900148899016,-0.7947857133071492,-1505.2591764271103,-1505.2879165633597,0.2773427273682123,1.4921523854706684
2633,-0.7843267712853702,-0.7941248214227459,-1458.1607290803631,-1458.1607290803645,0.3034070556991969,1.695135604869355
2634,-0.7741759575158451,-0.7897328255136232,-1139.4465545306605,-1139.4465545306605,0.28113498483023835,1.7710414755670483
2635,-0.7853846882117015,-0.7955842104983373,-1505.3576995062006,-1505.3585160861448,0.33511989956943206,1.9265974285710543
2636,-0.7825188847032589,-0.7941473373884291,-1404.4127361606504,-1404.412736160652,0.3335425130418624,1.9625280266709701
2637,-0.7876221443753991,-0.7975240121023992,-1505.3565357653213,-1505.357635609836,0.3567886404343016,2.0068477576720154
2638,-0.7832618830144287,-0.7936657768574468,-1505.3577981530682,-1505.3583489835096,0.311692361223394,1.8791006150800627
2639,-0.785642296123244,-0.7957983307232416,-1505.3574217095218,-1505.3583925214198,0.33700926797595965,1.9280415396018677
2640,-0.7855233705131675,-0.7966838669050427,-1396.961354134801,-1396.9613541348021,0.35902442419492975,2.073409482051812
2641,-0.7880996899360531,-0.7960294599059254,-1505.3019500989585,-1505.3193625088716,0.29852002761993407,1.6047421582960342
2642,-0.7832100712443782,-0.7889905768217775,-1504.2735920242324,-1504.5043900186297,0.1979929753891937,1.1285344115148999
2643,-0.7870010733830127,-0.7937513795275954,-1505.0233910840411,-1505.1077926798773,0.2557566851999391,1.4450290783362219
2644,-0.7853380077105895,-0.7967624157181056,-1414.1630901287535,-1414.1630901287551,0.3691004851657672,2.152735364603163
2645,-0.782741965743785,-0.7929659686278072,-1304.7051571810136,-1304.7051571810136,0.26493896539016343,1.5602565537716104
2646,-0.7858284789008719,-0.7887805462119769,-1482.2033029028646,-1482.2033029028646,0.1998274865427007,1.250462684172908
2647,-0.7815718295153478,-0.7929203520183155,-1291.754522250587,-1291.7545222505871,0.2750026170571641,1.5616178126893894
2648,-0.7891807669203166,-0.7982484113851488,-1505.350391758636,-1505.3535957906327,0.35285952920020747,1.9421931013151623
2649,-0.7863430139676054,-0.7944254585459544,-1505.3078062393595,-1505.323517260117,0.27797457646526935,1.5149575641301916
2650,-0.7896154641934077,-0.7970688144902677,-1505.260693070786,-1505.2893467140732,0.31169815350044494,1.732492916080791
2651,-0.7830995522561891,-0.7950904357663089,-1505.5274358550523,-1505.5274358550523,0.39241982855655466,2.6235586491842535
2652,-0.7867158384994766,-0.7939608152674024,-1505.1870549711984,-1505.2337775924884,0.26220929158005496,1.4319750871563552
2653,-0.7865381061090814,-0.7931753858232357,-1504.9598021082907,-1505.0579257023348,0.24682595639215923,1.388962420653336
2654,-0.7817112621683909,-0.7925026826244858,-1505.3588749464675,-1505.359034632583,0.3072555244498241,1.923352225016227
2655,-0.7882337013916271,-0.7947806418285074,-1504.977767832089,-1505.0723136292945,0.2694868366653191,1.5542687056094664
2656,-0.7835768295874255,-0.7916256774996637,-1505.2890122243364,-1505.3098129323678,0.24270239326780874,1.3561795249814677
2657,-0.7876675629196166,-0.7969015568939046,-1505.3513176219124,-1505.3541731415905,0.3324379286496968,1.835857274919345
2658,-0.7816732048816071,-0.7891124881679977,-1505.169768965631,-1505.2206238486758,0.2110173516665465,1.1738386991183052
2659,-0.7860650798548637,-0.7901067185953168,-1500.8673781802509,-1501.6141084414883,0.20952524167026312,1.287489382797645
2660,-0.7835060145446681,-0.7940537890905232,-1468.3724235962984,-1468.3724235963034,0.3220419294142701,1.8737132523004751
2661,-0.7843971627620056,-0.7895955976328799,-1503.4389825236835,-1503.8136850430596,0.20180817491790656,1.175581991194328
2662,-0.7826111852693844,-0.7945735217817783,-1355.873126524918,-1355.8731265249219,0.3321411725259323,1.9754047502082588
2663,-0.7865408812873962,-0.795840685976323,-1505.3519327931388,-1505.3545589651524,0.31768429064668136,1.7760459428369972
2664,-0.7810940333934753,-0.7915877978000625,-1505.3579429558733,-1505.358429064243,0.2887890703895547,1.8679744088261887
2665,-0.7786337088124817,-0.791399426522174,-1506.7515795078089,-1506.7515795078089,0.4101032509183754,2.9245015206724454
2666,-0.7881206793288792,-0.7932843537559401,-1503.5230849694783,-1503.8895471196586,0.2486242705755783,1.511524709569291
2667,-0.7829969907584042,-0.792054760027711,-1505.3438378126764,-1505.3490007800212,0.26335774973888226,1.5114745923961606
2668,-0.7879882669247925,-0.7964695125511538,-1505.3340041705842,-1505.3422600126758,0.3116499260744382,1.693795296876085
2669,-0.7846978892492095,-0.7905028176800023,-1504.332447053124,-1504.552514162408,0.2128896339611412,1.211335145501665
2670,-0.7897183554531666,-0.7986505351552641,-1505.3488909933085,-1505.3526129257461,0.35814577872743153,1.9618731211808114
2671,-0.783703083886889,-0.7942056032922156,-1505.3587152668356,-1505.3589639959253,0.32219961414645054,1.9393751232324299
2672,-0.7865249850697998,-0.7915699703089297,-1503.1965352561228,-1503.6132681539277,0.223861177077238,1.3508081680322754
2673,-0.789128914304843,-0.7980832295195788,-1505.3485876691193,-1505.3523787269487,0.3481032763988234,1.9112739381123678
2674,-0.787754882806636,-0.7955554031203992,-1505.2881543559756,-1505.3092973508117,0.28972807507257065,1.5574473940965448
2675,-0.7827242446080606,-0.7933249829025366,-1505.358217117679,-1505.3587438846819,0.3106375680427321,1.893810487204661
2676,-0.7769723539131155,-0.789852306859645,-1506.7684978753905,-1506.7684978753905,0.40501423997292135,2.884942590602756
2677,-0.7834999290130934,-0.7950662033996523,-1505.4423369701663,-1505.4423369701663,0.37307053344629565,2.497502953079571
2678,-0.7889552009695133,-0.7953751579761232,-1504.9460995013706,-1505.047751856832,0.2797289203790628,1.6414893902460959
2679,-0.7825830352414822,-0.7946884575246709,-1505.5263866431535,-1505.5263866431535,0.38811898741743334,2.6190972362169616
2680,-0.7844128810502446,-0.790539250094942,-1368.2239101030102,-1368.2239101030104,0.2207651029627538,1.3609139518361177
2681,-0.7835274750558182,-0.7908569829813175,-1505.161299389927,-1505.214098460547,0.22596083710510362,1.2411889525062794
2682,-0.7834445024990959,-0.7893702070269766,-1504.4182669119446,-1504.6228766649906,0.20177492763521093,1.145656157182934
2683,-0.7827233034991894,-0.7940492691479355,-1505.359148728143,-1505.359149538105,0.3426340498278764,2.1753002235341503
2684,-0.7831699282070793,-0.7950672192684299,-1505.5189132895446,-1505.5189132895446,0.3868163608520202,2.580255141699509
2685,-0.7830581607898247,-0.7909860559340924,-1505.270628349506,-1505.2963086390093,0.23486245363300728,1.309002739605997
2686,-0.785813511056061,-0.796321285714031,-1505.3590960191445,-1505.3591284921254,0.3560114295730698,2.1451102115635603
2687,-0.7816830264878076,-0.7924207455953354,-1320.3570543020094,-1320.3570543020094,0.261204499231788,1.47015207672393
2688,-0.7869632198399089,-0.790682536383502,-1499.935318311539,-1500.8050725025125,0.21844811907148,1.3633640477445428
2689,-0.7846876415527896,-0.791051712234512,-1504.7672498226123,-1504.9050134831107,0.22126743878290145,1.2335645779576374
2690,-0.7880735232334056,-0.7949595929355295,-1505.103640384109,-1505.1701262034373,0.2737994709433935,1.5573456407998434
2691,-0.7866200280234675,-0.795368091696354,-1505.342031486365,-1505.3478081244991,0.29980546415702786,1.6718665134462878
2692,-0.7893326998669165,-0.7979468884694487,-1491.8200408997923,-1491.8200408997936,0.3450188336842988,1.8626145938837002
2693,-0.7870509242143948,-0.795124285448256,-1505.3095417788415,-1505.3248010186896,0.28738948180732715,1.559538850351319
2694,-0.7813988597651769,-0.7920165337866749,-1505.358633519946,-1505.3589282551625,0.29806974435966355,1.8768928810114325
2695,-0.782084061665962,-0.7929035112974337,-1505.3588918139606,-1505.35904189906,0.3117303409459988,1.9364343378128788
2696,-0.7806639586925203,-0.7911001759441122,-1505.3578922687084,-1505.3583957184717,0.28315293299388444,1.8307562708325038
2697,-0.7815204632772854,-0.7888468793262599,-1505.1403346473262,-1505.1981661068226,0.20767153748255887,1.1521765275418996
2698,-0.7852591112462071,-0.793864880871823,-1420.2263599853889,-1420.2263599853932,0.2729921220336608,1.489042830444274
2699,-0.7840251827357465,-0.7931300341877192,-1505.3477362839162,-1505.3516771498664,0.278019543324197,1.6044758750825783
2700,-0.7819859952574636,-0.7915170141798016,-1325.781152744929,-1325.7811527449298,0.23489482855970212,1.35700253813362
2701,-0.7817641948378152,-0.7931170694676409,-1505.3591489125956,-1505.3591496064448,0.333581167409976,2.1409410525124843
2702,-0.7873403376772888,-0.7955191570946049,-1505.317269137241,-1505.3303670799846,0.294156287221917,1.5979855396165608
2703,-0.7837670975313659,-0.7933167879097853,-1505.3537012837742,-1505.3556980032054,0.288331901686113,1.730337052241429
2704,-0.7807925918458655,-0.7929295623343652,-1505.5280314707793,-1505.5280314707793,0.3756993404513442,2.648885211681137
2705,-0.7852735682550203,-0.796575532943285,-1505.3809275038977,-1505.3809275038977,0.3830130465020362,2.432580367701782
2706,-0.7877574783787398,-0.7959353702301247,-1505.318626620113,-1505.3313542633914,0.29937819722827574,1.625608582214854
2707,-0.7869570216278997,-0.7960809255430527,-1505.3494678188695,-1505.3529096383127,0.317535039853642,1.765510751560458
2708,-0.7810170673224397,-0.7928572003562092,-1505.465628318822,-1505.465628318822,0.3550864429232814,2.4198268581210316
2709,-0.7839308192063623,-0.7900279145087604,-1504.5655451932937,-1504.7426347368962,0.20919267779117542,1.1779067210681347
2710,-0.7884161172705655,-0.7975354558673103,-1505.3502374486625,-1505.353469229164,0.3412003128858164,1.8759175082659683
2711,-0.7898782295396073,-0.7970222579523187,-1505.216289318333,-1505.2562943977973,0.3099267009491952,1.7533546616504103
2712,-0.7888445753280521,-0.7957699604284296,-1505.1375568815909,-1505.1963083848684,0.28729142875599084,1.6412090936520989
2713,-0.7780572512574979,-0.7908328495508794,-1506.964157150958,-1506.964157150958,0.4028445033169696,2.8750396829494327
2714,-0.7803981991830651,-0.7933106594301104,-1284.8735832606799,-1284.873583260682,0.3181309999579681,1.937931298872304
2715,-0.7848100955325603,-0.7912429716119994,-1504.8114387757698,-1504.9402933818371,0.22343182384436508,1.243727378672211
2716,-0.7826601548689622,-0.7927237874478161,-1505.3562209324693,-1505.3573398901551,0.28942472677592695,1.794185547855507
2717,-0.779025231704795,-0.7916689532659235,-1506.5041378296762,-1506.5041378296762,0.40109652181007044,2.870000611049038
2718,-0.7856391519561785,-0.7942754911239952,-1505.3370467615184,-1505.344317214565,0.2833988604527127,1.5694430064348632
2719,-0.7867076589139557,-0.7966213596229318,-1437.8945116080058,-1437.894511608006,0.33978197251062703,1.8745110080104264
2720,-0.781457926882108,-0.7932114591933246,-1505.430219004396,-1505.430219004396,0.3539978876158917,2.3837823891199457
2721,-0.7875279708501324,-0.794321158179492,-1505.0590413052796,-1505.1355705276126,0.2632711637302028,1.4965025359546873
2722,-0.7847838262366477,-0.7948443401881162,-1505.3570373177133,-1505.35788104148,0.3209543668447148,1.873682477227766
2723,-0.7762148245538774,-0.7891834117610086,-1507.956292123687,-1509.0685144270672,0.4256546721257832,2.9732747231004626
2724,-0.781560842728679,-0.7936555595977659,-1505.5245223143097,-1505.5245223143097,0.37899125236235315,2.6463960863069547
2725,-0.7877929972485359,-0.797781871563329,-1505.3578431000853,-1505.3585852550896,0.3633118214250867,2.083674164781729
2726,-0.7892682043406067,-0.79688861471926,-1505.277596634374,-1505.3017512016906,0.3102410398356339,1.7032720462765116
2727,-0.7847749476297847,-0.7937945398236813,-1505.3469054586183,-1505.3511243721637,0.2841187062424013,1.6305046218090091
2728,-0.7742670808594836,-0.7894891064691865,-1136.2871564778466,-1136.2871564778488,0.2661310430654887,1.6656738445780195
2729,-0.7833299541226182,-0.7904376286697298,-1505.0973312996778,-1505.1650049072468,0.2194691123394789,1.201269932251764
2730,-0.7886766842249199,-0.7977622443572642,-1505.3501035025445,-1505.3533867599324,0.34491692880995656,1.892171375093329
2731,-0.7837690602866074,-0.7940198243020298,-1505.3574868280155,-1505.3581572375106,0.31387009412505296,1.8686406786113299
2732,-0.7871318942098727,-0.7909281184220649,-1500.1884141808785,-1501.027434955218,0.22103668844133256,1.3804330742847082
2733,-0.7858555617291386,-0.7907577243977385,-1502.915909186651,-1503.3745793842586,0.2142269325111807,1.2882730489023002
2734,-0.7828172205448057,-0.7933335479429369,-1505.3579449881474,-1505.3585176654358,0.3093458428041854,1.8791119042136337
2735,-0.7849457118571058,-0.7966576219237074,-1402.26478992486,-1402.2647899248607,0.3729300926197153,2.197457990659834
2736,-0.7755032285676697,-0.7912328525938198,-1194.9169911867198,-1194.9169911867198,0.34238145953202725,2.224023319437047
2737,-0.7844096964409129,-0.7905959742812463,-1504.6459175452046,-1504.8075646763302,0.2158803495504666,1.21037513340738
2738,-0.7825487290551151,-0.7940301690671634,-1505.3591499614263,-1505.3591499866588,0.34815519518157434,2.2576763413944927
2739,-0.7848971679088085,-0.7938242660285558,-1505.3448519186957,-1505.3497182903332,0.2825960011976229,1.608623039728334
2740,-0.7897805477244597,-0.7990741105862694,-1505.3532558608224,-1505.3555215304907,0.37151199917283384,2.0363627470527037
2741,-0.785277748249223,-0.7892398852714206,-1500.622303702236,-1501.3968740226014,0.19961726309608752,1.2198632631225865
2742,-0.7847747443017574,-0.7924453821307446,-1456.633005948264,-1456.6330059482673,0.2501557138174655,1.340489006657206
2743,-0.7842955201462266,-0.7917253881480012,-1505.1937052632168,-1505.2387196040127,0.23633631205733402,1.2953398723196892
2744,-0.7867506069353338,-0.7914339542477575,-1458.8831415602283,-1458.8831415602283,0.22895006372663415,1.4018861645187464
2745,-0.7867993827774877,-0.7968760237937884,-1505.3574908963137,-1505.3584290246126,0.351399923899675,2.0021898051122196
2746,-0.779070686874897,-0.7922430860414186,-1267.8936605316949,-1267.893660531695,0.29713000080665547,1.8099500986855601
2747,-0.786915289473639,-0.7973667045620627,-1505.3591108614792,-1505.3591345565728,0.36974958571264327,2.2333065724928165
2748,-0.782989187440601,-0.7942085680688038,-1505.359147366723,-1505.359149029998,0.34244218851190256,2.1589891070809513
2749,-0.7857268238536792,-0.7924123075652012,-1504.9675265331668,-1505.063788215628,0.23733217607546644,1.3219332644007924
2750,-0.7728068265679164,-0.7900764650716335,-1172.5485688010158,-1172.5485688010158,0.36852945681870464,2.468555517809965
2751,-0.7763618224664889,-0.7898902184634748,-1162.9093134754671,-1162.9093134754671,0.25402205650477044,1.5435941677297358
2752,-0.7826841476041415,-0.7939991951738745,-1505.359148238468,-1505.3591493563795,0.3412888872145855,2.1626468985731373
2753,-0.7854412957880514,-0.7949836904518119,-1505.3541241656567,-1505.3559963453806,0.3101571151792157,1.7588241920960441
2754,-0.7835829203154977,-0.795419017121707,-1505.5176610329565,-1505.5176610329565,0.39058507013028215,2.585399068131642
2755,-0.7813542726607685,-0.7935905822937636,-1505.5231406989935,-1505.606727035954,0.3883809636838294,2.6937494260984676
2756,-0.7814269985409334,-0.78907378626131,-1505.2035453457036,-1505.2462279214824,0.21281147785132962,1.1871554806395677
2757,-0.784539706148203,-0.7941161389011744,-1505.3545349662754,-1505.3562530240056,0.2998127536214105,1.7324562450854246
2758,-0.7879238743350354,-0.7961924962905131,-1505.3246032048007,-1505.3356199335133,0.30438730689935073,1.6562013203449646
2759,-0.7846807569668096,-0.7916282095262036,-1505.0564277765063,-1505.133287361089,0.23084167852160056,1.257266854087041
2760,-0.7848246002991426,-0.7948557930261428,-1505.3569234357378,-1505.3578090242115,0.3201934540079613,1.8668419878277045
2761,-0.786896354726042,-0.7974126419584049,-1505.3591273463553,-1505.359141201689,0.3724736469752116,2.268629571563137
2762,-0.78959821642408,-0.7968368503490731,-1505.2263784079096,-1505.2637956560038,0.30639648468842234,1.7244003380117954
2763,-0.7894540379722268,-0.7960069913174015,-1505.0349786620366,-1505.117348522553,0.29041317494902413,1.6915522313028175
2764,-0.7888797453414702,-0.7983205375843775,-1505.3540086871917,-1505.355991739897,0.360510535769194,1.9902471623494822
2765,-0.7872345179844027,-0.794391415104682,-1505.1713966860073,-1505.2219314274041,0.26767928135750507,1.4818975316499707
2766,-0.7825333231065442,-0.7929141664199942,-1505.3575880364729,-1505.358212764423,0.29953946538479187,1.8238680614117324
2767,-0.7850023663158997,-0.7923750373929456,-1384.041268795962,-1384.041268795963,0.24110563939014926,1.4453089683704157
2768,-0.7760063439436236,-0.790931806930478,-1185.2162077269381,-1185.2162077269381,0.30494348325981274,1.9117538007192427
2769,-0.7835616314513612,-0.7920614894411068,-1505.3254472122564,-1505.3361042611891,0.2543756338433206,1.4349518243489556
2770,-0.7862336491095906,-0.7928863258355479,-1504.9642301199638,-1505.0613237216717,0.24338955739695634,1.3609152615849829
2771,-0.7790965758637914,-0.7926986981153794,-1335.716176859947,-1335.716176859947,0.3519211751249535,2.194503342527437
2772,-0.7858004916218725,-0.7947909250091871,-1480.053191489366,-1480.053191489366,0.30042438742096605,1.6767458154032469
2773,-0.7858770772254666,-0.7934659096761677,-1505.2466792663351,-1505.2785869103482,0.25908173565562787,1.4008434468040862
2774,-0.787940088213561,-0.798111290221826,-1505.3589913050578,-1505.3590843426257,0.373202700030835,2.202028412251458
2775,-0.7897972316164229,-0.7980604800118793,-1505.3282297469746,-1505.338364243306,0.3396359202264629,1.8219632276359123
2776,-0.7870752852302251,-0.7932303117834708,-1504.686432654533,-1504.840665510599,0.24558841323317562,1.424417131292504
2777,-0.7862400455458841,-0.7960157679924534,-1418.5228604923764,-1418.5228604923796,0.32561853951128905,1.7844241631866848
2778,-0.7878803083835445,-0.798140622407271,-1493.1976551266505,-1493.1976551266505,0.3793620214871091,2.2174788339582485
2779,-0.7850750722935614,-0.7941464969024765,-1505.3481831168895,-1505.3520015016452,0.2895704575626266,1.668686048110617
2780,-0.7847741020231831,-0.7960721847518527,-1505.3677810595361,-1505.3677810595361,0.37745890934915755,2.483466949575795
2781,-0.7770932192810871,-0.7900217445811112,-1506.1766294997215,-1506.3321504883427,0.4158617537260597,2.939938135928313
2782,-0.7819711997507813,-0.7940365484863618,-1505.5232819681394,-1505.5232819681394,0.37966830009546276,2.633358147949936
2783,-0.7823828150727272,-0.7892772968794914,-1505.0115659144235,-1505.098470789723,0.20702063614642527,1.1305902508733314
2784,-0.7828070377983637,-0.7900259731573659,-1505.126862854586,-1505.1877697220618,0.21715690554254344,1.19481331958645
2785,-0.7870768139165707,-0.7959132350585357,-1502.5252525252467,-1502.5252525252467,0.31065510607866376,1.7120357125701346
2786,-0.7869286687622004,-0.7969035806868032,-1505.3567726624963,-1505.3577398287637,0.34922011133919434,1.9604735305355592
2787,-0.7830184593797341,-0.7942705174460966,-1505.3591486699695,-1505.3591495164917,0.3444827595575189,2.1852491581140048
2788,-0.7825863249085763,-0.7917080882162422,-1505.3440004894433,-1505.349107922883,0.2596839128574705,1.4969474800119056
2789,-0.7827136886404656,-0.7938786449943664,-1359.4132029339826,-1359.413202933984,0.3024611529946453,1.7508502871711693
2790,-0.7859135965251302,-0.7944209507580509,-1505.332372823393,-1505.3410447312806,0.28302686806707567,1.562172783588891
2791,-0.778054764718075,-0.7920274942251609,-1273.8453815261032,-1273.8453815261032,0.32313315318911867,2.0285751057987302
2792,-0.7790753772510254,-0.7908396040067757,-1505.4019590792875,-1505.4019590792875,0.33192267567754336,2.213868517499562
2793,-0.7864352113854665,-0.793035415945405,-1504.9407959721486,-1505.0429368221169,0.24517411383287896,1.3772654319489324
2794,-0.7793695516832485,-0.7917643272799697,-1505.8018901658097,-1506.3619148205207,0.38593993808939664,2.809534012265933
2795,-0.7830359964524188,-0.7953112063244261,-1406.8764427165588,-1406.8764427165615,0.370967535458507,2.212483055403346
2796,-0.7776513564487049,-0.7924474600295747,-1267.5101671938592,-1267.5101671938594,0.3605258041461864,2.3162138215883212
2797,-0.7871791774069155,-0.7930319012983973,-1452.5500322788873,-1452.5500322788898,0.24838588430325126,1.49129998300253
2798,-0.7790404705514558,-0.7911007909680902,-1505.5240468319253,-1505.5240468319253,0.34996345852236327,2.4179155838614377
2799,-0.7823246183534349,-0.7947728596475396,-1441.656710473917,-1441.656710473917,0.38716961377484005,2.48575852106383
2800,-0.7857297243655569,-0.7932383668133633,-1505.2302641102467,-1505.2663125585216,0.254904549149808,1.3776046184135484
2801,-0.7854957575388544,-0.7958121705841779,-1505.3588339592893,-1505.3590161906782,0.34214167348716595,1.9932867921238997
2802,-0.7875673348156398,-0.7967031736890555,-1505.3499521527215,-1505.3532526391434,0.3275535162118478,1.8056069870288733
2803,-0.7727870154961566,-0.7894891203865699,-1123.8455546901105,-1123.8455546901107,0.302391880983198,1.9772636858088268
2804,-0.7878361814977721,-0.7954783494554842,-1505.2705538000225,-1505.2963729772894,0.2874844017571355,1.554557585580487
2805,-0.7807641275842863,-0.7930507211783803,-1299.765807962529,-1299.765807962529,0.2995603205369236,1.7898119351401145
2806,-0.7847138622139076,-0.7927758203481552,-1505.2977048436912,-1505.316157630647,0.25639573680232164,1.4124386399444284
2807,-0.7861293596401993,-0.7914001452350471,-1503.594425277013,-1503.9449694214918,0.22179931305642092,1.3192250335274014
2808,-0.7864088979619348,-0.7934300681860481,-1463.7146371463734,-1463.7146371463737,0.257686562694349,1.4577741539148428
2809,-0.781429654037658,-0.7918776961574134,-1505.357792301873,-1505.3583363030057,0.290640365835923,1.802817351306082
2810,-0.7767170584370441,-0.7896000879913351,-1506.786458568784,-1506.786458568784,0.4062106109557547,2.870031942187554
2811,-0.7847388725984739,-0.7962354408347215,-1505.4549711194059,-1505.4549711194059,0.38704378143055357,2.4927375571739683
2812,-0.7870785877789109,-0.7937777252870721,-1505.0042871541202,-1505.0928821550538,0.25576536854887133,1.4433204301632274
2813,-0.7873519776893334,-0.7969993756248649,-1505.3551036374454,-1505.3566713094372,0.34267412503809186,1.90661489973539
2814,-0.7886969056465736,-0.7979593110873124,-1505.352377797101,-1505.3549082053914,0.35082301411377254,1.935483008080166
2815,-0.7819404593816546,-0.7904944486458849,-1505.3149165633085,-1505.328582214199,0.23706236449129567,1.3387757865882621
2816,-0.7854286974791206,-0.7962336589923529,-1406.3338701019843,-1406.333870101987,0.34405023117650513,1.9586275149985855
2817,-0.7833984561144329,-0.7926964803289215,-1505.3500148219941,-1505.353219277938,0.2751845325321834,1.6135651690880302
2818,-0.784905811979037,-0.7938864116460899,-1505.3461597638573,-1505.3506166058633,0.284746661952215,1.6269559459682659
2819,-0.7821467018198532,-0.7894677320504342,-1505.148458279522,-1505.204352363239,0.2131107829226528,1.1792435696658652
2820,-0.7842883152315528,-0.795877491227516,-1505.4732588533698,-1505.4732588533698,0.38550740128952615,2.509539770148319
2821,-0.7840423377878144,-0.7934815947539898,-1505.3528482379202,-1505.3551339994137,0.28830718169327657,1.716668637574228
2822,-0.7835171927469805,-0.7945273840563682,-1376.267143709011,-1376.267143709011,0.3130945690424282,1.8064491553425843
2823,-0.7768238362584943,-0.7896807474858575,-1507.145402736979,-1507.145402736979,0.3994995407584917,2.823350886880497
2824,-0.7823376240367876,-0.7917826377807334,-1505.349674101052,-1505.35298454093,0.26539381349342345,1.5648762639724594
2825,-0.7864155730597464,-0.7962013300153682,-1483.7997054491823,-1483.7997054491852,0.337701898775279,1.8710013359886348
2826,-0.7809084616095031,-0.7929917183978921,-1505.5252567282146,-1505.5252567282146,0.3720862469229723,2.6110989686793737
2827,-0.7848883652597884,-0.7946765383094696,-1505.355765453515,-1505.357064123066,0.3116126076939868,1.800210181229125
2828,-0.7834460579672657,-0.7949021638168907,-1505.3812745988191,-1505.3812745988191,0.3661294452082338,2.414435787819981
2829,-0.7764422118881044,-0.7919186681363405,-1222.2560048646992,-1222.2560048647001,0.3590407455322501,2.348327664352122
2830,-0.789132381129745,-0.7985281670567368,-1505.3537741525413,-1505.3558436365013,0.36295943462441077,2.0007117103265952
2831,-0.7831870130143205,-0.7946973799072956,-1505.3752924041207,-1505.3752924041207,0.3640888644896126,2.3964322443024293
2832,-0.7854361331683997,-0.7958663793481577,-1505.3590034398471,-1505.359089653206,0.34626186814362425,2.053420623116535
2833,-0.7834702194773158,-0.7902705247574809,-1504.9854565099622,-1505.0779408729206,0.21522328125489978,1.1796033365663274
2834,-0.7771070894862506,-0.7914362943632125,-1229.1421856639217,-1229.1421856639224,0.30786189264581243,1.9294874622756635
2835,-0.7828389962607589,-0.7923883133394556,-1505.3526275426932,-1505.3549705707935,0.27571432031766646,1.6467522506958743
2836,-0.7889061640066213,-0.797737305978183,-1505.3457550733415,-1505.3504457243935,0.34004276264941136,1.8633198834015468
2837,-0.7859566076836215,-0.7951270815780209,-1505.350218321697,-1505.353394140529,0.3043619483608558,1.700403080957049
2838,-0.7802344781718007,-0.7925676603496115,-1505.8281805896681,-1506.3776123572773,0.3892412170702758,2.812411550631178
2839,-0.7883318584605494,-0.7975175948775456,-1505.3510922681764,-1505.354040418764,0.34151914213466505,1.8830435488948545
2840,-0.7836418270543339,-0.7954770485347256,-1505.5180531912265,-1505.5180531912265,0.39158083232723584,2.588167684162289
2841,-0.7874813720161971,-0.795863835108789,-1505.329151147616,-1505.338825108017,0.30153276849119826,1.6454376938630035
2842,-0.7829054889371829,-0.7939520743414851,-1505.359125427714,-1505.3591404513445,0.3329252733636277,2.0532139107936973
2843,-0.7804270505433947,-0.7909676582552568,-1505.3581328949683,-1505.358545855754,0.2844805656202753,1.8580889931645053
2844,-0.7898407172478361,-0.7990671381132604,-1505.3527147664654,-1505.3551666309386,0.37033850258245676,2.0289579513861846
2845,-0.7866041472248098,-0.795323713361251,-1505.3411309651005,-1505.34718467569,0.2989876902139476,1.6616079618887274
2846,-0.7816343189900165,-0.7932681053546996,-1505.3639099037337,-1505.3639099037337,0.34862762438872286,2.317647162660389
2847,-0.7822986052783709,-0.7943012996043268,-1505.5190852469457,-1505.5190852469457,0.3788418760676418,2.604665556006778
2848,-0.7872412769361818,-0.7978193458055537,-1505.3591394811442,-1505.3591459949898,0.37930974046713933,2.336840862076832
2849,-0.7819757847017427,-0.7942562394527977,-1505.5166672310772,-1505.5304009085557,0.3946137536549434,2.7096374553527856
2850,-0.7877101364432975,-0.7965342947392753,-1505.3436758714727,-1505.3489756315228,0.3181750582928356,1.7436992620111553
2851,-0.7849702039072392,-0.7920250372634741,-1505.1001651920828,-1505.1671498668838,0.23602800714005423,1.277789680399424
2852,-0.7819164872050945,-0.790561339778307,-1327.521793275222,-1327.5217932752225,0.21840083864748533,1.273446848497103
2853,-0.7882085033649517,-0.7941093421185463,-1504.5281293999803,-1504.7140411925757,0.2590049514364779,1.538874100339979
2854,-0.7794895616865651,-0.7911282199733339,-1505.359149999958,-1505.359149999986,0.3279179237955668,2.188511141827563
2855,-0.7835929716632303,-0.7936641363933797,-1505.356841877419,-1505.357745866323,0.30445524350557124,1.8075327608467409
2856,-0.7874197364503395,-0.7975931488811734,-1505.3589426486174,-1505.359063472807,0.36566732001933777,2.140233045756163
2857,-0.7851074799726079,-0.7901688701212431,-1503.2238531245994,-1503.6331427137022,0.20751731528864828,1.2261211173713205
2858,-0.7848892267058439,-0.7926008869450196,-1505.2551086396006,-1505.284802424897,0.24974294819538234,1.3752558114320061
2859,-0.779100522533174,-0.7929927488122851,-1329.2898660601495,-1329.2898660601495,0.36393529901467325,2.2870745489916295
2860,-0.7833967129046288,-0.7916445709328399,-1505.3068642301712,-1505.3227901093205,0.24563782599310519,1.3789922657815494
2861,-0.7858322185618085,-0.7967768454394836,-1505.359149766101,-1505.359149917279,0.37515980401147175,2.395072298096838
2862,-0.7859545883665939,-0.7922344003716735,-1504.7492314065992,-1504.8905220902996,0.23369144346011061,1.3257829094091187
2863,-0.788184699005139,-0.7970506794295859,-1505.345388878304,-1505.350169179633,0.32788976784251284,1.796921470871587
2864,-0.7840384315199153,-0.791503395245113,-1505.1984494139501,-1505.2423140139224,0.23459143103408592,1.2873814293941928
2865,-0.7893914978359845,-0.7959938916300718,-1505.049911520996,-1505.1289291377225,0.28981953666845417,1.6855408121247006
2866,-0.7844565003896623,-0.7937519154508765,-1505.3513795398735,-1505.3541562128207,0.28892997483673766,1.7004052338528517
2867,-0.783997154759837,-0.7946439603493031,-1347.7485042510837,-1347.7485042510837,0.3036765383950163,1.7050274349979488
2868,-0.7775732213930082,-0.7918441324771912,-1269.5214105793516,-1269.5214105793516,0.32921362585415453,2.0859227276487555
2869,-0.78397407014281,-0.7955569719259843,-1368.5113685113731,-1368.5113685113738,0.3427156011576056,2.015042266337269
2870,-0.786211851930039,-0.7951777933969928,-1505.3471666985643,-1505.3513269915588,0.30158132483397865,1.67605157155924
2871,-0.7852549853821088,-0.7922417014616887,-1505.0833210029405,-1505.154045452993,0.23782843329799913,1.2922954303011898
2872,-0.7840751417709441,-0.7957507249252554,-1505.492786092999,-1505.492786092999,0.38733222142695084,2.5375801162449503
2873,-0.7836433301507387,-0.7938713117899356,-1505.3573686779446,-1505.3580816286951,0.3106624741167249,1.851693886861066
2874,-0.7888433811861766,-0.7973599431756418,-1505.336510071053,-1505.3440525989122,0.32911325645686706,1.7784222376376455
2875,-0.7797321972395562,-0.7916405160550785,-1505.4787616657102,-1505.4787616657102,0.34729687100565987,2.394658954552018
2876,-0.7872952528188147,-0.7969974683379903,-1502.5343953656707,-1502.5343953656713,0.34487034583707515,1.9161037484231545
2877,-0.7825476097920325,-0.7927322872298858,-1505.3567077418613,-1505.3576533743249,0.2922335872870419,1.7632928102364251
2878,-0.77725293847302,-0.7900535716520726,-1506.2821752460438,-1506.2821752460438,0.3926707826834652,2.78386587198234
2879,-0.7825155412102499,-0.7942359925127536,-1505.423985583011,-1505.423985583011,0.3630908777944264,2.4231313267237606
2880,-0.7865747969513776,-0.7935137251086857,-1490.4523901063692,-1490.4523901063692,0.2560326710961045,1.4218356715399272
2881,-0.7885741817145234,-0.7952803328277969,-1496.553987528721,-1496.553987528721,0.27993952711256215,1.6155467146466904
2882,-0.7875333727180358,-0.7963934034845317,-1505.3446519132315,-1505.3496402915698,0.3168841426047951,1.7384308455787087
2883,-0.7778379547317787,-0.7904694744068581,-1505.6537354745046,-1506.2244673879284,0.3851797492720128,2.7366267604931718
2884,-0.7826118776370544,-0.78951644382727,-1505.0181457991582,-1505.103582569613,0.20918394927635567,1.141570405279706
2885,-0.7860517451241212,-0.7963227806736696,-1505.3588523011597,-1505.359024235783,0.34894588830221634,2.027840758479307
2886,-0.7879685089264677,-0.7937782109234468,-1504.4027599454275,-1504.6127018306145,0.2533419946717198,1.5084329912168033
2887,-0.7830340099355496,-0.7930884134261971,-1505.3566272338633,-1505.3576037591222,0.29521332523823207,1.7706611358506403
2888,-0.7855354468695737,-0.7956668108442077,-1505.3572229333042,-1505.3580639639008,0.33393319847763436,1.931452159394984
2889,-0.7759535806051315,-0.7889318147808154,-1508.7970984562269,-1509.9282994349198,0.42960637925255873,2.9850051058272884
2890,-0.7873822848518981,-0.7938895689177633,-1504.920914590301,-1505.027451353239,0.25666299514134133,1.4664541861413138
2891,-0.7876852224829486,-0.7941225504262766,-1504.893109315998,-1505.005570856671,0.2591088832901518,1.4930096983288126
2892,-0.7881246387083211,-0.7940579894326552,-1504.5513093237798,-1504.732551191592,0.25793108605262394,1.5302016079086895
2893,-0.7870962134274525,-0.7946292969812273,-1505.249057594679,-1505.2803953178166,0.2747980840514792,1.4818018566437776
2894,-0.7885695830858552,-0.7965739697017703,-1505.3098921527574,-1505.3251395722623,0.30759934297758984,1.6458352683293056
2895,-0.7876102332003372,-0.7978504252728834,-1505.3590282433984,-1505.3591000919594,0.3716351613230982,2.1997673267067364
2896,-0.7801323677765377,-0.7911995288433088,-1244.9457331347076,-1244.945733134708,0.2438676525217956,1.4640274481807158
2897,-0.7815529046570565,-0.793364649723003,-1505.4586415469944,-1505.4586415469944,0.3582581547804042,2.429930693180297
2898,-0.7858760354470014,-0.7920102087849118,-1504.6481429619773,-1504.8092029004117,0.2301731312739057,1.315226801104415
2899,-0.7814259503810487,-0.792561106376428,-1505.3591291929822,-1505.3591419622112,0.3198151145405774,2.009566622259925
2900,-0.7736550696016472,-0.7900840499332262,-1157.0621468926508,-1157.0621468926543,0.31981793924895763,2.127434574315527
2901,-0.7849175907102691,-0.7893699875126741,-1501.9141233839807,-1502.518004508903,0.1992361123972896,1.1968070298898101
2902,-0.7797135365004144,-0.7922629434922696,-1505.9886166602914,-1506.2109675679185,0.4000370140995796,2.852287833245902
2903,-0.7882606895588551,-0.79576568479542,-1505.2546224114958,-1505.2846301942518,0.2898029161562085,1.5891539108658153
2904,-0.788819876976231,-0.7956847592746916,-1505.1187181516927,-1505.1818540498377,0.2853877403381135,1.63693558511642
2905,-0.7841689398627277,-0.7956735234479653,-1505.4393542183063,-1505.4393542183063,0.379085210018785,2.517244127205073
2906,-0.7786067448343087,-0.792769438137791,-1334.5309893494161,-1334.5309893494164,0.37756287562167573,2.3909314677235884
2907,-0.7896977933291861,-0.798489561613078,-1505.346080574266,-1505.3507173887867,0.35355529333949215,1.928982183844315
2908,-0.782121935886013,-0.7919720255421758,-1505.3550468988494,-1505.3565676285727,0.2760831439907916,1.6930810315597449
2909,-0.7746263949555993,-0.7900842330355243,-1149.9364675984764,-1149.9364675984764,0.2899230772115639,1.8386164936474707
2910,-0.7700403671471963,-0.7885044216152071,-1069.3732342785397,-1069.3732342785402,0.3183525002031333,2.149636949227079
2911,-0.7882654858163227,-0.7973854534413011,-1505.350112904422,-1505.353380641313,0.33855751316809174,1.8611835529172642
2912,-0.7816128525133232,-0.793827399289756,-1505.5214607159135,-1505.5214607159135,0.3873994479448097,2.739871833728864
2913,-0.7895141595078257,-0.7967506300294701,-1505.22454034922,-1505.2624051229252,0.3049914409679353,1.7161861844230484
2914,-0.7832620048433968,-0.7941582328419287,-1505.3591051996996,-1505.3591322801662,0.3326683570220255,2.0313158802580307
2915,-0.7838283675074538,-0.7923642491751274,-1505.3277790979178,-1505.3377659533926,0.2585802249229746,1.4571083926131703
2916,-0.781238943508788,-0.7935620227162098,-1405.8831653086672,-1405.8831653086672,0.35070871671035486,2.1001661106398384
2917,-0.7870362798040444,-0.7972086378464155,-1505.358856252171,-1505.3590261870243,0.35962364481220904,2.0900824464248693
2918,-0.7865610451556433,-0.7920003130546625,-1494.1846665084242,-1494.1846665084242,0.22989129021869698,1.366645207784326
2919,-0.784129212279703,-0.7917567467349285,-1505.2331173107095,-1505.2684080379202,0.2394391836603489,1.319897795391855
2920,-0.7823374903902071,-0.7887770462140565,-1504.7796413365288,-1504.9151183935455,0.19932864301740608,1.108988876520258
2921,-0.7869139857835732,-0.7930662669986138,-1477.8383503199964,-1477.8383503199966,0.24732847737593885,1.4375931183169535
2922,-0.7836826743305851,-0.7950911237014902,-1505.3805827826354,-1505.3805827826354,0.36795383419458577,2.4255364584369996
2923,-0.7858519843375253,-0.7928365972221136,-1505.0900297614376,-1505.15935349436,0.24479980886781122,1.3399804410424523
2924,-0.7844412311417709,-0.7953607402046639,-1505.3591466425776,-1505.3591487556916,0.3540813321708303,2.214789456062266
2925,-0.7825417713925872,-0.7945862928505545,-1397.114654517846,-1397.1146545178467,0.3491906069130214,2.0806497318195256
2926,-0.7741244228370187,-0.7893973080654025,-1126.7605633802862,-1126.7605633802862,0.2683989542721502,1.6709435504023753
2927,-0.7836902050928635,-0.7942742352346855,-1481.3218390804584,-1481.32183908046,0.32713662454840015,1.9342204068697488
2928,-0.7864336188488465,-0.7944562760866803,-1402.040816326531,-1402.040816326531,0.2787941361517522,1.63727206493113
2929,-0.7841956963326807,-0.7929269415975672,-1505.337500130043,-1505.3446071156145,0.2684502502111202,1.5024910633446633
2930,-0.7833520675969822,-0.7944104631751387,-1351.0781671159089,-1351.0781671159089,0.30725663939918313,1.7590673404308201
2931,-0.7708674552495549,-0.7889522622553444,-1084.8912044131162,-1084.8912044131162,0.3189537712596373,2.1753286451588423
2932,-0.780837749875854,-0.7942488326586249,-1315.6189241736838,-1315.6189241736877,0.3598321982050028,2.233694256019634
2933,-0.7898739250244711,-0.7989165082004371,-1505.3504791126359,-1505.3536914633369,0.3644667659411757,2.0023051597209056
2934,-0.7844062531420292,-0.7922369408923627,-1505.2681105308109,-1505.2944461906072,0.24705578907722753,1.3672894871835444
2935,-0.7842725721791765,-0.7890908953779737,-1502.7202055062928,-1503.2073241414314,0.19636182863571466,1.158485915878541
2936,-0.7794095193540799,-0.7912005474704659,-1505.4181554562222,-1505.4181554562222,0.3360440801337602,2.269203714864004
2937,-0.7896923485978046,-0.7985594028806527,-1505.3477184465999,-1505.3518225626012,0.3551822530172373,1.9453455657706207
2938,-0.7828401660266512,-0.7942749286112035,-1505.359149961185,-1505.3591499865731,0.3511195567466739,2.2689110992792862
2939,-0.7841846460370635,-0.7934245207451305,-1505.3503430094377,-1505.3534533463503,0.2838244467354137,1.6612942488042408
2940,-0.7828675464583915,-0.7948174212699589,-1505.5168456146846,-1505.5168456146846,0.3824214399160912,2.619448620932342
2941,-0.7889361027003791,-0.7959577843445493,-1505.1677469862927,-1505.219369991883,0.2906121783311946,1.651100322168851
2942,-0.7876150857021416,-0.7920511694845502,-1502.0213271040343,-1502.6171599051713,0.2330425325696626,1.439132182259622
2943,-0.7861473776535806,-0.7964041220271022,-1505.3588396677014,-1505.3590187035209,0.34974920749844224,2.028434118182895
2944,-0.7842301895060119,-0.7906588714745685,-1504.8023977637804,-1504.9331114014774,0.2176993964194023,1.2088858252293968
2945,-0.7865171379592654,-0.7938489065925896,-1505.2045509464035,-1505.2469995550018,0.26200321701624724,1.4156461847317612
2946,-0.7834584763615099,-0.7932353217833588,-1505.3552193293428,-1505.356693285109,0.2913566166708577,1.7764047426717582
2947,-0.7837898353098093,-0.7921706694294175,-1505.3187060573607,-1505.33129977084,0.2536172076246433,1.4264116440412324
2948,-0.7751377517284247,-0.7897274961324977,-1152.2222222222267,-1152.222222222227,0.2624252924485572,1.6315568795148019
2949,-0.7813711548397071,-0.7923388201474114,-1505.35906047551,-1505.359113889502,0.3114717883334553,1.9727719789548248
2950,-0.7822713839216119,-0.7933430956584692,-1328.3001061696418,-1328.3001061696418,0.28353034069982075,1.6293019899337284
2951,-0.7833228817892192,-0.7910351554342148,-1505.241499647805,-1505.2746838812848,0.23244454357307992,1.29025545064389
2952,-0.774527034612398,-0.790901482401065,-1197.624546354337,-1197.624546354337,0.35798506047064654,2.3707082145568132
2953,-0.7859484369261187,-0.7969360724115524,-1465.7677554341508,-1465.767755434152,0.3757823569900365,2.188493777529842
2954,-0.7833026932116105,-0.788909087133569,-1504.0913334222419,-1504.3543579331397,0.19650351155882648,1.1269186732643217
2955,-0.772277398763657,-0.7898433054257145,-1133.5172999363226,-1133.5172999363226,0.3449784014772195,2.313660604818477
2956,-0.7851722432295439,-0.7965566806329892,-1505.4252816745163,-1505.4252816745163,0.38683228392777497,2.468309835875927
2957,-0.7866830274151813,-0.7916816812630693,-1503.1213871705809,-1503.549869037842,0.22515497793425876,1.3585431679153253
2958,-0.7833728122974429,-0.7939282232149328,-1505.3586895858696,-1505.3589526484395,0.3188309213126673,1.9300526321016178
2959,-0.788555121316709,-0.798182662138384,-1505.355255557615,-1505.3567961397932,0.3615295266190502,2.0037350108180974
2960,-0.7817566935357593,-0.7937209968138496,-1505.513967503635,-1505.513967503635,0.372116734559509,2.557166745035511
2961,-0.7885257108827317,-0.7982159572229638,-1505.3556435027106,-1505.3570455819076,0.3635032749147648,2.021717878011615
2962,-0.785715895829743,-0.7904153422773394,-1502.4912026955321,-1503.0137711735879,0.210804469516816,1.2700445262353843
2963,-0.7855097381856343,-0.7896261973955969,-1501.1089516028367,-1501.8216041300848,0.20391987212153878,1.2441304728872065
2964,-0.7888452243221915,-0.7976401116034527,-1505.3447388992288,-1505.3497483698015,0.33763884248205406,1.8487979010239657
2965,-0.78783169690373,-0.796233932625231,-1505.330814927631,-1505.3400118083057,0.30749925997397626,1.6772709305553721
2966,-0.7875431737625954,-0.7955943998298676,-1505.309326518905,-1505.3246679775689,0.29368559819240597,1.5886822100649867
2967,-0.77960493345798,-0.7913456749162309,-1505.3921836320108,-1505.3921836320108,0.33488519209317896,2.2614453617157038
2968,-0.7812405852148578,-0.7936097900908803,-1505.7232923222555,-1506.2561539817477,0.39736372537523,2.7658666407177273
2969,-0.7875439829621241,-0.7920129616227113,-1502.0841398240395,-1502.6706902938472,0.2325741323233677,1.4343823174138806
2970,-0.7780827785144215,-0.792247116761665,-1267.5720752918753,-1267.5720752918764,0.3307239084421829,2.092931462604052
2971,-0.7782209608233218,-0.790785861476572,-1505.7137616420284,-1506.282788372405,0.38410024796029274,2.7445528819327967
2972,-0.7839296478425023,-0.7943420319215392,-1335.9707851491155,-1335.970785149118,0.29476499244449156,1.6485345680630523
2973,-0.7863224904777849,-0.7952648852816289,-1505.3466732077718,-1505.3509926070155,0.30219273166591654,1.678601176616365
2974,-0.7872604590003108,-0.7948782099376722,-1505.262560799789,-1505.2904276778254,0.2789362132066449,1.5007289530826968
2975,-0.7868860788640519,-0.7945053653699368,-1505.2601742506858,-1505.288644800276,0.2740305461261414,1.469479950729296
2976,-0.781307171112089,-0.7933070704164914,-1505.5183527656077,-1505.5183527656077,0.3701761414991817,2.562897321479308
2977,-0.7845499394961392,-0.7957394965483692,-1505.359149998476,-1505.359149999486,0.36865391211389825,2.397681673923189
2978,-0.7826154178264346,-0.7939578554911547,-1505.3591487284064,-1505.3591495382325,0.341605820013443,2.1712268133562946
2979,-0.7825570702280731,-0.7939326979921503,-1348.287793819348,-1348.287793819352,0.3050982030326658,1.773681199667568
2980,-0.7806523218679491,-0.7923536091959087,-1505.3757981097874,-1505.3757981097874,0.34158838456314555,2.2899751567621673
2981,-0.7863938163018878,-0.7933091420002342,-1505.0727518952847,-1505.1460891636184,0.2503915728313789,1.3885504033366283
2982,-0.785692903657378,-0.7969326456197394,-1439.8751810988517,-1439.875181098852,0.37384125508580623,2.162513929253583
2983,-0.7787061117837277,-0.7926102913299635,-1329.9266247379546,-1329.9266247379553,0.360134000025068,2.2649775786500883
2984,-0.7853499595621175,-0.7964064361887645,-1413.80060949064,-1413.8006094906418,0.3543481302378936,2.0389309139990353
2985,-0.7873396981656225,-0.7927063991447098,-1503.7533707606758,-1504.0795542264282,0.23805485089328363,1.4328863573886044
2986,-0.7831334451129996,-0.7916793536357745,-1336.4726987330464,-1336.4726987330466,0.2350065772671126,1.400507922020569
2987,-0.7889653801654156,-0.7956476328201344,-1505.0602692759762,-1505.1368210498633,0.28426011128942164,1.6469457506967797
2988,-0.7888995097320969,-0.7956842195352368,-1505.095201834736,-1505.1637871883222,0.2852927099788938,1.6436423708886465
2989,-0.7855114685411981,-0.7927389030521692,-1505.1628298070702,-1505.2152338460307,0.2459320795197936,1.332313792969725
2990,-0.7818816145265046,-0.7920705264886869,-1505.3568391795611,-1505.3577331953634,0.28522678166980847,1.7941415608819902
2991,-0.7806898819503205,-0.7909794090273673,-1505.3574657240063,-1505.3581272350646,0.27835790731493804,1.7805664525242442
2992,-0.7874409012172441,-0.7937792477645503,-1504.8240814782657,-1504.9508249230685,0.25406758824702297,1.4676218792266436
2993,-0.7845561241243948,-0.7948957406026667,-1505.3585497150482,-1505.3588913180777,0.32878318560449366,1.9468495654252767
2994,-0.7849899100445364,-0.7943745196468297,-1505.3529306105495,-1505.355196151865,0.2986906575650747,1.7042011955432927
2995,-0.7840570084159302,-0.7931044002841168,-1505.3465719952362,-1505.3508823837444,0.27653134058689033,1.5889158551918983
2996,-0.7808845299549241,-0.7927887083741116,-1505.4896961625152,-1505.4896961625152,0.3576844797206223,2.4634689097944964
2997,-0.7860854234951334,-0.7920051386644841,-1504.4805359284883,-1504.6733303586427,0.22987005096722135,1.3310055727706507
2998,-0.783280694294446,-0.7917611624348975,-1505.3219712396622,-1505.3336361099089,0.2505013547062708,1.4115554551984562
2999,-0.7794783083091512,-0.791818484587276,-1505.8184773976561,-1506.3812644513014,0.38234685070235147,2.769241475637766
3000,-0.780497002661146,-0.792536881959809,-1505.5274263051604,-1505.5274263051604,0.3637701211700825,2.531178274784739
