CAPACITANCE,STORAGEK,VSTORAGE
5.92375,6.9375,15.518333333333333
9.42625,4.930833333333333,12.181666666666667
6.58075,4.587833333333333,10.908333333333333
9.369250000000001,7.292166666666667,11.395
5.85175,9.686166666666665,14.011666666666667
5.78425,7.2455,17.988333333333333
9.693249999999999,5.0568333333333335,15.991666666666667
5.52625,6.529166666666667,19.941666666666666
6.57175,7.6935,16.788333333333334
8.46325,3.019833333333333,17.808333333333334
7.83625,7.996833333333333,10.875
7.776249999999999,4.961166666666666,14.594999999999999
6.7982499999999995,5.231833333333333,15.978333333333333
6.05125,6.1161666666666665,12.865
7.311249999999999,3.7758333333333334,15.571666666666665
6.10375,6.816166666666666,13.075
7.7822499999999994,6.508166666666666,12.931666666666667
6.843249999999999,8.300166666666666,13.401666666666667
6.24025,5.325166666666666,13.745
8.04025,4.279833333333333,14.571666666666665
9.83575,5.9085,10.001666666666667
8.659749999999999,6.3145,19.568333333333335
6.46825,8.2815,11.548333333333334
8.63125,3.3885,16.548333333333332
6.41725,5.5888333333333335,14.051666666666666
9.877749999999999,5.147833333333333,18.371666666666666
7.33225,5.122166666666667,11.195
7.69675,9.326833333333333,18.055
9.67825,3.9718333333333335,15.325
7.18225,9.011833333333334,19.515
9.63325,9.322166666666668,13.555
8.18575,3.407166666666667,18.985
6.40825,9.823833333333333,10.408333333333333
8.05375,9.921833333333332,11.625
8.25475,4.2775,12.711666666666666
8.58025,7.618833333333333,13.085
5.91925,9.627833333333333,17.62833333333333
9.71725,7.0775,14.175
9.499749999999999,3.4841666666666664,16.41166666666667
9.26275,8.6665,19.151666666666664
7.824249999999999,5.171166666666666,18.335
9.973749999999999,5.815166666666666,10.218333333333334
9.64525,8.528833333333333,13.875
7.13725,4.226166666666667,15.905
7.15525,8.552166666666666,18.26833333333333
5.51875,3.894833333333333,16.028333333333332
8.50225,9.427166666666666,12.985
7.86925,7.161499999999999,11.621666666666666
6.20125,3.733833333333333,18.064999999999998
7.6232500000000005,7.140499999999999,13.018333333333333
5.66725,5.5095,14.208333333333332
9.88825,9.221833333333333,16.655
8.57575,6.032166666666667,16.551666666666666
6.16075,5.012499999999999,12.791666666666666
5.57275,4.853833333333333,15.311666666666667
7.9502500000000005,7.075166666666666,16.665
6.85225,8.750499999999999,14.235
6.73375,4.660166666666667,10.701666666666666
7.21375,3.2718333333333334,14.171666666666667
7.4552499999999995,9.105166666666666,13.011666666666667
5.95825,8.416833333333333,13.238333333333333
7.66975,3.3978333333333333,19.261666666666667
9.35125,9.053833333333333,17.388333333333335
6.46525,5.654166666666667,14.985
6.44125,8.400500000000001,13.521666666666667
6.52675,9.931166666666666,10.741666666666667
5.75425,6.3821666666666665,15.605
9.66325,5.9855,10.698333333333334
5.83075,6.148833333333333,12.635
9.06625,9.9895,14.831666666666667
5.86075,6.389166666666666,17.848333333333333
5.66275,4.244833333333333,15.081666666666667
5.50225,4.944833333333333,12.001666666666667
7.67725,9.144833333333333,11.101666666666667
8.92075,7.894166666666666,13.661666666666665
8.77375,5.871166666666666,16.691666666666666
6.27025,6.9585,17.141666666666666
8.58325,8.2325,18.781666666666666
7.48375,7.233833333333333,13.965
8.42275,4.594833333333334,16.634999999999998
7.35175,5.948166666666666,15.678333333333333
8.61925,6.475499999999999,17.861666666666665
6.26425,7.723833333333333,13.028333333333332
8.51125,4.8374999999999995,18.405
9.591249999999999,6.760166666666667,11.468333333333334
6.01075,6.242166666666666,11.241666666666667
7.03975,6.2515,13.615
6.89575,6.568833333333332,15.701666666666666
7.47625,9.8565,17.858333333333334
5.63875,7.9735,15.635
7.60975,9.889166666666666,16.578333333333333
9.37225,8.685166666666667,15.811666666666666
9.23425,7.7985,13.821666666666665
8.71825,8.832166666666666,14.575
6.654249999999999,5.808166666666667,15.525
5.66425,7.614166666666667,16.858333333333334
9.502749999999999,5.663499999999999,14.995
6.07225,8.605833333333333,19.398333333333333
5.81125,8.720166666666666,19.505
6.3302499999999995,9.476166666666666,17.814999999999998
7.858750000000001,9.5975,12.491666666666667
7.65925,6.1605,11.968333333333334
5.69425,8.570833333333333,13.635
7.71325,4.7255,11.798333333333334
8.44675,9.564833333333333,17.438333333333333
6.76825,5.1875,11.475
7.20175,3.141166666666667,18.80833333333333
6.13525,4.755833333333333,10.025
7.48975,9.2055,14.934999999999999
9.86425,6.083499999999999,19.241666666666667
9.51925,6.4265,17.915
7.74925,8.346833333333333,14.205
6.85525,9.212499999999999,10.101666666666667
9.94225,7.7915,13.174999999999999
8.370249999999999,5.427833333333333,12.678333333333333
8.058250000000001,8.664166666666667,15.128333333333332
7.3862499999999995,4.604166666666666,14.971666666666668
8.63425,3.8925,15.478333333333332
7.06675,3.390833333333333,10.865
9.694749999999999,8.955833333333334,18.631666666666668
8.26225,5.8595,10.231666666666667
7.80625,7.5115,11.251666666666667
7.81075,4.8421666666666665,13.761666666666667
9.00925,9.578833333333332,13.281666666666666
8.05675,7.296833333333334,13.548333333333332
7.95325,3.0455,14.885
7.42075,9.098166666666668,19.825
5.89075,8.878833333333333,19.72833333333333
6.88225,9.849499999999999,11.318333333333333
5.85775,6.5595,13.031666666666666
8.87425,7.646833333333333,12.135
7.264749999999999,6.120833333333334,15.491666666666665
7.99825,4.0115,15.121666666666666
8.12425,4.7745,17.884999999999998
7.47175,9.970833333333331,18.548333333333332
7.543749999999999,6.501166666666666,10.468333333333334
9.10375,3.7175,19.604999999999997
6.95425,3.6311666666666667,16.008333333333333
8.78275,6.6691666666666665,10.678333333333333
6.81025,7.177833333333333,11.801666666666666
8.01475,4.118833333333333,19.258333333333333
6.0482499999999995,4.3055,18.775
8.29525,4.146833333333333,15.391666666666666
5.76025,9.177499999999998,16.965
6.58975,3.4818333333333333,10.591666666666667
8.20675,3.2905,16.625
7.15225,5.775499999999999,13.155
9.210249999999998,6.176833333333333,15.035
7.50925,5.343833333333333,10.985
6.18475,5.115166666666667,12.238333333333333
5.97775,8.7365,18.031666666666666
7.10575,7.5745,16.015
7.870749999999999,4.828166666666666,13.998333333333333
9.85525,8.031833333333333,12.761666666666667
6.99775,3.0641666666666665,17.005
9.34825,4.2565,17.055
9.41725,5.469833333333333,18.244999999999997
7.39375,3.7151666666666667,18.011666666666667
5.68675,8.136833333333334,11.978333333333333
8.59975,3.2415,14.318333333333333
8.95525,7.649166666666666,10.905
6.54925,7.597833333333333,11.021666666666667
6.35875,4.5155,15.321666666666667
8.62675,7.348166666666667,15.468333333333334
6.61975,5.0755,16.911666666666665
8.42425,3.0128333333333335,18.488333333333333
7.42825,6.498833333333334,12.751666666666665
7.13875,7.6795,17.791666666666668
8.06125,9.802833333333332,10.981666666666666
9.80875,7.2315,18.918333333333333
8.749749999999999,3.7455,12.995000000000001
7.078749999999999,3.904166666666667,16.675
5.81875,5.2645,14.924999999999999
6.65125,4.818833333333333,13.801666666666666
7.65475,7.919833333333333,13.178333333333333
7.01575,6.701833333333333,19.421666666666667
6.8222499999999995,6.974833333333333,15.861666666666666
8.96725,4.863166666666666,10.868333333333334
7.79875,7.1895,10.811666666666667
8.464749999999999,5.045166666666667,15.884999999999998
5.86375,9.128499999999999,19.141666666666666
6.7517499999999995,5.0195,16.661666666666665
7.23925,5.1665,16.781666666666666
9.07225,4.706833333333334,16.198333333333334
7.41475,3.0828333333333333,18.195
9.90475,3.0385,15.891666666666666
7.684749999999999,7.0705,15.178333333333333
7.95175,4.440833333333334,13.378333333333334
5.71075,4.251833333333334,19.725
9.972249999999999,8.150833333333333,12.498333333333333
8.097249999999999,3.0268333333333333,18.994999999999997
6.39775,8.1695,15.711666666666666
5.77975,3.6521666666666666,19.685
5.73625,4.205166666666667,19.721666666666664
6.44875,5.441833333333333,19.548333333333332
8.03575,3.5004999999999997,10.228333333333333
7.0577499999999995,7.730833333333333,11.438333333333333
5.76625,9.7865,15.328333333333333
6.84925,3.8621666666666665,13.558333333333334
6.03775,7.828833333333333,10.291666666666666
9.71875,8.3165,18.77166666666667
9.72475,5.448833333333333,19.975
8.11225,6.547833333333333,16.311666666666667
6.32125,3.2461666666666664,15.775
9.90625,8.183499999999999,13.594999999999999
6.78775,7.772833333333333,17.001666666666665
5.98525,5.721833333333333,18.041666666666664
5.76175,4.958833333333333,14.651666666666667
8.26975,4.419833333333333,15.151666666666667
8.76925,8.335166666666666,19.884999999999998
7.72825,9.448166666666665,16.331666666666667
8.32225,8.1205,10.478333333333333
8.35825,9.4085,11.331666666666667
9.42475,4.156166666666667,16.638333333333332
9.64375,8.3235,17.725
8.20525,7.019166666666666,12.698333333333334
7.19125,3.7595,10.458333333333334
8.54425,7.7355,13.351666666666667
9.64075,7.940833333333333,11.351666666666667
9.32725,7.775166666666666,18.02166666666667
9.52225,3.6965,10.988333333333333
9.81325,6.708833333333333,19.608333333333334
8.08525,5.238833333333333,15.331666666666667
9.559750000000001,5.938833333333333,14.805
9.10075,7.8685,17.351666666666667
6.03625,9.609166666666667,14.758333333333333
6.97375,9.707166666666666,12.225
8.007249999999999,3.1108333333333333,11.275
7.23175,6.844166666666666,18.788333333333334
7.999750000000001,7.740166666666666,18.951666666666668
5.59375,3.334833333333333,14.715
9.00325,8.062166666666666,14.298333333333332
7.65775,4.0325,15.371666666666666
9.781749999999999,5.9271666666666665,11.558333333333334
9.688749999999999,8.360833333333332,11.261666666666667
6.26725,3.0011666666666668,15.415
6.01375,9.7935,15.125
6.48925,3.7058333333333335,16.755
9.58375,6.834833333333333,16.431666666666665
5.64625,8.493833333333333,18.988333333333333
8.23525,6.337833333333332,13.778333333333332
7.22725,5.777833333333334,15.225
6.750249999999999,8.776166666666667,15.628333333333334
6.66325,3.1715,13.955
9.70825,7.285166666666666,13.545
7.04125,4.3265,13.538333333333332
7.97875,3.1155,17.935
7.61575,4.639166666666666,19.801666666666666
7.33825,7.145166666666666,19.871666666666666
8.39125,9.9615,19.321666666666665
8.01325,5.7965,12.701666666666666
9.04225,3.4351666666666665,11.428333333333333
7.66225,4.1165,17.128333333333334
7.60225,3.029166666666667,10.275
9.309249999999999,4.937833333333334,15.008333333333333
5.95375,9.553166666666666,14.708333333333332
7.821249999999999,9.798166666666667,17.051666666666666
5.57725,8.815833333333334,18.861666666666665
7.89775,5.336833333333333,15.378333333333334
9.45025,4.153833333333333,17.528333333333332
8.18275,7.0565,12.605
8.28925,5.7615,12.398333333333333
8.434750000000001,3.8785,18.578333333333333
6.85975,5.969166666666666,13.291666666666666
7.7357499999999995,8.451833333333333,16.335
9.95725,6.211833333333333,16.368333333333332
7.09825,8.2745,13.228333333333333
6.04375,5.829166666666666,17.131666666666668
5.63575,3.2111666666666667,17.631666666666668
8.80975,7.656166666666666,11.651666666666667
6.39025,3.8971666666666667,19.335
7.34725,6.109166666666667,15.851666666666667
7.36675,4.727833333333333,10.215
8.001249999999999,3.621833333333333,11.938333333333333
6.23875,3.8738333333333332,15.024999999999999
5.82925,7.208166666666666,15.411666666666667
7.04275,7.1685,10.601666666666667
8.13625,6.6365,14.161666666666665
8.27275,8.899833333333333,14.875
6.3572500000000005,4.7395,16.791666666666664
7.5947499999999994,8.288499999999999,19.314999999999998
7.47325,6.442833333333333,14.344999999999999
6.67975,7.565166666666666,15.094999999999999
7.22275,3.8225,11.848333333333333
9.89575,8.780833333333334,13.768333333333333
6.97675,9.571833333333334,19.618333333333332
7.70125,5.9155,12.335
7.56325,7.093833333333333,14.898333333333333
8.379249999999999,4.674166666666666,11.908333333333333
6.36775,5.3065,12.838333333333333
9.85975,5.245833333333334,14.434999999999999
8.559249999999999,8.2395,15.045
7.500249999999999,3.5425,10.085
8.91325,9.112166666666667,11.965
8.82325,3.3745,12.275
9.75025,5.014833333333334,12.208333333333332
6.45925,9.7655,13.461666666666666
6.04225,7.156833333333333,15.084999999999999
8.61025,3.162166666666667,18.458333333333336
7.27525,8.864833333333333,11.495
9.273249999999999,8.0575,17.361666666666665
7.36825,3.750166666666667,10.888333333333334
6.00625,8.283833333333334,16.208333333333336
6.5192499999999995,5.0545,18.311666666666667
7.29475,7.9315,12.928333333333333
9.034749999999999,8.3865,15.975
6.90325,4.8865,19.235
7.3622499999999995,6.141833333333333,10.438333333333333
6.37825,3.7081666666666666,10.708333333333334
6.53275,9.620833333333334,18.835
6.91075,7.131166666666666,14.761666666666667
6.90925,9.147166666666667,18.265
6.29275,6.8535,15.961666666666666
6.50725,5.4465,13.208333333333332
6.57925,6.7251666666666665,15.408333333333333
7.1507499999999995,8.066833333333333,11.615
9.10675,4.823499999999999,15.621666666666666
7.83475,9.3105,14.521666666666667
7.01875,8.9605,12.288333333333334
9.12025,4.1818333333333335,16.895
9.17725,8.881166666666665,10.138333333333334
8.51425,4.629833333333334,15.928333333333333
9.564250000000001,8.174166666666666,13.381666666666666
9.53425,4.3195,12.215
9.66625,6.0065,12.971666666666666
6.06325,7.8405000000000005,15.011666666666667
8.31625,5.178166666666666,16.818333333333335
9.48325,9.371166666666666,13.995
6.72775,9.137833333333333,16.24833333333333
8.940249999999999,8.262833333333333,15.101666666666667
6.55075,5.1735,14.228333333333332
8.98225,5.1548333333333325,10.521666666666667
7.65175,7.572166666666667,14.768333333333333
7.357749999999999,3.6334999999999997,12.975
9.967749999999999,9.1425,14.241666666666667
9.39175,6.6155,11.375
8.08225,6.4055,10.115
7.80475,8.545166666666667,11.711666666666666
8.95075,5.0825,10.068333333333333
6.06925,4.167833333333333,17.188333333333333
8.61325,6.949166666666667,14.718333333333334
8.68375,5.5071666666666665,12.148333333333333
7.23325,3.8015,11.525
5.93575,9.639499999999998,17.368333333333332
8.36875,8.969833333333334,14.641666666666666
5.98075,7.0145,10.381666666666666
5.56075,8.115833333333335,10.911666666666667
9.651250000000001,6.5618333333333325,19.038333333333334
5.57125,4.097833333333333,17.721666666666668
7.00075,5.483833333333333,19.625
6.9152499999999995,5.7124999999999995,14.945
6.9857499999999995,3.0431666666666666,11.211666666666666
7.67875,6.309833333333333,13.295
9.15775,3.5168333333333335,10.011666666666667
5.70625,3.4048333333333334,19.601666666666667
6.87625,9.424833333333332,15.388333333333332
6.09925,4.646166666666667,19.47833333333333
5.89675,4.650833333333333,16.171666666666667
8.83375,7.7425,11.828333333333333
6.1232500000000005,3.113166666666667,16.831666666666667
8.01625,3.2321666666666666,18.828333333333333
8.92825,4.006833333333334,14.931666666666667
9.86125,7.082166666666666,12.621666666666666
8.28025,9.977833333333333,12.798333333333334
8.74825,3.5215,17.281666666666666
7.79575,9.4925,11.715
9.180250000000001,4.870166666666666,19.111666666666665
5.86975,5.651833333333333,14.408333333333333
7.30525,9.413166666666665,10.958333333333334
6.08125,7.688833333333333,19.098333333333333
9.46675,9.557833333333333,15.428333333333333
8.72125,3.1668333333333334,18.735
7.86025,3.817833333333333,12.511666666666667
5.54575,8.675833333333333,17.325
8.943249999999999,7.957166666666666,15.361666666666666
5.87425,7.2105,19.251666666666665
9.19525,7.163833333333333,15.531666666666666
7.76575,5.980833333333333,10.075
5.66875,7.191833333333333,15.834999999999999
8.03875,7.439166666666667,18.898333333333333
6.63325,9.473833333333333,13.441666666666666
6.937749999999999,5.826833333333333,12.555
6.74125,7.180166666666667,11.371666666666666
9.09925,5.574833333333332,19.134999999999998
8.190249999999999,5.3485,16.991666666666667
7.17925,8.094833333333334,14.385
7.27075,3.6265,11.681666666666667
6.34825,6.256166666666666,17.398333333333333
9.49375,4.034833333333333,15.251666666666667
8.68825,8.041166666666665,15.521666666666665
6.33475,6.8885000000000005,11.435
6.05725,3.789833333333333,17.491666666666667
6.81325,5.262166666666666,14.635
9.16525,8.227833333333333,17.198333333333334
9.14425,3.8761666666666668,16.345
9.48925,8.6105,17.744999999999997
8.40775,4.492166666666667,19.968333333333334
6.16675,8.202166666666667,11.755
7.72225,8.678166666666666,12.524999999999999
5.51275,9.945166666666665,12.625
6.30625,9.898499999999999,18.325
7.6442499999999995,4.0815,13.585
7.83325,4.086166666666667,19.928333333333335
9.62575,9.651166666666667,11.071666666666667
7.47925,6.505833333333333,10.335
6.49225,6.9864999999999995,17.068333333333335
8.11375,5.301833333333333,18.821666666666665
6.15175,4.2915,12.848333333333333
8.85625,5.733499999999999,14.538333333333334
9.57925,5.5305,11.361666666666666
7.405749999999999,9.623166666666666,15.211666666666666
9.04675,6.900166666666666,19.475
6.31675,5.1105,13.365
7.51675,6.650499999999999,14.481666666666666
8.86375,9.4575,11.265
8.66725,8.731833333333334,16.085
8.82775,7.3435,14.721666666666666
9.05875,6.855833333333333,18.388333333333335
9.04525,8.111166666666666,11.821666666666667
8.69575,8.6525,15.685
9.98725,5.224833333333333,10.145
5.93425,9.032833333333333,14.311666666666667
8.34325,7.915166666666666,16.76833333333333
7.09525,6.473166666666667,10.491666666666667
7.11175,8.2255,10.241666666666667
9.56725,7.982833333333334,14.131666666666666
7.27825,7.254833333333333,10.325
6.23125,8.783166666666666,12.271666666666667
8.47975,8.209166666666667,18.231666666666666
5.79775,4.4315,12.428333333333335
9.28825,7.978166666666667,14.958333333333332
5.60575,3.218166666666667,12.495000000000001
9.09475,6.0485,12.448333333333334
9.28525,6.312166666666666,12.925
7.70725,5.542166666666667,11.448333333333334
6.15025,7.7635,16.56833333333333
6.00775,5.2411666666666665,11.815
9.71425,6.655166666666666,17.251666666666665
8.35975,7.1498333333333335,15.638333333333332
6.02875,5.0335,16.945
9.26875,8.752833333333333,19.19833333333333
9.26575,3.6544999999999996,15.695
9.33925,8.1415,10.321666666666667
9.92425,9.126166666666666,19.238333333333333
8.95825,4.9285,10.825
7.69525,9.959166666666667,16.738333333333333
5.64025,4.282166666666667,15.938333333333333
8.07325,3.6755,18.965
9.70225,7.3015,13.571666666666665
7.93525,4.317166666666667,14.738333333333333
9.45325,6.025166666666666,11.721666666666668
8.16925,7.317833333333334,13.425
6.79225,3.540166666666667,10.008333333333333
9.55225,8.472833333333334,19.761666666666667
5.76325,4.1025,19.561666666666667
5.69725,5.4955,15.788333333333334
6.14875,7.520833333333333,10.235
6.1682500000000005,7.814833333333333,11.368333333333334
7.26025,4.8725,10.995
8.49925,5.213166666666666,10.998333333333333
7.23625,7.737833333333333,19.178333333333335
9.00175,3.932166666666667,14.045
9.54925,8.034166666666668,11.731666666666667
9.94525,3.7198333333333333,13.448333333333334
9.90775,8.934833333333334,13.671666666666667
6.28225,6.011166666666666,15.041666666666666
7.1267499999999995,3.1015,15.365
8.97775,5.479166666666666,18.761666666666667
9.43825,5.047499999999999,10.775
6.0767500000000005,4.0255,19.981666666666666
9.595749999999999,4.720833333333333,18.415
6.51025,7.418166666666666,14.855
8.70775,9.5345,13.928333333333333
7.266249999999999,9.952166666666667,16.841666666666665
8.60875,5.1081666666666665,10.285
7.92775,7.964166666666666,18.785
9.13675,9.3035,13.731666666666666
6.31225,5.2715,15.848333333333333
8.86675,4.4875,17.071666666666665
8.661249999999999,5.5024999999999995,17.701666666666668
6.10525,6.5805,11.365
9.38575,5.199166666666667,13.368333333333332
6.97225,7.369166666666667,19.418333333333333
7.75075,8.773833333333332,18.938333333333333
9.91975,9.039833333333334,18.498333333333335
8.27725,5.112833333333333,14.121666666666666
6.747249999999999,6.680833333333332,10.385
6.96325,9.3245,14.355
8.74075,9.252166666666668,14.115
9.05725,3.7385,11.888333333333334
7.0607500000000005,4.1771666666666665,11.045
7.05625,4.548166666666667,10.111666666666666
9.36775,4.163166666666667,18.688333333333333
9.57175,3.1085,15.611666666666666
6.6107499999999995,5.8035,14.838333333333333
6.27625,9.298833333333333,14.334999999999999
9.031749999999999,8.584833333333332,16.275
9.027249999999999,4.4991666666666665,15.658333333333333
8.088249999999999,4.212166666666667,11.785
6.36325,7.4765,14.168333333333333
6.45775,8.8765,11.918333333333333
8.08975,7.3854999999999995,10.091666666666667
6.19525,7.112499999999999,16.265
8.278749999999999,9.560166666666667,17.515
6.62425,3.6638333333333333,11.931666666666667
7.58575,3.5635,14.905000000000001
7.9712499999999995,6.113833333333333,13.268333333333333
5.77825,3.4701666666666666,14.901666666666667
7.686249999999999,4.4945,18.328333333333333
7.51375,9.294166666666666,15.995
8.17225,9.9265,17.208333333333332
9.09625,3.2648333333333333,10.778333333333332
6.22075,3.295166666666667,17.645
6.79075,4.9985,14.075
8.76475,5.150166666666666,19.025
6.94975,6.613166666666666,14.878333333333334
7.53475,5.4511666666666665,19.131666666666668
9.06175,8.643166666666666,11.145
5.84425,8.241833333333332,15.738333333333333
8.87575,9.317499999999999,10.271666666666667
8.334249999999999,7.6095,14.765
7.63075,6.918833333333334,16.15833333333333
8.92975,4.485166666666666,11.205
6.34525,7.691166666666666,15.924999999999999
9.97675,9.151833333333332,19.555
9.42925,9.879833333333334,18.718333333333334
5.79925,7.448499999999999,12.684999999999999
8.03125,5.836166666666666,16.121666666666666
8.32375,5.591166666666666,14.951666666666666
7.46875,9.023499999999999,10.738333333333333
6.30475,7.033166666666666,18.581666666666667
8.23375,9.714166666666667,15.078333333333333
8.96275,5.889833333333333,19.808333333333334
8.24575,9.3525,18.551666666666666
6.83725,4.9775,13.751666666666667
8.55775,8.972166666666666,15.645
9.62875,5.864166666666666,17.965
6.25075,5.906166666666667,18.455
8.33275,9.389833333333332,17.81833333333333
5.87575,7.667833333333333,15.801666666666666
7.44925,6.267833333333334,11.115
9.582249999999998,7.259499999999999,11.981666666666666
8.23675,9.0375,15.291666666666668
7.20925,3.1785,19.075
7.28125,8.976833333333333,11.695
5.91325,9.0445,18.288333333333334
7.19275,6.5151666666666666,11.278333333333332
7.00375,9.756166666666665,14.108333333333334
6.44275,4.772166666666667,13.004999999999999
5.77075,8.4775,18.494999999999997
9.11725,4.321833333333333,13.078333333333333
9.312249999999999,5.941166666666666,15.165
7.16575,9.742166666666666,13.048333333333332
8.49325,3.911166666666667,13.918333333333333
9.07375,6.477833333333333,18.185000000000002
9.676749999999998,8.8905,13.385
6.72625,3.1365,11.685
5.69125,5.511833333333334,12.221666666666668
6.72025,3.5961666666666665,12.568333333333333
7.6907499999999995,8.5825,15.971666666666666
7.81825,8.843833333333333,11.638333333333334
6.28975,6.9911666666666665,12.821666666666665
6.36025,4.503833333333334,17.905
8.35375,9.525166666666667,12.065
9.39475,8.6385,16.134999999999998
9.55825,4.7955,11.635
9.97975,5.675166666666667,17.101666666666667
8.53525,5.9295,15.131666666666668
8.81275,6.732166666666666,13.561666666666667
9.84325,5.7825,14.671666666666667
8.49475,7.226833333333333,11.645
5.68525,7.971166666666666,14.231666666666666
8.20075,3.4911666666666665,16.458333333333332
6.94375,9.3945,18.035
8.94625,9.613833333333332,19.431666666666665
9.54625,9.8775,11.865
7.06525,3.7035,13.168333333333333
6.57025,4.702166666666667,17.205
6.8252500000000005,3.6101666666666667,19.305
9.30175,9.9545,16.621666666666666
7.24375,8.834499999999998,14.211666666666666
6.18325,7.222166666666666,14.238333333333333
7.55275,9.5205,13.338333333333333
6.58825,4.373166666666666,19.041666666666664
6.07075,3.3768333333333334,16.031666666666666
7.5032499999999995,8.178833333333333,10.945
9.870249999999999,9.004833333333334,13.334999999999999
5.76775,8.7575,12.345
9.18475,7.275833333333333,19.368333333333332
7.60825,6.158166666666666,17.611666666666665
5.67475,3.4025,10.525
6.58225,6.018166666666667,18.138333333333335
8.77675,3.6405,10.948333333333334
9.61825,9.795833333333334,11.581666666666667
7.11775,5.206166666666666,14.258333333333333
9.28075,3.5751666666666666,12.545
7.61125,4.016166666666667,15.795
7.37125,6.722833333333333,17.608333333333334
9.685749999999999,7.8895,18.685
9.38725,3.3045,14.501666666666667
9.51625,7.709833333333333,16.941666666666666
5.82775,6.001833333333333,19.155
8.38375,9.0025,11.521666666666667
7.33525,8.1555,13.151666666666667
5.62975,6.354166666666666,18.634999999999998
8.376249999999999,4.2425,14.731666666666666
6.56125,7.8265,19.33833333333333
5.75575,5.8245,10.411666666666667
9.679749999999999,9.074833333333332,14.701666666666666
7.3847499999999995,8.020166666666666,16.811666666666667
9.37525,5.208499999999999,14.461666666666666
6.13825,8.8065,11.811666666666667
8.66425,8.444833333333332,17.541666666666664
9.586749999999999,5.532833333333333,10.735
9.84475,9.669833333333333,17.075
7.19725,7.096166666666666,10.768333333333333
7.08625,7.6655,12.325
7.05475,9.658166666666666,19.15833333333333
7.06225,3.4095,17.634999999999998
5.55925,6.596833333333333,16.618333333333332
9.42325,8.654833333333332,10.225
9.51325,6.323833333333333,11.221666666666668
6.68275,4.744166666666667,12.831666666666667
7.84825,9.770166666666666,14.991666666666667
7.5287500000000005,5.0055,12.365
5.99425,5.7195,19.218333333333334
8.560749999999999,8.591833333333334,19.301666666666666
9.33175,4.1515,16.915
9.24775,6.967833333333333,15.841666666666665
7.77025,9.735166666666666,12.901666666666667
6.22375,4.664833333333333,15.541666666666666
6.36175,7.8475,12.981666666666666
6.75475,6.204833333333333,13.651666666666667
8.53675,6.8675,15.295
9.99025,4.450166666666666,17.278333333333332
5.87275,9.907833333333333,12.211666666666666
7.729749999999999,6.9305,10.941666666666666
8.68075,6.137166666666666,10.421666666666667
6.25525,4.188833333333333,16.064999999999998
6.29725,7.754166666666666,18.211666666666666
9.45775,4.7044999999999995,10.938333333333333
5.80825,3.1458333333333335,18.921666666666667
8.17375,9.539166666666667,10.045
5.53225,4.982166666666666,18.078333333333333
7.43725,8.223166666666668,12.205
8.941749999999999,4.667166666666667,14.325
9.775749999999999,4.104833333333334,13.158333333333333
6.77575,9.917166666666667,19.961666666666666
9.85375,5.3345,16.785
9.43375,4.940166666666666,14.655
9.16225,4.562166666666666,11.398333333333333
7.866249999999999,9.5275,18.384999999999998
9.744250000000001,5.126833333333333,10.808333333333334
8.13775,6.270166666666666,11.508333333333333
9.20425,5.556166666666666,11.705
9.57625,8.787833333333333,15.461666666666666
9.52975,8.181166666666666,15.335
7.75975,8.090166666666667,12.458333333333334
9.53125,3.1971666666666665,12.665
6.83575,5.3741666666666665,18.555
9.318249999999999,7.7145,11.948333333333334
5.85625,6.8815,18.744999999999997
8.43925,8.0015,10.148333333333333
8.19775,8.2045,10.971666666666668
6.58525,8.897499999999999,18.81833333333333
7.51075,4.5504999999999995,14.665
7.27675,9.858833333333333,18.108333333333334
6.87925,7.114833333333333,14.485
8.98075,5.9831666666666665,11.955
8.25925,7.450833333333333,11.991666666666667
5.62225,9.462166666666665,14.711666666666666
5.55025,3.341833333333333,16.845
6.85375,3.8248333333333333,16.685
6.01225,3.3931666666666667,13.501666666666665
5.89225,3.285833333333333,17.458333333333332
6.61525,4.079166666666667,17.531666666666666
7.77325,5.616833333333333,19.108333333333334
9.81175,5.8315,13.138333333333332
8.44375,9.588166666666666,19.118333333333332
8.96875,5.791833333333333,18.975
9.97825,5.6845,14.524999999999999
7.69825,3.0711666666666666,19.758333333333333
8.44075,3.7245,17.90833333333333
6.25975,3.428166666666667,18.028333333333332
9.132249999999999,6.134833333333333,13.825
9.14875,5.486166666666667,18.711666666666666
8.29225,5.5725,12.048333333333334
5.63125,7.166166666666666,18.935
5.63425,8.762166666666666,13.065
9.15025,8.440166666666666,13.844999999999999
8.81725,7.2665,12.021666666666667
5.83225,5.8385,16.441666666666666
8.29675,6.225833333333333,16.33833333333333
6.71575,9.193833333333334,12.045
6.10675,3.180833333333333,11.028333333333332
9.07825,7.884833333333333,10.835
8.73175,6.2165,19.611666666666665
8.68975,5.201499999999999,17.27166666666667
7.18675,5.304166666666667,16.47833333333333
7.86775,9.5765,10.188333333333333
7.47025,9.872833333333332,18.601666666666667
9.082749999999999,7.9478333333333335,17.851666666666667
6.933249999999999,5.658833333333333,16.308333333333334
9.34975,5.287833333333333,17.691666666666666
6.50575,7.387833333333333,18.608333333333334
7.05175,3.2881666666666667,13.864999999999998
6.63925,7.4975,17.294999999999998
6.01525,4.5785,14.871666666666666
5.88325,4.8095,15.188333333333333
8.25325,4.342833333333333,19.888333333333332
8.811250000000001,3.6451666666666664,11.065
8.655249999999999,4.807166666666666,14.548333333333332
9.373750000000001,8.622166666666665,19.395
6.06625,8.409833333333333,12.765
8.54875,3.939166666666667,18.97833333333333
7.32025,6.0905,10.128333333333334
6.19375,8.923166666666667,16.251666666666665
8.36125,3.6825,19.365000000000002
7.02925,7.037833333333333,19.211666666666666
7.261749999999999,8.4915,11.201666666666666
8.06875,6.851166666666666,15.235
6.54025,8.342166666666667,12.735
8.21425,4.2331666666666665,16.821666666666665
8.93425,8.9185,19.441666666666666
7.734249999999999,6.858166666666666,18.438333333333333
8.34175,3.0175,18.958333333333332
9.23875,5.5585,12.395
7.966749999999999,3.2811666666666666,18.805
7.25875,4.468833333333333,14.225
8.13325,5.416166666666666,14.348333333333333
8.10925,7.945499999999999,15.431666666666665
5.79175,9.196166666666667,13.418333333333333
9.30025,5.896833333333333,15.548333333333332
5.61775,8.769166666666667,13.748333333333333
9.01675,7.4205,18.648333333333333
8.80375,9.102833333333333,19.028333333333332
6.50425,3.9811666666666667,10.341666666666667
7.13275,6.3215,13.241666666666667
7.1732499999999995,4.615833333333333,14.315
7.1537500000000005,3.7921666666666667,10.301666666666666
9.98425,5.1851666666666665,19.858333333333334
8.77525,6.554833333333333,15.501666666666665
6.78325,8.640833333333333,19.348333333333333
9.67075,6.519833333333333,15.731666666666666
9.47875,6.6388333333333325,10.668333333333333
6.97525,3.4165,16.435
6.80725,8.514833333333332,15.771666666666667
8.48575,8.4985,14.888333333333332
7.404249999999999,3.7478333333333333,17.151666666666667
8.80525,7.1964999999999995,18.451666666666668
7.87225,7.0728333333333335,14.748333333333333
6.655749999999999,9.5625,12.198333333333334
6.02275,8.974499999999999,19.788333333333334
9.12475,6.004166666666666,11.341666666666667
8.07625,6.410166666666667,16.471666666666668
8.70925,4.401166666666667,11.055
8.57725,4.090833333333333,10.558333333333334
8.88475,9.4505,17.115
6.22525,7.315499999999999,13.301666666666666
7.72675,4.611166666666667,10.345
9.213249999999999,7.660833333333333,15.245
9.24475,8.727166666666665,19.288333333333334
8.89975,5.2995,10.105
5.95075,6.8021666666666665,11.081666666666667
7.14025,4.041833333333333,17.171666666666667
8.25625,3.4328333333333334,14.531666666666666
5.71375,6.071833333333333,15.261666666666667
6.70075,7.4135,16.075
6.59725,5.8805,10.048333333333334
8.47075,3.4234999999999998,11.831666666666667
8.194749999999999,4.135166666666667,12.085
7.50475,8.398166666666667,15.721666666666666
7.18375,7.203499999999999,13.921666666666667
5.88925,8.885833333333334,10.211666666666666
6.61375,4.331166666666666,18.431666666666665
5.61025,5.955166666666667,12.618333333333332
8.17525,4.989166666666666,19.525
7.14775,8.4705,18.848333333333333
6.39925,4.0745000000000005,18.111666666666665
7.11325,6.5945,19.59166666666667
9.07675,8.230166666666666,11.168333333333333
7.359249999999999,3.3838333333333335,10.361666666666666
9.25975,8.5755,11.481666666666667
5.80525,6.939833333333333,12.321666666666667
9.35875,6.935166666666666,15.688333333333333
6.42475,4.839833333333333,12.168333333333333
9.274750000000001,5.987833333333333,11.338333333333333
6.37525,7.534833333333333,10.805
7.7642500000000005,3.9018333333333333,13.578333333333333
6.83875,4.6905,16.731666666666666
6.97825,7.138166666666667,18.381666666666668
8.78725,6.265499999999999,15.791666666666666
8.96425,9.812166666666666,13.161666666666667
8.31175,6.4475,17.314999999999998
9.08125,8.332833333333333,17.405
7.28425,6.862833333333333,16.181666666666665
6.90625,5.248166666666666,10.691666666666666
6.27775,3.677833333333333,18.955
6.69025,4.249499999999999,13.188333333333333
8.96125,7.198833333333333,16.681666666666665
8.02675,9.1355,15.451666666666666
9.92125,9.7165,14.281666666666666
6.47875,6.540833333333333,17.681666666666665
7.74475,4.9704999999999995,18.871666666666666
6.49075,9.9825,18.351666666666667
5.74825,6.0695,10.545
6.69775,8.337499999999999,10.281666666666666
6.20575,8.3515,16.061666666666667
5.76475,8.458833333333333,10.451666666666666
8.72725,3.418833333333333,13.321666666666665
7.00225,5.9505,15.021666666666667
9.62425,5.0615,11.845
9.47125,6.970166666666666,13.481666666666666
5.70775,7.6165,17.668333333333333
7.72075,6.9655000000000005,16.641666666666666
8.91775,4.426833333333334,15.088333333333333
7.89325,7.217499999999999,19.381666666666668
6.81775,7.924499999999999,19.835
6.37225,5.605166666666666,12.611666666666666
8.23975,6.4895,12.741666666666667
8.12125,7.639833333333333,15.708333333333332
7.731249999999999,9.480833333333333,16.801666666666666
6.71125,5.7545,12.201666666666666
8.07925,7.845166666666666,16.751666666666665
6.73225,8.206833333333332,15.441666666666666
7.89025,8.927833333333332,10.611666666666666
9.123249999999999,7.7285,12.598333333333333
9.82075,6.809166666666666,18.128333333333334
9.63925,3.2018333333333335,14.811666666666667
8.53075,8.9115,11.788333333333334
5.64325,5.087166666666667,10.405
5.66575,4.387166666666666,18.398333333333333
8.39875,3.1551666666666667,11.188333333333333
8.85325,5.903833333333333,14.954999999999998
7.87975,6.4405,10.201666666666666
6.86425,8.619833333333332,12.485
6.06775,3.1178333333333335,18.941666666666666
6.43075,7.044833333333333,11.208333333333334
9.35275,4.121166666666667,17.875
5.54275,9.655833333333334,18.461666666666666
7.20625,4.377833333333333,17.225
6.04075,7.3294999999999995,13.451666666666666
8.95225,5.619166666666667,13.488333333333333
7.97275,4.408166666666666,14.725
9.67225,6.053166666666666,17.998333333333335
6.4037500000000005,3.3115,16.528333333333332
8.50825,8.097166666666666,17.741666666666667
8.66875,5.6658333333333335,12.808333333333334
6.38275,4.804833333333333,12.075
8.55325,7.6514999999999995,19.064999999999998
9.85225,4.3895,14.965
7.168749999999999,4.405833333333334,17.538333333333334
9.61375,3.3441666666666667,10.755
9.501249999999999,6.438166666666667,12.788333333333334
5.95225,4.935499999999999,12.638333333333334
8.14675,6.795166666666667,13.551666666666666
6.6587499999999995,3.1925,15.868333333333332
8.67175,9.1005,12.098333333333333
8.72425,7.236166666666667,14.891666666666666
7.18975,6.820833333333333,17.895
6.38725,8.951166666666666,10.921666666666667
6.04525,7.635166666666667,13.765
6.03175,9.634833333333333,19.045
6.68875,8.430833333333332,17.888333333333332
9.52075,9.165833333333332,19.65833333333333
9.02575,3.2601666666666667,14.628333333333334
6.03025,3.2531666666666665,16.151666666666667
6.55975,6.3845,10.721666666666666
7.28875,3.1061666666666667,18.868333333333332
5.64775,6.449833333333332,11.068333333333333
8.73025,9.543833333333332,14.094999999999999
7.57525,3.2228333333333334,16.37833333333333
8.847249999999999,4.293833333333334,13.638333333333332
7.35625,8.157833333333333,17.555
7.44175,7.009833333333333,11.418333333333333
8.467749999999999,3.7525,16.128333333333334
6.11575,8.8205,18.525
8.67025,9.863499999999998,12.861666666666666
7.7612499999999995,5.962166666666667,18.58833333333333
9.028749999999999,3.6498333333333335,18.501666666666665
7.0322499999999994,3.0105,14.515
8.754249999999999,9.641833333333334,12.231666666666667
7.36975,4.688166666666667,19.544999999999998
7.31725,3.6871666666666667,16.851666666666667
8.650749999999999,4.9191666666666665,15.368333333333332
6.20875,5.105833333333333,16.295
5.68225,9.581166666666666,14.048333333333332
6.58375,9.259166666666665,11.568333333333333
5.5817499999999995,9.5835,11.018333333333333
9.21175,4.5295000000000005,19.244999999999997
9.70975,9.315166666666666,16.055
9.66175,5.623833333333334,11.498333333333333
6.09325,8.108833333333333,18.318333333333335
5.77525,3.6078333333333332,19.668333333333333
6.77275,3.9275,17.798333333333332
8.82925,4.2588333333333335,19.854999999999997
7.9232499999999995,6.573499999999999,14.948333333333334
9.33025,6.2375,19.805
7.681749999999999,8.566166666666666,17.371666666666666
7.44325,8.437833333333334,10.578333333333333
9.62125,5.5165,17.47833333333333
9.94075,9.854166666666666,10.195
9.25225,7.4555,15.305
6.71725,6.3004999999999995,18.131666666666668
6.39175,9.672166666666666,19.91166666666667
7.90525,9.163499999999999,19.531666666666666
9.53875,8.836833333333333,17.481666666666666
9.65725,5.668166666666666,12.051666666666666
5.80075,7.5045,16.418333333333333
8.70175,6.106833333333333,15.945
9.20725,5.637833333333333,13.195
5.72425,3.3091666666666666,13.771666666666667
8.73325,8.003833333333333,11.771666666666667
6.27175,4.464166666666666,19.055
8.41825,8.479833333333332,19.455
9.72325,6.407833333333333,17.348333333333333
7.4072499999999994,8.148499999999999,12.315
8.90725,7.987499999999999,11.768333333333334
8.43625,5.504833333333333,17.551666666666666
8.26675,4.814166666666667,11.518333333333334
9.10825,4.6485,14.754999999999999
5.97625,7.548833333333333,19.674999999999997
7.90975,8.006166666666665,12.105
9.56275,4.160833333333334,12.431666666666667
7.02025,7.6305,19.451666666666668
8.73775,9.2265,17.191666666666666
9.879249999999999,8.255833333333332,13.641666666666666
8.59225,5.5235,13.531666666666666
7.00825,7.835833333333333,19.105
9.22975,3.0315,14.148333333333333
7.8077499999999995,5.007833333333333,19.125
9.99325,8.087833333333332,15.558333333333334
7.732749999999999,6.015833333333333,10.465
9.61525,7.586166666666667,18.618333333333332
6.53725,4.6765,15.968333333333334
8.64775,3.5121666666666664,12.688333333333333
7.04725,9.935833333333333,17.921666666666667
8.10325,6.7065,10.605
9.83425,8.164833333333334,19.331666666666663
8.92525,4.7604999999999995,12.161666666666667
7.41175,5.010166666666667,18.235
8.42125,7.905833333333333,15.495000000000001
5.51425,5.577166666666667,17.715
9.99925,6.307499999999999,13.655
7.91275,9.968499999999999,16.108333333333334
6.94675,6.088166666666666,14.375
7.687749999999999,9.469166666666666,19.095
8.15125,3.887833333333333,12.341666666666667
5.7932500000000005,8.538166666666665,10.391666666666667
6.12925,8.3095,13.274999999999999
9.690249999999999,8.874166666666667,14.918333333333333
5.84125,3.4888333333333335,16.814999999999998
6.71275,6.676166666666667,19.751666666666665
9.07975,3.075833333333333,16.08833333333333
6.06025,8.2115,14.928333333333333
5.75875,6.7485,13.111666666666666
9.93925,7.8918333333333335,14.388333333333332
7.780749999999999,5.8501666666666665,17.595
5.94925,7.7495,17.025
6.15775,6.5665,13.405
7.32625,7.079833333333333,11.878333333333334
8.72275,4.569166666666667,10.878333333333334
8.87275,8.027166666666666,10.598333333333333
6.78025,8.948833333333333,17.471666666666668
7.38175,6.757833333333333,10.348333333333333
8.77075,5.4395,16.615000000000002
6.32875,3.1575,14.445
7.21075,3.4865,13.631666666666666
8.34475,5.5865,19.585
9.79525,5.4978333333333325,17.365
6.45475,7.9035,14.191666666666666
7.86325,3.960166666666667,19.541666666666664
7.50775,5.553833333333333,11.355
9.04975,4.7115,12.768333333333333
7.98625,5.784833333333333,16.381666666666668
9.49075,5.217833333333333,16.025
9.54025,8.5055,17.708333333333332
9.30775,4.905166666666666,12.475
9.11425,9.2195,18.94833333333333
6.94825,7.555833333333333,10.975
9.24025,9.161166666666666,10.415
7.34275,4.779166666666667,11.178333333333333
7.75675,9.249833333333333,18.375
8.99875,6.8278333333333325,17.355
6.92275,7.779833333333333,15.778333333333332
6.15925,6.461499999999999,11.381666666666666
7.66375,6.830166666666666,12.371666666666666
6.19225,5.847833333333334,14.681666666666667
9.316749999999999,7.768166666666666,18.045
8.83075,7.849833333333333,16.02166666666667
6.01825,8.388833333333332,11.805
7.19425,3.2485,15.068333333333332
6.83275,8.7085,15.671666666666667
9.70075,9.781833333333333,14.138333333333332
9.46225,4.993833333333333,15.425
9.35725,6.4544999999999995,12.385
5.50825,9.256833333333333,17.255
6.30775,5.091833333333333,12.128333333333334
5.92225,9.8845,13.905
7.71175,6.666833333333333,13.398333333333333
6.40075,9.2895,18.638333333333332
8.40025,3.838833333333333,16.218333333333334
6.29425,3.8131666666666666,19.008333333333333
6.8927499999999995,3.4935,11.171666666666667
7.10425,8.3655,14.391666666666666
7.86475,7.460166666666667,15.434999999999999
9.91075,4.359166666666667,11.158333333333333
8.75875,6.886166666666666,11.421666666666667
8.31925,6.2025,10.705
7.39075,3.8901666666666666,15.965
9.684249999999999,4.909833333333333,18.061666666666667
8.187249999999999,7.719166666666666,12.691666666666666
6.76675,3.4958333333333336,13.808333333333334
6.74275,6.998166666666666,15.191666666666666
7.13575,9.186833333333333,17.651666666666667
6.30325,3.9555,15.568333333333333
7.2197499999999994,4.9495,10.795
7.48225,6.4125,16.558333333333334
9.54175,6.039166666666667,12.015
9.48175,6.599166666666667,17.465
8.50675,3.9065000000000003,14.605
8.67325,9.4435,16.515
5.53075,5.5794999999999995,15.705
5.83525,5.390499999999999,18.435
8.35675,6.379833333333333,10.461666666666666
8.46025,8.395833333333332,16.928333333333335
9.396249999999998,7.250166666666667,19.175
7.32775,3.561166666666667,12.908333333333333
9.72175,5.4045,13.121666666666666
9.73675,9.4225,12.145
6.22225,9.882166666666667,19.345
9.772749999999998,6.3285,10.531666666666666
8.62375,5.9645,17.738333333333333
9.118749999999999,3.7431666666666668,19.465
8.58475,7.9991666666666665,16.735
6.72325,7.604833333333333,16.695
8.092749999999999,9.014166666666666,12.415
7.123749999999999,9.434166666666666,15.871666666666666
6.15325,8.853166666666667,13.315
6.15475,5.5281666666666665,11.915
8.05225,3.922833333333333,18.705
7.81975,4.692833333333334,10.501666666666667
5.92675,8.367833333333333,12.121666666666666
8.430250000000001,7.1545,14.815
9.08575,7.243166666666666,18.34166666666667
8.63275,8.104166666666666,14.421666666666667
8.52775,4.475833333333333,13.931666666666667
8.90875,8.4635,14.401666666666667
6.64525,7.821833333333333,10.575
6.92575,7.103166666666667,16.545
7.53175,7.628166666666667,16.365
7.52275,6.8605,10.471666666666668
7.19575,3.1225,17.231666666666666
7.74775,8.325833333333332,15.588333333333333
8.80825,6.634166666666667,18.075
6.57475,4.1258333333333335,16.765
6.79375,3.1645,19.90833333333333
8.94775,4.1001666666666665,10.328333333333333
5.94775,5.770833333333333,18.418333333333333
9.23125,9.497166666666665,16.628333333333334
7.12075,9.711833333333333,19.991666666666667
8.49775,9.515833333333333,16.668333333333333
5.52925,5.570166666666666,15.155
8.41975,4.9075,13.165
6.0017499999999995,5.819833333333333,12.488333333333333
7.14475,6.041499999999999,10.798333333333334
7.62925,6.1815,14.141666666666666
8.87125,3.4141666666666666,13.245
7.915749999999999,7.289833333333333,13.728333333333333
7.22575,6.496499999999999,18.564999999999998
9.975249999999999,8.290833333333332,12.885
7.60525,3.3395,16.888333333333332
8.65225,8.6735,14.035
7.18525,3.0805,15.555
8.30125,9.511166666666666,15.918333333333333
8.92375,9.291833333333333,17.44833333333333
7.56175,3.4631666666666665,19.595
5.60425,9.501833333333334,10.838333333333333
9.13375,8.3585,11.295
7.4807500000000005,5.703166666666666,17.59166666666667
7.38025,4.7348333333333334,12.888333333333334
8.95375,7.0075,10.448333333333334
6.99175,6.921166666666666,16.961666666666666
6.11875,9.7025,17.76833333333333
9.64225,5.9785,11.108333333333333
5.99275,5.801166666666666,12.155
8.12875,3.523833333333333,17.525
9.778749999999999,5.693833333333333,16.125
6.21325,6.130166666666667,12.441666666666666
9.85075,4.2985,16.881666666666668
6.0497499999999995,8.892833333333332,17.095
6.85075,6.5175,19.145
9.52825,7.6375,18.125
8.09425,7.672499999999999,15.138333333333332
9.05425,7.086833333333333,17.318333333333335
7.09375,3.5145,14.688333333333333
6.67825,3.2765,12.115
7.69975,5.626166666666666,15.601666666666667
7.875249999999999,8.650166666666667,16.221666666666668
8.10625,4.324166666666667,18.171666666666667
7.15675,8.064499999999999,18.048333333333332
6.26875,4.037166666666667,14.321666666666665
6.6572499999999994,9.616166666666667,15.988333333333333
9.966249999999999,6.531499999999999,14.418333333333333
6.72475,7.8125,16.761666666666667
5.75275,3.5098333333333334,18.208333333333332
9.036249999999999,7.642166666666666,19.861666666666665
6.11125,7.8825,10.065
8.83675,9.9965,14.661666666666665
9.10225,7.306166666666666,17.108333333333334
6.13675,7.593166666666667,10.428333333333333
5.81425,9.6955,18.175
9.27925,8.9255,10.751666666666667
7.91725,8.3305,14.078333333333333
9.64675,7.6771666666666665,19.865
8.806750000000001,9.725833333333334,17.121666666666666
7.638249999999999,6.281833333333333,11.595
9.36175,7.373833333333333,16.351666666666667
8.193249999999999,9.805166666666667,11.718333333333334
8.13925,9.2335,18.491666666666667
8.569749999999999,8.580166666666667,18.47833333333333
6.88675,8.990833333333335,13.535
5.71225,7.968833333333333,11.504999999999999
7.29625,3.1435,17.778333333333332
5.99125,3.628833333333333,18.278333333333332
8.902750000000001,6.932833333333333,12.681666666666667
9.81625,4.758166666666666,16.301666666666666
8.73475,4.751166666666666,10.021666666666667
7.56775,9.772499999999999,14.021666666666667
8.757249999999999,8.764499999999998,16.081666666666667
6.03925,6.6715,12.811666666666666
8.88925,9.025833333333333,17.968333333333334
7.05925,4.541166666666667,11.728333333333333
6.47575,7.474166666666667,12.311666666666667
9.94375,3.2438333333333333,17.711666666666666
5.60125,4.531833333333333,18.715
6.42325,7.695833333333333,11.528333333333334
9.408249999999999,4.132833333333333,15.661666666666665
9.64975,6.9235,10.081666666666667
8.49175,8.629166666666666,18.22833333333333
7.84675,4.076833333333333,14.301666666666666
9.89875,9.924166666666666,15.528333333333332
5.63725,5.7265,12.875
7.46425,8.426166666666667,16.51833333333333
9.82375,5.2855,18.19833333333333
8.22325,5.294833333333333,17.08833333333333
6.52225,4.020833333333334,16.231666666666666
9.495249999999999,8.059833333333334,15.274999999999999
9.94675,4.2635000000000005,19.621666666666666
7.15825,6.865166666666666,11.271666666666667
7.23025,7.0681666666666665,12.055
5.79475,9.455166666666667,17.975
7.89625,7.182499999999999,16.141666666666666
8.25775,9.809833333333334,10.158333333333333
6.79525,4.832833333333333,10.351666666666667
7.30075,7.7588333333333335,16.958333333333332
7.825749999999999,4.641500000000001,16.775
6.55225,8.442499999999999,15.858333333333334
5.70475,3.551833333333333,10.551666666666666
6.63025,9.368833333333333,18.884999999999998
9.43975,3.7664999999999997,18.998333333333335
7.49425,4.6135,16.898333333333333
5.59525,8.958166666666667,12.754999999999999
7.43575,9.828499999999998,14.808333333333334
9.77425,4.013833333333333,17.451666666666668
6.67525,5.395166666666666,12.728333333333333
6.88525,3.5658333333333334,18.071666666666665
8.88775,3.9531666666666667,10.118333333333334
8.82475,9.949833333333332,10.508333333333333
9.74125,6.673833333333333,14.558333333333334
5.71825,3.7291666666666665,19.384999999999998
6.17575,3.5821666666666667,15.515
9.75175,6.911833333333333,16.538333333333334
9.82825,6.697166666666667,18.015
8.41225,9.242833333333333,19.278333333333332
5.83975,9.665166666666666,17.785
9.09175,6.837166666666667,14.001666666666665
9.01525,5.2924999999999995,10.355
9.880749999999999,7.744833333333333,10.388333333333334
9.36025,5.3134999999999994,13.221666666666668
7.5482499999999995,6.1978333333333335,17.145
9.126249999999999,7.7005,11.301666666666666
6.43225,6.484833333333333,18.441666666666666
9.589749999999999,6.2795,14.415
8.58175,9.994166666666667,14.441666666666666
5.88475,3.0058333333333334,15.864999999999998
9.44125,6.342499999999999,19.958333333333332
9.71575,4.7465,18.284999999999997
6.53875,6.260833333333333,16.068333333333335
9.70675,5.999499999999999,11.895
5.93725,7.625833333333333,14.648333333333333
8.20375,4.069833333333333,19.221666666666664
9.970749999999999,5.885166666666667,17.174999999999997
9.04825,8.489166666666666,11.551666666666666
7.27225,4.6695,13.851666666666667
7.84525,6.076499999999999,18.291666666666664
5.55775,6.214166666666666,18.748333333333335
8.91025,7.716833333333333,16.745
9.32125,5.8735,13.395
9.06325,9.662833333333333,17.925
8.51575,6.578166666666666,10.518333333333333
6.66925,9.886833333333334,15.338333333333333
8.755749999999999,3.9881666666666664,18.945
9.54775,3.1598333333333333,15.105
9.80125,7.936166666666666,11.175
6.75625,5.278499999999999,18.825
9.63025,7.219833333333334,10.821666666666667
7.37425,9.210166666666666,17.33833333333333
6.7997499999999995,6.5921666666666665,18.69833333333333
6.39625,3.8365,16.861666666666665
7.67425,6.8255,12.731666666666666
8.994250000000001,8.454166666666666,11.388333333333334
9.67375,5.4885,14.245000000000001
9.17425,3.400166666666667,16.891666666666666
7.10125,5.6868333333333325,14.088333333333333
6.48775,9.4785,12.058333333333334
7.88575,5.633166666666666,17.494999999999997
7.76725,4.5761666666666665,16.035
6.32725,5.920166666666667,16.465
9.597249999999999,3.9368333333333334,14.565
6.39325,4.2215,10.248333333333333
8.14525,8.916166666666665,17.955
9.48025,6.277166666666666,14.844999999999999
7.88875,4.296166666666666,13.055
8.16325,9.868166666666667,13.915
5.72875,4.618166666666666,11.004999999999999
9.19675,4.3918333333333335,16.741666666666667
8.37175,3.9251666666666667,15.511666666666667
8.07775,4.9425,12.708333333333332
7.71775,6.753166666666667,14.998333333333333
6.69325,9.308166666666667,13.285
8.71975,8.220833333333331,16.855
9.42025,7.2781666666666665,13.258333333333333
8.85475,9.693166666666666,16.935000000000002
5.62375,7.516166666666667,15.768333333333333
8.60425,7.632833333333333,17.041666666666664
6.18175,9.532166666666665,19.851666666666667
6.86125,4.1655,12.631666666666668
6.34975,9.3665,12.868333333333332
8.34925,7.238499999999999,18.215
9.08725,7.9431666666666665,19.425
9.46825,3.103833333333333,19.191666666666666
5.89975,7.142833333333333,10.658333333333333
6.699249999999999,9.284833333333333,15.344999999999999
8.44225,9.728166666666667,12.405
9.505749999999999,3.5308333333333333,15.135
7.53775,6.1674999999999995,11.861666666666666
6.73675,9.595166666666666,14.111666666666666
5.95975,3.673166666666667,19.895
8.12575,4.7138333333333335,17.918333333333333
8.40325,8.717833333333333,13.718333333333334
9.67525,5.514166666666666,10.991666666666667
7.08325,3.2695,16.598333333333333
6.7067499999999995,6.522166666666667,10.655
7.14325,9.739833333333333,16.395
8.59675,8.304833333333333,14.431666666666667
7.98475,3.2555,10.425
6.77125,7.793833333333333,16.83833333333333
8.67925,8.307166666666667,11.751666666666667
6.46375,9.9475,11.048333333333334
7.62775,4.898166666666667,17.048333333333332
5.77675,4.3825,18.298333333333332
8.04625,5.735833333333334,12.471666666666668
6.44725,7.992166666666666,17.605
5.97925,4.489833333333333,19.371666666666666
8.17675,3.8505000000000003,13.795
8.62975,8.818166666666666,19.311666666666667
9.47425,7.0495,11.141666666666666
7.62625,7.959499999999999,12.725
7.06975,8.213833333333334,13.458333333333332
6.24625,8.496166666666666,10.485
8.39575,3.5355,19.985
9.217749999999999,5.388166666666667,17.898333333333333
9.465250000000001,6.956166666666666,17.841666666666665
9.14575,7.261833333333334,16.461666666666666
9.19825,6.0975,14.988333333333333
9.44275,8.997833333333332,16.955
7.28725,8.706166666666666,19.40833333333333
7.62475,9.179833333333333,17.505
6.63475,9.9055,19.785
5.81725,4.825833333333334,14.614999999999998
5.84575,5.563166666666667,18.281666666666666
8.937249999999999,9.0165,14.105
7.44625,5.724166666666667,16.31833333333333
6.00025,8.724833333333333,13.288333333333334
7.908250000000001,8.829833333333333,10.621666666666666
8.26525,8.339833333333333,16.884999999999998
7.72375,7.8335,16.481666666666666
7.33075,4.0465,15.281666666666666
5.85475,4.1865000000000006,12.825
9.45625,6.5035,16.261666666666667
7.33375,7.371499999999999,12.551666666666666
6.37075,8.349166666666667,10.481666666666667
9.747250000000001,3.6801666666666666,16.605
6.44425,7.5325,13.475
6.12625,5.700833333333334,19.87833333333333
8.565249999999999,3.883166666666667,18.165
6.96775,3.2788333333333335,17.378333333333334
5.54725,4.363833333333333,15.625
9.777249999999999,6.284166666666666,16.425
9.687249999999999,8.710833333333333,14.198333333333332
7.64725,6.330833333333333,16.901666666666664
5.74075,4.6275,17.72833333333333
8.41075,9.021166666666666,15.998333333333333
6.99625,4.002166666666667,12.218333333333334
7.17175,5.581833333333333,15.985
9.14725,4.895833333333333,15.545
5.62525,9.7585,11.405000000000001
7.81225,4.482833333333334,15.301666666666666
6.5912500000000005,7.128833333333334,11.501666666666667
5.70925,4.027833333333334,13.478333333333333
9.46975,4.846833333333333,10.615
9.57775,4.9238333333333335,10.488333333333333
7.57375,3.8201666666666667,19.818333333333335
9.82675,4.422166666666667,18.571666666666665
6.17875,3.866833333333333,17.811666666666667
9.73975,5.332166666666666,11.738333333333333
9.92875,9.704833333333333,18.731666666666666
9.771249999999998,6.3565000000000005,13.215
7.89925,4.0535,14.201666666666666
8.64025,3.5051666666666668,19.881666666666668
7.22425,7.336499999999999,16.398333333333333
7.1282499999999995,9.1075,10.561666666666667
8.21125,5.175833333333333,14.155
5.52175,7.562833333333333,18.708333333333332
9.88375,9.816833333333333,14.288333333333334
5.90725,8.279166666666667,13.738333333333333
7.45825,6.3774999999999995,11.358333333333334
8.64475,3.7828333333333335,15.141666666666666
7.13125,6.6015,18.294999999999998
9.37075,5.2225,10.251666666666667
6.37675,8.801833333333333,16.805
8.01025,9.420166666666667,15.114999999999998
8.63875,3.7968333333333333,10.848333333333333
7.42675,7.313166666666667,14.278333333333332
5.73175,5.080166666666667,17.195
6.62725,9.000166666666667,10.791666666666666
6.70825,3.7688333333333333,16.688333333333333
9.088750000000001,4.671833333333334,12.581666666666667
7.65025,8.5125,12.805
8.77225,9.966166666666666,15.958333333333332
7.45975,5.3228333333333335,15.898333333333333
5.97475,8.743500000000001,12.078333333333333
7.03825,8.1345,18.401666666666664
5.60275,9.0725,15.485
6.76975,8.377166666666668,13.391666666666666
8.57125,8.930166666666667,18.87833333333333
5.69875,8.661833333333334,16.931666666666665
9.75925,6.494166666666667,16.758333333333333
8.86825,6.7905,19.648333333333333
6.61825,5.6354999999999995,19.645
9.84625,4.072166666666667,12.655
9.19375,6.813833333333333,15.158333333333331
8.12725,5.1525,16.131666666666668
8.520249999999999,6.1395,11.135
6.24475,3.1831666666666667,15.805
7.402749999999999,8.8275,12.748333333333333
5.91475,3.351166666666667,15.111666666666666
6.07375,7.091499999999999,13.341666666666665
5.61625,5.924833333333333,12.911666666666665
6.52075,4.9215,11.555
8.31025,7.1335,12.038333333333334
8.12275,9.753833333333333,19.83833333333333
8.87725,4.510833333333333,13.225
7.588749999999999,9.529833333333332,18.27166666666667
7.88725,4.625166666666667,18.72833333333333
5.8157499999999995,9.9125,13.318333333333333
9.02425,6.0205,12.521666666666667
6.92725,9.1985,15.181666666666667
7.93825,8.297833333333333,17.058333333333334
6.91375,9.508833333333333,17.275
9.24625,7.9944999999999995,14.825
5.50375,3.1201666666666665,11.765
7.10875,3.4538333333333333,13.388333333333334
8.944749999999999,8.218499999999999,10.475
7.957749999999999,4.979833333333334,13.934999999999999
8.22175,4.965833333333333,12.388333333333334
7.18075,3.6055,12.418333333333333
7.70875,6.230499999999999,10.441666666666666
6.0032499999999995,7.147499999999999,12.438333333333333
8.69125,5.124499999999999,19.328333333333333
7.39825,3.047833333333333,10.581666666666667
8.11825,6.6295,14.328333333333333
9.16975,6.1114999999999995,13.608333333333333
8.06725,7.2828333333333335,12.941666666666666
5.58325,7.800833333333333,14.428333333333333
5.70175,7.303833333333333,12.151666666666667
7.41775,8.1975,11.675
9.033249999999999,7.502166666666667,17.035
9.08425,5.353166666666667,17.235
8.08675,6.953833333333333,18.241666666666667
8.48125,5.6145,17.15833333333333
7.01725,7.607166666666667,19.08833333333333
6.22825,4.051166666666667,13.601666666666667
5.75125,4.1935,12.195
5.84875,5.2155,17.241666666666667
6.24775,4.643833333333333,12.561666666666667
6.88075,8.573166666666665,19.628333333333334
7.91125,9.875166666666667,10.055
9.75325,3.0338333333333334,11.228333333333333
8.60575,9.436499999999999,19.691666666666666
5.80375,9.357166666666666,10.278333333333332
7.08775,7.2805,16.494999999999997
5.85325,9.8005,15.828333333333333
8.68225,8.871833333333333,18.005
6.59575,4.8795,16.531666666666666
5.50075,6.057833333333333,15.351666666666667
5.50675,5.196833333333333,17.511666666666667
5.99725,5.157166666666667,17.038333333333334
6.31375,6.046166666666666,16.925
9.459249999999999,3.7945,14.341666666666667
9.60175,8.078499999999998,14.371666666666666
5.93275,8.608166666666666,17.94833333333333
9.28975,3.5985,18.621666666666666
8.100249999999999,8.0925,17.641666666666666
8.22625,5.966833333333333,10.895
8.65675,6.186166666666667,19.231666666666666
9.783249999999999,8.101833333333333,18.741666666666667
8.22025,3.0548333333333333,19.76833333333333
8.70025,4.114166666666667,10.338333333333333
6.62575,5.315833333333333,18.831666666666667
6.68125,6.988833333333333,10.028333333333334
6.95575,8.682833333333333,10.731666666666667
8.10475,6.235166666666666,11.781666666666666
6.88375,7.126499999999999,19.775
9.66025,5.290166666666666,16.918333333333333
7.85425,7.4111666666666665,10.511666666666667
7.70575,7.6235,16.488333333333333
7.36525,7.887166666666666,14.504999999999999
8.52325,7.273499999999999,16.498333333333335
8.472249999999999,9.8915,13.421666666666667
5.94325,5.9528333333333325,14.511666666666667
6.60625,5.3275,11.088333333333333
8.82175,5.1385000000000005,10.915
7.075749999999999,3.754833333333333,13.705
9.69925,9.464500000000001,19.485
6.8942499999999995,3.712833333333333,18.91166666666667
6.02725,4.496833333333333,15.758333333333333
6.41425,7.747166666666666,14.735
6.18625,4.349833333333333,14.361666666666666
6.2852500000000004,9.329166666666666,18.411666666666665
9.57475,9.4155,13.625
5.65675,4.5248333333333335,11.841666666666667
7.93375,7.030833333333333,18.40833333333333
9.26425,7.184833333333334,10.818333333333333
5.67175,6.036833333333333,19.351666666666667
9.15325,6.9445,19.795
8.83975,6.470833333333333,15.171666666666667
6.11725,4.352166666666667,17.828333333333333
7.92625,3.8085,13.025
9.18175,9.546166666666666,11.025
9.32875,4.6625,11.185
6.96625,6.925833333333333,10.965
7.30825,5.203833333333333,10.015
9.86575,8.024833333333333,19.971666666666664
6.889749999999999,5.5515,18.915
6.21175,6.589833333333333,18.651666666666667
6.91975,7.509166666666666,13.975
7.312749999999999,6.5104999999999995,19.715
7.8302499999999995,6.022833333333333,12.445
5.51575,6.3985,15.475
6.48325,6.942166666666666,13.658333333333333
7.65325,4.195833333333333,11.885
9.28675,8.374833333333333,10.568333333333333
7.96075,4.275166666666667,12.331666666666667
8.97175,6.123166666666666,15.954999999999998
6.8462499999999995,8.391166666666667,11.758333333333333
9.91225,4.237833333333334,17.258333333333333
7.52725,6.2095,10.238333333333333
6.38125,3.2275,16.835
7.01125,5.913166666666666,17.868333333333332
8.69425,8.363166666666666,12.851666666666667
9.14275,9.417833333333334,16.575
9.43075,3.6988333333333334,14.691666666666666
7.918749999999999,6.764833333333333,13.781666666666666
9.11275,9.3735,11.735
6.18925,4.2844999999999995,11.898333333333333
8.51875,8.265166666666666,19.115000000000002
8.90125,5.243499999999999,19.814999999999998
6.67675,7.320166666666666,12.745
5.56825,7.5184999999999995,18.971666666666668
8.64175,6.6434999999999995,14.791666666666666
7.00525,6.351833333333333,10.931666666666667
7.125249999999999,4.6205,12.958333333333332
8.88025,9.709499999999998,12.895
9.030249999999999,5.539833333333333,14.798333333333332
7.43275,3.4608333333333334,19.828333333333333
6.77725,8.6945,15.818333333333333
7.1987499999999995,4.412833333333333,12.878333333333334
7.639749999999999,4.4455,10.901666666666667
5.82025,9.3595,12.081666666666667
7.24525,4.926166666666666,10.845
7.00975,8.808833333333332,14.491666666666667
7.97725,6.3705,12.108333333333334
7.75525,3.152833333333333,17.501666666666665
6.14575,4.2005,15.145
7.9697499999999994,9.8705,14.158333333333333
8.938749999999999,9.847166666666666,11.231666666666667
7.92925,7.0285,10.288333333333334
8.93125,6.253833333333333,11.515
6.82075,6.610833333333333,17.085
7.47475,3.190166666666667,13.968333333333334
7.32925,4.695166666666667,10.121666666666666
6.8237499999999995,5.392833333333334,14.598333333333333
6.26575,6.685499999999999,10.631666666666666
7.8557500000000005,7.058833333333333,18.90833333333333
9.61675,7.105499999999999,11.041666666666666
9.90325,4.300833333333333,18.118333333333332
9.72925,4.8165,16.90833333333333
8.62825,6.043833333333334,15.575
5.52775,7.100833333333333,19.44833333333333
9.86875,3.0991666666666666,12.558333333333334
9.64825,7.611833333333333,12.948333333333332
9.48475,6.263166666666667,11.098333333333333
7.14175,9.168166666666666,15.051666666666666
9.00625,5.0265,18.275
8.41375,9.084166666666667,16.541666666666668
7.46275,9.7235,13.741666666666667
5.82325,5.749833333333333,11.191666666666666
7.84075,3.684833333333333,19.924999999999997
6.18025,3.2391666666666667,11.565
9.33775,9.459833333333332,15.665
8.40625,9.910166666666665,14.771666666666667
6.47275,8.909166666666668,17.311666666666667
5.56225,5.525833333333333,11.535
8.39725,3.9695,13.068333333333333
7.25125,4.821166666666667,16.371666666666666
6.05575,4.4385,16.581666666666667
5.65825,8.507833333333334,12.041666666666666
8.373249999999999,5.5375,11.855
9.129249999999999,6.797499999999999,12.004999999999999
5.58925,7.6585,10.365
8.055250000000001,3.810833333333333,14.645
8.56225,7.5675,11.648333333333333
9.82225,9.0305,11.238333333333333
5.58025,7.733166666666666,14.184999999999999
7.16725,6.774166666666667,18.678333333333335
7.81525,8.8415,15.168333333333333
8.27125,6.874499999999999,17.648333333333333
9.598749999999999,8.9955,19.138333333333332
5.82175,6.7765,17.835
8.53225,9.347833333333334,19.161666666666665
7.71925,8.857833333333334,11.451666666666666
6.8447499999999994,5.535166666666667,15.038333333333332
5.67625,9.471499999999999,19.341666666666665
7.24975,4.436166666666667,17.291666666666664
9.19975,9.9195,13.128333333333334
8.30875,9.779499999999999,17.52166666666667
8.79325,4.3545,16.298333333333332
5.82475,8.192833333333333,10.675
7.18825,5.812833333333334,17.415
7.98775,8.468166666666667,18.424999999999997
6.40525,6.960833333333333,19.781666666666666
9.66775,9.203166666666666,17.561666666666667
9.90175,6.6575,17.945
7.49275,9.231166666666667,14.368333333333332
7.57075,3.4981666666666666,13.325
9.933250000000001,8.748166666666666,16.401666666666667
7.92175,8.596499999999999,12.541666666666666
9.930250000000001,3.9485,18.765
8.52475,4.608833333333333,14.908333333333333
7.16425,9.200833333333332,12.721666666666666
8.20975,6.7345,13.131666666666666
9.99775,5.696166666666667,10.061666666666667
6.99475,9.1145,12.455
9.70375,9.3385,15.901666666666667
9.41575,3.3021666666666665,13.198333333333334
9.49675,4.513166666666667,19.411666666666665
5.81275,8.132166666666667,15.551666666666666
7.4087499999999995,4.3475,19.165
5.83375,3.2065,18.248333333333335
6.87475,9.401499999999999,16.078333333333333
7.28275,9.081833333333332,12.921666666666667
9.75475,3.0221666666666667,11.328333333333333
9.76675,3.5938333333333334,14.851666666666667
8.281749999999999,8.692166666666665,17.655
9.745750000000001,5.8945,18.585
7.539249999999999,4.912166666666666,12.965
6.81175,3.3208333333333333,11.085
9.17125,7.7565,12.858333333333334
9.56575,7.5954999999999995,14.561666666666666
9.39325,7.530166666666666,15.538333333333334
9.63775,4.1585,16.111666666666665
8.55475,3.8061666666666665,12.478333333333333
9.961749999999999,8.318833333333334,18.604999999999997
7.43875,5.4605,17.248333333333335
6.31825,5.035833333333333,16.878333333333334
8.82025,9.791166666666665,19.001666666666665
7.34575,6.652833333333333,14.981666666666666
7.57975,3.2671666666666668,16.375
9.92575,8.577833333333333,10.608333333333334
7.50625,5.9435,16.185
6.36625,8.069166666666666,17.091666666666665
7.60375,5.7171666666666665,19.598333333333333
6.94525,7.366833333333332,18.465
7.97575,9.266166666666667,13.328333333333333
9.03925,6.400833333333333,14.008333333333333
6.5657499999999995,8.860166666666666,16.165
6.42775,5.546833333333333,15.148333333333333
5.74525,6.631833333333333,19.468333333333334
7.545249999999999,9.826166666666666,15.298333333333332
8.935749999999999,3.3861666666666665,13.708333333333332
8.620750000000001,7.590833333333332,14.938333333333333
7.5497499999999995,6.7695,18.905
6.05875,3.4795,11.415
7.09675,3.694166666666667,17.288333333333334
9.183250000000001,4.506166666666667,14.405
6.64825,3.0688333333333335,13.891666666666666
7.41625,7.422833333333333,16.52166666666667
7.66675,6.9725,13.235
8.658249999999999,9.336166666666667,18.025
7.56625,6.981833333333333,19.538333333333334
6.60025,7.6445,15.488333333333333
8.76325,9.749166666666667,13.828333333333333
7.4567499999999995,3.8341666666666665,14.601666666666667
6.83425,6.890833333333333,17.941666666666666
6.73975,6.3915,17.618333333333332
7.2467500000000005,4.191166666666667,11.445
6.38425,3.9905,19.638333333333335
8.932749999999999,3.8808333333333334,16.561666666666667
6.95875,4.5435,17.211666666666666
8.36275,4.433833333333333,18.645
6.22975,3.323166666666667,16.258333333333333
7.16125,4.0605,18.528333333333332
9.36475,7.0215,14.395
7.12975,9.378166666666665,11.378333333333334
7.84225,5.042833333333332,10.595
6.56275,8.475166666666667,15.465
5.53825,7.8661666666666665,13.648333333333333
8.52175,3.4258333333333333,18.628333333333334
5.52475,3.257833333333333,13.094999999999999
5.59075,3.6918333333333333,17.705
5.85025,9.938166666666667,19.481666666666666
8.62525,8.671166666666666,18.445
7.61425,7.383166666666667,11.425
6.73825,3.9158333333333335,18.545
8.20225,7.247833333333333,18.625
9.874749999999999,7.2011666666666665,15.895
9.37825,4.174833333333334,14.215
9.65875,6.067166666666667,18.595
9.73825,4.4805,16.188333333333333
8.21875,6.1465,19.848333333333333
9.76225,7.4695,16.321666666666665
6.30025,9.760833333333334,18.865000000000002
9.88525,4.800166666666667,16.178333333333335
6.62125,6.914166666666667,14.961666666666666
9.95575,3.7221666666666664,12.781666666666666
6.12775,3.8551666666666664,12.118333333333334
8.23825,4.9845,14.135
6.96925,4.797833333333333,18.058333333333334
6.86875,8.0365,15.641666666666666
7.8527499999999995,5.6611666666666665,14.821666666666665
6.00475,5.840833333333333,13.201666666666666
8.24275,5.644833333333333,12.481666666666667
5.96875,4.030166666666666,19.415
6.09175,5.094166666666666,18.538333333333334
6.99325,6.414833333333333,19.048333333333332
6.49825,6.8115,15.285
8.97625,3.4585,15.915
6.6122499999999995,3.467833333333333,18.791666666666664
8.82625,8.668833333333332,11.761666666666667
7.26325,8.073833333333333,15.735
5.88025,3.474833333333333,13.371666666666666
7.40125,6.2445,15.718333333333334
9.20575,9.6465,14.621666666666666
7.44775,4.083833333333334,12.531666666666666
5.62675,3.4444999999999997,18.515
9.76375,6.8955,10.041666666666666
8.24725,6.2725,15.941666666666666
7.66825,6.1745,10.781666666666666
6.86275,3.0945,13.815
8.60125,9.991833333333332,14.285
7.43425,5.759166666666666,13.588333333333333
9.588249999999999,5.465166666666667,15.651666666666666
7.78525,4.538833333333333,16.778333333333332
9.72775,4.230833333333333,10.168333333333333
7.8767499999999995,3.4398333333333335,18.471666666666664
8.85775,4.951833333333333,19.875
6.2627500000000005,7.975833333333333,17.695
7.641249999999999,4.6835,17.421666666666667
6.92875,9.903166666666667,13.665
6.69175,9.140166666666666,17.558333333333334
9.92275,7.0005,10.725
8.41525,9.154166666666667,15.241666666666667
9.51025,7.880166666666666,13.271666666666667
8.40475,4.384833333333333,17.008333333333333
7.29325,8.944166666666666,15.398333333333333
8.62225,6.365833333333333,19.868333333333332
9.969249999999999,6.512833333333333,17.65833333333333
5.9087499999999995,8.745833333333334,19.02166666666667
8.78425,7.4624999999999995,16.09166666666667
6.27325,3.7408333333333332,11.491666666666667
8.07175,8.216166666666666,16.118333333333332
9.11575,8.846166666666665,12.571666666666665
8.68525,6.333166666666666,17.165
9.28375,3.208833333333333,19.901666666666667
9.787749999999999,7.047166666666667,17.485
8.50525,5.833833333333333,16.871666666666666
6.47125,7.6865,15.048333333333332
5.98975,3.6591666666666667,15.618333333333332
9.27025,8.048166666666667,17.428333333333335
9.98275,4.380166666666667,16.195
5.78875,5.420833333333333,19.488333333333333
7.683249999999999,8.5475,12.528333333333332
9.220749999999999,5.7055,19.918333333333333
6.42175,8.2955,19.195
8.89525,8.503166666666665,12.158333333333333
7.8317499999999995,4.142166666666666,17.581666666666667
8.32075,5.4185,11.575
8.97475,5.437166666666666,17.244999999999997
8.13475,3.7735,13.061666666666667
9.84925,7.229166666666666,17.308333333333334
9.313749999999999,8.407499999999999,19.708333333333336
6.80125,8.4355,10.588333333333333
6.31075,4.849166666666667,15.228333333333332
6.60775,3.2251666666666665,17.991666666666667
9.54325,9.431833333333334,10.431666666666667
9.54475,3.0898333333333334,12.228333333333333
5.91175,7.084499999999999,14.438333333333333
6.43975,7.831166666666666,12.998333333333333
6.984249999999999,5.4254999999999995,14.975
7.55875,3.5728333333333335,15.071666666666665
9.41425,3.8715,11.601666666666667
9.42775,5.4558333333333335,13.948333333333334
6.92125,9.942833333333333,19.695
8.51725,3.9928333333333335,17.69833333333333
7.671250000000001,7.908166666666666,12.668333333333333
8.32825,6.799833333333333,10.315
6.66775,7.453166666666666,19.27166666666667
7.24825,4.272833333333334,13.261666666666667
9.01975,4.394166666666667,19.735
6.25825,8.979166666666666,18.428333333333335
5.54875,8.185833333333333,14.488333333333333
8.27575,3.6895,18.168333333333333
8.662749999999999,7.8545,16.485
7.23775,8.766833333333334,11.408333333333333
9.24925,3.9578333333333333,11.461666666666666
8.72575,5.4815000000000005,16.585
5.52325,6.0344999999999995,16.771666666666665
7.93675,9.6815,15.004999999999999
7.98325,6.050833333333333,14.668333333333333
8.36725,5.5841666666666665,10.165
7.35025,9.070166666666665,10.841666666666667
6.41275,5.143166666666667,15.931666666666667
8.47825,9.896166666666666,16.601666666666667
6.97975,3.8411666666666666,17.285
6.1217500000000005,6.102166666666667,13.715
6.44575,4.933166666666667,14.801666666666666
9.43225,5.738166666666666,19.01833333333333
9.53275,8.412166666666668,19.921666666666667
9.18625,6.078833333333333,19.295
9.681249999999999,9.602166666666665,12.855
7.71475,8.356166666666667,15.238333333333333
6.18775,4.874833333333333,19.551666666666666
6.45175,4.7325,12.318333333333333
9.304749999999999,3.4515,15.118333333333332
7.55725,9.5485,11.111666666666666
7.0817499999999995,6.8185,13.605
8.84275,5.612166666666667,10.205
6.46675,7.026166666666667,17.931666666666665
7.80025,7.3341666666666665,17.585
9.61975,8.624500000000001,10.005
5.86675,4.8305,11.155
9.69625,9.744499999999999,14.188333333333333
5.91775,5.6401666666666666,11.928333333333333
7.90675,7.443833333333333,13.565
9.223749999999999,8.0715,15.761666666666667
9.91525,5.787166666666666,16.608333333333334
7.497249999999999,8.862499999999999,15.948333333333334
6.5432500000000005,9.592833333333333,13.525
9.02125,8.139166666666666,13.428333333333333
7.2692499999999995,5.689166666666667,12.835
7.6217500000000005,5.355499999999999,18.33833333333333
6.52375,5.710166666666667,10.305
9.36325,5.063833333333333,17.238333333333333
9.26725,3.4211666666666667,12.094999999999999
6.63775,3.6148333333333333,17.58833333333333
6.982749999999999,3.3488333333333333,11.971666666666668
8.556249999999999,6.340166666666667,18.738333333333333
6.57625,8.2675,15.934999999999999
6.78175,9.0795,19.938333333333333
5.74375,4.461833333333333,11.321666666666667
7.12225,6.4638333333333335,17.384999999999998
9.555250000000001,5.028833333333333,14.545
9.954249999999998,8.633833333333333,13.628333333333334
9.73225,3.0245,10.961666666666666
7.93075,4.900499999999999,16.535
6.9392499999999995,7.670166666666666,19.711666666666666
8.29075,7.359833333333333,17.598333333333333
7.10725,9.392166666666666,19.281666666666666
7.21225,3.666166666666667,18.655
6.97075,5.8758333333333335,14.591666666666665
6.46975,8.785499999999999,16.505
8.191749999999999,9.224166666666667,11.691666666666666
9.51175,9.445833333333333,11.031666666666666
6.09625,8.7225,13.911666666666667
8.81575,6.3261666666666665,19.405
7.11925,6.608499999999999,14.541666666666666
5.78125,4.0885,11.561666666666667
7.67275,6.428833333333333,17.995
9.882249999999999,7.040166666666666,17.548333333333332
5.73325,5.899166666666666,12.715
8.44975,9.833166666666667,17.855
9.841750000000001,4.858499999999999,12.254999999999999
9.225249999999999,3.5471666666666666,19.718333333333334
8.845749999999999,8.143833333333333,13.881666666666668
8.43325,4.058166666666667,15.728333333333333
6.19825,8.038833333333333,10.035
6.87325,6.295833333333333,11.198333333333334
6.76525,3.5705,10.788333333333334
8.76625,3.3791666666666664,13.331666666666667
7.27375,5.276166666666667,14.678333333333333
9.34375,6.571166666666667,16.611666666666665
7.64875,6.0088333333333335,10.851666666666667
9.45175,9.585833333333333,15.205
5.91025,3.9741666666666666,11.988333333333333
6.47725,8.010833333333334,12.251666666666667
5.87125,8.542833333333334,19.058333333333334
6.41875,8.615166666666667,18.201666666666668
6.20425,6.788166666666667,15.288333333333332
7.590249999999999,8.4845,11.818333333333333
8.752749999999999,9.700166666666666,16.40833333333333
6.71875,7.8755,19.101666666666667
8.58625,9.119166666666667,18.701666666666668
6.25225,9.660499999999999,16.388333333333332
6.95125,5.2505,19.435000000000002
9.57325,7.6025,18.991666666666667
7.3877500000000005,5.6705,17.178333333333335
7.23475,7.415833333333333,17.455
9.13975,9.679166666666667,18.091666666666665
9.94825,4.5995,13.108333333333333
8.50375,3.8645,16.511666666666667
5.94175,3.7571666666666665,13.485
8.02525,5.994833333333333,13.668333333333333
9.81025,6.893166666666666,13.184999999999999
7.02325,6.179166666666666,15.058333333333334
9.412749999999999,3.7361666666666666,12.025
9.837250000000001,4.590166666666667,18.778333333333332
7.14625,9.060833333333333,19.52166666666667
6.62875,7.397166666666666,13.834999999999999
6.03325,4.3614999999999995,16.865000000000002
5.92825,3.5915,13.218333333333334
6.3092500000000005,8.920833333333334,13.788333333333334
9.411249999999999,6.6995,18.378333333333334
7.44475,6.0275,14.351666666666667
9.16675,4.471166666666667,17.928333333333335
7.63525,8.113499999999998,16.161666666666665
6.05425,3.7641666666666667,11.745000000000001
6.00925,5.7475,15.221666666666668
9.93775,6.417166666666667,14.364999999999998
5.77225,6.7275,14.848333333333333
9.786249999999999,9.574166666666667,14.818333333333332
9.406749999999999,9.049166666666666,11.871666666666666
9.37975,4.5365,15.215
6.83125,4.996166666666666,11.605
7.35475,7.6001666666666665,16.631666666666668
8.89225,5.3695,14.221666666666668
5.82625,6.358833333333333,12.245000000000001
6.66175,5.8525,19.391666666666666
8.38825,9.2615,17.575
8.17075,7.856833333333333,10.445
7.07125,4.3685,19.22833333333333
8.08075,7.523166666666667,14.061666666666667
9.33475,7.457833333333332,16.26833333333333
7.779249999999999,7.224499999999999,11.911666666666667
8.34775,8.195166666666665,13.838333333333333
9.01225,3.9765,11.935
6.69625,3.3255,15.715
7.51825,3.4491666666666667,18.148333333333333
8.997250000000001,9.007166666666667,13.408333333333333
7.93225,6.848833333333333,15.751666666666665
6.9407499999999995,6.9025,19.655
7.66075,9.506499999999999,12.241666666666667
9.81475,9.998833333333334,17.615
6.54175,7.107833333333334,19.738333333333333
8.97025,4.286833333333334,11.218333333333334
8.382249999999999,9.599833333333333,10.295
7.21525,7.495166666666667,18.161666666666665
8.78125,5.444166666666666,19.355
8.04925,6.375166666666667,19.085
9.594249999999999,5.567833333333333,15.668333333333333
6.23275,9.361833333333333,10.498333333333333
8.98375,5.9575,10.918333333333333
7.99075,8.850833333333334,19.12833333333333
8.78575,3.3325,16.555
9.31075,9.763166666666667,18.485
7.09225,3.9648333333333334,14.058333333333334
5.69275,9.3805,12.504999999999999
9.41875,3.7268333333333334,13.091666666666667
8.06275,9.987166666666667,11.118333333333332
9.600249999999999,8.353833333333332,15.888333333333334
9.53575,8.0855,11.308333333333334
9.53725,4.4035,19.265
6.87025,4.947166666666666,14.118333333333332
8.38675,3.950833333333333,13.721666666666668
7.9487499999999995,6.3635,11.335
8.88325,7.873166666666666,12.298333333333334
9.037749999999999,4.9565,13.431666666666667
6.35275,4.216833333333334,14.265
9.09775,6.200166666666666,16.905
8.08375,7.0635,18.348333333333333
6.46225,3.6358333333333333,15.055
6.09025,3.5564999999999998,17.411666666666665
8.44825,8.888166666666667,13.841666666666667
8.81875,5.252833333333333,11.591666666666667
7.03675,9.7515,14.295
9.16825,8.626833333333334,14.358333333333333
8.83225,9.676833333333333,16.005
8.63575,6.1884999999999994,17.971666666666664
9.16375,5.220166666666667,10.185
8.94925,9.270833333333332,13.051666666666666
9.57025,9.861166666666666,13.081666666666667
8.40175,9.2405,16.69833333333333
8.64325,5.066166666666666,10.728333333333333
9.39925,8.153166666666667,10.765
8.244250000000001,5.266833333333333,19.988333333333333
9.561250000000001,6.694833333333333,16.095
9.84025,7.8055,19.031666666666666
6.34675,3.9671666666666665,11.838333333333333
6.43675,6.603833333333332,12.871666666666666
8.01775,8.941833333333333,15.075
6.33175,9.067833333333333,15.675
9.98125,6.7135,18.251666666666665
9.405249999999999,6.207166666666666,13.725
7.51225,3.8481666666666667,13.978333333333333
5.65225,3.5845,14.101666666666667
7.75225,4.1375,12.828333333333333
9.25375,6.963166666666666,11.538333333333334
5.98675,9.116833333333332,12.351666666666667
6.82825,9.4295,16.828333333333333
7.37725,9.933499999999999,15.838333333333333
7.6427499999999995,7.3084999999999996,11.061666666666667
8.67775,6.288833333333333,17.155
9.07525,6.305166666666667,12.348333333333333
9.98575,3.0151666666666666,11.471666666666668
5.70025,9.410833333333333,13.038333333333334
8.11075,4.3101666666666665,19.121666666666666
8.68675,5.210833333333333,11.181666666666667
9.79375,5.934166666666666,11.311666666666667
9.33625,4.1445,11.891666666666667
7.04575,6.232833333333334,19.631666666666668
9.73075,7.005166666666666,14.705
9.10525,6.767166666666666,11.268333333333333
8.64625,4.149166666666667,10.125
5.73025,8.8135,16.235
9.24325,7.2875,17.665
7.965249999999999,5.810499999999999,12.328333333333333
9.93625,4.2285,19.528333333333332
6.02575,5.161833333333333,12.584999999999999
6.91225,9.382833333333334,18.721666666666664
9.15175,3.6685,11.588333333333333
5.60725,7.499833333333333,11.531666666666666
9.29875,4.601833333333333,13.611666666666666
7.07275,9.0515,13.878333333333334
7.95925,8.738833333333332,15.481666666666666
8.65375,9.189166666666667,19.77166666666667
7.026249999999999,7.7215,19.965
8.40925,7.7075,17.375
7.08475,8.699166666666667,12.305
8.991249999999999,6.9048333333333325,13.348333333333333
7.16275,3.6708333333333334,11.485
8.42725,3.831833333333333,11.411666666666667
8.475249999999999,8.328166666666666,10.745
5.58775,3.4725,11.258333333333333
9.52525,7.478833333333332,18.368333333333332
7.09975,4.4431666666666665,14.081666666666667
9.66925,4.8445,11.091666666666667
5.65075,6.928166666666666,16.508333333333333
8.17825,3.5331666666666663,15.785
8.76175,8.7925,19.225
9.400749999999999,4.7908333333333335,17.081666666666667
6.23425,4.2075,12.905
9.838750000000001,4.986833333333333,11.131666666666666
8.742249999999999,9.088833333333334,19.641666666666666
8.844249999999999,5.1035,18.751666666666665
5.80975,4.107166666666666,13.145
5.77375,6.246833333333333,10.815
8.896749999999999,4.517833333333334,15.798333333333332
7.79425,4.261166666666667,19.748333333333335
5.59675,5.0008333333333335,12.465
5.90125,7.4905,12.188333333333333
9.91675,4.891166666666667,12.818333333333333
6.21925,6.746166666666667,15.754999999999999
8.77975,8.939499999999999,16.115
5.56975,5.882833333333333,10.681666666666667
8.710749999999999,5.707833333333333,11.998333333333333
6.80875,4.4665,17.881666666666668
8.89825,6.445166666666666,18.134999999999998
6.53125,8.248833333333334,18.541666666666664
9.20875,9.399166666666666,10.095
5.55325,9.8075,19.255
9.44575,8.524166666666666,18.755
9.56875,8.486833333333333,11.598333333333333
5.56375,8.601166666666666,12.421666666666667
7.52575,7.4368333333333325,19.798333333333332
5.89525,7.215166666666667,13.848333333333333
7.771749999999999,7.506833333333333,12.815
8.58925,4.737166666666667,12.538333333333334
7.06825,8.5405,18.001666666666665
7.46125,9.1215,15.815000000000001
8.20825,7.922166666666667,19.201666666666668
5.92975,5.4535,11.748333333333333
6.6842500000000005,4.741833333333333,18.531666666666666
8.340250000000001,9.674499999999998,13.941666666666666
9.83125,9.3315,19.671666666666667
7.88425,5.472166666666666,15.254999999999999
8.712250000000001,9.536833333333334,13.581666666666667
5.64925,5.8454999999999995,17.911666666666665
9.66475,7.471833333333333,19.564999999999998
8.51275,6.9795,18.924999999999997
5.72725,9.035166666666665,16.491666666666667
6.5927500000000006,5.9015,11.608333333333334
6.28075,3.7781666666666665,16.58833333333333
9.89275,9.056166666666666,13.015
6.55525,3.5588333333333333,19.511666666666667
9.05575,8.7295,17.395
8.90575,5.6775,16.951666666666668
8.10775,3.2158333333333333,10.378333333333334
9.27775,3.8434999999999997,17.821666666666665
6.07825,5.731166666666667,14.248333333333333
7.10275,4.5575,17.775
6.08725,4.478166666666667,11.001666666666667
7.33975,9.840166666666667,18.65833333333333
6.06175,5.3975,18.354999999999997
8.95675,7.2571666666666665,10.828333333333333
8.15275,9.5905,10.928333333333333
5.78575,6.7555,10.955
7.3157499999999995,8.895166666666666,19.005
6.20275,5.728833333333333,12.301666666666666
7.29025,4.566833333333333,12.968333333333334
8.45875,9.3875,12.565
5.72275,7.817166666666666,11.285
9.498249999999999,3.6428333333333334,16.101666666666667
7.46725,8.535833333333333,14.125
8.15575,5.752166666666666,18.141666666666666
8.70625,8.017833333333332,19.578333333333333
7.39525,9.0865,10.161666666666667
6.9647499999999996,3.0501666666666667,16.725
7.25725,8.902166666666666,11.881666666666668
7.81675,6.239833333333333,16.995
5.66125,3.5028333333333332,12.601666666666667
8.03725,8.045833333333334,19.361666666666665
6.52525,8.4285,17.685
7.2212499999999995,3.1388333333333334,19.168333333333333
8.88175,4.678833333333333,11.478333333333333
9.46375,7.751833333333333,14.911666666666665
6.42025,3.6195,13.925
5.58475,8.612833333333333,16.648333333333333
9.222249999999999,9.784166666666668,18.66166666666667
5.97025,6.298166666666667,13.058333333333334
9.61225,7.2524999999999995,18.068333333333335
7.25275,9.504166666666666,16.708333333333332
6.64375,8.556833333333334,15.631666666666666
7.42375,6.291166666666666,19.061666666666667
8.57275,8.734166666666667,19.071666666666665
7.52425,6.771833333333333,12.391666666666666
9.22675,9.305833333333332,17.805
9.07075,8.804166666666667,19.291666666666664
8.49625,7.877833333333333,19.508333333333333
6.43825,8.321166666666667,15.581666666666667
8.70475,3.3651666666666666,11.288333333333334
8.77825,6.9165,14.478333333333333
9.63475,6.641166666666667,13.675
6.65275,9.340833333333332,11.348333333333333
6.90175,6.2585,12.594999999999999
7.58725,4.454833333333333,10.175
9.04375,5.9365,12.508333333333333
6.17275,4.170166666666667,14.145
8.14225,4.5015,19.845
7.33675,6.480166666666666,18.558333333333334
5.67025,6.624833333333333,17.218333333333334
9.76075,9.6115,15.161666666666667
9.55375,4.699833333333333,14.471666666666668
9.01375,5.8665,13.898333333333333
9.80425,6.897833333333333,15.508333333333333
6.68725,5.518833333333333,16.145
8.80225,7.765833333333333,12.841666666666667
6.31975,6.361166666666667,15.951666666666666
9.23575,8.953499999999998,15.198333333333332
7.774749999999999,3.0595,18.725
8.89375,6.739166666666667,14.038333333333334
6.34375,7.061166666666666,17.878333333333334
9.62275,5.2364999999999995,14.195
6.57775,6.750833333333333,10.371666666666666
8.15725,7.5698333333333325,16.211666666666666
8.33875,4.4525,12.774999999999999
7.38925,5.6495,16.848333333333333
8.11675,3.9415,11.431666666666667
8.86525,5.084833333333333,16.525
8.92225,7.135833333333333,16.798333333333332
7.78675,8.7715,17.788333333333334
7.98025,5.255166666666667,16.174999999999997
8.57875,3.1691666666666665,16.348333333333333
5.87875,5.3998333333333335,11.038333333333334
7.944249999999999,4.457166666666667,14.411666666666665
7.83925,5.868833333333333,19.665
5.73475,3.3535,15.585
6.02125,6.792833333333332,16.445
9.21625,7.621166666666666,19.471666666666664
8.86975,9.963833333333334,12.281666666666666
6.72175,3.2508333333333335,14.611666666666666
9.15475,6.785833333333333,11.958333333333334
6.70225,7.901166666666667,13.885
7.89475,4.065166666666666,13.041666666666666
7.29925,8.563833333333333,16.475
9.88975,9.042166666666667,13.871666666666666
9.32575,5.346166666666666,14.024999999999999
7.73875,4.877166666666667,16.998333333333335
6.36475,4.6321666666666665,19.205
7.38325,4.8025,14.841666666666667
7.57825,9.018833333333333,12.338333333333333
9.19225,3.8155,13.895
8.746749999999999,8.286166666666666,17.358333333333334
8.52925,8.171833333333334,18.345
8.13175,5.763833333333333,15.455
8.431750000000001,4.527166666666667,14.091666666666665
8.16025,5.682166666666666,18.535
6.4967500000000005,5.409166666666666,14.468333333333334
7.85725,9.403833333333333,16.921666666666667
9.05125,3.5378333333333334,19.998333333333335
8.26375,7.985166666666666,16.981666666666666
5.71525,7.782166666666666,11.078333333333333
8.92675,7.9105,19.791666666666664
5.90275,4.338166666666667,12.308333333333334
5.74675,4.1725,19.458333333333332
6.98125,4.0045,15.175
6.49525,5.364833333333333,12.675
8.29375,5.595833333333333,15.825
6.841749999999999,5.602833333333333,17.601666666666667
9.30625,4.415166666666667,17.331666666666667
9.85675,3.3185000000000002,15.765
7.74175,9.1845,11.058333333333334
6.67075,7.852166666666666,17.268333333333334
7.873749999999999,7.404166666666667,18.668333333333333
8.526250000000001,7.485833333333333,15.781666666666666
6.59425,4.370833333333334,10.935
6.89875,5.3181666666666665,18.51833333333333
8.49025,8.587166666666665,10.951666666666666
5.94625,9.438833333333333,14.508333333333333
6.33625,4.055833333333333,17.951666666666668
7.11475,7.327166666666667,15.878333333333334
6.24925,3.1995,14.425
8.36575,7.481166666666667,11.315
7.20025,4.3405000000000005,10.401666666666667
7.37575,8.526499999999999,19.185000000000002
7.41325,6.879166666666666,19.26833333333333
7.94275,6.648166666666667,19.575
5.89825,6.7835,16.071666666666665
6.28825,8.423833333333333,12.705
7.5017499999999995,8.167166666666667,14.398333333333333
8.27425,6.718166666666667,16.278333333333332
6.24325,7.541833333333333,15.278333333333332
6.13225,7.929166666666666,11.391666666666666
8.72875,3.5891666666666664,10.671666666666667
6.16225,9.2965,11.945
5.90425,7.674833333333333,18.568333333333335
6.09775,3.057166666666667,12.881666666666666
6.36925,8.6035,13.785
7.61875,4.8678333333333335,15.875
5.97175,9.228833333333332,14.865
5.88175,3.2928333333333333,11.678333333333333
8.38975,7.173166666666666,10.258333333333333
9.38425,7.352833333333334,18.851666666666667
8.568249999999999,3.656833333333333,18.01833333333333
8.095749999999999,7.5885,18.391666666666666
7.170249999999999,8.129833333333334,17.381666666666668
9.958749999999998,7.1194999999999995,11.868333333333332
5.96125,9.984833333333333,11.511666666666667
9.127749999999999,3.9975,17.621666666666666
5.67925,6.435833333333333,18.855
9.10975,3.1855,15.258333333333333
8.188749999999999,9.063166666666667,16.975
9.45475,7.1241666666666665,16.705
9.48625,5.381166666666666,13.805
6.55825,7.117166666666666,10.885
9.99475,5.021833333333333,10.318333333333333
8.02075,8.657166666666665,18.098333333333333
7.58425,8.797166666666666,18.671666666666667
7.01275,7.726166666666666,13.598333333333333
6.76225,7.807833333333333,13.125
9.29275,7.796166666666666,16.168333333333333
9.89425,6.319166666666666,11.628333333333334
9.58075,6.984166666666666,12.378333333333334
5.57575,6.8395,17.545
7.65625,6.5455,18.931666666666665
7.9247499999999995,7.4345,12.285
7.55575,4.9751666666666665,11.875
9.60325,7.3388333333333335,11.921666666666667
6.34225,5.609833333333333,13.254999999999999
7.2677499999999995,7.240833333333334,19.081666666666663
8.617750000000001,6.228166666666667,19.498333333333335
8.67625,6.2235,12.088333333333333
9.39025,7.539499999999999,19.681666666666665
8.71675,3.918166666666667,14.165
8.97925,5.959833333333333,15.691666666666666
6.64225,9.550833333333333,16.711666666666666
7.55125,4.685833333333333,19.831666666666667
6.17125,7.684166666666666,17.391666666666666
9.25525,8.055166666666667,14.018333333333334
6.891249999999999,7.838166666666666,14.275
5.98375,7.488166666666666,15.098333333333333
8.00875,5.367166666666666,12.171666666666667
8.81425,4.209833333333333,12.515
8.74375,3.3698333333333332,13.251666666666667
9.63625,5.598166666666667,13.311666666666667
5.68075,6.557166666666666,17.104999999999997
6.7052499999999995,7.3901666666666666,15.318333333333332
7.309749999999999,8.741166666666667,12.358333333333334
9.28225,7.954833333333333,13.411666666666665
8.79925,3.456166666666667,10.495
7.62025,4.954166666666667,14.774999999999999
6.78625,9.466833333333334,11.161666666666667
8.751249999999999,6.4685,12.291666666666666
7.74325,9.158833333333334,19.935
6.64075,6.662166666666667,14.625
9.24175,6.872166666666666,14.015
9.06025,8.272166666666667,19.534999999999997
9.35575,7.159166666666667,17.578333333333333
7.37275,5.378833333333333,15.648333333333333
8.39275,5.269166666666667,15.405
8.59825,3.7805,12.661666666666667
6.32425,7.3225,12.268333333333334
8.74525,8.311833333333333,18.225
9.00775,6.1045,14.475
6.49375,6.081166666666666,16.748333333333335
6.60325,5.311166666666667,19.581666666666667
9.23275,8.314166666666667,16.138333333333335
8.98825,9.343166666666665,13.855
6.38575,9.058499999999999,13.858333333333333
8.73925,7.859166666666666,16.241666666666667
6.2837499999999995,4.6555,15.028333333333332
6.93625,3.8994999999999997,17.77166666666667
8.35225,6.687833333333333,16.988333333333333
6.39475,7.8965,13.101666666666667
6.11275,9.851833333333333,18.085
9.79225,4.762833333333333,18.875
7.34875,5.1945,16.355
7.63375,4.860833333333333,17.40833333333333
5.53975,4.240166666666667,10.831666666666667
9.60775,7.187166666666666,11.465
9.964749999999999,9.214833333333333,15.594999999999999
8.848749999999999,9.109833333333333,17.801666666666666
7.88275,7.268833333333333,18.358333333333334
6.99025,5.0965,13.021666666666667
8.374749999999999,8.965166666666667,16.225
6.796749999999999,6.162833333333333,19.931666666666665
9.00475,6.424166666666666,12.645
7.7837499999999995,4.4105,14.675
5.61325,4.1235,17.871666666666666
6.46075,3.6241666666666665,18.961666666666666
7.8092500000000005,3.9625000000000004,17.891666666666666
7.495749999999999,9.567166666666665,16.701666666666668
9.16075,4.111833333333333,15.445
8.57425,7.051833333333333,12.651666666666667
6.34075,3.5774999999999997,12.898333333333333
9.49225,9.928833333333333,10.548333333333334
5.71975,7.583833333333333,16.098333333333333
7.636749999999999,5.493166666666666,19.208333333333332
5.61175,8.7155,12.011666666666667
7.53625,6.144166666666667,10.858333333333333
9.60475,7.0168333333333335,12.548333333333332
8.16625,3.2205,16.721666666666664
9.93175,5.234166666666667,12.071666666666667
8.79475,7.170833333333333,17.901666666666664
5.88775,3.124833333333333,13.278333333333332
8.48275,9.385166666666667,15.018333333333334
9.37675,9.8355,10.181666666666667
6.03475,5.462833333333332,14.454999999999998
7.57675,6.5361666666666665,15.565
8.01925,8.276833333333332,10.641666666666666
6.81475,3.0665,14.085
6.56725,3.6475,11.725
7.95475,6.538499999999999,10.171666666666667
6.75925,4.9635,13.685
7.3142499999999995,8.3935,13.008333333333333
7.39675,8.703833333333332,14.835
5.92525,6.4825,12.035
7.1747499999999995,7.558166666666667,14.941666666666666
6.78475,5.1315,19.698333333333334
8.88625,9.028166666666667,19.461666666666666
8.14075,6.491833333333333,13.758333333333333
6.06475,3.2368333333333332,12.951666666666666
7.96375,7.345833333333333,11.075
7.37875,9.273166666666667,12.258333333333333
6.76075,6.8045,12.381666666666668
9.43675,4.8515,18.505
9.84775,5.119833333333333,10.571666666666667
6.91675,8.302499999999998,13.141666666666666
9.25075,4.429166666666667,11.858333333333334
9.504249999999999,9.6045,17.678333333333335
9.13825,4.4245,17.468333333333334
9.82525,6.344833333333333,10.688333333333333
7.79725,7.3808333333333325,13.711666666666666
7.97425,9.5695,14.055
8.54575,7.863833333333333,15.381666666666668
8.45425,6.781166666666667,16.428333333333335
8.83525,9.637166666666666,18.188333333333333
8.05975,7.980499999999999,11.571666666666667
8.04775,9.0095,14.448333333333334
9.46075,5.017166666666666,14.781666666666666
7.591749999999999,3.1271666666666667,12.785
8.02225,5.098833333333333,16.971666666666664
6.40975,8.531166666666666,18.695
8.79625,8.029499999999999,18.155
7.27975,4.202833333333333,17.118333333333332
7.08925,8.146166666666666,16.148333333333333
6.9182500000000005,9.1565,15.921666666666667
8.15425,5.878166666666667,10.978333333333333
6.934749999999999,8.4215,17.064999999999998
7.42975,8.561499999999999,19.035
6.05275,3.4118333333333335,18.928333333333335
8.10175,7.663166666666666,13.491666666666667
7.77775,8.080833333333334,18.98166666666667
5.99875,5.714833333333333,17.305
9.60925,9.0655,12.801666666666666
9.963249999999999,8.188166666666667,10.031666666666666
6.2162500000000005,3.771166666666667,12.575
8.15875,7.152166666666666,17.564999999999998
9.76525,9.767833333333332,14.261666666666667
6.82675,9.837833333333332,18.145
5.72575,6.172166666666666,16.451666666666668
8.91625,8.631499999999999,13.701666666666666
9.36625,8.251166666666666,18.691666666666666
5.6282499999999995,7.401833333333332,18.421666666666667
7.02175,4.9145,16.305
7.14925,5.892166666666666,19.011666666666667
7.80175,5.136166666666666,12.008333333333333
9.89725,4.0675,11.488333333333333
7.64575,8.370166666666666,19.765
5.86525,8.759833333333333,11.585
7.42525,8.9325,10.141666666666667
6.748749999999999,7.110166666666666,12.891666666666666
6.35425,3.5868333333333333,11.094999999999999
7.962249999999999,9.956833333333332,10.881666666666666
9.691749999999999,6.9935,19.298333333333332
5.61475,4.8934999999999995,14.378333333333334
7.5962499999999995,8.293166666666666,11.015
6.75775,3.1481666666666666,16.105
6.95275,4.7675,10.535
7.85125,9.8215,17.755
9.22825,4.198166666666666,13.511666666666667
5.70325,9.282499999999999,19.651666666666664
7.0337499999999995,5.6425,18.08833333333333
6.50275,3.7851666666666666,16.325
7.546749999999999,3.0875,17.675
7.52125,5.843166666666667,10.585
6.87175,4.0488333333333335,13.471666666666666
5.93125,5.101166666666666,16.058333333333334
8.69725,5.887499999999999,17.044999999999998
5.54425,9.914833333333332,12.778333333333332
8.31475,4.307833333333333,10.311666666666667
9.33325,7.483499999999999,15.438333333333333
9.63175,8.381833333333333,10.645
8.29825,6.5245,17.51833333333333
6.41125,9.207833333333333,15.265
7.72525,4.520166666666666,16.65833333333333
5.87725,5.357833333333334,14.308333333333334
8.54725,8.199833333333334,13.415
7.32175,8.755166666666666,14.004999999999999
9.48775,5.434833333333334,16.678333333333335
7.41025,3.7874999999999996,19.58833333333333
7.68025,3.2135,13.071666666666665
7.71625,9.287166666666668,15.854999999999999
9.83275,7.427499999999999,12.101666666666667
6.86725,6.575833333333333,14.618333333333332
9.784749999999999,8.402833333333334,14.568333333333333
5.96575,5.024166666666666,16.205
6.70975,6.582833333333333,13.958333333333332
7.94575,7.054166666666666,13.518333333333333
6.81925,5.798833333333333,16.72833333333333
8.248750000000001,4.093166666666667,14.861666666666666
7.49125,3.2998333333333334,13.575
7.48675,7.8195,14.795
7.28575,5.857166666666666,14.638333333333334
5.56675,6.1931666666666665,12.658333333333333
9.99175,6.564166666666667,12.718333333333334
9.93475,3.0408333333333335,17.298333333333332
6.840249999999999,4.811833333333333,15.375
8.469249999999999,5.283166666666666,18.561666666666667
8.283249999999999,4.8655,13.211666666666666
5.78725,6.419499999999999,17.148333333333333
9.47725,7.842833333333333,12.141666666666666
6.71425,8.237166666666667,18.84166666666667
8.83825,9.175166666666666,18.615
5.73775,6.9094999999999995,11.291666666666666
6.32275,8.022499999999999,19.248333333333335
7.81375,3.3301666666666665,19.401666666666664
7.58275,6.9515,15.808333333333334
5.50975,3.0921666666666665,18.151666666666664
9.38875,3.999833333333333,18.881666666666668
6.11425,7.803166666666666,16.44833333333333
9.873249999999999,3.5541666666666667,17.01833333333333
7.99225,5.385833333333333,12.375
8.85925,9.3455,18.361666666666665
7.99675,3.9088333333333334,13.681666666666667
9.652750000000001,4.884166666666667,18.891666666666666
5.75725,5.182833333333333,15.201666666666666
7.46575,9.280166666666666,10.255
7.11025,3.761833333333333,13.691666666666666
6.01675,5.059166666666666,18.205
8.03425,8.811166666666665,13.991666666666667
6.63175,8.790166666666666,15.061666666666667
6.40225,4.1305,15.448333333333332
6.60175,6.533833333333333,16.795
8.04325,8.447166666666668,17.758333333333333
8.45725,6.118499999999999,17.181666666666665
6.92425,3.3815,19.51833333333333
9.72025,8.5685,14.465
5.84725,4.723166666666667,14.271666666666667
8.16175,8.689833333333333,19.634999999999998
9.99625,7.576833333333333,11.825
6.78925,3.8855,17.02166666666667
5.63275,9.452833333333333,13.541666666666666
9.91375,5.320499999999999,10.618333333333334
7.2917499999999995,8.013166666666667,10.191666666666666
9.34525,3.1505,14.551666666666666
9.34225,5.1338333333333335,18.101666666666667
7.30675,3.1878333333333333,16.645
7.077249999999999,5.0895,15.421666666666667
5.56525,3.3628333333333336,10.398333333333333
8.098749999999999,9.522833333333333,17.328333333333333
8.149750000000001,9.483166666666666,10.261666666666667
7.41925,9.721166666666665,12.628333333333334
6.09475,4.2355,11.941666666666666
8.98525,3.8038333333333334,17.488333333333333
8.86075,9.406166666666666,12.248333333333333
9.768249999999998,8.9675,13.831666666666667
6.57325,5.745166666666666,18.051666666666666
6.4502500000000005,3.0968333333333335,16.808333333333334
5.60875,3.5191666666666666,13.098333333333333
7.90075,5.073166666666666,10.748333333333333
7.8782499999999995,6.421833333333333,13.515
5.86825,7.362166666666667,11.701666666666666
6.04675,8.160166666666665,16.875
8.61175,6.606166666666667,16.421666666666667
8.377749999999999,8.8835,16.825
7.25425,5.0521666666666665,17.66166666666667
9.71125,9.182166666666667,12.991666666666667
6.38875,6.977166666666666,12.178333333333333
8.26075,9.6325,15.001666666666667
6.61675,9.644166666666667,11.151666666666667
9.51775,6.876833333333333,14.128333333333334
6.30175,8.4495,11.618333333333332
7.827249999999999,3.1948333333333334,11.851666666666667
9.27175,4.5645,18.15833333333333
9.60625,8.867166666666666,17.461666666666666
6.99925,8.244166666666667,11.795
7.66525,4.289166666666667,16.384999999999998
8.04475,7.446166666666667,11.148333333333333
9.50875,6.743833333333333,12.125
7.98175,9.2685,14.555
8.19625,5.3835,17.718333333333334
9.90025,4.3125,16.201666666666668
5.79625,4.5855,10.785
6.08575,9.1495,12.961666666666666
8.14375,3.2625,18.038333333333334
6.21025,3.6125,16.968333333333334
9.68275,7.425166666666667,17.671666666666667
7.69225,9.4855,18.801666666666666
5.7692499999999995,5.973833333333333,15.598333333333333
6.14275,6.218833333333333,17.125
6.07525,6.620166666666666,17.981666666666666
8.87875,9.494833333333332,13.001666666666667
9.52375,4.776833333333333,17.571666666666665
5.55625,7.299166666666666,15.231666666666666
7.05025,6.064833333333333,13.361666666666666
6.74425,7.394833333333333,14.518333333333333
6.25675,5.3765,14.581666666666667
9.507249999999999,3.978833333333333,16.238333333333333
8.05075,8.696833333333334,11.225
5.71675,7.9525,13.688333333333333
7.11625,6.6785,13.468333333333334
9.742750000000001,3.8295,17.751666666666665
8.54125,9.6885,13.375
7.95625,6.221166666666666,18.681666666666665
8.76775,4.6065000000000005,18.811666666666667
5.67775,5.0405,10.358333333333333
7.34125,4.7651666666666666,18.191666666666666
8.22925,7.002833333333333,19.501666666666665
9.98875,3.3558333333333334,10.375
8.71525,6.869833333333333,18.395
8.76025,8.983833333333333,16.244999999999997
9.88675,4.1795,19.078333333333333
6.516249999999999,5.273833333333333,11.138333333333334
8.18125,5.780166666666666,15.911666666666665
7.57225,3.085166666666667,15.065
7.54225,4.5085,19.84166666666667
6.90475,5.476833333333333,18.508333333333333
6.14125,9.499500000000001,11.305
8.06425,6.302833333333333,12.411666666666667
8.98975,9.973166666666668,13.305
7.04425,9.235833333333332,14.254999999999999
6.82975,7.7844999999999995,15.218333333333334
9.18925,9.606833333333334,12.175
6.29575,3.4305,14.751666666666665
8.48725,8.0155,13.191666666666666
6.80575,9.900833333333333,15.358333333333333
8.48875,6.8068333333333335,18.845
8.45275,5.003166666666667,12.111666666666666
9.32275,5.621499999999999,13.961666666666666
9.862749999999998,8.500833333333333,14.741666666666667
6.25375,8.559166666666666,17.031666666666666
6.23575,3.9951666666666665,13.988333333333333
8.67475,9.123833333333334,10.925
5.74975,4.788499999999999,16.405
6.45325,5.0685,12.138333333333334
8.45125,8.465833333333332,14.578333333333333
9.79675,3.2041666666666666,19.091666666666665
5.67325,8.5195,14.535
9.65425,4.748833333333334,14.698333333333334
8.992750000000001,3.313833333333333,17.781666666666666
9.29125,5.168833333333334,16.415
8.19925,7.121833333333333,16.985
8.48425,4.555166666666667,12.235
8.69275,8.482166666666668,18.641666666666666
8.53375,4.902833333333334,11.008333333333333
6.1442499999999995,8.122833333333332,13.465
6.43525,8.2605,12.591666666666667
6.10825,7.5465,16.215
8.33575,8.099499999999999,11.661666666666667
7.218249999999999,9.9755,15.844999999999999
9.70525,8.1065,17.201666666666668
8.32675,9.095833333333331,13.344999999999999
7.89175,8.253499999999999,18.121666666666666
9.30325,5.2295,12.131666666666668
8.59075,9.980166666666666,12.425
7.32475,8.906833333333333,15.195
6.21475,5.500166666666667,10.268333333333333
7.79125,7.4671666666666665,11.808333333333334
7.86175,3.3605,14.695
6.31525,4.009166666666667,13.938333333333333
9.95275,4.793166666666666,15.184999999999999
7.70425,6.778833333333333,16.571666666666665
9.25675,9.814499999999999,16.938333333333333
5.55475,8.799499999999998,12.648333333333333
8.004249999999999,4.3965,11.458333333333334
8.55175,8.1625,16.281666666666666
7.5302500000000006,5.9715,17.825
9.69775,7.824166666666666,12.355
8.841249999999999,4.7091666666666665,17.83833333333333
7.59775,8.822833333333334,11.655
5.88625,3.4375,10.265
9.15625,7.7775,19.188333333333333
7.75825,8.405166666666666,19.898333333333333
9.47575,6.659833333333333,19.445
8.287749999999999,5.521166666666666,19.97833333333333
9.17275,7.341166666666666,14.181666666666667
8.54275,5.9318333333333335,17.401666666666667
9.409749999999999,5.756833333333333,12.278333333333332
8.563749999999999,5.3415,15.458333333333332
9.02275,4.583166666666667,12.068333333333333
8.80075,3.3721666666666668,11.995000000000001
6.10225,5.7941666666666665,14.631666666666666
9.73525,4.881833333333333,16.361666666666665
8.005749999999999,5.910833333333333,14.745000000000001
6.35125,6.8838333333333335,12.361666666666666
7.04875,6.8231666666666655,13.508333333333333
8.30725,7.989833333333333,11.975
7.82275,7.3995,17.49833333333333
5.89375,6.8325,10.638333333333334
5.59975,3.1738333333333335,14.151666666666667
9.876249999999999,5.7428333333333335,13.645
9.01825,9.238166666666666,19.051666666666666
8.30575,6.487166666666667,12.031666666666666
6.51325,8.6875,11.658333333333333
6.41575,7.5441666666666665,17.015
6.13975,5.2575,18.261666666666667
8.96575,7.271166666666667,17.748333333333335
8.184249999999999,8.258166666666668,10.718333333333334
7.76875,6.2935,16.564999999999998
6.80425,4.4735,19.015
7.9937499999999995,5.672833333333333,18.095
8.66575,5.180499999999999,17.418333333333333
6.94225,3.3371666666666666,19.741666666666667
5.62075,7.560499999999999,16.191666666666666
9.35425,3.1341666666666668,18.888333333333332
6.42925,4.6531666666666665,14.251666666666665
8.53825,6.3355,13.495
8.21275,3.617166666666667,18.481666666666666
7.56025,5.458166666666666,10.715
8.58775,3.5495,16.044999999999998
8.16475,8.594166666666666,14.291666666666666
9.29725,6.153499999999999,11.051666666666666
9.403749999999999,4.835166666666667,18.76833333333333
8.01175,7.5535,12.518333333333333
5.68825,7.408833333333333,13.698333333333332
8.02375,7.3785,17.795
6.33775,6.995833333333334,17.061666666666667
7.67575,8.269833333333333,14.788333333333334
6.19675,7.7028333333333325,15.108333333333333
6.7532499999999995,4.1095,13.951666666666666
6.08425,9.319833333333332,10.108333333333333
7.39225,7.761166666666666,17.97833333333333
6.62275,8.794833333333333,12.955
7.56475,9.217166666666667,11.125
9.06475,8.0085,12.578333333333333
5.83825,7.264166666666666,13.231666666666666
9.82975,6.127833333333333,16.155
5.65975,4.223833333333333,15.908333333333333
5.83675,6.8465,18.181666666666665
6.08275,6.3495,14.978333333333332
6.12025,4.5225,10.018333333333333
5.85925,6.5525,14.065
8.79175,4.254166666666666,11.011666666666667
5.94475,7.331833333333334,10.565
6.85675,7.0425,16.671666666666667
7.48525,3.3278333333333334,11.741666666666667
6.73075,5.698499999999999,12.018333333333334
9.13525,6.155833333333334,18.795
6.40675,9.625499999999999,10.208333333333334
9.76975,9.683833333333332,11.835
9.06775,7.5138333333333325,15.268333333333333
6.49975,8.6455,17.261666666666667
5.64475,9.350166666666667,19.744999999999997
5.68375,4.916833333333333,13.114999999999998
7.3607499999999995,5.7684999999999995,11.345
6.95725,7.432166666666666,12.945
8.36425,6.6925,11.961666666666666
7.450749999999999,8.510166666666667,11.985
8.71375,6.550166666666667,17.831666666666667
7.84375,4.3148333333333335,19.951666666666668
5.79025,9.8425,18.858333333333334
8.21575,4.769833333333333,16.314999999999998
8.44525,7.712166666666666,12.461666666666666
9.871749999999999,5.945833333333333,10.968333333333334
6.85825,3.827166666666667,18.59166666666667
7.34425,4.128166666666667,18.968333333333334
6.88825,4.636833333333334,15.535
8.35525,3.5261666666666667,16.948333333333334
7.88125,6.452166666666667,17.731666666666666
8.16775,6.0601666666666665,10.538333333333334
7.94725,5.280833333333334,13.438333333333333
7.24225,6.074166666666667,10.555
9.214749999999999,5.773166666666667,10.505
7.39975,7.376166666666666,15.741666666666667
7.56925,7.294499999999999,10.628333333333334
8.50075,8.598833333333333,14.608333333333334
6.51475,6.2748333333333335,17.475
7.51525,7.492833333333333,15.578333333333333
9.80725,8.904499999999999,13.695
8.45575,6.055499999999999,18.221666666666664
6.50875,3.0361666666666665,15.355
8.02825,4.5925,13.908333333333333
9.319749999999999,9.364166666666666,13.181666666666667
9.73375,4.972833333333333,12.695
9.74875,3.0525,14.451666666666666
9.01075,5.308833333333333,11.641666666666667
9.44725,8.589500000000001,14.338333333333333
7.44025,5.259833333333333,13.088333333333333
9.62725,6.683166666666667,16.97833333333333
7.05325,9.788833333333333,18.365
7.71025,4.783833333333333,12.671666666666667
7.78975,4.328833333333334,14.785
5.99575,5.976166666666666,10.711666666666666
8.89075,5.070833333333333,17.865000000000002
6.19975,4.139833333333334,17.011666666666667
8.41675,7.4415,19.661666666666665
5.59225,3.3161666666666667,18.301666666666666
8.99575,3.3068333333333335,14.968333333333334
7.03525,6.711166666666667,10.331666666666667
7.29775,3.1318333333333332,18.081666666666663
8.60725,7.464833333333333,11.668333333333333
7.74625,6.729833333333333,12.501666666666667
5.73925,5.350833333333333,13.591666666666667
5.97325,9.746833333333333,10.871666666666666
9.72625,4.398833333333333,18.308333333333334
6.08875,4.681166666666667,14.028333333333332
8.428749999999999,6.5874999999999995,13.888333333333334
7.15975,3.3955,14.381666666666668
9.81775,8.913833333333333,18.468333333333334
6.703749999999999,6.690166666666666,13.971666666666666
8.61475,3.7011666666666665,18.115000000000002
9.40225,8.3445,19.678333333333335
8.25175,5.7405,15.821666666666665
6.3557500000000005,6.190833333333333,18.814999999999998
5.59825,9.133166666666668,10.761666666666667
6.9872499999999995,8.8485,12.641666666666666
9.51475,5.432499999999999,14.658333333333333
6.87775,9.487833333333333,11.545
9.61075,3.579833333333333,13.148333333333333
6.2372499999999995,3.7104999999999997,19.491666666666667
6.546250000000001,3.1295,14.498333333333333
6.5642499999999995,7.406499999999999,12.738333333333333
7.02775,9.518166666666666,17.111666666666665
6.02425,3.9135,10.661666666666667
7.70275,8.384166666666665,19.215
8.06575,4.7861666666666665,10.651666666666667
9.89125,3.5285,15.248333333333333
6.96175,3.6031666666666666,11.281666666666666
8.64925,5.192166666666667,18.178333333333335
7.60075,6.0298333333333325,15.615
9.780249999999999,8.1765,14.588333333333333
7.828749999999999,5.6075,16.048333333333332
5.80675,5.647166666666667,16.715
6.15625,6.169833333333333,19.388333333333335
5.57425,5.140833333333333,17.185
5.55175,3.2345,10.771666666666667
8.21725,5.129166666666666,11.671666666666667
6.48175,5.1594999999999995,18.255
8.03275,4.0185,10.648333333333333
6.20725,6.946833333333333,17.735
8.002749999999999,5.861833333333333,14.684999999999999
6.43375,5.4745,15.725
6.22675,8.517166666666666,17.321666666666665
7.6892499999999995,9.690833333333334,18.448333333333334
8.23225,6.085833333333333,16.391666666666666
7.94125,6.7415,15.681666666666665
6.16375,7.681833333333333,10.298333333333334
6.69475,3.2975,14.331666666666667
8.91175,7.9175,19.571666666666665
9.92725,6.6225,18.598333333333333
9.20125,5.6915,16.285
5.80225,9.277833333333334,18.901666666666667
9.17575,7.012166666666666,11.791666666666666
6.98875,3.6614999999999998,19.438333333333333
6.16525,5.467499999999999,10.418333333333333
5.98825,9.375833333333333,19.494999999999997
7.09075,5.406833333333333,17.638333333333332
9.34675,7.8615,13.445
6.27475,7.705166666666666,14.528333333333332
8.31775,4.856166666666667,15.308333333333334
7.06375,6.736833333333333,19.731666666666666
5.54125,9.844833333333334,10.435
6.47425,8.825166666666666,15.031666666666666
8.63725,8.988499999999998,16.651666666666664
9.34075,6.585166666666667,15.385
6.76375,5.402166666666666,11.688333333333333
8.91475,5.227166666666667,10.131666666666666
6.17725,3.544833333333333,17.134999999999998
9.09025,8.118166666666667,16.038333333333334
6.67375,6.3728333333333325,16.001666666666665
9.96025,3.600833333333333,18.321666666666665
8.284749999999999,3.446833333333333,15.591666666666665
6.37375,6.151166666666667,13.118333333333332
9.44875,9.6185,13.248333333333333
9.75775,8.419166666666666,11.665
6.90025,3.4655,17.265
6.56875,7.653833333333333,18.575
6.80275,5.3625,11.441666666666666
9.91825,9.697833333333334,15.608333333333333
8.55025,3.0735,16.718333333333334
7.22875,4.3661666666666665,10.528333333333332
6.52975,3.9858333333333333,14.268333333333333
9.47275,3.7991666666666664,13.818333333333333
8.07475,8.234833333333333,14.728333333333332
8.31325,6.1255,10.541666666666666
8.25025,9.1915,14.305
6.6362499999999995,7.429833333333333,12.261666666666667
7.32325,4.0441666666666665,14.868333333333332
8.69875,9.718833333333333,10.198333333333334
9.80275,4.781499999999999,11.401666666666667
6.5447500000000005,7.350499999999999,11.455
7.216749999999999,6.368166666666666,13.434999999999999
7.17775,9.777166666666666,19.068333333333335
6.48625,9.245166666666666,17.445
5.52025,3.3465,12.401666666666667
6.77875,5.917833333333332,15.698333333333334
8.33725,6.2865,16.22833333333333
6.77425,3.845833333333333,17.985
7.07425,6.715833333333332,13.945
8.26825,9.333833333333333,13.265
9.655750000000001,6.4591666666666665,15.271666666666667
9.79075,5.822166666666666,18.331666666666667
9.27625,8.962833333333332,19.905
8.04175,4.968166666666667,17.441666666666666
6.1907499999999995,5.7895,16.27166666666667
9.11125,4.184166666666666,12.608333333333333
9.55075,6.6645,11.325
6.21775,4.4595,12.535
7.60675,4.219166666666666,12.368333333333332
7.55425,8.1905,10.088333333333333
7.51975,5.997166666666667,11.128333333333334
7.20475,4.6578333333333335,10.898333333333333
8.79025,9.5555,14.778333333333332
9.90925,7.966499999999999,16.041666666666664
8.30275,4.303166666666667,16.011666666666667
9.38275,7.2058333333333335,13.308333333333334
9.04075,9.865833333333335,13.504999999999999
6.90775,5.6005,14.881666666666666
7.453749999999999,9.275500000000001,12.191666666666666
5.68975,9.6535,10.071666666666667
6.59875,8.937166666666666,10.038333333333334
5.8622499999999995,3.2298333333333336,19.994999999999997
5.98225,3.4771666666666667,18.52166666666667
7.920249999999999,6.4335,11.905
8.11525,8.125166666666667,18.238333333333333
6.66475,7.537166666666667,12.795
5.96275,4.5715,19.701666666666668
8.179749999999999,6.195499999999999,11.121666666666666
7.20775,5.4115,19.94833333333333
7.968249999999999,7.089166666666666,10.155
5.51125,6.526833333333332,18.218333333333334
7.7372499999999995,4.265833333333333,14.828333333333333
5.9567499999999995,8.713166666666666,16.328333333333333
8.23075,9.172833333333333,11.578333333333333
8.85175,9.077166666666667,11.215
9.29425,4.375500000000001,13.498333333333333
5.64175,7.194166666666666,19.358333333333334
7.53325,9.737499999999999,10.855
7.13425,4.534166666666667,12.978333333333332
7.48825,7.698166666666666,13.355
8.32975,7.212833333333333,13.798333333333332
8.98675,6.645833333333333,10.098333333333333
8.32525,5.656499999999999,15.745000000000001
8.53975,6.183833333333333,11.105
6.66025,4.545833333333333,16.34166666666667
8.22775,3.6381666666666668,12.934999999999999
8.13025,4.6345,11.901666666666667
5.84275,5.430166666666667,10.758333333333333
5.53675,9.091166666666666,19.171666666666667
7.540749999999999,9.819166666666666,18.674999999999997
8.09125,4.597166666666666,19.285
8.29975,7.870833333333334,18.798333333333332
9.130749999999999,8.4565,17.301666666666666
5.69575,3.943833333333333,13.298333333333332
9.315249999999999,8.083166666666667,13.105
6.26125,5.049833333333333,17.845
6.81625,5.423166666666667,13.618333333333332
5.74225,3.3675,12.295
7.36375,9.648833333333332,13.811666666666667
6.5177499999999995,5.490833333333333,17.56833333333333
8.38525,6.627166666666667,11.541666666666666
5.53375,8.8555,14.218333333333334
5.91625,4.716166666666666,17.435
8.148249999999999,7.551166666666667,12.091666666666667
6.24175,8.4145,13.621666666666666
7.030749999999999,6.393833333333333,16.288333333333334
6.93025,8.521833333333333,19.811666666666667
9.867249999999999,9.312833333333334,12.061666666666667
9.43525,9.130833333333332,17.168333333333333
6.84775,8.3795,11.951666666666666
7.49875,7.898833333333333,13.774999999999999
6.27925,3.4421666666666666,11.611666666666666
8.50975,6.617833333333333,10.455
6.10075,5.038166666666666,12.938333333333333
9.23725,7.926833333333333,15.418333333333333
7.353249999999999,6.165166666666666,17.535
6.1697500000000005,8.9815,17.345
8.86225,7.950166666666666,19.325
7.20325,9.830833333333334,19.891666666666666
8.07025,6.1325,15.831666666666667
6.54775,7.0355,13.045
5.51725,5.164166666666667,18.665
9.94975,9.630166666666666,15.208333333333332
7.593249999999999,5.9925,19.308333333333334
6.28675,7.527833333333333,18.475
6.68575,8.9465,17.765
8.473749999999999,9.774833333333333,13.901666666666667
6.7292499999999995,9.7305,13.754999999999999
8.34625,6.841833333333333,19.821666666666665
6.86575,3.9835000000000003,16.868333333333332
8.02975,3.5681666666666665,10.665
9.26125,4.730166666666666,15.561666666666666
5.57875,6.466166666666666,13.035
6.53425,6.0135000000000005,17.688333333333333
8.46175,9.046833333333332,16.255
7.74025,3.274166666666667,13.985
6.74575,4.356833333333333,12.771666666666667
7.91425,8.869499999999999,10.515
6.13375,4.2145,16.018333333333334
7.83775,9.354833333333332,19.148333333333333
7.59925,3.9461666666666666,19.318333333333335
8.70325,7.310833333333333,15.981666666666666
6.42625,3.9298333333333333,13.791666666666666
9.71275,5.805833333333333,18.305
6.67225,5.544499999999999,15.091666666666667
9.52675,6.347166666666666,12.844999999999999
7.93975,7.3645,10.078333333333333
9.32425,8.052833333333332,12.758333333333333
7.42225,6.0625,17.221666666666664
7.01425,4.0395,15.498333333333333
7.31875,9.732833333333334,17.078333333333333
6.60925,6.2491666666666665,17.961666666666666
9.15925,7.3925,15.315
5.78275,7.1754999999999995,14.458333333333332
8.286249999999999,7.933833333333333,12.451666666666666
6.17425,5.560833333333333,11.248333333333333
5.58625,8.647833333333333,19.705
6.64975,8.2465,10.695
7.80325,4.573833333333333,11.631666666666668
9.14125,5.413833333333333,13.678333333333333
8.22475,6.762499999999999,15.471666666666666
5.65375,8.433166666666667,19.181666666666665
5.94025,3.2835,14.585
7.75375,8.0435,19.558333333333334
9.121749999999999,4.552833333333333,18.314999999999998
6.29125,5.679833333333333,18.105
7.452249999999999,7.355166666666666,16.468333333333334
5.50525,9.9405,19.428333333333335
8.35075,4.622833333333333,14.178333333333333
8.566749999999999,4.7185,17.424999999999997
9.17875,4.6975,14.915
7.9037500000000005,5.189833333333333,19.955
8.78875,6.456833333333333,17.215
8.61625,9.396833333333333,16.501666666666665
9.39775,4.345166666666667,11.698333333333334
6.33925,7.912833333333333,17.431666666666665
7.61725,3.8598333333333334,18.83833333333333
6.01975,6.4031666666666665,14.031666666666666
8.850249999999999,7.324833333333333,10.245
7.98925,3.0781666666666667,15.015
6.12475,9.441166666666666,12.408333333333333
8.59375,5.766166666666667,17.22833333333333
9.20275,5.630833333333333,16.291666666666664
7.25575,9.263833333333332,11.775
7.79275,9.5415,10.395
9.80575,8.6595,17.098333333333333
5.90575,5.031166666666667,12.265
9.44425,6.092833333333333,10.861666666666666
9.556750000000001,7.5815,10.221666666666666
8.79775,7.7705,17.34166666666667
6.55675,9.2545,19.755
9.592749999999999,6.396166666666666,15.395
6.64675,7.065833333333333,18.895
6.32575,4.5808333333333335,11.708333333333334
7.24075,7.9384999999999994,10.178333333333333
8.24125,8.6805,12.435
8.42575,3.8575,12.588333333333333
6.45625,4.062833333333334,13.861666666666666
5.96725,3.0618333333333334,17.958333333333332
8.43775,4.3335,12.468333333333334
7.00675,8.636166666666666,16.595
7.30375,4.247166666666667,18.008333333333333
7.17625,8.1275,13.528333333333332
7.9022499999999996,8.0505,11.035
9.585249999999998,5.329833333333333,10.801666666666666
6.96025,6.907166666666666,10.308333333333334
9.79975,5.371833333333333,13.735
6.50125,4.888833333333333,19.378333333333334
8.90425,6.431166666666666,12.028333333333332
9.78925,7.579166666666667,10.625
9.25825,8.986166666666666,12.185
9.95125,9.301166666666667,16.59166666666667
6.53575,4.2705,16.438333333333333
7.43125,3.008166666666667,16.358333333333334
5.61925,6.7204999999999995,10.051666666666666
9.79825,8.7785,15.655000000000001
6.66625,7.789166666666667,17.761666666666667
6.55375,5.360166666666666,19.275
6.89725,9.247499999999999,12.918333333333333
9.219249999999999,5.8175,17.625
9.81925,3.9345,19.375
7.78825,8.076166666666666,15.748333333333333
6.73525,3.5075,10.135
7.58125,4.7535,15.504999999999999
6.37975,5.5655,13.868333333333332
6.29875,4.4478333333333335,10.058333333333334
9.00025,5.0778333333333325,10.368333333333334
5.93875,6.099833333333333,11.385
8.47675,5.549166666666666,11.254999999999999
6.13075,3.8691666666666666,11.235
9.09325,9.1705,10.891666666666666
8.60275,9.490166666666667,12.614999999999998
6.60475,3.0035,18.758333333333333
9.42175,8.7015,10.685
7.69375,9.893833333333333,14.071666666666665
8.73625,3.7315,18.511666666666667
6.58675,6.543166666666666,11.778333333333332
9.06925,8.993166666666667,16.455
6.48025,8.5335,14.495
9.05275,9.093499999999999,18.611666666666665
8.33125,3.3581666666666665,14.041666666666666
8.59525,3.1761666666666666,17.938333333333333
9.19075,7.8101666666666665,16.051666666666666
8.30425,6.386833333333334,15.341666666666667
8.11975,5.854833333333334,19.688333333333333
5.65525,6.704166666666667,13.358333333333334
6.51175,9.6675,17.335
9.75625,3.9205,17.161666666666665
8.39425,7.5255,10.635
5.72125,8.461166666666667,15.348333333333333
9.85825,5.990166666666667,13.171666666666667
7.4777499999999995,6.095166666666667,15.401666666666667
7.99525,5.339166666666666,18.258333333333333
7.76275,5.1455,19.945
6.33325,8.372499999999999,14.921666666666667
7.30225,8.839166666666667,13.455
6.52825,7.3575,13.981666666666666
8.380749999999999,6.316833333333333,11.298333333333334
5.96425,7.0985,14.895
7.61275,4.4175,15.881666666666666
8.97325,9.5135,12.915
7.632249999999999,8.6175,10.151666666666667
9.18775,8.549833333333332,12.988333333333333
8.95975,4.0954999999999995,17.138333333333335
8.91925,4.023166666666667,11.925
9.38125,5.593500000000001,19.778333333333332
9.29575,5.6285,17.508333333333333
7.0802499999999995,4.268166666666667,13.205
5.92075,5.297166666666667,14.858333333333333
5.53525,4.9915,14.098333333333333
8.46625,4.559833333333334,13.135
7.02475,7.023833333333333,19.915
6.93175,5.922499999999999,11.245
6.48475,5.1175,11.165
6.14725,7.786833333333333,13.568333333333333
7.84975,3.8528333333333333,19.615
6.10975,4.335833333333333,12.165
5.9552499999999995,8.5545,17.028333333333332
6.07975,7.961833333333333,14.068333333333333
