CAPACITANCE,STORAGEK,VSTORAGE,PSICR
0.1952875,0.1185625,10.179375,-2.9834375
4.5240625,7.929662500000001,10.906125000000001,-1.6940624999999998
1.1481625000000002,2.7222625,16.815125000000002,-2.4353124999999998
9.6621625,1.4377375000000001,7.258125,-3.5509375
2.4500125,8.2687375,1.439375,-3.7815625
1.3214125,5.066087500000001,4.389125,-2.2771874999999997
3.3410124999999997,7.174787500000001,4.859375,-1.7290625
8.9815375,3.8063125,2.1233750000000002,-2.1953125
1.4055625,9.8824375,10.587875000000002,-3.3321875
4.3953625,1.0590625,11.191125000000001,-3.0259375
2.1975625,3.4177375000000003,18.259125,-3.0990625
6.612962500000001,5.7516625,17.052625,-2.6190625
7.004012500000001,6.8975875,7.414875,-3.0221875000000002
6.1179625,6.7664125,9.424125,-2.7671875000000004
8.7761125,9.4641625,9.452625000000001,-3.8228125
4.0043125,5.3507125,11.499875000000001,-1.8896875
1.7421625,6.4075375,18.900375,-3.0628124999999997
0.9303625000000001,2.8113625,17.869625000000003,-2.9128125000000002
7.654937500000001,1.4897125000000002,4.322625,-3.2271875000000003
2.7494875000000003,5.6204875,8.146374999999999,-2.8009375
4.1899375,0.7991875,9.599875,-3.4753125000000002
7.4297125,9.996287500000001,17.147625,-2.8128124999999997
2.8361125,6.882737500000001,10.996375,-2.6965624999999998
5.8704625,8.3009125,17.769875000000003,-1.9184375
6.9569875,3.6602875,11.708875,-3.0209375
2.7668125,0.4848625,12.188625,-3.1809374999999998
6.3407125,8.350412500000001,17.760375,-2.7453125
4.8309625,9.751262500000001,1.391875,-1.8440624999999997
3.4375375000000004,3.3880375000000003,12.407125000000002,-1.6740624999999998
3.1801375,5.627912500000001,1.073625,-2.1003125
2.9054125,5.7343375000000005,6.754625,-3.8453125
7.434662500000001,6.9470875,7.148875,-3.6528125
3.2915125,0.5838625000000001,16.729625,-2.3946875
5.1131125,3.4499125,7.837625,-3.9109375
6.6179125,0.2596375,18.985875,-2.6359375
5.989262500000001,6.912437500000001,4.417624999999999,-3.0190625
9.711662500000001,8.6969125,5.168125,-2.4134374999999997
4.5314875,4.3483374999999995,1.472625,-2.7628125
2.6133625000000005,7.2416125000000005,17.893375000000002,-2.8628125
9.976487500000001,5.2888375000000005,6.783125,-2.6165624999999997
6.1328125,1.5119875000000003,19.194875,-2.0865625
1.5614875,1.1209375000000001,12.853625000000001,-3.9778125
7.335662500000001,2.2891375000000003,2.740875,-3.6396875
8.164787500000001,6.922337500000001,10.022625,-2.3215624999999998
4.0463875,9.506237500000001,18.487125000000002,-3.5165625
8.1128125,0.35616250000000005,12.250375,-2.0415625
6.224387500000001,9.681962500000001,6.631125,-2.3359375
9.0830125,3.7097875,10.345625,-1.9084374999999998
9.498812500000001,2.0762875,16.325875,-1.5053124999999996
5.8531375,9.4839625,3.8713749999999996,-1.6159374999999998
3.0935125,9.281012500000001,5.324875,-1.6034375
3.2989375,8.7117625,7.8138749999999995,-1.8303124999999998
7.4099125,5.8308625,17.598875000000003,-2.4665625
9.256262500000002,8.2291375,17.005125000000003,-3.5753125
1.3931875,0.3759625,1.5818750000000001,-3.9478125
9.677012500000002,9.1696375,19.608125,-3.6303125
8.635037500000001,3.7790875,14.748875000000002,-2.8809375
4.4374375,0.8981875,3.8001249999999995,-3.0103125
2.0168875,3.5142625,3.4343749999999997,-2.7696875
9.617612500000002,1.7372125,2.626875,-3.2146875
7.7118625000000005,6.353087500000001,1.491625,-3.0721875
6.5510875,8.6102875,18.648625,-3.4828125
4.9076875,8.644937500000001,13.357125,-2.6365625
9.0013375,2.0936125,15.656125000000001,-2.5684375
4.6131625,6.4892125,13.167125,-3.5721875
3.2593375,3.4697125,10.815875,-2.6428125
4.7294875,1.7644375,18.387375000000002,-3.4390625
5.127962500000001,2.1282625000000004,1.301625,-2.0621875
8.184587500000001,7.526237500000001,4.346375,-2.6878124999999997
5.2789375000000005,3.3707125,15.399625000000002,-2.5246874999999998
0.35368750000000004,4.1305375,2.536625,-3.1640625
6.1971625,3.9350125,16.558625,-1.5790624999999996
8.644937500000001,3.6281125000000003,19.137875,-2.1296875
1.6877125,3.7320625000000005,8.607125,-3.1046875
6.0016375,7.3975375,12.145875000000002,-2.7434374999999998
3.1553875000000002,7.3084375,17.489625,-3.3296875
1.7075125,0.29428750000000004,8.668875,-2.9996875000000003
1.8238375000000002,9.2117125,19.779125,-1.6403124999999998
7.6475125,8.7439375,5.272625,-3.0284375
7.585637500000001,2.2916125000000003,18.045375,-3.9134375
4.1998375,7.791062500000001,11.015375,-3.9503125
6.0956875,1.4352625,11.827625000000001,-2.1328125
6.8208625,2.0564875,15.019625000000001,-3.0034375
5.7021625,1.4030875,12.924875000000002,-3.8978125
1.2026125,1.1159875000000001,6.455375,-2.9546875000000004
9.7933375,7.2391375,11.628125,-2.4709375
5.9669875,9.4047625,8.730625,-2.5153125
6.981737500000001,3.8830375000000004,3.591125,-3.8615625
0.5764375,8.4642625,12.402375000000001,-2.4240625
4.7542375,4.0983624999999995,11.761125000000002,-3.6890625
8.597912500000001,3.4474375000000004,9.870625,-3.9896875
8.1202375,7.0089625,14.221625,-3.2228125
8.508812500000001,2.6579124999999997,3.049625,-2.4265625
7.860362500000001,5.306162500000001,17.275875000000003,-3.7809375
0.1532125,3.6899875,2.5318750000000003,-2.4040625
5.5239625,0.7571125000000001,10.530875000000002,-2.8396875
4.1948875,4.5240625,13.969875,-1.6096874999999997
4.2864625,5.6328625,7.970625,-3.2546875
0.8759125,6.0709375,1.273125,-3.8746875
9.216662500000002,2.6430624999999996,12.050875000000001,-2.1703124999999996
2.7816625,1.8807625,14.159875000000001,-1.9953124999999998
3.9325375,6.0412375,13.504375000000001,-2.1309375
6.5783125,5.6749375,14.468625000000001,-2.1153125
5.5091125000000005,8.9048125,7.6191249999999995,-3.0678125
2.1505375,6.5857375000000005,3.363125,-2.7028125
3.8211625000000002,8.3776375,19.318375,-2.1140625
6.3803125000000005,6.273887500000001,11.813375000000002,-1.8559374999999996
2.9252125,0.7323625,17.594125000000002,-3.4290625
8.6102875,3.8978875,12.981875000000002,-2.7446875
5.528912500000001,4.0612375,16.572875000000003,-1.8146874999999998
3.8483875000000003,9.8428375,11.286125,-3.7803125
3.1776625000000003,4.8161125,11.822875000000002,-3.4534375
3.5810875,8.2811125,16.748625,-3.8665625
8.9270875,7.051037500000001,9.732875,-3.5503125
5.979362500000001,0.1358875,12.411875000000002,-2.4934374999999998
3.1974625000000003,6.189737500000001,2.897625,-2.2496875
7.513862500000001,3.1628125000000002,11.048625000000001,-1.5009374999999996
7.516337500000001,6.905012500000001,2.470125,-3.8153125
1.9772875,0.41308750000000005,15.798625000000001,-3.6684375
6.214487500000001,8.8553125,2.080625,-1.8153124999999997
2.0589625,2.0292625,8.654625,-1.5534374999999998
4.8260125,5.756612500000001,15.660875,-3.4621875
5.6749375,7.204487500000001,5.994624999999999,-2.1609374999999997
3.2939875,2.7395875000000003,6.8401250000000005,-2.4653124999999996
8.9642125,9.568112500000002,13.015125000000001,-3.2559375
0.14826250000000002,0.7917625,12.041375,-2.1021875
4.5215875,5.2937875,3.6386249999999998,-2.1553125
3.8780875000000004,8.7612625,15.176375,-2.5240625
2.1282625000000004,4.6379125,3.206375,-3.8990625
4.8185875,4.7715625,7.984875,-2.4771875
2.0193625,3.2345875,18.634375000000002,-3.7134375
7.664837500000001,7.820762500000001,12.207625,-1.8459374999999998
6.1476625,1.8461124999999998,10.882375000000001,-3.1534375
1.5441624999999999,7.6425625,14.615875,-2.9671874999999996
9.1325125,9.8873875,13.171875,-3.1184375
4.078562499999999,2.5316875,16.962375,-3.0759375
8.8033375,7.2490375,5.334375,-2.7684375
8.097962500000001,6.1328125,4.151625,-3.9878125
9.2389375,4.6923625,19.655625,-2.7740625
6.7664125,9.2092375,19.589125000000003,-1.8546874999999998
5.4026875,1.6877125,11.889375000000001,-2.2809375
2.9969875,3.5489125,5.5813749999999995,-3.3521875
2.5316875,6.362987500000001,1.672125,-2.0171875
7.679687500000001,6.674837500000001,13.575625000000002,-2.3984375
2.9499625000000003,2.8163125,13.599375000000002,-2.5140624999999996
6.1105375,1.2521125000000002,4.921125,-3.6909375
9.936887500000001,7.0188625,6.555125,-3.5971875
3.5093125,9.496337500000001,12.673125,-2.1315625000000002
7.1698375,7.083212500000001,9.514375,-2.8240625
2.5886125000000004,6.2615125,12.644625000000001,-3.0165625
7.751462500000001,4.288937499999999,16.563375,-2.0696874999999997
2.1827125,5.4596125,15.432875000000003,-2.8109374999999996
6.5189125,7.2292375,17.641625,-3.1259375
1.4204125,9.6027625,17.109625,-2.3346875
8.959262500000001,3.2494375,15.470875000000001,-2.5003124999999997
4.0884624999999994,1.7619625,9.143875,-2.1784375
4.9967875,7.850462500000001,17.451625,-3.3603125
5.625437500000001,4.0142125,10.027375000000001,-3.7115625
4.0909375,7.0782625,9.552375,-2.1165624999999997
8.4518875,2.4079375,15.998125000000002,-2.1465625
5.0165875,2.2322125,11.381125,-3.2578125
8.7785875,2.5391125,16.929125000000003,-1.8640624999999997
0.8140375000000001,8.9617375,8.535875,-2.9740625
5.2715125,8.694437500000001,2.911875,-1.8828125
4.0340125,4.9423375,17.508625000000002,-3.6215625
9.5532625,8.352887500000001,3.158875,-3.9965625
1.6332625,5.9818375,18.639125,-3.6628125000000002
3.0662875,0.36853749999999996,17.252125000000003,-2.7403125
6.9396625,0.7100875,9.832625,-2.3690625
5.5338625,8.1697375,7.277125,-3.7540625
2.3287375,4.8854125,6.384125,-3.0334375
8.9716375,4.1181624999999995,7.239125,-3.9090625
7.2589375,5.496737500000001,19.000125,-2.0140624999999996
7.0906375,2.0812375,9.984625,-3.3765625
7.689587500000001,0.16063750000000002,9.082125,-2.9634375
6.7070125,7.1277625,19.612875000000003,-3.1215625
0.8536374999999999,0.5615875,8.896875000000001,-2.8165625
7.0188625,1.8510624999999998,5.039874999999999,-1.8915624999999996
6.8505625,9.3725875,11.404875,-3.5878125
7.3777375,5.2121125,13.832125000000001,-2.0678124999999996
7.2267625,6.1823125,4.446124999999999,-1.9684374999999998
6.204587500000001,1.9896625000000001,14.240625,-3.6265625
5.0933125,1.8535374999999998,4.645625,-1.6746874999999997
3.6380125000000003,2.8435375000000005,10.915625000000002,-3.2234375
5.0537125,3.0885625,17.423125,-3.0503125
4.5958375,7.9643125,13.456875,-3.1365625
0.1433125,6.5015875,4.056625,-2.8296875
4.4621875,7.296062500000001,8.303125,-1.6753125
4.3334874999999995,9.939362500000001,5.191875,-2.1928124999999996
6.7862125,8.1177625,7.205875,-1.5434374999999996
0.5615875,9.419612500000001,16.140625,-1.8884374999999998
4.5265375,7.9024375000000004,12.725375000000001,-1.9228125
2.2544875,7.4866375000000005,16.525375000000004,-2.9709375
8.565737500000001,3.2073625000000003,3.154125,-2.8034375000000002
9.271112500000001,3.9152125,4.9781249999999995,-1.5228124999999997
2.2173625,3.8459125000000003,14.881875,-3.6028125
2.4524875,0.1655875,5.652625,-3.7209375
5.516537500000001,8.2712125,6.9826250000000005,-1.8034374999999998
2.2346875,6.7614624999999995,17.541875,-2.3059374999999998
6.382787500000001,9.0335125,12.288375,-2.9253125
9.6250375,7.154987500000001,7.410125,-3.7015625
8.8330375,9.8651125,16.145375,-2.8659375000000002
1.0169875000000002,4.5710875,13.627875,-1.5353124999999999
1.2199375000000001,3.2568625000000004,6.008875,-3.5959375
2.0020375,8.959262500000001,5.951875,-2.8209375
2.1480625,9.711662500000001,3.652875,-3.4434375
7.9123375000000005,6.1427125,5.776125,-2.8053125000000003
5.2640875,8.7835375,2.422625,-3.3015625
5.135387500000001,9.157262500000002,1.401375,-3.6965625
1.7669125,4.9448125,17.161875000000002,-2.7109375
4.1676625,8.0063875,16.306875,-3.2840625
9.516137500000001,9.0409375,18.078625000000002,-3.8215624999999998
9.340412500000001,5.177462500000001,3.149375,-3.7821875
1.0417375,5.184887499999999,18.776875,-2.8384375
1.9748125,6.028862500000001,19.717375,-2.5521875
8.088062500000001,3.2469625000000004,1.558125,-2.0103124999999995
2.8311625,8.273687500000001,7.552625,-3.6471875000000002
4.073612499999999,2.3138875,15.603875,-3.2553125
3.5563375000000006,2.0465875,7.395875,-3.2184375000000003
4.5042625,9.1597375,6.697625,-3.9259375
9.4517875,7.6326625,1.805125,-1.8940624999999995
0.1581625,8.607812500000001,7.134625,-2.8971875000000002
7.2886375,9.8279875,6.331875,-2.9803125
5.3036875,0.41061250000000005,1.3206250000000002,-2.2221875
7.1871625,6.7070125,17.437375,-3.7403125
4.1726125,2.9177875,10.402625,-3.2903124999999998
2.3138875,2.1431125,19.807625,-3.3021875
8.6399875,0.3388375,7.058625,-2.8740625
5.687312500000001,5.165087500000001,1.9903750000000002,-2.8959375
7.073312500000001,6.833237500000001,5.852125,-2.2634374999999998
5.3828875,5.0190624999999995,11.590125,-3.2321875
1.7446375,7.4272375,17.978875000000002,-2.8503125000000002
9.4715875,9.3131875,8.521625,-2.5278125
9.8948125,6.6253375000000005,9.504875,-3.9340625
7.0980625,2.5811875,5.695374999999999,-2.7090625
0.7571125000000001,8.605337500000001,10.207875,-1.8971874999999998
5.6947375000000005,2.9301625000000002,6.2463750000000005,-2.6634374999999997
9.6992875,1.1778625,7.0348749999999995,-2.0334375
6.249137500000001,2.3287375,3.220625,-1.6728125
5.4942625,2.9029375,7.125125,-3.9634375
5.756612500000001,6.234287500000001,2.968875,-3.4134375
6.2070625,9.1943875,3.994875,-3.5103125
4.9844124999999995,7.3183375,18.221125,-1.5915624999999998
7.899962500000001,3.7964125,5.937625,-2.7846875
1.2644875000000002,0.46753750000000005,3.975875,-2.3815625
7.202012500000001,9.8552125,8.592875,-3.6403125
4.6478125,8.5137625,14.976875000000001,-2.8409375
1.7792875000000001,6.414962500000001,13.917625000000001,-2.0003124999999997
4.0983624999999995,9.2834875,16.273625000000003,-3.3240625
6.9371875,8.899862500000001,6.683375,-3.9296875
8.2167625,9.4270375,15.271375,-2.8371874999999998
2.2124125,9.0211375,1.230375,-2.5865625
8.8181875,1.4105125,15.556375000000001,-3.3259375
7.3381375,4.7765125,5.947125,-2.3409375
9.3181375,5.625437500000001,16.967125000000003,-1.6603124999999999
5.9570875,3.5860374999999998,1.415625,-2.4003125
0.5219875,2.3262625,7.9563749999999995,-2.9459375000000003
7.0287625,6.964412500000001,16.468375,-2.3271875
4.2320125,6.662462500000001,18.729375,-3.8784375
0.45763750000000003,2.2792375000000002,5.277375,-2.1515625
6.333287500000001,1.1357875000000002,3.719375,-2.4109374999999997
4.4819875,3.5662375000000006,17.565625,-1.9178125000000001
2.2223125,2.7321625,15.418625000000002,-3.9709375
7.424762500000001,7.645037500000001,18.919375000000002,-3.7296875
1.7817625000000001,7.9370875000000005,17.940875000000002,-2.4296875
9.701762500000001,5.437337500000001,7.899374999999999,-1.9153124999999998
7.8281875,7.4915875000000005,14.383125000000001,-2.7240625
9.1349875,5.207162500000001,15.233375,-2.4690624999999997
3.6107875,1.5466374999999999,9.585625,-2.3228124999999995
8.538512500000001,7.9271875000000005,10.849125,-2.9859375
4.9695625,7.375262500000001,9.675875,-3.7478125
1.3634875,4.058762499999999,1.387125,-3.2640625
6.8282875,5.615537500000001,13.105375,-3.8946875
1.4426875000000001,2.7890875000000004,19.660375000000002,-3.3040625
6.563462500000001,0.47496249999999995,7.305624999999999,-3.1903125
3.2618125000000004,2.0713375,5.932875,-1.6721874999999997
3.4177375000000003,3.0514375,14.269125,-3.3884375
1.6060375,8.021237500000002,3.367875,-2.4584374999999996
9.6522625,8.9815375,6.540875,-2.4765625
3.6256375,2.6801875,11.670875,-1.5684375
3.3286375,7.516337500000001,8.265125000000001,-2.9259375
7.949462500000001,8.6721625,1.847875,-3.3484375
6.934712500000001,3.3385375,2.560375,-3.9884375
2.6405875,1.1382625000000002,9.827875,-2.1821875
7.021337500000001,0.9699625000000001,15.014875000000002,-1.6396875
0.9204625000000001,4.8037375,12.098375,-3.1590625
5.6699875,9.909662500000001,5.367625,-1.5603124999999998
0.26458750000000003,6.6278125,7.9041250000000005,-3.4153124999999998
2.7791875000000004,0.6086125,3.4106249999999996,-2.6384375
7.5633625,7.0386625,19.793375,-1.9790625
6.7713624999999995,8.8478875,12.473625,-2.3371874999999998
7.454462500000001,2.3831875,8.706875,-3.3353125
8.028662500000001,5.7615625,14.910375,-3.9353125
1.2966625,7.4074375,6.1228750000000005,-2.6921874999999997
2.6009875,3.0266875,8.469375,-3.0478125
4.5636624999999995,6.4916875,18.073875,-2.4340625
1.2743875000000002,4.5042625,5.866375,-1.8659374999999998
3.0910375,6.553562500000001,16.302125000000004,-1.9471874999999996
1.5268375,6.4793125,9.485875,-2.5784374999999997
4.4423875,1.6332625,9.238875,-3.7721875
8.429612500000001,5.776412500000001,1.6578750000000002,-3.6228125
3.5538625,0.6902875,12.093625000000001,-2.6340624999999998
1.5491125,8.6573125,17.746125,-3.6934375
4.6502875,7.454462500000001,7.243875,-3.2409375000000002
7.2762625000000005,4.2196375,4.550625,-1.8715624999999996
9.8279875,0.5690125,10.844375000000001,-2.1290625
4.4077375,4.4077375,12.027125000000002,-1.6384374999999998
8.4914875,0.22993750000000002,18.097625,-2.2896875
9.2240875,3.0390625,1.425125,-2.9228125
5.3111125,3.6107875,16.378125,-2.1890624999999995
0.9897625,4.8977875,6.293875,-2.0996875
9.0434125,1.7421625,16.173875000000002,-2.6396875
7.625237500000001,8.0855875,9.922875,-1.8578124999999996
4.9497625,5.6798875,1.002375,-3.7990625
7.043612500000001,0.6655375,17.589375,-1.6028124999999998
7.929662500000001,1.7966125000000002,9.637875,-3.8546875
1.7471125,0.8610625,16.777125,-3.3953125
3.8978875,9.0458875,7.842375,-1.7696874999999999
9.1696375,7.8677875,16.069375,-2.6134375
8.342987500000001,6.6500875,4.289375,-2.3171874999999997
9.5334625,5.1700375,15.884125000000001,-2.3934375
2.6752375,1.5317874999999999,4.303625,-1.6990624999999997
6.5906875,4.1552875,2.441625,-2.2246875
9.5235625,4.1602375,17.199875000000002,-2.5821875
6.8703625,5.1106375,8.588125,-2.6465625
3.4078375000000003,2.8682875,10.635375000000002,-2.4853125
0.6036625,5.286362500000001,2.398875,-2.3353124999999997
0.36606249999999996,5.075987500000001,5.780875,-2.6296874999999997
0.11608750000000001,1.5738625,4.9876249999999995,-3.8853125
7.352987500000001,6.214487500000001,8.478875,-1.8621875
7.855412500000001,9.926987500000001,18.325625000000002,-3.6421875
0.8783875,9.7784875,4.816625,-3.4128125000000002
0.2126125,1.4624875000000002,4.588625,-2.8403125
2.0119375,4.3384374999999995,8.816125,-3.1053125
1.3882375,5.1428125,19.204375000000002,-3.4471875
1.9475875,9.2240875,5.966124999999999,-1.9671874999999996
6.6698875,7.5089125,17.427875,-2.7340625
8.860262500000001,6.843137500000001,17.290125000000003,-3.0159374999999997
3.6677125000000004,9.2488375,18.482375,-3.0409375
8.6696875,4.4597125,4.332125,-2.5971874999999995
5.0908375,9.8527375,8.911125,-3.7396875
5.0066875,1.0714375,2.954625,-3.4665625
3.3533875,4.8062125,2.973625,-1.5184374999999997
3.7790875,3.0167875,2.555625,-2.9771875
4.2617125,2.7841375000000004,11.908375000000001,-1.8840624999999998
9.6126625,8.4741625,7.386375,-1.7440625
8.2390375,3.2519125000000004,16.829375,-1.8571874999999998
8.3454625,2.8856125,7.357875,-1.8084374999999997
7.6079125,9.167162500000002,4.493625,-2.9565625
1.1852875,6.632762500000001,16.620375000000003,-3.8340625
7.919762500000001,6.3159625,2.892875,-3.6315625000000002
7.521287500000001,3.4895125,3.7526249999999997,-3.8084375
5.105687500000001,3.5340625,17.807875000000003,-3.5409375
1.0516375,3.8756125000000003,15.945875000000001,-2.4596875
3.1207375,8.8627375,19.874125,-2.5459375
7.1079625,9.310712500000001,10.307625,-2.5859375
9.966587500000001,3.9077875,11.680375000000002,-2.5290624999999998
8.380112500000001,8.6201875,18.349375000000002,-3.9484375
6.392687500000001,8.8181875,6.821125,-3.4821875
7.4792125,5.8333375,18.810125000000003,-2.7796875
5.427437500000001,3.9523375,1.235125,-3.8103125
8.370212500000001,0.6556375,18.833875,-3.7796875
4.4126875,9.5928625,10.758875,-3.9509375
4.7344375,8.360312500000001,1.1828750000000001,-2.8328125
4.8829375,6.402587500000001,10.274375,-3.3984375
4.1057875,5.0116375,17.826875,-3.1171875
2.7371125,3.6454375,10.787375,-1.7490625
5.276462500000001,4.234487499999999,12.312125000000002,-3.3065625
1.6926625,8.4667375,14.074375000000002,-3.8840625
8.9840125,6.0758875,11.466625,-3.3465625
1.3461625,2.7197875000000002,7.642875,-1.9428125
8.7538375,0.8808625,19.959625000000003,-2.2421875
4.7963125,4.264187499999999,18.168875,-3.3996875
0.47248750000000006,6.3011125,3.277625,-2.1253124999999997
6.952037500000001,6.048662500000001,19.532125,-3.0828125
2.4747625,6.422387500000001,16.648875,-3.7640625
8.350412500000001,6.4050625000000005,19.394375,-3.1415625
2.3856625,0.1532125,11.352625,-2.0384374999999997
4.5389124999999995,5.2046874999999995,1.828875,-3.1871875000000003
9.889862500000001,2.9623375,13.779875,-3.8553125
9.8329375,7.105487500000001,14.630125000000001,-3.8921875
0.8635375,2.8311625,5.595624999999999,-1.8846875
3.2147875,5.546237500000001,4.203875,-2.2596874999999996
1.6901875,1.0343125,19.460875,-2.6459375
9.5804875,5.4398125,5.267875,-3.4446875
9.026087500000001,2.2124125,17.380375,-1.6640625
0.7620625000000001,1.6679125000000001,14.587375,-1.8890624999999996
3.1331125,1.2768625000000002,2.379875,-2.3290625
3.9003625000000004,4.2171625,8.806625,-2.4128125
8.2118125,5.0611375,18.192625000000003,-2.2996874999999997
6.2887375,2.4029875,7.885125,-1.6540624999999998
5.1007375,7.620287500000001,14.345125000000001,-3.2090625
2.8732375,8.3949625,16.952875,-3.2078125
7.132712500000001,2.1728125,18.662875,-2.0709375
1.9228375,4.5859375,4.555375,-2.0946875
0.3140875,9.936887500000001,19.004875000000002,-2.2678125
5.0042124999999995,4.2567625,12.060375,-1.6921874999999997
4.6601875,5.598212500000001,17.171375,-3.6653125
1.6456375,2.9870875,3.548375,-1.6246874999999998
3.0093625000000004,6.8406625,15.209625,-1.5115625000000001
2.5415875,1.4575375000000002,13.238375000000001,-2.5584375
4.7047375,8.8751125,11.765875000000001,-3.6584375
5.2937875,8.9345125,7.5668750000000005,-1.5328125
9.8873875,9.2735875,12.939125,-2.6240625
6.8109625,0.18291250000000003,8.664124999999999,-1.6296874999999997
4.053812499999999,4.2122125,8.811375,-2.4846874999999997
1.1382625000000002,5.1502375,11.613875,-1.9140625
9.7190875,1.0961875,7.533625,-2.0871874999999998
6.093212500000001,4.7146375,5.3153749999999995,-1.9878125
6.2120125,5.2616125,9.381375,-3.6015625
5.197262500000001,5.0314375,17.142875,-3.3759375
5.7442375000000006,9.456737500000001,9.376625,-3.7353125
3.5192125,2.3807125,15.523125,-1.7096874999999998
7.174787500000001,7.325762500000001,8.554875,-3.1396875
6.229337500000001,5.786312500000001,18.572625000000002,-2.0178125
4.7171125,9.006287500000001,7.714125,-2.5484375
1.7891875000000002,4.5760375,16.838875,-2.1728125
5.937287500000001,1.2050875,1.505875,-1.9959375000000001
8.8825375,4.9200625,11.704125000000001,-1.6315624999999998
1.7941375000000002,4.3359625,9.666375,-3.5315625
9.917087500000001,6.078362500000001,2.721875,-2.9640625
5.2046874999999995,6.9693625,16.349625,-2.3115625
2.8757125,9.4344625,1.876375,-1.6565624999999997
5.407637500000001,4.7195875,3.054375,-3.8140625
7.645037500000001,0.2571625,6.360375,-2.5178125
9.6943375,1.5144625000000003,15.380625000000002,-3.5553125
8.3875375,0.4007125,3.4391249999999998,-2.5803125
2.8831375,9.7760125,3.9616249999999997,-2.1696875
3.5216875000000005,2.7668125,8.217625,-2.2790624999999998
3.1949875,3.6305875,14.668125000000002,-3.5178125
0.8511624999999999,5.1329125,19.270875,-3.9378125
4.9992624999999995,6.424862500000001,14.644375,-2.1390625
1.1778625,7.085687500000001,15.684625000000002,-1.9834375
6.4669375,2.9128375,1.719625,-3.2459375
9.1919125,2.3906125,18.292375,-1.8109374999999996
9.909662500000001,5.2814125,18.876625,-3.5084375
9.545837500000001,8.2860625,6.802125,-2.4478125
5.717012500000001,6.244187500000001,1.586625,-2.2034374999999997
2.8905625,7.0683625,17.636875000000003,-1.9215624999999998
6.1847875000000005,4.8829375,14.739375,-1.8128124999999997
2.9524375000000003,4.5364375,9.196125,-2.9978125
3.6404875,9.1003375,9.965625,-3.3265625
8.3083375,5.6650375,14.530375,-2.2621874999999996
5.165087500000001,5.754137500000001,8.436125,-2.0609375
0.1631125,8.3281375,14.349875,-1.8684374999999998
1.5788125,7.142612500000001,1.021375,-2.2121874999999998
4.244387499999999,4.4052625,9.970375,-2.6884375
3.3113125,2.7569125,3.453375,-1.8978124999999997
8.617712500000001,8.4865375,7.129875,-3.5640625
9.998762500000002,9.6943375,13.974625,-2.1365625
9.691862500000001,5.3729875,12.972375000000001,-3.6334375
1.8510624999999998,0.7496875000000001,8.165375000000001,-3.1971875
4.6651375,5.0240124999999995,14.145625,-3.9171875
8.0657875,9.959162500000001,10.801625000000001,-1.9134374999999997
7.971737500000001,0.1853875,15.983875000000001,-3.6778125
0.5442625,2.5217875,5.742875,-2.3778124999999997
9.1003375,9.8255125,11.428625,-2.0590625
8.323187500000001,7.194587500000001,17.432625,-1.7009374999999998
5.5437625,6.3085375,8.849375,-3.9659375
9.637412500000002,3.2865625,19.859875000000002,-2.7553125
5.5511875,8.0360875,14.715625000000001,-2.5209374999999996
4.8235375,5.605637500000001,10.127125,-1.9859375
5.397737500000001,9.3354625,4.213375,-3.1484375
7.560887500000001,9.2785375,1.619875,-3.2446875
6.2590375,5.1131125,8.687875,-2.6378125
7.5930625,3.4400125,11.865625,-3.9565625
1.8708624999999999,5.5833625,5.638375,-1.6009374999999997
3.8533375000000003,2.5242625,6.5741249999999996,-2.0734375
0.4378375,6.741662500000001,16.544375000000002,-3.0215625
7.5980125,9.8453125,17.019375,-3.8659375
8.8280875,9.575537500000001,9.139125,-2.3196874999999997
0.6680125,4.5562375,11.927375000000001,-3.5465625000000003
0.5417875,2.6133625000000005,4.118375,-3.3715625
5.108162500000001,5.6699875,15.385375000000002,-3.3440625
1.6208875,7.986587500000001,3.842875,-3.6659375
3.7667125,8.6226625,11.210125000000001,-3.2521875
7.956887500000001,3.2147875,16.986125,-3.2159375
0.6729625,4.6082125,2.0473749999999997,-2.4415625
5.226962500000001,3.2642875,19.503625,-2.1421875
5.0240124999999995,4.4572375,10.877625000000002,-1.7003125
2.1381625,2.6306875,10.830125,-2.5596875
4.5983125,3.0217375,3.4296249999999997,-3.4484375
4.4943625,7.043612500000001,12.046125000000002,-2.2559375
8.7513625,1.6307875,14.378375,-1.8909374999999997
7.2490375,9.907187500000001,18.601125,-1.6934375
4.7146375,4.1825125,6.013624999999999,-3.0746875
1.8411625000000003,7.9519375000000005,4.180125,-1.5634375
6.8604625,1.6035625,5.809375,-2.7490625
1.6233625,2.4376375,13.319125000000001,-3.6496874999999998
5.1997375,3.9968875,1.159125,-3.9178125
0.13341250000000002,0.6333624999999999,14.919875000000001,-1.9534374999999997
7.9148125,0.6061375,14.853375,-3.8996875
6.6971125,1.2026125,15.223875000000001,-2.8184375
6.434762500000001,1.7743375000000001,9.671125,-3.7746875
4.3805125,2.6999875,5.723875,-1.8740625
7.2688375,2.5440625,17.404125,-2.9078125
4.5191125,7.8925375,16.264125,-3.9909375
5.0017375,9.607712500000002,5.353375,-3.1009375
1.0615375,2.2594375,10.621125000000001,-1.9715624999999997
7.7316625000000005,9.7685875,18.582125,-3.0509375
3.4697125,5.167562500000001,14.435375,-2.3340625
5.6204875,7.244087500000001,8.426625,-3.1778125
7.8380875,7.112912500000001,1.467875,-2.5771875
1.5911875,0.18786250000000002,18.795875000000002,-3.9121875
8.810762500000001,2.3757625,16.017125,-3.8565625
2.1158875000000004,6.0659875,18.862375,-2.1121875
9.1127125,6.8109625,12.487875,-3.1059375
2.3757625,7.395062500000001,8.189125,-2.1615624999999996
1.5169375000000003,6.754037500000001,17.750875,-3.5209375
0.47743749999999996,8.090537500000002,2.622125,-3.7840625
7.3678375,1.9970875000000001,3.1113750000000002,-3.4415625
9.3775375,3.0539125,4.897375,-1.8921875
6.932237500000001,0.5888125000000001,11.324125,-1.5240624999999999
6.098162500000001,7.4470375,13.181375000000001,-3.4996875000000003
7.162412500000001,9.1250875,11.951125000000001,-2.3165625
3.1652875000000003,5.1403375,2.512875,-3.2759375
8.4147625,3.5984125000000002,4.826124999999999,-3.4871875
9.3082375,3.0143125,1.5391249999999999,-2.5259375
2.3411125,5.407637500000001,1.904875,-3.2721875000000002
3.3707125,3.3632875,3.724125,-3.7321875
1.4154625,4.8804625,13.884375000000002,-3.6346875
1.4129875,3.8236375000000002,15.133625000000002,-2.4840625
2.3534875,7.503962500000001,9.718625,-3.5328125
2.4326875,3.7889875,9.067874999999999,-3.1821875
9.667112500000002,5.2195375,13.789375000000001,-2.5440625
2.1554875,6.2516125,3.9426249999999996,-3.1740625
9.657212500000002,1.9698625,9.253125,-3.2778125
4.8383875,4.9646125,13.062625,-2.9865625
5.338337500000001,7.6970125000000005,15.247625000000001,-3.0015625
5.2913125,0.30418750000000006,18.240125,-3.1978125
2.2891375000000003,1.1630125,13.057875000000003,-2.9696875
2.7767125,8.1920125,9.884875000000001,-1.8315625
7.154987500000001,4.9250125,15.665625000000002,-3.2859375
9.2018125,2.9103625,15.052875000000002,-1.6290624999999999
0.9650125,7.9247125,8.170125,-2.4759374999999997
8.2093375,4.2072625,8.545375,-1.7021875
4.7270125,8.684537500000001,6.678625,-3.0784375
9.2983375,5.566037500000001,18.477625000000003,-3.7984375
7.305962500000001,3.0068875,1.9998749999999998,-3.3709375
4.5686124999999995,5.256662500000001,14.611125000000001,-2.0465625
5.424962500000001,5.528912500000001,7.524125,-1.8646875
4.9101625,7.860362500000001,12.734875000000002,-2.8565625
2.4772374999999998,3.9300625,14.126625,-3.1846875
3.7295875,2.9252125,18.007375,-2.4396875
7.2787375,4.4102125,17.394625,-2.7053125
9.006287500000001,9.7735375,4.441375,-3.2621875
9.696812500000002,5.8209625,19.289875000000002,-2.4578124999999997
6.1550875000000005,9.7190875,9.642624999999999,-1.6984374999999998
8.8652125,8.830562500000001,8.198625,-3.4178125
7.301012500000001,1.0268875000000002,4.8736250000000005,-3.8090625
3.0737125,4.1453875,2.731375,-3.0128125
1.1283625000000002,6.2367625,5.799875,-2.6434375
8.100437500000002,4.9621375,15.480375,-2.4740625
4.0216375,2.1208375000000004,6.602625,-2.1971875
5.788787500000001,7.6029625,12.901125,-3.1965625
3.8731375000000003,9.3824875,5.453125,-1.7390624999999997
5.8432375,8.3578375,1.520125,-2.7909375
0.6779125,2.5861375,2.094875,-2.0065625
7.7143375,1.5342624999999999,19.864625,-1.7428124999999999
6.8901625,9.2438875,6.8496250000000005,-3.1609375
0.2893375,8.4518875,18.924125,-3.1028124999999998
0.2868625,2.3930875,4.018625,-1.7940625
4.083512499999999,1.5243625,15.105125000000001,-3.0921875
5.828387500000001,0.7447375,4.104125,-1.7746874999999998
7.293587500000001,7.771262500000001,9.495375,-3.5034375
5.476937500000001,5.4992125000000005,3.135125,-2.4978124999999998
3.7048375,7.7737375,9.167625000000001,-2.3178125
3.3806125,9.7859125,4.726375,-2.4278125
9.4245625,6.984212500000001,12.383375000000001,-2.0778125
7.031237500000001,9.6844375,6.445875,-3.2990625
4.4547625,7.1673625,12.459375,-1.7690625
0.9353125000000001,8.2910125,5.481625,-3.7484375
0.2249875,7.1079625,1.330125,-1.5484375
9.0706375,0.7546375000000001,12.597125,-3.0340625
1.9104625,0.2843875,14.706125000000002,-2.2096875000000002
5.2888375000000005,4.3607125,2.964125,-3.8096875
3.3954625,7.1376625,8.754375,-2.0453124999999996
4.0315375,8.979062500000001,14.273875,-3.8253125
5.6922625,4.0265875,19.090375,-3.4671875
3.4276375000000003,0.20766250000000003,13.860625,-2.9953125
5.454662500000001,2.8064125,10.488125,-3.8315625
5.867987500000001,9.1399375,13.333375000000002,-3.2340625
4.8928375,2.3460625,11.808625000000001,-3.8671875
9.6027625,0.3140875,4.3843749999999995,-2.5665625
9.087962500000001,5.3210125,13.390375,-3.1615625
8.1400375,3.3855625,19.536875000000002,-3.0496875
6.323387500000001,4.5488124999999995,8.569125,-1.5046874999999997
7.1203375,0.9204625000000001,4.997125,-3.4034375
2.4203125,2.7445375000000003,1.947625,-1.6803124999999999
5.6130625,9.097862500000002,2.417875,-3.5790625
3.7097875,4.7245375,12.848875000000001,-3.4784375
7.083212500000001,4.1800375,11.001125,-2.0190625
5.808587500000001,2.2074625,18.159375,-1.9571874999999999
7.095587500000001,1.6481125,6.460125,-3.4603125
2.0144125,3.8137375000000002,4.5791249999999994,-2.8953125
6.088262500000001,2.3782375,4.778625,-2.7484374999999996
9.535937500000001,9.966587500000001,14.340375000000002,-2.1090625
2.9153125,3.4078375000000003,2.2516249999999998,-2.9753125000000002
5.5734625,3.5117875000000005,12.274125000000002,-3.8803125
3.5860374999999998,2.1356875000000004,11.903625,-2.9903125
4.3483374999999995,9.7562125,11.224375000000002,-3.6990625
8.2316125,2.0738125,11.803875000000001,-2.0459375
3.3212125,6.5189125,17.755625000000002,-1.7478124999999998
5.486837500000001,7.679687500000001,11.124625000000002,-3.8240625
5.368037500000001,8.6523625,6.868625,-3.2540625
5.0512375,4.2146875,4.693125,-3.2653125000000003
1.3659625,0.8363125,17.660625000000003,-3.1240625
8.800862500000001,2.4599125,6.403125,-3.2221875
3.0044125000000004,6.9099625,9.338625,-2.9046875
3.9152125,6.3506125,5.1728749999999994,-3.2109375
8.4320875,8.2563625,10.706625,-2.8996874999999998
5.8407625,9.6522625,9.001375,-2.0353125
2.5960375,3.2543875,1.396625,-2.6421875
3.1281625,0.2893375,1.952375,-1.5521875
5.0586625000000005,7.2787375,11.637625,-3.0271875
6.1699375000000005,9.8477875,19.199625,-3.5559375
6.6674125,3.3533875,14.155125000000002,-2.0959375
4.279037499999999,8.850362500000001,9.329125,-3.0909375
2.5044625,6.4694125,15.727375000000002,-1.5396874999999999
7.333187500000001,6.731762500000001,12.193375,-2.8334375
6.058562500000001,2.2817125000000003,13.946125000000002,-3.1803125000000003
6.645137500000001,5.8061125,17.123875,-2.7965625000000003
3.3979375000000003,2.8385875000000005,10.744625000000001,-3.1209375
8.627612500000001,4.5017875,18.605875,-2.6678124999999997
8.3108125,2.4203125,7.652375,-2.3865625
9.9641125,1.9995625000000001,9.699625,-3.4859375
1.3709125,6.5486125,2.242125,-2.0196875
8.3281375,0.7422625,14.045875,-2.4459375
6.6005875,6.313487500000001,8.987124999999999,-2.2509375
2.7420625,1.1704375,18.206875,-3.0596875
4.9670875,0.3957625,7.657125,-1.7721874999999998
6.914912500000001,9.3651625,14.948375,-1.6265625
9.741362500000001,6.7292875,16.905375,-2.5571875
4.1973625,8.4840625,10.967875,-3.1928125
9.926987500000001,1.9426375,6.274875,-2.1359375
5.588312500000001,8.3875375,17.294875,-1.9359374999999996
8.949362500000001,0.1111375,5.434125,-1.8096875
4.5488124999999995,2.3559625,7.585875000000001,-2.0528125
2.5019875,3.7840375,16.492125,-3.0515625
6.2615125,3.8632375000000003,19.361125,-2.6628125
8.0831125,1.5961375,1.254125,-3.6753125
0.9006625,7.796012500000001,12.516375,-1.8171874999999997
0.24726250000000002,9.476537500000001,13.537625000000002,-3.2365625
0.7546375000000001,4.7121625,13.931875000000002,-3.1440625
6.5560375,4.3186374999999995,7.975375,-3.0253125
7.3183375,6.6104875,10.777875,-3.1303125
8.048462500000001,8.2192375,12.012875000000001,-2.2065624999999995
8.1821125,0.9303625000000001,5.871124999999999,-3.1428125
2.1307375000000004,0.4452625,5.225125,-3.5671875
1.9822375,5.5709875,3.225375,-1.8540624999999995
5.444762500000001,3.1331125,16.116875,-3.2328125
0.2002375,8.050937500000002,6.479125,-2.3053125
2.7544375000000003,8.637512500000001,8.683125,-2.0728124999999995
5.9620375,1.0986625,12.454625,-2.5471874999999997
0.7843375,7.694537500000001,13.209875,-2.4553125
6.6500875,4.9596625,7.680875,-3.8134375
2.3237875,2.8361125,8.550125,-1.5346875
2.2099375,4.7690875,5.158625,-2.9221875
5.974412500000001,8.2588375,16.758125,-3.5115625
2.6999875,7.0559875000000005,17.071625,-2.1909374999999995
3.6330625000000003,5.8828375,16.819875000000003,-1.8390624999999998
6.9173875,3.4325875000000003,8.108374999999999,-2.3671875
9.2438875,1.0046125000000001,12.003375,-2.6940625
4.8111625,6.2986375,13.528125000000001,-3.5365625
2.1134125000000004,6.5956375000000005,12.335875000000001,-3.7034375
7.323287500000001,0.24478750000000002,15.076625000000002,-3.4303125
1.2941875,3.4771375000000004,16.658375,-2.4071875
0.3809125,5.5610875,8.037125,-3.9009375
5.6229625,4.3730875,3.662375,-3.3246875
4.9893624999999995,6.5288125,2.166125,-3.9584375
7.3975375,1.7223625,15.361625000000002,-1.7984375
8.6300875,4.8779875,10.820625000000001,-2.0753125
5.783837500000001,0.9377875000000001,14.093375000000002,-2.5103125
2.5514875,8.0732125,9.590375,-3.6065625
8.419712500000001,3.6182125000000003,17.385125000000002,-2.3259375
0.9427375000000001,5.1626125,13.304875000000001,-3.4915625
5.4323875,8.4172375,9.509625,-3.5709375
5.2220125,3.1281625,19.912125,-3.0646875
8.6226625,6.6179125,18.382625,-1.9796874999999998
1.4080375,9.677012500000002,6.640625,-2.2209375
2.8014625,8.9122375,17.845875000000003,-2.2128125
7.736612500000001,0.35121250000000004,13.376125,-1.6303125
7.800962500000001,0.20518750000000002,2.745625,-1.6715624999999998
4.229537499999999,3.1776625000000003,16.682125,-1.7640625
9.320612500000001,9.038462500000001,7.989625,-1.7471875
4.4201125,3.7370125,13.993625,-1.7259375000000001
3.5588125,2.2346875,1.857375,-3.4709375
3.0811375,4.0760875,2.227875,-2.2053125
9.9047125,5.444762500000001,8.882625,-2.3303125
4.4844625,4.3062625,17.513375,-3.7184375
0.8882875,5.085887500000001,7.272375,-2.1984375
6.7565125,1.3832875,16.867375000000003,-3.3496875
1.9871875,1.8213625000000002,9.148625000000001,-2.6390624999999996
6.5609875,6.343187500000001,13.737125,-2.6115625
5.2591375000000005,4.6156375,5.096875,-2.4703125
0.9254125000000001,9.4319875,17.822125,-2.9003125
3.2766625,2.3584375,5.020874999999999,-1.5721875
1.9500625,3.8285875000000003,6.1133750000000004,-1.5465624999999998
4.5116875,9.7289875,15.033875000000002,-1.6796875
9.585437500000001,0.5665375,5.904375,-2.4484375
7.6574125,5.405162500000001,5.001874999999999,-1.6103125
6.823337500000001,0.6729625,3.553125,-1.6684375
9.8378875,7.7440375,19.470375,-2.3596874999999997
4.9522375,1.6827625,7.937374999999999,-1.8071875
1.0268875000000002,6.875312500000001,3.4201249999999996,-3.7996875
9.771062500000001,1.3684375,10.773125,-1.6528125
5.1725125,2.8212625,16.601375000000004,-2.2609375
5.9199625000000005,4.6428625,9.580875,-2.5034374999999995
1.2521125000000002,0.9650125,18.952625,-2.9484375
3.6008875,3.1256875,3.7098750000000003,-1.7596875
6.885212500000001,1.6382125,17.133375,-3.0203125
2.2148875,3.3360624999999997,12.563875000000001,-3.5440625
3.6602875,2.3485375,6.089625,-3.1940625000000002
6.1600375000000005,5.9546125000000005,6.996875,-3.6153125
3.5414875000000006,3.2048875,12.302625,-3.5184375
3.2048875,3.1133125,10.891875,-1.7084375
8.5162375,6.0313375,7.538375,-2.0903124999999996
4.5512875,3.3806125,15.005375,-3.7065625
5.773937500000001,5.9298625000000005,10.720875000000001,-3.9734375
4.3186374999999995,2.7791875000000004,14.729875000000002,-2.1746875
1.1456875000000002,4.6181125,10.573625000000002,-2.6346875
9.9740125,3.5637625,2.004625,-2.3209375
7.385162500000001,1.3016125,19.845625000000002,-3.2115625
5.6625625,9.6547375,5.115875,-2.7059375
1.5689125,9.518612500000001,15.812875,-3.6940625000000002
3.9102625,3.6231625000000003,2.313375,-1.7121874999999998
6.0362875,2.8781875,12.031875000000001,-2.0909375
9.7562125,0.5368375,18.130875,-3.8646875
3.5117875000000005,8.7934375,9.086875,-2.3940625
1.9154125,7.355462500000001,18.377875,-1.6696874999999998
4.4003125,2.1629125,12.126875000000002,-2.8471875
1.3436875,3.2444875,6.664375,-3.0465625
7.4321875,2.6257375,13.623125000000002,-2.3203125
3.0242125,8.3974375,6.688125,-1.9034375
9.0038125,2.1084625000000004,7.647625,-1.5171875
7.9346125,9.897287500000001,17.817375000000002,-2.2115625
0.5541625,6.1748875000000005,13.708625000000001,-3.6078125
0.9575875,0.8387875,13.694375,-3.0421875
1.4402125000000001,1.2842875000000002,19.669875,-2.9784375
9.7166125,1.9352125,12.544875000000001,-2.8840624999999998
5.8902625,1.5862375,7.733125,-3.0834375
3.8013625,7.5831625,9.443125,-1.5953125
0.8016625000000001,8.704337500000001,2.1328750000000003,-3.3903125000000003
1.1630125,8.7810625,11.656625,-1.9490624999999997
0.4947625,2.4401125,17.076375,-3.7409375
8.568212500000001,9.780962500000001,2.6553750000000003,-2.1284374999999995
5.8259125,4.9497625,13.138625000000001,-2.8634375
2.7643375000000003,6.2219125,1.102125,-3.2784375
1.0392625,0.42051250000000007,13.380875,-3.6959375
1.0120375000000001,1.9475875,17.950375,-3.8196875
1.0442125,2.3336875,8.398125,-3.9928125
9.7388875,3.4672375000000004,4.156375,-3.1553125
1.1555875000000002,1.2174625000000001,6.935125,-2.3684374999999998
5.754137500000001,4.0463875,11.167375000000002,-2.6890625
1.6728625000000001,8.7414625,9.291125000000001,-3.4403125
0.4279375000000001,8.8082875,2.451125,-3.1359375
9.1151875,6.3778375,15.874625000000002,-1.9340624999999996
0.9749125,9.2290375,7.590625,-2.7709375
8.4172375,3.7469125,15.860375000000001,-1.8946874999999999
6.1625125,6.1377625,17.651125,-3.0403124999999998
9.5631625,9.0656875,5.415125,-3.7953125
6.4718875,0.6036625,13.518625000000002,-2.2784375
7.533662500000001,7.5188125,6.056375,-3.9153125
8.4048625,4.5686124999999995,18.059625,-2.3103125
8.273687500000001,8.4444625,14.250125,-1.5259375
3.6701875,7.0980625,2.332375,-2.0578125
2.2371625,2.5985125000000004,10.834875,-1.6215624999999996
1.2669625000000002,4.4770375,13.822625,-1.7653124999999998
1.2496375000000002,2.6653375,7.638125,-2.8271875
7.1376625,0.2324125,5.5718749999999995,-3.8115625
8.498912500000001,0.4477375,9.115375,-2.3828125
4.9868875,9.2018125,10.811125,-2.7428125
6.964412500000001,3.8904625000000004,19.456125,-1.5803124999999998
4.3161625,8.7068125,2.099625,-3.3115625
7.4693125,1.1902375,17.119125,-2.0571875
5.1428125,6.0511375,10.682875000000003,-2.4878125
3.7518625,8.8058125,5.533875,-3.3153125
5.4299125,0.1284625,10.231625,-2.8134375
9.6497875,2.4797124999999998,2.607875,-2.4684375
9.107762500000002,6.432287500000001,7.006375,-2.4784375
0.5937625000000001,6.932237500000001,5.410375,-3.9021875
7.0089625,1.5689125,4.170624999999999,-2.8884375
6.5758375000000004,7.011437500000001,10.483375,-2.5753125
8.585537500000001,3.5216875000000005,16.121625,-2.9209375
3.2420125000000004,5.4323875,18.035875,-3.3190625000000002
7.3925875,6.5708874999999995,12.692125,-2.6040625
8.0063875,8.588012500000001,18.895625,-2.9178125
2.4821874999999998,7.1401375,15.508875000000002,-3.0896875
2.4128875,6.3976375,18.092875,-2.0690625
1.9030375,2.1134125000000004,16.026625000000003,-2.6146874999999996
1.9599625,5.6922625,7.011125000000001,-2.2284375
6.632762500000001,3.3335875,16.482625,-1.6046874999999998
4.2270625,1.6703875000000001,19.603375,-2.8215624999999998
4.2765625,0.9031375,10.388375,-1.7621875
8.459312500000001,6.464462500000001,16.050375000000003,-3.4065624999999997
1.1531125000000002,9.1721125,6.037375,-3.0928125
1.0986625,9.048362500000001,19.783875000000002,-3.7328125
2.8707625,9.5433625,7.448124999999999,-3.0846875000000002
3.8434375000000003,5.3828875,18.145125,-1.7853124999999999
4.5438624999999995,6.855512500000001,15.822375000000001,-2.0565625
5.6402875,6.1080625,3.8191249999999997,-3.3434375000000003
0.40813750000000004,2.9474875000000003,10.521375,-2.3365625
9.6002875,3.3558624999999997,4.308375,-2.5296875
5.9348125000000005,6.2689375,17.318625,-3.6096875
1.4525875000000001,5.157662500000001,10.611625000000002,-1.6584374999999998
8.7637375,5.3036875,11.984375,-3.6646875
2.5712875,1.4600125000000002,9.276875,-2.9434375
6.0115375,8.5063375,8.512125,-3.3146875
9.2537875,0.6011875,6.498125,-3.9590625
3.5885125,8.234087500000001,18.525125000000003,-3.5965625
1.5887125,5.8160125,7.8946250000000004,-2.3028125
8.479112500000001,0.9922375,5.035125,-3.3828125
3.6231625000000003,2.2025125,12.141125000000002,-3.9328125
3.4820875000000004,7.301012500000001,17.888625,-2.1559375
1.5961375,0.5714875,6.854374999999999,-1.8296875
1.7273125,2.9078875,12.905875000000002,-1.9059374999999998
0.7967125,7.7885875,5.814125000000001,-2.5396875
0.9278875000000001,2.9351125000000002,16.382875,-3.2196875
0.7373125,2.1035125000000003,14.007875,-3.8846875
5.0091624999999995,0.5813875000000001,12.117375000000001,-3.0740625
3.9770875,7.521287500000001,18.225875000000002,-2.2728124999999997
2.9648125000000003,2.8138375000000004,9.618875,-3.9203125
3.8657125000000003,8.2761625,7.343624999999999,-1.5878125
2.2841875000000003,9.8675875,6.5028749999999995,-3.2646875
6.5263375,4.9893624999999995,12.212375,-1.8359375
2.1802375,1.1927125,6.597874999999999,-1.7571874999999997
5.5635625,0.1705375,19.104625000000002,-3.4628125
8.080637500000002,7.0906375,17.798375,-1.7546874999999997
6.2689375,6.8456125000000005,13.243125000000001,-2.2446874999999995
4.4770375,5.365562500000001,7.476624999999999,-2.5203125
5.2195375,1.9253125,9.680625,-3.8178125
6.4050625000000005,3.0984625,12.160125000000003,-2.9665625
4.3062625,3.4202125,16.800875,-1.5853124999999997
1.7025625,7.8727375,12.017625,-2.9490625
7.6920625000000005,0.9179875000000001,17.698625,-3.6771875
4.4102125,0.4378375,6.925625,-2.5146875
6.7985875,2.9004625,19.266125000000002,-3.0521875
7.343087500000001,8.7216625,5.514875,-3.9946875
4.6750375,8.048462500000001,4.460374999999999,-1.7959375
3.2494375,1.1060875000000001,17.831625000000003,-2.0615625
3.8186875000000002,3.0588625,9.614125,-1.9753124999999998
1.3535875,2.2693375000000002,14.501875000000002,-1.8134374999999996
1.3758625,8.7018625,15.561125,-3.3990625000000003
5.2492375000000004,8.6870125,12.943875000000002,-3.3134375
7.2713125000000005,4.5611875,1.2113749999999999,-1.6115624999999998
8.6573125,3.1454875,18.743625,-3.1796875
8.2019125,2.0416374999999998,4.968624999999999,-2.2746874999999998
5.0487625,0.1037125,3.339375,-3.0021875
2.0391624999999998,5.4101125,8.531125,-3.3340625
9.575537500000001,3.8657125000000003,16.344875000000002,-2.5553125
8.3751625,6.7193875,15.646625000000002,-2.8915625
2.5292125,9.5037625,6.070625,-3.3334375
3.2296375,8.2167625,3.605375,-3.2634375
8.3677375,2.5712875,18.392125,-2.9034375
0.5912875000000001,2.6455375,17.860125,-2.4009374999999995
0.14578750000000001,5.8011625,6.0326249999999995,-3.8128125
8.214287500000001,2.7742375000000004,7.547875,-2.3090624999999996
4.4225875,5.0264875,13.760875,-3.5890625
5.4893125000000005,6.6674125,16.283125000000002,-2.3921875
2.8262125,6.971837500000001,12.364375,-3.2309375
0.8115625000000001,3.6652375,1.434625,-1.6484375
5.8234375,5.7021625,5.215625,-2.1228124999999998
8.704337500000001,5.056187500000001,7.315124999999999,-3.5053125
5.8110625,1.4228875,18.553625000000004,-2.9559375
7.5584125,4.8680875,15.171625,-3.8940625
9.8923375,8.194487500000001,5.828374999999999,-2.7528125
0.3215125,3.4647625,2.161375,-3.1628125000000002
2.0861875,7.9841125,15.128875000000003,-2.4184374999999996
1.7198875,1.2570625000000002,12.730125000000001,-2.9496875
1.4278375,1.7000875,8.949124999999999,-2.9153124999999998
8.9320375,2.4104125,19.218625,-2.7021875
3.7320625000000005,2.8088875000000004,15.261875000000002,-1.6171874999999996
4.6849375,7.424762500000001,9.713875,-3.6209375
5.0784625000000005,0.9452125000000001,13.186125,-3.5171875
8.3776375,6.1526125,1.524875,-2.6265625
5.7219625,2.7767125,19.964375,-3.4515625
2.1455875,2.1777625,15.124125,-2.5640625
7.313387500000001,9.535937500000001,18.700875,-2.6234374999999996
1.1333125000000002,0.2002375,12.492625,-2.9928125000000003
5.137862500000001,7.6227625,1.168625,-1.9984375
8.4667375,2.3708125,7.4338750000000005,-2.9521875
9.058262500000001,9.5210875,8.369625,-1.6646874999999999
8.694437500000001,9.2141875,1.795625,-2.2203125
7.5782125,0.9551125,19.869375,-2.8903125
0.6259375,3.9622375,16.606125000000002,-2.6959375
4.1156875,4.4894125,3.8096249999999996,-2.8321875
6.3060625,4.6799875,15.960125000000001,-2.1590625
1.3387375,3.7691875,18.577375,-2.1853124999999998
6.2268625,1.3238875,11.870375000000003,-3.8953125
4.8977875,7.6475125,2.280125,-1.9159375
2.6925624999999997,6.6377125,8.597625,-2.9653125
0.1730125,4.6898875,6.322375,-2.2709374999999996
3.0291625,5.7219625,17.617875,-3.7865625
8.5607875,4.7987875,10.079625,-2.7971875
5.877887500000001,5.4695125,17.931375000000003,-2.7421875
7.9222375000000005,5.4719875,6.669125,-3.8359375
3.4152625,1.2620125000000002,12.297875000000001,-2.6784375000000002
7.835612500000001,7.5584125,6.645375,-1.6865625
2.2421125,1.2248875000000001,17.475375,-3.8221875
5.4125875,1.4154625,13.798875,-3.5303125
0.9798625,4.1404375,2.816875,-2.2734375
6.0164875,8.313287500000001,16.767625000000002,-1.8234374999999998
6.504062500000001,0.36606249999999996,5.1111249999999995,-2.1878124999999997
7.8083875,6.410012500000001,2.660125,-1.7328124999999996
6.7763125,3.4251625,6.217875,-1.6959374999999999
8.1103375,6.1971625,8.526375,-2.6334375
3.9127375,6.209537500000001,4.9353750000000005,-1.8484374999999997
0.7224625,1.5812875,17.570375000000002,-2.6528124999999996
1.7347375,2.1505375,15.589625000000002,-3.9834375
0.3759625,7.6920625000000005,10.492875,-2.3490624999999996
0.30913750000000007,1.7471125,5.576625,-1.9453125
7.9643125,7.741562500000001,19.142625,-3.3071875
1.7619625,0.4427875,3.909375,-1.7578125
6.2763625,2.9276875,13.684875,-1.6634374999999997
7.0064875,9.127562500000002,5.738125,-1.8753124999999997
6.3679375,0.1433125,10.146125,-3.6309375
5.3135875,8.028662500000001,1.6531250000000002,-3.3053125000000003
2.6381124999999996,5.808587500000001,11.343125,-2.5903125
7.5188125,8.5261375,6.483874999999999,-3.8934375
2.8930375,6.5906875,14.544625,-2.4046874999999996
1.2917125,1.1654875,10.065375,-3.0396875
4.8458125,5.155187500000001,12.948625000000002,-2.0371875
6.0461875,3.8706625000000003,3.7668749999999998,-1.6378125
1.5416874999999999,5.3309125,17.266375,-2.6928124999999996
8.7835375,1.9723375,12.307375,-1.5165625
0.5838625000000001,5.994212500000001,19.437125,-2.9715625
8.9345125,0.7298875,16.230875,-2.6871875
8.068262500000001,4.1676625,13.442625000000001,-2.4803125
4.6527625,4.6304875,4.275125,-2.0803125
2.9276875,7.2168625,10.013125,-2.2434374999999998
9.6448375,9.7240375,1.306375,-3.9471875
4.0760875,1.1234125000000001,18.449125000000002,-3.4309374999999998
1.6951375,6.7367125,5.538625,-1.6465625
1.6109875,1.6010875,10.497625000000001,-3.9184375
8.9963875,0.9402625000000001,11.960625,-2.5828125
7.615337500000001,0.6209875,7.452875000000001,-2.8703125
1.6357375,3.8805625000000004,11.476125000000001,-2.9746875
0.2497375,8.1870625,13.718125,-3.3490625
6.9767875,7.6277125,1.957125,-1.6978124999999995
4.3780375,0.13341250000000002,12.022375,-2.5084375
2.4722875,4.0191625,3.990125,-2.7015624999999996
3.8236375000000002,2.6876124999999997,8.906375,-3.9528125
3.5934625000000002,5.276462500000001,19.384875,-2.8515625
7.7638375,6.3258625,11.737375000000002,-3.2728125
2.9920375,3.2172625000000004,4.764374999999999,-1.7953124999999996
2.4178375,9.6349375,10.383625,-1.8453125
0.8437375,4.1973625,14.188375000000002,-2.8978124999999997
0.9179875000000001,2.7123625,19.698375000000002,-2.5090624999999998
6.4595125,1.6258375,16.135875,-2.6053125
6.2986375,7.9123375000000005,19.788625,-3.7609375
5.1329125,6.1550875000000005,1.814625,-3.5190625
2.3188375,0.9427375000000001,11.181625000000002,-3.5371875
9.281012500000001,7.7019625000000005,7.296125,-1.9371874999999998
5.1403375,4.0315375,9.823125,-1.5978124999999999
3.8855125000000004,0.9971875,7.376875,-2.7640625
5.4596125,6.484262500000001,9.709125,-3.8390625
9.996287500000001,0.41803750000000006,2.232625,-1.7153124999999996
2.7569125,6.664937500000001,10.711375,-2.9796875
6.7614624999999995,1.8708624999999999,13.010375000000002,-2.0096875
0.9328375000000001,8.9765875,18.696125000000002,-3.0153125000000003
5.2987375000000005,4.0439125,13.428375,-2.9071875
9.4443625,4.0067875,15.323625000000002,-3.7790625
7.6970125000000005,4.3879375,10.583125,-2.6703124999999996
9.0953875,5.4299125,11.699375000000002,-3.2771875
3.6157375,6.204587500000001,4.925875,-1.9721874999999995
6.5213875,3.0489625,4.161125,-2.7353125
0.8462125,8.1029125,15.461375,-3.5659375
6.994112500000001,9.0557875,8.735375000000001,-1.7034374999999997
9.946787500000001,0.6383125,15.067125,-2.8315625
6.833237500000001,6.763937500000001,9.528625,-2.7396874999999996
9.721562500000001,3.4820875000000004,19.570125,-3.4253125
7.4222875,4.4968375,18.520375,-3.0753125
6.692162500000001,7.699487500000001,13.784625,-2.9584375
8.605337500000001,4.3854625,5.144375,-1.8159374999999995
7.0683625,3.9845125,18.373125,-2.8653125
8.2217125,9.5829625,4.7833749999999995,-1.6853124999999998
9.3824875,3.7865125,17.000375000000002,-3.8534375
9.0335125,8.6771125,3.372625,-3.7490625
3.4053625,9.5136625,13.048375,-2.8796875
7.474262500000001,6.872837500000001,7.951625,-3.9303125
4.4522875,8.263787500000001,4.365374999999999,-3.8309375
5.3507125,3.0712375,12.801375,-2.0359375
3.9968875,6.9396625,6.179875,-3.9428125
7.9940125,7.1698375,6.583625,-3.0484375
2.7940375000000004,4.4225875,3.272875,-3.5928125
2.4995125,6.088262500000001,6.550374999999999,-2.3696875
9.2339875,0.8833375,13.152875000000002,-3.3803125
7.776212500000001,6.3753625000000005,17.389875,-2.0009375
1.9005625,5.6526625,6.920875,-1.5909375
8.9468875,6.652562500000001,7.2296249999999995,-1.9771874999999999
3.9845125,2.7643375000000003,10.469125,-1.5234375
5.9768875,1.5713875,11.091375000000001,-3.8815625
2.2594375,0.4304125000000001,7.571625,-2.1084375
5.4200125,0.47001250000000006,17.299625000000002,-1.7634374999999998
3.8632375000000003,6.6797875,11.271875,-2.4209375
2.7197875000000002,8.9716375,13.661125,-2.4334374999999997
7.9469875000000005,9.508712500000001,1.268375,-3.8765625
1.7916625000000002,0.7818625,1.178125,-1.6253124999999997
0.41803750000000006,2.1530125,6.517125,-3.0578125
6.9074875,7.8578875,16.078875,-3.8878125
2.4871375,2.9846125000000003,1.130625,-2.9659375
1.1654875,8.2068625,16.919625,-3.1790625
5.8655125,4.3904125,6.897125,-3.8578125
0.9377875000000001,9.1622125,4.593375,-3.2890625
5.736812500000001,3.3979375000000003,8.982375,-3.7771875
3.6652375,1.7718625000000001,14.264375000000001,-2.9896875
0.10123750000000001,0.3264625,19.565375,-3.8378125
6.444662500000001,2.9054125,4.436624999999999,-2.7140625
7.1673625,2.0267875,1.496375,-3.1115625
1.7743375000000001,4.6997875,1.197125,-3.2046875
9.860162500000001,9.8725375,19.451375,-1.8865624999999997
8.194487500000001,2.3980375,5.7048749999999995,-3.4546875
8.5013875,4.4745625,12.977125000000001,-1.8628125
5.707112500000001,1.1036125,6.061125,-2.3265624999999996
5.9917375,5.2145874999999995,16.862625,-2.1496874999999998
2.8781875,8.7563125,13.129125,-1.5278125
1.1184625000000001,7.2193375,2.759875,-2.6196874999999995
9.6547375,2.7519625,1.6483750000000001,-2.2628125
8.6127625,7.4321875,8.141625000000001,-3.8346875
2.1752875,4.6527625,4.564875,-2.6259375
1.5342624999999999,8.9023375,19.741125000000004,-2.6096874999999997
2.1233125000000004,1.5788125,18.814875,-2.9396875
1.7842375000000001,8.1499375,14.815375,-1.5990624999999996
3.8310625000000003,0.6581125,17.926625,-3.4459375
5.115587500000001,9.018662500000001,9.728125,-3.0634375
9.5136625,5.8754125,10.112875,-3.8396875
0.9105625,1.4847625000000002,10.896625000000002,-3.0321875
6.724337500000001,3.3657624999999998,10.678125,-2.4946875
8.031137500000002,3.8360125000000003,17.138125000000002,-2.6084375
0.7150375,9.8626375,17.223625000000002,-2.0290624999999998
4.8755125,9.6250375,15.195375,-3.1578125
9.508712500000001,5.0933125,9.799375,-2.4328125
3.6998875,6.1625125,17.114375,-2.2934375
8.7266125,2.1381625,18.981125000000002,-2.1321874999999997
3.0712375,1.1605375,8.151125,-3.9078125
3.4994125,8.7365125,1.007125,-3.7528125
7.7836375,1.9822375,11.818125000000002,-3.2378125
1.5862375,9.7141375,7.528875,-2.2503124999999997
4.4498125,7.115387500000001,18.567875,-3.3253125
6.5114875,8.3108125,9.561875,-2.6071874999999998
3.6355375,7.125287500000001,3.334625,-2.0671874999999997
9.7958125,0.9625375,1.743375,-2.2540625
8.7563125,3.0860875,19.551125000000003,-1.9221874999999997
0.7001875,6.392687500000001,4.678875,-1.6084375
6.7589875,8.0336125,7.063375,-3.8728125
8.018762500000001,0.35863750000000005,16.634625,-3.6665625
5.9471875,8.8231375,3.3013749999999997,-3.8334375
1.7520625,4.6453375,2.935625,-1.8265625
2.5910875,4.5537624999999995,2.394125,-2.8365625000000003
9.978962500000002,5.526437500000001,6.968375,-2.4103125
8.303387500000001,8.654837500000001,3.215875,-2.9965625
3.4474375000000004,3.0811375,13.067375,-2.4228125
6.3308125,7.372787500000001,12.663625000000001,-2.9934374999999998
8.2563625,7.5014875000000005,15.903125000000001,-2.2471875
3.9944125,3.1677625000000003,5.7856250000000005,-3.0296875
9.4839625,2.4995125,13.699125,-3.1265625
8.2761625,8.070737500000002,12.929625000000001,-2.5059375
0.6383125,3.7617625,2.793125,-3.4653125
8.283587500000001,4.7839375,15.893625000000002,-2.1665624999999995
8.7711625,4.7096875,13.157625000000001,-2.8821875
0.7472125000000001,3.1504375000000002,1.681625,-2.6721874999999997
3.4746625,3.7939375,16.097875000000002,-1.7871875
8.4246625,7.5881125,16.639375,-2.5796874999999995
1.1704375,7.4693125,17.613125,-1.9346875
7.4891125,3.7172125000000005,1.035625,-2.6865625
5.3729875,2.0391624999999998,2.033125,-3.4371875000000003
3.1009375,0.9278875000000001,3.377375,-3.8521875
7.989062500000001,0.6506875,13.214625000000002,-3.1346875
1.7223625,7.7316625000000005,19.446625,-3.7059375
1.2818125000000002,9.9047125,2.907125,-3.1084375
2.1950875,7.305962500000001,10.298125,-3.8896875
6.5585125,4.9027375,17.712875,-3.4096875
5.4917875,1.7124625,12.768125,-1.8053124999999999
6.7193875,2.1257875000000004,7.870875,-1.7684374999999997
2.0515375,1.6060375,4.750125,-3.6696875
1.1828125,1.6283125,7.747374999999999,-2.7984375000000004
2.1876625,5.9521375,17.461125,-1.7303124999999997
1.5540625,4.6007875,6.882874999999999,-3.6709375
3.8261125000000002,7.870262500000001,19.665125000000003,-2.2303125
2.3906125,8.412287500000001,5.875875,-2.4315625
9.0656875,4.6700875,2.2563750000000002,-1.9996874999999998
1.9673875,7.9321375000000005,9.010874999999999,-3.3178125
5.556137500000001,4.3755625,4.854625,-2.2703125
2.9301625000000002,3.3311124999999997,8.379124999999998,-2.1334375
2.9425375000000003,2.0540125,5.063625,-2.6603125
6.9965875,4.8656125,1.966625,-3.2584375000000003
3.2222125000000004,8.1078625,12.136375000000001,-2.3240625
8.5904875,0.4254625000000001,11.504625,-2.2890625
5.8135375,3.3830875000000002,11.153125000000001,-2.9946875
3.5687125,5.877887500000001,18.316125,-2.2146875
0.2819125,3.3608124999999998,1.125875,-1.7190624999999997
3.8063125,4.7567125,15.751125,-3.5690625000000002
3.0217375,6.8307625,1.596125,-1.5078125
1.4030875,3.6528625000000003,10.117625,-2.1171875
9.1523125,9.9740125,6.612125,-3.5359375
7.2416125000000005,6.1303375,6.018375,-3.0653125
0.42298750000000007,1.8040375000000002,6.773625,-3.6084375
9.7438375,5.1799375,9.979875,-2.9428125
6.009062500000001,2.6331625000000005,6.745125,-2.4303125
5.1304375,5.5635625,13.604125000000002,-1.6815625
5.7813625,6.2862625,16.359125,-3.7103125
1.4649625000000002,7.649987500000001,5.676374999999999,-3.7253125000000002
9.6794875,7.1574625,7.110875,-1.8140625
8.154887500000001,9.5705875,3.3061249999999998,-2.4171875
5.8630375,5.588312500000001,6.654875,-3.8740625
9.3676375,5.147762500000001,1.705375,-2.6984375
3.2370625000000004,8.1152875,14.991125,-2.7821875
9.8477875,6.5560375,7.106125,-3.7046875
0.36853749999999996,5.1898375,19.760125000000002,-3.1565625
0.4502125,4.4126875,1.6768750000000001,-1.9315624999999996
9.8552125,5.7120625,18.995375000000003,-1.8990624999999999
5.7392875000000005,5.8259125,19.631875,-2.7815624999999997
4.7864125,5.9447125000000005,4.569625,-2.3578124999999996
5.1502375,1.0021375000000001,16.059874999999998,-1.9071875
6.7961125000000004,8.7290875,10.654375000000002,-3.6609375
6.9668875,1.2323125000000001,10.782625000000001,-3.5446875
9.7859125,5.4125875,17.499125,-1.6590624999999997
7.635137500000001,4.7542375,18.406375,-1.6453125000000002
0.29428750000000004,6.6896875,17.399375,-1.7796874999999996
4.1354875,1.4674375000000002,6.939875,-3.1390625
7.1277625,8.585537500000001,19.926375,-3.1103125
3.5266375000000005,1.9178875,5.956624999999999,-3.7234375
9.7982875,8.6325625,12.397625000000001,-2.3846875
5.5313875,1.0120375000000001,1.6056249999999999,-3.4584375
8.6498875,9.9146125,19.988125,-2.6953125
5.8457125,7.513862500000001,5.6431249999999995,-2.4309374999999998
3.0959875,2.0490625,10.397874999999999,-2.8784375
9.486437500000001,6.4595125,9.894375,-3.0471875
9.196862500000002,6.1451875000000005,9.742375000000001,-2.2534375
6.234287500000001,6.333287500000001,4.379624999999999,-3.5309375000000003
4.0439125,3.6256375,13.281125000000001,-1.6328125
4.0612375,2.2544875,11.248125000000002,-2.2640624999999996
7.4618875000000005,9.627512500000002,8.236625,-3.9596875
3.0836125,8.380112500000001,9.058375,-3.3515625
1.2422125000000002,5.907587500000001,3.629125,-3.4946875
2.3361625,7.352987500000001,5.310625,-2.4928125
6.3580375,1.6233625,7.980125,-3.1321874999999997
0.1977625,3.8780875000000004,18.278125,-1.8928124999999998
8.664737500000001,0.5145625,3.9378749999999996,-2.0021875
9.097862500000002,7.919762500000001,9.818375,-2.7315625
6.8010625,2.2866625000000003,13.675375,-2.6978124999999995
2.6653375,0.5021875,17.237875000000003,-2.2409375
8.3256625,1.2149875,13.371375,-3.8296875
9.496337500000001,0.26458750000000003,10.008375000000001,-3.0265625
8.9741125,9.0038125,14.012625,-3.8959375
2.4277375,0.7719625,3.733625,-2.0346874999999995
3.6033625000000002,9.026087500000001,8.858875000000001,-2.2453125
6.5956375000000005,5.345762500000001,9.362375,-1.7965624999999998
7.8875875,1.6505875,9.200875,-3.2746875
2.6356375,6.4570375,19.365875000000003,-2.5996875
5.595737500000001,1.4402125000000001,11.366875,-2.2965625
5.085887500000001,4.7319625,6.412625,-2.6034375
2.5564375,3.2024125000000003,19.674625000000002,-2.7296875
0.18291250000000003,0.2695375,2.679125,-2.8615625
2.8212625,1.8065125000000002,14.511375000000001,-2.3046875
5.4497125,9.469112500000001,13.870125000000002,-2.0721875
9.246362500000002,6.0610375,1.225625,-1.7196875
0.9922375,0.12351250000000001,19.071375000000003,-3.0121875
7.543562500000001,2.3633875,18.102375000000002,-2.9265625
4.0067875,8.5013875,18.254375000000003,-2.8096875
4.7517625,7.1475625,16.031375,-3.9403125
7.2465625000000005,1.3659625,7.809125,-3.7196875
6.721862500000001,5.1007375,15.276125,-2.3159375
7.7267125000000005,8.011337500000002,16.036125,-2.7378124999999995
1.8164125000000002,7.6673125,14.829625,-3.6259375
0.30418750000000006,8.0138125,9.006125,-3.8415625
1.0095625000000001,9.4022875,5.614624999999999,-3.9815625
5.316062500000001,9.0854875,14.568375,-3.3290625
2.4549625,4.4399125,3.8808749999999996,-2.5428125
6.922337500000001,1.8312625000000002,17.009875,-2.9846874999999997
9.251312500000001,1.7248375,15.732125,-1.8240625000000001
0.1309375,9.488912500000001,10.302875,-3.1815625
6.1377625,8.1425125,3.211125,-3.5778125
2.0416374999999998,0.3363625,14.786875000000002,-1.7059375
8.9518375,4.8359125,17.646375,-3.7021875
4.6329625,2.8286875000000005,10.098625,-1.9734374999999997
9.565637500000001,3.6751375,12.293125000000002,-2.5409375
2.5440625,9.1547875,3.738375,-2.3315625
5.6105875,8.1053875,6.7071250000000004,-3.4365625
9.7784875,0.37101249999999997,13.651625000000003,-2.9346875
8.6993875,4.8136375000000005,7.927874999999999,-2.6403125
8.2514125,6.7787875,19.441875000000003,-1.7540624999999999
5.7145375000000005,0.9254125000000001,16.311625,-2.3565625
9.7883875,6.6599875,9.286375,-3.1034375
8.0930125,8.565737500000001,15.048125,-2.7703125
9.0112375,4.1701375,18.311375,-2.1721874999999997
4.0265875,2.3881375,1.634125,-2.6753124999999995
3.3781375000000002,6.009062500000001,1.149625,-3.0171875
1.2323125000000001,5.726912500000001,5.543375,-2.2465624999999996
7.494062500000001,4.3829875,5.495875,-2.3915625
2.3708125,7.0584625,8.179625000000001,-3.2959375
4.3433874999999995,2.1950875,17.180875,-1.7465625
3.2840875,2.5292125,8.573875000000001,-3.2403125
2.6678124999999997,5.9471875,3.030625,-2.9246875
7.976687500000001,0.5071375,9.889625,-2.4378124999999997
9.3329875,5.318537500000001,13.466375000000001,-3.3303125
8.9765875,0.8239375,10.986875,-3.5865625
4.7938375,4.9101625,8.094125,-3.5078125
2.1629125,2.5688125,15.043375000000001,-3.6090625000000003
3.8929375,5.7417625,14.368875000000001,-3.4490625
0.5516875,7.1178625,12.872625000000001,-1.7396874999999996
1.3808125,8.4914875,17.874375,-1.8496875
9.226562500000002,1.8188875000000002,10.934625000000002,-1.5640625
4.8062125,5.0388625,4.688375,-2.0790625
8.8082875,9.672062500000001,4.545875,-2.4590625
3.2444875,4.7591875,9.685375,-3.7596875
2.6603875,7.4024875,10.150875,-3.7846875
7.053512500000001,2.4425875,15.784375,-3.5028125
5.838287500000001,4.5067375,12.378625000000001,-2.7953125
8.001437500000002,5.464562500000001,11.799125000000002,-3.3653125
3.9449125,3.6924625000000004,4.574375,-2.2484374999999996
6.573362500000001,5.335862500000001,9.808875,-3.5003125
6.6080125,0.31161250000000007,11.238625000000003,-3.5484375
1.8312625000000002,7.5683125,6.469625,-2.9115625
9.2191375,9.548312500000002,5.7951250000000005,-3.3390625
8.1796375,3.4276375000000003,1.933375,-1.9565625
0.24478750000000002,6.4001125000000005,2.389375,-2.8846875
5.0339125,0.2546875,1.097375,-2.3309375
7.600487500000001,4.6601875,6.284375,-2.9234375000000004
2.8286875000000005,2.8237375000000005,14.487625000000001,-3.3415625
7.041137500000001,4.9745124999999994,12.065125000000002,-2.2990625
9.8576875,5.5536625,13.680125,-2.0746874999999996
7.1772625,1.5020875000000002,11.338375000000001,-3.9790625
8.0459875,2.6059375,9.020375,-3.2909375
7.2069625,4.3631874999999996,17.717625,-2.6153125
0.5120875,4.1354875,19.522625,-1.6434375
6.754037500000001,8.538512500000001,1.567625,-2.9809375
7.526237500000001,9.370112500000001,7.291375,-2.6996874999999996
7.6821625000000004,5.647712500000001,1.7101250000000001,-2.2665625
1.4822875000000002,6.642662500000001,13.295375000000002,-2.9646875
1.1011375,2.2470625,10.336125000000001,-2.0134375
9.4740625,8.342987500000001,6.906625,-3.0440625
4.6230625,6.914912500000001,14.397375,-2.0240625
3.7394875,1.4426875000000001,16.843625000000003,-2.3246874999999996
7.5386125,3.1529125000000002,4.194375,-3.7546875
5.7615625,3.6701875,5.685874999999999,-1.9078125
8.2910125,8.3751625,14.283375000000001,-3.9853125
1.4550625000000001,7.585637500000001,5.709625,-2.5078125
5.8556125,7.192112500000001,11.746875000000001,-1.6065625
3.6058375,3.2222125000000004,3.8286249999999997,-2.1434374999999997
9.4121875,8.9270875,7.044375,-2.3590625
6.9891625,5.6031625,12.174375,-2.7384375
6.855512500000001,1.6208875,9.542875,-3.2284375
3.4796125,5.7145375000000005,4.009124999999999,-3.9290625
4.4275375,4.0859875,6.859125000000001,-3.7959375
8.4716875,4.5290125,6.393625,-2.6509375
0.2546875,2.9499625000000003,1.135375,-3.5346875
9.330512500000001,5.8853125,17.166625,-3.7334375
7.746512500000001,7.669787500000001,8.084624999999999,-3.1078125
9.1943875,4.1503375,8.692625,-2.5959375
7.6326625,4.0711375,2.926125,-1.8709374999999997
5.236862500000001,2.6034625000000005,15.936375000000002,-3.9196875
1.0466875,5.9224375,19.399125,-3.7178125
3.2123125000000003,3.7073125000000005,3.8238749999999997,-1.6440625
9.956687500000001,1.7322625,10.839625000000002,-3.8884375
1.0293625,2.4698125,14.088625,-2.0059375
7.6128625,9.4740625,15.850875,-3.1309375
1.6010875,8.1573625,6.2558750000000005,-2.7578125
2.9846125000000003,4.4993125,10.141375,-3.7709375
2.0267875,4.4696125,1.9856250000000002,-1.7559375
3.3038875,7.736612500000001,11.309875,-1.5890624999999998
3.1157875,4.4943625,13.827375000000002,-2.7003125
9.6893875,0.9328375000000001,19.052375,-3.9046875
6.1204375,6.974312500000001,9.077375,-3.6384375
2.1604375,7.3579375,18.054875,-2.9021875
2.4252625,4.3656625,5.624124999999999,-2.3009375
6.0560875,9.667112500000002,19.099875,-2.5915624999999998
6.523862500000001,6.4768375,12.763375,-2.5028125
4.068662499999999,7.9420375000000005,3.985375,-1.7071874999999999
6.219437500000001,0.8858125,15.356875000000002,-1.9065624999999997
8.5261375,0.8709625,1.011875,-2.5715624999999998
3.7419625,0.5170375,10.507125,-3.0878125
4.5661375,0.26706250000000004,17.879125000000002,-3.4921875
8.4370375,5.0636125,10.754125,-3.0859375
3.7469125,0.8214625,15.295125,-1.8996874999999998
9.488912500000001,1.8931375,16.791375000000002,-2.7128125
3.2543875,6.8505625,2.546125,-3.9034375
1.8436374999999998,0.30666250000000006,14.577875,-3.1453125
1.0813375,6.1179625,7.889875,-2.2671874999999995
3.5662375000000006,3.7023625000000004,18.966875,-1.7946874999999998
7.7093875,9.6596875,4.735875,-3.3565625
3.4573375000000004,9.6497875,19.223375,-3.9540625
8.2489375,1.9129375,16.439875,-2.9990625
7.033712500000001,3.2667625000000005,3.543625,-2.0628124999999997
1.7372125,1.0565875,18.658125000000002,-2.0028124999999997
2.7915625,3.3088375,13.756125,-3.0065625000000002
1.6654375000000001,0.7670125000000001,8.046625,-1.7703124999999997
9.555737500000001,5.0586625000000005,16.995625,-2.7728124999999997
1.1951875,2.8930375,8.155875,-1.6059375
9.0854875,0.34873750000000003,19.275625,-1.8953124999999997
0.4254625000000001,3.4870375000000005,12.559125,-3.9309375
6.7094875,7.122812500000001,5.201375,-2.8378125
1.5986125,6.655037500000001,5.880624999999999,-1.6459375
1.5565375,3.7048375,13.053125,-2.0553125
3.9548125,1.1803375,6.222625,-2.9146875000000003
1.2719125000000002,6.434762500000001,8.222375,-2.0321875
1.5812875,0.3190375,1.591375,-3.6634375
7.1475625,6.5609875,5.700125,-1.9553124999999998
9.8651125,9.617612500000002,16.644125000000003,-2.2009374999999998
6.8183875,6.194687500000001,4.612375,-2.9571875
1.2842875000000002,5.2244874999999995,19.128375000000002,-3.7765625
5.1601375,1.1679625,9.186625,-3.7628125
1.9624375,2.7148375000000002,15.627625000000002,-2.4915624999999997
4.9794624999999995,8.1103375,14.440125000000002,-3.7778125
0.1284625,1.3139875,8.122625,-3.1765625
9.5012875,8.5162375,6.094375,-3.7728125
1.1580625,3.9746125,13.509125000000001,-1.5221874999999998
8.7167125,1.2199375000000001,6.203625,-2.8521875
7.850462500000001,5.3012125,12.611375,-2.3890624999999996
8.3652625,1.6357375,11.495125000000002,-1.6971874999999996
7.4371375,3.8335375000000003,2.565125,-3.8146875
9.506237500000001,9.988862500000002,16.876875000000002,-3.7753125
5.9051125,4.303787499999999,12.573375,-2.7609375
7.4569375,9.6893875,8.744875,-2.7459374999999997
6.033812500000001,6.5362375,1.040375,-2.8265625
0.4007125,4.6626625,16.506375000000002,-3.0178125
7.125287500000001,9.969062500000001,18.615375,-3.0390625
1.5119875000000003,8.9444125,1.216125,-3.5478125
8.850362500000001,2.5960375,19.190125000000002,-2.1234374999999996
9.8527375,2.9326375000000002,2.0616250000000003,-2.8765625000000004
6.1798375000000005,3.6033625000000002,2.109125,-2.8121875
4.2567625,9.978962500000002,19.812375,-3.1859375
7.6722625,5.3432875,3.230125,-2.5740624999999997
3.5513875000000006,3.3905125,14.102875000000001,-2.3434375
1.6307875,2.0614375,17.722375,-3.7109375
1.5590125,5.4794125000000005,11.898875,-1.9053125
5.8358125,9.1349875,4.023375,-1.5709374999999999
3.1380625,8.1326125,11.461875000000001,-3.1571875
4.7888875,2.7371125,14.140875000000001,-3.5540625
9.409712500000001,2.8658125,5.8473749999999995,-3.5259375
8.360312500000001,8.489012500000001,18.282875,-2.0153125
9.6596875,7.231712500000001,15.551625000000001,-3.0996875
7.4024875,9.4715875,2.541375,-2.1028124999999998
7.320812500000001,8.909762500000001,1.410875,-2.1059374999999996
4.1503375,7.5064375000000005,8.768625,-1.8015625000000002
0.4427875,8.2489375,3.106625,-3.1959375
6.7812624999999995,7.1599375,17.788875,-3.9003125
3.0885625,8.3157625,11.618625,-3.5796875
5.308637500000001,6.5684125,19.465625,-3.7271875
1.5194125,3.0638125,12.996125000000001,-2.6771874999999996
1.6431625,7.073312500000001,18.857625,-1.8746874999999998
2.3064625,2.7940375000000004,12.839375,-2.7634375
5.637812500000001,6.5758375000000004,17.038375000000002,-2.2828125
7.5534625,9.236462500000002,8.132125,-2.6121874999999997
3.3558624999999997,2.9821375,16.796125000000004,-2.5509375
2.7890875000000004,3.4622875000000004,18.928875,-3.7315625
2.5589125,3.7914625,16.040875,-2.3390625
2.6702875,8.1969625,6.132375,-3.7190625
7.273787500000001,1.4996125000000002,9.300625,-2.1640625
5.6823625,8.714237500000001,10.768375,-2.6815625
3.3335875,8.4543625,5.448375,-1.5528125
7.996487500000001,9.3923875,2.2658750000000003,-3.5296875
5.7046375000000005,6.083312500000001,10.910875,-1.5490624999999998
0.3932875,0.40566250000000004,3.5056249999999998,-1.9203125
3.2791375,7.6772125,8.483625,-2.4696875
5.4794125000000005,9.3874375,3.4913749999999997,-2.6915625
2.8385875000000005,1.1580625,15.119375000000002,-3.6009375
6.4867375,8.1598375,4.070875,-1.5178124999999998
8.4741625,0.6704875,8.089375,-1.7534375
8.6003875,8.2093375,5.3866249999999996,-2.2378125
1.4179375,2.1851875,8.930125,-3.9190625
6.0659875,6.2466625,1.5438749999999999,-3.2996875
5.387837500000001,5.9595625000000005,9.466875,-3.2659375
2.9078875,6.8876875,5.405625,-2.3859375
0.9501625,4.0661875,7.728375,-2.1621875
0.6011875,4.9695625,5.196625,-3.7240625
5.558612500000001,5.5511875,9.500125,-2.2521875
4.5067375,8.4939625,6.3081249999999995,-3.7659375
2.5663375,0.46506250000000005,10.364625,-1.7053124999999998
9.8081875,8.2613125,3.458125,-3.8165625
8.9122375,2.7074124999999998,10.136625,-1.5571875
7.142612500000001,9.5730625,15.409125,-3.7509375
6.5015875,9.3626875,17.323375000000002,-1.6571874999999996
9.9517375,4.0166875,12.340625000000001,-2.8790625
9.647312500000002,1.7570125,17.556125,-2.6896875
5.3531875,1.9203625,16.948125,-3.3959375
1.8015625000000002,7.362887500000001,1.961875,-2.6440625
5.9224375,1.8659124999999999,16.401875,-3.7784375
1.2397375000000002,0.6432625,18.558375,-2.1596875
2.5688125,7.8628375,18.320875,-1.9978125000000002
7.404962500000001,8.7389875,4.902125,-2.3221875
2.6306875,7.2861625000000005,2.550875,-3.8384375
9.0904375,6.8901625,10.122375,-2.7040625
3.9820375,2.8410625,16.216625,-3.5678125
3.6825625000000004,5.9966875,14.254875,-3.3928125
8.2291375,8.144987500000001,17.527625,-1.7996875
3.1479625,9.8849125,3.643375,-2.0890625
2.1431125,5.4200125,18.800625,-3.6721875
9.117662500000002,1.0813375,8.977625,-1.6821875
4.3879375,7.9346125,17.356625,-3.4421875
9.2117125,2.4277375,10.416875,-3.9796875
3.3632875,3.9721375,11.784875000000001,-3.4521875
5.4224875,9.1523125,14.905625,-3.8796875
5.9546125000000005,5.2690375000000005,10.317125,-2.2196875
5.187362500000001,5.506637500000001,13.646875,-2.7265625
4.1379624999999995,6.0164875,6.740374999999999,-2.5840625
5.749187500000001,6.4471375,4.640874999999999,-3.0640625
2.9128375,1.2397375000000002,12.521125000000001,-2.5384374999999997
5.5833625,5.984312500000001,13.879625,-1.6784374999999998
2.9870875,9.6423625,14.525625000000002,-3.4571875
4.5562375,4.7047375,8.393374999999999,-3.6409375
5.075987500000001,9.565637500000001,3.087625,-2.6409374999999997
0.7868125,3.5439625,8.041875,-2.2928125
5.2343874999999995,7.6079125,18.344625,-3.2628125
0.2348875,1.1951875,16.083625,-2.9690624999999997
6.410012500000001,7.060937500000001,13.794125000000001,-3.9221875
5.7194875000000005,1.6778125,13.889125000000002,-2.5765624999999996
5.4695125,1.8881875,6.108625,-3.5471875
2.7074124999999998,3.2618125000000004,8.925374999999999,-3.5584375
3.2246875,1.0367875,18.178375000000003,-3.7621875
2.4401125,5.783837500000001,1.838375,-3.1828125
4.5364375,7.340612500000001,13.309625000000002,-2.0859375
9.068162500000001,6.4421875,1.6436250000000001,-3.0434375
4.2914125,8.498912500000001,12.155375,-3.8040625
6.5857375000000005,7.9222375000000005,5.823625000000001,-3.8428125
5.7120625,9.919562500000001,2.778875,-3.8984375
9.016187500000001,4.4918875,17.622625000000003,-1.5771875
9.870062500000001,5.768987500000001,8.801875,-2.3121875
4.6354375,3.3484375,3.239625,-2.5115624999999997
4.2815125,8.080637500000002,12.920125,-3.4578125
6.1402375000000005,3.5513875000000006,2.199375,-3.9371875
1.9649125,5.8110625,10.089125,-3.9278125
1.7693875000000001,4.9868875,19.304125000000003,-2.2159375
0.19033750000000002,7.4594125,2.636375,-1.7090625
0.9402625000000001,5.7442375000000006,6.156124999999999,-2.6028124999999998
6.2417125,3.6008875,11.955875,-2.9315625
5.578412500000001,2.5143625,9.039375,-3.0046875
4.4399125,5.424962500000001,4.6598749999999995,-2.6546874999999996
4.1181624999999995,9.0731125,4.484125,-3.5765625
4.8903625,8.402387500000001,14.986375,-1.9259374999999999
8.7315625,2.9722375,4.769125,-1.5703125
3.4944625,7.4668375000000005,14.677625,-2.1646875
4.6874125,5.325962500000001,17.361375,-3.2265625
6.912437500000001,1.2347875000000001,12.863125,-2.4471875
7.6178125,6.543662500000001,7.319875,-2.5696874999999997
4.9324375,1.2892375,8.212875,-2.0478125
7.4668375000000005,4.4003125,4.465125,-2.0071874999999997
5.818487500000001,1.5392124999999999,1.349125,-1.9440624999999998
9.751262500000001,4.0043125,1.2493750000000001,-1.8653125
1.8362125000000002,8.7464125,18.415875,-2.7178125
2.3609125,9.0805375,1.296875,-3.9771875
5.8061125,6.0808375,15.181125,-2.5465625
4.0364875,4.5463375,6.327125,-2.0928125
6.9792625,3.5736625,12.806125,-3.5403125
6.853037500000001,4.8903625,11.067625000000001,-3.2334375
0.4972375,2.4623875,16.202375000000004,-3.5803125
9.1597375,5.3630875,12.882125,-3.2003125
6.843137500000001,5.088362500000001,15.594375000000001,-2.2265625
2.8435375000000005,9.889862500000001,14.620625,-3.1490625000000003
8.909762500000001,9.5903875,5.719125,-3.3809375
8.528612500000001,7.890062500000001,19.484625,-1.8103124999999998
2.9227375,9.1325125,5.989875,-3.9096875
5.2690375000000005,1.9550125,17.803125,-1.6659375
3.6553375,7.4990125,10.725625,-2.7509375
1.6481125,7.855412500000001,9.029874999999999,-3.8971875
6.991637500000001,2.6183125000000005,6.616874999999999,-2.9296875
7.761362500000001,7.8529375,1.610375,-2.5040625
3.0489625,8.479112500000001,3.082875,-3.8440625
3.0019375,2.2495375,2.8501250000000002,-1.7603125
4.7591875,5.338337500000001,16.786625,-3.0228125
5.4398125,4.7666125,3.2538750000000003,-3.1040625
6.1575625,1.5070375000000003,9.333874999999999,-2.2940625
5.5140625,3.4152625,13.266875,-1.9896874999999996
1.5639625,8.8577875,17.480125,-2.2390624999999997
4.0166875,4.6849375,13.024625000000002,-1.5471874999999997
8.6820625,3.9647125,5.766625,-2.2353125
0.5269375000000001,5.803637500000001,12.107875000000002,-2.3465625
0.5467375,8.1994375,15.565875000000002,-2.9371875000000003
3.6454375,3.8384875000000003,15.679875000000001,-3.4209375
5.3804125,9.196862500000002,16.397125000000003,-1.5446874999999998
5.9447125000000005,6.053612500000001,15.095625000000002,-2.0259375
8.7414625,3.1949875,15.789125,-2.1134375
1.3238875,2.1604375,10.174625,-2.8690625
6.4496125,9.1820125,6.341375,-2.6821875
0.9971875,7.781162500000001,19.736375,-2.3021874999999996
3.1232125,2.0094625,2.7978750000000003,-2.8528124999999998
5.9496625000000005,8.1400375,2.783625,-3.3365625000000003
5.8160125,8.4345625,12.008125000000001,-3.4478125
5.7962125,3.3583375,9.234125,-2.7228125
4.9349125,0.6308874999999999,15.698875000000001,-2.1046875
8.8553125,5.2294375,2.826375,-2.6659375
8.7389875,1.8238375000000002,12.198125000000001,-3.4509375
4.0092625,9.1894375,12.706375000000001,-3.4884375
9.7760125,9.078062500000001,7.818625,-3.1953125
4.7814625,0.7521625000000001,18.624875,-2.1571875
6.9990625,3.5588125,11.490375000000002,-3.8753125
1.4897125000000002,2.5762375,2.503375,-3.3659375000000002
2.6257375,4.9002625,9.124875,-3.7434374999999998
6.882737500000001,6.9272875,5.771375,-3.4934374999999998
6.4298125,8.3083375,17.095375,-2.4778124999999998
3.2321125000000004,1.6580125000000001,11.276625000000003,-1.5196874999999999
3.2519125000000004,4.3532874999999995,18.938375,-3.5146875
8.1722125,9.8354125,19.508375,-3.3940625
7.2663625000000005,9.3255625,2.4368749999999997,-2.9165625
5.9521375,9.7933375,8.839875,-2.3709375
2.4920875,8.8726375,1.510625,-2.8934375
4.7319625,9.035987500000001,19.033375000000003,-1.6478125000000001
6.7787875,3.5167375000000005,6.027875,-1.5071874999999997
2.7098875000000002,4.4151625,14.311875,-1.7609374999999998
1.0070875000000001,5.618012500000001,3.472375,-3.6546875
3.3682375,4.9670875,14.202625000000001,-2.1053124999999997
6.543662500000001,9.555737500000001,1.358625,-3.2209375
1.5070375000000003,1.4946625000000002,19.517875,-2.0396875
5.9867875,5.5338625,16.625125,-2.2759375
2.9697625000000003,1.3362625000000001,15.746375,-1.8165624999999999
7.0782625,3.2890375,12.421375000000001,-2.4346875
9.7265125,4.5389124999999995,16.169125,-2.4796875
3.8112625,1.7273125,10.697125,-3.4496875
4.0562875,8.6003875,19.764875,-3.1496874999999998
8.7860125,8.528612500000001,12.150625000000002,-2.4728125
9.389912500000001,2.6950375,8.032375,-2.6315625
1.8386875000000003,9.929462500000001,1.026125,-3.9384375
2.2792375000000002,7.4297125,12.587625000000001,-2.6059375
8.1425125,9.986387500000001,16.667875000000002,-2.1540625
0.5195125,8.810762500000001,5.609875,-2.8484375
7.224287500000001,7.3678375,6.992125000000001,-1.7159375
0.6927625000000001,3.3731875000000002,10.340875,-2.8346875000000002
7.0584625,6.229337500000001,17.727125,-3.3609375
5.7912625,6.8183875,2.7028749999999997,-3.9953125
2.6727624999999997,5.434862500000001,2.9403750000000004,-3.5596875
2.5737625,6.1922125,4.336875,-2.7921875
7.7168125000000005,2.7816625,18.491875,-3.4090625
4.3508125,8.6597875,7.756874999999999,-2.8878125
1.2149875,4.3260625,2.3751249999999997,-1.5734374999999998
9.3131875,3.8954125000000004,2.769375,-2.5909375
2.8064125,3.6974125000000004,16.045625,-3.2215625
8.352887500000001,5.8605625,8.174875,-2.2953125
9.8675875,9.2191375,10.250625,-1.6221875
9.8750125,3.0959875,17.627375,-3.6103125
3.7493875,5.677412500000001,16.990875000000003,-2.2134375
6.9198625,1.2669625000000002,2.3371250000000003,-3.0815625
1.0739125,4.0018375,14.791625000000002,-3.5065625000000002
3.9993625,2.2520125,11.110375000000001,-2.6534375
6.4199125,4.8928375,2.318125,-2.8509374999999997
5.6452375,1.3164625,3.8048749999999996,-2.8928125
7.1104375,8.969162500000001,15.489875000000001,-2.2084374999999996
6.1526125,8.4048625,17.632125000000002,-2.9853125
1.8832375,6.3580375,11.281375,-3.9803125
3.0440125,6.5263375,15.969625000000002,-2.0703125
0.41556250000000006,7.5633625,19.247125,-2.0078125
9.6349375,9.3577375,9.153375,-1.6165624999999997
7.382687500000001,4.7789875,8.507375,-3.4021875
0.5393125,0.9872875,18.914625,-3.9759375
2.9598625000000003,5.7194875000000005,8.288875,-3.5278125
4.5611875,1.1110375000000001,7.068125,-3.4540625
1.3065625,4.269137499999999,17.214125000000003,-3.0490625
7.605437500000001,4.3582374999999995,11.932125000000001,-1.7628125
3.0563875,8.6894875,18.867125,-3.4640625
1.2595375000000002,5.9249125000000005,2.802625,-2.6665625
6.1278625,5.2492375000000004,11.058125,-3.0240625000000003
6.5461375,0.4502125,8.402875,-3.0965625
5.8729375,5.0017375,5.885375,-1.9003125
7.546037500000001,3.3038875,14.772625000000001,-2.2909375
4.3285374999999995,0.9773875,5.1206249999999995,-2.3715625
6.474362500000001,0.5937625000000001,2.588875,-3.8540625
9.266162500000002,6.7886875,7.671375,-1.6259375
5.6006875,9.8329375,13.409375,-3.2671875000000004
8.7884875,6.862937500000001,18.957375000000003,-3.5040625
1.4501125000000001,8.568212500000001,8.678374999999999,-2.5590624999999996
1.7297875,2.4747625,10.193625,-2.8021875
8.5360375,4.3458625,8.208125,-2.1484375
2.0688625,8.1276625,10.606875000000002,-2.4609375
8.8157125,0.1928125,6.726125,-3.2921875
1.0318375,1.3486375,17.090625,-1.5265624999999998
9.4319875,9.8923375,18.496625,-2.2046875
0.3165625,6.9767875,6.578874999999999,-3.6896875
9.1745875,4.9052125,19.598625000000002,-2.4065624999999997
2.4302125,8.6795875,16.848375,-3.6390625
8.2192375,5.887787500000001,5.339125,-2.9940625
4.2122125,7.8232375,1.263625,-2.8865625
4.9819375,1.7149375,7.5763750000000005,-2.8696875
1.2793375000000002,0.9575875,13.656375,-2.1628125
5.9100625,3.5835625,13.988875,-3.2678125
2.4896125,3.9176875,2.261125,-3.5240625
7.330712500000001,1.7817625000000001,17.062125,-2.7715625
6.043712500000001,5.0413375,16.971875,-3.0978125
4.249337499999999,4.244387499999999,8.193875,-3.2984375
5.8828375,4.9126375,1.843125,-2.0115625
1.4921875000000002,3.1380625,14.763125000000002,-3.8009375
1.6184125,2.4821874999999998,8.602375,-3.6503125
1.0912375,0.3413125,9.571375,-1.6709375
0.3858625,6.593162500000001,2.6933749999999996,-2.1528124999999996
6.5065375,3.3929875000000003,16.587125,-3.6034375
5.6798875,9.8774875,4.412875,-3.8459375
2.5242625,3.9003625000000004,3.9568749999999997,-1.6178124999999999
2.7222625,8.204387500000001,8.388625,-2.6371874999999996
4.5710875,9.290912500000001,11.447625,-3.9671875
0.6878125,4.2047875,1.3158750000000001,-2.6653124999999998
3.7444375,6.3951625000000005,16.425625,-3.7578125
6.5362375,8.243987500000001,17.418375,-2.3140625
9.7834375,9.439412500000001,8.018125000000001,-3.8834375
4.2468625,6.4966375,15.090875000000002,-3.3628125
5.999162500000001,8.0039125,1.064125,-2.6453124999999997
9.4022875,2.0589625,15.437625,-3.6246875000000003
5.526437500000001,6.8480875,16.088375,-3.2596875
5.464562500000001,0.2497375,11.651875,-3.5246875
5.246762500000001,0.9006625,11.742125000000001,-3.3684374999999998
1.9921375000000001,2.8039375000000004,3.5673749999999997,-3.5521875
6.513962500000001,5.127962500000001,4.374874999999999,-3.4259375
5.355662500000001,1.7099875,12.103125000000002,-2.1190625
2.1653875,3.4424875000000004,18.301875,-2.0771875
5.174987499999999,4.5587124999999995,11.385875,-1.6871874999999998
9.8230375,7.8776875,17.679625,-3.0809375
0.7274125,7.2515125000000005,8.246125,-1.6359374999999998
3.0143125,9.9319375,13.110125,-2.7234374999999997
0.6754375,4.7888875,19.774375,-2.1015625
2.9994625000000004,1.3337875000000001,16.672625,-3.1478125
6.6995875,3.9597625,4.265625,-2.2109375
4.8878875,8.0657875,2.6648750000000003,-2.4115625
3.9622375,1.9871875,15.000625000000001,-1.9803125000000001
9.2488375,4.7913625,19.475125000000002,-1.7253124999999998
9.578012500000002,3.6800875,15.888875,-2.0209375
4.9151125,0.7472125000000001,7.880375,-3.8890625
4.9423375,7.434662500000001,6.545625,-3.6003125000000002
6.0907375,0.29923750000000005,16.881625,-1.7028124999999998
6.7490875,8.1771625,9.519124999999999,-1.9884374999999999
6.642662500000001,4.9794624999999995,7.262875,-1.6203124999999998
0.29676250000000004,6.9594625,3.078125,-3.4203125
9.790862500000001,8.1227125,9.257875,-2.7621875
6.8456125000000005,8.5904875,3.011625,-2.6309375
0.5145625,3.7543375,12.910625000000001,-1.5871874999999998
3.2345875,7.3381375,12.568625,-3.1378125
2.0540125,6.2813125,11.029625000000001,-3.5009375
2.0069875,3.9919375,18.335125,-3.2715625
0.30171250000000005,7.5782125,14.216875000000002,-2.7721875000000002
4.0414375,5.746712500000001,2.208875,-2.9309374999999998
4.2518125,9.2958625,10.977375000000002,-2.1915625
5.548712500000001,5.0685625000000005,17.185625,-2.4221874999999997
2.6183125000000005,0.6135625,8.725875,-3.6578125
1.4624875000000002,7.8331375,3.8856249999999997,-2.3615625
2.3930875,3.6850375,11.100875,-2.3703125
8.382587500000001,0.8511624999999999,3.595875,-1.5290624999999998
5.8011625,9.206762500000002,15.755875,-2.5846875
5.766512500000001,1.3758625,12.582875000000001,-3.9553125
5.618012500000001,1.8733374999999999,10.545125,-1.9009375
2.8806625,1.3511125,2.878625,-2.5678125
2.7445375000000003,8.4716875,18.781625000000002,-3.6296875
8.820662500000001,9.6745375,16.553875,-3.3371874999999998
5.8506625,4.9844124999999995,12.620875000000002,-2.4059375
4.063712499999999,3.3113125,6.987375,-1.5696875000000001
6.702062500000001,2.1926125,2.645875,-2.9628125
4.9745124999999994,9.0137125,2.598375,-2.2971874999999997
9.5037625,3.4796125,10.872875,-3.1596875
2.5069375,6.9965875,7.224875,-2.9515625
3.7568125,5.467037500000001,19.118875000000003,-3.1546875
0.17548750000000002,9.9814375,18.762625,-3.7678125
7.4396125,2.0688625,13.404625000000001,-3.0415625
7.1599375,0.5591125,3.681375,-2.4421875
4.6156375,0.9897625,8.991875,-3.5634375
5.0388625,5.556137500000001,13.285875,-2.6696874999999998
5.0685625000000005,4.5339625,6.004124999999999,-2.4028124999999996
1.3585375,0.4526875,17.793625000000002,-2.5646875
6.103112500000001,3.6677125000000004,10.108125,-3.9209375
4.4300125,4.9398625,9.438375,-2.2946874999999998
3.0761875,6.934712500000001,11.794375000000002,-3.2590624999999998
3.2865625,0.9501625,2.3276250000000003,-2.0221875
2.9103625,9.9715375,15.280875000000002,-2.1578125
6.4075375,8.9666875,18.064375000000002,-3.3621875
2.9351125000000002,8.8429375,10.540375000000001,-2.0403124999999998
5.608112500000001,9.3676375,14.953125000000002,-2.4515625
4.4869375,4.9819375,1.144875,-2.6140624999999997
7.5485125,3.0440125,5.524375,-1.6409374999999997
2.1703375,8.8775875,3.192125,-3.8059375
5.764037500000001,4.7072125,4.531625,-2.9390625
4.3384374999999995,5.8952125,9.932375,-1.8503124999999998
0.2720125,7.625237500000001,5.438875,-3.0278125
9.6324625,6.3060625,19.213875,-3.2571875
4.7121625,4.1577625,6.137124999999999,-2.4603124999999997
1.2570625000000002,4.068662499999999,8.877875,-2.3903125
0.7694875000000001,1.2298375000000001,19.978625,-1.9290624999999997
0.40566250000000004,7.4173375,3.904625,-3.5290625
6.0709375,9.6646375,5.833125000000001,-1.6446874999999999
1.3560625,5.5734625,3.9663749999999998,-3.4734375
1.9401625,1.8857125,12.744375000000002,-2.9609375
2.2767625000000002,1.4055625,12.711125000000001,-2.3834375
1.6530625,4.4473375,19.897875000000003,-3.7371875
3.3261624999999997,5.788787500000001,3.847625,-1.9234375
1.8931375,1.4451625000000001,10.511875000000002,-3.4009375
0.42051250000000007,4.5809875,1.762375,-3.8478125
3.3905125,2.8831375,14.207375000000003,-3.5784375
4.8804625,5.348237500000001,1.311125,-2.8871875
8.2365625,7.555937500000001,2.2753750000000004,-1.7715625
6.189737500000001,7.9148125,13.950875,-3.7759375
7.211912500000001,6.8579875,13.836875000000001,-2.4628125
3.1875625000000003,7.253987500000001,12.720625000000002,-3.1446875
4.7740375,5.4497125,13.608875000000001,-2.4203124999999996
3.1925125000000003,6.239237500000001,4.3416250000000005,-1.7315625
8.5558375,2.3658625,19.579625,-3.1065625
5.0264875,1.1135125000000001,6.2986249999999995,-1.7103124999999997
8.090537500000002,1.5491125,2.322875,-2.0496875
6.8678875,4.3978375,15.779625000000001,-3.7646875
8.9369875,7.654937500000001,14.801125000000003,-3.5253125
3.1628125000000002,3.7592875,8.649875,-3.7734375
0.46258750000000004,8.419712500000001,12.986625000000002,-2.1834374999999997
3.1355875,0.7125625,18.677125,-2.4021875
0.7991875,6.1006375,18.610625000000002,-1.8790624999999999
7.362887500000001,1.9525375,14.307125000000001,-2.0128125
8.1177625,8.2984375,7.685625,-2.8259375
6.944612500000001,4.4844625,2.517625,-1.8415624999999998
6.0263875,7.6821625000000004,18.363625000000003,-2.9909375000000002
6.5807875,3.1430125,11.471375000000002,-2.8065625
1.5936625,1.4723875000000002,2.807375,-1.7415624999999997
6.3877375,5.6229625,4.883125,-2.4078125
9.780962500000001,6.9000625,13.000875000000002,-3.8678125
1.3016125,4.8730375,8.868375,-3.2371875
2.3980375,0.4898125,2.308625,-1.5690624999999998
9.3478375,8.174687500000001,1.752875,-1.8590624999999998
5.3606125,4.8458125,4.716875,-2.4384375
2.5168375,8.7983875,3.8903749999999997,-3.2015625
9.4418875,4.4819875,19.769625,-3.3590625000000003
0.6135625,0.9056125,9.918125,-1.9284374999999998
1.6580125000000001,2.2173625,12.426125000000003,-2.5503125
2.1183625000000004,1.0244125000000002,1.363375,-2.1903125
7.1574625,9.177062500000002,2.137625,-1.9321874999999995
5.506637500000001,8.6300875,16.663125,-2.8090625
4.9373875,6.8703625,16.411375,-2.6853124999999998
4.8161125,5.447237500000001,12.696875000000002,-3.4903125
1.3511125,3.0935125,4.123125,-3.7471875
2.5143625,6.8604625,5.567125,-2.0234375
3.1182625,1.8956125,4.184875,-3.7909375
1.8609624999999999,1.6109875,9.224625,-2.4721875
5.8308625,6.7688875,3.600625,-2.7309374999999996
6.014012500000001,3.9572875,14.107625,-3.8571875
7.2515125000000005,5.6897875,1.890625,-2.2215624999999997
4.0661875,1.1877625,9.837375,-2.8940625
6.8159125000000005,4.5983125,6.963625,-1.9021875000000001
6.023912500000001,6.682262500000001,4.655125,-2.9828125
6.1724125,2.9400625000000002,3.173125,-2.3071874999999995
3.9795625,4.239437499999999,5.681125,-1.8803125
9.518612500000001,6.885212500000001,12.829875000000001,-3.0384375
3.9053125,0.5516875,17.812625,-3.7496875
2.0837125,6.412487500000001,19.679375,-3.2171875
5.496737500000001,5.1824125,13.741875,-3.5609375
4.6007875,6.249137500000001,11.542625000000001,-2.6803125
6.424862500000001,1.2496375000000002,4.080375,-3.4315625
2.6282125000000005,9.0904375,1.629375,-3.9690625
9.2587375,9.4369375,11.214875000000001,-2.3184375
5.0611375,6.892637500000001,8.307875,-2.2590624999999998
9.8824375,5.3333875,7.381625,-1.5034374999999995
8.7587875,6.513962500000001,5.9708749999999995,-2.0440625
2.6975124999999998,7.8875875,5.3058749999999995,-2.0653124999999997
6.714437500000001,2.8336375000000005,6.792625,-2.8071875
1.2867625000000003,0.8734375,13.262125000000001,-1.5296875
4.8854125,9.2216125,16.102625000000003,-2.9440625000000002
0.15073750000000002,4.7294875,8.887375,-3.9740625
0.3363625,5.4224875,15.451875000000001,-3.2253125000000002
7.051037500000001,1.0763875,15.456625,-3.8828125
9.0211375,4.8086875000000004,2.688625,-2.7440625
0.1061875,1.3313125000000001,9.371875,-1.5934374999999998
6.5981125,6.635237500000001,7.2201249999999995,-3.0734375
2.9895625000000003,9.7834375,8.944374999999999,-3.5203125
6.0610375,3.1875625000000003,14.463875000000002,-2.5790625
7.7069125000000005,8.2415125,8.345875,-3.3109375
8.8627375,1.7396875,8.963375,-3.5109375
2.3039875,0.1383625,11.879875,-1.5796875
8.7959125,4.4646625,13.979375000000001,-1.8809375
8.9666875,1.9079875,17.456375,-2.9240625
2.9623375,1.1456875000000002,6.3793750000000005,-3.6559375
4.3904125,0.2225125,5.058875,-2.2984375
3.6182125000000003,0.7942375,18.852875,-2.7596875
0.5714875,3.2296375,3.353625,-1.6109375
6.741662500000001,6.6995875,4.075625,-2.2334375
7.8950125,2.0911375,17.176125000000003,-1.6596874999999995
5.6303875,1.1308375000000002,14.900875000000001,-3.0234375
3.4301125,3.1974625000000003,13.148125,-3.5490625000000002
2.3336875,0.2126125,4.8451249999999995,-3.9103125
5.575937500000001,7.1896375,5.690625,-2.0715624999999998
8.6795875,4.8111625,14.782125000000002,-2.0246874999999998
1.8980875,6.9371875,19.323125,-2.1259375
6.655037500000001,6.0461875,14.031625,-3.3121875
3.0588625,6.018962500000001,12.896375,-2.7196875
9.907187500000001,7.845512500000001,18.705625,-1.8409375
2.5762375,1.4327875,14.810625000000002,-3.1721874999999997
4.0513375,8.5533625,3.006875,-2.5453124999999996
4.5735624999999995,5.0363875,9.694875,-2.8965625
3.8087875,3.8038375,3.686125,-3.8021875
4.3631874999999996,0.9947125,15.318875000000002,-3.6284375
6.3085375,6.573362500000001,5.462625,-3.0565625
8.9419375,0.7967125,2.864375,-1.8721875
2.7593875000000003,0.5764375,12.350125000000002,-1.6471874999999998
6.2788375,4.7814625,3.671875,-2.9790625
0.8387875,3.5786125,6.8923749999999995,-2.0053124999999996
8.9171875,1.5614875,6.189375,-2.2259374999999997
4.9571875,8.9147125,1.325375,-2.5446875
0.4353625,3.9251125,11.262375000000002,-2.1765624999999997
4.274087499999999,1.0491625,11.480875000000001,-3.3284374999999997
6.083312500000001,4.6725625,12.122125000000002,-2.5128125
4.9943124999999995,3.1801375,15.394875000000003,-1.7521874999999998
1.3832875,2.3435875,19.085625,-1.9390625
5.8927375,1.0937125,12.221875,-3.8284375
1.7050375,4.1379624999999995,3.092375,-1.7271874999999999
8.8577875,8.8949125,15.057625000000002,-2.7746874999999998
9.587912500000002,4.6874125,1.429875,-2.8309375
6.073412500000001,5.2220125,18.681875,-2.5421875
7.1178625,9.0533125,13.532875,-2.1740625
5.4101125,1.3882375,1.368125,-2.6496874999999998
5.0190624999999995,7.979162500000001,3.7858749999999994,-1.8528124999999998
5.647712500000001,9.3230875,4.754875,-1.9090624999999997
3.8879875000000004,5.8432375,12.464125000000003,-3.3784375
1.3857625,8.9518375,11.129375000000001,-2.0015625
3.2073625000000003,4.9918375,10.169875,-2.6684375
3.9424375,9.246362500000002,4.973374999999999,-2.2428125
7.3282375,6.9866875,9.281625,-2.0159374999999997
7.1995375,9.186962500000002,19.992875,-2.5196875
5.1205375,2.0886625,6.260624999999999,-3.2128125
2.8484875000000005,3.5266375000000005,15.974375000000002,-3.6921875
5.9150125000000005,8.3207125,8.227125000000001,-3.7446875
2.5787125000000004,1.7075125,11.096125,-3.3528125
7.8727375,6.1055875,12.430875000000002,-2.5578125
9.597812500000002,4.8012625,2.037875,-2.5746874999999996
6.0214375,4.8260125,13.984125,-3.4384375
7.360412500000001,5.764037500000001,7.1583749999999995,-3.5809375
1.3956625,6.1253875,2.284875,-1.6859375
9.167162500000002,7.4396125,9.481125,-2.9478125
0.8734375,9.5111875,13.955625,-2.9778124999999998
6.048662500000001,2.1307375000000004,18.767375,-1.8678124999999999
8.1524125,4.4671375,10.036875,-2.1671875
8.4766375,9.8131375,2.9498750000000005,-1.7734374999999996
2.9177875,6.004112500000001,11.200625000000002,-1.9628125
2.0342125,0.8066125000000001,14.330875,-2.1509374999999995
0.5962375000000001,6.1773625,16.530125,-3.1153125
2.9945125000000004,1.4699125000000002,19.973875000000003,-2.7284374999999996
2.7965125,1.0862875,1.529625,-2.2459375
2.1406375,1.5911875,16.093125,-2.3471874999999995
1.8906625,7.9172875000000005,9.267375,-3.0915625
9.6101875,9.761162500000001,11.856125000000002,-3.4696875
2.8559125,3.2098375,5.586125,-2.5184375
7.8182875,2.2247875,14.744125000000002,-2.9509375
5.0363875,2.4252625,8.075125,-1.5565624999999996
2.0614375,0.3858625,2.4463749999999997,-1.5940624999999997
0.6605875,4.3013125,4.740625,-2.6021875
6.5288125,7.2465625000000005,13.190875,-2.8753125
5.8803625,1.8980875,2.945125,-2.8771875
5.6724625,9.701762500000001,9.804124999999999,-1.8040625000000001
8.1375625,7.1970625,18.534625000000002,-2.2696875
0.9699625000000001,2.6529624999999997,11.604375000000001,-3.8965625
5.9966875,5.118062500000001,4.327375,-3.6815625
4.6304875,1.4649625000000002,17.655875,-3.6278125
0.5591125,0.3809125,10.326625,-3.7153125
3.8409625000000003,4.0364875,18.468125,-2.4446874999999997
3.1058875,7.8950125,5.733375,-3.9753125
1.9055125,7.164887500000001,15.941125000000001,-2.3459375
3.5489125,3.6206875,3.9283749999999995,-3.4840625
6.942137500000001,0.4947625,18.990625,-2.9603125
1.9302625,4.9943124999999995,12.525875000000001,-3.8028125
5.793737500000001,5.5808875,17.152375,-2.0109375
6.905012500000001,8.949362500000001,6.797375,-2.9271875
9.8180875,6.865412500000001,14.663375,-1.6353125
6.984212500000001,9.216662500000002,14.373625,-1.7234375000000002
1.9277875,2.1233125000000004,13.418875,-3.7878125
4.5290125,4.9274875,7.614375000000001,-2.4359374999999996
4.4795125,2.4871375,11.039125,-3.0328125000000004
8.9221375,6.7268125,14.473375,-3.8653125
4.7666125,7.162412500000001,8.326875000000001,-2.5371875
8.060837500000002,3.7246375,11.580625,-2.8103125
4.3829875,8.8676875,7.481375,-3.1234375
5.0413375,9.340412500000001,2.736125,-2.8640625
4.9225375,2.6975124999999998,2.052125,-3.9921875
3.9671875,1.0739125,7.077625,-3.6865625
7.870262500000001,3.3063625,9.348125,-2.6565624999999997
9.4369375,9.1745875,5.125375,-3.0028125
7.649987500000001,1.8015625000000002,17.907625000000003,-3.2965625000000003
7.8034375,5.6105875,15.637125000000001,-2.5965625
9.1795375,1.4278375,10.355125000000001,-2.1103125
9.4468375,4.0092625,18.976375,-3.0003125
5.6650375,5.8803625,6.051625,-1.9615624999999999
2.3262625,8.154887500000001,18.230625000000003,-2.7271875
8.969162500000001,0.2621125,6.488625,-1.7365624999999998
0.1037125,0.1680625,17.959875000000004,-3.4271875
9.607712500000002,4.5141625,7.923125,-2.7215625
9.9839125,9.820562500000001,16.857875,-3.4190625
4.9398625,9.879962500000001,4.512625,-2.0215625
7.909862500000001,9.226562500000002,16.211875,-1.6321874999999997
1.7149375,1.9599625,3.139875,-2.9446875
6.454562500000001,2.2099375,15.542125,-3.8209375
7.815812500000001,1.7669125,6.878125,-1.7240625
4.9596625,5.3606125,9.053625,-1.9909374999999998
1.4872375000000002,7.5386125,9.310125000000001,-2.3765625
1.8139375000000002,3.5365375000000006,11.034375,-3.8003125
3.1256875,8.575637500000001,10.564125,-2.4615625
5.566037500000001,8.5459375,9.899125,-3.5603125
8.4964375,4.7864125,7.908874999999999,-3.1228125
5.256662500000001,1.9772875,2.066375,-2.8465625
3.5909874999999998,5.6130625,15.390125000000001,-2.9915625
5.0438125,3.4994125,5.291625,-3.2103124999999997
0.8412625,0.21508750000000001,12.069875000000001,-2.9678125
7.9247125,8.449412500000001,6.369875,-3.5565625
0.1556875,2.5465375,17.470625000000002,-3.6221875
0.5244625,3.8013625,5.372375,-3.5415625
2.0094625,1.2075625,14.877125000000001,-2.1815624999999996
4.3978375,6.7169125,5.662125,-3.4003125
2.8187875000000004,8.880062500000001,16.895875000000004,-3.2915625
3.3731875000000002,5.9397625000000005,7.338875,-3.6590625
3.1133125,3.1232125,13.561375000000002,-3.6903125
6.2169625,4.4374375,7.785374999999999,-2.9821875
8.8379875,6.4619875,1.938125,-3.3871875
2.4673375,9.0508375,14.924625,-2.1828125
7.8776875,5.8407625,14.649125000000002,-1.7709374999999996
5.296262500000001,8.724137500000001,7.9468749999999995,-2.7809375000000003
1.8733374999999999,9.147362500000002,7.001625000000001,-2.4509374999999998
0.7199875,8.558312500000001,12.554375,-1.9509374999999998
5.375462500000001,8.409812500000001,10.454875,-3.9515625
8.5409875,2.4772374999999998,12.772875000000003,-3.5940625
5.345762500000001,4.1280624999999995,4.636125,-3.2871875
6.6203875,8.5211875,2.360875,-2.8584375
6.734237500000001,6.7466125,13.133875000000002,-1.7040625
7.8851125,1.9673875,14.506625000000001,-2.4815625
9.466637500000001,8.5038625,13.898625000000001,-2.8496875
4.4745625,5.8556125,15.717875,-1.5321875
3.0118375,4.7740375,9.319625,-2.7665625
1.8485874999999998,4.8631375,5.234624999999999,-3.0290625
9.3057625,9.3973375,19.280375,-2.1584375
5.395262500000001,4.0562875,10.374125,-3.7703125
4.1775625,5.1725125,3.059125,-1.8434374999999998
3.6528625000000003,7.382687500000001,7.4433750000000005,-1.8465624999999997
4.7913625,3.7667125,12.867875000000002,-1.5984374999999997
9.5903875,2.5589125,11.775375000000002,-2.3771875
1.6802875,2.5490125,9.903875000000001,-2.3428125
4.8779875,3.9424375,14.098125000000001,-1.5834374999999996
9.018662500000001,2.3856625,11.252875,-1.8253125
0.4898125,4.1924125,3.405875,-2.8678125000000003
1.8461124999999998,5.0042124999999995,4.051875,-1.7846875
9.276062500000002,8.399912500000001,8.958625,-3.2028125
0.20518750000000002,5.6947375000000005,11.936875,-1.6521874999999997
6.414962500000001,5.6501875,2.432125,-2.2384375
0.12351250000000001,7.575737500000001,7.372125,-1.5896875000000001
2.6034625000000005,1.7050375,10.516625000000001,-1.7265625
7.5113875000000005,8.2316125,10.592625000000002,-1.5753125
4.7715625,6.961937500000001,12.369125000000002,-3.2928125
7.969262500000001,3.4004125,13.314375000000002,-2.5284375
2.3163625,8.8033375,2.303875,-1.5134374999999998
0.9625375,3.8508625000000003,14.915125000000002,-2.1990624999999997
3.7815625,0.2819125,5.628875,-2.7753125
3.5835625,2.5564375,2.7741249999999997,-3.2865625
7.6871125000000005,3.5093125,5.890124999999999,-2.9084375
3.3657624999999998,6.033812500000001,10.222125,-2.5065625
5.984312500000001,8.929562500000001,10.293375,-2.6015625
9.1547875,6.533762500000001,8.431375,-1.5015625
3.2172625000000004,5.548712500000001,17.347125000000002,-2.0471874999999997
3.9919375,2.4574375,13.817875,-3.2290625
9.3849625,5.7244375000000005,19.494125,-2.2578125
4.2666625,5.368037500000001,16.496875000000003,-3.5153125
0.1383625,6.474362500000001,16.938625000000002,-2.8171875
9.8156125,3.9696625,9.533375,-3.4721875
8.8355125,1.8634374999999999,6.080125,-1.9765625
4.2369625,7.7069125000000005,4.963875,-1.6140624999999997
1.5713875,9.1844875,13.019875000000003,-3.3059374999999998
3.9721375,4.5215875,16.249875000000003,-3.5421875
9.0632125,4.7641375,19.242375,-3.2528125
1.8758124999999999,0.9229375000000001,5.562374999999999,-3.4765625
3.3063625,2.4846624999999998,13.480625000000002,-1.9828125
8.674637500000001,1.6901875,13.542375000000002,-1.8178124999999996
2.6801875,5.9422375,8.322125,-3.4409375
4.8631375,5.2442874999999995,3.016375,-1.5828124999999997
0.41308750000000005,2.6084125000000005,5.5291250000000005,-2.3928125
1.5045625000000002,1.8386875000000003,9.846875,-3.5821875
2.3015125,4.8606625,15.513625000000001,-1.5784374999999997
6.494162500000001,2.2297375,4.840375,-1.8634374999999999
1.2125125,8.5434625,12.953375000000001,-2.8715625
7.5014875000000005,8.060837500000002,2.042625,-3.0546875
7.959362500000001,4.7963125,8.854125,-3.6071875
0.6506875,9.9839125,10.070124999999999,-1.6903124999999997
3.8335375000000003,5.2418125,8.383875,-3.5815625
1.1927125,1.7174125,19.432375,-2.7521875
1.3733875,6.942137500000001,14.278625,-3.5740625
8.0435125,8.2217125,3.4866249999999996,-2.0421875
4.6181125,3.3410124999999997,10.730375,-2.4096875
5.2244874999999995,5.5115875,5.505375,-1.9621874999999998
2.0936125,0.2101375,15.641875,-3.7384375
1.5367374999999999,6.1872625,6.336625,-2.4371875
2.7717625,9.1201375,16.164375,-2.6003125000000002
8.8429375,5.3531875,8.934874999999998,-3.7671875
6.2318125,4.5636624999999995,6.346125,-1.5596875
7.3480375,9.0706375,13.570875000000001,-2.4859375
2.5836625000000004,8.1375625,7.1678749999999996,-3.2121874999999998
7.192112500000001,8.9221375,17.522875000000003,-2.2821875
1.2347875000000001,8.7266125,19.023875,-1.6703125
5.994212500000001,9.1919125,15.898375000000001,-3.2278124999999998
1.0343125,2.1480625,19.251875000000002,-2.7590624999999998
4.1627125,3.4598125,12.240875,-3.8121875
2.2025125,4.6676125,12.639875000000002,-3.4846874999999997
8.3553625,8.7587875,14.549375,-1.9590625
0.5863375000000001,6.1476625,14.682375,-3.5771875
8.5459375,4.9299625,14.022125,-3.5590625
3.9300625,8.0831125,10.203125,-2.0834374999999996
9.3354625,8.9939125,1.078375,-2.2659374999999997
3.4721875000000004,4.7616625,1.771875,-2.3334375
6.3258625,1.4872375000000002,16.891125000000002,-3.8584375
0.3734875,0.3289375,19.427625,-3.7590625
5.5214875,8.469212500000001,10.051124999999999,-3.7303125
3.6578125000000004,4.6032625,5.139625,-1.5578124999999998
8.6201875,4.6577125,6.241625,-3.3509375
1.2446875000000002,7.350512500000001,2.726625,-2.9053125
1.4723875000000002,1.8436374999999998,4.617125,-2.2321875
3.0860875,3.1058875,11.300375,-2.9196875
2.3510125,4.8482875,5.552875,-1.7359375
8.2662625,6.3704125000000005,17.233125,-2.6215624999999996
8.1029125,1.0169875000000002,5.923375,-1.5621874999999998
2.1530125,9.8156125,6.6263749999999995,-3.9028125
2.4005125,9.5532625,15.062375000000001,-3.0865625
3.3583375,0.3165625,15.238125,-1.5646874999999998
4.7072125,9.087962500000001,3.1873750000000003,-3.3846875
2.1084625000000004,5.145287500000001,2.574625,-1.9965625
1.9352125,1.8263125000000002,13.485375000000001,-1.8859374999999998
3.4103125,8.7761125,2.465375,-3.2134375
0.1408375,2.3312125,5.557625,-2.3453124999999995
0.2522125,5.999162500000001,10.279125,-2.9140625
0.5046625,8.8528375,4.650375,-3.0378125000000002
4.4968375,7.880162500000001,15.204875000000001,-1.7909374999999996
1.8065125000000002,6.902537500000001,1.5153750000000001,-3.0853125
1.8114625000000002,9.409712500000001,11.661375000000001,-3.0146875
9.8428375,0.46011250000000004,10.459625,-2.3253125
5.9818375,0.2175625,13.589875000000001,-2.3584375
1.7867125000000001,3.7196875,6.512375,-2.1546874999999996
2.2470625,8.635037500000001,8.844625,-3.1696875
7.484162500000001,5.9026375,4.270375,-1.6878124999999997
1.4996125000000002,7.9445125,1.862125,-2.3278125
3.4226875000000003,6.9074875,11.993875000000001,-2.0784374999999997
7.303487500000001,4.2716125,18.472875000000002,-3.9871875
8.058362500000001,5.385362500000001,14.454375,-3.2296875
2.6480124999999997,1.1555875000000002,14.444875000000001,-2.4521875
0.8808625,1.0887625,4.892625000000001,-3.9490625
6.018962500000001,2.8806625,10.032125,-3.9365625
4.8557125,0.1556875,10.084375,-3.5884375
2.8088875000000004,6.6154375000000005,11.694625,-3.3453125000000004
4.239437499999999,3.7271125000000005,7.775874999999999,-3.4171875
2.6851375,5.8630375,9.428875,-2.7071875
8.575637500000001,6.4174375,3.7431249999999996,-1.5371875
0.5640625,6.4372375,2.427375,-2.4403125
0.9056125,5.6724625,10.226875,-1.5715624999999998
6.1427125,8.6820625,11.319375,-2.0659375
9.830462500000001,9.7339375,13.494875,-2.8896875
1.0838125,9.0013375,13.414125,-3.8403125
6.4421875,3.6404875,19.826625,-2.5228124999999997
3.8706625000000003,1.5590125,8.341124999999998,-2.3728124999999998
4.9299625,1.0516375,2.631625,-3.7521875
9.9913375,7.021337500000001,17.689125,-2.8890624999999996
2.0812375,8.919662500000001,11.571125000000002,-2.7115625
9.0458875,3.4523875000000004,15.166875000000001,-1.8353124999999997
6.402587500000001,4.3136874999999995,1.686375,-3.5196875
8.0534125,3.8112625,6.303375,-3.4278125
1.8659124999999999,7.2589375,13.290625000000002,-2.5378125
3.7939375,1.5565375,1.406125,-1.6334374999999999
0.7645375000000001,6.8357125000000005,18.539375000000003,-1.9434375
4.7443375,5.9348125000000005,9.994125,-3.9546875
6.028862500000001,5.2096375,17.575125,-2.2309374999999996
1.4476375000000001,3.8211625000000002,13.908125000000002,-3.0084375
6.3159625,7.7192875,10.321875,-2.2359375
3.6924625000000004,1.8337375000000002,14.967375,-3.7871875
0.20271250000000002,2.7049375,3.5626249999999997,-3.7053125
1.7966125000000002,4.6824625,10.663875000000003,-2.4409374999999995
8.880062500000001,2.4054625,11.143625000000002,-1.6834375000000001
5.657612500000001,3.1405375,2.1186249999999998,-3.9234375
1.7768125000000001,4.1948875,5.590875,-3.1340624999999998
5.157662500000001,0.8090875000000001,1.372875,-3.0940624999999997
8.070737500000002,3.0192625,4.821375,-3.6571875
5.858087500000001,1.8362125000000002,9.775625,-2.7834375
0.8684875,0.42298750000000007,1.942875,-3.1671875
9.6745375,7.5534625,12.392875000000002,-2.7784375
3.9647125,3.6627625000000004,12.440375,-3.7634375
0.8981875,5.0809375,14.136125000000002,-3.5228125
5.7095875000000005,2.6727624999999997,18.686625,-1.8059374999999998
2.7321625,2.7024624999999998,2.3561250000000005,-2.4034375
3.1108375,4.0958875,11.072375000000001,-2.7359374999999995
5.056187500000001,1.6530625,11.005875,-2.8571875
8.9048125,2.9573875,19.014375,-3.5946875
2.2940875,8.214287500000001,16.154875,-1.8403125
5.9397625000000005,3.9795625,17.028875000000003,-2.2365625
0.7892875,3.0563875,14.178875000000001,-2.3559375
9.5829625,2.9153125,15.114625000000002,-2.0684375
9.6200875,7.0658875000000005,4.013875,-2.8190625000000002
2.0911375,3.4944625,8.763875,-1.9528124999999998
5.167562500000001,3.0341125,14.858125000000001,-1.6553125
6.3654625000000005,6.8258125000000005,19.285125,-1.5865624999999999
9.949262500000001,9.360212500000001,8.417124999999999,-3.5546875
2.4351625,7.8974875,19.584375,-2.5334375
7.2812125000000005,2.6158375,13.276375000000002,-3.3734375
3.5736625,9.256262500000002,4.422375,-3.1015625
6.2367625,6.954512500000001,12.331125000000002,-1.5778124999999998
8.3850625,9.4072375,15.428125,-3.7359375
9.568112500000002,8.3405125,18.126125000000002,-2.2003125
3.1454875,5.0784625000000005,7.609624999999999,-2.1521875
6.593162500000001,6.199637500000001,3.291875,-3.6271875000000002
1.5837625,8.1722125,10.350375,-2.5321875
5.4002125,3.5538625,17.674875,-2.0965625
8.3157625,4.3211125,1.553375,-1.8121874999999998
5.6848375,5.8704625,16.463625,-2.8990625
2.2272625,6.504062500000001,14.364125000000001,-3.2259375
9.439412500000001,0.40318750000000003,19.327875000000002,-3.9521875
9.6844375,0.2744875,16.454125,-3.1634375
1.2991375,6.6971125,15.504125,-2.2715625
1.3115125,4.1132124999999995,9.913375,-1.6890625
5.385362500000001,1.2818125000000002,1.334875,-3.2878125000000002
5.125487500000001,7.0262875000000005,2.3846249999999998,-2.4890624999999997
6.068462500000001,8.8874875,17.836375,-3.1603125
9.3750625,2.3510125,17.342375,-2.6809374999999998
0.5987125000000001,4.224587499999999,5.187125,-3.1759375
2.0045125,8.5830625,14.535125000000003,-1.7815624999999997
9.0533125,8.4147625,6.198875,-3.8640625
1.8040375000000002,4.308737499999999,11.533125000000002,-2.8721875
6.961937500000001,7.013912500000001,3.1826250000000003,-1.9303124999999999
4.2196375,5.0710375,14.658625,-3.3728125
3.2197375,4.6255375,4.541124999999999,-2.1346875
1.3313125000000001,9.4468375,18.083375,-3.4465624999999998
0.8165125,6.724337500000001,18.629625,-3.4246875
8.4073375,2.5366375,2.840625,-3.3596875
7.4965375000000005,2.2445875,15.855625000000002,-2.6934375
9.850262500000001,6.2763625,4.398624999999999,-2.8146875
2.4227875,0.5640625,8.136875,-1.6996874999999996
2.6331625000000005,6.4199125,10.217374999999999,-3.6971875
2.4599125,8.4964375,16.515875,-2.3621875
3.0687625,0.7076125,6.350875,-2.8115625
4.3854625,9.9344125,13.433125,-3.9409375
5.7714625,9.860162500000001,16.150125000000003,-2.9503125
6.533762500000001,6.8010625,10.198374999999999,-2.7890625
9.526037500000001,4.7171125,2.9213750000000003,-2.7803125
7.350512500000001,2.1579625,8.117875,-3.5871875
8.011337500000002,7.224287500000001,13.732375000000001,-3.4646875
2.6430624999999996,2.5886125000000004,7.334124999999999,-3.5984375
2.7024624999999998,4.1206375,19.707875,-2.8196874999999997
1.3040875,9.7661125,15.979125000000002,-3.9828125
7.0361875000000005,7.4495125,6.141875,-1.9328124999999998
0.7744375,1.3808125,6.507625,-3.5121875
7.103012500000001,4.3706125,2.474875,-2.9365625
2.6158375,8.8850125,1.092625,-2.3284374999999997
7.9420375000000005,1.6852375,4.479374999999999,-2.3609375
2.7989875000000004,4.3433874999999995,10.526125,-2.4215625
3.5612875000000006,3.0464875,8.284125,-1.8115625
6.8480875,1.4822875000000002,10.103375,-2.6353125
0.6110875,9.1993375,5.092124999999999,-3.3271875
8.625137500000001,5.0438125,6.825875,-2.5303125
2.9400625000000002,6.7911624999999995,14.212125000000002,-2.0990625
7.986587500000001,9.949262500000001,2.8596250000000003,-1.8671875
0.4452625,1.2719125000000002,5.961375,-3.5459375
8.174687500000001,4.0513375,10.958375000000002,-3.4553125
3.9498625,2.4153625,9.604624999999999,-3.2734375
2.1678625,4.2023125,10.359874999999999,-3.6021875
9.0137125,4.4176375,10.255374999999999,-1.7753124999999996
6.583262500000001,4.7938375,3.396375,-3.6828125
4.288937499999999,1.3783375,2.270625,-2.3971875
4.7641375,7.0287625,2.289625,-3.4440625000000002
2.6455375,8.8379875,19.821875000000002,-3.2478125
2.1109375000000004,2.2272625,17.708125,-2.1278125
2.2742875000000002,1.2100375,16.886375,-3.1678125
1.6406875,7.4767375000000005,11.594875,-2.4428124999999996
4.0142125,5.5190125000000005,15.499375,-2.9040625
6.1055875,4.1330124999999995,3.519875,-2.2859375
9.147362500000002,7.9469875000000005,10.478625000000001,-2.6790624999999997
1.4748625000000002,3.4350625,2.683875,-3.7503125
8.6424625,8.800862500000001,17.693875000000002,-2.6640625
6.4174375,0.1136125,8.540624999999999,-2.6990625
3.7889875,0.6853375,12.506875,-2.0509375
7.345562500000001,3.9770875,8.488375000000001,-3.0359375
0.8066125000000001,5.4026875,15.827125,-3.8490625
2.9375875000000002,7.7093875,17.309125,-2.8353125
4.0117375,5.137862500000001,2.997375,-1.8378125
5.415062500000001,9.2933875,4.403375,-3.5428125
1.5218875,0.4551625,10.093875,-2.2403125
7.9049125,5.516537500000001,14.064875,-3.3196875
1.5515875,2.3732875,10.982125,-2.5015624999999995
1.5020875000000002,1.7495875,15.841375000000001,-2.0603124999999998
8.578112500000001,2.7692875000000003,19.389625000000002,-2.4640625
5.536337500000001,6.622862500000001,3.2443750000000002,-2.5165625
8.3949625,4.6230625,18.354125,-2.2228125
3.8360125000000003,0.11608750000000001,5.894875,-3.4909375000000002
1.0640125,5.2591375000000005,8.773375000000001,-1.5821874999999999
9.4171375,0.4328875000000001,18.211625,-3.0671875
4.058762499999999,6.014012500000001,13.927125000000002,-3.1528125
8.615237500000001,1.6134625,10.464375,-3.6240625
4.2171625,9.545837500000001,10.055875,-3.3534375
3.0514375,2.6678124999999997,12.777625,-2.6759375
9.350312500000001,1.3610125,10.264875,-3.4046875
9.0755875,2.9549125000000003,4.536375,-3.9846875
5.697212500000001,7.630187500000001,18.715125,-2.4921875
2.4104125,9.4938625,3.971125,-3.5378125000000002
0.7942375,9.261212500000001,15.703625000000002,-3.8265625
3.0167875,6.303587500000001,12.183875,-3.6478125
7.9370875000000005,7.3901125,17.684375,-3.1284375
1.2892375,5.9199625000000005,13.347625000000003,-3.6434375
3.4598125,8.7959125,6.916125,-2.6834375
1.8535374999999998,6.9297625,16.064625,-2.0515625
7.4519875,0.5442625,16.629875,-3.6859375
5.365562500000001,2.8460125,19.636625000000002,-2.1978125
0.3957625,3.9325375,5.747624999999999,-1.9921875
0.3908125,3.0365875,15.257125,-2.4834375
9.7735375,9.2537875,4.3938749999999995,-2.1428125
6.3110125,7.2564625000000005,9.576125,-1.9546875
1.6753375,1.3115125,2.7123749999999998,-2.5565625
7.6227625,1.8560124999999998,7.519375,-1.8009374999999999
8.021237500000002,7.565837500000001,14.862875,-1.7221875
3.9399625,6.3209125,10.716125,-2.5134374999999998
4.6552375,8.0756875,15.570625000000001,-1.6421875
3.1702375,0.5962375000000001,2.493875,-1.9465624999999998
8.234087500000001,0.4353625,19.028625,-3.5384375
4.234487499999999,3.3286375,9.851625,-3.0196875
3.1751875,0.47743749999999996,6.127624999999999,-1.6515624999999998
8.0633125,5.8531375,16.055125,-1.8384375
0.3338875,6.3852625000000005,14.758375000000001,-3.0528125
6.313487500000001,8.001437500000002,18.563125,-1.6021874999999999
9.4072375,1.9748125,11.789625000000001,-1.7046875
9.7339375,5.937287500000001,11.452375000000002,-1.9409375
2.8460125,8.2019125,14.601625,-2.4365625
3.6206875,1.5194125,10.554625000000001,-3.1121875
3.7543375,5.187362500000001,7.3531249999999995,-3.9959375
1.1877625,5.1601375,15.518375,-2.3821874999999997
6.902537500000001,7.4519875,16.981375,-1.9746875
8.7018625,0.8486874999999999,16.477875,-2.0796875
3.4400125,0.8684875,19.123625,-1.8853125
0.2373625,1.0664875,11.723125000000001,-1.9603125000000001
0.34873750000000003,5.355662500000001,6.944625,-2.7678125
4.0389625,0.8016625000000001,19.166375000000002,-2.2959375
7.590587500000001,2.4351625,10.502375,-3.1521875
5.1923125,5.9125375,1.206625,-3.2353125
8.293487500000001,8.8280875,13.200375000000001,-1.8596874999999997
4.3458625,9.7958125,17.898125,-3.6378125
2.3683375,1.7842375000000001,7.4861249999999995,-3.4703125
8.8949125,1.9277875,15.599125,-1.8565625
2.3312125,8.1623125,11.946375000000002,-2.4884375
0.3388375,2.2569625,12.264625,-1.8821875000000001
6.6476125,9.498812500000001,7.699875,-3.6184375
8.2984375,9.3032875,8.331624999999999,-1.9578125000000002
1.3783375,1.6184125,10.131874999999999,-2.6109375
7.550987500000001,7.5287125,11.362125,-1.9484374999999998
2.3114125,5.793737500000001,18.905125,-3.7378125
5.2541875,1.6802875,3.700375,-3.4984375
7.063412500000001,5.667512500000001,5.443625,-2.0921874999999996
7.444562500000001,8.372687500000001,13.228875,-3.9640625
7.112912500000001,1.7990875000000002,19.413375000000002,-1.5496875
9.9814375,9.558212500000002,16.268875,-2.4546875
1.3288375000000001,9.3181375,5.239375,-3.9271875
3.8681875000000003,9.956687500000001,2.983125,-2.6065625
0.8313625,2.0168875,12.758625000000002,-2.4084375
5.2022125,7.1104375,17.218875,-2.5953125
2.9202625,4.1874625,19.232875,-3.5853125
2.9747125000000003,7.0163875,13.072125,-1.5109374999999998
2.0218375,2.0515375,15.793875,-1.8690624999999996
9.1300375,8.3306125,3.4961249999999997,-2.5615625
7.4420875,5.6452375,18.031125,-1.5809374999999997
4.9052125,6.4496125,2.104375,-3.7246875
2.5811875,1.3560625,19.479875,-3.3409375
6.5882125,4.0934124999999995,14.573125000000001,-3.3228125
6.5387125,8.164787500000001,17.703375,-1.6690625
7.796012500000001,3.8855125000000004,11.077125,-2.5271875
2.8608625,8.7315625,9.215125,-2.0534375000000002
3.4895125,2.4722875,11.229125000000002,-3.3553125
9.3626875,3.1900375,2.992625,-2.1246875
6.263987500000001,0.6110875,9.856375,-1.8728124999999998
9.028562500000001,9.4542625,10.331375,-2.3803124999999996
6.194687500000001,7.961837500000001,12.449875000000002,-1.8321874999999999
1.4377375000000001,3.6083125000000003,14.701375,-2.5559374999999998
1.4575375000000002,3.8434375000000003,18.909875,-3.4609375
2.4574375,1.6159375,1.800375,-1.5384374999999997
7.5089125,7.4891125,15.266625000000001,-2.1403125
5.3927875,4.3681375,9.951375,-1.5359374999999997
6.744137500000001,7.7638375,3.534125,-3.7096875
4.6255375,6.5213875,5.030374999999999,-2.3078125
3.9869875,1.9946125000000001,11.632875,-3.7903124999999998
9.761162500000001,2.2990375,12.668375000000001,-3.9128125
9.4542625,9.657212500000002,15.485125,-3.4759375
2.1257875000000004,2.0193625,5.491125,-3.6715625
3.0365875,6.3407125,11.894125,-3.2696875
7.7935375,4.1082624999999995,13.689625000000001,-3.4796875
8.2464625,9.8180875,8.915875,-1.7128124999999996
7.8628375,9.459212500000001,8.559625,-1.5146875
8.263787500000001,0.36358750000000006,3.101875,-2.6584375
6.4793125,7.2812125000000005,12.202875,-2.2190624999999997
0.3190375,5.687312500000001,18.121375,-3.8065625
5.7318625,7.7489875,19.180625,-2.8590625000000003
0.7595875000000001,1.6085125,15.580125,-1.7203125
4.7468125,8.6672125,14.972125000000002,-2.9553125
5.786312500000001,1.9401625,6.954125,-3.1853125
2.2520125,6.9990625,17.247375,-2.4465624999999998
9.4220875,1.9154125,1.187625,-1.5065624999999998
6.5708874999999995,8.860262500000001,8.103625000000001,-1.5421874999999998
8.409812500000001,0.5393125,6.194125,-3.2084375
5.3630875,1.4501125000000001,15.689375000000002,-1.8765625
2.2074625,1.7198875,14.777375000000001,-3.8528125
8.3306125,0.6878125,13.960375000000003,-2.6734375
2.8633375,3.7394875,3.7763749999999994,-3.7259375
9.177062500000002,6.224387500000001,16.368625,-3.1515625
7.9742125,3.1355875,3.329875,-2.8834375000000003
5.5115875,2.0985625,16.021875,-2.1378125
0.5566375,8.5508875,13.637375000000002,-3.6109375
2.7742375000000004,8.0930125,11.974875,-3.5896875
2.2718125000000002,4.3112125,6.151375,-2.2171875
5.1032125,5.3408125,6.702375,-3.9721875
8.1276625,1.9228375,8.939625,-1.5503125
4.0241125,2.0045125,5.467375,-2.6709375
8.0261875,9.516137500000001,8.493125,-3.9059375
5.776412500000001,6.0907375,1.714875,-3.1159375000000002
3.5959375,2.3237875,16.805625,-3.3315625
5.9001625,2.5638625,2.959375,-2.6184374999999998
8.8132375,6.8678875,9.305375,-2.6971875
2.1035125000000003,8.088062500000001,10.602125000000001,-2.6646875
3.2024125000000003,6.1798375000000005,10.616375000000001,-2.0540624999999997
5.8333375,7.640087500000001,11.485625,-2.0428124999999997
7.013912500000001,2.3361625,11.020125,-1.7353124999999996
7.840562500000001,0.6977125,11.922625,-3.1984375
0.4997125,1.0318375,13.471125,-1.8284374999999997
6.1674625,4.4448625,19.731625,-2.0953125
0.2324125,6.058562500000001,12.825125,-3.6440625
4.0191625,2.9425375000000003,18.501375000000003,-3.0771875
7.152512500000001,0.3215125,17.337625000000003,-1.5315624999999997
7.8430375,1.1506375000000002,1.7338749999999998,-2.3478125
6.9470875,5.5214875,3.619625,-2.1184374999999998
1.8560124999999998,7.6128625,8.972874999999998,-3.6371875
3.6083125000000003,7.335662500000001,16.159625000000002,-2.9403125
1.3907125,4.4795125,18.368375,-3.0246874999999998
5.217062500000001,7.546037500000001,11.414375000000001,-2.2684375
3.4919875000000005,1.8089875000000002,17.779375,-3.5934375
0.2596375,6.4991125,12.074625000000001,-2.0971875
8.7686875,6.4397125,9.324375,-3.4053125
8.548412500000001,7.3480375,13.642125,-3.6840625
2.0292625,6.8060125000000005,3.2681250000000004,-2.9540625
0.10866250000000001,0.6754375,4.631375,-3.0659375
0.5318875000000001,4.7022625,16.705875,-2.0121874999999996
5.6897875,2.6777124999999997,15.632375000000001,-2.3653125
5.887787500000001,1.7792875000000001,17.988375,-3.4228125
7.0881625,3.5761375000000006,4.878375,-2.0309375
6.254087500000001,0.24231250000000001,19.703125000000004,-3.1146875
7.7440375,5.585837500000001,15.200125,-1.5928125
3.6875125000000004,4.5933625,1.624625,-3.6796875
3.3088375,0.17548750000000002,18.843375,-2.8684374999999998
2.1777625,2.9598625000000003,2.707625,-3.8046875
2.8880875,7.7687875,4.702624999999999,-2.9134375
1.0887625,2.9202625,2.056875,-3.3615625
1.7322625,3.7444375,11.609125,-1.6271874999999998
2.5985125000000004,1.5986125,15.157375,-3.5615625
2.2445875,7.2762625000000005,16.534875,-1.8521874999999999
5.627912500000001,7.543562500000001,14.962625000000001,-1.9928124999999999
6.4892125,2.3064625,7.695125,-2.2903124999999998
3.4350625,9.830462500000001,3.448625,-2.5809375
2.2619125,9.6448375,10.426375,-3.4853125
5.6996875000000005,0.29181250000000003,3.1161250000000003,-2.5815624999999995
8.4221875,1.6753375,19.047625,-3.1715625000000003
2.0762875,2.2767625000000002,17.912375,-2.1946874999999997
8.558312500000001,7.761362500000001,3.7906249999999995,-2.3965625
2.7272125,8.5805875,8.702124999999999,-1.7928124999999997
8.4271375,8.548412500000001,15.071875000000002,-1.9865624999999998
2.9771875,6.8208625,10.630625000000002,-3.6915625
9.370112500000001,5.917487500000001,5.728625,-2.2803125
9.419612500000001,6.5090125,1.900125,-2.1534375
7.395062500000001,3.0291625,18.933625,-2.6765625
5.066087500000001,1.8758124999999999,1.059375,-2.1128124999999995
3.7766125,7.182212500000001,6.7688749999999995,-2.7409375
4.1478625,0.4922875,11.043875,-2.6690625
4.1231124999999995,6.8381875,11.176875,-3.0134375
7.7242375,5.798687500000001,7.766374999999999,-2.1778125
1.8287875000000002,3.5959375,6.450625,-2.9971875
4.5463375,8.1128125,2.147125,-2.5390625
6.053612500000001,8.9963875,13.765625000000002,-1.7346874999999997
1.3164625,3.2717125,8.749625,-3.8421875
4.6725625,6.6302875,15.955375000000002,-3.9434375
1.4228875,0.6779125,15.618125000000001,-1.6184374999999998
7.8331375,2.5341625,12.701625000000002,-2.6553125
1.4674375000000002,0.4403125,18.444375,-3.7165625
3.1306375,5.4843625000000005,18.396875,-3.3909375
0.2200375,4.6280125,3.8523749999999994,-3.2709375
0.2571625,2.5836625000000004,14.929375,-1.7115624999999999
1.5392124999999999,7.1203375,15.347375000000001,-1.9696874999999996
0.5368375,5.2913125,1.767125,-3.5234375
2.3955625,8.4815875,13.618375000000002,-2.4746875
8.144987500000001,5.0487625,4.294125,-3.2753125
8.5063375,8.8157125,9.956125,-2.6471875
2.3213125,1.5639625,14.520875000000002,-3.1459375
3.4870375000000005,6.5065375,9.704375,-2.1753125
0.7719625,0.14826250000000002,18.643875,-2.5709375
3.2395375,6.3679375,1.7813750000000002,-2.0484375
6.674837500000001,8.7884875,10.625875000000002,-2.6946874999999997
7.075787500000001,1.0194625000000002,13.385625000000001,-1.7834374999999998
5.437337500000001,4.9324375,11.884625,-1.8984375
2.2668625000000002,9.850262500000001,5.282125,-2.8459375
1.7174125,0.34626250000000003,19.346875,-2.6715625
8.6523625,7.214387500000001,1.790875,-1.6759374999999999
3.0984625,9.330512500000001,9.447875,-3.5221875000000002
1.0491625,7.674737500000001,10.188875,-3.3328125
6.3902125000000005,4.1849875,8.778125,-3.9609375
5.0809375,3.7122625000000005,5.343875,-3.1471875000000002
7.8133375,7.0881625,16.487375,-3.3965625
8.5731625,4.3235874999999995,3.838125,-2.8221875
1.5763375,9.1300375,15.333125,-2.7853125
4.8334375,4.7492875,15.708375000000002,-2.9415625
0.8486874999999999,1.2422125000000002,12.278875000000001,-1.8665624999999997
9.548312500000002,6.283787500000001,18.620125,-1.7728124999999997
2.1851875,5.4422875,9.523875,-3.5684375
4.6923625,8.4221875,4.408125,-2.9290624999999997
2.7173125,1.6555375,3.8998749999999998,-3.0615625
7.172312500000001,7.9940125,3.443875,-2.1846875
6.412487500000001,8.3380375,5.248875,-3.6740625
2.0317375,4.9225375,4.602874999999999,-3.7978125
2.8336375000000005,3.8310625000000003,18.420625,-3.4896875
1.2298375000000001,3.8483875000000003,7.661875,-3.6834375
3.9597625,7.6574125,12.877375,-3.2153125
2.7049375,0.2720125,18.738875,-3.6734375
0.4848625,1.9030375,9.756625,-3.7146875
0.1358875,6.1352875000000004,9.647375,-2.8028125
9.899762500000001,1.3857625,4.773875,-3.1878125
4.3310125,4.4522875,7.3008750000000004,-3.9915625
7.880162500000001,2.4475375,18.111875,-2.0559374999999998
7.085687500000001,1.0145125000000002,12.478375,-1.8834374999999999
8.399912500000001,4.5512875,15.675125000000001,-1.9759374999999997
9.6695875,5.568512500000001,4.218125000000001,-1.9521875
4.6428625,9.706712500000002,15.532625000000001,-3.5434375
3.5142625,7.320812500000001,7.424375,-3.7171875
2.8856125,7.323287500000001,3.4818749999999996,-2.5759374999999998
4.5760375,2.9796625000000003,4.028124999999999,-2.0253124999999996
2.5341625,4.259237499999999,10.060625,-3.6365625
0.9848125,2.2000375,5.790375,-2.8828125
6.2912125,0.48238749999999997,11.195875000000001,-2.2415624999999997
8.253887500000001,9.399812500000001,1.501125,-2.6609375
5.318537500000001,1.4476375000000001,18.453875,-3.9940625
0.6432625,8.5335625,16.473125000000003,-2.1446875
9.285962500000002,2.8979875,14.943625,-2.6209375
7.8232375,1.8584874999999998,6.588374999999999,-3.0953125
9.5730625,8.1474625,1.615125,-3.5265625
8.998862500000001,6.3382375,4.355874999999999,-1.8259374999999998
3.9201625,7.310912500000001,17.351875000000003,-3.0353125
4.9126375,6.454562500000001,7.595375000000001,-2.8303125
1.3486375,8.6919625,1.600875,-1.9634375
3.8459125000000003,4.083512499999999,3.9473749999999996,-2.8559375
3.1529125000000002,9.7636375,5.985124999999999,-3.9865625
3.1430125,0.9674875000000001,14.359375000000002,-3.3378125
8.449412500000001,1.8114625000000002,2.370375,-1.6771874999999996
9.681962500000001,7.7588875,12.606625000000001,-3.5828125
0.6581125,0.8437375,14.316625,-3.2896875
8.469212500000001,0.2868625,11.575875,-3.8909375
8.439512500000001,7.7935375,6.816375,-3.4284375000000002
8.6894875,0.46258750000000004,12.079375,-2.4565625
6.875312500000001,7.4569375,4.108874999999999,-2.6490625
8.402387500000001,6.219437500000001,9.751875,-2.3515625
4.1849875,7.2886375,4.032875,-3.9746875
3.5291125,6.043712500000001,3.315625,-3.5746875
0.8585875,9.3453625,12.179125000000003,-2.0090624999999998
9.4344625,9.2636875,4.469875,-2.9590625
8.4865375,7.380212500000001,13.893875000000001,-2.4259375
2.3460625,1.0689625,8.920625000000001,-1.9121875
9.261212500000001,9.8081875,19.855125,-1.6003124999999998
4.9200625,9.6794875,9.623624999999999,-3.4565625
3.2568625000000004,8.5112875,16.112125,-3.4715625
9.3255625,5.415062500000001,6.417375000000001,-3.7428125
5.5932625,6.5411875,14.150375000000002,-2.9028125
3.4647625,9.998762500000002,16.131125,-1.9678125
5.759087500000001,8.4073375,10.003625,-3.6946875
9.731462500000001,9.9913375,8.079875,-2.2240624999999996
7.9519375000000005,9.721562500000001,2.213625,-2.5096875
8.489012500000001,4.3409125,9.134375,-2.7990625
4.2146875,6.068462500000001,14.449625000000001,-3.6853125
7.8578875,8.8330375,16.292625,-3.0571875
7.741562500000001,4.6329625,16.739125,-1.7334375
2.3807125,7.7143375,14.995875000000002,-1.7409374999999998
3.8756125000000003,9.3527875,14.026875,-3.9459375
8.2885375,4.5785124999999995,14.497125000000002,-1.7915625
8.4543625,9.696812500000002,12.255125000000001,-1.7278124999999998
8.9543125,4.4275375,2.185125,-3.5334375
9.1448875,7.8133375,18.529875,-3.7740625
6.682262500000001,1.9302625,1.534375,-2.3659375000000002
6.2664625,8.578112500000001,6.065875,-2.2546874999999997
5.8754125,0.10123750000000001,18.287625000000002,-3.2603125
4.4993125,8.9171875,4.835625,-3.9346875
4.4052625,4.7270125,13.912875000000001,-2.4753125
6.2862625,4.6651375,3.918875,-3.2690625
4.0290625,8.1796375,8.645125,-2.6253124999999997
4.9472875,5.1205375,1.444125,-3.1178125
3.7840375,3.1652875000000003,8.445625,-3.7928125
0.41061250000000005,6.494162500000001,18.411125000000002,-3.8034375
1.3090375,3.0118375,2.3466250000000004,-1.8078124999999998
1.4451625000000001,9.6695875,5.101624999999999,-1.8190624999999998
7.2985375,8.4617875,7.153624999999999,-2.2103124999999997
7.2861625000000005,3.6726625000000004,8.260375,-1.9890624999999997
8.1920125,1.3461625,2.0711250000000003,-3.1246875
3.7592875,1.0392625,2.902375,-3.4740625
0.7818625,2.8905625,4.222875,-2.5359374999999997
9.959162500000001,2.4227875,4.522124999999999,-1.7840625
6.8802625,6.444662500000001,12.055625000000001,-2.8078125
9.5309875,2.0069875,9.063125,-2.6478124999999997
8.008862500000001,2.4500125,3.163625,-2.1965624999999998
4.9769875,9.9443125,18.183125,-3.6234375
7.9841125,9.7463125,13.813125000000001,-2.5690625
5.9298625000000005,6.0362875,12.967625000000002,-1.9384375
0.29181250000000003,9.1102375,11.062875,-3.9903125
9.879962500000001,7.0708375,6.398375000000001,-3.1884375
1.4327875,9.008762500000001,15.214375,-3.9934375
2.8979875,5.2715125,12.535375,-3.8503125
9.236462500000002,8.459312500000001,9.314874999999999,-3.6846875
1.6159375,2.1406375,18.871875,-2.1303124999999996
4.3409125,1.8683874999999999,9.172374999999999,-1.9646874999999997
3.4424875000000004,8.2885375,8.797125,-2.5603125
2.5465375,5.3135875,14.596875,-2.1146874999999996
2.4648625,1.3090375,7.623875,-1.5615625
4.254287499999999,5.538812500000001,17.484875000000002,-3.7715625
2.4846624999999998,6.952037500000001,18.235375,-3.6121875
1.7990875000000002,5.4893125000000005,16.591875,-3.1996875
8.1078625,1.3931875,10.887125000000001,-1.7484375
3.4969375000000005,5.454662500000001,13.005625000000002,-3.5759375
4.3582374999999995,6.6005875,9.191374999999999,-3.8078125
4.5834624999999996,2.3188375,8.892125,-2.9884375
1.1110375000000001,3.6479125000000003,17.047875,-3.0709375000000003
4.1107375,4.6775125,13.143375,-1.5653125
4.259237499999999,2.8187875000000004,3.7716249999999993,-2.2796874999999996
5.615537500000001,7.7539375,4.237125,-1.6240625
0.4873375,7.330712500000001,10.549875000000002,-3.8596875
8.8454125,4.1107375,17.864875,-2.0378125
2.9326375000000002,5.0066875,16.596625,-2.1265625
9.2785375,0.15073750000000002,8.630875,-2.7415624999999997
0.6358374999999999,5.2987375000000005,12.036625,-2.7121874999999998
6.6773125,9.7388875,14.606375,-2.8540625
6.3456625,4.3953625,4.802375,-2.9159375
3.3459624999999997,0.6457375,7.367375,-1.7859374999999997
4.6106875,2.7915625,4.146875,-3.1734375
1.2224125000000001,2.2841875000000003,12.815625,-2.3759375
1.7248375,6.5387125,15.770125,-3.3090625
8.3182375,7.825712500000001,14.938875000000001,-1.9459374999999999
0.6853375,4.6552375,15.494625000000001,-3.8434375
0.5739625,2.7866125,7.429125,-2.4146875
6.4694125,8.2390375,3.035375,-2.9453125
2.1010375000000003,2.6480124999999997,17.560875000000003,-3.5628125
2.2322125,4.5413875,9.780375,-3.6415625
6.3382375,1.3907125,10.369375,-2.2440625
4.2047875,6.098162500000001,6.422124999999999,-3.8915625
6.484262500000001,4.1651875,14.231125000000002,-3.2396875
0.5096125,2.3015125,17.765125,-2.3909374999999997
4.0934124999999995,2.0342125,13.219375000000001,-2.3665624999999997
4.8408625,7.063412500000001,2.987875,-2.0434375
3.0192625,4.0884624999999994,16.435125,-1.5678125
7.372787500000001,7.939562500000001,13.475875,-2.1771875
7.699487500000001,3.8186875000000002,13.865375000000002,-2.7771875
7.214387500000001,6.0016375,11.115125,-2.0821875
6.343187500000001,5.226962500000001,9.243625,-2.0878125
3.7914625,7.2663625000000005,14.117125000000001,-1.7865625
6.8060125000000005,3.0910375,18.026375,-3.4528125000000003
7.0658875000000005,5.595737500000001,7.0966249999999995,-3.5159375
2.8658125,3.0242125,5.486375,-1.5553124999999999
3.9275875,0.8041375000000001,4.488875,-3.9415625
4.4646625,7.590587500000001,16.444625000000002,-3.7040625
9.6398875,0.6358374999999999,3.125625,-3.1371875
8.5335625,7.365362500000001,6.4316249999999995,-2.9596875000000002
9.3725875,1.3214125,10.901375000000002,-3.4184375
0.22993750000000002,7.4371375,13.300125000000001,-1.9728124999999999
9.6225625,5.974412500000001,2.246875,-2.8803125
8.7191875,0.24726250000000002,14.639625,-3.1890625000000004
5.1947874999999994,2.1554875,12.601875000000001,-2.0146875
7.315862500000001,7.404962500000001,5.999375,-2.2865624999999996
4.3211125,4.8705625,14.406875000000001,-3.7290625
2.6108875,9.1498375,15.736875,-2.9921875
1.0664875,9.8032375,4.887875,-2.7471875
6.6377125,2.8707625,1.638875,-3.1165625
4.3013125,2.2668625000000002,2.7646249999999997,-3.2978125
5.3333875,4.2963625,8.412375,-2.7134375
8.2959625,4.3334874999999995,14.696625000000001,-3.9821875
6.7292875,9.7166125,18.791125,-2.5540624999999997
1.0763875,1.4179375,13.100625,-1.5559374999999998
0.7100875,8.6498875,15.651375000000002,-2.8596874999999997
1.9426375,7.6871125000000005,9.262625,-3.9421875
7.5831625,1.4748625000000002,6.232125,-3.6165625
3.2717125,4.7220625,16.074125000000002,-3.3790625
2.2495375,6.645137500000001,2.6031250000000004,-3.8515625
4.6057375,0.2200375,18.297125,-1.8090625
9.1721125,4.8532375,1.572375,-1.9840624999999998
2.3633875,8.7167125,1.054625,-2.7940625
1.8584874999999998,2.0317375,14.653875000000001,-2.3415624999999998
1.6505875,9.300812500000001,12.715875000000002,-2.3384375
1.2100375,5.989262500000001,18.886125,-2.0884374999999995
8.1227125,9.9616375,10.260125,-2.3528124999999998
6.432287500000001,2.7296875000000003,7.015874999999999,-1.6134374999999999
7.4173375,7.7168125000000005,17.883875000000003,-1.9046875
4.7690875,7.541087500000001,11.086625000000002,-2.8909374999999997
6.1748875000000005,0.9526375,1.277875,-3.3740625
6.038762500000001,8.889962500000001,15.846125,-3.3309375
2.9004625,5.2319125,17.100125000000002,-3.5978125
8.5211875,4.2666625,7.500375,-1.7078124999999997
1.5664375,6.7862125,7.509875,-2.5021875
9.0557875,0.8313625,9.785124999999999,-2.2278124999999998
8.7365125,7.1005375,19.831375,-3.2809375
7.640087500000001,7.2069625,3.7953749999999995,-3.7128125
3.1900375,2.3163625,16.373375000000003,-1.6559374999999998
1.8782874999999999,5.0537125,2.7883750000000003,-2.5928125
1.0367875,6.721862500000001,19.726875000000003,-2.0840625
5.2145874999999995,1.7446375,14.592125000000001,-1.9496874999999996
0.5021875,3.5241625,14.672875000000001,-3.9534375
1.7000875,3.6825625000000004,8.298375,-2.4165625
0.46753750000000005,6.4273375,5.177625,-1.5428124999999997
8.4840625,4.1627125,4.246625,-2.8665625
9.137462500000002,0.6952375,15.100375000000001,-3.4940625
6.672362500000001,9.0632125,18.691375,-1.7109375
4.6403875,9.578012500000002,5.5196250000000004,-1.6053125000000001
7.786112500000001,4.5191125,9.737625,-3.7071875
9.9418375,5.9001625,2.484375,-1.7228124999999999
2.0787625,3.4969375000000005,14.416375,-3.0803125
9.1399375,9.6101875,13.195625000000001,-3.2934375
1.8188875000000002,1.6926625,5.011374999999999,-2.5653125
8.8256125,0.1581625,15.342625000000002,-2.1384374999999998
0.1853875,9.7438375,18.430125,-2.3153125
6.6278125,9.137462500000002,8.450375000000001,-1.5996875
3.0266875,1.6728625000000001,5.419875,-2.2271875
7.8752125,5.296262500000001,19.817125,-1.9040624999999998
9.4814875,8.390012500000001,2.750375,-3.3546875
0.4304125000000001,8.8825375,17.014625000000002,-3.6203125
0.26706250000000004,2.1827125,7.139375,-2.9815625
2.6876124999999997,2.4302125,19.722125000000002,-2.0765624999999996
4.6898875,9.6992875,6.536125,-2.4909375
8.1969625,8.3553625,2.223125,-2.4453125
3.2667625000000005,1.7916625000000002,14.710875000000001,-3.6678125
3.9746125,9.5804875,8.459875,-3.4684375000000003
0.8957125,6.0065875,19.351625000000002,-1.7809374999999998
1.5738625,9.585437500000001,12.962875000000002,-2.8046875
9.5507875,5.328437500000001,13.713375000000001,-1.7403125
8.0138125,2.7346375000000003,6.236875,-3.4028125
6.924812500000001,7.899962500000001,9.813625,-3.2703125
8.5038625,9.4517875,9.386125,-3.2853125
6.813437500000001,3.2197375,19.308875,-2.6078125
2.9549125000000003,0.2274625,17.608375000000002,-2.4528125
4.7567125,5.395262500000001,18.434875,-2.4290624999999997
7.1005375,0.6160375,16.686875,-2.8390625
6.8084875,0.1309375,16.824625,-3.7884375
1.2248875000000001,5.9917375,16.007625000000004,-2.0640625
3.4523875000000004,8.008862500000001,10.046375000000001,-1.7384374999999999
6.0065875,0.41556250000000006,15.442375,-3.6984375
1.4946625000000002,7.786112500000001,3.287125,-2.8984375
7.7390875,3.3212125,14.292875,-2.0846875
7.2094375,4.6948375,5.761875,-2.1603125
6.8975875,0.47991249999999996,18.164125000000002,-3.3665624999999997
5.3210125,3.2766625,8.697375000000001,-2.6503124999999996
1.2471625000000002,1.6604875000000001,15.290375000000001,-3.7615625
4.4696125,7.103012500000001,18.458625,-2.5671874999999997
9.2958625,7.494062500000001,9.419375,-3.9159375
3.8162125000000002,8.7785875,19.627125000000003,-1.5090624999999998
1.3263625,4.8557125,13.352375000000002,-3.7265625
6.4001125000000005,7.172312500000001,16.235625,-1.5965624999999997
5.798687500000001,8.9072875,10.184125,-3.3034375000000002
1.0590625,3.2692375,7.557375,-2.2834375
4.7765125,3.5711875000000006,12.511625,-2.1396875
8.9617375,3.1083625,7.172624999999999,-3.6196875
4.2072625,6.6055375000000005,12.416625000000002,-3.3396875
5.2319125,1.0541125,1.121125,-1.5003124999999997
3.4499125,3.7295875,9.628375,-1.6078125
7.135187500000001,6.583262500000001,8.673625,-2.6796875
7.4717875000000005,3.3261624999999997,15.337875000000002,-1.8784375
7.4272375,2.3534875,2.479625,-3.0584375
0.8660125,5.858087500000001,17.195125,-2.4053125
2.2817125000000003,0.8759125,17.328125000000004,-1.7146874999999997
6.751562500000001,3.0093625000000004,15.537375,-3.9765625
6.3283375,6.9569875,16.297375000000002,-2.5609374999999996
6.0808375,4.7517625,18.824375000000003,-3.5653125
6.353087500000001,8.8256125,6.4411249999999995,-2.7184375000000003
7.253987500000001,5.3234875,6.0421249999999995,-3.7309375
9.8774875,9.6002875,7.856625,-3.1909375
9.595337500000001,6.1154875,1.809875,-2.3953124999999997
6.6253375000000005,2.9771875,15.808125,-3.6484375
7.7588875,2.5168375,10.858625000000002,-3.3165625
9.8849125,2.2223125,7.348375,-2.1353125
0.8288875,6.3184375,6.1656249999999995,-3.5340625
2.5613875,4.2864625,18.786375000000003,-1.7528124999999997
9.7636375,7.9049125,3.980625,-2.9684375
4.6676125,4.9373875,1.0498750000000001,-2.8546875
3.8508625000000003,9.637412500000002,7.604875000000001,-3.7559375
4.9621375,2.6232625000000005,2.237375,-2.2178125
8.8478875,7.8430375,11.148375000000001,-3.0371875
7.2292375,8.8973875,1.691125,-3.7365625
0.1680625,5.6996875000000005,6.9731250000000005,-3.3671875
3.0638125,7.474262500000001,10.412125,-1.5403124999999998
0.8239375,5.5239625,11.841875000000002,-3.8590625
2.6826624999999997,8.7662125,14.411625,-2.7009375
1.3412125,9.9542125,14.734625000000001,-2.9009375
1.5243625,7.1500375,6.650125,-2.9328125
3.9572875,5.773937500000001,4.503125,-2.3446875
3.5365375000000006,2.5118875,9.880125,-1.6015625
0.3833875,1.2273625000000001,6.4933749999999995,-3.2165625
7.890062500000001,7.996487500000001,19.574875000000002,-2.1859374999999996
5.4818875,5.6353375,9.633125,-3.6115625
8.2613125,6.9173875,13.556625000000002,-1.7784375
3.1603375000000002,7.835612500000001,17.503875,-3.5390625
9.8354125,4.2097375,6.099125,-2.1071874999999998
2.7148375000000002,0.7274125,9.690125,-1.6840625
6.872837500000001,6.3456625,10.236374999999999,-3.8234375
5.207162500000001,1.3288375000000001,7.248625,-1.7246875
2.7395875000000003,9.9418375,18.586875,-3.3878125
3.0316375,6.3605125000000005,19.527375,-2.2603125
7.756412500000001,5.6625625,10.597375000000001,-2.0584375
1.4847625000000002,9.810662500000001,13.034125,-2.2690624999999995
1.1803375,6.1402375000000005,8.626125,-1.9353124999999998
6.3481375,4.6131625,19.009625,-1.8615624999999998
5.095787500000001,7.6376125,4.427125,-2.2478125
4.0018375,7.9073875000000005,6.270124999999999,-2.0634375
0.1185625,9.0236125,15.613375000000001,-3.4615625000000003
5.147762500000001,2.5663375,3.538875,-1.8428125
0.47496249999999995,1.2941875,13.727625000000002,-3.8290625
1.0021375000000001,1.4773375000000002,11.233875000000001,-2.6728125
1.9970875000000001,3.7642375,12.321625000000001,-3.1421875
7.7489875,0.6927625000000001,8.293625,-2.9284375000000002
4.8086875000000004,2.9994625000000004,7.324624999999999,-3.0559374999999998
8.4815875,2.9450125000000003,14.848625,-1.8903124999999998
7.5881125,2.6826624999999997,3.624375,-3.5915625
0.4551625,5.105687500000001,19.940625,-2.1959375
0.48238749999999997,2.6207875,9.181875,-2.5315624999999997
1.0541125,9.7042375,7.186875,-2.1759375
4.4027875,9.6299875,16.610875,-3.3865625
6.2021125,1.3436875,8.008625,-3.3346875000000002
8.3479375,6.4718875,5.429375,-2.2846874999999995
6.5486125,6.1724125,11.718375000000002,-3.6821875
7.541087500000001,7.9742125,14.425875000000001,-2.4571875
9.479012500000001,9.5606875,12.749125,-2.2915625
0.6185125,6.8282875,10.948875000000001,-2.8421875
5.2517125,9.3750625,2.821625,-2.6178125
7.791062500000001,7.7044375,14.691875000000001,-3.6540625
1.6852375,1.4253625,5.457875,-2.6540624999999998
2.5539625,1.5268375,7.400625,-1.6534375
8.1672625,1.5218875,5.320125,-2.6521874999999997
1.7545375,3.0044125000000004,9.110625,-2.4821875
6.2961625,7.385162500000001,17.024125,-1.8734374999999996
6.7911624999999995,7.659887500000001,12.359625000000001,-2.8859375
0.8561124999999999,5.697212500000001,14.174125000000002,-2.4559374999999997
8.0558875,8.382587500000001,4.788125,-3.4115625
3.3855625,8.9741125,6.355625,-3.9465625
9.7091875,2.0218375,6.521875,-1.5121875
3.4672375000000004,5.358137500000001,7.804374999999999,-3.7853125
1.2001375,3.5885125,8.160625,-2.2140625
9.186962500000002,6.7490875,19.902625,-3.9440625
1.4773375000000002,7.7836375,5.296375,-2.5053124999999996
2.7296875000000003,5.397737500000001,3.7478749999999996,-1.9903125
1.5317874999999999,5.1923125,3.7811249999999994,-2.3896875
5.177462500000001,0.5541625,16.420875000000002,-3.7890625
4.6824625,2.5613875,17.085875,-3.2071875
4.5884125,9.4220875,5.9803749999999996,-2.8440625
5.8952125,1.7941375000000002,1.068875,-3.2021875
8.654837500000001,8.5731625,1.9808750000000002,-3.9684375
8.5137625,7.7291875,2.5081249999999997,-3.9628125
1.1159875000000001,1.7693875000000001,10.074875,-3.4103125
0.9674875000000001,7.315862500000001,7.286625,-3.0890625
1.4253625,3.9548125,4.4556249999999995,-1.7615625000000001
6.1922125,9.1028125,4.351125,-2.5990624999999996
7.2391375,1.2446875000000002,8.835125,-3.4234375
3.3880375000000003,5.707112500000001,6.559874999999999,-2.8815625000000002
2.5118875,1.3263625,2.498625,-3.1646875
9.9715375,1.5293124999999999,18.358875,-1.7496874999999998
2.4376375,4.6106875,18.506125,-1.6846875
6.4916875,8.283587500000001,14.430625000000001,-1.6509375
8.6721625,5.217062500000001,3.7621249999999997,-2.3521875
1.1036125,8.1895375,18.306625,-3.0459375
2.9573875,6.5807875,18.149875,-2.9721875
4.5809875,2.7989875000000004,17.494375,-1.5140625
0.6407875,2.6851375,1.087875,-2.9171875
7.380212500000001,6.823337500000001,9.177125,-3.1290625
6.209537500000001,7.8034375,9.433625000000001,-1.7296874999999998
2.2000375,4.5908875,10.739875,-2.7996875
4.4918875,4.6478125,4.5268749999999995,-3.2059375
8.390012500000001,3.8731375000000003,2.175625,-2.2921875
7.0386625,5.7392875000000005,4.498374999999999,-3.5903125
5.2616125,7.751462500000001,7.467124999999999,-3.5996875
5.5041625,5.7962125,8.003875,-2.4953125
7.164887500000001,0.1730125,12.283625,-2.8140625
7.630187500000001,4.078562499999999,15.152625,-3.3840625
7.234187500000001,1.8832375,3.9331249999999995,-1.8878125
1.9129375,0.1977625,16.287875,-2.6484375
4.5859375,9.028562500000001,5.928125,-3.4221875
6.464462500000001,5.8135375,9.723375,-3.9678125
4.9250125,8.392487500000001,14.834375,-3.1090625000000003
6.078362500000001,8.303387500000001,13.119625000000001,-3.1990625
2.9796625000000003,4.8383875,3.8666249999999995,-1.5959374999999998
3.3137875,7.615337500000001,8.740124999999999,-2.2028125
5.155187500000001,0.1952875,17.442125,-2.0046874999999997
9.5210875,1.2793375000000002,19.057125000000003,-1.5284375
4.9547125,8.293487500000001,3.196875,-2.2371875
7.375262500000001,4.3805125,3.515125,-2.4990625
6.603062500000001,7.3282375,3.344125,-2.8946875
3.3162625,2.9697625000000003,2.669625,-1.6884375
5.568512500000001,8.4320875,9.476374999999999,-2.0340625
7.370312500000001,7.6722625,8.996625,-3.0684375
5.605637500000001,9.1448875,17.855375000000002,-2.4965624999999996
2.1579625,1.7297875,7.942125,-3.3028125
9.4616875,8.9320375,7.234375,-1.6340624999999998
0.18043750000000003,8.135087500000001,13.257375000000001,-3.9084375
9.3923875,8.7340375,9.072625,-3.6746875
9.241412500000001,6.5585125,19.555875,-1.7890625
2.6059375,3.3756625,7.780625,-2.5071874999999997
6.6872125,5.766512500000001,11.162625000000002,-2.4896875
5.8853125,1.8287875000000002,9.158125,-3.4878125
7.283687500000001,1.2545875000000002,2.5841250000000002,-2.2815624999999997
1.9946125000000001,2.7618625,2.090125,-1.8603125
9.1201375,1.1011375,7.253375,-3.7346875
8.7612625,1.0788625,7.794874999999999,-1.8446875
9.7463125,1.3535875,5.424625,-3.4196875
7.5732625,4.2617125,16.240375,-3.0315625
9.1894375,2.2421125,1.344375,-3.3184375
0.7793875,8.429612500000001,6.118124999999999,-3.8690625
8.1499375,3.3781375000000002,3.676625,-2.2653125
3.4127875000000003,1.9376875,11.010625000000001,-2.7259374999999997
5.9026375,2.1010375000000003,19.156875,-1.5128125
7.7044375,7.8182875,8.474125,-1.9934374999999998
4.0859875,1.9005625,7.3103750000000005,-3.5321875
5.0141124999999995,6.2417125,1.420375,-2.3884375
4.048862499999999,5.9669875,3.657625,-3.9165625
8.372687500000001,3.9498625,10.435875,-1.7978125
1.6827625,4.2518125,5.358125,-3.8015625
6.422387500000001,6.5312875,9.946625,-2.4534374999999997
3.4202125,7.689587500000001,13.366625000000003,-1.9028125
2.6207875,7.766312500000001,13.936625,-1.7821875
3.7246375,3.2939875,17.242625,-2.8434375000000003
1.0565875,4.2221125,19.498875,-2.9321875
5.897687500000001,3.1999375,17.964625,-2.4121875
0.1259875,9.790862500000001,14.625375,-2.5721874999999996
8.412287500000001,6.773837500000001,4.232374999999999,-3.5953125
9.538412500000002,7.2688375,19.684125,-1.9415624999999999
3.3385375,8.0534125,7.790125,-1.6309375
8.7934375,8.4419875,7.020625000000001,-3.5646875
4.5166375,2.5094125,11.780125000000002,-2.7540625
0.7051375,5.4002125,11.599625,-3.9446875
8.125187500000001,0.6803875,3.914125,-1.7378124999999995
8.2068625,3.8162125000000002,15.375875000000002,-1.6546874999999996
1.1357875000000002,9.0830125,13.941375000000003,-1.9703125
2.4945625,6.1501375000000005,18.710375000000003,-2.3534375
0.6457375,8.597912500000001,5.210875,-3.2484375
0.46011250000000004,0.5219875,17.551375,-3.8696875
0.8833375,5.9150125000000005,15.252375,-2.1871875
8.5112875,8.4246625,8.659375,-2.2978125
9.2092375,0.3784375,9.357625,-2.3546875
9.429512500000001,2.5910875,12.630375,-2.8621875
7.669787500000001,8.5929625,1.154375,-1.5759374999999998
3.9350125,0.5318875000000001,14.867625,-2.4159374999999996
4.3681375,7.8851125,13.851125000000001,-2.2296875
7.620287500000001,0.9724375,7.201124999999999,-1.5884375
7.231712500000001,2.7173125,19.945375000000002,-3.4140625
4.5933625,1.3709125,4.047124999999999,-3.3403125
7.694537500000001,8.8652125,10.312375,-1.5546875
0.7397875,2.7717625,15.622875,-2.9190625
8.870162500000001,0.5096125,2.978375,-2.7253125
3.8558125000000003,3.2989375,5.006625,-1.6765624999999997
1.3684375,9.6200875,11.941625,-2.7103124999999997
7.2614125000000005,6.5783125,16.615625,-2.9203125
6.3605125000000005,5.9323375,1.163875,-3.2359375
9.1646875,4.6750375,2.5223750000000003,-1.8553124999999997
2.5861375,6.684737500000001,14.193125000000002,-3.5134375
2.7123625,3.2271625000000004,7.543125,-3.4296875
3.9374875,5.8234375,3.386875,-1.6653124999999998
8.5830625,0.9476875000000001,4.712125,-1.6915624999999999
0.1111375,4.1775625,13.081625,-2.7571875
6.4619875,6.734237500000001,14.197875000000002,-3.4084375
8.2687375,2.0119375,7.4956249999999995,-1.6390624999999996
5.266562500000001,7.1995375,5.329625,-2.7934375
4.6577125,3.2840875,13.447375000000001,-2.0740625
2.5094125,3.6875125000000004,6.811625,-1.6896874999999998
7.2564625000000005,4.9349125,1.239875,-3.5046875
9.6423625,6.9668875,2.018875,-3.4771875000000003
9.3280375,9.231512500000001,14.288125,-2.8178125
9.310712500000001,1.1531125000000002,3.610125,-2.6559375
2.0465875,2.0366874999999998,11.537875000000001,-2.9871875
9.6151375,9.0755875,4.208625,-2.1440625
4.8730375,8.508812500000001,18.050125,-3.4396875
4.303787499999999,7.991537500000001,3.0401249999999997,-3.0703125
7.570787500000001,3.1925125000000003,17.736625,-2.2340625
3.2642875,1.6951375,1.258875,-3.1096875
5.6353375,4.9992624999999995,19.712625000000003,-2.9065624999999997
1.0194625000000002,4.7369125,4.868875,-3.1665625
9.2216125,1.6456375,3.4153749999999996,-2.8040625
5.726912500000001,0.7397875,6.6358749999999995,-3.7665625
5.848187500000001,2.6702875,14.003125,-2.7778125
7.674737500000001,6.2664625,15.575375000000001,-1.5021874999999998
6.3506125,1.0070875000000001,10.283875,-3.8559375
4.6700875,5.2789375000000005,7.861375,-3.7078125
0.5492125,3.4573375000000004,6.289124999999999,-1.5971875
6.8258125000000005,5.125487500000001,18.748375000000003,-3.4815625
8.1326125,5.0908375,1.928625,-1.5203124999999997
6.3357625,0.3314125,2.455875,-2.8284374999999997
3.0390625,1.5515875,6.764125,-3.1703125
9.157262500000002,5.717012500000001,6.5646249999999995,-3.5728125
6.1352875000000004,5.7095875000000005,13.922375000000002,-1.9196874999999998
6.6797875,4.7344375,2.075875,-3.4659375
4.1305375,0.9353125000000001,11.376375000000001,-3.3934375
9.4146625,1.5837625,17.532375000000002,-3.7453125
8.7117625,8.625137500000001,5.087375,-3.2846875
2.9029375,1.5416874999999999,13.670625000000001,-1.6209374999999997
4.5587124999999995,0.9823375,4.954375000000001,-2.9378124999999997
8.790962500000001,6.3902125000000005,19.175875,-3.6615625
7.204487500000001,0.3908125,7.709375,-3.1021875000000003
7.184687500000001,3.8681875000000003,4.944875,-2.3553124999999997
6.4273375,4.5092125,2.579375,-1.9871874999999997
7.4594125,4.9720375,13.342875,-2.7903124999999998
9.672062500000001,5.8902625,7.196375,-3.2503124999999997
2.2693375000000002,7.273787500000001,4.042375,-2.1715625
7.2911125000000006,1.7867125000000001,13.399875,-2.3996874999999998
9.9220375,2.0243125,15.546875000000002,-3.7121874999999998
8.607812500000001,1.7891875000000002,19.893125,-2.7496875
1.8213625000000002,1.8906625,18.268625,-2.0646875
6.7268125,1.2867625000000003,15.143125,-1.9128124999999998
4.1577625,7.4420875,13.124375,-3.8278125
9.2636875,9.1424125,8.241375,-2.3809375
5.1106375,6.5510875,7.8233749999999995,-2.4503125
5.5610875,9.3849625,3.586375,-3.4809375
2.0366874999999998,9.0607375,3.477125,-3.5734375
9.5111875,5.457137500000001,3.310875,-1.8515624999999996
6.9272875,8.7637375,4.759625,-1.9559375
6.865412500000001,6.5114875,7.581125,-1.9103124999999999
1.2768625000000002,3.8558125000000003,1.9761250000000001,-2.1940625
7.9073875000000005,1.9327375,2.014125,-2.3034375
5.0636125,9.1646875,5.348625,-3.7553125
0.5813875000000001,8.0459875,10.155625,-3.7009375
2.1332125000000004,2.7544375000000003,9.609375,-2.9384375
4.3755625,4.254287499999999,5.548125,-2.7559375
6.4471375,5.476937500000001,12.326375,-1.8584375
2.0639125,5.575937500000001,4.241875,-1.6128125
0.9452125000000001,2.4178375,2.1708749999999997,-1.7778124999999996
4.3136874999999995,3.0316375,5.149125,-3.6253125
9.528512500000001,5.3927875,14.297625,-2.7046875
5.768987500000001,7.093112500000001,18.591625,-2.4634374999999995
3.5464375000000006,8.8355125,14.934125000000002,-2.0759375
7.684637500000001,7.1871625,11.295625000000001,-3.0821875
6.5090125,6.9792625,9.229375,-1.8184375
8.313287500000001,5.2541875,15.309375000000001,-2.2090625
6.6599875,0.8189875,15.584875000000002,-2.3640625
7.6277125,9.8057125,16.245125,-1.8871875
3.3484375,3.9374875,11.689875,-1.8346874999999998
4.8210625,9.2042875,17.366125000000004,-1.8309374999999997
2.3089375,4.2468625,4.5173749999999995,-2.1678125
7.0559875000000005,9.771062500000001,8.440875,-1.9253125
3.7147375,2.9648125000000003,2.812125,-3.2940625
3.1826125000000003,9.5012875,13.551875,-2.2528125
3.0464875,7.1797375,15.242875000000002,-2.7646875
9.1424125,4.1033124999999995,17.731875000000002,-3.1328125
1.1432125000000002,8.100437500000002,3.025875,-1.8509374999999997
1.1308375000000002,5.236862500000001,6.806875,-1.8221875
8.3974375,0.2522125,14.725125000000002,-3.8371875
8.0732125,2.5787125000000004,15.713125000000002,-3.8603125
9.4047625,8.8454125,10.944125000000001,-3.9146875
0.9551125,5.736812500000001,14.083875,-3.7340625
0.7323625,1.4971375000000002,8.721125,-1.6428124999999998
8.8751125,8.7488875,4.7311250000000005,-3.2065625
9.9616375,7.4099125,15.029125,-2.4140625
2.8410625,8.439512500000001,10.431125,-3.5284375
4.2097375,9.9517375,1.083125,-3.4596875000000002
7.9321375000000005,3.8261125000000002,10.440625,-2.7878125000000002
9.3577375,5.135387500000001,18.273375,-2.7171874999999996
3.6726625000000004,7.145087500000001,3.2491250000000003,-2.8478125
4.1825125,9.731462500000001,10.649625000000002,-3.5096875
7.5683125,6.944612500000001,16.107375,-3.2946875
0.18786250000000002,8.840462500000001,5.757125,-1.6628124999999998
1.9451125,6.672362500000001,8.759125000000001,-3.3646875
9.3032875,7.5930625,19.342125000000003,-1.5453124999999996
4.8433375,5.5313875,2.294375,-2.7303124999999997
4.1255875,4.1998375,14.226375000000003,-1.7878124999999998
1.0714375,4.2369625,2.888125,-1.6909375
7.7885875,3.2816125,14.753625000000001,-2.8728125
3.5340625,5.1230125,4.792875,-2.3096875
6.1154875,6.751562500000001,7.215375,-3.8203125
4.224587499999999,9.3057625,4.2798750000000005,-3.4059375
5.467037500000001,6.6575125,18.021625,-3.0365625
0.4477375,9.6398875,16.183375,-3.1921875
3.1999375,2.3039875,13.233625000000002,-2.7840625
2.0713375,7.998962500000001,3.073375,-3.4334375
6.895112500000001,3.6578125000000004,13.965125,-1.7553124999999996
5.6328625,9.6324625,2.365625,-3.1509375
3.2098375,6.2169625,11.846625,-2.5628124999999997
7.8479875,9.241412500000001,1.724375,-3.3278125000000003
1.7099875,7.053512500000001,18.881375000000002,-3.1278125
8.7290875,4.4621875,12.682625000000002,-3.1946875
0.8041375000000001,4.3285374999999995,6.464875,-3.9240625
1.2273625000000001,2.7494875000000003,7.742625,-2.9421875
5.969462500000001,8.5409875,1.482125,-2.2234374999999997
2.5267375,6.093212500000001,9.566625,-2.7871875
5.7244375000000005,7.8479875,1.292125,-2.0934375
2.4623875,4.8408625,1.201875,-2.0284375
9.7141375,0.7645375000000001,16.387625,-3.9315625
7.825712500000001,7.3876375,11.290875,-3.7571875
5.9645125000000005,7.7242375,4.906874999999999,-3.5571875
5.7516625,9.647312500000002,18.135625,-3.7390625
8.4444625,0.8635375,2.351375,-3.9115625
5.2838875,7.2267625,2.341875,-2.9878125
5.5808875,5.608112500000001,18.187875000000002,-3.4078125
6.622862500000001,5.4818875,10.673375,-2.7371875
0.7298875,1.1729125,18.154625000000003,-3.0040625
9.3453625,1.7347375,2.489125,-3.7465625
0.7670125000000001,4.4027875,4.507875,-2.6415625
6.9000625,9.1226125,15.081375000000001,-2.6246875
4.3656625,9.3478375,7.718875,-1.9309374999999998
2.0738125,2.6628624999999997,11.305125,-2.3796874999999997
9.3973375,8.998862500000001,18.672375000000002,-2.4940624999999996
8.4617875,3.5563375000000006,13.224125,-3.3559375
6.662462500000001,1.2595375000000002,15.086125000000001,-3.2609375
8.9914375,8.5632625,7.875625,-3.3540625
6.971837500000001,5.9645125000000005,12.373875000000002,-2.2059375
3.6850375,6.7589875,7.6286249999999995,-3.5140625
3.7716625,7.9544125,16.734375,-2.7859375
6.3976375,6.3481375,14.060125000000001,-2.5346875
1.9698625,2.8583875,7.329375,-2.4715625
9.1028125,0.2348875,10.568875000000002,-2.1040625
9.627512500000002,5.0834125,14.069625,-3.3678125
2.9450125000000003,1.8139375000000002,16.743875000000003,-1.7171874999999996
5.5016875,0.5566375,17.228375,-3.9809375
9.7537375,1.4921875000000002,12.231375,-2.5528125
7.998962500000001,7.0460875000000005,12.388125000000002,-3.1709375
8.5632625,9.597812500000002,3.2633750000000004,-3.0053125
5.5536625,6.895112500000001,18.734125000000002,-2.3421874999999996
3.5786125,2.2148875,8.065625,-1.8278124999999998
0.2274625,7.909862500000001,4.256125,-2.7290625
3.1083625,4.0241125,16.933875,-3.3209375
0.1136125,8.939462500000001,11.134125000000001,-3.1221875
1.8881875,7.211912500000001,15.038625000000001,-1.8215624999999998
9.800762500000001,2.9747125000000003,16.677375,-3.8159375
4.6280125,7.095587500000001,5.975624999999999,-2.1634374999999997
7.3876375,1.5169375000000003,12.834625,-3.4728125
0.1210375,0.8585875,4.797625,-3.8303125
9.558212500000002,7.184687500000001,19.969125000000002,-2.5978125
3.8137375000000002,6.2961625,17.313875000000003,-3.9978125
5.6427625,1.3040875,6.436375,-2.3990625
5.3012125,5.1947874999999994,7.965875,-2.1240625
0.35121250000000004,3.8607625000000003,19.617625,-2.3853124999999995
8.7216625,9.9938125,3.524625,-1.5153124999999998
4.1528125,2.1752875,12.635125,-2.8709375
8.392487500000001,9.5408875,4.450875,-2.2778125
9.3428875,2.2619125,14.183625000000001,-1.7884374999999997
1.9574875,3.8582875000000003,2.641125,-2.1684374999999996
1.5144625000000003,8.3479375,9.367125,-2.4809374999999996
1.7594875,4.0389625,11.528375000000002,-2.7653125000000003
7.536137500000001,2.5044625,13.808375000000002,-2.7928125
0.9080875,1.6629625000000001,4.626625,-3.9571875
1.8956125,3.8533375000000003,8.056125,-2.2515625
6.704537500000001,8.7191875,4.674125,-2.6515625
2.6529624999999997,1.5887125,9.941875,-1.5740624999999997
5.7293875000000005,2.8732375,4.431875,-3.2509375
3.6627625000000004,5.7318625,1.748125,-1.5628124999999997
3.9696625,8.3652625,11.314625000000001,-1.8796875000000002
7.9172875000000005,9.3775375,3.4248749999999997,-3.2434375
1.9253125,6.783737500000001,14.392625,-1.7284375
1.5466374999999999,6.563462500000001,12.782375,-1.9609375
2.3559625,4.1255875,3.714625,-3.9603125
9.476537500000001,2.3114125,5.647875,-2.0503124999999995
2.8534375000000005,9.479012500000001,19.185375,-3.8465625
4.3359625,7.0064875,4.085125,-1.9478125
6.684737500000001,1.4080375,7.666625,-2.3396874999999997
4.9175875,2.9895625000000003,5.500625,-2.1653124999999998
6.3753625000000005,2.9227375,15.760625000000001,-2.7915625
5.2121125,0.9105625,1.339625,-3.0309375000000003
0.6482125,2.0663875,6.887625,-3.2465625
7.105487500000001,3.2791375,8.901625,-3.7221875
0.6209875,7.7267125000000005,19.850375,-1.9246874999999997
8.988962500000001,1.1184625000000001,13.580375000000002,-3.6690625
5.1824125,3.3162625,17.413625,-2.1809374999999998
9.9542125,1.3981375,5.804625000000001,-2.0034375
5.2442874999999995,3.1207375,9.789875,-3.0115625
7.8974875,1.9624375,11.105625000000002,-3.2828125
4.1800375,8.058362500000001,7.0253749999999995,-1.9971875
8.5533625,5.778887500000001,16.577625,-1.6578125
3.4028875000000003,7.263887500000001,5.258375,-3.0609375
0.4526875,4.5884125,4.004375,-3.7584375
0.8858125,9.4913875,18.724625,-3.6046875
5.1898375,6.3308125,1.7766250000000001,-3.3946875
3.8384875000000003,6.2070625,2.8453749999999998,-1.8703124999999998
2.0985625,9.7586875,8.464625,-2.5496875
7.6673125,5.7046375000000005,16.330624999999998,-1.5859375
1.3610125,9.0953875,9.044125,-1.7678124999999998
5.098262500000001,3.4226875000000003,9.661624999999999,-2.1865625
3.7073125000000005,9.068162500000001,3.358375,-3.7140625
0.3784375,0.3932875,17.465875,-2.5171875
5.8209625,4.229537499999999,15.352125000000001,-3.3084375
3.0539125,5.1527125,19.935875000000003,-2.2328124999999996
6.3704125000000005,4.048862499999999,1.9951249999999998,-2.4734374999999997
1.6778125,5.5412875,19.907375000000002,-3.6790625
1.7124625,8.4370375,11.666125000000001,-2.7503124999999997
0.8090875000000001,6.323387500000001,16.207125,-2.2184375
2.2866625000000003,0.8783875,1.3823750000000001,-3.4790625
2.3584375,9.276062500000002,18.069125,-2.3403124999999996
7.060937500000001,1.7025625,18.173625,-1.6946874999999997
9.4913875,0.5294125000000001,7.072875,-2.0271874999999997
9.4938625,1.5367374999999999,11.423875,-3.2240625
4.1008375,3.2370625000000004,2.218375,-2.2071875
6.3555625000000004,2.4648625,10.868125000000001,-3.3853125
3.7964125,5.3705125,2.873875,-2.8578125
7.355462500000001,8.518712500000001,7.438625,-2.4496875
3.9077875,1.3189375,14.820125000000003,-2.7690625
9.2933875,6.4298125,4.313124999999999,-3.4590625
4.9720375,4.7443375,1.463125,-2.8290625
2.3732875,4.6502875,11.770625,-3.8353125
5.118062500000001,0.1210375,9.395625,-3.7965625
6.4372375,8.7538375,19.209125,-2.1115625
9.4270375,7.1302375,5.9091249999999995,-2.1271875
3.7988875,5.6551375,7.267625,-3.8109375
6.303587500000001,8.224187500000001,6.749874999999999,-3.8715625
6.4397125,4.4201125,14.112375000000002,-2.8253125
4.4572375,7.8083875,16.810375,-2.0278124999999996
6.3852625000000005,2.7593875000000003,4.474625,-2.8159375
5.4843625000000005,0.8140375000000001,12.858375,-2.1415625
6.731762500000001,4.4423875,6.607374999999999,-1.5903125
0.3437875,8.2464625,16.012375000000002,-3.0078125
4.4473375,0.5739625,9.129625,-3.3640625
6.9866875,7.2366625,11.419125000000001,-2.5365624999999996
0.8709625,3.0415375,9.015625,-3.7415625
0.5665375,2.5539625,3.282375,-2.9184375
8.1301375,2.0861875,16.696375000000003,-1.6090624999999998
1.9376875,7.4816875000000005,11.257625000000003,-3.3046875
1.2075625,4.8581875,19.950125,-2.1996875
8.078162500000001,7.7786875,7.457624999999999,-3.8721875
3.4548625,4.9522375,9.048874999999999,-3.7565625
8.7340375,6.6080125,6.721374999999999,-2.9353125
7.659887500000001,1.5095125000000003,14.017375000000001,-2.3003125
9.206762500000002,0.9600625,8.317375,-2.9409375
8.6028625,0.5789125,10.165125,-3.2246875
6.8406625,4.9769875,13.252625000000002,-2.4678125
5.6031625,1.0442125,10.763625000000001,-1.5271875000000001
1.9079875,0.17796250000000002,9.400375,-2.5878125
9.1622125,9.251312500000001,15.879375000000001,-3.1409374999999997
7.296062500000001,0.8264125,5.2441249999999995,-3.6353125
0.9526375,8.038562500000001,3.467625,-3.9215625
8.1474625,2.0639125,1.9096250000000001,-2.6621875
5.3432875,3.6429625000000003,5.400875,-2.2015624999999996
7.340612500000001,9.899762500000001,4.621874999999999,-2.6846875
8.5929625,2.5069375,14.335625,-1.6196874999999995
0.7175125,4.5661375,14.482875000000002,-3.0428125
6.8876875,0.30913750000000007,9.794625,-1.6678125000000001
5.9719375,1.4129875,9.272125,-2.3015624999999997
0.6828625,7.805912500000001,12.958125,-2.4178124999999997
8.588012500000001,9.016187500000001,18.116625000000003,-2.0490625
8.714237500000001,8.617712500000001,9.998875,-2.8234375
0.8338375,6.2268625,13.770375000000001,-2.7759375
6.0412375,1.8411625000000003,19.109375000000004,-3.2515625
4.8953125,5.5140625,14.164625000000001,-3.1934375
4.1874625,9.7883875,4.089874999999999,-3.6671875
1.9550125,3.5687125,1.140125,-3.4559375
4.1429124999999996,8.0162875,17.081125,-3.0184375
0.3982375,3.0613375,12.169625,-3.3890625
1.7644375,9.058262500000001,15.010125,-2.1340624999999998
2.4029875,0.2249875,5.134875,-3.1659375
7.4000125,4.4349625,5.8378749999999995,-3.7284375
3.0786625,5.9719375,13.452125,-2.7221875
5.9422375,7.343087500000001,11.561625,-1.7759374999999995
3.1727125000000003,6.991637500000001,3.002125,-1.5215625
6.1649875000000005,7.6623625,1.885875,-2.1459374999999996
1.5293124999999999,3.6380125000000003,9.656875,-3.3359375
9.449312500000001,3.7766125,10.041625,-3.2821875
9.8725375,3.5043625,5.106375,-1.8290625
6.7367125,8.9246125,2.142375,-3.6878125
7.145087500000001,6.3283375,8.953875,-3.7696875
8.5310875,8.5236625,7.866125,-3.9071875
7.7341375,0.40813750000000004,3.401125,-2.4321875
3.6429625000000003,4.8878875,12.345375,-3.3459375
4.1033124999999995,0.8882875,19.888375,-2.7546875
4.8507625,3.1553875000000002,18.829125,-2.5234375
3.5018875000000005,2.3411125,17.280625,-2.4790625
6.862937500000001,7.756412500000001,3.510375,-3.0984375
0.6704875,2.9375875000000002,2.617375,-2.2253125
2.6504875,9.0310375,6.023124999999999,-3.0590625
3.1405375,2.8880875,13.043625000000002,-1.5096875
7.939562500000001,3.2741875,16.568125000000002,-1.7459375000000001
5.5412875,6.6401875,19.489375,-3.7934375
0.36111250000000006,6.0857875,9.747125,-3.8790625
5.9249125000000005,5.6402875,11.400125000000001,-1.9821874999999998
3.2271625000000004,4.2270625,16.178625000000004,-3.8759375
8.8676875,5.4917875,13.998375000000001,-2.2153125
5.5190125000000005,7.5113875000000005,1.819375,-3.9971875
2.2049875,1.2917125,7.771125,-2.1453124999999997
9.1498375,5.9100625,7.419625,-2.4390625
6.8357125000000005,3.1751875,12.445125000000003,-2.5853124999999997
3.4251625,5.8358125,6.103875,-3.3778125
9.820562500000001,0.5417875,17.285375000000002,-1.9940625
3.8830375000000004,9.5507875,4.7216249999999995,-3.4146875
1.9995625000000001,4.8433375,15.024375000000001,-2.0303125
0.40318750000000003,4.3780375,19.422875,-3.6159375000000002
2.4153625,8.018762500000001,15.304625000000001,-1.8478124999999999
5.088362500000001,4.5116875,7.676125,-1.7434374999999998
1.1729125,1.3956625,13.722875,-1.5103125
8.3405125,8.041037500000002,16.192875,-3.4928125
6.763937500000001,4.8284875,2.835875,-2.5534375
4.8705625,2.1678625,13.703875,-1.8209374999999999
4.8606625,2.3386375,7.828125,-1.9265624999999997
8.3578375,8.5706875,4.094625,-2.5934375
7.4866375000000005,9.2686375,4.930625,-3.1109375000000004
1.7570125,8.1301375,14.720375,-2.8359375
4.264187499999999,9.917087500000001,14.582625,-3.5715624999999998
1.2694375000000002,4.1156875,14.245375000000003,-3.2665625
1.9525375,7.7217625000000005,9.842125,-2.8415625
8.647412500000002,3.5018875000000005,16.316375,-3.8484375
7.580687500000001,5.0165875,6.531375,-2.8853125
4.1602375,8.6993875,18.947875,-1.5309374999999998
4.1082624999999995,9.686912500000002,6.949375,-2.9334375
3.7617625,5.578412500000001,16.221375000000002,-3.4690625
4.4894125,3.2123125000000003,2.156625,-2.9615625000000003
2.7247375000000003,8.820662500000001,9.937125,-3.4428125
0.6086125,6.0560875,13.437875,-3.4990625
5.6600875,5.6006875,19.294625,-3.0446875
7.8677875,4.2815125,9.162875,-1.6228124999999998
3.1850875,9.389912500000001,6.593125,-3.8246875
6.1451875000000005,8.184587500000001,3.325125,-3.9334375
5.6526625,5.2022125,16.002875,-3.4328125
7.4990125,0.8338375,6.184625,-3.9065625
5.306162500000001,6.7961125000000004,16.762875,-1.9403125
3.7691875,3.0687625,9.861125,-2.7096875
8.9072875,7.959362500000001,6.830625,-1.6828124999999998
6.7886875,9.1795375,16.943375,-2.7615625
4.5537624999999995,6.1674625,10.160375,-3.6140625
7.7984875,2.4005125,6.426875000000001,-3.7228125
0.3883375,3.1034125,5.657375,-2.5415624999999995
4.6082125,8.323187500000001,12.578125,-3.7828125
3.3929875000000003,1.1283625000000002,2.189875,-2.7146875
8.7068125,3.5810875,8.060875,-3.7971875
0.5170375,2.8955125,1.9143750000000002,-2.6578124999999995
6.9495625,9.7091875,15.741625000000003,-3.0971875
2.3782375,8.2662625,19.802875,-3.2040625
1.1060875000000001,3.5414875000000006,12.354875000000002,-2.2040625
9.7042375,7.533662500000001,16.900625,-2.9303125
5.4719875,2.7420625,12.791875000000001,-2.1009374999999997
0.2794375,5.897687500000001,18.596375000000002,-1.7771874999999997
9.1052875,8.125187500000001,14.169375000000002,-3.8734375
8.889962500000001,5.098262500000001,4.669375,-2.3628124999999995
1.1085625000000001,0.8907625,6.160875,-3.4865625
1.3337875000000001,7.313387500000001,6.787875,-3.1584375
4.2221125,2.7965125,6.778375,-2.4284375
7.7217625000000005,0.3338875,10.853875,-2.1796875
0.47991249999999996,7.001537500000001,5.510125,-1.9809375
2.4425875,9.5309875,9.761375000000001,-2.1490625
8.8058125,5.536337500000001,16.520625000000003,-3.8821875
4.4671375,6.4817875,11.675625,-3.2384375
8.8528375,9.8230375,9.096375,-1.8246875
1.1605375,0.4279375000000001,11.219625000000002,-1.5665624999999999
6.6302875,5.9867875,16.254625,-2.6740625
2.4475375,0.2373625,12.259875000000001,-1.5390624999999996
7.991537500000001,6.9198625,15.912625000000002,-3.3584375
2.4797124999999998,0.5492125,9.538124999999999,-1.5846874999999998
7.503962500000001,7.8826375,13.874875000000001,-3.3859375
8.7092875,0.8115625000000001,11.837125000000002,-3.5215625
4.7492875,2.5737625,2.413125,-3.1653125
7.6524625,1.3733875,8.830375,-3.1071875
3.4622875000000004,2.8633375,11.186375000000002,-1.5659375
0.9229375000000001,3.4746625,7.101375,-3.5578125
5.2739875,3.4845625,17.209375,-2.7896875000000003
7.595537500000001,3.4919875000000005,9.101125,-3.3578125
2.8509625,7.2985375,16.910125,-1.5478125
2.7866125,1.1333125000000002,17.841125,-2.5353125
4.2023125,5.474462500000001,19.375375000000002,-2.3084375
3.5439625,2.5415875,13.095875000000001,-2.9578125
8.1573625,7.966787500000001,6.075375,-2.8646875
0.6655375,1.0466875,1.045125,-2.1934375
9.048362500000001,3.7568125,19.332625,-3.6446875
4.1552875,2.7470125,14.839125000000003,-3.2190624999999997
0.35863750000000005,6.1699375000000005,7.082375,-1.5815624999999995
3.3187375,1.6406875,11.409625,-1.6040625
9.7586875,6.6203875,16.834125,-2.2884374999999997
9.5606875,5.828387500000001,15.190625,-3.1353125
8.518712500000001,6.7391875,2.527125,-3.9496875
1.1407375000000002,6.1105375,19.256625,-2.3128124999999997
5.6501875,8.0237125,18.244875,-3.0665625
2.6554375,7.283687500000001,13.490125,-1.5209374999999996
0.6160375,5.4620875,17.902875,-2.7959375
2.3386375,0.5863375000000001,9.652125,-2.3603125
1.1976625,9.380012500000001,15.817625000000001,-3.9015625
6.1773625,6.603062500000001,6.227375,-2.6128125
6.004112500000001,1.7520625,7.210624999999999,-3.5515625
0.7917625,7.684637500000001,11.433375000000002,-3.0621875000000003
8.4939625,5.197262500000001,17.670125,-2.9734375
9.3156625,2.1975625,3.728875,-3.4634375
7.310912500000001,3.9820375,9.409875,-1.9990625
7.781162500000001,6.372887500000001,4.830875,-3.5271875
8.3355625,1.4550625000000001,4.940125,-3.9646875
6.6154375000000005,9.466637500000001,12.739625000000002,-3.5859375
7.6425625,0.2398375,2.2041250000000003,-2.0665625
3.4325875000000003,8.4271375,14.235875,-3.1253125
3.7345375,2.4524875,12.796625,-3.3771875
1.3981375,2.5514875,12.592375,-2.1221875
4.298837499999999,0.7892875,16.753375000000002,-2.7203125
8.6325625,0.7793875,4.1896249999999995,-2.9728125
4.7616625,2.8484875000000005,13.613625000000003,-1.6153125
3.3311124999999997,7.1772625,11.518875000000001,-3.7921875
6.6575125,2.1703375,11.751625,-2.5403124999999998
8.4568375,8.7860125,7.633375,-3.7653125
5.145287500000001,1.8164125000000002,6.711874999999999,-3.0096875
6.5164375,9.946787500000001,10.825375000000001,-2.2740625
8.6919625,0.7373125,16.715375,-3.1134375
9.3552625,0.7051375,12.687375000000001,-1.9740624999999996
9.706712500000002,2.2742875000000002,17.665375,-1.8334374999999996
1.1234125000000001,2.3683375,12.787125,-1.9665624999999998
8.1598375,3.2246875,17.774625,-3.7690625
2.3485375,8.2959625,13.903375000000002,-1.8771874999999998
2.8163125,8.3454625,7.832875,-3.9996875
4.2963625,0.5343625000000001,6.279624999999999,-3.1203125
7.4198125,1.1258875000000002,1.824125,-3.6428125
6.2565625,9.107762500000002,11.205375000000002,-2.7065625
5.335862500000001,9.526037500000001,11.970125000000001,-2.5190624999999995
6.3209125,8.6424625,10.245875,-2.8059374999999998
9.6646375,7.023812500000001,9.471625,-3.8771875
9.840362500000001,3.9053125,11.875125,-3.8365625
1.6679125000000001,2.4450625,12.934375000000001,-1.5540624999999997
8.9444125,6.813437500000001,17.518125,-2.4959374999999997
0.6630625,3.1603375000000002,8.360125,-3.3384375
4.6626625,3.3187375,12.468875,-3.3096875
4.8581875,9.4443625,7.120375,-3.7515625
2.6084125000000005,5.2640875,10.212625,-1.6965624999999998
5.1799375,6.9891625,3.8618749999999995,-2.3753124999999997
9.0409375,6.1204375,1.111625,-2.6596874999999995
2.8583875,5.108162500000001,9.219875,-3.0696875
4.3928875,6.4520875,6.7166250000000005,-1.6503125
0.9823375,6.6698875,11.390625,-3.8328125
8.9246125,7.5485125,15.722625000000003,-2.3378124999999996
1.3189375,3.0836125,5.016125,-2.1921875
9.1844875,3.9275875,3.614875,-2.2078125
3.4449625,9.3552625,11.024875,-3.8684375
7.0708375,6.694637500000001,19.061875,-2.6203125
9.456737500000001,1.2372625000000002,5.054125,-3.1728125
8.1994375,5.927387500000001,11.157875,-3.6871875000000003
1.7718625000000001,5.9620375,9.248375,-3.8321875
5.917487500000001,9.3082375,15.162125,-1.6278125
8.3009125,2.1876625,14.981625000000001,-3.9390625
8.8850125,2.0960875,5.671625,-3.7159375
8.724137500000001,7.6178125,15.147875000000003,-1.7803125
1.1902375,3.9993625,12.810875000000001,-2.7390625
7.4495125,4.2765625,6.673875,-1.5671875000000002
8.2266625,8.5558375,3.9236249999999995,-3.0453125
0.2398375,4.4547625,8.455124999999999,-2.8921875
0.5789125,2.5019875,1.287375,-2.0896875
5.4992125000000005,8.674637500000001,10.939375000000002,-2.8446875
7.2193375,4.2320125,16.278375000000004,-2.8534375
0.8610625,1.0219375000000002,12.236125000000001,-2.1840624999999996
2.5366375,6.7565125,17.784125,-2.7584375000000003
0.8932375,9.587912500000002,19.983375000000002,-3.8609375
2.3831875,9.3428875,4.959124999999999,-3.3203125
5.927387500000001,5.427437500000001,17.256875,-3.3128125
4.6205875,7.2713125000000005,1.881125,-2.3065625
5.2096375,1.4798125000000002,2.9308750000000003,-3.2884374999999997
3.6281125000000003,6.113012500000001,19.313625000000002,-2.0446874999999998
9.7487875,7.234187500000001,16.406625,-1.9378124999999997
5.0116375,5.7813625,18.140375000000002,-3.6321875
0.8907625,5.5907875,1.458375,-1.8965625
4.1701375,3.1850875,11.514125000000002,-1.7896874999999999
3.0613375,0.45763750000000003,19.541625,-2.6615624999999996
8.637512500000001,4.9175875,8.374375,-3.8621875
1.9723375,7.536137500000001,16.449375000000003,-2.8340625
6.664937500000001,3.5464375000000006,14.492375000000001,-1.8934374999999997
9.0731125,6.1649875000000005,9.210374999999999,-2.3503125
4.0711375,4.0117375,13.499625000000002,-1.7178125
4.9918375,3.3434875,2.1803749999999997,-3.4890625
3.5241625,9.271112500000001,4.807125,-3.9265625
7.7539375,6.2120125,19.408625,-1.9240624999999998
8.9147125,5.0215375,16.335375000000003,-2.9015625
4.6799875,8.615237500000001,3.130375,-3.5703125
2.7618625,4.9547125,11.328875,-2.1478124999999997
6.954512500000001,4.5735624999999995,4.1373750000000005,-3.2790625
0.3289375,5.0462875,1.486875,-3.7534375
3.5761375000000006,2.0787625,5.263125,-2.5121875
9.9022375,7.0485625,12.269375,-1.8065625
3.8582875000000003,9.2339875,4.1278749999999995,-3.9284375
6.1080625,9.429512500000001,19.019125000000003,-3.5353125
5.538812500000001,5.0141124999999995,17.993125,-1.6665625
1.6134625,4.1528125,6.374625,-3.2415625
0.9031375,9.8948125,4.199125,-3.8259375
0.5343625000000001,2.6108875,19.237625,-1.6778125
1.9203625,2.9920375,6.863874999999999,-3.9890625
6.244187500000001,3.2395375,16.226125000000003,-2.2721875
4.7418625,3.5909874999999998,6.873374999999999,-2.1178125
8.9864875,3.0737125,14.079125000000001,-2.4996875
4.8136375000000005,1.3634875,3.8333749999999998,-3.4953125
8.204387500000001,3.6157375,1.282625,-1.8471875
7.555937500000001,4.293887499999999,19.337375,-2.0815625
7.7687875,3.5315875000000005,18.330375,-3.7684375
0.6977125,7.4198125,19.161625,-2.7321874999999998
3.6800875,4.0909375,15.366375000000001,-2.5490625
9.231512500000001,8.9567875,10.445375,-3.7459375
9.9245125,3.1182625,15.765375,-2.6321874999999997
6.2219125,0.20271250000000002,10.659125,-3.6128125
8.3058625,1.1753875,1.971375,-2.1790624999999997
6.2714125,5.486837500000001,16.582375000000003,-1.7828125
7.7291875,2.6381124999999996,8.355374999999999,-2.5659375
2.7519625,5.8457125,10.241125,-1.9540625
7.414862500000001,2.2198375,14.886625,-3.7028125
4.6032625,2.4549625,14.041125000000001,-3.9653125
0.9872875,5.2739875,18.548875,-3.5534375000000002
7.221812500000001,7.0807375,4.598125,-2.7734375
3.3608124999999998,8.1821125,10.687625,-2.5478125
9.2042875,7.635137500000001,2.5936250000000003,-2.6446875
4.5017875,9.7364125,6.474375,-3.8496875
9.1820125,7.2911125000000006,5.918625,-3.1753125
9.0805375,6.994112500000001,12.217125000000001,-2.5834374999999996
0.2101375,9.350312500000001,7.994375,-1.7503124999999997
4.6379125,6.2318125,6.084875,-2.8778125
7.0460875000000005,7.840562500000001,10.953625000000002,-3.5021875
6.3184375,4.3508125,1.244625,-3.8409375
6.4570375,8.2786375,18.202125000000002,-1.9115624999999996
1.8683874999999999,0.4873375,6.208375,-2.9759374999999997
0.7249375,7.7118625000000005,18.653375,-1.5059375
7.979162500000001,1.1481625000000002,8.792375,-2.4090625
5.9125375,2.3089375,12.654125,-2.3784375
6.273887500000001,4.5265375,11.547375000000002,-3.0934375000000003
4.4597125,2.2371625,17.945625000000003,-2.1565624999999997
7.464362500000001,1.5763375,3.581625,-2.3959375
8.5805875,8.9864875,11.566375000000003,-3.2971874999999997
0.8189875,7.600487500000001,15.328375000000001,-3.1840625
5.6551375,1.1976625,3.201625,-3.2315625
7.6772125,8.068262500000001,11.851375000000003,-2.3134375
7.263887500000001,0.29676250000000004,9.414625000000001,-3.4959375
6.372887500000001,8.5310875,7.471875,-3.0903125
3.1578625000000002,6.0214375,2.916625,-1.6365624999999997
1.7396875,6.692162500000001,5.381875,-2.1503125
3.3756625,8.7513625,9.462125,-3.3221875
5.1626125,0.7199875,3.021125,-3.3471875
0.30666250000000006,5.818487500000001,12.658875000000002,-3.1784375000000002
7.8826375,6.7985875,8.564375,-1.9915624999999997
9.035987500000001,3.6949375,8.022874999999999,-2.3878125
7.122812500000001,2.6405875,11.371625,-3.3215625
6.283787500000001,2.9672875,17.537125,-1.7765624999999998
3.3236875,3.4449625,16.781875,-1.9165625
1.9178875,7.7341375,8.250875,-2.1196875
4.7987875,4.4869375,2.755125,-2.3721875
2.1926125,1.2966625,18.425375000000003,-1.7740624999999999
1.4352625,0.7868125,5.082624999999999,-2.6859375
4.7839375,4.8235375,5.396125,-3.3696875
9.008762500000001,3.7815625,10.735125,-1.5921875
9.8131375,8.9543125,17.741375,-2.2615624999999997
5.667512500000001,7.7984875,10.972625000000003,-2.1034374999999996
6.239237500000001,0.5046625,12.844125,-2.6328125
2.1728125,7.221812500000001,2.8691250000000004,-3.5846875000000002
3.4845625,5.637812500000001,18.943125000000002,-3.9859375
8.224187500000001,7.4618875000000005,5.856875,-2.6271875
5.4521875,3.9127375,14.302375000000001,-3.2178125
3.7865125,7.605437500000001,13.751375000000001,-2.2315625
1.3362625000000001,0.1408375,13.841625,-3.6515625
1.8089875000000002,4.0216375,15.831875,-1.5303125
1.0244125000000002,5.749187500000001,6.835375,-3.5453125
9.9443125,3.2420125000000004,2.151875,-1.7371874999999997
7.5287125,7.8281875,15.314125,-1.9209375
2.9672875,5.6823625,14.478125000000002,-2.2571874999999997
7.610387500000001,8.7736375,2.6126250000000004,-2.9765625
6.652562500000001,3.5068375000000005,3.7051250000000002,-2.0915625
5.2814125,5.657612500000001,10.473875,-3.4240625
6.1229125,0.5987125000000001,16.872125000000004,-2.7465625
2.4698125,1.2991375,2.854875,-1.8609375
0.7076125,6.853037500000001,4.992374999999999,-1.7184374999999998
5.0735125,0.6284125,16.188125,-3.2834375
1.0937125,1.2125125,16.126375000000003,-3.9615625
6.3011125,3.4028875000000003,3.6338749999999997,-3.8053125
8.0336125,1.5045625000000002,12.131625000000001,-3.5059375
2.0886625,1.1407375000000002,14.558875,-2.0521874999999996
2.5193125,5.316062500000001,9.091625,-2.5109375
3.5068375000000005,4.279037499999999,8.716375,-2.4984374999999996
0.8214625,4.8185875,11.713625,-2.7865625
3.8038375,5.377937500000001,6.930375,-3.3721875
0.7521625000000001,3.1479625,10.269625,-1.6121874999999997
4.7369125,4.9151125,1.377625,-1.6621875
1.0862875,3.4103125,7.405375,-3.6621875
3.2816125,7.2614125000000005,11.998625,-2.3234375
7.8925375,3.9028375,8.497875,-3.8271875
8.6622625,2.8534375000000005,18.772125000000003,-2.6909375
1.6382125,1.5540625,11.727875000000001,-2.2765625
1.4699125000000002,0.7769125,7.144124999999999,-3.4321875
7.3901125,5.246762500000001,7.039625,-3.4453125
5.348237500000001,1.2471625000000002,9.595125,-3.2009375
2.4970375,0.6259375,12.649375000000001,-3.0540624999999997
5.0314375,1.9451125,7.049125,-3.3746875000000003
9.8255125,2.6282125000000005,8.820875000000001,-3.4265625
4.1651875,1.5441624999999999,4.864125,-2.9340625
6.1501375000000005,2.2965625,3.382125,-3.1384375
3.7370125,0.10866250000000001,18.753125,-2.3146875
5.434862500000001,8.6399875,5.7143749999999995,-2.6903124999999997
8.8973875,6.038762500000001,14.957875000000001,-3.7090625
0.6284125,6.2788375,11.732625,-3.1403125000000003
8.7736375,3.7147375,1.757625,-1.6415625
6.694637500000001,4.5958375,4.284625,-2.3978124999999997
2.8955125,8.647412500000002,4.227625,-1.7971874999999997
6.892637500000001,4.5438624999999995,12.915375000000001,-2.6303125
6.8579875,9.4418875,9.865875,-1.9853125
9.2290375,5.2343874999999995,4.982875,-2.2290624999999995
6.783737500000001,8.4568375,8.502624999999998,-1.8340625
2.2396375,3.7518625,16.653624999999998,-3.9621875
8.6597875,4.5166375,18.002625000000002,-3.8446875
9.290912500000001,1.0640125,9.390875,-2.6590625
9.7661125,4.3928875,14.131375000000002,-3.9578125
6.7688875,9.1127125,19.038125,-3.1559375
8.8924375,9.8576875,8.782875,-1.8959374999999996
6.711962500000001,7.830662500000001,10.378874999999999,-2.9528125000000003
9.897287500000001,7.444562500000001,18.890875,-2.8428125
9.988862500000002,7.949462500000001,14.259625,-1.7215625
4.293887499999999,1.3065625,15.109875000000002,-2.9959375
8.6771125,7.152512500000001,10.796875,-1.9190625
4.3235874999999995,6.1600375000000005,4.298875000000001,-2.9621874999999998
1.5095125000000003,0.30171250000000005,15.447125,-2.1371875
6.6896875,6.5659375,18.012125,-1.8028125
7.182212500000001,2.4673375,3.234875,-2.7790625
3.2741875,6.8159125000000005,7.191624999999999,-2.7603125
9.7685875,5.8655125,2.028375,-3.5621875
9.2735875,1.1852875,14.634875000000001,-2.2840625
3.5984125000000002,0.19033750000000002,15.907875,-2.8084375
7.001537500000001,7.370312500000001,18.962125,-3.9696875
5.0462875,9.8750125,13.205125,-2.5328125
5.1527125,1.9500625,13.086375,-3.3815625000000002
9.8032375,8.6696875,11.556875000000002,-3.0009375
8.1895375,2.9969875,19.798125000000002,-3.1621875
2.6950375,9.7487875,16.720125000000003,-2.9534375
0.2769625,4.7393875,7.163124999999999,-2.4015625
1.6035625,3.1826125000000003,15.869875,-2.5434374999999996
7.820762500000001,3.5390125,13.665875,-3.0840625
1.8337375000000002,1.0095625000000001,2.698125,-1.5028124999999997
7.4074375,6.3357625,7.799625,-1.9278125
9.8057125,8.790962500000001,8.312625,-2.8746875000000003
3.9028375,4.4300125,16.501625,-2.0328124999999995
0.3413125,3.7988875,9.766124999999999,-3.6534375
8.8874875,9.4146625,2.113875,-1.8778125
8.5508875,6.981737500000001,17.408875000000002,-3.3703125
0.6234625,2.3609125,5.605124999999999,-2.9890625
1.8634374999999999,1.2694375000000002,4.583875,-2.7153124999999996
0.46506250000000005,8.5607875,14.387875000000001,-3.9140625
4.1453875,5.1997375,15.922125000000001,-3.0059375
6.199637500000001,6.5981125,5.130125,-3.1503125
7.0262875000000005,1.3585375,3.2586250000000003,-2.3440624999999997
5.417537500000001,4.3161625,15.964875000000001,-1.5378124999999998
6.553562500000001,3.3459624999999997,14.872375,-3.6759375
1.9896625000000001,7.956887500000001,1.192375,-1.5415624999999995
7.766312500000001,3.9944125,9.120125,-1.8203125
8.7464125,2.4326875,4.260875,-3.3821875
2.6579124999999997,8.362787500000001,7.6903749999999995,-1.5365624999999996
8.4419875,6.2714125,5.025625,-2.1209374999999997
2.2569625,8.664737500000001,10.806375000000001,-3.2534375
3.5637625,6.5882125,7.3626249999999995,-1.6609374999999997
9.459212500000001,2.6900875,1.030875,-3.6603125
0.9996625,5.5041625,13.846375000000002,-3.2140625
9.5433625,6.293687500000001,17.955125,-2.3646874999999996
1.1753875,3.1009375,4.142125,-2.6746875
5.778887500000001,7.4123875,9.770875,-1.5590624999999996
6.635237500000001,3.9226375,14.050625,-1.5840625
8.1697375,0.14578750000000001,6.046875,-3.1315625000000002
1.4798125000000002,5.9570875,10.535625000000001,-3.0346875
1.6555375,6.0956875,13.566125000000001,-1.8534374999999996
9.2834875,5.174987499999999,12.483125000000001,-3.1915625
3.9473875,0.9996625,1.662625,-3.4746875
4.9646125,2.0837125,19.080875000000002,-3.7421875
4.1750875,9.117662500000002,11.081875,-3.2453125
0.7769125,7.810862500000001,13.523375000000001,-3.2346875
6.803537500000001,1.0417375,7.913625,-1.7565624999999998
5.325962500000001,5.7714625,11.917875,-3.2496875000000003
6.0313375,3.8087875,12.616125,-3.2440625
5.7343375000000005,7.8752125,12.540125000000002,-3.6728125
0.6803875,1.9921375000000001,5.1823749999999995,-2.5009375
0.31161250000000007,3.7716625,19.622375,-3.0796875
7.9024375000000004,9.4814875,16.392375,-3.0553125
0.6556375,9.3948625,7.600125,-3.8509375
7.9544125,4.1057875,15.371125000000001,-2.8003125
0.9773875,7.800962500000001,1.729125,-1.8271875
6.5684125,3.9894625,2.403625,-3.4215625000000003
1.8263125000000002,9.320612500000001,19.997625000000003,-2.5921874999999996
0.6952375,6.6476125,7.115625,-2.7534375
8.333087500000001,8.0435125,11.442875,-3.2471875
1.0046125000000001,7.976687500000001,9.034625,-2.3296875
2.0243125,1.4525875000000001,16.259375000000002,-3.1190625
2.2990375,2.1901375,19.745875,-2.9059375000000003
9.7289875,5.417537500000001,17.603625,-2.0596875
8.939462500000001,9.3329875,8.274625,-3.6703125
7.1797375,2.8608625,2.023625,-2.3321875
5.803637500000001,6.2021125,15.299875000000002,-2.5265625
3.9894625,6.263987500000001,19.114125,-3.4015625
2.3881375,5.0289625,8.350624999999999,-1.6146874999999996
7.4767375000000005,3.3954625,4.949625,-2.1803125
6.7169125,1.9104625,14.354625,-3.3171875
8.5706875,6.0115375,13.461625000000002,-2.7884375
9.969062500000001,6.6872125,15.404375000000002,-1.5409374999999996
4.1206375,0.4997125,10.421625,-2.9471875
1.1135125000000001,7.004012500000001,17.066875000000003,-3.7215625
9.939362500000001,2.1109375000000004,5.0493749999999995,-2.6009374999999997
5.8605625,0.8412625,17.983625,-1.9334374999999997
1.2620125000000002,0.5244625,19.228125000000002,-2.7034374999999997
8.0756875,4.1899375,15.219125,-2.1884375
9.9319375,0.7224625,14.805875000000002,-2.3740625
7.194587500000001,1.0293625,17.997875,-1.6809374999999998
7.523762500000001,4.4720875,17.104875,-2.2490625
0.3264625,7.8380875,7.7616249999999996,-1.5509374999999999
1.6604875000000001,8.3677375,3.068625,-2.5621875
4.8359125,0.36111250000000006,9.295875,-2.1109374999999995
3.9226375,2.6925624999999997,13.803625,-2.1215625
8.8726375,4.298837499999999,8.127375,-1.7665625
4.7195875,1.2743875000000002,17.128625,-3.8628125
0.9130375000000001,4.283987499999999,16.710625,-3.7915625
4.2716125,3.4721875000000004,10.749375,-3.6640625
3.2692375,4.6205875,11.347875,-2.9096875
8.8231375,7.4000125,1.548625,-3.6171875
2.9722375,6.0263875,7.053875,-3.5015625
0.7422625,6.063512500000001,3.0448749999999998,-2.1690625
2.2916125000000003,5.867987500000001,10.792125,-2.0940624999999997
7.6376125,7.746512500000001,10.017875,-3.6134375
5.5709875,2.0144125,5.073124999999999,-2.5728125
0.9155125000000001,8.6127625,6.844875,-2.6671875
0.5071375,9.6052375,3.9521249999999997,-3.6809375
8.6870125,0.8462125,16.430375,-2.0165625
0.7348375,5.969462500000001,19.878875,-3.7940625
6.6401875,2.1332125000000004,11.642375000000001,-3.5909375
6.3778375,3.0662875,1.700625,-3.8865625
6.1253875,0.5269375000000001,19.836125000000003,-1.9109374999999997
7.325762500000001,7.3777375,5.3771249999999995,-1.8021875
4.7789875,8.7711625,3.999625,-3.9228125
0.9476875000000001,7.345562500000001,13.513875,-3.0778125
6.5411875,9.538412500000002,3.576875,-2.0040625
7.6623625,5.3903125,17.584625000000003,-1.7140624999999998
9.2686375,4.9076875,12.164875000000002,-3.3753125
3.9523375,7.3925875,3.462875,-2.4434375
2.5391125,7.4222875,3.557875,-2.7765625
9.2884375,9.0112375,2.408375,-3.4071875
7.4915875000000005,3.3236875,1.577125,-2.7659375
9.2141875,0.7843375,14.421125000000002,-2.5703125
6.9693625,5.5091125000000005,5.476875,-1.5190625
0.5294125000000001,7.523762500000001,14.121875000000001,-1.9296874999999996
3.7221625000000005,5.9496625000000005,9.557125,-3.0959375
7.1302375,4.8334375,1.833625,-3.8778125
4.3532874999999995,4.4250625,15.228625000000001,-2.1096874999999997
4.2419125,1.9797625,15.423375,-2.7278124999999998
0.1655875,3.6553375,5.861625,-2.2584375
6.4817875,7.2094375,19.261375,-2.7209375
9.469112500000001,7.135187500000001,19.750625,-3.8709375
8.9939125,1.8609624999999999,15.931625000000002,-2.4646875
0.7125625,4.1008375,19.954875,-3.9703125
3.8805625000000004,6.523862500000001,7.562125,-1.8046875
9.5705875,5.0512375,11.333625000000001,-1.8003125
1.4303125,7.815812500000001,4.099375,-3.0071875
4.8680875,2.6603875,5.666874999999999,-1.6671874999999998
3.9176875,1.6976125,1.453625,-3.6553125
4.0958875,0.8536374999999999,18.515625000000004,-3.0140625
8.840462500000001,3.6998875,6.213125,-2.5946875
4.7245375,2.0441124999999998,3.667125,-3.7859375
7.2366625,4.9571875,10.692375,-3.2428125
6.6055375000000005,6.711962500000001,19.883625000000002,-3.6765625
4.9274875,9.486437500000001,5.163374999999999,-3.3140625
9.380012500000001,2.2643875,7.851875,-3.5921875
4.7393875,1.7594875,11.395375000000001,-3.2390625
6.3951625000000005,7.4792125,5.153874999999999,-2.3840624999999998
9.3527875,0.6407875,9.490625,-2.5215625
9.399812500000001,3.5934625000000002,4.697875,-2.2871875
4.7096875,5.848187500000001,16.853125000000002,-1.8490624999999996
4.4176375,3.0019375,4.317875,-2.8734375
9.929462500000001,8.0558875,8.027625,-3.1465625
7.023812500000001,1.5936625,14.563625,-2.0265625
4.0810375,7.981637500000001,13.176625000000001,-1.9515624999999996
3.6132625000000003,9.528512500000001,5.220375,-2.7365625
6.0857875,6.382787500000001,14.055375000000002,-2.5221875000000002
3.1034125,7.989062500000001,11.509375000000002,-3.0765625
9.0310375,0.1631125,8.336375,-2.8228125
1.6085125,6.714437500000001,3.120875,-2.8759375
6.9099625,8.370212500000001,1.016625,-3.5496875
8.0237125,6.6773125,17.204625,-1.8396875000000001
3.3434875,4.0290625,4.061375,-2.5884375
3.5043625,7.776212500000001,11.860875,-3.2615625
9.6299875,5.5932625,8.364875,-3.5834375
8.830562500000001,0.3239875,3.5008749999999997,-2.2565625
5.457137500000001,4.5834624999999996,3.320375,-3.3971875000000002
4.8012625,0.8660125,9.105875,-3.1684375
4.5339625,2.6504875,6.7593749999999995,-3.2053125
9.3874375,7.6524625,4.911625,-3.8859375
8.0954875,6.803537500000001,8.711625,-1.9271874999999996
6.9594625,6.9495625,11.585375000000003,-3.1140625
7.3579375,6.2887375,6.958875,-2.4621874999999998
7.2168625,6.704537500000001,3.144625,-2.4490625
4.3607125,9.4245625,18.544125,-2.4190625
6.293687500000001,8.7686875,1.919125,-3.0603125
9.8626375,1.9574875,12.088875000000002,-2.0853124999999997
6.773837500000001,1.1085625000000001,12.753875000000003,-2.7165625
5.9323375,9.741362500000001,2.299125,-2.4659375
1.4105125,5.095787500000001,4.916375,-3.3428125
8.9023375,2.8559125,18.107125,-1.6284375
9.1226125,6.612962500000001,5.472125,-1.7903124999999998
6.113012500000001,3.6355375,16.363875,-2.6221875
0.6902875,6.924812500000001,14.326125000000001,-1.7921874999999998
4.8532375,3.6330625000000003,12.891625000000001,-3.2203125
4.1924125,9.4616875,19.593875,-2.4234374999999995
8.2588375,1.7545375,8.578624999999999,-1.7453124999999998
8.8775875,9.2884375,2.009375,-2.0978125
5.907587500000001,2.6752375,12.530625,-2.5546875
0.20766250000000003,4.9472875,10.644875000000003,-2.0228124999999997
2.2643875,2.5935625000000004,19.546375,-2.4440625000000002
5.0834125,5.2838875,1.8668749999999998,-3.6359375
9.810662500000001,3.4548625,8.516874999999999,-1.6953124999999996
5.2294375,2.3955625,8.787625,-3.0871875
0.4403125,3.3137875,13.746625000000002,-2.7246875
8.1152875,9.9220375,15.950625000000002,-2.7515625
8.038562500000001,8.2118125,19.133125000000003,-3.3796875
2.4450625,6.4867375,6.621625,-3.4834375
2.4054625,0.9749125,1.8716249999999999,-1.9846874999999997
0.34626250000000003,2.1653875,3.8951249999999997,-1.7659374999999997
3.8285875000000003,8.253887500000001,18.263875,-3.1746875
1.4971375000000002,9.6151375,1.852625,-1.7934374999999996
5.286362500000001,5.387837500000001,9.343375,-1.5946875
8.684537500000001,3.1702375,16.914875000000002,-3.1896875
2.1356875000000004,6.3555625000000004,11.756375000000002,-3.2684375
7.1970625,2.6009875,6.526625,-2.6778125
7.805912500000001,3.9473875,15.694125000000001,-3.9321875
4.9002625,1.5664375,15.803375,-3.7946875
0.6308874999999999,7.4965375000000005,15.138375,-1.5515624999999997
7.961837500000001,7.560887500000001,6.569374999999999,-3.4359375
0.17796250000000002,4.9967875,9.960875,-2.6571875
2.1208375000000004,1.1828125,15.774875,-3.4346875
9.8453125,3.2321125000000004,1.895375,-3.4678125
4.308737499999999,2.2396375,13.091125,-3.6453125
1.3139875,8.1202375,12.549625,-3.4353125
1.1258875000000002,6.793637500000001,1.667375,-1.9171874999999998
1.0788625,4.8309625,8.269874999999999,-2.3040624999999997
7.771262500000001,3.1578625000000002,7.7521249999999995,-2.4903125
1.2372625000000002,3.9449125,13.114875000000001,-3.7603125
3.6479125000000003,9.3156625,10.701875000000001,-1.9659375
8.5434625,1.4204125,1.695875,-2.4540625
5.677412500000001,5.759087500000001,18.216375000000003,-3.3503125000000002
0.35616250000000005,9.1052875,17.446875000000002,-3.0090625
7.4470375,7.7390875,1.106875,-3.9559375
7.1401375,3.4301125,14.402125000000002,-1.9709374999999998
5.585837500000001,8.9642125,19.171125,-1.8421875
2.6777124999999997,4.6057375,3.695625,-2.6159375
9.038462500000001,9.6621625,18.439625000000003,-2.5634375
5.0215375,8.1672625,18.805375,-2.9090625
0.2225125,0.3982375,5.913875,-3.4159375
2.1059875000000003,6.7812624999999995,11.243375000000002,-1.8371874999999998
4.1404375,5.838287500000001,2.128125,-3.1271875
1.4006125,1.7768125000000001,8.583375,-1.5609374999999996
5.1230125,4.249337499999999,11.647125,-2.0409375
8.7439375,5.8927375,14.321375000000002,-3.1834375
1.1506375000000002,7.531187500000001,19.042875000000002,-3.6565625
7.4123875,9.7982875,18.339875,-3.1434375
7.7192875,8.078162500000001,16.416125,-3.3896875
2.7346375000000003,5.9768875,11.832375000000003,-1.7584374999999999
4.7022625,7.595537500000001,11.979625,-2.7328124999999996
2.5217875,1.2001375,8.279375,-1.7421875
8.595437500000001,8.333087500000001,17.850625,-3.4340625
5.1700375,0.7348375,13.395125,-2.8609375
5.0710375,3.7221625000000005,15.475625,-2.7478124999999998
8.0162875,2.7098875000000002,5.633624999999999,-1.5253125
3.7196875,3.7345375,12.886875000000002,-2.8453125000000004
4.3730875,6.103112500000001,5.391375,-3.9396875
8.3380375,7.484162500000001,13.029375000000002,-3.4165625
1.6258375,6.1229125,8.640375,-3.0109375
3.6949375,1.0615375,13.585125000000001,-3.2096875000000002
4.4720875,1.4006125,5.044625,-3.9453125
8.041037500000002,2.1183625000000004,3.391625,-1.9421874999999997
4.6775125,5.375462500000001,8.635625,-3.0884375
9.9121375,1.0838125,1.173375,-3.2815625
4.5413875,4.8953125,18.040625000000002,-3.8703125
9.1993375,3.1108375,3.7573749999999997,-1.6928124999999996
4.269137499999999,0.7026625,3.1778750000000002,-3.6059375
3.6974125000000004,7.293587500000001,19.147375000000004,-2.7346874999999997
3.7741375,0.5195125,19.688875000000003,-2.5734375
1.1209375000000001,5.1304375,5.842625,-1.6190624999999996
5.9595625000000005,9.0929125,11.913125,-1.8196874999999997
1.8807625,1.4303125,19.916875,-3.8171875
3.7122625000000005,8.988962500000001,7.847125,-2.9215625000000003
0.8363125,5.3111125,8.611875000000001,-1.6490624999999999
9.3379375,1.8782874999999999,17.033625,-2.6278125
2.7841375000000004,7.969262500000001,16.691625000000002,-3.8471875
3.4771375000000004,8.5360375,12.677875000000002,-3.5990625
7.830662500000001,3.9869875,8.070374999999999,-2.2646875
4.4151625,7.414862500000001,6.659625,-2.6828125
5.746712500000001,4.4498125,19.076125,-1.9096875
8.3207125,6.7713624999999995,17.190375,-3.8928125
4.8482875,2.7247375000000003,5.942375,-1.5040624999999999
3.9251125,8.0633125,19.840875,-1.5084374999999999
0.1705375,1.8485874999999998,3.690875,-2.3790625
5.2418125,3.1306375,4.745375,-3.6053125
6.4768375,7.075787500000001,14.891375,-1.6346874999999996
8.2415125,3.4375375000000004,7.281875,-2.7078124999999997
5.4422875,8.3182375,18.463375000000003,-1.9946875
6.974312500000001,0.7620625000000001,7.462375,-2.5340624999999997
4.7220625,5.6848375,16.772375000000004,-2.4865625
9.986387500000001,6.4669375,18.510875000000002,-2.4271874999999996
7.966787500000001,1.2224125000000001,14.796375000000001,-2.3871874999999996
1.6976125,6.2912125,6.3888750000000005,-1.9446874999999997
5.5907875,8.9914375,15.185875000000001,-2.0315624999999997
8.5236625,6.1847875000000005,17.917125000000002,-3.0534375000000002
9.919562500000001,8.1524125,6.1751249999999995,-2.7334375
8.1623125,7.303487500000001,8.825624999999999,-3.3009375
4.3260625,9.4121875,15.466125,-2.6103125
1.0145125000000002,2.4896125,2.831125,-1.8365624999999999
3.7172125000000005,7.333187500000001,6.146624999999999,-1.7165624999999998
2.6232625000000005,5.5437625,17.546625000000002,-2.6090625
3.5315875000000005,3.6058375,7.999125,-3.6928125
2.7692875000000003,5.308637500000001,3.348875,-3.3921875
5.328437500000001,3.8879875000000004,2.4606250000000003,-2.9465624999999998
0.2843875,4.1429124999999996,18.249625,-3.9053125
9.1250875,5.4942625,16.724875,-2.9278125
8.979062500000001,6.2590375,7.490875,-3.8871875
9.0607375,7.610387500000001,17.332875,-1.5159374999999997
0.5888125000000001,1.3387375,11.172125000000001,-1.8328124999999997
2.5490125,4.2914125,4.849875,-2.1734375
2.9474875000000003,0.6531625,9.975125,-3.6490625
4.4448625,0.5120875,7.0871249999999995,-2.2396875
1.2545875000000002,6.3877375,10.407375,-2.4871875
9.9146125,6.1575625,19.693625,-3.1196875
6.1823125,8.6028625,4.664625,-1.9503125
7.810862500000001,0.6482125,10.288625,-2.2878125000000002
4.1132124999999995,9.449312500000001,1.923875,-3.9253125
0.9947125,4.6973125,13.076875000000001,-3.0946875
2.2247875,3.8409625000000003,10.963125000000002,-3.7278124999999998
9.6052375,6.2565625,17.057375,-2.3678125
6.4520875,6.7763125,6.407875000000001,-3.3834375000000003
2.8113625,5.0735125,8.113125,-2.8015625
6.063512500000001,8.627612500000001,3.097125,-3.6953125
6.5312875,2.2718125000000002,10.578375000000001,-3.4109375
1.2174625000000001,9.800762500000001,6.730874999999999,-3.4978125
1.4600125000000002,8.6622625,12.497375,-2.7946875
0.16063750000000002,4.6354375,2.1946250000000003,-3.3571875
7.9445125,4.274087499999999,18.719875000000002,-1.8696875
2.5638625,2.4945625,16.701125,-3.9665625
8.1053875,9.0434125,8.231874999999999,-2.7190624999999997
9.0929125,7.360412500000001,19.066625000000002,-2.1709375
8.6969125,7.5732625,3.296625,-3.9784375
0.2744875,3.7419625,8.013375,-2.2346874999999997
1.1679625,0.3833875,4.113625,-1.9584375
9.5408875,3.9399625,15.993375000000002,-3.6340625
9.9344125,5.6600875,11.053375,-1.7134375
9.078062500000001,3.1727125000000003,13.323875000000001,-3.4971875
1.9847125,2.9524375000000003,4.132625,-2.1409374999999997
4.3112125,9.3280375,15.865125,-3.9040625
6.2466625,9.976487500000001,2.6506250000000002,-2.0296874999999996
9.7364125,3.9102625,1.220875,-3.6190625
7.5064375000000005,3.2915125,6.251125,-2.5896874999999997
9.360212500000001,2.0020375,19.403875000000003,-3.3478125
5.7417625,9.2983375,19.755375,-2.3509374999999997
2.8682875,9.5631625,19.380125000000003,-2.4253124999999995
8.0360875,2.6356375,4.2513749999999995,-2.2165624999999998
6.4966375,6.1278625,12.502125000000001,-3.8190625000000002
0.36358750000000006,2.1802375,4.175375,-3.0715624999999998
8.2811125,4.8755125,19.641375,-2.4153124999999998
1.9797625,9.7265125,7.391125,-3.2740625
3.5390125,0.9848125,2.7171250000000002,-3.5528125
6.793637500000001,4.7418625,14.516125000000002,-3.2796875
0.4922875,2.6554375,19.646125,-2.0390625
8.243987500000001,0.6680125,15.988625000000003,-3.8071875
1.6629625000000001,4.1750875,16.511125,-2.4971875
1.0219375000000002,0.5467375,7.091875,-3.7203125
0.5690125,5.7293875000000005,10.668625000000002,-2.1078124999999996
6.7391875,8.097962500000001,7.505125,-2.5309375
3.5167375000000005,3.3682375,10.925125000000001,-1.9146874999999999
0.6061375,1.9055125,15.608625000000002,-2.9703125
7.845512500000001,7.031237500000001,19.095125000000003,-1.7446875
5.474462500000001,9.3379375,8.873125,-3.9728125
5.3408125,0.6605875,17.375625,-1.5459375
4.9027375,6.073412500000001,4.560124999999999,-2.8203125
2.9821375,9.5235625,16.197625000000002,-3.3234375
7.0485625,2.9945125000000004,11.685125000000001,-1.7309375
7.8529375,9.285962500000002,11.457125000000001,-3.3159375
4.1330124999999995,0.2794375,5.600375,-2.0084375
0.7447375,0.8288875,18.667625,-2.3746875
5.0289625,3.7493875,1.4488750000000001,-2.0365624999999996
4.4324875,9.870062500000001,12.084125000000002,-1.6615624999999996
5.377937500000001,9.6225625,5.8996249999999995,-1.7790624999999998
5.184887499999999,0.9798625,7.961125,-3.7834375
8.7810625,3.9671875,5.362875,-3.8184375
8.4345625,2.3213125,1.477375,-1.5246874999999998
3.6776125000000004,0.9155125000000001,3.8571249999999995,-3.3690625
8.2860625,4.6403875,8.863624999999999,-3.6521875
3.4004125,0.3437875,13.632625000000003,-2.5940624999999997
2.2965625,3.0761875,10.559375000000001,-2.0184375
4.5141625,5.558612500000001,11.989125000000001,-3.3103125
0.8264125,4.073612499999999,7.918374999999999,-1.9596874999999998
7.7786875,5.0339125,10.991625000000003,-2.5159374999999997
0.24231250000000001,9.6126625,1.562875,-2.8153125
0.21508750000000001,6.3803125000000005,2.883375,-2.2753125
3.0415375,8.0954875,10.450125,-3.2565625000000002
5.2393375,6.8777875,6.9018749999999995,-2.5778125
0.29923750000000005,9.5334625,1.7861250000000002,-3.1865625
6.8777875,0.18043750000000003,17.271125,-1.6790624999999997
8.2712125,7.664837500000001,12.316875000000001,-2.5046875
1.0689625,6.702062500000001,8.421875,-3.1334375
7.0807375,6.7094875,9.989375,-1.7340624999999998
2.0663875,7.4717875000000005,17.370875,-1.5728125
2.8039375000000004,9.7537375,16.957625,-1.9640624999999998
9.1102375,7.0361875000000005,12.435625000000002,-1.6734375
4.8284875,4.0414375,18.838625,-3.1128125
7.093112500000001,8.2514125,6.265375000000001,-2.3571874999999998
6.362987500000001,8.9419375,11.119875,-3.3078125
4.6453375,2.8509625,19.299375,-2.8553125
3.3014125,6.023912500000001,7.182124999999999,-2.2021875
6.5659375,5.4521875,3.063875,-3.6784375000000002
5.358137500000001,1.3412125,3.8143749999999996,-2.3190625
1.9327375,3.9201625,14.554125000000003,-2.1896875
4.283987499999999,7.580687500000001,14.824875000000002,-3.4040625
3.2890375,4.1478625,17.974125,-2.3484375
4.8656125,8.4766375,3.648125,-2.1203125
2.2198375,4.4324875,1.7386249999999999,-2.9109375
3.7023625000000004,6.8802625,2.674375,-2.7159375
9.0508375,1.9649125,14.843875,-3.4121875
3.3830875000000002,5.5016875,18.757875000000002,-1.5746875
5.3309125,4.063712499999999,5.2536249999999995,-1.7671875
8.2786375,0.7744375,18.088125,-3.3421875
3.2964625,0.6630625,19.370625,-3.5090625
2.1901375,7.8653125,12.245625,-2.4196874999999998
0.1928125,2.2049875,8.203375,-2.9121875
8.0855875,0.5912875000000001,7.723625,-3.2953125
0.6531625,6.8084875,16.539625,-2.8603125
6.1872625,3.4127875000000003,10.920375000000002,-1.8228125
7.7019625000000005,4.0810375,17.157125,-1.5584374999999997
7.565837500000001,5.8506625,12.226625,-3.6178125
8.7488875,1.9847125,5.068375,-3.5071875
2.3435875,4.8210625,16.340125,-3.9840625
9.3948625,6.254087500000001,12.820375,-3.6996875
3.0068875,8.3850625,9.405125,-1.9778124999999998
2.8237375000000005,8.595437500000001,13.162375,-3.6040625
8.1771625,8.9468875,2.569875,-3.1003125000000002
3.8954125000000004,8.3256625,13.594625000000002,-2.9984375
4.9448125,7.550987500000001,19.418125000000003,-3.3915625
7.3084375,3.6503875,9.205625,-3.9984375
0.3239875,0.7175125,11.523625000000001,-2.6046875
4.4349625,2.8262125,11.267125,-1.5334374999999998
2.0490625,0.8932375,4.360625,-3.7896875
2.6900875,4.053812499999999,17.969375,-3.6290625
4.3706125,1.6431625,12.112625000000001,-1.7990624999999998
0.47001250000000006,2.4920875,7.737874999999999,-3.4378125
6.9297625,5.115587500000001,14.767875000000002,-2.2553125
0.7026625,5.6427625,15.670375000000002,-2.8278125000000003
7.4816875000000005,0.1259875,9.908624999999999,-1.6371874999999996
8.6672125,8.031137500000002,8.616624999999999,-2.6290625
7.981637500000001,3.0786625,17.579875,-2.3634375
2.0564875,7.202012500000001,4.683624999999999,-2.7565625000000002
2.5935625000000004,0.7694875000000001,13.547125000000001,-3.8634375
2.2297375,0.3734875,10.863375000000001,-3.5128125
8.9567875,2.1158875000000004,9.352875,-2.7828125
4.3557625,2.1455875,9.927624999999999,-1.9690624999999997
5.546237500000001,0.7001875,3.5721249999999998,-3.1296875
9.127562500000002,3.6776125000000004,17.261625000000002,-1.5765624999999996
0.3314125,3.2593375,3.529375,-2.4246875
2.0960875,5.3804125,19.513125000000002,-1.6496874999999998
4.5785124999999995,8.2266625,6.317625,-2.9103125
6.2516125,0.7150375,15.836625000000002,-2.3109374999999996
0.37101249999999997,0.8561124999999999,7.514625,-2.8490625
8.7983875,8.8924375,17.936125,-3.0790625
4.1280624999999995,6.744137500000001,8.407625,-2.5253125
0.4328875000000001,2.5193125,4.607625,-2.4828124999999996
6.8381875,3.5612875000000006,19.560625,-3.2421875
8.4469375,3.7741375,18.971625,-3.3003125
2.4079375,9.9245125,4.037625,-3.7084375
4.8037375,5.2517125,11.138875,-3.7440625
6.1303375,1.0912375,3.168375,-3.3978125
4.6948375,6.5164375,16.976625,-2.6228125
3.6751375,0.9130375000000001,15.285625000000001,-1.5340624999999997
2.7470125,4.3557625,6.735625,-2.3496875
8.0039125,5.1032125,4.165875,-3.9715625
6.8307625,8.8132375,14.687125000000002,-2.3328124999999997
8.1870625,0.6234625,11.438125000000001,-2.7084375
8.929562500000001,9.595337500000001,2.085375,-3.9359375
9.686912500000002,5.2393375,11.357375000000001,-3.9246875
5.4620875,3.2964625,9.457374999999999,-3.2765625
0.9600625,2.8014625,8.098875,-1.5440625
3.8607625000000003,6.5461375,13.038875000000003,-3.0690625000000002
6.6104875,4.8507625,5.206125,-1.8759375
9.5928625,9.840362500000001,1.353875,-3.8903125
0.2695375,0.2769625,4.370125,-3.6803125
6.1006375,7.570787500000001,6.692875,-3.3634375
5.3705125,8.870162500000001,16.321125000000002,-2.2853125
2.8138375000000004,2.5267375,15.413875000000003,-2.0984374999999997
1.2050875,6.3110125,13.855875000000001,-1.9015624999999998
7.575737500000001,9.2587375,8.968125,-1.8815624999999998
2.3658625,4.7468125,5.077875,-3.5696875
7.1896375,5.266562500000001,13.271625000000002,-1.9365625
2.0441124999999998,2.7272125,14.896125000000001,-2.8671875
1.7495875,2.1059875000000003,10.393125,-1.7515625
3.1677625000000003,9.1151875,18.016875000000002,-1.9396874999999998
9.3651625,9.4171375,19.650875000000003,-2.0828124999999997
7.365362500000001,2.2940875,6.312875,-2.3734375
6.4991125,4.5314875,18.197375,-3.5840625
8.362787500000001,9.266162500000002,4.0661249999999995,-1.7321874999999998
3.8904625000000004,7.464362500000001,15.917375000000002,-1.7509375
9.3230875,0.3883375,5.752375,-3.4778125
3.3360624999999997,5.8729375,13.328625000000002,-3.2303125
5.3903125,8.9369875,7.932625,-1.6071874999999998
3.0341125,4.1726125,11.623375000000001,-2.0546875
3.2469625000000004,8.7092875,15.926875,-3.4965625
3.6503875,1.2644875000000002,13.247875,-1.7015624999999996
9.7240375,5.0091624999999995,7.704625,-3.4803125
8.919662500000001,2.4128875,14.036375000000001,-2.6171875
0.2621125,8.2365625,15.527875000000002,-3.5396875
7.531187500000001,5.6303875,17.304375,-3.6596875
7.0163875,2.4970375,6.977875,-2.1471875
7.011437500000001,5.7912625,19.921625000000002,-3.6146875
9.9938125,9.8378875,17.921875000000004,-3.8809375
3.5711875000000006,5.979362500000001,18.848125000000003,-2.1159375
0.6333624999999999,7.971737500000001,18.819625000000002,-1.7065625
8.135087500000001,0.9080875,11.965375,-3.6328125
0.9724375,0.7249375,13.361875,-3.0728125
4.6973125,0.6828625,13.423625000000001,-2.9359375
0.7496875000000001,1.1432125000000002,5.619375,-3.1540625
1.8857125,9.691862500000001,19.931125,-3.2490625
5.3234875,9.9641125,12.625625000000001,-1.6234374999999996
0.2175625,7.132712500000001,8.051375,-3.6459375
5.405162500000001,0.7595875000000001,8.184375,-1.9653125
8.4642625,8.3355625,13.775125000000001,-3.3446875
2.6628624999999997,7.5980125,17.043125000000003,-2.9840625000000003
7.244087500000001,5.9051125,9.547625,-2.7978125
1.6283125,3.5192125,7.030125,-3.6465625
4.6997875,3.3014125,4.811875000000001,-1.7646875
7.115387500000001,3.6132625000000003,1.1163750000000001,-2.4671874999999996
8.7662125,7.033712500000001,9.875375,-3.1771875
3.1504375000000002,3.3509124999999997,10.640125000000001,-2.3540625
1.0961875,8.4469375,14.539875000000002,-3.4503125
7.1500375,0.8165125,5.286875,-3.2803125
1.6703875000000001,2.8757125,6.911375,-2.1065625
8.899862500000001,7.041137500000001,8.255625,-2.8246875
4.5908875,0.35368750000000004,19.356375,-1.9784375
7.9271875000000005,3.8929375,10.929875000000001,-2.1659375
7.7737375,3.4053625,16.549125000000004,-2.5984375
6.7466125,9.9121375,12.991375000000001,-2.5890625
4.4250625,8.3058625,5.229875,-3.6978125
9.0236125,0.8957125,18.401625000000003,-3.2034375
6.0758875,3.1157875,6.365125,-3.0303125
8.050937500000002,4.0340125,11.552125000000002,-3.6509375
3.7642375,0.47248750000000006,16.458875,-1.7209374999999998
5.447237500000001,0.1061875,16.924374999999998,-2.0809374999999997
7.8653125,4.1231124999999995,16.354375,-1.7590624999999998
5.598212500000001,8.0261875,5.301125,-2.0203124999999997
6.2813125,0.6185125,19.152125,-3.6884375
3.6899875,1.6654375000000001,8.621375,-3.1690625
9.300812500000001,9.9022375,7.177375,-2.5871874999999998
3.7271125000000005,0.4972375,3.8761249999999996,-2.6284375
9.4641625,6.3654625000000005,9.025125,-3.7003125
4.5092125,9.2389375,13.338125000000002,-2.5515624999999997
7.6029625,4.3310125,14.459125000000002,-3.5665625
3.3509124999999997,3.5291125,4.707375,-3.9990625
3.6305875,4.2419125,5.818875,-1.9815625
6.0511375,8.9840125,6.170375,-2.6840625
