CAPACITANCE,STORAGEK,VSTORAGE,PSICR
8.877,9.632875,1.181125,-2.26525
4.551,8.434375,3.171625,-1.2752499999999998
7.381,8.842375,1.436875,-1.0067499999999998
6.619000000000001,7.490125,3.670375,-1.4082499999999998
4.071,8.114125,2.947375,-1.3632499999999999
5.019,7.399375,3.238375,-2.56625
9.377,8.398375,3.7176250000000004,-2.57775
4.991,8.370625,2.807125,-1.3367499999999999
7.133,8.393125,1.8051249999999999,-1.2627499999999998
2.947,9.587875,3.692125,-2.76925
8.893,8.912875,2.737375,-1.89475
5.663,9.624625,1.565125,-2.1397500000000003
3.3289999999999997,7.223875,2.267125,-2.16925
6.877000000000001,7.602625,1.958875,-2.50725
3.109,7.236625,1.646125,-2.87825
2.729,9.911875,2.563375,-2.04625
4.090999999999999,8.397625,2.082625,-1.2952499999999998
5.213,8.512375,2.6361250000000003,-1.2227499999999998
6.127000000000001,8.573125000000001,2.844625,-2.99075
8.195,7.361125,2.7688750000000004,-2.98975
3.799,9.351625,3.101875,-2.54325
3.129,9.919375,2.0946249999999997,-1.10675
2.283,9.350875,1.5936249999999998,-1.43675
9.971,7.607125,2.6271250000000004,-2.70725
7.805000000000001,7.255375,2.040625,-1.1097499999999998
6.953,8.457625,1.323625,-1.7892499999999998
9.123000000000001,8.697625,3.4273750000000005,-2.86025
5.2509999999999994,9.406375,1.7931249999999999,-2.41025
8.079,8.156875,2.250625,-2.04025
4.5009999999999994,8.010625,2.494375,-2.80575
5.138999999999999,8.317375,2.409625,-1.75175
3.6470000000000002,7.4091249999999995,3.289375,-1.8427499999999999
8.589,9.814375,2.945125,-1.75125
5.865,7.385125,3.685375,-1.45275
9.121,9.929125,1.7226249999999999,-1.8777499999999998
4.311,9.901375,1.437625,-2.46725
6.767,7.040875,2.471875,-2.5612500000000002
2.067,8.501125,3.863125,-1.08425
6.723000000000001,7.043125,2.119375,-1.7967499999999998
9.427,7.638625,1.7113749999999999,-1.55175
9.201,9.837625,2.480125,-1.88475
2.623,7.598125,2.618875,-1.24725
5.867,7.582375,2.689375,-1.0232499999999998
6.457000000000001,7.849375,2.296375,-1.10625
6.1290000000000004,8.814625,2.490625,-1.4042499999999998
3.643,9.194125,2.551375,-1.63025
6.273000000000001,9.754375,1.389625,-1.5767499999999999
2.835,8.189125,2.901625,-1.8052499999999998
9.907,8.715625,1.665625,-1.6802499999999998
3.723,9.344875,1.579375,-1.6517499999999998
9.503,8.932375,3.4798750000000003,-1.50125
5.7170000000000005,8.253625,2.774875,-1.9582499999999998
5.365,7.919875,2.828875,-2.69925
3.917,8.884375,3.334375,-2.59325
3.373,9.556375,3.903625,-2.54175
8.137,9.233125000000001,1.947625,-1.9362499999999998
6.255000000000001,8.432875,2.3053749999999997,-2.78325
3.7809999999999997,9.257125,1.573375,-1.3407499999999999
9.853000000000002,7.295875,2.403625,-1.22925
9.665000000000001,7.982875,3.335875,-1.91875
2.083,8.519875,1.789375,-2.65375
2.811,9.912625,3.1311250000000004,-1.42475
3.919,8.634625,3.9606250000000003,-2.2327500000000002
9.019,8.940625,1.179625,-1.39875
6.505000000000001,7.504375,1.9693749999999999,-2.09675
4.909,7.091875,1.351375,-2.28375
3.153,9.045625000000001,1.814125,-2.37525
2.045,9.512125000000001,2.9346250000000005,-1.94075
3.113,7.064875,1.1436250000000001,-2.02725
3.1929999999999996,7.377625,1.312375,-2.50925
8.907,8.606125,1.011625,-2.60025
7.1370000000000005,8.015875,3.629125,-2.05725
2.539,7.430125,1.842625,-2.2752499999999998
3.769,7.289125,2.115625,-1.9137499999999998
4.186999999999999,9.050125000000001,3.465625,-1.79825
6.2170000000000005,8.711875,3.9268750000000003,-1.96875
6.751,7.166875,1.475125,-1.92325
5.681,7.310875,3.6666250000000002,-1.70075
6.957000000000001,9.755875,1.038625,-2.01375
4.277,9.423625,2.8888750000000005,-2.41275
7.305000000000001,9.524125,1.940875,-1.0567499999999999
5.875,8.717875,3.0763750000000005,-1.79225
9.589,9.893875000000001,1.013125,-1.0767499999999999
9.487,8.336875,3.599125,-2.04425
7.589,8.865625,2.198125,-2.50375
5.333,9.815125,1.756375,-1.2762499999999999
8.605,7.746625,3.2706250000000003,-1.9767499999999998
6.407,8.312875,1.604125,-2.04125
4.493,9.169375,3.383125,-2.66475
7.539000000000001,8.902375,3.5998750000000004,-1.0267499999999998
4.589,7.7833749999999995,3.790375,-1.62675
2.385,8.162125,2.166625,-2.51125
4.115,9.806875,1.404625,-1.6192499999999999
5.013,8.429124999999999,3.1176250000000003,-1.8632499999999999
2.827,7.337875,1.688875,-2.28475
5.545,8.224375,1.233625,-2.65075
7.117000000000001,8.441875,3.755125,-1.0572499999999998
8.567,8.806375,3.8301250000000002,-2.3602499999999997
7.031000000000001,9.854125,1.039375,-2.87675
4.7669999999999995,9.308125,1.426375,-1.9742499999999998
5.579000000000001,9.258625,2.9533750000000003,-1.4402499999999998
9.225000000000001,8.193625,2.0616250000000003,-1.12475
5.388999999999999,9.450625,2.676625,-1.9862499999999998
9.009,7.385875,1.502875,-2.66325
2.559,7.525375,1.018375,-2.63225
9.519,9.676375,3.5856250000000003,-2.35325
6.707000000000001,8.206375,2.078125,-1.6097499999999998
9.735,9.235375000000001,3.8503750000000005,-1.7847499999999998
7.199000000000001,8.247625,1.889125,-2.43375
7.2090000000000005,9.592375,2.728375,-2.73925
4.237,9.735625,1.3828749999999999,-1.47375
4.106999999999999,9.182125,1.798375,-1.36075
9.429,8.097625,3.337375,-2.16475
6.115,8.938375,1.862125,-1.24975
3.747,8.084125,2.318125,-1.7042499999999998
8.883000000000001,9.761125,2.915875,-1.36275
9.165000000000001,7.153375,2.216125,-2.90075
7.281000000000001,8.319625,1.328125,-1.8697499999999998
2.851,9.985375000000001,3.161875,-1.5207499999999998
5.569,9.227125000000001,3.520375,-1.60225
5.991,7.022875,2.930875,-1.1977499999999999
3.339,9.514375000000001,3.692875,-2.50125
5.9830000000000005,9.826375,1.280125,-1.1662499999999998
2.211,7.951375,1.139125,-1.2142499999999998
3.179,9.799375000000001,2.1658749999999998,-2.87525
7.957000000000001,7.227625,3.7543750000000005,-1.11025
5.827,8.387125,3.8676250000000003,-2.11725
2.601,8.258125,2.1876249999999997,-1.71275
4.4030000000000005,9.738625,1.116625,-2.33375
2.169,9.526375,2.1891249999999998,-2.75725
9.093,8.265625,2.8356250000000003,-1.9262499999999998
2.759,9.950125,3.524875,-2.06675
4.907,8.147874999999999,2.9188750000000003,-1.4457499999999999
7.293,7.646875,1.516375,-1.87275
4.087,8.183875,3.1888750000000003,-2.49175
8.795000000000002,7.230625,2.1883749999999997,-1.4297499999999999
2.217,7.6416249999999994,1.136125,-1.76575
3.807,9.289375,3.389875,-1.9017499999999998
7.7250000000000005,7.966375,3.884125,-2.92875
9.635000000000002,8.293375,1.4766249999999999,-1.98125
5.599,8.147124999999999,3.368125,-2.41075
8.013000000000002,7.801375,2.6031250000000004,-1.90675
9.839,9.441625,3.824875,-1.96525
7.165,9.668125,3.967375,-1.65075
6.531000000000001,7.410625,1.1788750000000001,-1.87225
3.401,8.344375,1.100125,-2.3297499999999998
6.253,8.828875,1.398625,-1.94925
4.189,7.483375,1.572625,-1.9662499999999998
7.7170000000000005,7.792375,2.384125,-2.00475
7.671,8.670625,1.561375,-2.61225
2.571,7.426375,2.630875,-1.0372499999999998
8.639,9.451375,3.039625,-2.47125
6.955,9.126625,1.703125,-1.2222499999999998
2.781,8.868625,2.693125,-1.97275
7.795000000000001,9.641875,3.179875,-2.82275
5.729,7.2223749999999995,3.640375,-2.37675
8.583,9.615625,1.838875,-2.91875
6.695,9.300625,1.802125,-1.41125
4.785,7.9708749999999995,1.025875,-2.10675
9.255,8.993125,3.406375,-2.39075
2.447,8.733625,3.135625,-2.52225
3.053,7.099375,1.813375,-2.72775
9.837,9.449125,2.863375,-1.77525
5.913,8.156125,3.449875,-2.50075
6.473000000000001,8.731375,3.3096250000000005,-1.46275
7.893000000000001,8.583625,3.6696250000000004,-2.68175
7.121,7.187125,2.390125,-1.48375
5.2490000000000006,8.173375,2.962375,-1.22375
6.613,9.969625,1.970875,-1.13425
8.007000000000001,8.361625,1.378375,-1.41925
4.269,8.473375,2.673625,-1.4842499999999998
6.841,9.469375,2.358625,-2.6502499999999998
9.069,9.493375,1.923625,-1.25325
3.365,8.365375,3.041875,-2.66775
4.093,8.011375000000001,2.419375,-2.63925
8.919,7.562875,2.032375,-1.77575
3.873,9.422875000000001,1.697875,-2.61125
8.871,8.187625,3.616375,-2.93525
6.2010000000000005,7.090375,1.867375,-1.99525
3.615,8.798125,2.186875,-1.5647499999999999
2.855,7.805875,3.5061250000000004,-2.0067500000000003
7.765000000000001,8.012125,1.530625,-1.63275
4.2170000000000005,7.713625,3.7498750000000003,-1.82225
3.2329999999999997,7.070125,2.253625,-2.66275
8.749,8.346625,3.932875,-2.25175
8.935,7.863625,1.2778749999999999,-1.07825
9.371,8.678875,2.875375,-1.19525
9.077000000000002,7.159375,3.9988750000000004,-2.3922499999999998
3.259,8.414125,1.8358750000000001,-2.54825
7.009,8.935375,1.995625,-2.58825
3.9429999999999996,9.532375,2.6008750000000003,-1.7787499999999998
4.547000000000001,7.448125,3.002875,-1.6217499999999998
5.207,8.660875,3.286375,-1.2147499999999998
3.745,8.413375,2.2123749999999998,-2.77775
8.881,7.619875,2.338375,-2.75625
7.203,8.626375,3.512125,-1.9077499999999998
4.149,8.683375,2.748625,-1.73125
6.947,7.526875,2.207125,-2.03125
5.943,8.630875,2.033125,-2.1102499999999997
8.841000000000001,8.960125,1.7796249999999998,-2.78275
8.677,7.398625,1.9746249999999999,-1.9907499999999998
5.407,9.359125,2.528125,-1.21325
3.573,9.121375,2.9758750000000003,-2.75925
2.939,9.065875,2.015125,-2.49775
4.2010000000000005,9.978625000000001,1.961125,-2.89875
2.553,7.6686250000000005,2.2116249999999997,-2.00275
6.081,7.276375,1.434625,-1.5832499999999998
3.707,8.843875,1.9573749999999999,-1.1457499999999998
5.509,7.581625,1.944625,-2.67925
2.585,7.055125,2.1403749999999997,-1.4077499999999998
4.553,9.706375000000001,2.330125,-2.11775
3.099,8.824375,3.7386250000000003,-1.82375
8.725000000000001,8.178625,1.708375,-2.52375
5.702999999999999,9.339625,3.789625,-2.52325
8.993,7.511875,1.304125,-1.9562499999999998
9.579,7.066375,2.606125,-2.56025
2.721,9.428125,2.853625,-1.23175
8.371,8.667625000000001,3.401875,-1.1957499999999999
4.369,8.481625,2.074375,-2.68925
5.845,7.772125,3.440125,-1.4052499999999999
6.149,8.420875,1.742125,-1.0327499999999998
7.043,7.813375,3.9898750000000005,-2.49375
5.641,9.691375,3.0223750000000003,-1.6722499999999998
7.767,7.165375,1.188625,-1.65025
9.227,9.053125,3.8653750000000002,-2.79325
8.861,9.597625,2.839375,-2.3817500000000003
5.686999999999999,9.011125,1.577875,-2.2592499999999998
4.077,8.738125,1.208875,-2.27675
8.113,8.797375,1.493125,-2.63525
5.131,7.391875,3.308125,-1.1157499999999998
3.227,8.709624999999999,2.060875,-1.41075
7.333,7.463875,2.6713750000000003,-1.65725
5.445,7.083625,2.270875,-1.8912499999999999
3.229,8.801125,2.8011250000000003,-2.99975
5.1370000000000005,8.294875,2.567875,-1.69125
4.619,7.880875,3.7978750000000003,-2.63725
3.795,9.806125,3.923125,-2.05475
7.8790000000000004,7.777375,2.974375,-1.8512499999999998
8.909,7.673875,1.152625,-1.9902499999999999
3.8129999999999997,7.539625,3.2638750000000005,-2.44475
7.007000000000001,9.025375,1.553125,-1.92275
6.281000000000001,9.448375,1.1908750000000001,-1.74375
4.273,7.874125,3.7018750000000002,-1.13075
4.523,8.230375,1.532125,-1.0812499999999998
3.013,9.442375,2.618125,-1.37025
3.5949999999999998,7.898875,3.311125,-1.0792499999999998
2.3689999999999998,9.779125,3.767875,-1.7807499999999998
7.995,9.429625,3.443125,-1.5387499999999998
3.815,7.743625,3.410875,-2.99925
6.389,7.907875,2.852125,-2.22725
6.9430000000000005,9.930625,2.0466249999999997,-2.80525
4.431,8.236375,1.153375,-1.72525
6.981000000000001,7.109125,1.019125,-2.47525
2.847,8.630125,2.427625,-1.2117499999999999
3.545,7.1526250000000005,3.816625,-1.8367499999999999
4.943,9.860125,1.472875,-1.15675
8.427,9.709375,3.184375,-2.77975
6.731000000000001,8.931625,1.253875,-2.17725
7.823,7.307125,1.294375,-2.70975
7.523000000000001,8.051124999999999,2.7178750000000003,-2.90875
2.693,7.676125,3.3861250000000003,-1.5867499999999999
8.891000000000002,8.792875,1.578625,-2.86925
5.243,8.629375,3.8961250000000005,-2.60425
7.533,7.986625,2.348125,-2.36125
9.619,8.738875,3.3028750000000002,-2.36325
3.739,7.155625,2.121625,-2.93075
4.413,7.338625,1.6648749999999999,-2.45525
9.419,7.073875,2.877625,-1.74125
7.535,8.261125,2.474875,-1.6862499999999998
8.789000000000001,8.160625,2.386375,-1.9882499999999999
6.187,8.990125,3.553375,-1.69925
4.947,8.877625,1.241875,-1.28225
6.965000000000001,8.619625000000001,1.082125,-2.13275
8.291,8.107375,2.5311250000000003,-1.1197499999999998
4.415,7.9251249999999995,3.911875,-1.12675
8.785,7.470625,2.161375,-2.77725
6.893000000000001,7.115875,3.005875,-1.34225
3.633,8.791375,2.385625,-1.7502499999999999
9.629000000000001,7.129375,1.013875,-1.33825
2.355,8.113375,3.180625,-1.9177499999999998
5.537,9.926875,2.762875,-1.3007499999999999
8.479,7.310125,2.8191250000000005,-2.60875
9.469000000000001,8.903125,2.294125,-1.75925
5.3309999999999995,8.375125,3.299125,-1.1962499999999998
6.543,9.803125,2.832625,-2.46325
2.907,7.380625,1.787875,-2.0637499999999998
7.271000000000001,9.376375,2.714875,-1.65275
3.219,8.862625,2.355625,-2.88375
7.473000000000001,9.379375,3.5878750000000004,-1.2122499999999998
4.307,9.533125,2.2798749999999997,-1.7682499999999999
9.991,8.632375,3.746125,-2.39675
4.633,7.375375,1.838125,-1.0332499999999998
4.949,7.148875,2.876125,-1.99375
4.7989999999999995,8.954125,3.794875,-1.6332499999999999
8.233,8.051875,3.223375,-2.90575
3.287,7.494625,2.9893750000000003,-1.77925
8.831,9.088375,2.486125,-1.64875
8.777000000000001,7.551625,2.585875,-1.3892499999999999
9.727,7.847125,1.5006249999999999,-1.7447499999999998
2.303,7.493125,1.857625,-2.82625
3.403,7.634875,2.173375,-2.73325
4.915,8.878375,1.778125,-1.58225
2.573,9.548875,1.361125,-1.95275
4.281000000000001,8.228875,2.5206250000000003,-1.18875
8.065000000000001,9.534625,2.138875,-2.83525
2.813,7.002625,2.760625,-2.33325
4.643,9.342625,2.887375,-2.3272500000000003
2.359,9.975625,1.373875,-1.4907499999999998
5.223,7.271125,3.014125,-2.67975
6.023000000000001,8.612125,1.826125,-2.74725
3.441,7.118875,1.273375,-2.95525
4.279,8.142625,3.125125,-2.2127499999999998
3.041,7.647625,1.563625,-1.76125
3.1470000000000002,9.760375,1.898125,-1.1862499999999998
3.239,9.041875000000001,3.274375,-2.73175
7.729,8.088625,3.476125,-1.0772499999999998
2.3810000000000002,7.056625,1.963375,-2.77125
4.519,7.709875,2.321875,-1.2892499999999998
9.479,8.901625,3.027625,-2.94525
6.537000000000001,9.166375,1.344625,-1.8327499999999999
3.671,9.199375,2.431375,-2.84825
2.063,9.345625,2.6488750000000003,-2.13525
7.363,9.246625,3.1521250000000003,-2.22575
4.0649999999999995,8.123125,2.309125,-1.88025
6.1610000000000005,7.146625,2.233375,-1.43875
5.023,7.741375,3.3336250000000005,-2.41875
8.879000000000001,9.370375,2.2596249999999998,-1.72375
7.9350000000000005,9.092125,1.7451249999999998,-1.1412499999999999
4.503,8.923375,1.431625,-2.33275
7.607,7.239625,2.050375,-2.08725
7.087000000000001,7.677625,1.178125,-2.44925
7.633,8.172625,1.755625,-1.2522499999999999
6.995,8.440375,3.864625,-2.20575
8.059000000000001,8.978875,3.182125,-1.4962499999999999
3.581,9.715375,2.3976249999999997,-1.6837499999999999
6.203,9.381625,3.886375,-1.66525
8.031,8.833375,3.814375,-1.7467499999999998
3.6109999999999998,9.908875,1.550125,-1.63675
6.037000000000001,7.493875,3.0036250000000004,-2.47675
2.055,9.105625,3.6088750000000003,-2.03975
4.577,9.561625,1.193875,-2.83875
4.381,9.472375,2.205625,-1.45925
3.2889999999999997,9.236875000000001,1.024375,-2.44525
9.205,8.662375,2.075875,-2.62325
4.481,9.500125,3.665125,-1.17725
3.711,9.749875,1.7211249999999998,-2.66625
6.465000000000001,7.010125,3.744625,-1.32825
7.949000000000001,9.120625,3.895375,-1.50975
4.829,7.916875,3.942625,-1.2442499999999999
2.051,7.903375,1.478125,-1.5712499999999998
7.495,8.137375,2.357875,-2.36475
6.341,8.958625,2.8146250000000004,-2.76175
4.333,9.007375,3.299875,-2.36425
9.439,8.024875,3.7626250000000003,-1.11225
4.557,8.486875,2.894125,-1.53575
9.307,8.763625000000001,1.761625,-1.83575
4.823,7.103875,2.731375,-2.45125
5.718999999999999,9.833874999999999,3.263125,-2.51225
9.625,7.232125,2.418625,-2.39375
3.0789999999999997,9.578875,3.228625,-1.39625
4.569,8.180125,1.438375,-2.98525
4.039,8.840125,2.9556250000000004,-2.36375
6.015000000000001,8.105875,1.580875,-2.33175
4.003,7.371625,3.722125,-2.69875
2.323,7.8771249999999995,3.253375,-1.74575
7.277,7.096375,3.226375,-1.1842499999999998
9.565000000000001,9.275875,1.4136250000000001,-1.62275
8.709,9.131875,2.7921250000000004,-1.2782499999999999
5.005,7.127875,3.201625,-1.58575
7.255000000000001,8.489125,3.3793750000000005,-1.4762499999999998
4.807,9.444625,1.415875,-1.44925
5.133,8.895625,1.3941249999999998,-1.7157499999999999
7.869000000000001,9.002125,3.710875,-2.43925
3.871,7.8568750000000005,1.243375,-1.4237499999999998
9.315000000000001,9.593125,1.949125,-2.41775
2.983,8.134375,2.3436250000000003,-2.19775
2.849,9.186625,1.906375,-1.06425
2.497,9.696625000000001,3.017125,-2.70325
5.179,7.798375,2.4936249999999998,-2.37075
7.127000000000001,9.140875000000001,3.617875,-1.03175
3.247,7.252375,1.860625,-1.6477499999999998
2.8970000000000002,8.222125,2.2558749999999996,-2.31325
3.589,8.456125,2.924125,-1.5532499999999998
9.719000000000001,7.5493749999999995,3.9141250000000003,-1.84575
2.531,9.557875,2.942875,-2.45825
5.295,8.138125,3.8893750000000002,-1.46525
8.499,8.243875,1.036375,-2.78675
7.111000000000001,7.684375,2.137375,-2.76675
9.913,7.841875,3.661375,-2.67675
8.425,9.823375,2.084875,-2.66175
4.9990000000000006,9.673375,2.966875,-2.25225
8.541,8.108875,1.4361249999999999,-2.36875
5.291,8.624125,2.615125,-2.54275
6.869000000000001,7.758625,2.899375,-1.57975
6.401000000000001,7.475125,3.943375,-1.70475
4.805,7.047625,3.7761250000000004,-1.77175
6.243,8.020375,1.010875,-2.54725
9.673000000000002,9.287875,3.907375,-2.88875
7.9590000000000005,7.054375,2.280625,-1.97125
3.839,7.945375,3.747625,-2.96325
2.473,7.915375,2.495125,-2.3897500000000003
9.831,9.517375,1.322125,-1.2157499999999999
4.545,8.777125,3.0711250000000003,-2.13725
8.385000000000002,8.239375,3.4341250000000003,-2.1077500000000002
9.075,8.888875,1.772875,-2.45875
4.475,7.324375,1.848625,-1.8892499999999999
8.591000000000001,8.611375,2.202625,-1.90025
8.527000000000001,8.199625,3.4221250000000003,-1.78625
8.337,8.649625,3.1978750000000002,-1.1337499999999998
6.699000000000001,8.969125,1.942375,-1.9602499999999998
6.421,8.446375,2.401375,-2.61825
9.867,9.031375,2.993875,-1.7207499999999998
7.861000000000001,8.719375,1.4398749999999998,-2.60625
7.555000000000001,7.545625,2.7891250000000003,-1.3287499999999999
6.367,9.026875,3.434875,-1.30575
5.145,8.477875000000001,2.652625,-2.34875
7.349,9.565375,3.2031250000000004,-1.79425
8.815000000000001,8.538625,2.633875,-1.0707499999999999
6.035,9.995875,1.668625,-2.75675
4.617,9.409375,3.740125,-1.7342499999999998
4.936999999999999,8.210875,3.382375,-1.3147499999999999
3.6550000000000002,9.942625,1.673875,-1.8832499999999999
4.245,7.742125,3.3973750000000003,-2.28425
9.889,8.835625,3.580375,-1.47975
3.069,7.790875,1.409125,-2.07225
4.371,8.168875,3.569875,-2.21575
7.803000000000001,7.3401250000000005,1.3363749999999999,-1.1682499999999998
5.121,7.390375,3.5278750000000003,-2.3842499999999998
5.077,7.628125,3.3403750000000003,-1.7282499999999998
9.191,7.984375,1.265125,-2.48775
5.625,9.767125,2.7771250000000003,-1.51925
7.413,7.093375,2.106625,-2.67375
6.1450000000000005,8.557375,3.931375,-2.69625
8.733,7.354375,2.6833750000000003,-1.1012499999999998
9.981000000000002,7.081375,2.657125,-2.4907500000000002
2.423,9.150625,1.829875,-1.7347499999999998
7.503,7.720375,1.040125,-2.87375
9.005,7.964125,1.070125,-1.83775
7.231000000000001,9.479875,2.711875,-2.14825
4.029,7.542625,3.5668750000000005,-2.89725
3.993,9.040375000000001,2.528875,-1.06225
8.191,9.794875000000001,3.8473750000000004,-2.03475
8.867,7.627375,1.122625,-2.15975
9.757000000000001,9.569125,3.9748750000000004,-2.64225
6.541,8.455375,1.375375,-2.3977500000000003
5.225,8.170375,3.4821250000000004,-1.6917499999999999
9.355,7.567375,3.6358750000000004,-2.90625
6.905,8.990874999999999,3.9636250000000004,-2.6782500000000002
5.785,8.030125,1.174375,-1.9637499999999999
3.479,8.565625,3.300625,-1.64675
2.023,8.111875,2.837125,-2.23725
9.583,9.431125,3.7033750000000003,-1.0407499999999998
8.533000000000001,7.519375,2.018875,-2.99425
5.039,8.651125,2.699875,-1.97475
2.933,9.761875,2.335375,-1.51725
3.525,8.480125000000001,1.994125,-2.06825
6.221,9.089875,1.846375,-1.2242499999999998
5.484999999999999,8.486125,2.0938749999999997,-1.5512499999999998
9.113,7.323625,2.891875,-1.3817499999999998
9.785,9.567625,1.954375,-1.49125
2.719,9.616375,3.0921250000000002,-1.56175
7.4270000000000005,7.359625,2.538625,-1.79575
6.165,9.731875,3.513625,-1.7387499999999998
2.767,7.195375,3.3621250000000003,-2.03575
3.309,8.274625,1.822375,-2.94775
2.319,9.273625,1.127125,-2.10925
8.005,9.818875,1.055875,-2.13475
4.452999999999999,7.071625,2.7756250000000002,-2.96225
7.187,9.303625,3.644125,-1.2807499999999998
8.405000000000001,7.840375,1.266625,-1.7907499999999998
6.447,9.090625,1.3318750000000001,-2.13075
8.173,8.618875,1.354375,-1.9597499999999999
8.911000000000001,8.561125,3.2803750000000003,-1.18675
7.829000000000001,8.768875,3.011875,-2.1502499999999998
5.3870000000000005,9.264625,2.423875,-1.9807499999999998
2.189,7.566625,2.6256250000000003,-2.25475
8.103000000000002,7.847875,3.1416250000000003,-2.39175
6.9830000000000005,8.441125,2.536375,-2.59025
2.199,8.499625,1.004125,-1.4102499999999998
4.379,8.517625,3.2848750000000004,-1.73575
5.307,7.209625,3.989125,-1.3537499999999998
4.4350000000000005,7.237375,2.487625,-2.14075
2.681,8.535625,1.853125,-1.5007499999999998
5.577,7.9963750000000005,3.264625,-2.86475
2.087,9.509125000000001,2.591125,-1.47125
5.661,9.466375,1.259875,-1.79775
6.533,7.523875,2.6473750000000003,-2.19975
6.033,7.942375,2.594875,-1.3327499999999999
2.219,7.130125,2.452375,-1.75375
6.719,7.240375,3.461125,-2.23625
7.859000000000001,7.226875,1.104625,-2.8497500000000002
6.369000000000001,7.391125,1.017625,-2.81925
8.691,7.358125,1.5118749999999999,-1.2872499999999998
4.427,7.038625,3.7783750000000005,-1.81975
4.885,9.122125,2.933125,-1.2587499999999998
2.329,9.354625,3.618625,-1.32025
7.825,7.299625,3.5143750000000002,-1.95525
6.867,7.704625,1.939375,-1.95075
6.665,9.994375,2.277625,-2.08625
5.199,8.474875,1.595125,-1.3452499999999998
7.781000000000001,7.589125,3.7273750000000003,-2.09175
7.069000000000001,8.144125,1.767625,-1.8997499999999998
7.755000000000001,9.218875,3.8931250000000004,-1.3432499999999998
7.497000000000001,8.024125,2.7531250000000003,-1.60275
5.009,8.551375,3.5391250000000003,-1.0292499999999998
7.9910000000000005,7.335625,2.370625,-1.9032499999999999
9.605,9.082375,3.532375,-2.76975
5.683,9.593875,2.023375,-1.06575
5.689,9.001375,3.008125,-1.2057499999999999
8.979,8.867125,1.2313749999999999,-2.97425
2.047,8.537125,2.4148750000000003,-1.00575
2.307,9.878125,3.266875,-1.2307499999999998
7.915,7.727125,2.783125,-2.2672499999999998
4.095,8.856625000000001,2.025625,-1.7622499999999999
7.881,8.585125,2.8693750000000002,-2.35425
6.969,7.565875,2.570125,-1.8732499999999999
3.1029999999999998,9.744625,2.615875,-1.44525
3.5149999999999997,9.898375,2.167375,-2.37475
2.315,8.033125,1.185625,-1.26525
5.337,8.204875,1.856125,-1.0287499999999998
4.127,8.813875,1.071625,-1.81575
7.4990000000000006,9.748375,3.8698750000000004,-1.71675
3.5469999999999997,8.169625,2.267875,-1.00175
2.215,9.527125,3.195625,-2.29075
7.899,8.179375,1.577125,-2.65225
4.455,8.886625,1.461625,-1.4282499999999998
3.513,8.494375,3.6448750000000003,-1.6717499999999998
7.365,8.081125,3.7513750000000003,-1.11275
5.734999999999999,9.622375,2.020375,-1.29425
6.013000000000001,8.786125,1.834375,-2.78925
2.201,9.839875,3.371125,-2.62175
7.6530000000000005,8.183125,1.996375,-2.6157500000000002
2.5869999999999997,8.890375,3.3426250000000004,-1.16925
5.853,9.965875,3.825625,-1.4502499999999998
5.218999999999999,9.101125,2.464375,-2.05775
7.325,9.707125,2.462125,-1.72325
5.303,9.954625,2.545375,-1.0872499999999998
7.863,7.419625,1.7818749999999999,-2.25825
4.385,9.742375,1.053625,-1.38025
6.691000000000001,9.260125,1.730125,-1.1512499999999999
2.4130000000000003,8.504125,1.824625,-2.34575
4.971,7.538875,1.919875,-1.30825
6.565,7.316875,2.496625,-2.86175
4.879,9.036625,1.292875,-2.94575
9.237,9.956875,3.827125,-2.45725
5.165,8.257375,1.6401249999999998,-2.85175
8.071000000000002,8.347375,1.983625,-1.9462499999999998
6.881,8.459875,2.957125,-1.96075
6.963,8.251375,3.766375,-2.32825
7.619000000000001,9.277375,1.959625,-1.13275
8.149000000000001,8.072875,2.815375,-2.54025
8.267,8.139625,2.620375,-2.29625
9.643,7.430875,1.067875,-1.8287499999999999
5.803,8.389375,2.264875,-2.22825
4.1370000000000005,7.821625,2.345875,-2.69675
8.905000000000001,7.891375,3.973375,-1.66125
6.111000000000001,8.515375,1.187875,-2.19925
8.629000000000001,8.735875,3.888625,-1.29975
5.670999999999999,9.590125,2.752375,-1.5312499999999998
6.481000000000001,7.406125,3.320125,-2.36175
2.227,9.875875,1.2966250000000001,-1.78325
3.673,8.102125000000001,2.2356249999999998,-2.58725
5.202999999999999,9.011875,2.462875,-2.65825
2.723,8.117875,2.8708750000000003,-2.19375
8.491,7.177375,2.209375,-2.19725
5.349,9.010375,1.730875,-1.56225
4.457,9.824125,1.005625,-1.17125
4.121,8.354875,3.089875,-2.32075
3.705,7.175125,3.625375,-1.4382499999999998
7.743,9.497125,1.192375,-1.59675
2.033,9.167125,1.914625,-2.90975
8.097000000000001,9.215875,2.594125,-1.86075
9.293,8.789125,3.659125,-2.96575
2.865,9.386875,1.419625,-2.72975
5.122999999999999,8.334624999999999,3.489625,-2.0877499999999998
3.1310000000000002,7.696375,3.0006250000000003,-1.66675
4.6850000000000005,7.520125,1.088125,-1.3597499999999998
3.495,7.184875,2.481625,-1.3857499999999998
3.721,8.041375,1.156375,-2.3657500000000002
4.913,8.891125,2.842375,-2.36075
4.037,8.254375,2.990875,-1.7227499999999998
7.3950000000000005,8.363125,1.119625,-2.65475
8.531,7.565125,1.226875,-1.5937499999999998
5.074999999999999,9.254125,2.333875,-2.81825
6.059,7.163875,1.763125,-1.25125
3.501,7.925875,3.653125,-1.5122499999999999
7.493,8.427624999999999,2.088625,-2.58275
5.787,7.012375,1.168375,-1.1437499999999998
2.793,8.215375,1.499125,-1.4257499999999999
9.805,9.079375,1.010125,-1.3012499999999998
2.917,7.443625,2.458375,-2.40125
2.915,7.541125,2.299375,-1.0047499999999998
3.743,7.808125,2.341375,-2.67325
3.0869999999999997,7.640125,3.6126250000000004,-2.32875
4.231,9.022375,1.7751249999999998,-1.42875
9.083,7.168375,3.530875,-2.27975
6.351000000000001,7.514875,1.412875,-1.1112499999999998
7.035,9.238375,3.196375,-1.83375
9.855,7.967875,3.417625,-1.5227499999999998
6.027,9.230875000000001,2.222875,-2.02925
7.051,8.973625,1.8936250000000001,-1.52175
2.967,7.634125,2.489125,-1.70525
2.297,9.587125,3.812125,-2.62625
2.715,9.029875,2.805625,-2.19825
2.513,7.7158750000000005,3.711625,-1.55975
8.297,8.747875,1.103875,-2.88925
7.505000000000001,9.206125,3.7371250000000003,-1.0917499999999998
7.917000000000001,8.867875,1.239625,-1.54625
3.327,9.839125,2.378125,-1.82025
9.967,7.305625,3.9621250000000003,-2.09775
4.355,8.569375,1.613875,-1.32225
9.433,8.693875,2.288125,-2.5692500000000003
8.155000000000001,7.262875,2.383375,-1.8932499999999999
2.089,8.837875,2.456125,-2.75875
5.811,7.202125,1.990375,-1.20475
9.535,9.550374999999999,3.360625,-2.57675
2.8890000000000002,8.048125,1.9536250000000002,-1.3637499999999998
6.471,8.805625,2.087125,-2.49625
2.415,9.474625,3.040375,-1.43475
8.669,7.730125,3.968875,-2.27725
5.0649999999999995,7.652875,2.621875,-1.42925
6.819000000000001,9.809875,1.482625,-1.2562499999999999
7.857,9.071125,1.648375,-2.0092499999999998
2.725,8.468125,1.133125,-2.89325
7.071000000000001,7.914625,3.372625,-1.66275
6.057,9.503875,2.978875,-1.0927499999999999
6.117,8.767375,3.262375,-2.52775
7.681,7.464625,2.337625,-1.1817499999999999
5.7490000000000006,8.507875,1.901875,-2.83675
4.461,9.408625,1.511125,-2.61275
7.041,9.353875,2.527375,-1.5182499999999999
6.689,8.245375,3.338875,-2.66925
7.313000000000001,8.422375,1.692625,-2.04225
4.851,9.743125,2.6023750000000003,-1.1717499999999998
8.519,7.589875,1.790875,-2.13625
4.737,9.589375,3.4918750000000003,-2.58525
7.9670000000000005,7.063375,1.9213749999999998,-1.0892499999999998
5.4830000000000005,8.647375,1.574875,-2.73575
8.633000000000001,7.172125,2.114125,-1.5787499999999999
9.081,7.292875,3.0936250000000003,-1.4677499999999999
3.9269999999999996,8.794375,2.0713749999999997,-2.06725
2.079,8.872375,1.712125,-2.56325
6.899,8.915125,1.213375,-2.0147500000000003
7.9430000000000005,9.259375,1.353625,-2.3032500000000002
7.139,9.375625,1.163875,-1.3397499999999998
3.065,9.293875,2.6293750000000005,-1.6757499999999999
2.419,9.262375,3.298375,-1.05175
3.251,9.387625,3.461875,-1.0172499999999998
2.787,9.610375000000001,2.193625,-1.45525
6.6610000000000005,7.721125,3.8458750000000004,-1.6437499999999998
7.369000000000001,8.783125,3.628375,-2.75375
3.187,8.907625,3.392875,-1.5692499999999998
8.995000000000001,8.741125,1.554625,-1.57775
7.447,7.586875,1.302625,-1.56825
4.585,9.399625,1.895125,-2.69175
5.677,8.131375,1.7338749999999998,-1.75725
7.175000000000001,8.108125,2.957875,-1.5262499999999999
3.921,7.482625,3.113125,-1.27175
5.263,8.783875,1.367125,-2.47225
8.467,7.806625,2.168125,-2.53675
7.521000000000001,9.085375,3.136375,-2.45975
8.387,7.250875,1.697125,-1.1292499999999999
2.171,8.336125,3.5181250000000004,-1.04575
5.1690000000000005,7.283875,3.266125,-2.59275
7.425000000000001,7.184125,3.9171250000000004,-1.9557499999999999
6.941000000000001,9.098125,1.763875,-2.82025
4.945,8.648875,3.072625,-2.66375
2.449,7.632625,1.295875,-2.3112500000000002
5.105,8.879125,3.437875,-1.1137499999999998
3.431,9.596875,1.736875,-2.70425
6.813000000000001,8.405125,3.593875,-2.22325
5.971,8.023375,3.206125,-2.40275
7.221,8.699125,1.349125,-1.2607499999999998
3.049,8.810875,3.2923750000000003,-2.37025
2.311,9.749125,2.1321250000000003,-1.5932499999999998
2.659,7.820875,2.898625,-2.53125
9.007000000000001,9.802375000000001,1.379125,-1.4967499999999998
9.053,9.923875,1.094125,-2.23225
8.391000000000002,8.753875,3.7776250000000005,-2.64025
6.247000000000001,9.063625,1.883875,-2.42575
7.933000000000001,8.101375,1.128625,-2.05825
7.237,9.736375,1.176625,-2.38225
5.895,9.071875,2.6706250000000002,-2.95625
3.205,8.392375,3.6823750000000004,-1.53375
8.801,9.019375,3.308875,-1.07375
2.057,7.829875,3.8323750000000003,-2.06025
5.745,8.849125,2.429125,-2.59425
5.011,7.905625,2.9676250000000004,-1.64825
2.509,7.645375,2.009125,-2.82925
2.987,7.352875,1.926625,-1.62025
2.313,8.424625,1.306375,-1.3192499999999998
6.109,8.324875,3.288625,-1.0912499999999998
2.1390000000000002,8.227375,2.310625,-2.26975
5.127,7.890625,2.569375,-2.80025
4.9350000000000005,7.079875,2.1163749999999997,-1.3757499999999998
9.819,8.994625000000001,3.4963750000000005,-1.00975
4.349,9.770125,2.410375,-2.67875
8.685,8.937625,1.738375,-2.24825
9.929,7.019875,1.487125,-1.3797499999999998
2.475,8.039125,1.673125,-1.00125
8.017,8.115625,3.305875,-1.80425
2.429,8.056375,3.862375,-2.04475
3.7169999999999996,9.006625,2.7208750000000004,-2.0172499999999998
5.7330000000000005,7.742875,1.195375,-1.82425
6.227,9.203875,1.403875,-2.17475
4.813000000000001,8.966125,2.880625,-2.66025
3.605,9.836875,1.691875,-2.08225
4.047000000000001,9.211375,1.164625,-2.83575
5.765000000000001,9.812125,1.889875,-1.88875
3.737,9.313375,1.2028750000000001,-2.87275
7.955,7.508875,1.6408749999999999,-1.8497499999999998
5.209,7.952875,3.407875,-1.4867499999999998
4.3629999999999995,9.644875,3.922375,-1.07175
4.085,7.259875,3.247375,-2.86675
7.851000000000001,7.816375,3.879625,-1.9437499999999999
9.671,9.048625,3.521875,-2.78975
2.391,8.268625,2.808625,-1.7562499999999999
3.7009999999999996,9.455875,2.984125,-1.72725
4.855,8.507125,3.161125,-2.03675
5.083,9.371875,2.112625,-2.57075
7.615,9.902875,3.8113750000000004,-1.81175
4.007,8.154625,2.4591250000000002,-2.01975
8.941,7.917625,2.584375,-1.8187499999999999
6.429,7.585375,1.3558750000000002,-1.72175
9.531,8.689375,3.367375,-1.1297499999999998
5.975,7.4331249999999995,2.420125,-2.56575
7.687,7.351375,2.885125,-1.8477499999999998
2.979,9.293125,3.129625,-1.55575
5.277,9.521125000000001,3.785875,-1.22975
2.629,9.348625,1.247125,-2.04325
7.343000000000001,8.018125,2.971375,-2.96275
9.517,7.481875,3.5151250000000003,-2.26325
2.383,9.100375,1.6393749999999998,-2.49125
2.575,9.855625,3.7506250000000003,-1.5372499999999998
2.625,8.153125,2.347375,-1.02375
5.4990000000000006,8.338375,1.8118750000000001,-2.61075
2.569,8.977375,2.334625,-2.99475
6.133,7.394125,2.223625,-2.73375
4.356999999999999,7.067125,3.779125,-1.84375
7.407,8.516875,3.998125,-2.75025
9.857,8.221375,3.053125,-2.53625
9.357,7.001125,2.364625,-2.96725
6.807,8.467375,3.5871250000000003,-2.48475
8.837,7.073125,2.196625,-2.67225
3.4989999999999997,9.347875,1.112125,-1.4197499999999998
3.565,9.161875,3.359875,-1.32775
7.109000000000001,7.130875,3.8481250000000005,-1.3492499999999998
7.341,8.326375,2.6623750000000004,-1.07575
5.949,7.617625,2.515375,-2.98775
9.481000000000002,8.485375,2.393125,-1.6597499999999998
8.819,7.571125,2.7051250000000002,-2.93025
6.331,7.824625,2.060125,-2.65425
8.099,9.721375,2.704375,-1.0877499999999998
9.859000000000002,9.410125,3.0111250000000003,-1.2382499999999999
7.667000000000001,7.079125,1.247875,-1.5162499999999999
6.715000000000001,7.435375,3.464125,-1.63225
7.913,7.100875,3.8683750000000003,-2.54625
8.397,9.805375,3.8908750000000003,-2.76825
3.2649999999999997,9.529375,3.946375,-2.0932500000000003
6.099,7.031875,2.555875,-1.9342499999999998
8.327000000000002,8.930125,3.556375,-1.7427499999999998
4.473,7.937125,1.850125,-1.07025
7.775,8.836375,2.9863750000000002,-1.3557499999999998
8.805,8.318125,1.138375,-1.55625
8.057,7.994125,1.338625,-1.0652499999999998
3.803,7.220875,3.471625,-2.31175
5.093,8.963875,3.719875,-2.1702500000000002
9.599,7.264375,3.875875,-1.38675
8.319,7.529875,2.519125,-1.53825
2.065,9.566125,3.9501250000000003,-2.70475
4.287,8.042875,1.899625,-2.67425
7.603000000000001,8.117125,1.346875,-2.11425
8.721,9.301375,2.5536250000000003,-2.3432500000000003
4.686999999999999,7.170625,3.3276250000000003,-1.3937499999999998
2.401,9.573625,1.263625,-1.0487499999999998
8.923,9.549625,1.022125,-2.40475
8.545000000000002,9.230125000000001,2.129125,-2.53975
7.843000000000001,9.859375,1.087375,-2.61325
3.043,8.570875000000001,3.272125,-2.3497500000000002
7.119000000000001,8.072125,1.115875,-1.9222499999999998
2.499,7.331875,2.655625,-2.20125
7.223000000000001,8.589625,2.726125,-1.1922499999999998
6.291,9.481375,2.012125,-2.35375
3.771,9.542875,2.923375,-2.60825
8.703,7.700125,3.8563750000000003,-2.63775
6.283,8.873125,2.8581250000000002,-2.54075
7.513000000000001,9.365124999999999,3.990625,-1.76325
3.223,9.422125000000001,3.214375,-1.20325
7.101000000000001,8.054124999999999,1.794625,-1.91475
5.557,7.894375,2.783875,-1.57025
3.379,8.162875,2.486875,-1.00925
4.681,9.374125,1.4878749999999998,-1.10225
6.545000000000001,9.366625,1.280875,-1.09825
7.257000000000001,8.425375,1.032625,-2.10725
9.209,9.092875,3.817375,-2.85025
9.573,7.489375,3.6081250000000002,-1.4727499999999998
8.287,7.157875,3.321625,-1.43725
2.925,9.941125,1.536625,-1.9302499999999998
3.363,7.871875,1.5943749999999999,-2.37575
8.341000000000001,7.4548749999999995,1.420375,-2.04925
9.493,9.863125,2.261875,-2.59575
9.645,9.069625,3.090625,-2.95325
5.519,8.450125,1.232125,-1.1132499999999999
9.627,8.470375,1.442875,-2.0852500000000003
5.007,9.029125,1.788625,-2.1807499999999997
9.865,8.027125,3.694375,-1.49775
3.0309999999999997,9.278875,1.000375,-1.8717499999999998
5.839,7.675375,3.322375,-2.14925
6.783,8.506375,1.469875,-1.5992499999999998
4.923,7.536625,3.0831250000000003,-2.81025
7.787000000000001,8.951125000000001,2.983375,-1.1477499999999998
8.767,7.953625,3.329875,-2.21075
3.6310000000000002,9.892375,2.6076250000000005,-2.16875
6.101,8.330875,3.3516250000000003,-1.3457499999999998
4.574999999999999,9.498625,3.897625,-1.0202499999999999
2.437,7.001875,1.562875,-1.7767499999999998
7.9990000000000006,8.918875,1.806625,-1.79625
3.391,9.418375000000001,2.065375,-2.93225
4.6129999999999995,8.352625,3.505375,-1.03575
7.541,7.217875,1.940125,-1.22775
6.453,9.292375,3.6673750000000003,-1.76375
3.4589999999999996,9.788125,2.003875,-1.99325
4.840999999999999,8.795125,3.5158750000000003,-1.8312499999999998
2.993,7.288375,3.3051250000000003,-1.8007499999999999
6.535,9.419875000000001,1.5298749999999999,-1.94475
9.623000000000001,8.096875,2.0226249999999997,-1.5167499999999998
2.287,7.203625,1.634875,-1.71075
2.529,7.128625,3.114625,-1.03375
7.711,9.454375,2.0841250000000002,-1.31375
8.573,8.852125000000001,3.791875,-2.64375
3.4189999999999996,9.475375,3.6478750000000004,-1.0187499999999998
3.091,8.243125,1.6528749999999999,-1.50375
7.695,7.214875,3.1401250000000003,-2.58225
2.039,8.618125,2.817625,-2.23125
9.089,8.819875,3.953875,-1.9677499999999999
8.753,9.091375,2.499625,-2.38625
4.265000000000001,7.895875,2.606875,-2.25375
2.251,7.3153749999999995,3.536125,-1.8152499999999998
9.513000000000002,9.880375,3.4941250000000004,-2.02775
8.367,9.682375,3.4468750000000004,-1.72575
5.340999999999999,7.543375,1.274875,-2.68225
8.759,9.135625000000001,2.263375,-2.96025
7.239000000000001,9.413875,2.769625,-1.64225
6.771000000000001,9.291625,2.055625,-1.77725
4.739,9.212875,3.168625,-2.86275
8.383000000000001,9.087625,3.1626250000000002,-1.72125
8.495000000000001,9.356875,3.6568750000000003,-1.4202499999999998
6.961,8.045125,3.359125,-2.97575
3.3209999999999997,8.279875,2.169625,-1.18075
3.453,8.384875000000001,1.667125,-1.8837499999999998
2.095,8.044375,2.377375,-2.82175
9.833,7.939375,1.9806249999999999,-2.94625
8.087,9.013375,3.4911250000000003,-1.81425
6.775,8.069125,3.2676250000000002,-2.94475
3.517,7.614625,1.282375,-1.36675
5.879,9.072625,2.1418749999999998,-2.57625
8.063,7.357375,2.5416250000000002,-1.3732499999999999
6.787000000000001,9.713875,3.910375,-1.18325
2.347,7.773625,3.6193750000000002,-2.2487500000000002
9.309000000000001,8.947375000000001,2.360875,-1.44275
2.325,8.909125,2.2813749999999997,-2.06525
2.203,7.346875,1.920625,-1.3292499999999998
4.055,7.389625,1.186375,-1.40075
3.307,8.234875,1.9813749999999999,-1.27375
2.751,7.268125,3.231625,-2.57475
2.763,7.701625,2.632375,-2.83975
2.485,9.015625,3.840625,-1.78575
6.063000000000001,9.188125,1.4646249999999998,-2.74675
2.213,7.139875,3.9441250000000005,-1.68675
7.315,8.578375000000001,3.860125,-2.29025
9.733,7.448875,3.277375,-2.86425
7.125,8.543875,3.310375,-2.73425
5.693,8.218375,1.977625,-2.23575
7.095000000000001,8.957875,3.323875,-2.89475
4.409,7.321375,3.4446250000000003,-2.17225
8.965,8.366125,1.9686249999999998,-2.92175
6.945,8.471875,1.019875,-1.95675
8.243,7.570375,3.9966250000000003,-2.20825
4.901,8.798875,1.395625,-1.6642499999999998
7.077000000000001,9.192625,1.496125,-1.7507499999999998
5.0969999999999995,8.609125,2.288875,-2.88075
5.817,9.665125,3.523375,-2.19475
9.435,7.526125,2.761375,-1.6977499999999999
6.147,9.455125,3.4243750000000004,-2.79775
3.613,8.332374999999999,1.524625,-1.6132499999999999
6.573,9.728125,2.240875,-1.2327499999999998
4.101,8.663125,2.1313750000000002,-1.9357499999999999
7.015000000000001,7.303375,2.564125,-2.96875
2.333,7.207375,2.8236250000000003,-2.31475
9.955,9.247375,1.7001249999999999,-1.60425
8.565000000000001,8.558125,2.156125,-2.12525
5.170999999999999,7.885375,1.427875,-1.5627499999999999
3.503,7.812625,2.2033750000000003,-2.23475
5.957,8.143375,2.3533749999999998,-2.12175
8.967,7.274875,2.416375,-1.3227499999999999
6.747000000000001,7.5021249999999995,3.1986250000000003,-1.1277499999999998
4.439,9.700375000000001,3.2616250000000004,-2.38875
2.621,7.058125,3.5863750000000003,-2.30775
4.259,7.686625,3.2683750000000003,-2.58975
6.223000000000001,9.998125,2.5116250000000004,-1.6012499999999998
4.295,8.406625,2.407375,-2.27425
5.621,7.580125,2.051875,-2.72075
4.175,8.525875000000001,3.977875,-2.65625
5.8309999999999995,8.120875,3.453625,-2.58325
2.6189999999999998,8.357875,2.291125,-1.0022499999999999
8.151,9.601375,1.656625,-1.50175
7.487,7.827625,1.270375,-1.04225
6.007000000000001,7.710625,1.381375,-2.03225
2.255,8.401375,1.866625,-1.51975
9.609000000000002,7.639375,1.883125,-1.2567499999999998
2.6790000000000003,7.659625,3.407125,-1.7222499999999998
4.771,7.115125,2.453875,-2.58575
5.9670000000000005,9.281875,1.497625,-2.34425
4.317,9.956125,1.6873749999999998,-1.8972499999999999
3.551,7.839625,3.476875,-2.83025
5.771,8.006875,1.275625,-1.2042499999999998
3.823,9.127375,1.637875,-1.22175
8.105,8.510125,3.0066250000000005,-1.4557499999999999
2.757,9.251125,3.605125,-2.59175
6.761,8.442625,1.079125,-2.19025
5.737,9.152875,2.5303750000000003,-1.61025
5.391,8.776375,2.336875,-1.92525
8.887,8.765875000000001,3.6576250000000003,-2.14025
4.5489999999999995,7.688875,2.8926250000000002,-1.8232499999999998
2.511,8.963125,3.2338750000000003,-2.04175
5.237,8.311375,1.631125,-2.10875
2.427,7.481125,2.238625,-2.81675
3.909,8.981875,2.5543750000000003,-2.86975
8.951,7.931875,2.5791250000000003,-2.01425
6.641,7.646125,3.0013750000000003,-2.59525
8.889,7.263625,2.153125,-2.32225
5.089,7.104625,1.148875,-1.59475
8.143,7.511125,2.6953750000000003,-1.53975
8.503,8.017375,2.678125,-1.73975
9.301,9.863875,2.228125,-1.6622499999999998
6.557,8.270125,3.833875,-1.74175
4.407,7.553125,1.685875,-2.6397500000000003
8.121,8.736625,2.935375,-2.18025
5.931,8.439625,3.216625,-1.0687499999999999
4.388999999999999,8.582125,3.7258750000000003,-1.33375
9.079,9.704125000000001,3.229375,-2.77425
3.117,9.650875,2.738875,-1.1502499999999998
7.335000000000001,8.744875,2.289625,-1.11825
9.885000000000002,7.332625,2.194375,-1.22325
2.841,7.166125,1.853875,-1.82975
8.353000000000002,8.588875,3.192625,-1.7602499999999999
8.771,8.699875,3.154375,-2.57225
4.631,9.203125,3.4708750000000004,-2.36925
2.041,8.586625,1.471375,-2.87125
3.859,7.532125,3.158875,-2.71825
9.455,8.969875,3.1551250000000004,-2.93875
6.479,9.196375,1.107625,-1.7722499999999999
6.735,7.9243749999999995,2.449375,-2.45775
8.931000000000001,9.269124999999999,3.509125,-1.77125
5.471,9.020125,2.488375,-1.54975
3.7889999999999997,7.656625,2.849125,-1.4662499999999998
9.509,9.095875,3.686125,-2.79925
3.261,8.461375,3.5781250000000004,-2.61975
4.6690000000000005,7.883875,2.5551250000000003,-1.81775
2.075,7.092625,1.445125,-2.40525
8.203,7.913125,3.6456250000000003,-2.12725
4.757,7.006375,1.016125,-1.55825
6.045000000000001,8.531875,3.601375,-2.41825
4.303,8.594875,1.514875,-1.78175
2.205,9.123625,1.060375,-1.48975
2.229,8.705875,3.5166250000000003,-1.57825
7.757000000000001,9.594625,3.9741250000000004,-2.2182500000000003
3.997,8.743375,2.981875,-2.40675
9.783000000000001,9.030625,3.3066250000000004,-2.60925
7.155,7.7353749999999994,2.274625,-1.6212499999999999
8.549,7.407625,2.687875,-2.53275
9.811,8.252125,1.686625,-2.37225
2.105,7.889125,2.730625,-1.7547499999999998
2.705,7.472125,3.4363750000000004,-2.07925
4.803,8.211625,1.356625,-2.90275
6.107,7.296625,2.7898750000000003,-1.2727499999999998
6.207000000000001,7.865125,1.698625,-1.5567499999999999
7.739000000000001,8.750875,2.124625,-1.35075
4.893,9.164125,3.1911250000000004,-2.62675
8.963000000000001,9.346375,2.278375,-1.66075
4.927,8.005375,1.4248750000000001,-1.7567499999999998
9.339,8.043625,1.373125,-2.88725
2.973,7.136875,1.862875,-2.16025
9.401,8.449375,1.414375,-1.2707499999999998
8.219000000000001,7.892125,3.815875,-2.11275
8.163,8.729125,1.6296249999999999,-1.7037499999999999
2.029,7.9026250000000005,3.9261250000000003,-2.09425
8.197,9.269875,1.187125,-1.30025
4.734999999999999,7.928875,3.577375,-2.82125
7.055000000000001,8.547625,2.5836250000000005,-1.68475
5.047000000000001,7.035625,2.1336250000000003,-2.26275
6.603000000000001,7.472875,3.8781250000000003,-1.62225
2.459,7.819375,1.257625,-2.76025
7.431,9.953875,3.887125,-1.2482499999999999
7.777,8.633875,3.945625,-1.9297499999999999
8.813,7.759375,2.411125,-2.40175
8.481000000000002,7.650625,2.368375,-2.84575
4.2330000000000005,9.051625,3.091375,-2.07125
4.952999999999999,8.188375,1.976125,-2.4987500000000002
5.981,9.921625,2.597875,-2.97675
9.463000000000001,8.982625,2.723875,-1.3572499999999998
3.1849999999999996,7.934125,3.8593750000000004,-2.7127499999999998
6.199000000000001,9.249625,3.0216250000000002,-1.6552499999999999
5.4030000000000005,7.852375,3.102625,-2.98225
7.597,9.314875,3.6118750000000004,-2.95175
6.595000000000001,7.393375,3.084625,-2.12325
5.061,8.085625,3.405625,-1.7402499999999999
2.969,9.929875,1.301875,-1.0282499999999999
4.468999999999999,9.152125,3.132625,-2.90525
9.789000000000001,8.450875,3.428125,-1.5587499999999999
2.747,9.133375000000001,1.4953750000000001,-1.02975
9.701,7.004125,3.697375,-2.18975
3.2569999999999997,8.231125,1.984375,-1.0527499999999999
5.149,9.554875,1.415125,-1.53425
3.923,9.924625,1.478875,-1.19325
5.952999999999999,7.355125,3.504625,-2.89675
2.479,8.526625,1.090375,-2.50525
2.525,9.918625,1.2621250000000002,-2.26225
8.761,7.242625,1.5336249999999998,-2.71525
4.019,8.272375,1.8928749999999999,-1.20725
3.893,8.604625,3.688375,-2.2567500000000003
4.051,8.528875,3.980125,-1.87475
2.301,7.745875,2.477875,-1.6072499999999998
7.519,7.036375,3.5848750000000003,-1.15925
9.203,9.791875000000001,3.4003750000000004,-1.72925
7.987,8.843125,1.8688749999999998,-2.00225
5.1850000000000005,9.173875,1.4188749999999999,-1.7912499999999998
8.927,8.091625,2.448625,-2.84225
2.627,9.793375000000001,2.763625,-1.7247499999999998
3.009,9.718375,3.592375,-2.75125
2.343,7.475875,1.955125,-2.17075
5.037,9.143875000000001,2.003125,-2.45625
2.239,9.656125,3.1041250000000002,-1.2087499999999998
4.654999999999999,7.739875,2.034625,-1.5952499999999998
6.2090000000000005,9.286375,2.843125,-1.34875
3.833,9.611125,2.7561250000000004,-2.11475
4.015000000000001,7.826875,2.036125,-1.4537499999999999
4.673,7.198375,2.9301250000000003,-2.30425
6.623,8.568625,1.6011250000000001,-2.93675
9.179,7.706125,2.9316250000000004,-2.78625
5.319,9.490375,3.583375,-1.3427499999999999
9.975000000000001,9.670375,1.768375,-1.62625
7.441000000000001,7.994875,3.758125,-2.29275
4.043,7.085875,2.326375,-1.50575
7.839,8.879875,2.0008749999999997,-2.09825
4.723,7.034875,2.078875,-1.4277499999999999
7.147,9.562375,1.409875,-2.65325
5.631,8.375875,3.439375,-1.30975
9.751000000000001,8.039875,2.985625,-2.68675
3.577,8.158375,3.251125,-1.4822499999999998
3.5709999999999997,8.096125,3.4753750000000005,-1.8167499999999999
6.267,7.796125,1.960375,-2.71125
2.183,8.177125,2.354875,-1.56375
4.183,9.778375,2.654125,-2.27375
3.801,9.047875000000001,1.196875,-1.5022499999999999
2.379,7.076875,2.204875,-2.46075
6.311000000000001,9.515125000000001,1.508875,-2.80475
9.169,9.719875,2.987875,-1.59875
4.271,9.284875,3.964375,-2.29425
9.471,9.881875,2.8603750000000003,-2.64875
8.187000000000001,7.663375,3.5383750000000003,-2.99775
6.549,7.343875,2.7928750000000004,-2.44325
5.585,7.367125,2.5138750000000005,-2.12675
2.677,7.200625,2.920375,-1.3592499999999998
4.083,8.615125,2.363125,-2.02975
3.9989999999999997,8.927125,2.807875,-1.98775
4.801,8.283625,3.9373750000000003,-1.7667499999999998
8.075,9.914875,3.395875,-2.62075
9.311,8.906125,3.1191250000000004,-1.33175
8.587,9.797875000000001,1.934125,-2.6702500000000002
2.145,8.159125,3.260125,-2.11125
4.433,9.872125,1.932625,-2.97525
2.991,8.846875,1.470625,-2.88975
7.1530000000000005,8.531125,1.766875,-1.29775
3.291,9.787375,3.920875,-2.39625
4.205,8.597125,2.4433749999999996,-2.88625
8.393,8.621125,2.042875,-2.53525
9.969000000000001,9.840625,2.2101249999999997,-2.1862500000000002
9.199000000000002,9.287125,2.969125,-1.30225
5.157,9.153625,3.199375,-1.2082499999999998
6.047000000000001,7.190875,1.145875,-2.94975
2.457,7.993375,1.484125,-2.88325
3.323,7.397125,2.643625,-1.6782499999999998
3.407,9.357625,2.751625,-1.47775
9.843,7.528375,3.905875,-2.02825
6.489000000000001,9.157375,3.419875,-2.46925
4.321,9.800875,2.107375,-2.30725
3.689,8.708125,2.6353750000000002,-2.72125
2.9050000000000002,8.002375,3.1281250000000003,-2.67625
7.6370000000000005,9.570625,3.591625,-2.97975
2.547,9.240625,1.694125,-1.9787499999999998
2.789,8.727625,3.794125,-1.6982499999999998
3.255,7.059625,1.216375,-2.3192500000000003
2.107,8.122375,2.612875,-2.73225
4.324999999999999,8.358625,3.0471250000000003,-1.62425
9.835,8.078875,1.309375,-2.65875
9.495000000000001,9.076375,3.030625,-1.4862499999999998
9.765,7.778875,1.392625,-1.91675
3.089,7.037125,3.031375,-2.73775
3.493,8.588125,2.191375,-2.25075
4.535,9.553374999999999,3.477625,-2.91275
9.249,8.176375,2.773375,-2.97075
5.617,7.112875,3.4011250000000004,-1.8637499999999998
6.6450000000000005,8.540125,3.239125,-1.16125
6.855,9.720625,1.633375,-2.58025
5.611,7.095625,2.324875,-1.38825
9.925,7.420375,1.251625,-1.23575
8.217,7.975375,3.626875,-2.92625
4.340999999999999,9.270625,2.550625,-1.71975
5.309,8.933875,1.621375,-1.04425
7.479,9.077125,1.702375,-1.35025
7.7410000000000005,9.999625,2.354125,-2.89925
3.691,7.211875,2.8363750000000003,-1.91325
9.697,9.707875,3.999625,-2.47375
4.8309999999999995,9.407125,2.463625,-2.17375
6.143000000000001,9.227875000000001,1.727875,-1.87075
9.441,7.610125,3.663625,-1.55425
6.671,7.7368749999999995,1.4061249999999998,-1.73175
7.813000000000001,8.906875,2.776375,-2.43575
5.7010000000000005,9.917875,3.038875,-1.71475
7.181,7.530625,1.4758749999999998,-2.50975
6.181,9.886375000000001,2.6053750000000004,-1.53175
2.149,7.790125,1.501375,-1.1917499999999999
7.4430000000000005,9.705625000000001,1.217125,-2.83825
4.729,8.900125,2.396875,-2.16775
5.059,7.364125,1.390375,-1.14275
3.6630000000000003,9.314125,2.307625,-2.27925
6.551,9.792625000000001,2.5896250000000003,-2.19325
7.171,7.462375,2.855875,-2.51925
9.187000000000001,8.710375,3.743875,-1.3992499999999999
2.541,9.560875,1.802875,-1.88225
9.195,7.265125,2.7658750000000003,-2.30375
9.791,9.575125,3.781375,-2.01675
4.7170000000000005,7.615375,1.111375,-2.71375
3.151,7.369375,1.118875,-1.6817499999999999
8.781,8.074375,2.0398750000000003,-2.34775
3.359,9.577375,1.023625,-2.11525
3.779,7.311625,2.054125,-1.1522499999999998
8.627,9.167875,3.7851250000000003,-2.96925
4.765000000000001,7.989625,1.671625,-1.66925
4.167,8.651875,3.954625,-1.9122499999999998
8.423,8.970625,1.997875,-1.3167499999999999
7.039000000000001,9.992875,1.716625,-1.94875
3.533,8.386375000000001,3.934375,-2.56075
5.743,9.134125000000001,3.086875,-1.5302499999999999
9.881,7.214125,1.1376249999999999,-1.24775
2.431,8.869375,1.293625,-1.96475
4.670999999999999,9.412375,3.733375,-1.7482499999999999
6.385000000000001,9.386125,2.911375,-1.42275
9.577000000000002,9.759625,1.870375,-2.52825
7.785,9.753625,3.1866250000000003,-2.75575
6.617,7.476625,1.225375,-1.9887499999999998
8.213000000000001,9.081624999999999,3.144625,-2.70775
9.181000000000001,9.831624999999999,3.2466250000000003,-1.25725
9.303,9.372625,1.6881249999999999,-1.32575
2.093,7.968624999999999,2.593375,-1.85425
8.459,7.751125,2.874625,-1.24525
7.655,8.294125,3.546625,-2.94425
7.657,7.376125,2.770375,-1.3712499999999999
2.3890000000000002,9.763375,2.800375,-2.72575
5.819,8.084875,1.078375,-1.74725
4.883,8.250625,3.456625,-2.27125
9.803,8.008375000000001,1.443625,-1.8852499999999999
5.489,7.687375,1.140625,-2.86875
2.633,8.780875,1.642375,-2.22175
4.599,7.320625,1.3663750000000001,-1.76975
7.973000000000001,8.228125,3.081625,-1.45675
8.707,7.114375,2.143375,-1.90275
6.325,7.682125,3.0501250000000004,-1.81025
6.705,9.925374999999999,3.438625,-2.74125
6.687,9.062125,2.9128750000000005,-1.82775
3.115,8.388625,3.1063750000000003,-1.0127499999999998
2.375,9.558625,1.3311250000000001,-2.40325
4.401,7.289875,2.570875,-1.80825
8.433,9.326875000000001,1.5418749999999999,-2.61025
3.659,7.655125,1.754875,-1.5507499999999999
8.897,7.050625,1.130875,-1.3072499999999998
8.129000000000001,9.272124999999999,3.0733750000000004,-2.24675
2.6950000000000003,8.659375,3.5451250000000005,-2.43675
9.015,7.280125,1.2373750000000001,-1.5002499999999999
3.355,7.376875,3.5908750000000005,-1.39225
8.369,8.036875,2.649625,-2.79625
3.489,7.920625,2.323375,-2.8377499999999998
6.295000000000001,8.813125,3.602875,-2.59625
8.073,9.128875,2.502625,-2.56425
2.3970000000000002,7.411375,2.331625,-2.64675
9.943000000000001,9.538375,2.435125,-1.52775
5.859,9.957625,3.056125,-1.6882499999999998
9.911000000000001,8.778625,3.1648750000000003,-2.0612500000000002
9.437000000000001,9.023875,2.043625,-2.28975
3.3449999999999998,7.423375,3.604375,-1.5727499999999999
3.011,7.718875,3.652375,-1.26925
7.683000000000001,8.861125,3.185125,-1.85825
6.123,9.737874999999999,1.4518749999999998,-1.3517499999999998
3.585,9.894625,2.327125,-2.34925
6.305000000000001,9.687625,2.027125,-2.50825
5.697,8.192875,1.993375,-1.3952499999999999
7.351000000000001,9.574375,2.5881250000000002,-1.5242499999999999
6.067,8.192125,2.076625,-2.26875
2.931,8.073625,1.330375,-1.73775
7.937,7.431625,1.705375,-2.71875
8.409,7.089625,2.451625,-1.3387499999999999
7.939,8.148625,1.597375,-1.57625
9.275,9.884875000000001,2.797375,-2.3512500000000003
6.301,9.263875,2.201125,-1.2347499999999998
4.904999999999999,8.273875,2.096125,-1.63875
8.719000000000001,8.322625,1.5073750000000001,-1.0692499999999998
8.399000000000001,7.685875,3.009625,-1.0817499999999998
7.697,7.126375,1.817875,-2.89575
3.487,9.671125,1.825375,-2.68075
5.761,8.774875,3.1431250000000004,-1.15725
9.295000000000002,8.482375,3.380125,-2.15225
8.561,7.3626249999999995,2.3518749999999997,-1.21125
5.273,7.235125,2.180125,-2.87975
3.461,9.197125,1.337875,-1.0627499999999999
4.567,7.427875,3.137875,-2.1942500000000003
6.539000000000001,7.279375,1.397125,-2.92825
4.573,8.423875,1.808125,-1.8797499999999998
8.895,7.579375,3.134875,-1.71125
6.829000000000001,8.255875,1.221625,-2.29875
5.189,9.620125,2.639875,-1.79975
8.865,7.465375,2.981125,-2.98125
3.767,9.699625000000001,3.579625,-2.82875
4.319,9.773875,1.7293749999999999,-2.48575
7.267,7.337125,2.197375,-1.97075
4.859,7.886125,3.0493750000000004,-2.39925
4.973,8.575375000000001,2.938375,-2.04575
9.787,8.825125,3.3996250000000003,-1.0302499999999999
2.373,9.541375,1.676875,-2.55925
5.593,8.834875,1.765375,-1.8192499999999998
7.707000000000001,9.065125,3.4933750000000003,-1.3187499999999999
9.141000000000002,9.869875,1.935625,-2.26575
2.797,9.582625,2.8341250000000002,-1.0787499999999999
8.631,9.297625,3.088375,-2.21325
2.707,7.248625,1.220875,-1.8937499999999998
8.775,7.018375,2.540125,-2.57975
5.855,8.291125000000001,3.181375,-1.1192499999999999
7.507000000000001,9.221875,3.440875,-1.78225
3.0229999999999997,8.673625,3.501625,-2.38825
4.241,9.980125000000001,3.1093750000000004,-2.15725
7.423,7.781875,1.4016250000000001,-1.9157499999999998
7.593000000000001,9.564625,2.617375,-1.8817499999999998
3.4109999999999996,7.8583750000000006,3.230875,-1.55025
6.799,7.062625,2.114875,-1.03775
4.057,8.132125,2.243125,-1.5612499999999998
8.245000000000001,9.305125,3.837625,-1.06975
4.181,9.641125,2.757625,-1.3577499999999998
8.375,9.518875000000001,2.9436250000000004,-1.98325
6.9030000000000005,7.864375,1.211875,-2.75275
9.659,9.032125,1.972375,-1.6957499999999999
6.417000000000001,9.964375,1.856875,-1.1092499999999998
9.413,8.666125000000001,1.943125,-1.26575
9.445,8.479375,3.1873750000000003,-1.09025
6.361000000000001,8.403625,2.675875,-2.12475
8.607,8.757625,3.0523750000000005,-2.11375
7.003,8.633125,2.933875,-1.71525
4.505,7.341625,2.759125,-1.66725
5.505,9.784375,1.075375,-1.84475
5.411,7.488625,3.086125,-2.34125
2.395,9.449875,1.388875,-2.16325
9.403,8.816125,3.0261250000000004,-2.55025
9.595,8.645125,3.804625,-1.1702499999999998
3.121,9.722875,1.7691249999999998,-2.81875
9.551,9.599125,2.9646250000000003,-2.42275
9.893,9.266125,1.130125,-2.69375
6.121,8.185375,1.515625,-2.33675
9.393,7.156375,2.339875,-2.71625
5.221,8.348125,1.630375,-2.43775
8.833,7.658875,3.7483750000000002,-1.93275
8.617,8.818375,1.7991249999999999,-2.15075
6.031000000000001,8.979625,1.895875,-1.3692499999999999
9.601,8.004625,1.841125,-1.0082499999999999
3.019,8.554375,2.270125,-1.29625
6.563000000000001,8.550625,3.7393750000000003,-1.7382499999999999
2.515,8.885125,1.3431250000000001,-1.3172499999999998
9.547,9.586375,3.899125,-1.6822499999999998
5.643,8.542375,1.538125,-1.52325
6.847,7.6911249999999995,1.5696249999999998,-2.68775
9.539000000000001,8.702875,3.6801250000000003,-2.33125
7.205,8.860375,3.3816250000000005,-1.1217499999999998
8.921,9.953125,3.4093750000000003,-1.5812499999999998
8.539000000000001,9.482125,2.240125,-1.5492499999999998
3.149,9.581125,2.9586250000000005,-2.96775
9.759,8.032375,1.372375,-2.21425
5.234999999999999,8.603875,2.782375,-1.2322499999999998
8.765,8.378125,3.377875,-2.23075
9.905000000000001,9.847375,2.651875,-1.0122499999999999
4.931,9.733375,1.784875,-2.70825
8.623000000000001,8.707375,1.3243749999999999,-2.39425
7.455,8.956375,2.171125,-1.47925
7.583,7.7623750000000005,2.007625,-2.37275
9.011,9.991375,1.209625,-1.3972499999999999
4.053,8.725375,2.190625,-2.53225
6.9590000000000005,7.383625,2.7651250000000003,-2.95425
5.5969999999999995,9.464875,3.362875,-1.44325
9.585,8.240124999999999,3.392125,-2.39025
6.6930000000000005,9.224125,2.7223750000000004,-1.1742499999999998
7.997000000000001,7.901875,1.896625,-1.36825
7.547000000000001,9.537625,1.8643750000000001,-1.49975
2.071,7.183375,3.8691250000000004,-2.00625
5.541,9.426625,1.3821249999999998,-1.12075
5.095,7.258375,1.262875,-2.27825
6.287000000000001,9.362874999999999,3.4318750000000002,-1.75525
5.675,7.862125,1.7061250000000001,-2.48375
2.445,7.520875,1.726375,-2.1237500000000002
7.317,9.404875,1.634125,-1.4987499999999998
5.4510000000000005,7.313125,1.9911249999999998,-2.87425
5.4670000000000005,7.8561250000000005,1.796875,-1.30775
6.437,8.605375,3.5901250000000005,-1.1052499999999998
2.6630000000000003,7.212625,3.2916250000000002,-1.8107499999999999
6.399,8.876875,1.937125,-2.2432499999999997
8.247,9.848125,3.839125,-1.9237499999999998
2.101,7.136125,2.828125,-1.2247499999999998
5.695,9.677125,1.973125,-1.8812499999999999
9.059000000000001,8.281375,3.6433750000000003,-1.54825
8.855,9.551875,2.5071250000000003,-2.18175
4.209,8.891875,2.721625,-1.3347499999999999
9.067,9.438625,2.016625,-2.32325
4.9670000000000005,7.546375,3.314125,-1.2852499999999998
3.331,9.757375,3.641875,-2.54375
9.931000000000001,7.345375,1.728625,-2.18775
7.931,7.979125,1.852375,-1.56025
3.045,7.799125,2.293375,-1.70325
3.439,7.372375,3.242125,-1.8572499999999998
5.343,7.171375,2.313625,-1.35675
8.329,7.667875,3.145375,-1.1232499999999999
6.727,9.179875,3.275875,-2.00775
7.353000000000001,9.664375,1.337125,-2.35725
5.936999999999999,8.093875,3.6336250000000003,-2.74925
4.465,8.961625,2.286625,-2.39875
3.3689999999999998,7.6213750000000005,2.666125,-1.86425
5.253,9.725875,1.598125,-2.41425
2.305,7.807375,2.3496249999999996,-2.70175
5.9030000000000005,7.497625,1.565875,-1.7742499999999999
3.793,8.055625,3.7971250000000003,-1.42325
2.357,9.716875,3.148375,-2.70075
8.849,7.265875,1.250875,-2.53025
3.189,7.175875,1.650625,-1.00725
9.389,9.003625,3.2608750000000004,-1.39425
8.579,8.231875,2.414125,-1.39075
6.4270000000000005,9.843625,1.045375,-2.30825
2.965,8.267125,1.341625,-1.2162499999999998
6.921,9.971125,3.1858750000000002,-2.96525
7.4510000000000005,8.292625000000001,3.3733750000000002,-1.37675
3.945,8.988625,1.911625,-1.01575
6.3870000000000005,8.852875000000001,3.2128750000000004,-1.4397499999999999
6.333,7.699375,1.764625,-1.4182499999999998
7.273000000000001,7.142875,1.616125,-2.85275
9.325,9.041125000000001,2.036875,-2.92475
5.423,8.885875,1.724125,-1.82625
5.963,9.874375,2.870125,-1.97775
8.023,9.872875,2.504125,-1.5977499999999998
6.745,7.651375,3.986125,-2.00825
8.827000000000002,8.208625,3.485125,-1.8132499999999998
3.621,9.184375,1.460125,-2.88025
3.2009999999999996,9.604375000000001,2.921875,-2.76575
8.959,7.379875,3.431125,-2.76325
9.799,8.103625000000001,2.868625,-2.05525
8.975000000000001,9.563125,2.4471249999999998,-1.1117499999999998
5.6129999999999995,7.850875,3.512875,-2.18275
3.0629999999999997,7.318375,3.203875,-1.9967499999999998
9.675,7.224625,2.2258750000000003,-1.65675
5.587,8.779375,2.123125,-1.9117499999999998
6.977,8.492875,1.2546249999999999,-2.44275
6.485,7.672375,3.870625,-1.87025
3.8209999999999997,9.857875,3.956875,-2.83125
9.405000000000001,8.592625,3.722875,-2.57175
7.537000000000001,7.208125,1.091125,-1.30625
5.135,9.130375,1.459375,-1.00375
2.411,8.768125000000001,2.285875,-2.45575
3.0549999999999997,7.254625,2.663875,-1.93075
8.823,7.670875,3.044875,-2.34025
7.501,8.071375,1.691125,-2.97375
9.163,7.142125,1.758625,-2.87625
2.349,9.653125,2.867875,-1.3412499999999998
5.899,9.791125000000001,2.0953749999999998,-2.01575
2.001,8.745625,3.290875,-1.6557499999999998
6.509,9.035125,2.144125,-1.8612499999999998
6.003,9.163375,3.570625,-1.4927499999999998
6.409000000000001,7.329625,1.795375,-1.4767499999999998
5.659,9.540625,3.969625,-2.28325
2.551,9.796375000000001,1.509625,-2.93775
3.0469999999999997,7.9228749999999994,2.9518750000000002,-2.64725
3.231,9.547375,2.679625,-2.23375
9.461,7.928125,2.609875,-2.44975
3.457,9.164875,1.421125,-1.60675
9.501000000000001,7.285375,1.970125,-1.21925
4.824999999999999,9.086875,3.803875,-2.94875
6.041,8.201125,1.583125,-2.05875
5.479,9.202375,1.655125,-1.95875
3.637,8.639875,1.455625,-1.8127499999999999
6.349,9.299875,1.8876249999999999,-1.35275
4.853,9.110125,3.120625,-1.1152499999999999
6.285,7.628875,3.2833750000000004,-2.04275
4.383,7.795375,2.0856250000000003,-2.78125
8.559000000000001,9.402625,2.735125,-2.70025
3.847,9.846625,3.151375,-2.60275
8.739,8.849875,3.159625,-1.78125
3.987,9.220375,2.8228750000000002,-1.7362499999999998
4.484999999999999,7.605625,3.860875,-1.6637499999999998
3.9349999999999996,8.919625,3.2136250000000004,-2.00025
2.857,8.399875,1.907125,-2.87475
4.323,7.933375,3.851875,-2.6477500000000003
5.275,7.774375,3.620125,-1.8792499999999999
6.737,9.866875,2.176375,-2.59225
8.619,7.145875,3.430375,-1.10075
6.851000000000001,7.400875,2.903875,-1.9417499999999999
6.7170000000000005,7.484125,1.385875,-1.7647499999999998
4.308999999999999,8.694625,2.927125,-2.64425
9.507000000000001,9.266875,2.995375,-1.57425
4.4670000000000005,8.830375,3.904375,-1.5772499999999998
8.699000000000002,7.084375,1.748875,-2.26175
3.141,9.460375,1.643875,-2.60325
8.717,9.148375,3.9396250000000004,-2.80975
8.325,7.618375,3.6313750000000002,-1.49375
5.129,9.712375,2.591875,-1.84425
5.891,7.402375,3.394375,-2.36675
9.497,7.284625,1.700875,-1.69275
6.517,7.517875,1.529125,-2.84775
9.691,8.809375,2.362375,-1.56425
3.235,7.757875,2.264125,-1.9922499999999999
6.321000000000001,9.845125,2.147875,-1.85625
6.849,8.837125,3.992125,-1.8412499999999998
4.705,9.358375,3.2946250000000004,-1.7952499999999998
5.173,7.014625,2.9106250000000005,-2.99725
5.473,7.110625,2.6136250000000003,-1.12275
4.411,8.453875,1.473625,-1.6942499999999998
9.521,8.713375000000001,1.069375,-1.84825
8.621,7.182625,3.2091250000000002,-1.4942499999999999
5.269,7.241125,1.0671249999999999,-2.62125
2.143,7.870375,2.477125,-2.37975
8.307,8.628625,2.213875,-2.00375
4.1530000000000005,7.518625,2.8648750000000005,-2.26025
9.329,7.805125,2.430625,-2.41625
4.223,7.017625,2.1636249999999997,-1.0087499999999998
6.357,8.999125,3.707125,-2.99275
5.5649999999999995,9.206875,3.957625,-1.4707499999999998
7.017,7.250125,3.6838750000000005,-1.63425
2.153,9.536125,1.349875,-2.84675
5.327,7.927375,3.898375,-2.55075
5.673,9.620875,1.4413749999999999,-2.77475
2.743,9.014125,3.051625,-1.2507499999999998
8.061,8.469625,1.934875,-2.83075
6.163,7.724125,1.6123750000000001,-1.2847499999999998
4.559,7.193875,2.336125,-2.80125
7.921,9.224875,2.6143750000000003,-1.9377499999999999
6.621,7.220125,3.0943750000000003,-1.43325
9.247,9.312625,2.101375,-1.24925
8.265,9.779875,3.7491250000000003,-2.49425
2.495,9.154375,3.9508750000000004,-1.8872499999999999
8.085,9.961375,1.833625,-2.53775
7.393000000000001,8.155375,3.432625,-1.3957499999999998
7.215000000000001,8.144874999999999,3.507625,-1.10275
6.231000000000001,7.811875,2.7321250000000004,-1.5087499999999998
2.091,7.205125,3.2728750000000004,-2.36975
7.623,8.040625,1.454875,-1.1762499999999998
8.743,8.015125,2.8738750000000004,-2.73825
5.449,9.884125000000001,1.6753749999999998,-2.56875
4.811,8.582875,3.166375,-1.0467499999999998
6.521000000000001,8.915875,2.369875,-2.44175
2.417,8.997625,3.5751250000000003,-1.69475
9.767,8.789875,3.809875,-1.10825
4.497,7.908625,3.581875,-1.0532499999999998
5.375,9.392125,1.229125,-1.6392499999999999
7.877000000000001,8.123875,3.5518750000000003,-1.2802499999999999
6.075,9.683875,1.922875,-1.4497499999999999
2.821,7.381375,3.383875,-2.63125
3.9749999999999996,7.366375,1.142875,-2.30175
3.875,8.396125,1.951375,-2.19075
3.965,9.752125,3.251875,-1.3872499999999999
4.463,8.057875,3.782875,-1.69875
7.647,8.563375,3.0253750000000004,-1.1372499999999999
9.993,8.921875,1.226125,-1.10875
5.191,9.047125000000001,3.695125,-2.92575
3.497,8.723875,2.7298750000000003,-2.52125
7.779000000000001,8.822125,2.345125,-2.93175
3.925,9.194875,1.467625,-2.58075
7.417000000000001,8.235625,3.8196250000000003,-2.65925
8.525,7.7361249999999995,1.328875,-2.13125
6.547000000000001,7.4098749999999995,3.1896250000000004,-1.7782499999999999
7.415,8.607625,1.352125,-2.67275
5.825,9.758875,3.197125,-1.71875
3.901,9.294625,3.1746250000000003,-1.31425
9.707,8.540875,3.672625,-2.89625
4.611,7.540375,1.6761249999999999,-1.31025
2.371,8.298625,2.9991250000000003,-1.92075
3.319,9.873625,2.432875,-2.23175
6.105,9.646374999999999,3.311875,-2.1342499999999998
6.277,7.460125,1.021375,-1.88275
3.3369999999999997,8.433625,1.127875,-2.62775
6.265000000000001,8.490625,3.6238750000000004,-2.31875
4.375,8.549875,2.261125,-1.4262499999999998
9.587,8.240874999999999,2.500375,-1.8267499999999999
9.459,7.698625,2.180875,-1.97575
9.615,8.522875,2.2971250000000003,-2.06275
3.245,9.947875,2.2341249999999997,-1.17275
8.095,9.005125,1.362625,-1.0507499999999999
3.213,9.746125,2.658625,-2.72725
4.009,7.480375,1.322875,-2.34375
5.590999999999999,9.947125,3.720625,-1.97925
2.765,8.443375,3.123625,-1.9542499999999998
2.011,7.387375,2.791375,-1.6172499999999999
7.981000000000001,9.848875,3.219625,-1.8657499999999998
5.297000000000001,8.083375,2.089375,-2.21875
7.751,9.416875000000001,2.086375,-1.35875
8.945,9.109375,3.7266250000000003,-2.95675
3.341,8.866375,1.949875,-2.45075
4.561,7.469125,1.890625,-2.73475
7.297000000000001,7.356625,2.3293749999999998,-2.92125
6.7090000000000005,8.975875,3.782125,-1.3352499999999998
4.515000000000001,7.654375,2.944375,-2.68975
5.287,7.967125,1.279375,-2.84375
2.159,9.410875,2.3998749999999998,-2.78025
2.141,7.763875,2.727625,-2.14425
8.435,7.2463750000000005,1.298875,-2.5997500000000002
2.331,8.437375,2.891125,-1.42525
9.715,9.908125,2.054875,-2.44025
9.105,7.577125,2.159875,-2.95975
2.269,8.369875,3.701125,-1.6432499999999999
9.895,7.550875,2.042125,-1.8597499999999998
5.575,9.877375,2.6113750000000002,-2.90175
2.015,8.184625,2.888125,-2.48075
8.305,8.448625,3.626125,-1.7627499999999998
3.191,9.253375,3.0808750000000003,-1.2107499999999998
9.185,9.395875,1.177375,-2.4467499999999998
9.561,8.732125,2.603875,-1.01525
7.2250000000000005,8.408125,2.8108750000000002,-2.81625
2.483,8.225125,1.370875,-2.47275
8.175,7.977625,2.890375,-1.14225
2.503,9.910375,1.832875,-1.7002499999999998
8.431000000000001,7.421125,1.555375,-1.49325
9.655000000000001,7.9716249999999995,1.072375,-1.6457499999999998
2.185,7.985875,1.772125,-2.81275
8.133000000000001,8.462125,3.426625,-1.5202499999999999
9.863,8.328625,3.805375,-2.18525
6.9190000000000005,8.510875,1.821625,-2.25625
2.265,9.113125,2.6166250000000004,-1.41675
6.4830000000000005,8.089375,2.820625,-1.05425
3.4909999999999997,8.672875,2.778625,-1.1552499999999999
5.461,9.311875,3.9958750000000003,-1.03625
3.713,8.140375,3.177625,-2.86725
5.355,9.416125000000001,3.1438750000000004,-1.6017499999999998
4.031000000000001,8.521375,2.204125,-2.75075
6.647,9.356125,2.039125,-2.26375
5.6370000000000005,8.904625,2.521375,-2.85675
9.049,8.198125,3.852625,-2.70525
8.615,9.401125,2.468125,-1.38425
2.839,7.442875,3.536875,-2.22775
7.389,9.098875,3.149875,-2.11625
6.151000000000001,8.690875,3.650125,-1.5467499999999998
9.937000000000001,8.349625,1.384375,-2.75825
6.355,8.256625,1.097125,-2.82575
6.763000000000001,8.016625,2.6743750000000004,-2.7752499999999998
3.557,7.835875,1.672375,-1.6777499999999999
4.747,8.182375,3.535375,-1.2907499999999998
8.769,8.591875,1.592875,-1.3497499999999998
5.143,8.981125,2.937625,-2.58475
6.973000000000001,8.435125,1.009375,-2.07525
9.575,9.421375000000001,1.532875,-1.40875
9.277000000000001,8.784625,3.8091250000000003,-1.0492499999999998
7.885000000000001,8.770375,3.742375,-2.94375
3.271,9.175374999999999,2.525125,-1.8387499999999999
9.333,9.675625,3.3396250000000003,-1.5082499999999999
2.007,8.765125000000001,1.268125,-2.00875
3.911,9.790375000000001,1.399375,-1.1442499999999998
8.969000000000001,8.735125,1.246375,-2.93575
9.781,9.923125,2.332375,-2.48325
7.401000000000001,9.669625,2.818375,-1.9517499999999999
5.433,8.021875,3.3636250000000003,-1.51575
3.1609999999999996,7.350625,1.591375,-1.2462499999999999
2.009,9.614125,2.687125,-2.10425
6.657,9.829375,3.335125,-1.2787499999999998
9.041,8.574625000000001,1.660375,-1.78425
6.795000000000001,7.215625,1.985125,-2.51975
2.461,9.275125,3.857875,-2.77925
8.021,7.490875,2.926375,-1.5247499999999998
4.975,8.203375,3.545875,-2.68275
7.679,7.327375,2.3893750000000002,-1.3027499999999999
9.761,8.610625,2.126125,-1.39825
2.025,7.015375,3.7806250000000006,-1.9322499999999998
8.701,8.751625,1.506625,-2.45175
8.249,9.591625,3.0463750000000003,-1.67925
5.167,8.006125,1.329625,-2.56475
2.971,8.888125,2.408875,-2.58125
9.613,8.226625,3.992875,-1.7142499999999998
2.557,7.199125,3.042625,-1.2177499999999999
6.561000000000001,7.754125,2.7681250000000004,-2.40975
7.049,7.595125,3.568375,-1.99725
2.451,8.036125,3.7738750000000003,-2.41725
2.805,7.180375,1.208125,-1.31625
2.737,7.834375,3.3553750000000004,-2.10825
4.865,7.961125,3.506875,-2.72175
3.085,7.573375,2.3668750000000003,-2.54775
8.157,9.272875,2.103625,-2.83625
9.347000000000001,9.322375000000001,1.079875,-2.29975
9.273,9.801625,3.894625,-1.1602499999999998
9.633000000000001,7.336375,2.160625,-1.87825
6.555000000000001,7.979875,3.9156250000000004,-2.92325
8.577000000000002,8.331625,3.4573750000000003,-2.67175
5.231,9.195625,1.012375,-2.37125
4.234999999999999,9.583375,3.9051250000000004,-2.55825
8.345,8.216125,2.021125,-2.01825
7.9750000000000005,8.887375,3.9126250000000002,-1.19675
4.987,7.895125,1.407625,-2.80275
8.449000000000002,8.752375,2.897125,-1.7972499999999998
9.037,8.300875,1.223125,-2.90825
2.825,9.108625,3.908875,-2.17125
2.803,8.675125,2.865625,-2.90725
7.059,8.079625,3.0951250000000003,-1.6032499999999998
2.099,8.666875000000001,2.9998750000000003,-2.55425
5.567,7.957375,3.975625,-2.62475
2.749,9.786625,2.972875,-2.46125
6.7250000000000005,8.807125000000001,3.7416250000000004,-2.51375
2.669,7.333375,2.5446250000000004,-2.74825
8.343,8.622625,3.6096250000000003,-2.2047499999999998
9.827000000000002,9.185125,3.0231250000000003,-2.56275
9.841000000000001,9.711625,1.105375,-1.84675
9.961,8.708875,2.249875,-2.91725
8.009,9.853375,1.741375,-1.83825
4.391,7.262125,1.720375,-2.42725
9.637,8.296375,3.885625,-1.5472499999999998
8.731000000000002,8.600125,3.130375,-2.08175
2.899,9.960625,2.8618750000000004,-2.24225
8.177,7.243375,2.7711250000000005,-1.13475
5.079,7.712125,2.640625,-2.82225
5.525,8.762875000000001,1.493875,-2.40925
5.877,9.217375,3.0021250000000004,-2.35575
9.985,7.901125,2.755375,-1.80575
9.173,7.658125,2.434375,-1.0387499999999998
7.311000000000001,9.456624999999999,2.824375,-2.99675
6.853000000000001,9.658375,1.429375,-2.19175
5.897,8.149375,1.003375,-2.78425
9.055,7.780375,1.2493750000000001,-1.4807499999999998
7.001,9.654625,2.017375,-2.50275
5.709,9.584875,3.807625,-2.90325
3.0949999999999998,8.383375000000001,2.5423750000000003,-2.46525
3.961,7.833625,3.9478750000000002,-2.69225
4.647,9.803875,2.420875,-2.35675
9.085,9.522625,3.2878750000000005,-2.30925
8.553,7.532875,3.7753750000000004,-1.55775
4.649,7.947625,1.358875,-2.2977499999999997
7.675000000000001,8.792125,1.638625,-1.6372499999999999
8.445,8.505625,1.236625,-1.95325
4.173,7.5973749999999995,1.7811249999999998,-1.6617499999999998
5.7669999999999995,7.929625,2.192125,-2.38925
7.107,7.457875,1.6356249999999999,-2.80375
2.599,7.733125,1.587625,-2.10075
7.551,9.609625000000001,3.4228750000000003,-1.38875
7.581,8.098375,3.7731250000000003,-2.79175
8.933,7.070875,2.476375,-2.91225
7.457000000000001,7.841125,1.886125,-2.99175
3.1390000000000002,8.384125000000001,2.1861249999999997,-1.0997499999999998
4.872999999999999,8.978125,3.617125,-1.3852499999999999
5.707,8.504875,1.002625,-2.53325
5.311,7.124125,2.6863750000000004,-1.4582499999999998
8.465,7.997125,1.753375,-2.18425
8.799,7.982125,1.658125,-2.90775
5.356999999999999,8.086375,2.552125,-2.27575
8.853000000000002,7.739125,2.762125,-2.55575
5.429,7.108375,3.522625,-1.1332499999999999
5.651,7.963375,3.8541250000000002,-2.57575
7.485,7.789375,2.526625,-2.87725
3.3529999999999998,8.190625,3.0133750000000004,-1.2767499999999998
4.073,7.6903749999999995,3.062125,-2.95925
9.593,8.310625,2.642875,-1.0352499999999998
2.337,7.866625,3.713875,-2.93325
9.063,7.888375,3.944875,-2.52275
4.0489999999999995,9.838375,2.663125,-2.01025
3.627,8.716375,3.312625,-1.7137499999999999
6.663,8.174125,2.5768750000000002,-1.6092499999999998
2.951,8.018875,3.818125,-1.50725
4.629,7.510375,3.1161250000000003,-2.97825
5.0009999999999994,7.2688749999999995,1.496875,-1.0632499999999998
7.553000000000001,7.804375,1.070875,-1.27575
5.6530000000000005,7.6896249999999995,1.604875,-1.9617499999999999
7.713,9.337375,2.262625,-2.66975
4.247,7.955125,2.9098750000000004,-1.6257499999999998
2.985,9.952375,3.734125,-2.42425
9.567,7.201375,3.9411250000000004,-1.8557499999999998
5.9990000000000006,9.785875,2.543875,-1.1177499999999998
5.917,9.425875,2.5063750000000002,-1.4317499999999999
3.6689999999999996,7.823125,2.996875,-2.85075
5.881,9.608125000000001,2.8956250000000003,-1.0147499999999998
9.029,9.371125,1.567375,-1.91075
3.939,9.028375,1.303375,-2.48675
7.089,8.445625,2.222125,-1.3532499999999998
8.029,8.444875,3.8068750000000002,-1.3832499999999999
6.087000000000001,8.063125,3.0981250000000005,-2.81375
4.920999999999999,7.228375,1.468375,-2.10025
5.821,8.756875,1.290625,-2.2807500000000003
2.6470000000000002,8.047375,1.575625,-1.3677499999999998
6.299,8.345125,2.069125,-2.62925
5.115,9.485875,3.6328750000000003,-2.02625
9.717,8.702125,1.230625,-1.3772499999999999
7.527,8.612875,1.928875,-2.10625
2.177,8.099875,1.307125,-2.48175
8.915,7.253125,1.776625,-2.94825
5.989,9.780625,3.4678750000000003,-1.86675
9.035,9.560125,2.1621249999999996,-1.80375
9.871,9.771625,1.199875,-2.0452500000000002
3.761,7.138375,3.466375,-2.57525
3.977,8.212375,2.067625,-1.14475
4.839,8.102875000000001,1.674625,-1.05825
9.219000000000001,7.500625,2.968375,-1.23325
5.6690000000000005,8.974375,1.759375,-1.14075
6.9750000000000005,9.374875,3.746875,-1.6337499999999998
7.421,7.592125,1.491625,-1.04625
4.583,8.000125,1.2141250000000001,-2.0692500000000003
3.181,7.937875,1.064875,-2.22975
9.411000000000001,7.912375,1.124125,-1.2267499999999998
8.675,7.078375,1.884625,-1.2732499999999998
4.621,8.282125,2.819875,-2.17875
3.7969999999999997,7.752625,1.913875,-1.6037499999999998
6.523000000000001,8.695375,2.0376250000000002,-1.68275
4.7490000000000006,7.009375,1.901125,-2.55625
9.797,9.104875,1.659625,-1.28375
9.117,7.478125,3.5541250000000004,-1.1472499999999999
7.761,7.238875,2.405875,-1.82825
8.655000000000001,8.684875,2.444125,-2.76075
7.855,7.386625,1.184875,-1.12875
9.137,9.681625,2.726875,-2.73675
6.631,8.944375,3.0688750000000002,-1.5267499999999998
2.507,8.153875,3.3043750000000003,-1.2742499999999999
7.4910000000000005,9.519625,1.339375,-1.5607499999999999
7.291,7.368625,1.148125,-1.6157499999999998
2.753,9.672625,3.6816250000000004,-2.06575
4.417,9.889375000000001,1.747375,-1.8977499999999998
4.491,8.502625,3.459625,-1.9382499999999998
5.793,7.868125,2.9781250000000004,-1.54175
4.9510000000000005,7.074625,3.8811250000000004,-2.87225
3.463,7.033375,2.588875,-1.90875
7.599,9.827875,1.585375,-2.42225
6.397,7.404625,2.8131250000000003,-1.1877499999999999
4.929,8.297125,2.5198750000000003,-1.57225
5.888999999999999,8.640625,1.661875,-2.22025
3.269,9.075625,1.483375,-2.54575
2.955,8.394625,1.268875,-2.76375
5.813000000000001,9.097375,3.2968750000000004,-1.11425
9.723,8.453125,3.665875,-2.29825
5.427,8.428374999999999,3.495625,-2.79225
5.679,7.297375,1.113625,-2.57425
6.393000000000001,8.216875,1.777375,-2.77175
3.7249999999999996,8.232625,3.8421250000000002,-2.67075
8.757000000000001,8.503375,2.501875,-2.60975
5.177,9.559375,1.985875,-1.58625
5.003,8.233375,3.7296250000000004,-1.51775
2.605,7.460875,1.5703749999999999,-2.28575
4.011,8.811625,1.786375,-2.03625
8.315000000000001,8.959375,1.790125,-1.4442499999999998
6.923,9.149875,1.3251249999999999,-2.07675
8.115,8.421625,2.9406250000000003,-1.3737499999999998
6.259,8.290375000000001,1.717375,-1.89025
2.801,9.149125,3.611125,-2.40075
2.911,8.048875,3.712375,-2.05425
4.6370000000000005,8.284375,2.4388750000000003,-2.0772500000000003
5.521,9.171625,2.951125,-2.39275
8.283000000000001,7.019125,3.250375,-2.00425
3.537,9.384625,3.880375,-2.68475
9.683,9.997375,1.2148750000000001,-2.21625
9.217,7.583875,2.795875,-2.85625
9.365,9.782125,3.411625,-1.34475
6.803000000000001,7.881625,2.5686250000000004,-2.61925
5.193,8.213875,1.762375,-1.66475
6.515000000000001,8.404375,2.8161250000000004,-2.01325
9.933,8.195875000000001,3.2571250000000003,-1.1757499999999999
6.275,9.856375,2.3991249999999997,-1.3977499999999998
6.587000000000001,7.988125,3.326125,-2.63575
7.721,8.520625,2.125375,-1.31225
3.895,7.960375,1.785625,-2.02075
5.329000000000001,8.380375,1.812625,-2.62575
4.989,8.894125,3.183625,-2.78775
6.915,8.126875,2.879875,-2.50175
6.1850000000000005,7.045375,1.283875,-2.93475
2.225,7.9701249999999995,1.505125,-1.48175
9.235,7.273375,3.815125,-1.0807499999999999
3.2249999999999996,9.216625,3.3988750000000003,-1.9057499999999998
4.959,8.903875,3.883375,-1.6312499999999999
8.783000000000001,9.282625,1.836625,-1.1722499999999998
6.439,8.258875,1.445875,-1.9482499999999998
5.807,9.433375,2.690875,-2.36775
5.0169999999999995,8.321875,3.3523750000000003,-1.83175
4.021,9.958375,2.198875,-2.83375
6.971,8.599375,2.969875,-2.60175
5.339,8.750125,1.080625,-1.7022499999999998
7.329000000000001,9.614875000000001,2.4231249999999998,-2.42775
7.327000000000001,8.431375,1.102375,-2.29375
7.571000000000001,7.205875,2.120125,-2.91175
7.821000000000001,8.638375,1.2726250000000001,-2.06075
4.135,8.846125,3.5511250000000003,-1.16525
6.883,7.670125,2.644375,-2.18225
2.167,9.440125,1.385125,-1.00525
8.651,8.416375,1.780375,-2.25575
2.477,9.488875,1.6273749999999998,-2.30225
9.739,8.613625,2.283625,-1.26375
8.845,7.442125,1.057375,-2.32575
4.253,7.147375,3.344125,-1.0412499999999998
9.545000000000002,7.174375,3.958375,-2.86125
7.6290000000000004,8.271625,1.396375,-1.76525
5.106999999999999,7.9978750000000005,3.5421250000000004,-2.72275
6.3790000000000004,7.022125,1.931875,-1.0992499999999998
4.023,7.653625,3.919375,-1.6152499999999999
7.731000000000001,8.476375,2.4133750000000003,-1.1057499999999998
7.143000000000001,7.948375,1.830625,-1.0447499999999998
3.433,8.820625,2.090875,-1.6472499999999999
9.099,7.026625,1.223875,-1.6562499999999998
3.819,8.740375,1.743625,-2.27225
2.127,8.518375,2.8468750000000003,-2.22675
6.477,9.854875,3.077125,-1.7097499999999999
7.4190000000000005,7.496875,2.356375,-2.93975
3.107,7.031125,1.644625,-2.73525
4.479,9.725125,2.170375,-2.16675
6.993,9.962125,2.6983750000000004,-2.78575
7.889,7.436125,3.078625,-1.88075
5.843,7.988875,2.879125,-1.26775
9.983,8.799625,3.892375,-1.61275
9.647,9.425125000000001,3.5428750000000004,-2.55475
8.857,9.821125,1.965625,-2.97775
8.475000000000001,8.064625,2.384875,-2.2262500000000003
4.471,8.696125,1.245625,-2.3217499999999998
8.167000000000002,7.463125,1.001875,-2.49675
4.305,7.300375,3.899875,-1.50925
4.297000000000001,7.116625,2.712625,-2.25975
8.661000000000001,9.134875000000001,1.712875,-2.23325
7.6930000000000005,7.505875,1.7466249999999999,-2.00725
4.791,7.799875,3.241375,-2.81425
4.941,8.066125,1.096375,-2.52475
3.203,7.729375,2.372125,-1.2792499999999998
7.627000000000001,8.363875,3.5646250000000004,-2.85925
9.849,9.353125,3.1506250000000002,-2.79075
3.599,8.165875,2.708875,-1.3777499999999998
7.791,8.918125,1.757125,-2.59775
5.789,7.946125,3.193375,-1.5352499999999998
3.4829999999999997,9.885625000000001,1.749625,-1.5067499999999998
9.175,7.441375,3.488875,-2.88175
4.663,7.679125,2.6511250000000004,-1.93325
3.465,7.145125,3.791125,-1.83625
4.063,7.730875,3.5758750000000004,-1.0952499999999998
7.901000000000001,7.580875,1.828375,-2.98675
3.393,8.105125000000001,3.067375,-2.27175
4.221,9.717625,3.295375,-1.90825
5.401,9.463375,1.975375,-1.4687499999999998
8.235,9.511375000000001,3.9006250000000002,-1.5187499999999998
8.851,9.651625,2.379625,-1.8952499999999999
6.791,9.308875,1.4998749999999998,-1.17925
7.579000000000001,8.120125,2.715625,-2.08925
6.721,8.318875,2.924875,-2.50875
5.603,9.244375,2.9751250000000002,-2.68375
9.091000000000001,8.943625,1.666375,-2.15775
3.2489999999999997,7.709125,1.315375,-2.00325
6.469,7.976125,1.318375,-2.4522500000000003
5.503,7.601875,2.921125,-1.58775
5.795,8.491375,2.5806250000000004,-1.9782499999999998
7.723000000000001,9.214375,2.946625,-1.13625
9.265,9.630625,1.222375,-1.93675
8.673,7.649875,2.1178749999999997,-1.1037499999999998
8.181000000000001,9.684625,3.9021250000000003,-2.20375
2.193,9.659875,1.340125,-1.3357499999999998
4.537,9.136375000000001,2.465125,-2.60725
9.177,7.697875,2.680375,-2.06625
6.195,8.276125,2.2956250000000002,-1.2467499999999998
5.777,7.610875,2.573875,-1.15875
2.195,8.624875,3.5841250000000002,-2.85825
7.227,9.887875000000001,3.155875,-1.2832499999999998
7.7490000000000006,9.602125000000001,1.301125,-2.49575
3.101,7.8103750000000005,3.018625,-2.06475
8.355,9.629875,3.529375,-2.63825
4.8629999999999995,9.926125,1.205875,-1.3107499999999999
8.193000000000001,9.061375,2.108875,-1.9642499999999998
4.5649999999999995,8.514625,3.8938750000000004,-1.0142499999999999
2.261,8.911375,3.485875,-1.6902499999999998
2.641,7.474375,1.162375,-1.5752499999999998
7.691000000000001,7.611625,1.503625,-1.3897499999999998
3.4050000000000002,8.609875,2.8348750000000003,-1.4062499999999998
4.339,7.559875,2.786125,-1.70675
6.4990000000000006,9.634375,3.671125,-1.03825
7.871,8.844625,2.3278749999999997,-1.3917499999999998
8.443000000000001,7.757125,3.927625,-2.04875
5.154999999999999,8.845375,2.256625,-1.8917499999999998
8.077000000000002,9.509875000000001,1.454125,-2.79875
2.351,9.183625,1.894375,-2.99525
7.569000000000001,7.832125,3.528625,-2.48925
7.261,9.739375,1.571875,-1.1237499999999998
2.7030000000000003,9.866125,1.2613750000000001,-1.71725
7.279000000000001,9.488125,2.861125,-1.8577499999999998
6.383,8.500375,1.224625,-1.37475
6.315,8.601625,2.7441250000000004,-1.0182499999999999
8.255,7.626625,3.217375,-2.09125
3.6390000000000002,8.562625,3.474625,-1.60025
6.831,7.495375,1.161625,-1.2187499999999998
8.109000000000002,9.288625,1.428625,-1.7727499999999998
2.665,7.600375,1.967875,-1.9762499999999998
7.439,8.291875,3.675625,-1.0672499999999998
7.515000000000001,9.360625,1.211125,-1.3232499999999998
9.189,9.788875,3.861625,-2.83275
2.467,8.136625,3.9028750000000003,-1.3717499999999998
9.743,8.009875000000001,1.3836249999999999,-2.45675
5.725,9.059125,1.360375,-2.77375
8.413,7.025875,1.715125,-2.59125
3.075,7.440625,1.462375,-2.0717499999999998
9.299,8.595625,1.345375,-2.41575
3.963,7.042375,1.123375,-1.8372499999999998
5.945,8.831875,3.048625,-2.48825
6.345000000000001,7.444375,1.982875,-2.02025
3.843,7.845625,1.286875,-2.18125
8.711,7.388125,2.5573750000000004,-1.16325
9.649000000000001,8.945875000000001,1.9866249999999999,-2.30525
7.149,8.333125,2.254375,-1.4982499999999999
8.407,9.074125,2.8978750000000004,-2.15625
6.615,8.936125,3.473875,-2.17425
9.747,9.417625000000001,1.8636249999999999,-2.68525
8.679,9.951625,1.417375,-1.48525
3.915,7.7376249999999995,2.312875,-2.47575
8.125,8.343625,1.831375,-1.19125
7.873,7.592875,1.855375,-1.33225
3.941,7.748875,2.739625,-2.75225
2.053,9.816625,1.9671249999999998,-1.3267499999999999
6.571000000000001,7.750375,1.9176250000000001,-2.4442500000000003
6.591,8.928625,3.9486250000000003,-1.92475
2.387,8.339125,1.820125,-2.64625
7.321000000000001,9.697375000000001,2.8258750000000004,-1.87875
4.069,7.8088750000000005,1.568125,-2.92675
3.8970000000000002,8.548375,3.408625,-1.51375
2.783,9.506125,3.033625,-1.7202499999999998
5.109,9.008125,1.1961249999999999,-2.17925
2.245,7.011625,2.9871250000000003,-2.2407500000000002
3.1109999999999998,7.394875,2.9766250000000003,-1.3912499999999999
6.155,7.7646250000000006,3.347875,-1.42075
4.005,8.897875,3.0583750000000003,-1.6237499999999998
7.643000000000001,9.461125,1.669375,-2.47725
7.617000000000001,8.620375,3.9598750000000003,-2.70675
7.2330000000000005,8.266375,2.537125,-2.79975
6.577000000000001,9.596125,1.946875,-2.22375
3.561,8.019625,1.7938749999999999,-2.81075
3.7489999999999997,8.817625,2.587375,-2.18925
5.5009999999999994,8.220625,3.683125,-1.66875
9.713000000000001,9.326125000000001,3.0928750000000003,-1.59025
8.019,9.320875000000001,3.966625,-2.96125
4.165,9.414625000000001,1.432375,-2.75775
8.471,7.871125,1.1556250000000001,-2.0797499999999998
7.965000000000001,9.527875,1.097875,-2.76625
6.039000000000001,9.377125,2.142625,-1.0587499999999999
5.515000000000001,9.327625000000001,2.661625,-1.19725
8.171,8.766625,2.706625,-2.42625
5.361,9.655375,3.776875,-1.6497499999999998
3.535,8.839375,3.838375,-2.52575
9.319,9.903625,3.0126250000000003,-2.39825
7.373,9.883375000000001,3.5038750000000003,-1.57575
5.323,8.369125,3.6868750000000006,-1.7642499999999999
4.089,9.155875,1.538875,-2.95825
7.355,9.825625,1.9993750000000001,-1.1392499999999999
3.123,7.213375,1.427125,-1.27775
8.145,7.317625,1.525375,-2.34525
9.147,9.698125000000001,2.6593750000000003,-2.71975
3.6769999999999996,7.911625,2.1793750000000003,-1.8247499999999999
7.769,9.798625,3.582625,-1.2987499999999998
6.939,8.739625,1.408375,-2.64325
9.919,7.985125,3.533875,-1.4702499999999998
4.869,7.122625,1.456375,-1.37275
2.237,8.603125,3.113875,-1.9257499999999999
8.211,7.466875,3.2826250000000003,-1.07975
4.117,8.466625,2.425375,-1.72775
2.117,7.604875,1.797625,-1.2207499999999998
3.7569999999999997,7.980625,3.4206250000000002,-2.28025
8.507000000000001,9.915625,3.371875,-2.44775
3.003,9.198625,1.205125,-2.00575
3.293,9.446125,3.182875,-2.1782500000000002
2.443,8.527375,1.845625,-1.4377499999999999
8.647,9.489625,3.1393750000000002,-1.4242499999999998
2.779,8.320375,1.117375,-2.94125
7.6850000000000005,8.693125,2.992375,-2.31025
2.209,7.552375,3.541375,-2.20175
7.543,8.050375,2.0158750000000003,-2.30975
2.791,7.266625,3.793375,-2.88575
2.887,9.871375,2.002375,-1.60075
9.129000000000001,9.702625000000001,3.731125,-2.73625
3.399,9.437875,1.859125,-2.0557499999999997
5.973,9.516625000000001,1.326625,-2.1012500000000003
3.477,7.294375,1.6513749999999998,-1.74975
3.527,9.177624999999999,3.735625,-2.82675
2.685,8.976625,3.404125,-2.1887499999999998
7.985,9.524875,1.193125,-2.51525
7.621,9.161125,2.9053750000000003,-2.92925
6.997000000000001,9.445375,3.7993750000000004,-1.0907499999999999
5.468999999999999,7.7631250000000005,1.210375,-1.3472499999999998
2.435,8.210125,1.742875,-1.85225
8.179,8.031625,2.656375,-2.03825
2.653,8.076625,2.9323750000000004,-1.7302499999999998
3.6849999999999996,8.775625,1.843375,-2.30275
5.893,7.9506250000000005,1.8808749999999999,-1.3247499999999999
8.451,8.657875,1.517875,-1.60625
8.439,8.669125000000001,2.105125,-2.87325
6.313000000000001,9.213625,2.610625,-1.26725
3.575,9.674875,2.2716250000000002,-2.40625
3.971,9.093625,2.136625,-1.9282499999999998
9.281,8.983375,2.784625,-2.0997500000000002
8.241,7.274125,1.682125,-2.53825
4.151,7.082875,3.5691250000000005,-2.28675
2.833,8.468875,1.387375,-1.5792499999999998
4.595,8.917375,3.096625,-2.73125
2.873,8.927875,3.077875,-2.72325
2.903,9.436375,1.792375,-1.9962499999999999
6.171,9.491125,3.391375,-2.10475
7.961,7.629625,3.4101250000000003,-2.51775
3.277,9.580375,3.803125,-1.83425
5.823,8.910625,1.340875,-2.95875
8.575,7.899625,2.549125,-1.2167499999999998
9.313,8.378875,1.150375,-1.68125
5.369,8.033875,3.9876250000000004,-1.11625
7.099,8.246125,1.255375,-1.83225
5.409,8.953375000000001,1.379875,-2.49725
2.119,8.135125,1.589875,-2.14675
2.643,8.426875,2.102875,-1.5547499999999999
7.745,8.360875,1.207375,-2.15475
6.871,8.054875,3.565375,-1.77775
5.099,7.814125,1.041625,-2.05925
9.051,7.094125,2.585125,-2.76775
4.821,8.664625000000001,2.9796250000000004,-2.99875
4.125,9.603625000000001,2.558875,-1.0897499999999998
3.6189999999999998,7.874874999999999,2.219125,-1.0042499999999999
3.073,8.790625,3.212125,-2.84125
3.197,7.188625,2.560375,-2.1557500000000003
7.673,8.197375000000001,3.500875,-2.75175
2.6390000000000002,8.164375,3.296125,-2.62975
7.639,8.305375,2.914375,-2.07575
8.953,9.897625,2.149375,-1.24125
5.053,7.5276250000000005,2.711125,-2.44125
2.975,8.472625,3.7873750000000004,-1.6252499999999999
5.627,8.841625,1.286125,-1.7992499999999998
2.147,7.169875,1.199125,-1.0887499999999999
4.5169999999999995,8.871625,2.4463749999999997,-2.15675
4.4990000000000006,7.889875,1.062625,-2.88125
7.7010000000000005,9.117625,2.3061249999999998,-2.94025
4.061,8.564125,3.365875,-1.25775
6.2410000000000005,9.832375,2.402125,-2.06175
3.145,9.986125,1.6281249999999998,-1.6052499999999998
6.8950000000000005,8.650375,3.2008750000000004,-2.13825
6.4590000000000005,9.256375,1.244125,-1.43125
3.755,9.468625,3.369625,-1.6277499999999998
6.001,7.955875,2.6841250000000003,-2.91125
4.925,8.371375,1.114375,-2.51075
5.927,7.247875,2.9166250000000002,-1.6317499999999998
3.471,8.815375,3.066625,-1.41475
9.823,9.533875,1.820875,-1.84625
9.171,9.495625,2.4606250000000003,-2.92025
5.763,9.671875,3.2818750000000003,-1.49575
3.447,9.812875,3.718375,-1.4902499999999999
7.907,7.401625,2.825125,-2.43125
8.949000000000002,9.959125,3.858625,-2.08425
8.289000000000001,7.983625,2.9046250000000002,-1.7062499999999998
3.221,9.355375,3.689125,-1.4477499999999999
5.255,8.330125,1.879375,-2.04375
6.513000000000001,7.370125,2.5356250000000005,-1.64625
2.795,7.531375,1.9791249999999998,-2.0477499999999997
4.229,7.636375,2.048875,-2.83725
9.699000000000002,7.7848749999999995,3.696625,-2.14975
6.021000000000001,7.935625,2.475625,-1.6197499999999998
5.993,7.437625,2.317375,-1.3087499999999999
8.999,8.456875,2.750875,-1.64425
5.920999999999999,8.882875,3.215125,-1.8172499999999998
7.993,8.288125,2.516875,-1.54375
6.211,7.306375,1.6948750000000001,-1.5707499999999999
6.4030000000000005,8.128375,1.858375,-1.88675
7.195,8.585875,2.284375,-1.0392499999999998
6.989000000000001,8.796625,1.048375,-2.88275
9.669,8.355625,2.993125,-1.8897499999999998
4.8469999999999995,7.775125,3.6366250000000004,-1.89875
7.449000000000001,8.195125,1.783375,-1.2137499999999999
9.239,7.260625,1.8516249999999999,-2.5532500000000002
7.061000000000001,7.916125,1.4068749999999999,-1.7287499999999998
9.581,9.309625,3.6808750000000003,-1.70125
5.383,7.560625,3.2458750000000003,-2.86075
5.987,8.566375,1.451125,-1.12425
9.261,9.393625,1.232875,-2.86775
6.827000000000001,9.305875,1.253125,-2.56375
9.033000000000001,7.102375,1.514125,-1.0027499999999998
5.654999999999999,7.447375,3.574375,-2.0252499999999998
6.251,8.339875,1.847125,-1.73925
7.3790000000000004,7.007125,3.887875,-2.34625
4.3870000000000005,7.9723749999999995,1.278625,-1.7422499999999999
7.045000000000001,9.453625,1.335625,-2.18575
5.069,7.869625,3.134125,-2.04825
6.329000000000001,8.532625,1.457125,-2.39325
2.683,8.237125,2.664625,-1.04975
7.167000000000001,8.758375000000001,1.724875,-2.76275
7.131,7.032625,2.243875,-1.03975
9.651,7.151125,2.963875,-2.4547499999999998
5.351,8.732875,2.135125,-2.6077500000000002
9.149000000000001,7.194625,2.3511249999999997,-1.0192499999999998
4.058999999999999,7.459375,2.300875,-1.4682499999999998
6.567,9.261625,3.764875,-1.43075
4.541,9.638875,2.597125,-2.23675
9.657,7.429375,1.006375,-1.0727499999999999
4.3149999999999995,9.125125,2.234875,-2.61725
8.185,9.383125,3.345625,-1.64075
5.781000000000001,9.443125,2.474125,-1.7927499999999998
4.981,9.296125,1.7578749999999999,-2.70925
4.263,8.003125,3.452125,-2.0532500000000002
7.083,7.164625,3.925375,-2.77675
5.3629999999999995,9.311125,3.429625,-2.95575
7.331,7.553875,3.7536250000000004,-1.46125
6.189,8.999875,2.290375,-1.24375
5.257,8.829625,2.574625,-1.63625
7.689,8.934625,2.622625,-2.91675
5.035,8.623375,2.480875,-2.91075
2.233,7.257625,2.9068750000000003,-1.18925
2.871,7.121125,2.5528750000000002,-2.00975
6.891,7.415125,3.834625,-1.56975
9.327000000000002,9.503125,3.3268750000000002,-1.99125
5.265000000000001,9.329875,3.533125,-1.41525
3.8289999999999997,8.787625,2.308375,-1.67325
6.083,7.450375,2.339125,-1.97325
6.2330000000000005,7.325125,2.5776250000000003,-1.2302499999999998
2.799,9.777625,2.096875,-2.84025
4.013,8.410375,2.371375,-1.06025
8.671,7.397875,1.361875,-1.49525
8.361,9.914125,1.066375,-1.7162499999999998
6.987,8.656375,2.021875,-2.48625
2.231,7.517125,1.5816249999999998,-2.32475
9.153,7.352125,1.058125,-2.35625
9.231000000000002,9.887125000000001,3.9846250000000003,-1.93475
5.753,9.114625,2.843875,-1.6112499999999998
3.1769999999999996,8.152375,3.3163750000000003,-2.2887500000000003
4.420999999999999,7.234375,1.556125,-1.1737499999999998
3.825,9.868375,2.3211250000000003,-2.38725
4.817,9.815875,1.916125,-1.5222499999999999
7.489000000000001,7.028875,1.544875,-1.2687499999999998
6.085000000000001,7.649125,3.057625,-2.79125
2.161,8.644375,3.798625,-2.34075
6.729,7.992625,1.9333749999999998,-1.39675
3.753,9.891625000000001,3.175375,-2.10975
4.404999999999999,8.285125,2.360125,-1.59825
4.731,8.248375,2.098375,-2.77625
7.047000000000001,8.138875,3.053875,-2.68325
5.101,9.095125,2.302375,-1.67675
2.097,7.422625,2.306875,-2.42475
3.3810000000000002,8.333874999999999,2.645125,-1.2867499999999998
5.043,9.520375,2.830375,-2.93725
3.629,9.563875,1.596625,-2.93275
5.181,8.285875,1.364875,-1.60475
8.331,8.660125,2.312125,-2.18725
9.027000000000001,7.278625,3.368875,-1.27975
3.351,8.636875,2.381125,-1.1982499999999998
9.537,8.214625,2.159125,-2.64125
7.025,8.685625,3.1048750000000003,-1.5687499999999999
8.469000000000001,7.269625,1.165375,-2.74175
9.453,9.340375,1.047625,-1.0732499999999998
4.163,7.974625,1.904125,-2.38475
9.965,8.282875,2.900875,-2.81325
6.317,9.613375,3.124375,-2.17675
3.6029999999999998,8.939125,1.4406249999999998,-1.4922499999999999
8.991,8.762125000000001,2.6961250000000003,-1.2827499999999998
9.271,7.280875,3.828625,-2.17625
3.865,9.497875,3.075625,-1.91725
5.619,7.5486249999999995,2.174125,-2.56725
9.139,8.998375,2.939875,-1.23375
9.323,7.661875,3.8721250000000005,-1.62875
2.277,9.755125,1.133875,-1.3552499999999998
9.387,9.067375,3.7521250000000004,-1.09425
5.965,9.827125,3.224125,-2.99225
4.845,9.617875,1.374625,-1.83025
4.119,9.147625,1.505875,-1.6292499999999999
3.027,7.134625,3.9133750000000003,-2.93825
4.429,9.606625000000001,3.287125,-2.06775
2.691,7.879375,2.011375,-1.8432499999999998
2.155,9.899875,3.981625,-1.4342499999999998
3.081,8.463625,3.993625,-1.5487499999999998
8.599,8.996875,2.827375,-1.6117499999999998
5.055,7.761625,1.543375,-1.3792499999999999
5.259,8.912125,2.660875,-1.31175
6.9350000000000005,8.894875,2.994625,-2.54425
4.718999999999999,9.510625000000001,1.982125,-1.35425
9.253,9.365874999999999,1.8276249999999998,-2.29725
6.845000000000001,7.5966249999999995,2.5228750000000004,-2.52175
6.639,9.373375,3.2398750000000005,-1.82175
5.395,8.658625,1.134625,-2.98725
6.8790000000000004,7.630375,3.142375,-1.9097499999999998
8.357,8.525125,3.137125,-1.6797499999999999
3.2729999999999997,9.245125,2.6233750000000002,-1.0647499999999999
9.533000000000001,9.751375,3.8436250000000003,-2.24525
4.861,8.598625,2.272375,-1.91275
5.622999999999999,9.221125,2.102125,-2.85975
7.595000000000001,9.229375000000001,1.6056249999999999,-1.6492499999999999
8.453,8.068375,1.930375,-1.11875
6.271000000000001,9.701875000000001,3.089125,-2.59925
2.327,7.225375,3.4483750000000004,-1.37425
3.4749999999999996,7.231375,2.128375,-1.92675
4.313,7.374625,1.460875,-1.2927499999999998
5.5169999999999995,7.766875,2.120875,-2.41325
5.2330000000000005,9.683125,1.835125,-2.90125
4.2509999999999994,8.150875,1.151125,-2.48725
3.657,8.800375,2.9278750000000002,-2.81125
7.747000000000001,8.092375,2.495875,-1.25575
8.885000000000002,9.178374999999999,1.6828750000000001,-2.57125
5.849,8.966875,1.653625,-1.20075
6.091,8.580625000000001,3.884875,-2.01125
2.9210000000000003,8.645875,3.9418750000000005,-2.85325
3.937,8.676625,2.214625,-1.89425
9.877,9.689875,2.415625,-1.1357499999999998
8.637,7.694125,2.547625,-2.83475
8.847000000000001,7.7166250000000005,1.403125,-2.84425
3.509,9.094375,3.029875,-2.0372500000000002
7.865,8.362375,2.7951250000000005,-1.13675
4.635,7.943875,2.6601250000000003,-1.69075
5.543,8.321125,1.637125,-2.21675
5.527,7.973875,2.0001249999999997,-2.98375
2.187,7.308625,1.952125,-1.3932499999999999
6.597,8.631625,1.194625,-1.60825
2.959,7.382875,3.664375,-2.73025
8.415,8.896375,2.7666250000000003,-2.80625
5.436999999999999,7.5028749999999995,3.8241250000000004,-1.9317499999999999
7.989000000000001,8.700625,1.430875,-2.71325
2.807,7.940125,2.1186249999999998,-2.87775
7.631,8.367625,1.485625,-1.7462499999999999
2.021,9.692875,3.740875,-1.74525
2.493,8.942125,1.369375,-2.4842500000000003
7.609000000000001,7.291375,1.548625,-2.35275
6.095000000000001,7.897375,2.3038749999999997,-2.46475
7.4670000000000005,8.876125,1.061125,-2.44625
4.027,7.141375,2.6481250000000003,-1.1462499999999998
2.003,7.707625,3.356875,-2.74425
5.3149999999999995,9.411625,1.167625,-1.44875
8.987,9.572875,2.357125,-2.69025
6.777,7.568125,3.240625,-1.46075
3.481,8.391625,2.794375,-2.92425
5.027,8.962375,1.203625,-1.3392499999999998
4.795,9.945625,1.175125,-1.63075
7.345000000000001,7.037875,2.1651249999999997,-2.4682500000000003
6.609000000000001,9.278125,1.658875,-2.14625
3.0149999999999997,8.827375,3.0823750000000003,-1.0977499999999998
6.773000000000001,9.946375,1.3948749999999999,-2.25875
8.251000000000001,7.822375,3.839875,-1.51325
9.875,8.297875,2.913625,-1.6702499999999998
8.809000000000001,9.407875,1.709875,-2.67475
4.213,7.880125,3.194875,-2.10225
3.377,8.675875,1.095625,-1.9497499999999999
5.727,9.545125,1.586875,-2.32425
8.159,9.581875,3.827875,-2.4122500000000002
4.819,9.239125,2.2251250000000002,-2.58675
8.585,9.557125,2.478625,-1.58825
5.583,8.995375,2.4913749999999997,-2.34675
4.343,7.778125,3.9726250000000003,-2.60125
5.995,9.600625,2.472625,-1.37625
6.519,8.764375,1.551625,-1.58175
5.045,9.965125,2.582125,-2.08375
8.715,7.313875,1.961875,-2.55175
9.571000000000002,7.691875,1.037125,-2.96975
3.299,9.499375,3.801625,-2.1262499999999998
9.963000000000001,7.3161249999999995,3.3283750000000003,-1.37225
6.825,8.356375,2.213125,-1.0162499999999999
7.575,9.810625,2.9173750000000003,-1.2447499999999998
6.239000000000001,8.881375,1.2846250000000001,-2.17775
2.831,8.870875,1.510375,-2.3377499999999998
9.721,7.023625,3.5968750000000003,-1.2202499999999998
7.269,7.051375,1.631875,-1.5027499999999998
7.649,9.917125,2.4456249999999997,-1.58375
8.997,8.714125,2.525875,-2.07825
8.123000000000001,8.497375,1.971625,-2.07325
7.699000000000001,9.732625,3.786625,-1.1597499999999998
8.523,8.104375,2.315875,-1.2772499999999998
4.399,7.745125,1.600375,-2.85225
5.195,9.685375,3.5616250000000003,-1.16875
2.291,8.038375,3.3981250000000003,-1.1497499999999998
6.511,8.202625,1.4181249999999999,-1.6537499999999998
9.111,9.782875,1.683625,-1.96925
4.543,8.951875,1.9986249999999999,-1.2427499999999998
9.409,7.9041250000000005,1.513375,-2.52425
3.127,8.093125,1.645375,-2.16175
7.827000000000001,7.944625,2.426125,-1.92875
9.945,7.848625,3.0043750000000005,-2.64275
9.143,8.263375,1.618375,-2.27875
5.8629999999999995,8.509375,3.414625,-2.65275
4.699,7.652125,1.050625,-2.53175
5.321,8.075125,3.5661250000000004,-2.2352499999999997
7.831,9.237625000000001,1.643125,-1.23925
2.941,8.460625,2.184625,-1.2097499999999999
2.031,8.984125,1.568875,-1.22725
6.065,9.334375,2.852875,-2.61175
7.509,9.679375,2.237875,-2.91575
6.901000000000001,7.342375,1.849375,-2.87925
3.849,7.076125,2.367625,-1.5872499999999998
2.6710000000000003,7.887625,1.450375,-2.33425
2.135,8.027875,2.081875,-2.77025
5.372999999999999,7.712875,3.980875,-1.6842499999999998
9.373000000000001,9.605875000000001,2.889625,-2.99325
5.741,8.946625000000001,2.498125,-2.71575
9.257000000000001,9.568375,3.623125,-1.9182499999999998
5.757,8.646625,1.9626249999999998,-2.83175
5.125,9.984625000000001,2.471125,-2.00525
8.665,9.055375,1.701625,-1.99175
4.693,7.007875,2.564875,-2.98825
7.011,7.732375,1.197625,-2.11925
5.731,9.144625,3.933625,-1.01175
2.6029999999999998,7.058875,2.6248750000000003,-1.6662499999999998
5.769,7.572625,1.028875,-1.78975
2.111,7.832875,3.576625,-1.8957499999999998
7.897,9.764125,2.785375,-2.85725
4.4510000000000005,8.260375,2.0143750000000002,-2.10375
9.693000000000001,7.319125,2.0241249999999997,-2.05625
7.183000000000001,8.577625000000001,2.582875,-2.57025
4.6530000000000005,7.936375,2.872375,-2.4002499999999998
9.263000000000002,8.711125000000001,3.955375,-1.8072499999999998
7.275,7.954375,3.044125,-1.70275
3.1689999999999996,8.544625,2.232625,-1.70725
3.929,7.154125,2.734375,-1.90725
8.657,9.434875,1.022875,-2.18675
9.167000000000002,8.387875,1.235125,-2.58375
3.649,7.173625,1.770625,-1.7702499999999999
2.769,8.850625,3.024625,-1.46925
7.853000000000001,8.167375,3.6913750000000003,-2.41175
4.606999999999999,7.575625,3.249625,-1.49725
6.821000000000001,8.429875,1.7188750000000002,-1.1802499999999998
6.323,9.111625,3.252625,-2.89175
3.3609999999999998,7.587625,1.380625,-2.11325
7.635000000000001,9.809125,1.365625,-2.82475
8.169,9.896125000000001,3.881875,-2.95725
9.563,9.857125,1.364125,-2.26425
2.469,9.394375,3.332125,-1.96975
7.219,7.9498750000000005,1.6993749999999999,-2.74525
5.090999999999999,8.063875,2.846125,-1.85475
8.917000000000002,7.334875,3.9381250000000003,-1.1897499999999999
8.309000000000001,9.483625,3.236125,-1.4012499999999999
3.661,8.916625,1.469125,-2.72925
9.457,9.944125,3.594625,-2.4362500000000002
3.933,9.343375,3.1461250000000005,-1.28425
5.459,8.119375,3.205375,-2.89125
6.071000000000001,7.664125,1.126375,-1.33425
8.737,9.645625,3.6148750000000005,-2.59875
5.601,8.118625,2.041375,-1.84025
6.337000000000001,8.639125,2.366125,-2.64925
3.303,8.909875,2.516125,-2.92525
8.237,7.8313749999999995,3.0973750000000004,-2.63875
6.635000000000001,9.341125,1.9056250000000001,-2.03525
9.997,9.432625,3.068125,-1.1077499999999998
8.295000000000002,8.522124999999999,3.8001250000000004,-1.46325
3.559,8.126125,2.714125,-1.3657499999999998
5.477,9.653875,3.810625,-2.91775
8.517,7.154875,3.822625,-1.69725
6.219,8.786875,3.978625,-2.46425
9.825,9.188875,2.049625,-2.61425
7.2490000000000006,8.046625,1.081375,-1.3307499999999999
9.949000000000002,9.447625,1.938625,-1.8227499999999999
7.773000000000001,7.523125,2.340625,-1.5847499999999999
9.959,9.944875,3.768625,-2.99025
7.753,8.722375,3.8188750000000002,-2.37325
4.159,9.403375,1.241125,-1.42125
2.961,9.245875,3.2226250000000003,-2.60575
9.745000000000001,7.013125,2.0698749999999997,-2.75325
3.167,7.425625,1.816375,-2.89225
5.2829999999999995,8.261875,1.946125,-1.4782499999999998
5.420999999999999,8.493625,2.150875,-1.18725
2.517,9.400375,1.313875,-1.6737499999999998
8.473,7.016125,1.479625,-2.4932499999999997
9.159,9.296875,1.727125,-1.33025
3.645,8.541625,2.945875,-1.45875
5.441,7.544125,2.960125,-1.0262499999999999
7.377000000000001,9.467875,1.521625,-1.94325
6.1530000000000005,8.882125,2.123875,-2.72225
2.817,7.412875,1.641625,-1.5392499999999998
4.327,7.705375,2.972125,-2.78475
9.861,7.445125,3.9853750000000003,-1.50325
9.259,7.487875,1.439125,-2.28225
7.845000000000001,8.303875,1.172125,-2.81775
3.143,7.396375,2.810125,-1.8352499999999998
9.829,8.596375,2.241625,-2.62725
4.667,8.720125,3.121375,-1.90075
9.553,8.000875,2.126875,-1.2037499999999999
8.207,8.945125,1.8748749999999998,-1.4057499999999998
8.899000000000001,9.189625,1.042375,-2.20075
3.2969999999999997,9.506875,1.052875,-2.86225
4.074999999999999,9.879625,2.572375,-2.33825
5.0809999999999995,8.249125,1.181875,-2.4627499999999998
5.2669999999999995,8.701375,1.055125,-1.2547499999999998
3.3129999999999997,7.496125,1.689625,-1.8877499999999998
9.639,9.096625,1.632625,-2.20975
8.441,8.704375,2.422375,-1.09675
3.969,7.414375,2.549875,-2.59475
7.471,9.037375,3.314875,-2.33875
9.397,7.788625,2.0016249999999998,-2.88825
5.447,8.252875,2.4928749999999997,-2.2952500000000002
5.085,7.208875,1.486375,-1.6357499999999998
5.947,9.290875,3.5301250000000004,-2.67725
5.915,7.815625,3.911125,-1.85675
5.481,7.873375,2.747875,-1.5127499999999998
9.229,7.424125,3.6778750000000002,-2.14375
9.057,7.5958749999999995,3.2698750000000003,-2.80075
3.7089999999999996,9.572125,3.949375,-1.0167499999999998
5.353,7.361875,1.490125,-1.80625
9.897,9.943375,2.954875,-1.41725
6.9990000000000006,7.5748750000000005,3.627625,-2.43025
3.763,9.145375,2.949625,-2.49825
7.4750000000000005,9.328375000000001,2.0923749999999997,-1.1937499999999999
6.933000000000001,8.679625,2.454625,-1.12225
3.157,9.973375,1.989625,-2.88775
9.101,7.825375,1.154875,-2.30675
5.856999999999999,9.274375,3.0696250000000003,-1.2947499999999998
7.481000000000001,7.588375,2.668375,-2.56225
3.8609999999999998,8.516125,3.5271250000000003,-1.57375
7.557,8.300125,2.856625,-1.4647499999999998
4.509,9.113875,2.2018750000000002,-2.84525
9.207,7.388875,2.2483750000000002,-2.83325
9.555,7.473625,3.9831250000000002,-2.80225
4.361,7.835125,2.492125,-2.55375
8.723,9.320125,1.386625,-2.89975
9.903,7.193125,1.115125,-2.91625
3.989,7.779625,3.710125,-2.38025
8.365,7.809625,2.960875,-2.25025
3.449,9.878875,1.034875,-1.62075
8.437000000000001,7.619125,3.4438750000000002,-1.7367499999999998
4.997,9.077875,3.301375,-2.13575
8.779,9.122875,2.8378750000000004,-2.30475
5.775,8.680375,2.247625,-2.18825
5.797000000000001,9.465625,1.435375,-2.26625
9.157,8.209375,3.9358750000000002,-2.26125
6.525,8.052624999999999,2.260375,-1.8392499999999998
3.9509999999999996,9.501625,1.574125,-2.98275
6.7330000000000005,8.289625000000001,2.510125,-1.32175
6.833,9.625375,3.921625,-2.19125
8.489,9.695875000000001,3.716875,-1.48575
2.819,8.816875,1.740625,-1.3377499999999998
2.293,7.000375,3.4813750000000003,-1.59225
9.695,8.395375,2.018125,-1.9457499999999999
8.829,8.213125,3.901375,-1.4597499999999999
9.047,8.706625,3.103375,-2.32925
2.465,9.089125,1.049125,-1.7077499999999999
9.817,7.828375,3.083875,-2.03375
9.367,8.636125,1.782625,-1.1837499999999999
6.119000000000001,9.934375,2.053375,-1.56575
5.317,8.168125,3.1153750000000002,-2.08475
9.119,7.277125,2.3653750000000002,-1.2182499999999998
8.271,7.655875,3.2331250000000002,-1.80225
7.979,9.633625,1.305625,-2.01875
2.441,7.661125,2.8168750000000005,-1.5347499999999998
2.9130000000000003,7.731625,2.151625,-1.8472499999999998
7.429,7.148125,1.173625,-1.72975
9.815000000000001,7.853875,1.180375,-1.7082499999999998
3.029,8.014375,3.054625,-1.2017499999999999
2.365,9.415375000000001,1.423375,-2.10525
6.497000000000001,9.794125000000001,1.494625,-2.61875
4.191,8.594125,3.5406250000000004,-1.7017499999999999
9.755,9.966625,2.382625,-1.7867499999999998
9.061,8.381875,3.062875,-1.67075
3.199,8.313625,3.988375,-2.41975
5.629,7.958875,3.567625,-2.03425
8.985,8.855875000000001,3.356125,-1.9847499999999998
4.571,7.322875,3.698125,-1.37825
6.627000000000001,7.292125,3.4903750000000002,-2.24375
3.0389999999999997,7.591375,2.665375,-1.0102499999999999
7.565,9.680875,2.4688749999999997,-1.64475
3.715,8.492125,3.2811250000000003,-1.02775
4.683,7.499875,2.6991250000000004,-2.99575
8.773,8.967625,2.8386250000000004,-2.86375
3.625,9.500875,1.544125,-2.65775
8.571000000000002,8.351875,2.6533750000000005,-1.1072499999999998
7.465000000000001,9.162625,1.5193750000000001,-2.01625
4.843,7.075375,2.7081250000000003,-2.69075
6.363,9.260875,3.8548750000000003,-1.16475
9.653,9.389875,2.1081250000000002,-2.7247500000000002
9.449000000000002,8.259625,3.065125,-2.32025
4.601,8.513125,3.1221250000000005,-2.55525
2.773,8.345875,2.7231250000000005,-1.0512499999999998
5.605,8.996125,3.571375,-2.13925
6.179,9.064375,3.641125,-1.8047499999999999
8.253,9.263125,2.044375,-2.66875
7.179,7.025125,1.900375,-2.37825
8.971,7.302625,3.704875,-2.69775
5.1530000000000005,9.191125,3.8443750000000003,-2.68125
6.1370000000000005,8.219875,3.227875,-1.97375
6.6530000000000005,8.579125,3.6688750000000003,-1.91525
3.697,8.825875,1.928125,-2.42375
9.769,8.275375,1.073125,-2.44225
8.543,8.447875,3.5211250000000005,-1.7707499999999998
3.505,9.042625000000001,1.238875,-2.62525
4.529,9.662125,1.030375,-1.9622499999999998
5.183,9.785125,1.5711249999999999,-2.85425
2.157,9.544375,3.156625,-2.93625
7.391,7.458625,1.154125,-1.30375
6.913,8.677375,2.348875,-1.7407499999999998
9.989,9.016375,1.620625,-2.76225
9.979,9.647875,3.2001250000000003,-1.1212499999999999
6.889,9.458874999999999,3.297625,-2.52025
8.751000000000001,9.251875,2.135875,-1.4162499999999998
4.702999999999999,8.831125,3.1656250000000004,-1.0837499999999998
7.561000000000001,8.854375000000001,1.291375,-1.61625
9.107,9.963625,1.132375,-1.93875
2.487,7.934875,3.0801250000000002,-1.12825
8.147,9.833125,1.264375,-2.70375
7.469,8.412625,1.4481249999999999,-1.6077499999999998
8.359000000000002,8.030875,3.800875,-1.67875
9.465,7.360375,1.737625,-2.68025
7.703,9.385375,1.139875,-1.95125
6.843000000000001,7.884625,1.871875,-1.5672499999999998
4.345,8.189875,2.501125,-1.15075
7.245,9.656875,1.125625,-1.1252499999999999
7.641,7.235875,2.162875,-2.80775
6.415,9.970375,1.744375,-1.4847499999999998
7.189,9.539125,1.198375,-2.94075
5.281000000000001,7.508125,2.324125,-1.7177499999999999
8.843,9.989125,3.9681250000000006,-2.40875
7.601000000000001,8.688625,2.692375,-2.54475
8.625,9.571375,3.169375,-1.92725
3.667,8.965375,3.482875,-1.36875
5.571,7.485625,2.546125,-1.95475
6.931,8.696875,3.9613750000000003,-2.61675
6.157,9.845875,3.9591250000000002,-1.07225
7.799,8.368375,3.602125,-1.9942499999999999
7.6610000000000005,9.628375,2.314375,-1.34425
3.367,8.625625,2.973625,-2.98625
6.375,8.769625,1.433125,-2.32375
2.197,9.768625,3.929875,-1.0867499999999999
9.287,9.690625,1.3198750000000001,-2.05975
3.211,8.652625,1.7233749999999999,-1.4417499999999999
5.111,9.116875,3.227125,-2.11225
3.275,9.471625,1.566625,-2.07775
6.413,9.146125000000001,2.9631250000000002,-2.50775
5.087,8.175625,3.603625,-2.91375
3.885,9.542125,3.614125,-1.3132499999999998
6.279000000000001,8.546125,1.8973749999999998,-1.52525
4.257,8.360125,2.5326250000000003,-1.17475
3.9669999999999996,8.616625,2.9286250000000003,-2.56675
7.287000000000001,7.682875,3.4723750000000004,-2.63325
5.9190000000000005,7.309375,3.979375,-2.09875
4.0969999999999995,7.900375,3.043375,-2.33725
2.5949999999999998,8.989375,2.5183750000000003,-1.28575
2.125,7.347625,1.169875,-2.82775
9.399000000000001,9.895375,1.549375,-1.78825
7.727,9.210625,2.5318750000000003,-2.19525
3.855,7.449625,1.559875,-1.89275
2.8529999999999998,8.273125,2.150125,-1.44675
3.955,8.968375,3.302125,-2.6942500000000003
4.199,8.060125,1.6176249999999999,-1.4142499999999998
4.875,9.708625000000001,3.970375,-2.09225
2.151,9.569875,2.497375,-1.1317499999999998
5.463,8.728375,2.1778750000000002,-2.4137500000000003
7.337000000000001,8.949625000000001,3.598375,-2.25425
4.713,7.418125,3.5638750000000003,-1.79025
6.1770000000000005,7.578625,3.5188750000000004,-1.6697499999999998
4.495,8.223625,1.871125,-1.43275
2.673,7.620625,1.1841249999999999,-1.2002499999999998
6.235,7.859125,1.528375,-1.47325
4.525,7.608625,2.759875,-2.25775
7.941000000000001,9.232375000000001,2.822125,-2.49225
5.645,9.276625,1.218625,-2.36275
8.943000000000001,7.760875,1.796125,-1.85025
7.651000000000001,8.191375,3.502375,-2.38675
9.617,9.932125,2.276125,-1.38625
8.201,7.976875,3.947125,-1.4177499999999998
2.043,7.851625,1.679125,-2.52925
8.939,9.118375,3.0478750000000003,-1.6417499999999998
7.307,7.117375,1.333375,-2.12875
5.103,7.157125,3.9388750000000003,-2.93425
6.925000000000001,8.908375,1.320625,-2.15325
5.513,8.423125,3.1003750000000005,-2.90675
2.823,8.821375,2.9061250000000003,-2.52975
5.487,9.909625,1.5358749999999999,-2.7102500000000003
3.947,9.066625,3.064375,-2.02425
6.093000000000001,8.414875,3.2113750000000003,-2.51425
5.929,9.462625,1.955875,-1.29025
5.555,9.391375,1.295125,-1.21725
7.591,8.807875,1.908625,-1.2887499999999998
6.681,8.828125,2.8588750000000003,-2.68725
5.227,7.120375,3.906625,-1.85875
5.759,7.196125,1.997125,-2.21475
9.901,9.513625000000001,3.716125,-1.52375
5.335,8.537875,1.046875,-2.28275
5.840999999999999,7.938625,1.490875,-2.70125
5.507,7.563625,2.8138750000000003,-2.02225
2.735,7.748125,2.8866250000000004,-2.92225
2.455,7.016875,2.5566250000000004,-1.61675
7.463,8.546875,3.059875,-2.21975
6.937,7.666375,2.192875,-1.8772499999999999
4.773,9.052375000000001,1.101625,-2.89275
6.809,7.363375,1.5576249999999998,-2.94925
7.105,9.209875,1.046125,-1.07425
6.461,9.056125,1.5456249999999998,-1.2127499999999998
4.291,7.392625,2.796625,-2.58425
8.067,7.364875,2.736625,-2.16525
9.763000000000002,8.478625000000001,3.3613750000000002,-1.4002499999999998
8.973,9.774625,2.878375,-2.08875
2.181,7.631125,1.8733749999999998,-1.3052499999999998
6.527,8.112625,2.479375,-1.19875
5.063000000000001,7.415875,2.148625,-2.5372500000000002
2.081,8.323375,1.520125,-2.73975
8.033000000000001,9.023125,1.175875,-2.49975
2.8810000000000002,7.593625,3.2376250000000004,-1.20675
8.045000000000002,7.328125,3.319375,-2.65525
7.053000000000001,7.644625,3.606625,-1.2502499999999999
8.035,8.351125,2.051125,-1.6682499999999998
3.347,9.746875,2.079625,-1.1257499999999998
2.583,7.918375,2.645875,-1.76925
4.353,9.552624999999999,3.836875,-2.08975
3.267,8.062375,2.185375,-1.9277499999999999
3.4509999999999996,8.560375,2.767375,-1.4882499999999999
4.193,7.893625,1.601875,-2.22225
5.563000000000001,7.679875,1.276375,-2.24925
2.867,9.629125,1.619125,-2.27775
8.487,8.627125,2.548375,-1.65425
5.829000000000001,8.061625,3.005125,-2.25325
5.907,9.392875,3.435625,-1.7947499999999998
6.651000000000001,7.509625,3.063625,-1.00325
7.033,8.684125,3.462625,-2.44375
2.163,8.299375,2.513125,-2.47875
4.154999999999999,7.106125,3.218875,-2.96425
2.661,9.017125,2.5108750000000004,-2.20525
8.929,9.496375,2.045125,-2.74025
5.305,8.971375,1.4301249999999999,-1.71325
3.413,8.681875,2.1096250000000003,-1.9827499999999998
8.049,7.898125,2.942125,-1.06825
2.035,8.552875,3.1408750000000003,-2.74275
6.131,8.759875000000001,3.206875,-1.88425
5.699,9.911125,2.735875,-2.53875
4.459,7.052875,2.029375,-1.7587499999999998
6.949000000000001,7.923625,2.984875,-2.53425
6.289000000000001,7.991125,3.7281250000000004,-2.15175
8.875,9.992125,1.234375,-2.64575
2.651,7.577875,2.080375,-2.51325
3.017,7.787875,2.918125,-1.54575
6.103000000000001,9.531625,3.7723750000000003,-2.91975
9.369,9.174625,1.0498750000000001,-1.1492499999999999
7.019,7.740625,2.9293750000000003,-1.98575
9.375,7.487125,2.0383750000000003,-1.86275
2.113,9.773125,2.010625,-2.66075
6.857,9.745375,1.552375,-2.34225
8.389,9.459624999999999,1.016875,-1.5292499999999998
5.923,7.217125,3.353875,-2.73075
2.339,7.733875,2.848375,-1.94675
2.901,7.253875,3.7746250000000003,-1.0212499999999998
5.715,9.377875,1.919125,-2.28125
3.159,9.772375,2.948875,-2.79375
9.431000000000001,8.781625,3.204625,-1.9537499999999999
4.2669999999999995,9.595375,3.3156250000000003,-2.03775
9.109000000000002,7.405375,3.207625,-2.71425
4.9830000000000005,7.837375,3.0591250000000003,-2.79725
2.341,8.576875,3.035875,-1.3617499999999998
8.069,7.349125,1.332625,-1.7662499999999999
6.183000000000001,8.729875,2.3766249999999998,-1.69675
3.375,9.132625,2.857375,-2.32625
7.371,8.099125,1.300375,-1.5807499999999999
2.589,9.546625,2.691625,-2.35475
7.6770000000000005,8.641375,3.687625,-2.83225
9.183,9.479125,3.0718750000000004,-1.1942499999999998
7.1770000000000005,7.766125,3.1881250000000003,-2.14125
4.939,7.003375,3.855625,-1.8032499999999998
9.941,7.044625,1.695625,-2.00175
6.569000000000001,7.123375,3.0853750000000004,-2.69125
4.141,9.086125,3.055375,-1.6602499999999998
9.331,9.836125,1.3551250000000001,-2.41925
4.5329999999999995,9.867625,1.5583749999999998,-2.75475
9.869,7.418875,1.073875,-2.60675
6.985,9.783625,3.728875,-1.09475
6.507000000000001,7.149625,1.001125,-2.78225
3.437,7.057375,1.397875,-2.91425
8.547,7.281625,1.376125,-2.60525
5.7989999999999995,9.018625,2.702875,-2.5147500000000003
9.197,8.668375000000001,2.8836250000000003,-1.2812499999999998
4.779,7.535875,1.031125,-2.13875
2.8689999999999998,9.734875,3.172375,-2.33475
3.777,7.755625,3.7611250000000003,-2.62825
8.859000000000002,9.329125000000001,1.0851250000000001,-2.07025
7.263000000000001,9.228625000000001,2.242375,-2.67125
8.205,8.090125,3.4701250000000003,-1.12025
4.761,7.2936250000000005,2.387125,-2.1967499999999998
7.283,8.655625,1.357375,-2.51025
3.175,8.755375,3.8788750000000003,-2.14525
2.919,8.567875,3.841375,-2.39125
5.997,7.926625,1.869625,-1.1432499999999999
9.921,9.817375,2.5783750000000003,-1.2662499999999999
5.475,9.073375,1.748125,-1.29575
9.957,8.924125,3.8218750000000004,-1.25975
8.821000000000002,9.231625000000001,2.0721249999999998,-2.12825
3.687,8.555125,3.7041250000000003,-1.26125
3.8689999999999998,7.249375,2.346625,-2.77575
8.379000000000001,9.983875000000001,2.786875,-1.7122499999999998
2.755,9.317125,1.058875,-2.77325
7.409000000000001,8.087875,2.636875,-1.7872499999999998
4.593,7.111375,3.273625,-1.1582499999999998
7.705,8.057125,3.531625,-1.6397499999999998
5.021,7.564375,1.299625,-1.86825
9.845,8.754625,2.146375,-1.5062499999999999
6.309,7.769875,3.413125,-1.57175
9.241,7.860625,1.854625,-2.20275
4.609,8.309125,1.9453749999999999,-1.0427499999999998
6.327000000000001,8.350375,3.5623750000000003,-2.66525
3.165,9.904375,2.266375,-1.4097499999999998
6.449000000000001,9.968125,3.284125,-2.60375
9.415000000000001,8.746375,1.433875,-2.5067500000000003
9.151,7.913875,2.575375,-2.96625
6.805000000000001,9.207625,1.5343749999999998,-2.90375
9.161000000000001,8.342125,3.5488750000000002,-2.64075
6.339,9.916375,3.4551250000000002,-2.04975
6.835000000000001,7.049875,1.063375,-2.9002499999999998
3.903,8.399125,1.647625,-2.35225
5.495,7.298125,1.810375,-2.35025
6.303000000000001,7.5501249999999995,1.725625,-1.1822499999999998
2.893,7.077625,3.1168750000000003,-1.09875
3.243,7.8763749999999995,1.553875,-1.09625
2.433,8.942875,1.739125,-2.47175
9.771,8.306875,2.866375,-2.86825
9.385000000000002,8.109625,3.4603750000000004,-2.1637500000000003
2.6310000000000002,7.612375,3.8661250000000003,-2.11175
9.705,7.328875,3.3531250000000004,-1.99975
2.299,7.167625,3.3291250000000003,-2.74575
5.805,9.032875,3.1791250000000004,-2.86525
6.757000000000001,7.158625,2.669125,-2.07425
3.163,8.053374999999999,1.244875,-2.97275
8.051,9.200875,1.342375,-2.40825
4.899,7.229125,3.9246250000000003,-1.87425
9.447,9.627625,1.719625,-1.2967499999999998
5.2170000000000005,8.678125,3.007375,-2.68425
8.301,9.017875,3.3501250000000002,-1.6272499999999999
2.409,7.100125,2.505625,-2.55125
9.947,8.116375,1.029625,-2.85475
5.1129999999999995,9.828625,2.110375,-2.67575
9.475000000000001,9.219625,1.8988749999999999,-2.1422499999999998
5.497,7.803625,2.0706249999999997,-2.26675
3.9909999999999997,8.572375000000001,3.6936250000000004,-2.43275
4.725,7.479625,2.713375,-2.52725
3.183,7.607875,2.157625,-1.8537499999999998
9.995000000000001,9.257875,1.481875,-1.0227499999999998
6.029000000000001,9.057625,3.3853750000000002,-1.69525
4.777,8.264875,2.361625,-2.38775
2.399,8.808625,3.550375,-1.9477499999999999
6.863,8.549125,3.554875,-1.3877499999999998
7.9030000000000005,7.842625,2.273875,-2.37175
5.0489999999999995,7.537375,3.723625,-1.6352499999999999
8.557,9.457375,3.635125,-2.4057500000000003
4.5969999999999995,8.150125,2.105875,-2.66575
4.1129999999999995,8.972125,2.833375,-1.07775
7.303000000000001,7.346125,1.5186250000000001,-1.0547499999999999
6.9910000000000005,9.949375,1.4256250000000001,-1.17525
6.191000000000001,8.774125,3.112375,-1.50775
6.261,9.107875,2.7988750000000002,-1.5667499999999999
4.7829999999999995,9.485125,1.583875,-1.4522499999999998
5.443,8.993875,1.314625,-2.55775
4.261,9.310375,1.099375,-1.6857499999999999
5.289,9.950875,3.232375,-1.51175
3.5869999999999997,7.046125,3.323125,-2.15275
5.9350000000000005,9.352375,3.486625,-1.11675
9.813,7.946875,2.091625,-1.9702499999999998
3.783,7.478875,2.030875,-1.8407499999999999
4.9190000000000005,8.426124999999999,1.9168749999999999,-2.82325
6.679,9.368125,3.218125,-2.94225
2.317,8.374375,3.243625,-1.89625
2.393,7.910875,3.622375,-1.1352499999999999
9.543,7.603375,3.788125,-2.04675
8.261,9.140125000000001,2.678875,-2.37725
7.6450000000000005,8.307625,1.033375,-2.40725
6.113,9.446875,3.480625,-2.42525
4.2490000000000006,9.626125,3.5256250000000002,-1.4437499999999999
3.7649999999999997,7.800625,2.132875,-1.56775
8.269,9.678625,3.020875,-1.08625
7.075,8.534125,1.732375,-2.14575
6.581,8.390875,1.410625,-2.68875
4.721,7.998625,2.831875,-1.3997499999999998
8.403,9.205375,2.183875,-1.1782499999999998
9.031,9.543625,2.7538750000000003,-1.61825
2.699,7.457125,2.440375,-1.42725
3.6929999999999996,7.506625,1.5591249999999999,-2.50575
7.299,8.348875,1.4638749999999998,-1.34025
8.223,9.428875,2.426875,-2.80875
5.869,8.069875,2.279125,-1.45725
9.337,7.049125,3.4686250000000003,-1.97975
6.495,8.246875,1.3086250000000001,-1.45325
4.781000000000001,8.204125,3.6786250000000003,-1.9802499999999998
4.8870000000000005,9.185875,1.311625,-2.58175
7.577000000000001,7.583125,1.363375,-1.54425
6.713,7.144375,2.9541250000000003,-2.66825
9.887,9.139375000000001,3.2218750000000003,-2.99825
5.5329999999999995,8.861875000000001,1.076875,-2.45025
3.105,8.315875,3.9651250000000005,-1.47175
7.081,9.938125,3.202375,-2.09525
4.787,7.541875,2.008375,-2.22875
3.543,9.106375,3.745375,-2.27625
5.229,8.653375,2.220625,-2.13675
7.611000000000001,9.972625,1.910125,-2.41125
4.103,7.965625,1.220125,-2.90225
7.197,9.335125,3.389125,-1.90225
4.099,9.179125,1.7068750000000001,-2.22525
3.729,8.761375000000001,3.624625,-2.05175
9.087,8.058625,1.924375,-1.8617499999999998
8.259,8.372875,3.7716250000000002,-1.2932499999999998
4.7010000000000005,9.937375,1.189375,-2.68825
5.2010000000000005,9.648625,1.616875,-1.44725
9.511,8.417125,2.5813750000000004,-2.53475
6.859000000000001,9.644124999999999,1.978375,-2.98325
4.507,9.724375,3.8713750000000005,-1.24325
8.037,8.035375,3.700375,-1.80025
9.473,7.855375,1.448875,-2.49275
3.429,7.349875,2.117125,-2.43825
4.933,7.034125,2.8123750000000003,-2.90475
3.4349999999999996,7.137625,2.745625,-2.40425
4.129,8.524375,2.630125,-2.81175
3.931,9.461875,1.625875,-1.7687499999999998
9.873000000000001,8.984875,1.880125,-1.25925
4.521,8.972875,2.8716250000000003,-1.19075
6.213,8.892625,1.8853749999999998,-2.50325
6.875,7.451875,2.7253750000000005,-1.32375
7.763000000000001,8.402125,3.7303750000000004,-2.34725
3.699,7.370875,3.668125,-2.4747500000000002
3.607,7.569625,2.702125,-1.00775
2.863,9.413125,3.8743750000000006,-2.14325
8.347000000000001,9.332125,2.276875,-2.84475
4.877,9.635125,3.3036250000000003,-1.1557499999999998
3.051,9.776125,2.498875,-1.7442499999999999
2.561,7.179625,2.738125,-2.12075
2.463,8.452375,2.750125,-1.55225
6.4510000000000005,7.522375,3.3313750000000004,-2.10575
9.395,7.791625,1.760875,-1.5042499999999999
2.223,7.132375,2.432125,-2.2872500000000002
5.041,9.012625,1.927375,-1.9867499999999998
4.423,9.234625000000001,3.9658750000000005,-1.68725
3.883,8.964625,2.359375,-1.8517499999999998
2.285,8.159875,3.038125,-2.14875
8.601,9.038875,3.0343750000000003,-2.28775
4.138999999999999,7.882375,2.287375,-1.6937499999999999
2.263,9.304375,3.552625,-2.3737500000000002
5.872999999999999,7.4556249999999995,2.062375,-1.1622499999999998
5.455,9.938875,1.457875,-2.43225
6.765000000000001,9.424375000000001,2.1553750000000003,-2.09375
2.883,8.687125,3.629875,-2.19225
8.735,9.508375000000001,3.7056250000000004,-1.96125
4.377,7.561375,3.2368750000000004,-1.56625
3.067,9.176875,3.026875,-2.80675
2.061,7.665625,2.902375,-1.36225
7.8870000000000005,7.9521250000000006,2.6016250000000003,-1.7242499999999998
4.393,8.166625,1.988875,-2.41675
5.667,8.255125,1.913125,-2.86325
2.257,8.863375,3.032875,-1.0847499999999999
7.735,8.960875,3.2346250000000003,-1.89825
2.9450000000000003,9.336625,3.9868750000000004,-1.2972499999999998
8.791,7.865875,2.7171250000000002,-1.93125
8.597000000000001,7.623625,1.446625,-2.63025
3.583,9.875125,3.290125,-2.97875
7.453,8.579875,2.609125,-2.31275
5.885,7.439125,3.008875,-1.4617499999999999
7.587000000000001,7.635625,1.948375,-1.0972499999999998
2.713,9.060625,1.599625,-2.02375
5.404999999999999,9.830125,1.731625,-1.89225
3.601,8.955625000000001,1.447375,-1.50525
6.025,7.013875,2.099875,-2.08675
5.025,9.920875,1.508125,-2.79275
4.0169999999999995,7.514125,1.298125,-1.06375
6.683000000000001,8.205625,3.6388750000000005,-1.74775
3.417,8.690125,1.684375,-2.20675
2.745,9.137125000000001,2.733625,-1.2342499999999998
2.077,7.245625,2.066875,-1.5997499999999998
2.815,9.647124999999999,3.596125,-1.6897499999999999
2.549,8.864875,1.861375,-1.8272499999999998
9.289000000000001,8.987875,2.5176250000000002,-1.6057499999999998
8.351,9.080125,1.5238749999999999,-1.6412499999999999
6.425000000000001,7.724875,3.3643750000000003,-1.0712499999999998
3.415,9.302875,2.5093750000000004,-2.95375
7.097,9.104125,3.098875,-2.17175
2.275,8.717125,2.059375,-1.0552499999999998
9.773,8.180875,2.2581249999999997,-1.5142499999999999
5.493,7.922125,2.8018750000000003,-1.4217499999999998
4.301,9.515875000000001,1.7181250000000001,-1.5412499999999998
7.259,8.529625,1.679875,-1.2527499999999998
3.879,7.041625,2.4831250000000002,-2.16425
8.659,7.384375,3.2586250000000003,-1.4362499999999998
2.191,8.873875,1.3078750000000001,-2.63075
6.6770000000000005,9.124375,3.928375,-1.1617499999999998
5.293,8.045875,3.7086250000000005,-2.74975
9.879000000000001,9.368875,3.517375,-1.6377499999999998
6.005000000000001,7.681375,1.256125,-1.26975
2.761,9.618625,2.9196250000000004,-1.8757499999999998
7.437,7.467625,2.685625,-1.43525
9.095,9.507625,2.391625,-1.8857499999999998
2.133,7.700875,3.8263750000000005,-2.08575
5.961,9.776875,2.2273750000000003,-1.45075
3.335,9.554125,2.3526249999999997,-1.63825
6.9670000000000005,8.771125,3.276625,-2.05375
6.659000000000001,8.276875,1.056625,-1.8347499999999999
2.295,9.578125,1.564375,-2.1317500000000003
6.049,8.280625,1.393375,-2.97925
3.349,9.464125,3.4333750000000003,-1.9012499999999999
3.021,7.160875,2.6721250000000003,-1.08825
6.423,8.922625,1.680625,-1.65225
4.695,7.290625,2.7471250000000005,-1.1577499999999998
8.903,7.501375,3.153625,-2.98925
4.837,8.121625,2.206375,-1.11075
9.421,7.190125,3.065875,-1.2102499999999998
4.1850000000000005,8.081875,2.749375,-2.26775
7.093000000000001,7.768375,3.836125,-1.41275
8.429,7.412125,1.868125,-1.2062499999999998
2.363,9.434125,2.939125,-1.3477499999999998
4.449,7.616875,2.052625,-1.8672499999999999
3.409,8.447125,1.400125,-1.86875
3.371,9.797125000000001,2.627875,-2.11875
7.359000000000001,7.613875,1.248625,-1.5892499999999998
9.915000000000001,8.924875,3.707875,-1.4357499999999999
3.4429999999999996,8.913625,1.541125,-1.8087499999999999
2.137,9.158125,2.251375,-1.8012499999999998
8.555,8.936875,2.218375,-1.93525
9.677,9.435625,1.059625,-2.42925
2.243,9.170125,2.806375,-1.5527499999999999
9.679,9.099625,2.7883750000000003,-2.78375
7.835000000000001,7.521625,2.746375,-2.71175
2.017,9.525625,1.693375,-1.25525
9.711,7.8786249999999995,3.8211250000000003,-2.65575
2.267,9.998875,2.657875,-2.26075
2.3529999999999998,8.444125,3.118375,-2.30875
9.215,7.221625,1.2898749999999999,-1.4422499999999998
2.059,9.822625,3.450625,-2.63625
5.385,7.365625,2.709625,-1.6877499999999999
7.567,8.637625,3.952375,-2.31625
5.067,7.719625,2.268625,-1.5957499999999998
2.895,7.477375,3.7603750000000002,-2.09475
5.901,9.902125,1.405375,-2.54975
5.117,8.207875,3.255625,-1.18525
2.259,9.962875,1.6288749999999999,-2.43425
8.755,9.939625,3.7026250000000003,-1.29825
3.653,7.817125,3.709375,-1.5407499999999998
2.1310000000000002,7.451125,2.429875,-2.62425
4.963,7.005625,3.317875,-2.30075
2.777,9.226375,1.367875,-2.38325
4.833,9.397375,2.388625,-2.4602500000000003
8.257000000000001,9.995125,1.670125,-2.87575
8.529,8.411125,2.7193750000000003,-2.61625
4.622999999999999,9.050875,1.271875,-1.58975
2.005,7.069375,1.092625,-2.02875
6.197,7.717375,2.9886250000000003,-2.16725
4.131,8.602375,2.669875,-1.17325
5.245,9.112375,1.891375,-2.46975
6.501,9.821875,3.1671250000000004,-1.34825
2.271,7.469875,2.145625,-2.7672499999999998
3.887,9.331375000000001,2.9916250000000004,-1.26175
5.809,9.504625,1.6641249999999999,-1.03425
9.737,8.705125,1.2658749999999999,-1.0272499999999998
2.521,9.621625,3.393625,-1.14675
4.365,9.689125,2.301625,-2.96475
2.519,9.987625000000001,2.9076250000000003,-1.8592499999999998
7.833,8.130625,3.221125,-2.28825
2.165,8.840875,2.226625,-2.41475
5.665,7.940875,2.809375,-2.07375
3.597,8.714875,3.133375,-2.62025
4.835,7.094875,2.6946250000000003,-2.36525
4.359,9.242125,3.646375,-2.04075
8.321000000000002,9.044875000000001,2.562625,-1.3417499999999998
9.039000000000001,9.864625,3.758875,-2.75975
2.657,8.511625,1.171375,-2.3762499999999998
4.161,9.530875,1.037875,-1.67475
3.3049999999999997,8.914375,1.020625,-2.52675
8.281,7.714375,3.853375,-2.55975
8.793,7.379125,3.2593750000000004,-2.12425
6.817,7.538125,1.547875,-2.20725
8.165,9.977875000000001,2.244625,-2.90425
2.963,7.787125,2.522125,-1.8067499999999999
9.741,7.024375,1.550875,-1.17075
6.839,9.437125,3.447625,-2.01225
6.579000000000001,8.181625,1.829125,-1.23125
5.215,9.083874999999999,1.801375,-1.1637499999999998
2.543,9.427375000000001,1.800625,-2.75425
7.253,9.318625,2.461375,-2.11075
9.527000000000001,9.044125000000001,1.2501250000000002,-1.0607499999999999
9.001000000000001,9.362125,3.770875,-2.74475
7.247000000000001,8.975125,3.558625,-1.31775
9.559000000000001,8.132875,3.4581250000000003,-2.24425
6.711,9.190375,2.7411250000000003,-2.66675
7.605,9.512875000000001,1.229875,-2.88475
4.977,9.959875,3.3883750000000004,-1.98175
8.419,7.594375,2.063875,-1.4037499999999998
4.147,7.353625,1.517125,-2.06225
4.025,9.452125,2.4703749999999998,-2.77875
8.311,9.974125,1.352875,-1.61875
9.269,8.065375,1.4533749999999999,-1.2667499999999998
6.343000000000001,9.692125,2.6938750000000002,-2.17325
4.335,7.400125,2.6383750000000004,-2.20025
2.367,7.021375,1.051375,-2.08325
5.211,7.378375,1.526875,-2.28925
3.949,7.726375,3.1528750000000003,-2.72875
5.6850000000000005,7.711375,1.841875,-1.3332499999999998
3.311,9.103375,1.227625,-1.01125
9.125,7.125625,2.716375,-2.50475
3.4269999999999996,7.767625,3.6606250000000005,-2.4762500000000003
7.909000000000001,7.277875,3.6583750000000004,-1.55375
2.6870000000000003,9.068875,2.700625,-2.95075
4.645,7.568875,2.996125,-1.97175
6.167000000000001,7.331125,2.450125,-1.2422499999999999
7.771000000000001,8.407375,2.239375,-1.26325
9.133000000000001,9.747625,3.178375,-1.1997499999999999
4.4830000000000005,8.496625,3.511375,-1.0752499999999998
7.841,7.445875,1.609375,-2.76525
4.111,9.981625000000001,2.058625,-1.2912499999999998
8.493,7.853125,2.210875,-1.41325
6.319000000000001,7.178875,1.973875,-1.8027499999999999
2.247,9.870625,2.8041250000000004,-2.44075
6.797000000000001,7.751875,1.607125,-1.47575
6.6690000000000005,7.140625,2.912125,-2.67525
3.8810000000000002,7.556125,2.4358750000000002,-2.09075
3.033,7.616125,3.560125,-1.5852499999999998
3.995,9.518125000000001,1.8478750000000002,-2.25525
3.5229999999999997,9.080875,1.166875,-2.92075
5.4350000000000005,8.287375,2.045875,-2.24175
2.173,7.486375,2.633125,-2.22075
4.211,7.282375,3.630625,-2.30125
7.477,7.744375,3.149125,-2.57825
8.047,9.486625,3.743125,-1.8737499999999998
5.635,9.325375000000001,1.040875,-2.63475
7.971,8.573875000000001,1.238125,-2.4202500000000002
3.5789999999999997,8.408875,3.3381250000000002,-1.25175
6.269,8.129125,2.5656250000000003,-2.57925
6.585000000000001,9.107125,3.813625,-2.81525
9.425,9.986875000000001,1.703875,-1.53225
6.611000000000001,8.034625,3.4693750000000003,-2.14275
6.793,9.667375,2.561875,-1.04175
8.763000000000002,9.115375,2.083375,-2.94175
9.221,9.035875,2.195125,-1.2282499999999998
6.257000000000001,7.958125,2.231125,-2.56775
9.443000000000001,8.986375,2.7876250000000002,-1.52575
8.563,7.067875,1.844875,-1.3067499999999999
9.529,7.7826249999999995,2.666875,-2.51875
5.413,7.662625,1.598875,-1.1017499999999998
7.243,7.247125,1.504375,-2.17975
7.819000000000001,8.070625,2.8813750000000002,-2.46875
7.385000000000001,8.405875,3.032125,-2.42675
6.139,9.401875,2.688625,-1.28975
4.539,7.082125,3.0283750000000005,-2.71475
3.325,9.074875,3.050875,-2.29225
3.5069999999999997,8.539375,1.8238750000000001,-1.61475
8.317,9.714625,2.231875,-1.5282499999999999
8.117,8.528125,2.829625,-2.10175
7.947,8.606875,2.925625,-1.86475
4.8149999999999995,7.256125,3.2488750000000004,-2.80175
9.807,7.754875,3.1641250000000003,-2.39975
9.423000000000002,8.893375,1.707625,-1.14025
5.883,9.181375,3.395125,-1.73375
9.973,8.359375,3.2158750000000005,-2.15125
3.665,9.315625,3.534625,-1.94125
3.719,7.562125,2.2828749999999998,-2.77225
2.121,7.319875,1.840375,-1.91125
7.4110000000000005,7.048375,3.908125,-1.64025
6.073,7.039375,1.956625,-1.44125
4.3309999999999995,9.576625,2.438125,-1.0852499999999998
8.055,9.049375000000001,3.416125,-1.94525
3.9050000000000002,9.389125,2.961625,-2.63375
7.023000000000001,7.590625,3.4513750000000005,-2.44725
7.079000000000001,9.380875,3.324625,-1.2602499999999999
3.835,7.846375,3.607375,-2.98575
3.8369999999999997,8.278375,2.004625,-1.30425
4.661,9.638125,3.487375,-2.51825
4.351,7.857625,2.400625,-1.08225
9.793,9.982375000000001,1.584625,-1.13225
6.601000000000001,8.007625,2.177125,-2.27075
5.205,8.262625,1.9093749999999998,-1.78375
4.225,8.698375,1.191625,-2.52625
7.6690000000000005,7.962625,1.422625,-1.1882499999999998
5.984999999999999,8.952625000000001,1.739875,-2.12925
4.665,8.905375,2.567125,-1.6512499999999999
4.679,8.151625,1.615375,-1.20525
4.715,7.625875,3.341125,-1.90925
2.221,9.694375,1.657375,-2.2727500000000003
6.907,7.669375,1.297375,-2.69975
9.809000000000001,9.323875000000001,1.713625,-1.6532499999999999
9.317,7.727875,1.715875,-2.01275
2.645,7.192375,1.158625,-1.21525
8.653,9.146875,3.1918750000000005,-2.71925
3.4669999999999996,9.491875,2.122375,-2.82375
9.505,9.818125,1.334875,-2.41525
8.745000000000001,9.129625,2.056375,-1.19475
6.455,7.640875,1.562125,-2.87025
8.535,7.892875,2.028625,-2.12125
5.186999999999999,9.716125,2.5296250000000002,-2.03025
9.193000000000001,8.991625,2.311375,-1.79175
8.981000000000002,9.623125,1.614625,-1.22525
8.681000000000001,7.667125,2.291875,-1.4637499999999999
7.1450000000000005,9.020875,3.170875,-1.68525
8.925,7.139125,2.756875,-2.76125
5.491,9.758125,3.4123750000000004,-2.20425
4.968999999999999,8.420125,3.380875,-1.31975
5.147,7.446625,3.160375,-2.3592500000000003
3.8049999999999997,7.5036249999999995,2.228875,-2.97625
5.261,9.976375,1.028125,-1.13025
8.609000000000002,9.138625000000001,3.779875,-1.8692499999999999
5.399,8.571625000000001,3.882625,-2.45325
7.573,7.413625,2.5333750000000004,-2.82425
4.587,7.498375,1.819375,-1.98925
8.797,7.932625,3.419125,-2.06325
5.909,8.617375000000001,1.837375,-2.72525
7.399,7.043875,1.4886249999999999,-1.8112499999999998
7.783,7.796875,1.025125,-2.47775
4.984999999999999,7.027375,2.099125,-2.34475
3.2809999999999997,8.561875,3.6546250000000002,-2.98075
6.365,7.6423749999999995,3.2578750000000003,-2.54925
5.979,9.980875000000001,3.416875,-2.60475
4.3469999999999995,9.743875,3.519625,-1.4787499999999998
9.749,7.267375,1.8396249999999998,-1.27125
4.871,7.557625,3.347125,-2.27025
8.483,9.043375000000001,3.543625,-1.62825
4.7330000000000005,8.948875000000001,3.0103750000000002,-2.29475
8.513000000000002,9.723625,3.4671250000000002,-2.43725
4.218999999999999,8.726125,3.699625,-2.02675
7.1290000000000004,7.367875,1.646875,-1.04375
8.803,9.316375,3.8668750000000003,-1.06625
8.119,8.124625,1.523125,-2.44575
8.937000000000001,7.721875,3.0156250000000004,-2.35175
3.817,9.367375,2.485375,-2.56525
5.4190000000000005,7.558375,3.2938750000000003,-1.4602499999999998
6.529000000000001,9.617125,3.190375,-1.0472499999999998
6.371,9.388375,3.932125,-2.87175
5.755,7.770625,3.7843750000000003,-1.12625
2.809,9.536875,3.9943750000000002,-1.2077499999999999
3.9130000000000003,7.461625,1.736125,-1.90475
4.1690000000000005,8.306125,2.3736249999999997,-2.14725
5.371,8.026375,2.090125,-1.2992499999999998
9.071000000000002,8.400625,1.007125,-2.81575
6.815,8.782375,2.215375,-2.65675
7.807,8.555875,1.228375,-1.0207499999999998
9.597000000000001,9.762625,3.916375,-1.2747499999999998
7.715000000000001,9.470125,3.995125,-1.97525
6.823,9.476875,2.404375,-1.8492499999999998
9.417000000000002,9.338125,2.398375,-2.88525
2.103,8.163625,1.310125,-1.04775
4.289,7.232875,1.204375,-1.7762499999999999
5.425,8.737375,1.200625,-1.9657499999999999
6.017,7.428625,2.915125,-1.65875
2.069,8.288875,1.805875,-2.09925
4.641,7.930375,2.595625,-2.00075
8.277000000000001,7.189375,2.821375,-1.16725
5.529,7.307875,1.1203750000000001,-2.47025
6.753,8.327875,1.109125,-2.35075
6.781000000000001,9.197875,1.388125,-2.34275
6.043,9.306625,3.593125,-1.8212499999999998
5.7829999999999995,9.710875,2.057125,-2.15925
8.521,9.369625,1.592125,-1.8752499999999999
6.979,8.484625,1.619875,-1.8677499999999998
5.925,9.102625,1.321375,-2.6622500000000002
4.243,8.301625,3.761875,-2.44875
5.773,7.373125,1.760125,-2.79475
6.487,7.191625,2.9803750000000004,-1.1417499999999998
9.131,7.599625,2.217625,-2.55225
6.599,8.941375,3.548125,-1.1537499999999998
4.603,7.020625,2.8408750000000005,-1.49925
3.831,8.741875,3.9531250000000004,-2.86625
3.2169999999999996,9.283375,1.8171249999999999,-2.0387500000000003
8.477,8.396875,3.497875,-1.7887499999999998
8.713000000000001,8.848375,1.458625,-1.69325
7.7090000000000005,9.335875,3.2563750000000002,-1.8092499999999998
8.411000000000001,9.062875,3.7146250000000003,-1.05775
6.433000000000001,8.357125,3.317125,-1.35225
7.375000000000001,7.706875,3.293125,-2.49925
7.433000000000001,7.339375,1.3438750000000002,-1.08025
6.739000000000001,7.103125,2.344375,-1.20275
8.421,8.864125,1.358125,-1.58425
5.197,8.382625,2.909125,-2.03275
5.175,7.176625,2.845375,-1.05025
7.883000000000001,7.756375,3.638125,-1.84225
9.631,9.807625,2.697625,-2.66425
3.511,9.881125,3.6846250000000005,-2.58875
2.877,7.505125,3.863875,-2.47925
8.139,9.642625,2.7201250000000003,-1.4622499999999998
9.909,9.862375,3.689875,-2.91325
6.917000000000001,9.477625,1.463125,-2.74625
7.7330000000000005,9.766375,3.0568750000000002,-2.05025
2.425,7.776625,3.7363750000000002,-2.78525
8.687000000000001,9.473875,1.492375,-1.0932499999999998
2.635,8.267875,1.159375,-1.48725
8.275,7.314625,1.082875,-2.35825
9.569,9.906625,1.5463749999999998,-2.29675
4.895,8.720875,2.867125,-1.9422499999999998
6.441000000000001,9.383875,2.447875,-2.64525
8.977,9.137875000000001,2.064625,-1.9397499999999999
8.417000000000002,7.204375,2.758375,-1.0002499999999999
9.305,8.106625,1.522375,-1.96725
5.151,7.657375,3.4971250000000005,-1.3127499999999999
4.789,9.888625000000001,3.454375,-1.40475
9.607,8.600875,3.909625,-2.39525
5.367,7.6431249999999995,2.113375,-1.0007499999999998
3.609,7.844875,1.129375,-2.22275
7.251,7.990375,2.200375,-1.79375
6.811000000000001,9.248125,3.648625,-2.98025
7.977,7.559125,2.172625,-2.65975
2.785,9.842125,2.639125,-2.46575
2.597,8.003875,1.912375,-1.9037499999999998
2.957,9.302125,2.005375,-2.74325
6.359,9.215125,1.260625,-1.6452499999999999
5.523,7.728625,2.129875,-1.7607499999999998
9.847000000000001,9.338875,3.982375,-1.84875
3.981,9.039625000000001,1.5351249999999999,-1.7542499999999999
3.759,9.590875,1.865875,-1.37875
5.161,7.072375,1.142125,-2.46375
3.5549999999999997,8.681125,3.108625,-1.47725
9.939,8.001625,3.220375,-1.5427499999999998
4.793,9.922375,2.7906250000000004,-1.65475
4.957,8.165125,3.2106250000000003,-2.22425
9.641000000000002,8.379625,3.555625,-1.86225
8.611,9.608875000000001,1.424125,-1.5912499999999998
8.705,9.187375,3.875125,-2.2512499999999998
9.489,7.785625,1.936375,-1.10025
9.477,7.187875,2.466625,-2.73875
7.8950000000000005,9.808375,2.586625,-2.96175
8.027000000000001,9.858625,3.3906250000000004,-1.2367499999999998
7.9830000000000005,8.682625,2.424625,-1.87675
5.285,9.005875,3.1678750000000004,-2.98175
2.997,8.316625,3.605875,-1.9577499999999999
7.525,7.151875,1.9296250000000001,-1.40925
9.709,8.657125,3.464875,-1.1902499999999998
3.973,9.680125,3.649375,-2.6237500000000002
8.111,9.359875,1.5891250000000001,-1.6657499999999998
4.425,8.464375,2.3196250000000003,-1.97725
8.373000000000001,9.156625,3.415375,-2.20625
7.849,8.853625000000001,1.714375,-1.1377499999999998
3.171,8.581375,1.5471249999999999,-1.68075
2.697,7.434625,3.721375,-1.9682499999999998
8.683,8.597875,3.0613750000000004,-2.97125
2.241,8.335374999999999,1.391125,-2.69275
2.545,9.482875,1.804375,-1.9987499999999998
6.245,7.753375,1.8756249999999999,-2.92375
7.663,7.814875,3.3786250000000004,-1.0252499999999998
8.313,8.627875,2.453125,-1.91925
4.769,8.480875,1.7218749999999998,-2.16075
9.891000000000002,8.111125,3.8233750000000004,-1.3437499999999998
9.525,9.054625,3.4843750000000004,-2.66725
8.401,9.741625,1.784125,-1.9502499999999998
2.943,8.125375,1.622875,-2.61525
7.9510000000000005,7.055875,1.580125,-1.4887499999999998
4.109,7.112125,1.014625,-2.23975
7.719,8.341375,3.695875,-1.5047499999999998
4.227,8.390125,2.292625,-1.81225
7.115,8.171125,3.131875,-1.68925
6.9510000000000005,9.056875,1.007875,-1.61425
2.609,7.604125,1.704625,-2.65175
3.617,8.489875,3.9178750000000004,-2.99125
4.441,8.129875,1.9926249999999999,-1.8712499999999999
2.565,7.484875,3.4491250000000004,-2.02575
5.313000000000001,8.302375,1.7541250000000002,-1.4947499999999998
7.9270000000000005,8.857375000000001,1.149625,-1.90625
8.511,7.910125,3.650875,-2.31675
9.603000000000002,7.861375,1.026625,-1.1542499999999998
8.333,8.377375,2.7073750000000003,-2.79025
5.553,8.834125,3.332875,-1.47525
2.607,9.243625,3.918625,-2.31425
7.549,8.269375,2.075125,-1.1562499999999998
8.303,9.330625000000001,2.406625,-2.91025
5.8870000000000005,8.402875,1.539625,-2.3057499999999997
4.177,9.575875,1.877875,-1.35475
9.359000000000002,9.349375,1.215625,-1.44075
5.833,9.382375,2.850625,-1.17875
6.019,9.632125,1.690375,-2.84875
5.933,8.477125000000001,1.252375,-2.72025
8.593,8.880625,1.850875,-1.4157499999999998
3.473,8.094625,2.006875,-1.4667499999999998
3.851,7.772875,3.242875,-1.5732499999999998
3.8449999999999998,8.066875,1.607875,-2.92275
7.891,7.904875,1.5126249999999999,-2.3137499999999998
8.747,9.566875,2.950375,-1.40725
5.119,9.734125,3.158125,-2.37875
3.809,9.267625,1.015375,-2.66125
2.019,9.223375,3.4251250000000004,-2.32775
4.447,9.038125,1.267375,-1.20125
9.661000000000001,7.760125,2.576125,-1.3112499999999998
4.215,8.012875,1.289125,-1.5102499999999999
3.333,9.849625,2.411875,-2.5772500000000003
8.741,9.905125,2.539375,-1.7322499999999998
6.861000000000001,7.797625,1.595875,-2.57375
6.593000000000001,9.819625,1.709125,-2.45275
3.061,7.723375,3.526375,-1.4747499999999998
2.273,7.358875,2.489875,-1.8292499999999998
9.155000000000001,8.773375,3.016375,-2.08125
3.593,9.824875,2.139625,-2.21175
9.243,8.744125,1.316875,-1.36425
4.207,7.330375,2.4696249999999997,-2.62875
2.345,8.804125,2.7643750000000002,-1.38475
6.789000000000001,9.979375000000001,1.7331249999999998,-1.49175
6.7490000000000006,7.883125,1.9873750000000001,-1.4322499999999998
7.737,9.890125000000001,3.3763750000000003,-1.0937499999999998
9.353000000000002,9.176125,1.979875,-1.39275
7.3870000000000005,8.279125,1.319125,-2.18325
9.297,7.226125,3.074875,-2.97175
2.527,8.519125,2.803375,-1.48775
3.775,9.770875,2.026375,-2.94325
2.9370000000000003,9.280375,2.9826250000000005,-2.48975
2.407,7.439875,3.767125,-2.43175
3.899,8.556625,3.639625,-2.02175
8.339,8.436625,2.5926250000000004,-2.75525
7.339,9.789625000000001,1.814875,-2.29325
4.741,8.883625,1.325875,-2.1182499999999997
4.145,7.765375,1.027375,-2.19875
3.891,7.181125,3.9366250000000003,-1.3752499999999999
2.049,7.097875,1.444375,-1.33625
2.9290000000000003,8.304625,3.0351250000000003,-2.99625
5.457,9.209125,2.303125,-2.97475
9.233,8.161375,3.348625,-2.21525
6.445,8.177875,2.8498750000000004,-1.53625
3.077,9.143125000000001,3.8203750000000003,-2.71675
9.483,7.223125,3.792625,-1.8252499999999998
9.591000000000001,7.584625,2.546875,-2.68575
9.267,8.037625,3.452875,-2.59725
2.491,7.186375,3.5496250000000003,-2.09025
4.0809999999999995,8.354125,2.216875,-1.5452499999999998
4.775,7.161625,1.093375,-1.3207499999999999
7.659000000000001,7.109875,2.207875,-2.73725
8.835,7.287625,2.100625,-1.01975
2.9530000000000003,9.535375,1.202125,-2.23025
8.263000000000002,9.941875,3.9628750000000004,-1.7117499999999999
5.031000000000001,8.219125,1.235875,-1.1657499999999998
4.965,9.737125,2.690125,-2.97025
7.141,7.086625,3.3073750000000004,-2.51625
4.993,9.084624999999999,3.404875,-1.32975
5.861,9.693625,2.754625,-2.46625
6.293,7.270375,3.437125,-1.04825
8.649000000000001,7.233625,3.0741250000000004,-1.9217499999999998
9.349,8.771875,2.315125,-2.15825
8.131,8.870125,1.611625,-2.72675
3.953,8.409625,2.330875,-2.94275
7.905,7.875625,3.977125,-2.15875
9.899000000000001,8.635375,3.615625,-2.33625
2.027,9.347125,2.6121250000000003,-1.5107499999999998
4.659,7.452625,2.6316250000000005,-1.0747499999999999
9.621,7.793875,2.573125,-2.20775
9.363,9.662875,1.878625,-2.7327500000000002
4.727,9.820375,3.559375,-2.47075
2.731,9.101875,2.009875,-1.1397499999999998
9.681000000000001,9.323125000000001,2.512375,-1.30175
9.135000000000002,8.087125,3.488125,-2.74775
8.873000000000001,7.301125,3.9718750000000003,-2.16975
6.053000000000001,9.487375,3.2796250000000002,-2.33575
9.343,9.764875,2.558125,-2.38575
3.135,9.344125,1.144375,-1.9142499999999998
3.727,7.859875,1.623625,-2.27475
7.319000000000001,9.813625,3.5031250000000003,-2.84725
3.3890000000000002,8.819125,1.377625,-2.07475
8.455,7.127125,2.703625,-2.79675
7.405,9.663625,3.384625,-1.4742499999999998
9.115,8.536375,3.4033750000000005,-1.28175
5.029,7.091125,1.088875,-2.70575
5.359,8.642875,2.5408749999999998,-2.48125
5.535,8.186875,2.8821250000000003,-1.98725
3.097,9.033625,1.625125,-1.05975
2.421,9.800125000000001,1.8868749999999999,-1.58025
4.590999999999999,7.964875,2.681125,-1.3652499999999999
9.351,7.872625,2.456875,-2.51175
4.513,9.674125,1.484875,-1.9522499999999998
6.405,7.272625,3.1633750000000003,-2.20925
3.985,7.181875,3.1071250000000004,-2.19275
2.771,9.404125,1.994875,-1.1677499999999998
8.083,8.325625,2.285125,-1.8207499999999999
3.9589999999999996,8.858875000000001,1.131625,-1.61225
7.027,8.100625,2.619625,-1.4562499999999998
2.843,7.793125,2.771875,-2.80325
5.5489999999999995,9.585625,2.395375,-1.05225
7.285,8.201875,3.336625,-2.28525
7.309,7.088125,2.363875,-2.85375
7.207000000000001,9.364375,1.6063749999999999,-1.29225
6.9110000000000005,7.991875,1.602625,-2.24775
8.869,9.430375,2.9773750000000003,-2.06975
6.9270000000000005,8.810125,1.775875,-1.0832499999999998
8.901,7.7151250000000005,1.141375,-2.09275
2.8369999999999997,8.985625,1.274125,-1.4827499999999998
3.521,8.314375,1.411375,-1.5552499999999998
6.347,8.286625,2.174875,-1.1777499999999999
7.191000000000001,7.817875,1.892125,-2.64475
7.065,7.010875,3.458875,-2.72825
8.693000000000001,9.378625,2.178625,-2.4827500000000002
7.2410000000000005,7.322125,1.136875,-2.6317500000000003
6.4750000000000005,8.090875,2.8116250000000003,-1.23975
8.595,9.361375,1.6521249999999998,-1.9927499999999998
8.141000000000002,8.898625000000001,2.378875,-1.29375
6.431,9.893125000000001,2.097625,-1.0857499999999998
7.063000000000001,9.928374999999999,3.8083750000000003,-2.89425
4.397,7.491625,2.970625,-1.09225
3.751,9.804625,1.359625,-2.80925
6.297000000000001,9.844375,3.806125,-2.38275
8.839,9.131125,1.771375,-2.34175
8.335,8.753125,1.610875,-2.63675
2.013,8.459125,1.112875,-1.78775
4.625,7.101625,3.510625,-2.09725
4.5809999999999995,9.116125,2.4216249999999997,-2.42075
5.851,8.498875,3.126625,-1.20925
5.835,7.823875,2.682625,-1.1032499999999998
7.157,8.157625,2.316625,-2.13225
6.559,9.834624999999999,1.292125,-1.76725
8.349,8.534875,1.310875,-1.8332499999999998
4.195,9.530125,3.7251250000000002,-1.6742499999999998
2.667,9.398875,1.7698749999999999,-2.35875
5.551,9.668875,1.147375,-1.2582499999999999
6.097,7.781124999999999,2.158375,-2.94725
6.4670000000000005,7.601125,1.7458749999999998,-1.85075
8.955,9.652375,3.5976250000000003,-2.2247500000000002
5.3469999999999995,7.738375,2.181625,-1.51525
8.667000000000002,7.061875,3.019375,-2.79575
3.035,9.484375,3.0958750000000004,-2.38125
9.285,7.529125,2.8843750000000004,-1.4542499999999998
8.323,7.507375,3.014875,-2.11975
5.711,7.004875,1.287625,-1.3837499999999998
3.279,8.777875,1.943875,-2.45425
9.611,7.836625,2.6968750000000004,-2.24125
8.863,9.252625,2.325625,-2.77825
6.633,8.244625,1.094875,-1.96325
6.377000000000001,9.660625,1.480375,-1.2262499999999998
2.281,8.858125,3.3756250000000003,-1.5907499999999999
9.279,8.533375,1.347625,-2.84175
5.465,8.080375,3.698875,-2.01075
5.539,9.727375,1.281625,-2.92775
4.849,7.513375,1.044625,-1.6582499999999998
8.461,8.948125000000001,2.350375,-2.70625
6.553000000000001,8.726875,3.265375,-2.63425
6.381,9.222625,3.752875,-1.2387499999999998
9.549,9.285625,2.3428750000000003,-2.81725
3.569,7.492375,1.008625,-1.4802499999999998
2.533,8.756125,3.245125,-2.32675
2.3609999999999998,9.431875,3.8451250000000003,-2.21225
6.697,8.900875000000001,3.0456250000000002,-1.71925
8.515,8.723125,1.710625,-1.80175
8.485,7.131625,2.027875,-1.41875
3.5629999999999997,9.841375,3.1738750000000002,-2.01775
3.519,8.674375000000001,1.421875,-1.48125
3.025,9.191875,2.333125,-1.48325
3.137,9.299125,3.358375,-2.4387499999999998
3.635,9.637375,1.146625,-2.38375
4.443,8.875375,2.153875,-2.70875
4.067,7.693375,2.876875,-2.64975
8.209,8.078125,2.3758749999999997,-2.56825
9.935,7.113625,1.350625,-1.86025
3.301,9.635875,3.829375,-1.73325
6.3950000000000005,8.851375,2.381875,-2.24975
2.727,7.4563749999999995,1.043125,-2.31525
3.037,7.1998750000000005,2.322625,-1.51125
4.489,9.756625,1.752625,-2.69825
6.493,8.487625,1.964875,-2.38075
9.951,9.321625000000001,3.764125,-1.1797499999999999
2.073,7.838875,2.561125,-1.0667499999999999
8.505,9.212125,3.8331250000000003,-1.96675
9.731000000000002,7.838125,2.269375,-1.02575
8.227,8.553625,2.2731250000000003,-2.93925
3.001,9.070375,1.271125,-2.85125
8.229,7.907125,2.246875,-2.49025
7.585000000000001,9.024625,2.300125,-1.23775
8.641000000000002,9.900625,1.182625,-1.67125
6.089,8.793625,3.940375,-2.24025
8.273,8.141125,1.588375,-1.1482499999999998
3.059,8.217625,1.086625,-2.85525
2.879,9.021625,2.457625,-1.59175
5.2989999999999995,7.427125,1.098625,-2.59825
6.865,9.295375,1.449625,-1.9842499999999998
7.531000000000001,8.950375000000001,3.225625,-1.89675
3.683,9.584125,3.6906250000000003,-1.95925
9.725000000000001,7.3408750000000005,1.661125,-2.28175
8.225000000000001,7.555375,2.9563750000000004,-2.01175
6.373,7.695625,3.676375,-1.9202499999999998
3.857,9.332875,2.6466250000000002,-2.33025
3.083,7.6438749999999995,3.7131250000000002,-1.4117499999999998
7.229,7.424875,2.417125,-1.76775
8.961,7.061125,1.065625,-1.32425
3.263,9.440875,3.208375,-1.46975
3.863,8.186125,1.576375,-2.15425
6.237,9.602875000000001,2.224375,-1.70925
3.343,9.851125,2.6241250000000003,-2.83425
2.109,9.265375,2.265625,-1.77325
5.452999999999999,7.606375,2.417875,-2.62275
2.689,7.348375,1.472125,-2.03175
3.421,9.255625,2.3188750000000002,-2.12025
5.5809999999999995,7.344625,2.826625,-1.9947499999999998
9.097000000000001,7.703125,3.3741250000000003,-2.07875
5.609,7.241875,2.2491250000000003,-1.90425
6.649,7.453375,2.543125,-1.07625
5.247,7.708375,1.368625,-1.3252499999999998
8.613,9.876625,2.077375,-2.05225
4.337,9.492625,1.412125,-2.36225
3.173,7.218625,2.309875,-1.54225
3.529,8.921125,3.769375,-2.0307500000000003
7.1690000000000005,9.551125,3.147625,-2.13375
5.801,9.250375,3.0373750000000004,-2.33975
9.923000000000002,8.980375,1.952875,-2.24625
8.695,9.004375,1.667875,-1.9162499999999998
9.379000000000001,8.803374999999999,3.3186250000000004,-2.05075
4.239,8.925625,3.029125,-1.5327499999999998
5.239,8.372125,1.316125,-2.12975
9.043,9.719125,3.674125,-2.38525
5.713,8.146374999999999,2.7186250000000003,-1.36625
7.091,8.451625,3.4948750000000004,-1.2022499999999998
8.787,7.931125,2.8476250000000003,-2.56175
9.211,8.576125000000001,2.7058750000000003,-2.15525
6.055000000000001,7.471375,3.613375,-1.28625
2.615,9.452875,2.221375,-2.43475
2.471,8.661625,3.557125,-2.67775
3.195,9.193375,2.990125,-2.65125
7.929,8.419375,1.826875,-1.9442499999999998
4.477,9.940375,2.208625,-1.6962499999999998
9.361,9.523375,1.649125,-1.42675
6.873,9.008875,3.6321250000000003,-1.81375
7.265000000000001,7.671625,1.9048749999999999,-1.4722499999999998
5.606999999999999,8.795875,1.807375,-2.33925
5.547000000000001,7.052125,1.466875,-1.25375
2.4050000000000002,8.432125,2.6751250000000004,-1.0592499999999998
2.711,8.171875,1.103125,-2.05675
3.841,8.648125,3.101125,-1.93725
2.885,9.555625,2.2573749999999997,-1.2722499999999999
9.045000000000002,7.185625,2.621125,-2.3352500000000003
5.977,7.8291249999999994,2.230375,-2.70275
4.753,8.376625,2.405125,-1.8147499999999999
8.645,8.458375,3.346375,-2.50225
5.417,8.823625,1.085875,-2.91475
7.067,9.626875,1.931125,-1.16075
6.6290000000000004,8.838625,2.0481249999999998,-2.85575
9.335,7.417375,2.473375,-2.47825
6.051,9.225625,3.759625,-1.5307499999999998
5.271,7.786375,3.7633750000000004,-1.29175
5.657,8.987125,3.4461250000000003,-1.75975
3.285,7.216375,3.079375,-2.10325
9.775,7.747375,2.459875,-2.69475
3.7409999999999997,8.495125,2.997625,-1.40275
7.113,7.771375,1.466125,-1.4642499999999998
4.881,8.608375,2.030125,-2.65725
5.345,7.660375,1.8231249999999999,-1.52125
8.025,9.458125,3.734875,-2.69725
2.523,9.765625,2.851375,-2.43975
7.545000000000001,9.083125,2.428375,-2.72375
8.501000000000001,9.677875,3.4558750000000003,-2.1622500000000002
2.535,7.987375,2.072875,-2.44825
3.5309999999999997,8.415625,1.7661250000000002,-1.1172499999999999
5.439,8.513875,2.252125,-2.32125
4.917,7.674625,1.751125,-2.59675
4.911,7.637125,3.846625,-2.06425
6.779000000000001,7.406875,1.7871249999999999,-2.53925
9.025,9.726625,1.7916249999999998,-1.2407499999999998
7.2170000000000005,8.028625,2.9526250000000003,-2.5252499999999998
2.989,9.907375,3.110125,-2.71075
9.391000000000002,7.8306249999999995,1.610125,-2.50425
9.013000000000002,8.238624999999999,3.254875,-1.76175
2.321,9.650125,2.5086250000000003,-1.82575
5.159,7.544875,3.499375,-2.95475
7.797000000000001,8.249875,1.988125,-1.04025
2.555,7.206625,3.6793750000000003,-2.54875
4.891,7.534375,1.498375,-1.1452499999999999
5.8469999999999995,8.889625,3.020125,-2.72625
4.7509999999999994,7.197625,1.163125,-1.35625
7.159000000000001,7.826125,3.2856250000000005,-2.56975
2.581,9.155125,1.903375,-2.12575
3.385,9.268375,3.5376250000000002,-1.5592499999999998
4.657,7.219375,1.881625,-2.47425
6.503,8.337625,3.673375,-2.21775
5.633,9.661375,1.054375,-1.48925
3.703,7.574125,2.743375,-1.98975
3.549,9.842875,2.8933750000000003,-1.75575
3.877,9.319375,2.175625,-1.39475
8.091000000000001,8.687875,1.190125,-2.1727499999999997
7.057,9.968875,2.182375,-2.98475
8.381,9.281125,3.557875,-1.0242499999999999
6.897,8.692375,2.236375,-2.06875
6.675000000000001,7.160125,1.9416250000000002,-1.0452499999999998
2.505,8.730625,1.872625,-1.91025
2.563,8.475625,3.498625,-1.65925
2.489,7.844125,2.5348750000000004,-2.09575
7.005000000000001,8.009125000000001,2.774125,-1.61075
9.953,7.135375,1.696375,-2.81225
8.089,8.957125,3.2098750000000003,-1.67725
7.103000000000001,8.591125,2.237125,-2.01525
9.251000000000001,7.211125,2.7426250000000003,-1.23525
6.643000000000001,9.125875,3.254125,-2.76875
4.170999999999999,8.295625,1.888375,-2.79525
6.463,8.025625,2.134375,-2.40375
8.043,7.625125,3.595375,-2.45925
4.651,9.396625,2.724625,-1.94725
9.667000000000002,8.671375000000001,1.677625,-2.64175
7.953,8.939875,2.482375,-2.43525
7.517,7.169125,2.154625,-2.2102500000000003
2.253,8.788375,1.964125,-2.13025
4.105,8.802625,3.230125,-1.0307499999999998
9.795000000000002,8.855125000000001,2.772625,-2.08275
6.391,8.721625,3.6598750000000004,-2.42875
5.381,8.530375,2.199625,-2.46175
7.085000000000001,9.666625,3.107875,-1.3612499999999998
6.307,7.304875,1.526125,-1.3697499999999998
8.983,9.390625,2.6773750000000005,-2.19625
2.923,9.026125,3.544375,-1.16275
8.127,8.663875,2.6001250000000002,-2.13775
9.291,7.238125,3.5728750000000002,-2.63275
8.663,9.835375,3.1768750000000003,-2.33075
6.353000000000001,7.8778749999999995,1.317625,-2.82825
4.955,9.298375,2.6503750000000004,-1.15275
6.801,9.781375,3.3306250000000004,-2.39575
3.237,7.196875,1.217875,-2.64825
7.021000000000001,7.683625,3.997375,-2.35525
2.649,8.672125000000001,2.864125,-2.02125
2.453,7.969375,2.013625,-2.96375
4.122999999999999,9.158875,3.041125,-1.38225
3.695,8.196625000000001,2.0248749999999998,-1.4137499999999998
5.573,7.995625,1.170625,-1.66325
9.541,9.476125,2.1643749999999997,-1.4337499999999999
9.523,9.233875000000001,3.600625,-1.98375
6.205,7.210375,3.275125,-2.25725
3.0709999999999997,8.229625,2.144875,-1.99925
8.199000000000002,8.665375000000001,1.285375,-1.15475
2.875,8.366875,2.7448750000000004,-2.35975
2.481,9.239875000000001,3.848875,-1.10425
8.581,9.363625,2.031625,-1.5432499999999998
8.183,9.290125,2.579875,-1.05375
6.759,9.989875000000001,1.876375,-2.24725
4.329,9.643375,3.125875,-2.69525
3.395,9.182875,2.523625,-1.2682499999999999
7.461,8.013625,3.872875,-1.06775
7.301,9.317875,2.246125,-1.3672499999999999
2.289,8.643625,1.874125,-2.69575
9.223,8.929375,2.8596250000000003,-1.62475
6.4430000000000005,7.694875,3.849625,-1.28825
8.285,9.208375,2.936875,-1.99775
5.415,9.775375,2.006125,-2.23425
5.649,9.027625,3.5886250000000004,-2.02475
3.675,8.847625,2.793625,-1.0062499999999999
3.093,7.515625,3.248125,-1.7932499999999998
5.071,8.686375,2.7418750000000003,-2.29175
5.647,7.524625,3.8916250000000003,-1.3152499999999998
3.133,8.438875,2.0683749999999996,-2.53375
9.145,8.393875,3.3966250000000002,-1.2487499999999998
4.707,7.286125,1.100875,-2.07275
5.691,9.931375,2.320375,-1.9197499999999998
3.7329999999999997,7.143625,1.135375,-1.73525
9.017,8.465125,2.3751249999999997,-1.6297499999999998
3.315,9.218125,1.166125,-2.02325
9.127,8.029375,3.3771250000000004,-2.1157500000000002
3.485,7.909375,2.780875,-1.6997499999999999
2.501,9.983125000000001,1.844125,-2.58925
3.787,8.127625,1.5823749999999999,-1.0347499999999998
7.665,7.438375,1.109875,-2.77075
8.913,7.259125,3.9238750000000002,-1.7057499999999999
6.2490000000000006,9.241375,1.258375,-2.12775
2.995,7.637875,2.6286250000000004,-1.11475
3.811,7.121875,2.6046250000000004,-2.16825
4.372999999999999,8.759125000000001,3.674875,-1.0612499999999998
2.717,7.421875,1.832125,-2.87875
2.8609999999999998,7.516375,1.110625,-1.59425
4.897,9.993625,2.104375,-2.37925
6.1930000000000005,8.587375,1.636375,-1.5447499999999998
4.143,8.558875,1.084375,-2.47975
5.8149999999999995,9.380125,2.732875,-1.02175
7.211,9.548125,3.935125,-1.2702499999999999
9.283000000000001,9.967375,3.653875,-2.10275
9.381,9.151375,2.111125,-1.2622499999999999
5.561,8.772625,2.922625,-2.89775
9.801,8.712625,2.6728750000000003,-2.51725
5.559,9.168625,1.4526249999999998,-2.45375
8.811,7.868875,1.937875,-1.34625
6.4350000000000005,7.535125,1.121125,-2.95025
7.837000000000001,7.301875,2.439625,-1.7262499999999998
7.613,7.802125,3.386875,-2.82075
3.567,9.170875,1.370125,-1.5887499999999999
5.589,9.307375,2.111875,-2.7407500000000002
8.643,9.000625,2.195875,-1.40675
8.001000000000001,7.820125,1.3483749999999999,-2.48225
7.323,7.283125,2.831125,-1.1517499999999998
7.969,9.236125,2.3908750000000003,-1.5747499999999999
2.309,7.943125,2.183125,-1.5652499999999998
2.775,8.234125,2.6346249999999998,-1.0107499999999998
2.129,7.133125,3.719125,-2.49525
3.207,8.747125,2.408125,-2.30625
9.065000000000001,9.473125,3.3508750000000003,-1.24575
4.711,7.547125,1.077625,-1.88825
6.4910000000000005,9.920125,2.641375,-1.21975
7.789000000000001,9.933625,1.145125,-1.80975
4.759,9.142375,2.7778750000000003,-1.7487499999999998
2.891,8.593375,1.031875,-1.1272499999999999
9.687000000000001,8.465875,1.751875,-1.13875
9.345,9.659125,2.394625,-2.46775
2.085,9.419125000000001,2.057875,-2.83925
4.638999999999999,7.172875,3.278875,-2.8297499999999998
2.949,9.173125,1.2193749999999999,-1.83975
8.221,9.688375,3.8773750000000002,-1.16675
4.179,8.324125,2.328625,-2.42125
4.709,7.685125,1.527625,-2.39725
6.673,9.686125,3.876625,-1.54025
6.7010000000000005,9.612625000000001,2.596375,-1.4222499999999998
2.613,7.304125,2.465875,-1.5632499999999998
9.689,7.613125,2.442625,-1.22575
6.583,9.034375,3.138625,-2.71225
8.727,9.935875,1.590625,-2.33225
3.651,7.028125,2.7103750000000004,-1.67275
7.1850000000000005,9.588625,2.450875,-2.31575
6.769,8.133625,1.391875,-2.60225
8.957,9.623875,1.7346249999999999,-2.96675
5.791,8.523625000000001,3.581125,-2.80825
8.215,7.097125,1.240375,-2.18375
3.827,8.474125,3.524125,-1.1857499999999999
2.935,9.119125,2.147125,-2.77275
2.115,7.403125,3.7566250000000005,-2.50625
7.073,7.178125,3.402625,-1.5972499999999998
4.079,8.933125,3.349375,-2.54125
6.7410000000000005,9.935125,1.083625,-1.7852499999999998
2.709,7.395625,3.651625,-2.31975
9.777000000000001,9.053875,1.3131249999999999,-2.96825
5.241,8.483875,2.127625,-2.86575
7.847,7.886875,2.654875,-2.84625
4.579,7.676875,3.9148750000000003,-1.4032499999999999
6.667000000000001,7.162375,3.7153750000000003,-1.99575
3.0069999999999997,9.882625,3.724375,-2.92975
8.825,8.417875,3.956125,-1.1312499999999999
5.911,8.327125,3.157375,-2.57325
3.387,9.948625,1.808875,-1.75775
3.357,9.851875,3.271375,-2.71775
2.741,7.202875,1.089625,-2.97725
9.467,7.382125,1.773625,-2.46675
4.285,8.832625,3.099625,-2.91825
7.875000000000001,7.978375,3.991375,-1.7307499999999998
8.697,8.222875,3.325375,-2.05125
3.455,7.040125,1.283125,-2.2647500000000003
6.885000000000001,7.087375,2.804875,-2.84925
3.383,9.165625,3.2248750000000004,-2.31075
8.363,9.731125,1.556875,-2.23775
3.791,9.657625,2.4126250000000002,-2.59375
5.837,7.080625,1.1608749999999999,-1.1697499999999998
2.537,7.150375,1.774375,-1.6137499999999998
7.123,9.200125,1.976875,-1.52725
7.4590000000000005,7.697125,1.7998750000000001,-1.38275
2.175,9.172375,1.304875,-1.7827499999999998
9.321000000000002,7.949125,1.108375,-2.95775
8.463000000000001,9.611875000000001,3.873625,-2.1477500000000003
9.851,7.008625,1.074625,-2.76475
3.7729999999999997,7.631875,2.9653750000000003,-1.13825
8.603000000000002,9.977125000000001,1.918375,-1.23725
8.279,9.936625,3.589375,-1.9337499999999999
4.045,8.315125,3.3546250000000004,-2.14175
5.705,7.862875,3.578875,-1.5572499999999998
7.809,8.642125,2.9983750000000002,-1.8992499999999999
3.957,9.494125,3.320875,-2.0012499999999998
2.733,8.545375,1.061875,-2.27325
4.445,7.244125,3.441625,-1.2542499999999999
6.061000000000001,7.702375,1.8036249999999998,-2.84275
2.037,7.802875,1.654375,-1.64275
2.6550000000000002,9.284125,2.081125,-1.4577499999999999
5.723,9.927624999999999,3.572125,-2.48025
4.995,8.277625,1.950625,-1.6922499999999998
4.0329999999999995,9.478375,3.4731250000000005,-2.18475
8.093,7.906375,2.066125,-2.23825
4.035,7.286875,3.418375,-1.19925
4.755,8.082625,3.930625,-1.73725
8.053,7.775875,1.4653749999999999,-2.46225
4.856999999999999,8.926375,2.396125,-2.76425
5.397,7.251625,2.5596250000000005,-1.1642499999999998
4.041,8.724625,2.7013750000000005,-2.51575
3.253,9.110875,1.622125,-2.24275
6.159000000000001,9.850375,2.019625,-1.7747499999999998
6.8870000000000005,9.890875000000001,2.873125,-1.8652499999999999
7.289000000000001,8.899375,3.6561250000000003,-1.74925
8.551,9.333625000000001,1.662625,-2.31825
6.135000000000001,7.7841249999999995,1.678375,-2.09625
7.563000000000001,9.730375,1.907875,-2.4217500000000003
9.023,9.639625,3.105625,-2.79825
8.239,8.826625,2.304625,-2.82525
9.245000000000001,9.002875,1.068625,-2.85875
5.779,8.042125,1.8156249999999998,-1.9402499999999998
5.057,8.303125,1.4421249999999999,-2.59075
7.347,8.312125,1.474375,-1.4017499999999998
4.745,7.921375,2.504875,-2.51275
3.679,8.703625,1.925875,-1.3212499999999998
2.5789999999999997,9.865375,3.423625,-1.18475
2.927,8.501875,1.206625,-1.43925
8.161000000000001,8.430625,1.6633749999999998,-1.74325
6.009,9.539875,1.865125,-2.12225
9.341000000000001,7.106875,3.6553750000000003,-1.2402499999999999
4.797000000000001,9.769375,1.603375,-2.30025
7.445,8.614375,3.7963750000000003,-2.53575
4.809,7.098625,3.6216250000000003,-2.96075
2.593,7.718125,2.380375,-1.5367499999999998
2.235,7.794625,3.365125,-2.88425
4.157,8.804875000000001,1.735375,-1.87625
9.779,8.067625,1.922125,-2.26825
4.675,8.077375,1.400875,-2.97225
9.407,8.381125,3.3576250000000005,-1.7102499999999998
2.617,8.471125,2.130625,-2.80425
5.377,9.078625,2.255125,-2.22125
7.367000000000001,7.244875,1.106125,-1.4122499999999998
3.9829999999999997,8.897124999999999,1.531375,-2.26925
9.451,9.341875,1.118125,-1.68325
8.107,8.570125,2.229625,-1.3092499999999998
4.697,7.959625,2.171875,-2.60075
6.785,7.999375,1.121875,-2.6862500000000002
8.041,7.769125,3.770125,-2.55675
2.377,7.680625,1.3716249999999999,-2.54675
6.079000000000001,9.180625,2.503375,-2.87075
3.979,8.264125,3.7956250000000002,-1.81625
8.807,8.749375,3.6103750000000003,-2.4282500000000002
7.801,9.686875,2.392375,-2.81475
2.403,7.432375,2.841625,-1.8552499999999998
8.447,8.691625,1.489375,-2.3682499999999997
8.039000000000001,7.571875,3.463375,-2.21125
2.123,8.567125,2.684875,-2.7872500000000002
9.821000000000002,9.710125,1.277125,-2.04725
2.999,7.334125,1.157125,-1.46725
7.029000000000001,7.107625,2.781625,-1.89075
5.7509999999999994,9.899125,2.063125,-1.10475
7.163,9.830875,3.127375,-2.21925
3.283,9.598375,3.508375,-2.57275
9.729,9.505375,2.369125,-2.32525
7.625000000000001,9.988375,2.4846250000000003,-2.93375
8.377,7.436875,1.902625,-2.34825
6.6370000000000005,7.5478749999999994,3.896875,-1.3372499999999998
5.939,8.615874999999999,1.750375,-1.24175
7.963,7.261375,3.812875,-1.01325
6.125,7.326625,2.2588749999999997,-1.0957499999999998
9.103000000000002,7.124875,1.608625,-2.55275
7.1930000000000005,7.956625,1.334125,-1.2647499999999998
4.4190000000000005,8.141875,3.8353750000000004,-1.6677499999999998
8.081,9.905875,3.341875,-1.3312499999999998
3.057,8.559625,2.936125,-1.77975
3.5389999999999997,8.309875,3.0703750000000003,-2.2022500000000003
9.977,8.654125,2.5078750000000003,-1.7802499999999999
4.367,8.237875,1.915375,-2.17525
6.229,7.499125,3.9711250000000002,-1.5147499999999998
9.917000000000002,9.955375,3.6208750000000003,-1.6177499999999998
5.531000000000001,9.467125,3.7063750000000004,-2.20875
3.553,7.6221250000000005,3.1288750000000003,-1.86625
9.999,8.373625,1.212625,-2.98425
2.739,7.343125,2.598625,-1.6577499999999998
5.279,8.022625,2.441125,-1.28775
6.929,8.174875,2.4366250000000003,-1.0247499999999998
3.425,8.552125,3.788875,-2.88225
8.497,9.932875,3.0238750000000003,-1.0432499999999998
6.175000000000001,7.312375,2.855125,-2.16275
4.9030000000000005,8.225875,3.278125,-1.5927499999999999
5.871,8.385625,2.779375,-2.21725
4.511,8.483125,2.372875,-2.55875
5.595,7.811125,1.586125,-2.93125
9.491,9.971875,2.896375,-2.91925
4.691,9.990625,2.483875,-2.82725
2.977,8.059375,2.637625,-1.9822499999999998
8.011,9.201625,2.534125,-1.4302499999999998
7.383,8.435875,3.7656250000000004,-2.88675
6.655,8.785375,2.667625,-2.48525
6.607,7.029625,2.514625,-2.40225
2.439,8.060875,1.259125,-1.9052499999999999
7.4030000000000005,8.920375,2.168875,-2.52075
5.051,9.701125000000001,3.7836250000000002,-2.91525
3.445,8.748625,2.798125,-1.77375
3.005,9.254875,2.7403750000000002,-1.88625
3.8890000000000002,8.340625,1.925125,-1.4517499999999999
7.037000000000001,9.896875,3.8023750000000005,-1.31825
5.941,9.649375,1.327375,-2.03925
8.101,8.742625,3.146875,-2.74225
8.015,7.088875,1.402375,-2.43325
5.615,8.801875,2.441875,-1.3812499999999999
4.763,8.194375,1.242625,-1.36475
7.173,7.554625,3.5398750000000003,-2.15375
4.827,9.795625000000001,3.111625,-1.38075
5.904999999999999,8.095375,1.778875,-1.92925
9.685,8.207125,2.298625,-2.54225
8.817,7.896625,2.3421250000000002,-2.08825
4.436999999999999,9.740874999999999,2.642125,-2.95125
7.213,7.163125,2.252875,-1.05625
7.529000000000001,7.919125,3.087625,-1.34675
5.431,7.512625,1.655875,-2.98875
3.867,7.030375,3.5736250000000003,-1.35825
2.981,9.852625,1.542625,-1.52975
9.663,9.740124999999999,1.6243750000000001,-2.78825
9.213000000000001,9.722125,3.9201250000000005,-2.08025
6.589,8.564875,2.7801250000000004,-2.22925
3.735,8.270875,3.4791250000000002,-2.23875
2.335,8.454625,3.7326250000000005,-1.37075
4.395,7.633375,2.152375,-2.55725
8.003,7.403875,2.959375,-2.5877499999999998
2.567,9.058375,1.818625,-1.2362499999999998
3.3970000000000002,8.462875,1.809625,-1.96275
5.163,7.064125,3.737875,-1.68875
2.829,7.586125,3.343375,-1.4657499999999999
6.077000000000001,9.713125,1.124875,-1.05575
3.641,9.640375,2.4373750000000003,-1.75325
4.527,7.466125,2.903125,-2.97325
5.747,8.669875000000001,2.9413750000000003,-2.24575
3.295,7.373875,2.7291250000000002,-1.94275
8.231000000000002,9.443875,2.6818750000000002,-1.18275
4.961,9.420625000000001,2.275375,-2.39475
2.859,9.141625000000001,3.2353750000000003,-1.5332499999999998
3.1189999999999998,7.068625,1.966375,-1.60875
3.2089999999999996,8.135875,3.500125,-2.20325
2.179,9.068125,3.755875,-2.61475
5.393,9.160375,2.012875,-2.07625
6.6850000000000005,8.241624999999999,2.073625,-1.7522499999999999
8.509,9.128125,1.8111249999999999,-2.28625
6.335000000000001,7.678375,3.173125,-1.14875
2.701,8.418625,1.9108749999999999,-2.89525
9.021,7.408375,3.269125,-1.18125
7.151000000000001,7.673125,3.647125,-2.78875
7.013000000000001,7.046875,1.201375,-1.5287499999999998
4.743,9.704875,2.189875,-2.7022500000000003
7.925000000000001,8.411875,3.344875,-2.11675
7.4350000000000005,7.734625,1.502125,-2.72425
6.011,8.543125,1.034125,-1.3047499999999999
6.069000000000001,9.159625,3.478375,-2.36725
8.635000000000002,7.850125,3.4453750000000003,-2.47325
5.0329999999999995,8.760625000000001,1.4773749999999999,-2.07075
8.189,9.279625,1.160125,-1.4022499999999998
2.637,9.204625,1.288375,-2.71725
7.9190000000000005,7.295125,1.626625,-1.53775
5.301,7.725625,3.442375,-1.7327499999999998
9.987,7.941625,3.4926250000000003,-2.61375
4.677,8.734375,2.840125,-1.3272499999999998
8.947,7.229875,2.402875,-2.58625
5.325,8.364625,3.428875,-1.7527499999999998
5.638999999999999,8.498125,3.8901250000000003,-2.31725
4.615,7.722625,3.2443750000000002,-1.2642499999999999
4.2829999999999995,8.353375,1.064125,-1.4482499999999998
8.537,9.869125,3.413875,-2.08075
7.759,9.521875,1.076125,-1.3032499999999998
2.675,9.974875,2.4448749999999997,-2.36625
6.909000000000001,8.021125,2.900125,-2.62225
6.625,9.913375,3.313375,-2.84075
4.605,7.085125,2.948125,-2.16125
5.721,8.930875,3.637375,-1.39025
3.591,9.059875,1.6131250000000001,-1.0222499999999999
7.817,7.105375,3.110875,-2.79425
5.511,8.718625,3.4213750000000003,-1.0827499999999999
7.815,9.579625,2.035375,-2.89075
3.541,8.590375,1.670875,-1.44475
4.255,8.110375,1.151875,-1.95725
8.729,9.605125000000001,1.877125,-1.3512499999999998
3.469,7.749625,3.831625,-1.19275
4.133,7.609375,3.3876250000000003,-2.95225
9.927,9.996625,3.6628750000000005,-1.9242499999999998
6.215000000000001,7.454125,2.599375,-1.93925
4.197,8.812375,3.757375,-2.49475
3.423,7.256875,2.9083750000000004,-1.84175
6.2250000000000005,7.053625,1.157875,-1.6762499999999998
7.135000000000001,8.075875,1.685125,-1.0367499999999998
3.317,8.198875000000001,2.047375,-1.8307499999999999
8.293,9.631375,3.5608750000000002,-1.03225
4.627,9.119875,3.547375,-2.89825
3.785,7.133875,2.245375,-2.0227500000000003
5.968999999999999,7.692625,2.8626250000000004,-2.31775
5.955,9.703375000000001,1.481125,-2.17575
2.591,9.665875,1.169125,-1.17675
6.1690000000000005,9.811375,1.882375,-2.03325
3.125,8.780125,1.560625,-1.85275
6.605,9.619375,3.1941250000000005,-2.78175
7.811000000000001,8.584375,2.966125,-2.40775
4.689,9.752875,2.387875,-2.13325
8.989,9.395125,3.9838750000000003,-2.57875
6.263000000000001,7.416625,3.677125,-2.85775
5.739,7.843375,3.3748750000000003,-1.45125
2.8449999999999998,7.688125,3.976375,-2.01925
8.395,7.961875,2.156875,-1.31575
4.531000000000001,9.502375,2.433625,-2.29925
3.731,8.874625,1.991875,-1.70875
7.511,9.046375000000001,1.346125,-1.7582499999999999
9.003,8.822875,3.6426250000000002,-2.21375
2.6109999999999998,9.439375,1.681375,-2.23925
9.073,8.308375,2.608375,-2.12275
4.563,7.598875,3.060625,-1.92125
3.2409999999999997,8.438125,2.138125,-2.7487500000000002
9.383000000000001,9.242875,1.183375,-1.63475
8.299,7.624375,2.455375,-1.36025
4.888999999999999,8.488375,2.297875,-1.7987499999999998
2.249,7.854625,2.294875,-1.98525
6.4190000000000005,9.729625,1.172875,-2.81975
7.4830000000000005,9.271374999999999,2.8858750000000004,-2.14475
3.681,9.494875,3.951625,-2.69325
7.357,7.118125,1.106875,-2.50025
3.623,8.508625,3.8571250000000004,-1.80775
5.015000000000001,8.654875,3.731875,-1.1532499999999999
7.361000000000001,8.342875,1.269625,-2.29575
9.753,9.750625,3.6718750000000004,-1.9982499999999999
4.202999999999999,9.607375000000001,3.1761250000000003,-2.16575
8.569,9.248875,2.374375,-2.94675
5.141,7.119625,2.7996250000000003,-1.67525
7.559,9.009625,3.1198750000000004,-1.6232499999999999
8.689,8.954875,1.043875,-2.52875
7.2010000000000005,9.545875,3.5631250000000003,-2.99375
9.515,8.200375,3.6343750000000004,-2.29125
9.485,7.6228750000000005,3.509875,-1.01775
8.135000000000002,7.556875,1.416625,-2.25275
9.883000000000001,9.470875,2.854375,-1.54775
3.155,8.145625,3.9291250000000004,-2.89025
7.235,9.528625,2.5663750000000003,-2.90925
4.487,7.648375,2.8948750000000003,-2.3577500000000002
6.743,7.576375,3.8428750000000003,-1.8452499999999998
6.141,9.861625,2.571625,-2.84325
2.909,7.703875,1.035625,-2.89375
7.867000000000001,8.621875,2.537875,-1.5827499999999999
4.275,8.495875,2.6263750000000003,-1.32625
4.0009999999999994,7.325875,3.017875,-2.74375
9.703,9.695125,1.256875,-1.8532499999999998
3.907,8.114875,2.5903750000000003,-2.05275
4.979,9.324625000000001,2.093125,-2.53075
7.397,9.014875,1.004875,-1.2287499999999998
6.575,9.350125,2.802625,-2.31225
7.9110000000000005,8.049625,2.219875,-2.42975
6.703,7.468375,3.1701250000000005,-2.37425
4.2989999999999995,8.859625000000001,1.091875,-1.4462499999999998
8.153,7.298875,1.649875,-1.45475
4.293,7.533625,3.370375,-2.48875
5.9510000000000005,7.065625,1.540375,-1.9722499999999998
9.557,9.860875,3.851125,-1.59625
2.577,7.433875,3.122875,-2.37775
7.945,8.992375000000001,1.052125,-2.16625
2.279,9.767875,3.483625,-2.5452500000000002
6.755000000000001,9.398125,1.376875,-2.95275
5.959,9.728875,1.520875,-2.32275
7.1610000000000005,9.636625,2.087875,-2.4307499999999997
7.295000000000001,9.405625,3.425875,-2.51675
8.457,7.355875,1.9581250000000001,-1.22125
4.555,9.480625,2.141125,-2.78075
6.173,7.981375,2.033875,-1.7182499999999998
3.215,7.060375,2.8828750000000003,-2.80725
6.837000000000001,9.599875,1.8598750000000002,-2.61775
4.867,7.818625,3.3666250000000004,-2.24475
5.379,8.329375,3.8308750000000003,-2.19575
2.207,7.271875,2.524375,-2.42325
6.4110000000000005,7.867375,2.2821249999999997,-1.7267499999999998
7.793,7.973125,3.036625,-1.01375
5.073,7.275625,2.4673749999999997,-1.06175
3.8529999999999998,9.698875000000001,1.537375,-1.0312499999999998
7.923,8.242375,2.393875,-1.81825
9.499,7.664875,3.662125,-2.92725
