CAPACITANCE,STORAGEK,VSTORAGE,PSICR
6.871875000000001,6.380125,15.24125,-2.2718125000000002
4.567125,5.099125,9.78725,-1.8146875
8.637625,4.292375,13.090250000000001,-1.0013125
9.444375,7.612125000000001,18.69275,-2.1908125
4.260875,5.897125,6.12875,-2.0498125
3.753375,6.9208750000000006,17.47325,-1.5394375
7.664625,6.474625,6.91175,-2.3614375
7.657625,6.385375,6.758749999999999,-1.5574375
5.149875,7.956875,10.67825,-1.1783124999999999
3.158375,8.886125,9.71075,-1.3178124999999998
5.914625,5.8306249999999995,9.82325,-2.4911875
4.624875,9.738375000000001,11.794250000000002,-1.4876875
6.324125,3.7516249999999998,2.20025,-2.3678125
9.869625000000001,5.5611250000000005,12.122750000000002,-2.2586875
6.814125,5.380875,9.03125,-2.2886875
4.070125,5.694125,7.55075,-2.4015625
6.745875000000001,3.510125,18.454250000000002,-2.0254375
4.168125,8.474875,18.59825,-1.8154375
9.983375,9.927375000000001,9.21575,-1.1239374999999998
3.060375,5.627625,18.07175,-2.4975625
3.574875,3.854875,6.47525,-2.3344375
4.4201250000000005,7.144875,9.79175,-1.2701875
3.5713749999999997,7.356625,18.12575,-1.0496874999999999
6.308375,9.535375,5.89925,-1.4539374999999999
4.834875,8.107375000000001,15.22775,-1.9759375000000001
5.671374999999999,4.581125,5.624750000000001,-2.0764375
3.296625,7.8168750000000005,5.13875,-1.5563125
3.273875,6.007375,8.122250000000001,-1.0136874999999999
5.186625,3.714875,7.0737499999999995,-1.7276874999999998
5.377375000000001,6.602375,14.039750000000002,-1.6823124999999999
8.219375,7.452875000000001,2.71325,-1.7640625
8.179125,7.853625000000001,12.590750000000002,-1.9215625
8.515125000000001,8.098625000000002,5.72375,-1.9114375
8.387375,6.824625,6.92075,-1.0545624999999998
6.394125,3.067375,10.76825,-2.0025625
5.9251249999999995,6.6076250000000005,12.76625,-1.7734375
3.517125,7.055625000000001,9.661249999999999,-1.5446874999999998
5.582125,8.994625000000001,12.293750000000001,-1.5619375
8.992875,7.260375000000001,15.218750000000002,-2.1416874999999997
9.190625,4.890875,15.23225,-1.8694375
5.947875,8.648125,15.529250000000001,-1.9785625
4.3291249999999994,3.221375,10.82675,-1.0950625
3.520625,7.717125,12.58625,-2.1979375
6.8771249999999995,9.416375,4.06325,-2.2639375
4.330875,5.0291250000000005,14.43125,-1.0185624999999998
3.398125,9.573875000000001,9.13475,-2.3655625000000002
8.406625,3.140875,16.72625,-2.0666875
9.052375000000001,8.525625000000002,16.00175,-2.1720625
3.839125,8.436375,4.76525,-1.6976874999999998
9.624625000000002,5.093875,11.33525,-1.7209375
4.934625,5.148125,14.062250000000002,-2.2853125
3.762125,4.035125,15.875750000000002,-1.5236874999999999
5.198875,6.413375,16.06475,-1.4753124999999998
8.208874999999999,7.272625,12.698750000000002,-1.7509375
4.031625,4.106875,16.492250000000002,-1.0121875
6.831625000000001,8.137125000000001,6.97925,-1.9508125
7.827375,8.448625,8.95475,-2.0715624999999998
3.478625,7.276125,16.31675,-2.0306875
3.636125,4.6423749999999995,13.34675,-1.3710624999999999
8.130125,7.806375,10.42625,-1.4809375
9.029625000000001,4.208375,3.50075,-1.4036875
9.937875,7.150125,19.18325,-1.0024375
6.6583749999999995,4.028124999999999,7.820749999999999,-1.9418125000000002
5.622375,9.930875,8.47325,-1.4160624999999998
3.084875,3.949375,7.43825,-2.0903125
3.616875,3.695625,14.19725,-1.4798125
9.027875,5.190125,13.25225,-1.2896874999999999
5.942625,3.8968749999999996,14.278250000000002,-1.8143125
7.459875,5.9723749999999995,16.402250000000002,-2.2365625
3.419125,7.568375,17.918750000000003,-2.0456875
9.290375000000001,3.443625,10.22825,-1.2011874999999999
5.634625,5.282875,16.06925,-1.7321874999999998
9.425125000000001,6.441375,19.46225,-2.2905625
6.376625,3.415625,19.34075,-1.2345625
4.129625,9.267625,13.67075,-1.0853125
8.672625,7.634875000000001,4.00925,-2.1053125
3.352625,3.280875,14.14775,-2.0355625
5.827125,9.017375000000001,17.77925,-1.2630625
9.099625,3.8356250000000003,4.7292499999999995,-1.2394374999999997
7.043375,6.406375,8.990749999999998,-1.5124374999999999
9.271125000000001,5.261875,3.05075,-1.3058124999999998
4.243375,9.561625,14.336750000000002,-1.9463125
6.688125000000001,7.7398750000000005,19.691750000000003,-1.2521875
4.446375,7.732875000000001,6.03875,-1.8941875000000001
9.414625000000001,7.697875000000001,13.117250000000002,-2.4105625
5.869125,6.2471250000000005,6.69125,-2.0089375
9.085625,8.677875,12.320750000000002,-1.2476875
8.865124999999999,9.383125,15.385250000000001,-1.5465624999999998
5.195375,6.206875,2.30825,-2.2114375
3.263375,5.015124999999999,9.053749999999999,-2.4068125
5.541874999999999,7.668125000000001,13.36475,-2.3498125
3.590625,7.591125000000001,17.432750000000002,-1.0406875
5.284625,4.497125,10.21025,-1.6466875
8.107375000000001,4.119125,10.90325,-2.4300625
4.777125,6.9506250000000005,5.55275,-2.3869375
8.033875,5.9251249999999995,3.24425,-2.1169375
7.9586250000000005,3.378875,12.919250000000002,-2.1469375
8.191375,8.271875000000001,16.09625,-2.4514375
8.555375,8.901875,6.3222499999999995,-2.3738125
4.024625,7.9586250000000005,14.701250000000002,-2.3310625
3.392875,4.920624999999999,5.1747499999999995,-2.1510625
4.358874999999999,3.331625,13.810250000000002,-1.1655624999999998
9.124125,3.487375,15.84875,-1.5443125
6.693375,7.934125,8.88725,-1.0905624999999999
7.851875000000001,7.088875,8.43275,-1.2829374999999998
6.747625,9.869625000000001,8.063749999999999,-1.4648124999999999
7.771375,4.453375,13.34225,-1.7269375
4.112125,3.025375,11.51525,-2.4199375
8.366375000000001,5.116625,4.10375,-1.8476875
3.434875,7.515875,4.49075,-1.1614375
6.0756250000000005,8.824875,19.36325,-2.1101875
6.796625000000001,6.852625000000001,15.94325,-2.3220625
8.320875000000001,4.628375,11.119250000000001,-1.1325625
4.397375,3.4943750000000002,7.24025,-1.2671875
4.0333749999999995,8.947375000000001,6.98825,-1.9703125
5.939125,8.807375,6.06125,-2.3966875
6.7878750000000005,3.403375,3.46925,-1.5720625
6.595375,3.258125,2.99675,-1.8480625000000002
5.319625,8.331375000000001,10.76375,-1.5581874999999998
8.597375,7.727625000000001,6.28625,-1.4363125
5.496375,9.230875000000001,8.82425,-2.4641875
4.192625,5.118375,16.70825,-1.8784375
7.200875,9.586125,5.07575,-1.8176875
6.317125,6.742375,18.944750000000003,-1.6095625
7.696125,7.087125,14.269250000000001,-2.3209375
5.480625,9.419875000000001,18.121250000000003,-1.2593124999999998
7.897375,8.711125,3.62225,-1.8683125
3.445375,6.098375,18.44075,-2.2294375
5.695875,9.138125,5.6427499999999995,-1.9980625
3.870625,5.923375,9.89075,-1.3470625
4.343125,7.862375,3.64475,-2.2369375
6.063375,8.432875,9.15275,-1.7483125
9.801375,8.121375,13.013750000000002,-1.7265625
5.382625,4.532125,10.92575,-1.1295625
8.207125000000001,4.323875,9.73325,-1.9841875
4.113875,9.810125,14.21975,-1.6928124999999998
9.022625000000001,7.536875,10.124749999999999,-2.2793125
7.430125,9.054125,17.59925,-2.3771875
3.881125,9.185375,13.171250000000002,-1.7813124999999999
7.804625000000001,8.173875,7.93325,-1.9028125
5.272375,5.489375,19.768250000000002,-1.9305625
5.919874999999999,9.136375000000001,14.413250000000001,-1.5413124999999999
7.752125,7.097625000000001,8.716249999999999,-1.2881875
6.343375,4.161125,13.805750000000002,-1.2218125
7.862375,3.718375,15.020750000000001,-1.3354374999999998
8.725125,9.972875,17.347250000000003,-2.0966875
4.152375,3.518875,5.37725,-2.2883125
6.835125,3.256375,17.50925,-1.1438125
6.861375000000001,4.698375,8.60825,-2.2733125
3.135625,3.3508750000000003,6.02975,-1.1224375
8.481875,4.189125,11.537750000000003,-1.8754374999999999
9.489875000000001,9.440875,17.82425,-1.2660624999999999
3.630875,5.837625,6.57875,-1.8994375
9.281625,9.929125,12.923750000000002,-1.1786874999999999
6.551625,9.806625,6.1107499999999995,-1.3511875
8.462625,9.591375,5.962249999999999,-2.2643125
9.293875,7.230625000000001,9.445250000000001,-1.0009375
6.700375,3.032375,3.73925,-2.1866875
6.584875,4.267875,16.73075,-2.0873125
3.777875,3.511875,3.51875,-1.1276875
3.690375,4.416625,17.03675,-2.0813125
4.696625,5.961875,15.83525,-1.3211874999999997
5.664375,8.574625000000001,4.47275,-2.3854375
4.481375,5.2478750000000005,14.67875,-1.4486875
4.096375,6.584875,15.916250000000002,-2.0344375
6.7406250000000005,6.733625,9.51275,-2.0888125
9.276375,7.060875,10.88075,-1.9538125000000002
6.824625,6.630375,10.42175,-1.7955625
8.264875,5.312625,9.98525,-1.5154375
5.828875,6.331125,19.66925,-1.3800624999999997
4.792875,8.343625,6.54725,-1.0133125
8.821375,9.451375,16.42925,-2.1360625
3.774375,5.253125,11.74925,-1.0823124999999998
4.614375,7.459875,6.659749999999999,-2.1146875
7.522875000000001,4.057875,9.27425,-1.6489375
7.738125,7.724125,11.44325,-1.1171874999999998
4.5181249999999995,6.4868749999999995,17.27075,-1.2653124999999998
4.381625,5.323124999999999,4.93175,-1.0403125
6.203374999999999,4.504125,12.910250000000001,-1.6999374999999999
6.406375,5.718624999999999,12.18125,-1.8836875
9.978125,5.541874999999999,4.42775,-2.0685625
3.706125,4.432375,5.09375,-2.4304375
4.658125,4.187375,7.69925,-1.0500625
3.609875,4.726375,8.14925,-1.0028124999999999
5.477125,9.398875,3.64025,-1.5780625
4.311624999999999,9.390125000000001,19.705250000000003,-2.4596875
8.200125,6.110625000000001,2.15975,-1.3016874999999999
8.530875000000002,6.366125,17.96375,-2.1266875
7.563125,9.619375000000002,5.88575,-1.0673124999999999
9.635125,5.3458749999999995,14.74175,-1.1501875
6.926125,3.3141249999999998,2.86175,-1.0751875
7.850125,4.799875,17.927750000000003,-1.9275625
9.082125000000001,9.862625000000001,4.31075,-1.6223125
4.677375,9.668375000000001,9.31025,-1.1835624999999999
3.664125,3.184625,17.28425,-1.5533124999999999
3.049875,4.584625,15.353750000000002,-2.4720625
8.684875000000002,9.180125,8.35625,-1.1119374999999998
3.599375,7.183375000000001,4.94525,-1.4989374999999998
4.971375,4.479625,4.126250000000001,-1.9935625
7.475625,4.283625,7.5192499999999995,-1.8589375000000001
6.451874999999999,6.868375,5.71475,-1.6800625
7.878125,6.499125,15.763250000000003,-1.8866875
5.513875,5.709875,17.743250000000003,-1.7213124999999998
5.592625,3.191625,8.45075,-1.8506875
5.667875,7.657625,10.43525,-1.2319375
5.114875,3.566125,9.42275,-1.9890625
7.753875000000001,7.270875,18.11225,-1.4816875
6.012625,3.109375,2.11925,-2.2849375
5.802625,9.545875,10.876249999999999,-2.4285625
5.302125,9.199375,9.58025,-1.3624375
3.252875,8.908875,8.00525,-1.1966875
9.992125000000001,6.7878750000000005,17.17625,-2.3408125
9.248375000000001,8.523875,12.42875,-2.2988125
7.885125,6.556875,4.36025,-1.9725625
7.407375000000001,5.540125,2.00225,-2.4623125
8.924625,6.896375000000001,19.048250000000003,-1.7659375
4.941625,5.849875,3.38825,-2.3828125
4.894375,3.672875,14.23325,-1.2300624999999998
6.1438749999999995,5.424625,17.522750000000002,-1.8799375
9.888875,9.554625000000001,15.39875,-2.4128125
3.8968749999999996,9.437375,15.164750000000002,-1.6868124999999998
4.521625,9.430375,7.4517500000000005,-2.0123125
5.515625,6.686375,4.63925,-1.8281874999999999
7.543875000000001,7.041625000000001,15.37625,-2.3359375
5.361625,8.823125000000001,12.932750000000002,-2.4083125
8.072375000000001,6.527125000000001,16.114250000000002,-2.4728125
5.2513749999999995,7.200875,19.26425,-1.6324375
7.339125,7.787125,15.93425,-1.3009374999999999
6.492125,3.968625,7.01525,-1.4044374999999998
8.077625000000001,3.065625,16.08275,-1.2979375
7.176375,9.622875,10.28675,-1.4325625
6.975125,3.3421250000000002,7.11425,-2.0370625
8.121375,7.209625000000001,5.67425,-1.4944374999999999
7.900875000000001,6.364375,9.94925,-1.6564375
9.321875,4.371125,5.22875,-2.4053125
7.281375000000001,3.800625,16.393250000000002,-2.1075625000000002
7.533375,4.133125,3.01925,-1.6755624999999998
4.593375,3.987875,7.57775,-1.8056875
6.644375,5.524375,7.955749999999999,-2.1446875
5.995125,7.034625,14.16125,-2.2553125
7.823875000000001,3.044625,2.03375,-2.0610625000000002
5.396625,6.780875,16.834250000000004,-1.1426874999999999
3.707875,8.235125,14.45375,-2.1214375
5.380875,9.741875,19.43525,-2.1765625
4.9048750000000005,5.498125,12.865250000000001,-2.0974375
5.965375,5.034375,19.51625,-1.7764375000000001
4.598625,3.839125,17.369750000000003,-1.9691874999999999
3.186375,8.950875,14.224250000000001,-1.4925625
8.508125,6.693375,8.95025,-1.7389375
3.868875,8.249125,16.82525,-1.6594375
6.716125000000001,9.650875000000001,17.02325,-1.8135625
7.589375,3.753375,19.61975,-2.1495625
7.573625,4.063124999999999,10.93925,-2.1559375
3.182875,5.330125,15.857750000000001,-1.0826875
4.085875,6.289125,15.200750000000003,-2.2226875
8.613125,5.412375,11.375750000000002,-1.5214375
9.440875,4.589875,10.47125,-1.5803125
5.708125,8.126625,9.95825,-1.1771874999999998
8.798625000000001,9.318375,13.940750000000001,-1.7299375
5.039625,6.084375,5.53475,-2.3018125
4.775375,8.810875000000001,12.118250000000002,-1.5281874999999998
8.054875,3.758625,19.430750000000003,-2.3483125
4.2521249999999995,7.4441250000000005,9.35075,-1.8833125
3.340375,8.371625,13.378250000000001,-2.3685625
4.208375,7.314625,2.92925,-1.7040625
9.108375,4.694875,6.20525,-2.2868125
3.842625,9.698125000000001,9.48125,-1.1141874999999999
4.476125,8.140625,18.78725,-2.2313125
5.743125,4.089375,17.65775,-1.7989375
3.991375,8.305125,14.894750000000002,-1.7003125
3.403375,8.466125000000002,10.11125,-1.2848125
3.555625,7.232375,14.17925,-1.1216874999999997
5.974125,7.5123750000000005,8.14475,-1.5360624999999999
8.847625,7.328625,6.812749999999999,-1.5356874999999999
3.422625,5.181375,7.4022499999999996,-1.7561875
3.716625,9.953624999999999,16.042250000000003,-1.4696875
4.350125,9.974625,2.7582500000000003,-1.5259375
8.133625,4.969625,4.87325,-1.0283125
6.098375,9.244875,5.2197499999999994,-2.0040625
6.992625,9.855625,10.09775,-1.1974375
8.310375,7.430125,4.66625,-1.4674375
3.424375,9.568625,11.137250000000002,-1.5008124999999999
5.459625,9.117125000000001,10.28225,-1.8386875
9.043625,9.073375,11.13275,-1.7224374999999998
6.773875,9.096125,11.902250000000002,-1.0193124999999998
3.594125,4.4411249999999995,3.32525,-1.3208125
3.7971250000000003,9.040125,6.39875,-1.2604374999999999
4.075375,4.276625,19.85375,-2.4019375
9.951875000000001,3.525875,4.796749999999999,-1.3699375
8.975375,4.052625,18.76925,-1.2146875
9.446125,7.414375000000001,5.73275,-1.8255625
6.402875,5.988125,18.305750000000003,-2.2598125
6.672375000000001,4.976625,10.79525,-1.5206874999999997
4.190875,3.107625,2.57825,-1.8431875
3.854875,5.816625,5.24675,-1.5829374999999999
8.534375,6.201625,2.50625,-1.5769375
6.933125,8.102125000000001,8.65775,-1.2263125
8.131875,7.248125,16.35275,-1.2960625
8.317375000000002,7.678625,10.16525,-1.2420624999999998
7.312875,9.342875,7.29875,-1.6991874999999999
9.586125,7.066125,19.78625,-2.3145625
6.346875000000001,6.822875000000001,5.59775,-1.1029375
8.495875000000002,8.858125000000001,16.44275,-1.8701875000000001
4.334375,7.580625,3.12275,-1.7479375
9.323625,7.354875,9.944749999999999,-2.1019375
4.169875,5.697625,10.61975,-2.2515625
3.464625,7.4266250000000005,14.642750000000001,-1.8881875
5.366875,5.083375,12.905750000000001,-2.2193125
7.605125000000001,9.736625,18.53525,-2.2110625
8.959625,3.9598750000000003,7.13675,-1.8626875
7.223625000000001,3.125125,15.407750000000002,-1.5765624999999999
3.513625,9.241375000000001,15.110750000000001,-1.1509375
8.935125,3.095375,12.725750000000001,-1.1040625
7.557875,8.247375000000002,16.13225,-1.1235625
4.348375,4.185625,6.52475,-1.3181874999999998
7.916625000000001,4.1576249999999995,11.591750000000001,-2.1683125
6.656625,7.5771250000000006,7.204249999999999,-1.5836875
9.306125000000002,7.095875,8.17625,-1.2836875
8.098625000000002,6.908625000000001,10.68275,-2.1641875
6.777375,3.903875,15.448250000000002,-1.3958125
6.420375,3.020125,18.73325,-1.7828125
9.675375,9.363875,18.80525,-1.4760624999999998
8.210625,3.242375,2.63675,-2.1488125
3.032375,5.142875,14.044250000000002,-1.8053124999999999
5.475375,5.729125,11.267750000000001,-1.1006875
4.910125,7.592875,3.8382500000000004,-1.4903125
3.137375,6.542875,7.71725,-2.4634375
8.025125,7.514125000000001,16.82975,-1.5735625
5.984624999999999,5.977625,10.25525,-1.6605625
9.129375,7.7783750000000005,10.36775,-1.4179374999999999
6.292625,5.589125,19.64225,-1.1246874999999998
8.824875,5.449125,15.695750000000002,-1.7861875
5.023875,7.291875,4.55375,-1.9721875
3.175875,4.425375,13.08125,-1.2308124999999999
6.352125,6.343375,5.04425,-1.1059375
5.386125,4.196125,5.52125,-1.2169374999999998
5.253125,5.527875,10.51175,-1.8169375
6.474625,4.661625,7.02875,-1.0875625
5.673125000000001,5.162125,14.611250000000002,-1.3316875
4.686125,7.7311250000000005,15.839750000000002,-1.2600624999999999
9.502125,5.800875,5.75525,-1.2536874999999998
3.450625,7.153625000000001,11.155250000000002,-1.4629374999999998
4.008875,7.594625000000001,2.54225,-1.8949375000000002
3.413875,8.165125,6.90725,-1.2769374999999998
8.261375000000001,8.399625,5.03975,-1.2784375
5.946125,4.901375,11.29925,-2.3149375
6.5603750000000005,4.603875,18.69725,-2.3314375
9.764625,5.055375,15.637250000000002,-2.4405625
3.328125,4.820875,6.93875,-2.2834375000000002
7.391625,7.479125000000001,4.891249999999999,-1.7438125
9.601875,4.3291249999999994,13.373750000000001,-2.2725625000000003
4.509375,6.079125,6.7677499999999995,-1.4291874999999998
8.761875,8.508125,8.783750000000001,-1.3459375
5.447375,6.276875,13.38275,-2.0689375
9.734874999999999,3.860125,5.719250000000001,-2.4836875
7.888625,9.986875000000001,19.75025,-1.2975625
9.724375,5.407125,16.235750000000003,-1.0710625
8.247375000000002,6.266375,4.40075,-1.1996875
4.206625,9.610625,18.84575,-2.3974375
7.5981250000000005,7.913125,4.75625,-2.3479375
4.936375,7.640125000000001,13.481750000000002,-1.1666874999999999
9.615875,8.691875,3.95975,-2.2808125
9.598375,7.850125,15.749750000000002,-1.8581875
4.166375,7.694375,9.04475,-1.2259375
4.178625,3.807625,10.05725,-1.4096875
7.956875,6.6548750000000005,10.02125,-2.3989375
3.795375,8.026875,18.98075,-2.1109375
7.869375000000001,7.734625,14.458250000000001,-1.9399375
4.273125,7.680375,5.11175,-2.0681875
5.916375,5.370375,14.354750000000001,-1.8983124999999998
6.476375,8.501125000000002,19.016750000000002,-2.3723125
3.118125,7.629625000000001,3.14525,-1.8259375
7.5771250000000006,6.786125,15.169250000000002,-2.2943125
5.225125,7.141375,10.84025,-1.5514375
6.784375000000001,9.992125000000001,6.72725,-2.0321875
8.061875,5.734375,2.60525,-1.4790625
6.737125000000001,6.759875000000001,11.249750000000002,-1.2191874999999999
6.728375,8.835375,8.07725,-1.8113125
8.070625,7.528125000000001,18.44975,-1.5675624999999997
5.384375,5.338875,16.36175,-1.6905625
4.369375,4.896125,15.31775,-1.0763124999999998
5.121874999999999,4.992375,7.33475,-1.8874374999999999
8.047875000000001,7.510625,3.06875,-2.1330625
8.718125,5.1236250000000005,9.50375,-1.3928125
4.3466249999999995,6.910375,7.0062500000000005,-2.0048125
7.050375000000001,4.197875,4.02725,-2.0033125
5.816625,5.309125,14.72375,-1.5728125
8.915875,9.706875,10.99325,-1.8690625
3.308875,5.064125,12.80225,-1.7456874999999998
3.284375,5.984624999999999,16.94225,-1.2506875
9.465375,8.718125,7.0512500000000005,-1.7516875
4.812125,9.108375,17.39225,-1.8938125000000001
6.472875,6.516625,12.74825,-1.1524375
6.103625,8.578125,3.14975,-1.0538125
5.935625,9.075125,18.73775,-2.4390625
8.583375,7.300625,9.53975,-2.0955624999999998
5.095625,9.950125,18.38675,-1.8289374999999999
4.108625,9.628125,8.85575,-2.2631875
3.912625,9.748875,2.38925,-1.9489375
6.593625,9.325375000000001,19.66475,-1.2360624999999998
8.180875,4.957375,16.964750000000002,-1.3496875
4.189125,7.253375,10.732249999999999,-1.4576875
4.194375,5.902375,12.266750000000002,-2.0550625
3.431375,6.320625,16.28975,-1.5098124999999998
5.233874999999999,3.480375,19.025750000000002,-2.3610625
8.565875,3.147875,9.13025,-1.6973124999999998
6.425625,3.851375,3.83375,-1.8990624999999999
5.260125,8.056625,3.02825,-2.0220625
6.017875,4.203125,15.115250000000001,-1.8821875000000001
9.813625000000002,8.084625,6.45275,-1.7415625
9.619375000000002,7.885125,7.43375,-2.4548125
6.194625,7.031125,9.436250000000001,-1.4145625
4.589875,3.2091250000000002,14.89025,-1.7164375
4.764875,4.918875,2.03825,-2.4855625
8.810875000000001,6.716125000000001,15.97475,-2.2013125000000002
3.195125,3.580125,5.12075,-1.9200625
9.780375,5.573375,4.13525,-1.0684375
5.975875,8.889625,3.93275,-1.3631875
4.203125,7.682125000000001,16.72175,-2.3078125
5.849875,6.612875000000001,13.58525,-1.0110625
3.767375,5.916375,14.78225,-2.2890625
4.161125,9.152125000000002,11.64125,-2.2541875
8.868625000000002,7.984875,15.551750000000002,-1.4333125
9.776875,3.641375,14.075750000000003,-1.2743124999999997
5.011625,8.280625,16.15025,-1.2968125
9.209875,4.719374999999999,6.17375,-1.3343124999999998
3.144375,4.710625,12.878750000000002,-1.5488125
6.273375,8.317375000000002,17.78825,-1.5893125
5.044874999999999,4.812125,17.41475,-1.1944375
4.931125,9.495125000000002,9.01325,-1.7625625
9.460125000000001,8.992875,11.848250000000002,-1.9151875
8.240375,4.798125,8.96375,-1.7910625
6.906875000000001,3.417375,2.4522500000000003,-1.0766875
4.637125,5.538375,9.47225,-2.1285625
3.496125,7.470375000000001,7.6137500000000005,-2.1368125
7.129125,9.439125,4.6347499999999995,-1.9969375
4.771875,5.505125,13.697750000000001,-2.2429375
3.492625,3.935375,5.3862499999999995,-1.4993124999999998
6.507875,8.016375,9.60725,-1.4276875
7.969125,7.823875000000001,5.98025,-1.3028125
5.065875,8.478375,2.08325,-2.1251875
3.898625,8.774125,10.10225,-2.4413125
5.680125,9.178375,9.84575,-1.1074374999999999
6.789625000000001,5.634625,10.86275,-1.0504375
6.248875,9.901125,14.656250000000002,-1.1003124999999998
7.955125000000001,6.3923749999999995,19.45775,-1.3020625
8.968375000000002,4.2521249999999995,5.33675,-2.3205625
5.326625,7.108125,13.29275,-2.3760625
8.256125,6.2173750000000005,9.467749999999999,-2.3501875
8.816125,9.486375,5.3142499999999995,-1.2315625
6.0283750000000005,9.360375000000001,11.96075,-1.1700624999999998
4.903124999999999,8.758375000000001,3.94625,-1.6343125
9.047125000000001,6.205125,18.62975,-1.2765624999999998
8.452125,5.568125,19.14725,-2.2635625
6.432625,6.591875,10.49375,-2.2245625
7.409125,8.893125000000001,8.82875,-2.1694375
9.351625,6.6373750000000005,5.86325,-1.4381875
6.908625000000001,8.361125000000001,13.652750000000001,-1.7108124999999998
5.795624999999999,5.855125,7.14125,-1.5750624999999998
7.052125,6.273375,2.47025,-2.2279375
9.643875000000001,5.071125,18.80975,-1.9943125
3.233625,5.310875,7.091749999999999,-1.3995624999999998
3.851375,3.203875,18.832250000000002,-2.2080625
7.687375,5.303875,10.25075,-1.8086875
8.660375,7.2551250000000005,12.49625,-1.4156875
8.088125000000002,7.519375,3.56825,-2.0231875
4.365875,9.673625000000001,19.15175,-1.2461875
6.761625,4.712375,9.70625,-1.8038125
4.010625,6.994375,5.51225,-1.2649374999999998
9.773375000000001,6.317125,17.29325,-1.3005624999999998
4.253875,3.685125,4.936249999999999,-1.2750625
9.272875,7.179875,6.98375,-1.3804375
8.490625000000001,8.900125,16.52825,-2.4060625
6.380125,5.933875,10.12025,-1.5218124999999998
8.352375,7.935875,11.524250000000002,-2.2271875
8.609625000000001,6.310124999999999,19.138250000000003,-2.4626875
4.743875,3.847875,18.14375,-1.0489374999999999
7.568375,3.798875,18.40475,-1.4284374999999998
4.647625,8.100375,11.70875,-1.4400624999999998
4.015874999999999,4.085875,17.932250000000003,-1.5818124999999998
3.371875,8.219375,10.81775,-1.5908125
7.953375,4.551375,16.802750000000003,-1.7921875
3.282625,4.735125,6.31775,-1.9159375
5.844625,8.457374999999999,15.14225,-1.2488125
4.703625,3.461125,19.82675,-1.8975625
6.338125,5.422875,7.258249999999999,-1.4749374999999998
8.525625000000002,8.105625,19.34525,-1.0605624999999999
9.269375,6.745875000000001,8.74775,-2.4401875
3.210875,7.690875,14.737250000000001,-1.1033125
3.538125,4.717625,10.372250000000001,-1.9050625
7.617375,4.792875,8.04575,-1.6669375
8.326125000000001,4.001875,16.35725,-1.4141875
9.531875,7.955125000000001,16.08725,-2.3603125
4.145375,3.5223750000000003,13.56725,-1.0703124999999998
9.103125,5.704625,8.39675,-1.5428125
4.605625,5.6591249999999995,7.69025,-1.2375625
3.069125,9.505625,9.994250000000001,-1.4850625
6.007375,3.769125,13.05425,-1.2188124999999999
9.694625,8.459125,12.05075,-1.4546875
8.702375,3.7971250000000003,12.631250000000001,-2.3153125
4.707125,9.530125,16.73975,-1.5844375
8.280625,3.072625,16.600250000000003,-1.5101874999999998
8.049625,8.189625,11.699750000000002,-2.1210625
9.118875,7.914875,18.22925,-2.3273125
4.500624999999999,4.369375,6.529249999999999,-1.3594374999999999
7.792375,8.562375,9.23375,-1.0301874999999998
5.512125,6.101875,10.96175,-1.1441875
6.348625,4.509375,6.44375,-1.3860625
3.7411250000000003,9.418125,3.55925,-1.3665625
5.207625,3.902125,8.90975,-1.3778124999999999
8.677875,7.284875,19.74125,-1.6388124999999998
3.658875,9.887125000000001,4.08575,-1.6913125
4.456875,8.154625,10.75025,-1.1153125
5.305625,8.688375,8.94575,-1.7426875
6.887625,4.437625,16.060250000000003,-1.2540624999999999
4.337875,3.592375,3.52775,-1.6511875
5.310875,7.262125,6.668749999999999,-1.4460625
5.461375,8.695375,9.78275,-1.5949375
7.134375,8.081125,12.19475,-1.7760625
9.255375,8.844125,5.1972499999999995,-1.5086874999999997
3.972125,6.838625,17.24825,-1.3646874999999998
9.790875,4.1838750000000005,6.83525,-1.0095625
3.280875,5.828875,11.91575,-1.4940625
9.818875,8.404875,16.36625,-1.9781875
8.800375,7.018875,11.735750000000001,-1.1464375
4.124375,9.402375,6.24125,-1.6901875
7.832625,8.256125,15.745250000000002,-1.3721875
6.072125,9.566875,16.33025,-2.4743125
9.934375000000001,9.733125000000001,11.36675,-2.0843125000000002
3.293125,8.667375,3.95525,-1.8236875000000001
4.735125,4.9818750000000005,7.046749999999999,-2.4690625
5.107875,8.917625000000001,10.20575,-2.0805625
6.591875,5.235625000000001,12.100250000000003,-2.2489375000000003
5.4701249999999995,8.611375,7.654249999999999,-1.9609375
6.647875000000001,4.572375,18.52625,-1.2915625
8.842375,9.467125000000001,8.27975,-2.0119375
4.486625,6.917375,11.01575,-2.1686875
9.544125000000001,5.963625,16.18625,-1.1299375
3.982625,4.8138749999999995,13.774250000000002,-1.8645625
4.451625,6.5218750000000005,11.35325,-1.7584374999999999
7.127375000000001,9.670125,8.76125,-2.2189375
6.411625,4.903124999999999,6.72275,-1.9988125
7.417875,4.946875,12.45575,-1.7033125
6.1911249999999995,5.692375,5.917249999999999,-1.8225625
3.973875,4.308125,5.11625,-2.2526875
8.578125,5.398375,10.29575,-2.4146875
7.3111250000000005,7.052125,9.88625,-1.1681875
4.210125,5.725625,17.08625,-1.6894375
6.768625,9.540625,9.87275,-1.7978125
7.797625,3.497875,6.65525,-2.0494375
6.742375,9.976375,8.41025,-1.5323125
7.528125000000001,5.471875,16.771250000000002,-1.9920624999999998
9.288625,7.346125000000001,15.70025,-2.2579375
9.383125,8.028625000000002,19.05725,-1.9009375
7.367125000000001,9.962375000000002,16.19975,-2.2478125
6.948875000000001,8.103875,9.49925,-1.2428124999999999
8.455625000000001,4.708875,3.90125,-2.1953125
9.971125,7.990125,9.818750000000001,-1.4014375
7.423125000000001,5.748375,5.0127500000000005,-1.6924375
6.775625,3.727125,10.45325,-2.0933125
5.503375,7.946375000000001,9.40925,-1.9819375
8.263125,8.628875,13.144250000000001,-1.6181875
4.6423749999999995,7.290125000000001,11.71325,-2.1458125
3.984375,6.700375,2.23175,-1.7100625
4.155875,4.2993749999999995,8.89625,-2.4784375
9.034875,4.040375,10.831249999999999,-2.1900625
5.4666250000000005,4.994125,18.85925,-2.3258125
8.795125,3.590625,14.188250000000002,-2.1274375
3.634375,5.219875,13.04075,-1.3061874999999998
7.064375,9.099625,3.05975,-2.1401875
4.626625,7.267375,14.777750000000001,-1.6841874999999997
4.759625,4.859375,14.462750000000002,-1.2383125
3.385875,9.936125,10.54775,-1.4738124999999997
5.148125,8.362875,5.449249999999999,-1.9766875000000002
6.800125000000001,5.536625,16.244750000000003,-2.0963125
4.819125,8.012875000000001,2.36225,-2.0783125
8.602625,7.900875000000001,14.660750000000002,-1.0620625
4.724625,5.928625,4.77875,-1.3046874999999998
6.499125,5.739625,11.128250000000001,-2.4116875
8.039125,7.937625000000001,6.641749999999999,-1.4775625
9.061125,7.6628750000000005,5.7597499999999995,-1.0969375
3.793625,7.9673750000000005,14.52125,-1.8458125
6.770375,4.738625,17.40575,-2.1705625
9.803125000000001,6.854375,16.636250000000004,-1.2559375
6.182375,4.672125,7.78925,-1.5784375
6.206875,3.956375,6.26825,-1.9095625
9.678875000000001,6.061625,12.52325,-1.6418125
6.523625,3.812875,10.15625,-1.5371875
8.439875,8.000625,3.23975,-1.0961875
4.528625,8.747875,2.17775,-1.6943124999999999
8.196625000000001,9.015625,10.94375,-1.1126874999999998
9.741875,5.4666250000000005,7.348249999999999,-1.2728125
7.806375,8.110875,5.34125,-1.6785625
7.865875000000001,6.922625,2.06975,-1.0541874999999998
4.7368749999999995,3.804125,6.974749999999999,-1.7051874999999999
7.594625000000001,4.553125,17.05925,-1.9369375
7.279625,4.948625,17.69825,-1.2000624999999998
7.372375000000001,6.8648750000000005,13.679750000000002,-2.0078125
4.652875,6.401125,16.75325,-1.3365624999999999
5.191875,5.139374999999999,8.07275,-1.9073125
4.269625,9.367375,10.35875,-1.1104375
9.710375,9.435625,14.633750000000001,-1.2045624999999998
7.393375000000001,7.221875,14.74625,-1.9361875
9.918625,9.176625000000001,2.02925,-1.8150625
8.161625,7.708375,19.19225,-2.4844375
3.102375,8.541375,10.55675,-2.1548125000000002
7.822125,5.975875,14.687750000000001,-2.3475625
6.807125000000001,9.577375,13.78325,-1.3853125
8.882625,4.570625,15.42575,-2.3213125
7.125625,3.739375,8.50475,-1.5191875
3.028875,9.538875,18.269750000000002,-1.9800624999999998
8.593875,3.167125,5.170249999999999,-1.3384375
5.863875,3.755125,13.895750000000001,-2.4274375
4.099875,3.597625,19.228250000000003,-1.3395625
3.347375,3.363125,9.83225,-2.3858125
3.518875,8.156375,10.99775,-2.1671875
4.1278749999999995,7.785375,11.357750000000001,-1.1685624999999997
5.204125,7.844875000000001,13.985750000000001,-2.3411875
8.963125000000002,8.576375,18.30125,-1.1528125
9.647375,8.996375,18.37325,-1.8446875
7.262125,8.464375,7.303249999999999,-1.3290625
4.012375,5.890124999999999,19.885250000000003,-1.5840625
9.838125000000002,3.006125,17.44175,-1.6155624999999998
4.607375,5.4876249999999995,16.595750000000002,-2.3535625
8.679625000000001,4.9048750000000005,16.32125,-1.1164375
4.847125,8.205375,13.80125,-1.7666875
4.901375,7.930625000000001,5.25125,-1.9613125
4.388625,3.457625,18.97625,-2.3621875
6.278625,6.453625000000001,5.20175,-1.6391875
6.875375,9.141625000000001,14.372750000000002,-1.5278125
3.482125,6.933125,6.05675,-1.5405624999999998
5.725625,5.240875,17.356250000000003,-1.1089375
6.364375,7.540375,18.61625,-1.6166874999999998
7.610375,5.289875,14.81825,-1.5649375
8.774125,8.417125,6.14225,-1.8270625
4.017625,6.588375,6.21875,-1.8454375
8.905375,7.480875,3.2127499999999998,-2.4375625
7.965625000000001,7.671625000000001,19.034750000000003,-2.1529375
9.111875000000001,8.936875,12.88775,-1.1430625
3.230125,7.395125,19.65125,-2.4701875
9.113624999999999,8.483625,10.58825,-2.1293125
5.912875,5.531375,19.777250000000002,-1.9605625
5.718624999999999,6.285625,12.451250000000002,-1.5094375
8.464375,3.354375,12.136250000000002,-2.3494375
5.093875,4.588125,4.418749999999999,-2.1555625
5.2006250000000005,8.607875,19.93025,-2.4945625
8.397875,4.533875,16.483249999999998,-1.0718124999999998
8.691875,9.544125000000001,3.99125,-2.3123125
8.775875000000001,4.542625,10.69175,-1.4408125
8.721625,9.194125,7.86125,-1.5544375
3.226625,4.936375,14.56175,-1.3650624999999998
7.815125,7.729375,19.36775,-2.1056875
4.325625,6.595375,15.682250000000002,-1.1516875
9.689375,7.211375,17.49125,-1.9219375
6.766875000000001,6.674125,7.910749999999999,-2.1596875
7.1693750000000005,5.081625,8.774750000000001,-1.1550625
4.089375,6.212125,9.63875,-1.8240625000000001
3.744625,4.4201250000000005,2.36675,-1.6845625
6.464125,7.676875000000001,2.72675,-1.6815625
4.990625,7.227125,10.48025,-1.3425625
7.960375000000001,7.174625000000001,16.57775,-2.3164375
8.271875000000001,9.888875,4.50425,-1.7258125
4.897875,3.413875,15.583250000000001,-1.5409375
9.500375,6.282125,17.95475,-1.5743125
9.488125,8.509875000000001,9.742249999999999,-1.6031875
3.081375,3.748125,17.51375,-1.0241875
9.862625000000001,8.585125000000001,8.51375,-1.7048124999999998
6.5218750000000005,9.979875,2.41175,-1.5293124999999999
9.486375,4.451625,6.8847499999999995,-1.4299374999999999
7.538625000000001,5.548875,6.21425,-1.6133125
3.301875,6.772125000000001,5.48525,-2.4323125
8.145875,9.050625,4.53575,-1.6204375
9.817125,4.866375,11.789750000000002,-1.8728125
9.839875,9.365625000000001,18.71525,-1.0639374999999998
4.817375,3.450625,11.62325,-1.8326875
6.117625,6.058125,2.60075,-2.2575625
3.965125,6.240125,7.47425,-1.6080625
3.553875,5.4701249999999995,9.60275,-1.6481875
7.526375,8.847625,10.71875,-2.4356875
3.924875,9.671875,19.322750000000003,-2.0453125
9.897625000000001,6.093125000000001,13.099250000000001,-1.7183125
6.721375,3.870625,12.680750000000002,-2.1506875
5.545375,9.255375,19.09325,-1.0965624999999999
5.412375,8.980625,14.18375,-1.9571874999999999
8.735625,7.494875,16.15475,-1.1066875
3.410375,4.607375,16.26275,-2.4806875
7.587625,5.344125,15.263750000000002,-1.4591875
6.091374999999999,3.469875,9.59375,-2.0179375
5.851625,6.334625,11.95625,-1.8758124999999999
4.413125,3.7341249999999997,5.70125,-1.8379375
8.102125000000001,4.759625,3.4602500000000003,-1.4449375
8.114375,5.326625,4.85975,-2.4034375
6.565625000000001,7.827375,4.02275,-1.0635625
9.244875,6.3416250000000005,15.03425,-1.5270625
8.086375,4.684374999999999,5.23775,-1.6421875
3.562625,6.8263750000000005,5.98475,-1.2574375
7.421375000000001,7.158875,6.63275,-1.4445625
3.714875,7.274375000000001,9.530750000000001,-2.1094375000000003
4.6388750000000005,8.037375,3.6807499999999997,-1.5045625
5.422875,3.224875,17.63975,-2.4510625
4.488375,8.553625,13.22075,-2.0246874999999998
4.581125,7.046875,19.993250000000003,-1.6365625
5.471875,9.955375,12.00575,-2.4739375
7.356625,4.617875,3.00575,-2.0295625
9.960625,3.193375,12.78425,-1.0058125
9.617625,9.369125,18.03575,-1.6174374999999999
8.576375,8.200125,18.57125,-1.8233125000000001
7.794125,7.256875,10.687249999999999,-2.4296875
6.2471250000000005,8.569375,5.90375,-1.4494375
5.338875,3.196875,7.38875,-2.4709375
8.544875000000001,5.1743749999999995,12.914750000000002,-1.8019375
9.659625,6.5603750000000005,10.07525,-1.1903124999999999
5.853375,7.375875000000001,5.53025,-1.0995625
7.9498750000000005,5.051875,19.95275,-2.2601875
4.035125,5.895375,3.60425,-1.6875624999999999
6.703875,6.047625,2.81675,-1.2795625
6.574375000000001,4.602125,16.65425,-1.1186874999999998
5.144625,9.055875,8.905249999999999,-1.2304374999999999
3.336875,8.324375,9.377749999999999,-2.4098125
7.7311250000000005,8.861625,4.97675,-2.4229375
3.4278750000000002,8.287625,13.949750000000002,-1.2326875
5.505125,7.391625,19.91225,-1.8596875
9.407625,7.8641250000000005,11.560250000000002,-2.3321875
5.818375,3.585375,13.859750000000002,-1.5158125
6.805375,8.756625,18.87275,-1.1111874999999998
9.993875,8.198375,19.07525,-2.1379375
8.632375,7.953375,5.79125,-1.6054374999999999
3.6081250000000002,7.143125,16.17275,-1.8600625000000002
3.189875,9.817125,13.135250000000001,-1.5683125
9.650875000000001,5.001125,9.97175,-2.1848125
9.638625000000001,3.776125,4.54025,-1.7381875
3.685125,7.360125,7.90175,-2.0951875
4.649375,6.278625,2.39825,-1.8788125
3.688625,3.6081250000000002,7.03775,-2.4135625
7.433625,3.293125,12.172250000000002,-1.3811874999999998
4.952125,8.833625000000001,16.955750000000002,-2.2613125
6.527125000000001,8.411875,13.26575,-1.7756875
9.183625,4.094625,14.350250000000003,-2.4566875
8.835375,7.876375,19.49825,-1.8158125
4.827875,6.770375,11.600750000000001,-1.3148125
7.505375,5.909375000000001,10.04825,-1.3868125
9.726125,8.355875000000001,16.073750000000004,-2.3914375
3.814625,5.144625,14.935250000000002,-1.5709374999999999
7.032875000000001,5.163875,18.95375,-1.9133125
9.846875,3.529375,2.73575,-1.6826875000000001
4.553125,9.132875,12.16775,-1.0511875
4.159375,5.209375,16.73525,-1.9909375
3.629125,8.109125,17.518250000000002,-2.4326875
4.276625,8.299875,6.02075,-2.3070625
3.100625,8.557125000000001,7.82525,-1.6305625
9.148625,8.926375,16.85225,-1.4771874999999999
4.266125,8.821375,12.02375,-1.9436875
4.896125,4.871625,18.04475,-1.9174375000000001
6.423875,3.625625,15.799250000000002,-2.3246875
4.1103749999999994,3.111125,8.11325,-1.5248125
9.559875000000002,6.614625,10.52975,-1.8034375
3.401625,8.373375000000001,14.37725,-1.2210625
9.533625,6.962875,15.33125,-1.8428125
5.608375,6.159625,10.32725,-1.1393125
3.812875,4.238125,9.10775,-1.5525624999999998
3.919625,9.694625,3.59525,-1.9316875
3.312375,8.030375,9.91325,-1.6523124999999999
9.901125,4.243375,10.87175,-2.0190625
5.6381250000000005,9.082125000000001,13.83275,-1.1824375
6.810625,9.579125000000001,3.04175,-2.2695625
8.765375,7.157125000000001,8.54975,-2.1131875
7.286625,5.813124999999999,6.96125,-1.4618124999999997
4.726375,7.669875,19.13375,-1.8165624999999999
3.723625,9.320125,6.3447499999999994,-1.7314375
7.799375,6.336375,4.31525,-1.9080625
4.302875,4.645875,14.984750000000002,-1.8330625
9.701625,8.742625,12.370250000000002,-1.8720625000000002
3.326375,5.265375000000001,18.643250000000002,-1.0099375
3.016625,9.654375,14.696750000000002,-1.5529375
5.452624999999999,9.680625000000001,10.95725,-2.3681875
5.8778749999999995,8.182625,11.830250000000001,-1.2713124999999998
8.116125,6.168375,19.93925,-2.0074375
9.955375,9.166125000000001,3.79325,-2.3243125
5.716875,5.461375,17.531750000000002,-2.2774375
8.252625,3.237125,4.652749999999999,-1.4633124999999998
3.021875,9.614125000000001,2.04275,-1.9226875
5.219875,3.098875,8.19425,-1.7839375
7.498375,3.872375,10.55225,-1.3084375
5.596125000000001,8.935125,17.78375,-2.0374375000000002
8.140625,4.008875,6.92525,-1.0628124999999997
7.7958750000000006,9.699875,17.617250000000002,-1.5968125
3.937125,9.414625000000001,14.822750000000001,-1.4018125
4.533875,4.215375,15.722750000000001,-2.4735625
8.719875000000002,7.6156250000000005,11.99675,-1.5221874999999998
8.404875,6.255875,10.18325,-1.3309374999999999
6.016125000000001,6.793125000000001,11.89775,-2.3831875
6.635625,3.545125,11.785250000000001,-2.2549375
6.010875,4.218875,6.88025,-2.4004375
7.6453750000000005,8.989375,18.66125,-1.3973125
7.535125000000001,3.375375,8.73875,-1.1419375
5.417625,6.086125,3.1812500000000004,-2.1615625
9.015625,5.226875,17.545250000000003,-1.6954375
4.224125,6.024875,2.39375,-2.0336875
5.333625,7.942875,11.213750000000001,-2.4926875
8.287625,5.596125000000001,9.71525,-1.8334375
6.6461250000000005,6.166625,2.3577500000000002,-2.3543125
5.933875,7.120375,18.09875,-1.1644375
6.231375,7.8816250000000005,7.96025,-2.0786875
3.133875,8.786375,17.31575,-2.1413125
6.896375000000001,9.584375000000001,4.85075,-2.3783125
8.504625,3.170625,17.26625,-1.9234375
6.252375000000001,7.094125,12.96425,-1.3024375
3.027125,3.202125,16.53725,-1.2131874999999999
5.585625,3.422625,17.18975,-2.3048125
5.051875,8.047875000000001,14.084750000000001,-1.1726874999999999
4.511125,9.596625,7.85675,-1.2285624999999998
5.940875,7.024125,4.04075,-1.9736875
6.842125,3.599375,2.21825,-1.7768125000000001
6.682875000000001,9.722625,8.27525,-1.5011875
7.024125,7.438875,15.41675,-1.4933124999999998
6.079125,8.093375000000002,5.777749999999999,-1.8030625
9.106625000000001,6.5988750000000005,12.446750000000002,-2.1270625
7.013625,9.472375,11.744750000000002,-2.2984375
5.652125,8.618375,7.84325,-1.5311875
4.498875,7.351375000000001,6.686749999999999,-1.4640624999999998
7.157125000000001,4.670375,12.28475,-2.1030625
3.552125,4.269625,2.56025,-1.0973125
9.684125,5.009875,19.20125,-2.2174375
5.414125,8.163375,15.28175,-1.1096874999999997
9.311375,4.152375,17.56775,-1.7689375
6.819375,8.217625,11.065250000000002,-2.4574375
5.848125,4.528625,17.26175,-1.6200625
8.420625000000001,3.791875,8.55425,-2.3835625
6.542875,4.311624999999999,6.71825,-1.3065625
5.548875,7.043375,3.99575,-1.1711874999999998
7.234125000000001,3.445375,2.8842499999999998,-1.2255624999999999
8.270125,5.744875,15.574250000000001,-2.0081875
9.892375000000001,8.345375,17.329250000000002,-1.2859375
4.469125,8.310375,11.60525,-2.1323125000000003
3.387625,8.649875000000002,3.84275,-1.7790625
5.676625,9.587875,11.231750000000002,-2.4953125
3.882875,8.831875,7.8927499999999995,-1.6984374999999998
4.946875,6.422124999999999,10.40825,-2.0723125
6.044125,7.8256250000000005,13.02275,-2.4536875
9.733125000000001,6.579625,3.88775,-1.3890624999999999
9.825875,3.156625,7.66325,-1.1936874999999998
5.015124999999999,4.973125,7.537249999999999,-1.5053124999999998
8.135375,9.335875000000001,4.68875,-2.0006875
6.943625000000001,9.391875,7.70825,-1.3429375
3.291375,6.8946250000000004,7.91975,-2.3921875
8.760125,5.006375,4.95875,-2.4259375
8.917625000000001,9.878375,9.67025,-1.9586875
9.026125,6.523625,13.97225,-1.4224374999999998
6.518375000000001,8.135375,3.86525,-1.8611875
6.2208749999999995,9.939625000000001,12.75725,-1.0999374999999998
7.668125000000001,8.726875,5.5482499999999995,-1.7843125
3.510125,6.887625,10.92125,-1.6459374999999998
6.065125,5.513875,14.948750000000002,-1.6834375
5.730875,4.857625,14.264750000000001,-1.8885625
9.054125,9.397125,14.48075,-1.1411874999999998
6.0966249999999995,4.239875,18.472250000000003,-1.9339374999999999
6.625125000000001,6.884125,2.95625,-2.3539375
7.9673750000000005,5.100875,6.04775,-1.7014375
3.433125,3.609875,9.06275,-1.1565624999999997
4.950375,8.765375,16.51925,-1.3226874999999998
8.803875000000001,7.5508750000000004,16.19525,-1.6024374999999997
7.209625000000001,5.319625,4.792249999999999,-2.3066875
3.405125,4.159375,5.63375,-1.3564375
4.603875,8.606125,5.37275,-1.2135624999999999
7.472125,3.336875,3.55025,-1.3976875
9.864375,5.582125,16.62725,-2.2496875
7.132625000000001,9.957125000000001,2.44775,-1.3328125
8.494125,4.098125,8.57675,-1.8773125
8.900125,5.3931249999999995,14.971250000000001,-1.3714374999999999
7.867625,4.852375,10.64675,-2.0651875
6.156124999999999,6.397625,10.30475,-2.2170625
3.207375,3.301875,12.56375,-2.0753125
6.849125,7.963875,12.25775,-1.1985625
8.656875,6.462375,14.66975,-1.1228124999999998
7.571875,4.869875,5.49425,-1.6950625
8.894874999999999,4.502375,11.645750000000001,-1.7366875
4.439375,7.204375000000001,5.16575,-2.0884375
6.710875000000001,7.451125,7.87925,-2.4041875
7.970875,9.710375,10.67375,-1.9208125
8.889625,9.846875,7.32575,-2.2403125
6.840375,3.937125,12.806750000000001,-1.3680624999999997
4.336125,7.206125,19.71425,-1.2544374999999999
8.301625000000001,4.435875,11.46125,-1.2240624999999998
6.583125000000001,4.406125,6.82175,-2.4293125
3.216125,8.543125,2.84375,-1.6575625
6.150875,3.562625,11.812250000000002,-1.2619375
7.976125000000001,4.740375,11.501750000000001,-1.8911875
6.847375,9.328875,7.4967500000000005,-1.4411874999999998
5.774625,3.686875,17.720750000000002,-1.5064374999999999
6.5131250000000005,8.700625,4.81925,-2.1653125
4.983625,7.813375000000001,18.07625,-2.0160625
9.577375,6.180625,3.57275,-1.7876875
6.275125,6.485125,16.92425,-1.0481875
5.835875,4.784125,11.18675,-1.9991875000000001
6.999625,9.302624999999999,3.40175,-1.5379375
7.108125,5.832375,3.08225,-1.6793125
4.045624999999999,3.189875,14.494250000000001,-2.1150625
4.038625,5.137625,17.64425,-2.3850625
9.727875000000001,5.258375,13.90475,-1.9470625
9.246625,6.037125,19.98875,-2.4173125
9.762875000000001,8.481875,18.485750000000003,-1.8619375
4.0806249999999995,3.3893750000000002,11.924750000000001,-1.0084374999999999
8.922875000000001,8.880875,4.25675,-1.0433124999999999
9.703375000000001,9.839875,2.85275,-1.9020625
6.009125,9.873125,3.23075,-1.4573124999999998
8.891375,8.266625000000001,13.03175,-2.4255625
9.719125,5.932125,5.83625,-1.0725624999999999
9.481125,6.938375000000001,19.88975,-2.1353125
7.9971250000000005,8.800375,11.42525,-2.1919375
3.5153749999999997,5.846375,8.61275,-1.7078125
6.282125,7.596375,10.91675,-1.5026875
6.030125,4.838375,7.10525,-1.9729375
9.946625000000001,4.302875,8.76575,-1.2611875
5.435124999999999,5.501625,13.229750000000001,-1.3298124999999998
3.455875,9.260625000000001,13.63025,-2.0423125
9.374375,3.490875,8.70725,-1.0238125
8.273625,6.198124999999999,7.98725,-1.0253125
7.8168750000000005,5.291625,13.61675,-2.1124375
9.477625,8.166875000000001,10.20125,-2.1049375
5.639875,3.391125,3.0372500000000002,-2.3389375
3.7113750000000003,5.818375,10.23275,-1.2870625
8.595625,3.382375,11.308250000000001,-1.1490624999999999
9.866125,4.045624999999999,17.21225,-1.1760624999999998
5.771125,4.563625,14.84975,-1.5353124999999999
4.323875,6.871875000000001,9.39125,-2.0010624999999997
8.382125,8.837125,12.92825,-1.4561875
7.648875,3.644875,11.98775,-1.9868125
5.967125,6.339875,2.78975,-1.0830625
6.415125,3.643125,4.57175,-2.2181875
5.181375,7.837875,13.72925,-1.6661875
9.388375,4.596875,5.51675,-1.1723124999999999
5.594374999999999,3.844375,14.71025,-1.7355625
8.415375000000001,3.385875,12.869750000000002,-2.2909375
4.925875,5.233874999999999,6.46625,-2.2504375
8.126625,4.166375,6.20075,-1.9770625
9.979875,3.627375,9.850249999999999,-1.2113125
4.225875,8.681375,12.383750000000001,-1.6335625
5.076375,4.579375,19.42625,-1.2203125
4.514625,7.164125,13.189250000000001,-1.4269374999999997
7.479125000000001,4.605625,8.90075,-2.2054375
7.813375000000001,7.843125000000001,9.656749999999999,-2.4563125
4.257375,3.772625,2.01575,-1.9924375
4.715875,3.380625,4.52675,-2.1514375
3.975625,6.329375000000001,7.81625,-1.9560625
7.071375000000001,3.392875,19.83575,-2.0940625
6.066875,7.673375,9.54425,-2.2448125
7.116875,8.315625,5.44025,-1.3481874999999999
3.989625,3.093625,10.30025,-1.9084375
5.0973749999999995,5.512125,11.195750000000002,-1.0331875
9.852125000000001,4.549625,8.59025,-1.6714375
9.120625,4.546125,11.55125,-1.6770625
9.720875,7.109875,10.51625,-1.8090625
8.138875,6.142125,18.99425,-1.0793125
3.980875,7.3408750000000005,4.9182500000000005,-1.2941875
6.040625,9.682375,11.48825,-2.2508125
4.029875,6.751125000000001,8.77925,-1.3106874999999998
4.106875,5.373875,14.404250000000001,-1.4378125
9.593125,8.971875,13.472750000000001,-1.0076874999999998
7.743375,5.750125,10.70075,-1.0714374999999998
4.645875,3.912625,11.61875,-1.6646874999999999
8.574625000000001,8.186125,17.63525,-1.9230625
4.572375,8.852875000000001,12.64025,-1.2173125
6.534125,5.197125,3.37025,-2.4788125
9.216875,9.871375,19.975250000000003,-2.2320625
9.871375,3.338625,17.09075,-1.0395625
3.8846249999999998,3.9983750000000002,4.43675,-1.1333125
5.872624999999999,9.351625,16.987250000000003,-1.0339375
4.234624999999999,6.957625,12.84725,-2.2309375
7.8641250000000005,5.088625,6.40325,-1.6549375
6.373125,8.422374999999999,9.346250000000001,-2.3505625
8.189625,4.635375,7.34375,-2.4656875
6.822875000000001,7.1133750000000004,6.84425,-1.7580625
9.157375000000002,7.136125,17.58575,-1.5660625
3.944125,6.586625,10.62425,-2.1893124999999998
8.124875,7.440625,16.93775,-1.4880624999999998
9.447875,9.400625000000002,9.06725,-1.4873124999999998
8.858125000000001,5.631125,18.89975,-1.9283125
9.829375,3.767375,15.812750000000001,-2.4829375
6.2681249999999995,9.594875000000002,6.17825,-1.3605625
4.411375,3.161875,12.54575,-2.4551875
7.608625,5.620625,16.91075,-2.3336875
5.443875,9.664875,2.32625,-1.1850625
7.451125,5.1271249999999995,9.01775,-1.0841875
5.491125,8.751375,9.53525,-1.0260624999999999
9.670125,5.389625,4.90475,-1.7869375
3.265125,4.229375,6.44825,-1.6856874999999998
6.996125,9.085625,6.11525,-2.4885625
3.763875,9.829375,11.965250000000001,-1.0088125
6.105375,5.664375,14.30075,-1.4220625
8.203624999999999,5.702875000000001,13.850750000000001,-1.2555625
4.248625,4.766625,17.07725,-2.3704375
5.128875,7.4826250000000005,13.87325,-2.4874375
7.204375000000001,3.821625,10.642249999999999,-1.6744374999999998
5.375624999999999,3.482125,9.620750000000001,-1.3669375
7.1606250000000005,5.968875,13.52675,-2.1664375
5.641625,5.478875,8.69825,-1.4239374999999999
7.514125000000001,8.151125,3.41975,-2.3768124999999998
6.681125000000001,3.273875,3.2982500000000003,-2.2961875
5.4193750000000005,3.263375,3.9282500000000002,-2.3873125
6.378375,9.755875,13.405250000000002,-1.5926874999999998
5.645125,7.543875000000001,16.54175,-1.5491875
8.690125,9.454875000000001,12.40175,-2.3400625
4.262625,9.129375,19.08875,-1.3080625
6.709125,8.845875,14.305250000000001,-2.2523125
9.236125000000001,8.392625,8.70275,-1.6058124999999999
3.154875,8.705875,15.709250000000003,-1.4254375
5.473625,4.322125,5.42225,-2.2328125
4.6598749999999995,4.988875,5.17925,-1.9241875
5.155125,8.172125000000001,6.37625,-2.4758125
8.441625,5.858625,17.76575,-1.4385625
4.721125,7.038125,19.81325,-1.6703124999999999
8.513375,9.442625,13.247750000000002,-1.6290624999999999
3.900375,5.225125,6.97025,-1.8390625
4.162875,9.355125000000001,14.80925,-1.4621875
8.401375,5.583875,7.36175,-1.2015624999999999
8.854625,3.3036250000000003,5.09825,-2.2140625
5.242625,9.692875,15.51575,-1.4745625
7.745125,8.949125,6.70925,-1.0448125
9.899375000000001,8.275375,13.01825,-1.9433125
9.267625,5.879625,7.35275,-1.4479374999999999
7.507125,7.1606250000000005,15.259250000000002,-2.2860625
6.112375,4.773625,3.61325,-2.3074375
7.545625,8.599125,9.20675,-1.3174375
5.811375,6.000375,2.27225,-2.3749375
6.488625,3.277375,11.24075,-1.5071875
3.581875,6.121125,19.957250000000002,-1.7678125
8.450375000000001,7.9498750000000005,13.607750000000001,-1.0031875
9.138125,8.642875,8.84225,-2.0164375
3.307125,8.364625,11.72225,-1.3823124999999998
9.885375,8.894874999999999,5.921749999999999,-1.4636875
9.348125,6.758125000000001,4.594250000000001,-1.6586875
8.851125,8.719875000000002,3.85175,-1.0046875
9.551124999999999,4.087625,11.58275,-2.4570625
3.529375,6.476375,9.382249999999999,-2.2264375
3.333375,7.487875000000001,10.70975,-1.4355624999999999
7.025875000000001,7.424875,19.57475,-2.0978125
7.365375,9.265875000000001,14.86325,-1.3898125
7.2936250000000005,8.123125,16.88375,-1.0178125
8.754875000000002,6.815875,12.851750000000001,-2.0471875
9.628125,6.283875,19.82225,-1.4123125
3.986125,3.097125,9.61175,-1.8746875
4.630125,3.982625,16.50575,-1.9710625
5.842875,9.638625000000001,9.32375,-1.0264375
6.299625,8.046125,13.279250000000001,-1.6189375
6.422124999999999,6.415125,11.85275,-1.7700625
5.884875,9.262375,10.95275,-1.4048125
4.519875,9.769874999999999,14.20625,-1.8923125
7.353125,4.512875,15.63275,-1.9148125
4.040375,6.565625000000001,7.72625,-1.9301875
4.794625,6.332875,6.14675,-2.0576875
7.6926250000000005,9.160875,15.02975,-1.7741875
4.722875,8.455625000000001,18.926750000000002,-2.3644375
9.540625,8.803875000000001,12.032750000000002,-2.4176875
6.212125,8.929875,15.718250000000001,-2.1818125
3.198625,5.767625,11.39375,-1.2008125
4.617875,4.120875,14.39525,-2.2781875
3.755125,9.533625,2.51525,-1.4783125
5.034375,7.165875,7.66775,-2.1709375
6.899875000000001,5.277625,13.193750000000001,-1.3313125
9.442625,7.190375,5.93525,-2.4184375
7.942875,9.941375,14.098250000000002,-1.9024375
7.277875,9.944875,3.07325,-1.0391875
4.406125,3.4278750000000002,2.29925,-2.4270625
6.257625,3.991375,4.44575,-2.2346875
4.290625,6.149125,11.06075,-1.2585625
9.572125,4.297625,12.068750000000001,-2.0839375
7.428375000000001,4.038625,5.44475,-1.7156874999999998
7.276125,6.1438749999999995,19.56125,-2.1060625
8.852875000000001,6.175375,5.28275,-2.2118125
5.239125,7.794125,5.5032499999999995,-2.0719374999999998
5.053625,7.298875000000001,15.60575,-2.2399375
8.229875,6.420375,3.9372499999999997,-2.0771875
7.706625000000001,7.151875,15.992750000000001,-2.3081875
7.676875000000001,7.860625000000001,8.57225,-1.1531874999999998
5.862125,6.971625,15.313250000000002,-1.6234374999999999
5.016875000000001,9.687625,18.80075,-2.0876875
7.410875000000001,3.049875,14.548250000000001,-2.0066875
6.359125000000001,5.352875,15.367250000000002,-2.3546875
6.6373750000000005,3.004375,3.90575,-1.3774375
3.833875,3.9528749999999997,8.54525,-1.6283125
8.970125,4.472625,16.775750000000002,-1.6380625
7.102875,3.784875,5.52575,-1.2293125
9.969375,5.942625,12.59975,-2.1675625
9.206375000000001,5.758875,17.734250000000003,-2.2894375
4.404375,3.077875,17.396750000000004,-1.8000625000000001
6.597125,3.335125,2.15525,-2.0854375000000003
7.673375,7.507125,7.595750000000001,-1.9931875
9.939625000000001,9.384875000000001,11.411750000000001,-2.3486875
8.151125,8.819625,2.70875,-1.3294375
5.825375,9.458375,19.579250000000002,-2.1656874999999998
6.059875,5.375624999999999,7.928749999999999,-1.1573125
3.018375,4.666875,17.01875,-1.8098125
5.722125,7.571875,16.870250000000002,-1.4055624999999998
8.875625,8.396125000000001,19.871750000000002,-2.4795625
4.731625,5.7833749999999995,17.45975,-1.6500625
5.538375,6.905125,13.994750000000002,-1.1805624999999997
9.159125,4.927625,11.776250000000001,-1.0526875
4.294125,5.986375,18.04025,-1.3751875
3.942375,6.070375,5.7372499999999995,-1.5934374999999998
8.259625,3.476875,4.76075,-2.4750625
5.786875,6.234875000000001,9.157250000000001,-1.1179375
9.071625000000001,6.5131250000000005,5.95775,-1.4051874999999998
5.526125,9.922125000000001,19.29575,-2.3756875
9.299125,6.801875000000001,14.552750000000001,-1.3230625
4.091125,6.789625000000001,8.428249999999998,-2.2125624999999998
9.479375000000001,3.188125,13.39625,-1.3264375
3.6571249999999997,6.301375,12.20375,-1.6838125
3.035875,3.364875,15.133250000000002,-2.1889374999999998
4.854125,9.615875,7.3302499999999995,-2.4848125
3.527625,9.960625,4.697749999999999,-1.8439375
8.998125,8.903625000000002,5.53925,-1.8548125
5.643375,5.307375,2.42075,-1.6530624999999999
5.100875,6.1228750000000005,13.225250000000003,-1.1659375
7.4441250000000005,6.726625,7.96925,-1.9864375
7.671625000000001,7.381125000000001,12.208250000000001,-1.4936874999999998
4.539125,6.388875,6.68225,-1.0223125
4.969625,9.491625,2.90225,-1.2098125
4.535625,5.0028749999999995,14.309750000000001,-1.8679375
9.064625,7.986625000000001,17.171750000000003,-1.1595624999999998
3.196875,3.893375,16.68125,-1.6864374999999998
3.681625,3.9231249999999998,9.81425,-1.3418124999999999
9.003375,8.641124999999999,5.61125,-2.0430625
5.1743749999999995,5.302125,8.45975,-2.3584375
7.020625000000001,3.046375,12.96875,-1.6099374999999998
6.222625,9.468875,3.38375,-1.9358125
9.685875000000001,6.929625000000001,2.76725,-2.3558125
4.5951249999999995,3.151375,12.617750000000001,-2.0475625
9.031375,5.223375,10.11575,-2.1068125
6.612875000000001,4.059625,4.96325,-1.4813124999999998
8.343625,8.380375,16.874750000000002,-1.7914375
3.212625,9.052375000000001,19.111250000000002,-1.5146875
6.023125,6.425625,15.50225,-1.5188125
4.882125,9.993875,15.61025,-2.1754375
8.354125,8.147625000000001,13.76525,-2.3648125
8.158125,4.042125,13.441250000000002,-1.4715624999999999
5.604875,8.366375000000001,13.59425,-1.8495625
7.137875,5.732625,16.667749999999998,-2.2534375
4.463875,8.616625,3.6087499999999997,-2.1319375000000003
4.313375,4.913625,17.32475,-1.3808125
3.321125,9.446125,11.39825,-2.1904375
7.685625,3.366625,6.91625,-2.2826875
8.887875000000001,9.932625000000002,11.402750000000001,-1.2064374999999998
9.493375,5.946125,6.67775,-1.0305624999999998
7.727625000000001,6.369625,19.01225,-1.3984374999999998
8.705875,8.462625,12.248750000000001,-1.3283125
5.699375,6.269875,12.51425,-1.9834375
7.991875,5.526125,17.333750000000002,-1.6541875
7.858875000000001,5.349375,8.09975,-2.2646875
4.857625,4.574125,16.85675,-1.2124374999999998
3.170625,8.193125,17.66225,-1.7981875
7.2638750000000005,8.385625000000001,16.71725,-1.7531875000000001
8.058375000000002,4.897875,15.497750000000002,-1.1959374999999999
6.1736249999999995,5.230375,4.5177499999999995,-1.5761874999999999
4.705375,7.003125,19.129250000000003,-1.3440625
9.180125,5.114875,16.14575,-1.8191875
9.433875,5.926875,3.91925,-1.5019375
9.426875,5.333625,6.484249999999999,-1.0890624999999998
4.087625,9.948375,2.33525,-2.2151875
9.164375,9.675375,5.84525,-2.2324375
4.306375,4.339625,11.164250000000001,-2.1064375
5.785125,7.382875,6.47975,-1.5000624999999999
8.704125000000001,9.580875,10.46675,-1.9204375
8.063625000000002,9.299125,3.71225,-2.0858125
6.056375,4.430625,14.39075,-1.8349375
4.409625,7.725875,17.239250000000002,-2.1964375
6.912125,8.882625,3.32075,-1.3129374999999999
5.758875,9.036625,18.90875,-1.8060625
6.546375000000001,6.1736249999999995,15.236750000000002,-2.1915625
8.037375,8.035625,15.565250000000002,-2.0711875
7.774875000000001,9.995625,13.13075,-1.6279374999999998
6.829875,5.335375,4.89575,-1.5319375
4.588125,5.888375,8.347249999999999,-1.8844375
6.500875000000001,8.744375000000002,3.5097500000000004,-2.2200625
9.279875,6.145625,12.82025,-1.1475625
7.990125,9.183625,3.7662500000000003,-1.4115624999999998
8.779375,6.411625,11.555750000000002,-1.5799375
7.067875,9.890625,17.234750000000002,-2.2594375
7.295375000000001,8.651625,15.817250000000001,-2.1484375
6.525375,6.059875,12.397250000000001,-1.9680625
6.238375,6.495625,15.970250000000002,-1.3103124999999998
3.506625,9.589625000000002,9.52175,-1.2154374999999997
6.628625,7.389875,6.49325,-2.1180625
7.624375000000001,5.191875,12.21725,-2.4038125
3.055125,3.473375,19.42175,-1.4963125
5.876125,5.275875,6.53375,-1.7745625
3.784875,3.709625,16.253750000000004,-1.9144375
6.626875,5.405375,16.307750000000002,-1.5495625
3.557375,9.449625000000001,2.10575,-2.0501875
7.384625,8.270125,12.31175,-2.1386875
7.477375,8.438125,19.156250000000004,-1.9129375
7.907875000000001,4.535625,11.20475,-1.5368125
9.428625,9.113624999999999,17.73875,-1.6294374999999999
7.115125,8.091625,5.89475,-1.5398125
6.8263750000000005,6.8561250000000005,16.609250000000003,-1.1340625
5.277625,7.713625,19.33625,-1.2439375
8.399625,9.171375000000001,11.96975,-2.0846875000000002
8.588625,7.965625000000001,9.094249999999999,-2.2219375
5.757125,5.076375,13.54925,-2.4150625
8.424125,6.744125,4.00475,-1.3793125
5.190125,3.707875,3.84725,-2.3295624999999998
4.418375,9.981625000000001,14.90375,-1.9965625
7.466875,9.605375,10.14725,-1.9699375
8.172125000000001,7.969125,14.53475,-2.0678125
3.700875,5.211125,19.00775,-1.3586874999999998
8.460875000000001,3.251125,15.75425,-1.6193125
9.717375,9.771625,17.167250000000003,-1.7149375
5.387875,9.043625,16.055750000000003,-1.9886875000000002
9.328875,4.964375,12.716750000000001,-2.3745625
3.783125,8.760125,3.01025,-1.3110625
8.348875,9.139875,11.627750000000002,-1.4374375
5.5646249999999995,5.450875,11.15075,-1.8416875
3.720125,5.944375,17.153750000000002,-1.4393125
7.402125000000001,8.418875,18.34625,-1.4438125
9.512625,9.257125,6.35825,-2.4731875
9.568625,6.842125,9.29675,-2.2388125
8.394375,7.123875,11.650250000000002,-1.1906875
6.632125,6.875375,14.386250000000002,-1.5821874999999999
7.596375,6.695125000000001,9.72425,-1.7696874999999999
8.788125,8.781125,5.543749999999999,-1.7884375000000001
5.085125,7.085375000000001,17.716250000000002,-1.1933125
7.461625,3.310625,2.54675,-1.4595624999999999
5.666125,9.512625,12.99125,-1.9894375
8.418875,3.539875,8.60375,-2.0738125
5.953125,3.501375,7.02425,-1.1374374999999999
3.426125,4.6598749999999995,7.77125,-2.3809375
8.950875,8.730375,12.23525,-1.4194375
8.730375,3.697375,15.50675,-1.4138125
8.686625,9.906375,15.34475,-2.1041875
7.540375,8.590375,7.26275,-1.0954374999999998
8.068875,7.249875,8.306750000000001,-2.4101875
6.115875,7.319875000000001,8.71175,-2.3606875
9.369125,7.213125000000001,18.017750000000003,-1.0384375
5.781625,3.041125,5.12975,-2.3235625
5.520875,3.118125,18.82325,-1.3001874999999998
9.656125,4.180375,17.180750000000003,-1.3654375
8.306875000000002,4.924125,13.432250000000002,-1.2038125
4.610875,3.440125,15.04775,-1.0005624999999998
4.255625,6.714375,16.816250000000004,-1.8315625
9.671875,6.014374999999999,7.17275,-2.1791875000000003
9.579125000000001,3.291375,14.593250000000001,-1.8814375
4.880375,9.281625,18.98525,-1.5383125
4.019375,4.855875,2.75375,-1.2889374999999998
9.194125,5.867375,11.258750000000001,-1.1816874999999998
8.014625,9.834625,11.40725,-2.1079375000000002
9.474125,3.550375,17.540750000000003,-1.4190625
5.657375,8.179125,5.36375,-1.7948125
4.663375,9.965875,16.397750000000002,-1.8893125
7.361875,8.933375000000002,4.19375,-1.5341874999999998
5.979374999999999,3.879375,16.969250000000002,-2.0419375
4.754375,9.988624999999999,5.827249999999999,-1.9845625
3.058625,4.015874999999999,9.45875,-2.1769375
8.222875,7.400375,7.09625,-1.9811874999999999
5.300375,3.653625,13.886750000000001,-1.1618125
5.5173749999999995,3.091875,7.5642499999999995,-1.9091875
5.519125,5.347625,11.11475,-1.8634374999999999
7.886875000000001,4.260875,4.324249999999999,-1.4828124999999999
8.919375,8.728625000000001,3.31175,-1.0515625
6.520125,6.4361250000000005,14.426750000000002,-1.7873125
5.928625,4.647625,4.81025,-2.2241875
3.217875,3.534625,12.42425,-1.1213125
9.083874999999999,3.846125,17.28875,-2.3261875
7.549125000000001,8.263125,7.640750000000001,-2.2740625
5.081625,6.108874999999999,17.000750000000004,-1.8926875
7.060875,3.895125,4.279249999999999,-2.4833125
3.770875,9.883625,17.88725,-2.3198125
6.000375,6.136875,6.25925,-1.5630624999999998
7.120375,8.653375,8.16725,-2.4086875
9.824125,8.788125,19.25075,-1.7595625
8.914125,4.600375,16.978250000000003,-1.1828124999999998
4.395625,3.919625,8.37875,-1.1993125
4.850625,4.259125,13.522250000000001,-1.2934375
7.977875,7.760875,10.63325,-1.8649375
4.801625,6.5043750000000005,7.766749999999999,-2.1956875
9.594875000000002,7.239375000000001,8.50925,-1.4104374999999998
7.300625,9.559875000000002,19.493750000000002,-1.6196875
8.840625000000001,4.743875,4.92275,-2.0606875000000002
6.964625000000001,5.711625,12.41525,-2.2665625
7.235875,8.665625,16.09175,-1.2510625
4.432375,4.925875,8.63525,-1.1865625
5.750125,3.886375,12.40625,-1.8533125
8.163375,8.072375000000001,14.966750000000001,-1.9170625000000001
5.627625,7.892125,6.03425,-1.3763125
3.013125,7.871125,12.307250000000002,-1.2994374999999998
7.405625000000001,9.239625,11.00675,-1.7610625
5.370375,4.330875,9.08525,-1.2086875
9.265875000000001,4.9556249999999995,18.958250000000003,-1.4153125
9.304375,8.851125,13.10825,-1.0373125
6.780875,3.014875,16.01525,-1.7175625
7.454625,5.3423750000000005,11.483750000000002,-2.0539375
3.5783750000000003,7.718875000000001,5.67875,-1.8023125
9.211625,4.047375,10.53875,-1.0530624999999998
4.836625,3.245875,11.636750000000001,-1.7468124999999999
4.596875,7.909625,5.65625,-2.2095625
5.589125,5.648625,19.610750000000003,-1.3466874999999998
8.921125,4.439375,4.981249999999999,-1.2056874999999998
8.142375000000001,8.910625,13.43675,-1.9448125
5.1271249999999995,5.771125,4.56725,-1.4183124999999999
4.400875,6.161375,15.38075,-2.4443125
4.2311250000000005,8.663875,16.127750000000002,-1.1696874999999998
5.288125,9.033125,6.13325,-2.4866875
3.025375,7.220125,19.583750000000002,-2.1574375
8.096875,9.061125,2.61875,-1.4246874999999999
8.590375,7.893875,12.50525,-1.4464374999999998
8.697125,7.081875,6.79475,-2.0265625
4.036875,5.482374999999999,10.178749999999999,-2.4281875
5.890124999999999,9.691125,15.196250000000001,-2.0636875
6.450125,5.898875,4.83275,-2.4799375
7.650625000000001,5.134125,16.64075,-1.2533124999999998
4.687875,4.840125,10.98875,-1.5971875
7.760875,7.0066250000000005,4.55825,-1.5698124999999998
7.171125,4.103375,13.913750000000002,-1.4768124999999999
6.878875000000001,9.778625000000002,7.54625,-2.3100625
3.704375,4.875125,15.245750000000001,-2.0175625
3.322875,6.639125000000001,4.01375,-1.1318124999999999
7.190375,7.983125,5.125249999999999,-2.4075625
3.804125,6.304875,5.08925,-1.5034375
9.663125,9.316625,19.795250000000003,-1.5506875
4.932875,5.207625,18.22025,-1.0556875
7.220125,5.958375,7.15925,-1.1963125
4.105125,3.979125,15.182750000000002,-1.8585625000000001
7.8343750000000005,6.833375,7.65875,-1.2668125
8.427624999999999,3.639625,3.1407499999999997,-1.8488125
9.470625,3.249375,12.55025,-1.4078125
8.658625,8.859874999999999,17.986250000000002,-2.0531875
6.548125000000001,9.607125,9.45425,-2.2770625
5.193625,7.6838750000000005,3.80225,-1.5161874999999998
8.446875,6.954125,12.226250000000002,-1.7044375
4.458625,5.279375,9.899750000000001,-1.0894374999999998
6.668875,6.7791250000000005,8.73425,-1.7385624999999998
9.335875000000001,9.034875,6.19625,-1.4614375
3.7341249999999997,8.978875,8.56775,-1.5788125
5.923375,7.750375,9.03575,-1.5225625
6.976875000000001,4.5951249999999995,11.43425,-1.8863124999999998
3.119875,7.323375,14.80025,-2.4870625
5.116625,6.446625,16.789250000000003,-2.2440625
4.959125,7.176375,13.63475,-1.9628125
3.076125,5.176125,17.75225,-2.1341875
7.935875,4.164625,3.1092500000000003,-1.9268125
7.844875000000001,5.991625,9.17075,-1.6470624999999999
5.478875,9.409375,2.78525,-1.3478124999999999
7.314625,4.782375,6.30875,-1.1134374999999999
5.926875,3.076125,12.74375,-2.4615625
3.107625,8.753125,7.883749999999999,-2.3306875
6.297875,5.804375,17.32025,-1.0279374999999997
8.838875,6.983875000000001,15.713750000000001,-2.1863125
8.329625,7.664625,14.530250000000002,-2.3839375
7.4266250000000005,4.056125,17.725250000000003,-2.0708124999999997
8.480125000000001,6.194625,4.30175,-2.0565625
6.7791250000000005,8.674375000000001,6.15575,-1.3575624999999998
6.357375,5.802625,2.34875,-1.4801875
9.895875,7.116875,13.387250000000002,-1.7130625
7.773125,5.8778749999999995,12.536750000000001,-2.1405625
7.564875000000001,7.766125,2.66825,-2.1773125
5.498125,4.077125,9.23825,-2.1383125
8.693625,4.467375,8.032250000000001,-2.3288125
4.927625,7.932375,4.80125,-2.1923125
5.139374999999999,4.217125,8.20775,-1.1708124999999998
3.525875,5.494625,18.16175,-1.8026875
6.511375000000001,7.277875,7.61825,-2.4694375
6.724875000000001,6.707375,2.66375,-1.0410624999999998
9.855625,3.426125,4.24325,-1.6350624999999999
8.763625000000001,5.132375,11.14625,-1.2893124999999999
8.060125,5.438625,7.0017499999999995,-1.5150625
5.426375,4.803375,18.179750000000002,-2.4904375
9.344625,9.880125,17.68025,-2.0734375
6.448375,6.427375,18.31025,-2.0985625
7.515875,5.160375,15.965750000000002,-1.8514374999999998
5.228625,9.547625,11.84375,-1.3271875
4.259125,4.789375,17.00525,-2.0194375
6.821125,8.088125000000002,2.6412500000000003,-1.3789375
9.048875,6.348625,2.61425,-1.4040624999999998
5.468375,6.107125,2.70425,-2.1930625
9.325375000000001,5.806125,14.44475,-1.7569375
5.3458749999999995,5.331875,3.25775,-1.1839374999999999
5.214625,4.000125,14.138750000000002,-1.0444375
5.135875,9.090875,18.089750000000002,-2.3891875
8.390875000000001,5.9076249999999995,13.459250000000003,-1.8375625
9.874875,8.170375,4.2612499999999995,-2.2084375
5.240875,8.425875000000001,7.2132499999999995,-1.1400625
4.061375,6.087875,7.99175,-1.0733125
4.082375,3.583625,8.32925,-2.2159375
6.880625,3.4751250000000002,10.90775,-1.3541874999999999
4.371125,4.616125,11.37125,-1.4606875
8.844125,6.066875,14.34575,-1.2431875
8.819625,4.701874999999999,15.00725,-1.5664375
6.283875,8.240375,3.19025,-1.4711875
8.079375,8.124875,10.88525,-2.0648125
5.379125,5.730875,7.67675,-1.8536875
8.707625,6.248875,6.33575,-2.0741875
7.591125000000001,6.679375,10.72775,-1.2473125
3.364875,7.3321250000000004,2.07875,-1.3864375
7.018875,5.708125,9.368749999999999,-1.0586875
9.264125,9.370875000000002,15.32675,-2.1975625
8.648125,9.201125000000001,11.821250000000001,-1.6178124999999999
4.049125,9.717375,4.742749999999999,-1.4205625
8.537875,7.7958750000000006,7.25375,-1.5049375
5.9723749999999995,8.289375,6.695749999999999,-2.0599375
9.925625,6.196375,2.92475,-1.9253125
4.073625,8.068875,12.109250000000001,-1.5109374999999998
5.211125,3.965125,8.15825,-1.2049374999999998
4.052625,3.6571249999999997,14.99375,-1.3725625
3.662375,5.657375,12.47375,-2.4608125
8.350625,9.344625,8.725249999999999,-1.7681875
6.663625,4.623125,13.157750000000002,-1.2851875
4.943375,6.8088750000000005,10.13375,-2.0768125
9.715625000000001,9.558125,17.99075,-2.2178125
6.5901250000000005,3.5696250000000003,3.4377500000000003,-1.7711875
4.227625,9.381375,16.84325,-2.3693125
8.410125,8.609625000000001,8.26625,-1.1291874999999998
6.4098749999999995,5.408875,10.34975,-1.8011875000000002
8.628875,8.809125,9.19775,-1.2641875
4.316875,6.915625,13.423250000000001,-1.3871875
3.6186249999999998,8.327875,17.86475,-1.7831875
4.791125,3.207375,15.947750000000001,-1.1891874999999998
7.269125000000001,5.018625,2.6862500000000002,-1.3755624999999998
5.7798750000000005,7.316375000000001,3.2037500000000003,-1.2900625
9.731375,4.511125,2.79425,-2.1476875
6.485125,4.264374999999999,8.252749999999999,-1.3238124999999998
4.460375,9.204625,8.75675,-2.3224375
9.755875,4.649375,2.22725,-2.4236874999999998
9.132875,3.420875,7.12775,-1.1768125
5.767625,7.830875000000001,17.82875,-2.3430625
9.605375,8.298125,16.10075,-1.1479374999999998
8.459125,7.011875000000001,4.57625,-2.4428125
8.987625000000001,8.597375,18.013250000000003,-1.5724375
3.048125,5.571625,11.89325,-1.5113124999999998
3.928375,7.353125,7.30775,-1.4066874999999999
3.184625,6.129875,16.960250000000002,-1.6781875
7.099375,6.934875000000001,17.536250000000003,-1.2458125
6.8946250000000004,7.134375,13.54025,-1.3388125
6.304875,7.6453750000000005,11.00225,-2.2736875
8.625375,5.2216249999999995,17.11775,-1.8079375
8.931625,9.899375000000001,3.97775,-1.4396875
4.246874999999999,4.490125,13.612250000000001,-1.7786875
7.923625,3.235375,18.50825,-1.5304375
3.083125,5.576874999999999,6.947749999999999,-2.2069375
9.621125,9.874875,17.891750000000002,-1.9106875
7.542125,6.472875,10.35425,-1.6849375
8.546625,8.320875000000001,3.88325,-1.3073124999999999
5.737875,7.759125,8.999749999999999,-1.6309375
7.974375,8.040875,18.52175,-2.1248125
5.071125,4.714125,16.16825,-1.3339375
7.998875,3.909125,8.98625,-1.6504374999999998
5.704625,5.011625,2.05175,-1.8544375
7.480875,8.252625,10.44875,-1.9166875
5.837625,3.319375,8.08625,-1.5585624999999999
6.177125,6.940125,2.69075,-2.2249375000000002
3.319375,7.552625,19.052750000000003,-1.9684375
5.2688749999999995,4.780625000000001,15.727250000000002,-2.3156875
5.431625,7.981375000000001,12.36575,-1.9155625
6.537625,7.337375000000001,6.6282499999999995,-1.7220625
5.146375,4.651125,15.587750000000002,-2.1990625
6.9208750000000006,6.549875,6.57425,-2.0779375
3.802375,9.444375,2.12825,-2.2815625
9.472375,7.858875000000001,14.314250000000001,-2.0153125
3.004375,5.520875,2.58275,-1.7066875
9.215125,6.8771249999999995,7.222249999999999,-1.2698124999999998
5.874375000000001,4.764875,15.09725,-1.2608125
3.585375,6.353875,7.74425,-2.0625625000000003
6.793125000000001,4.379875,16.41575,-1.1063124999999998
9.640375,7.463375000000001,13.990250000000001,-1.7393125
8.716375,4.462125,17.032249999999998,-1.8461875
6.429125,6.394125,17.45525,-1.3485624999999999
3.156625,8.334875,19.54775,-1.4074375
9.936125,5.0326249999999995,2.22275,-2.3228125
8.943875,4.129625,17.88275,-2.0205625
7.206125,5.022125,12.667250000000001,-1.6035624999999998
4.785875,6.040625,12.09575,-1.1168125
8.217625,8.879125,3.95075,-1.6264374999999998
4.297625,9.845125,11.011250000000002,-2.3138125
5.428125,4.995875,7.94225,-1.6725625
9.250125,4.539125,11.95175,-2.0115625
6.019625,3.8268750000000002,13.288250000000001,-1.7453124999999998
8.901875,9.174875,16.28525,-2.1038125
6.224375,9.832875000000001,4.7517499999999995,-1.5938124999999999
6.325875,5.662625,5.98925,-1.0631875
9.141625000000001,4.288875,8.626249999999999,-1.1813125
7.601625,3.370125,16.29425,-2.1090625
9.173125,7.780125,2.93825,-1.0624375
9.178375,4.411375,9.62525,-1.1145625
3.566125,9.612375,6.929749999999999,-2.1566875
7.239375000000001,6.791375,15.403250000000002,-2.2166875
5.048375,3.975625,6.87125,-2.4679375
3.394625,9.433875,2.51075,-1.4723125
4.3938749999999995,5.701124999999999,3.17675,-1.0706875
6.161375,8.707625,14.714750000000002,-1.3703124999999998
5.727375,5.212875,3.44225,-1.5833125
7.496625,6.544625,11.510750000000002,-2.4990625
7.162375000000001,8.870375,8.67125,-1.0103125
6.567375,7.505375,14.41775,-2.4896875
3.139125,4.301125,6.99725,-1.8604375
7.288375,3.284375,13.576250000000002,-1.5600625
6.677625000000001,6.514875,7.078250000000001,-2.1105625
9.705125,4.378125,10.57475,-1.2274374999999997
7.837875,8.513375,12.04175,-2.2976875
6.605875,6.005625,4.000249999999999,-1.0658124999999998
6.334625,9.208125,18.77375,-2.3520625
5.5348749999999995,8.676124999999999,5.39525,-1.6879374999999999
3.298375,7.601625,12.18575,-2.2121875
3.644875,9.792625000000001,4.34675,-1.2615625
8.021625,5.057125,10.502749999999999,-1.3043125
7.449375000000001,4.294125,15.601250000000002,-1.0451875
9.461875000000001,7.477375,3.82925,-1.6860625
4.568875,3.889875,15.101750000000001,-1.2330625
9.412875,3.361375,14.422250000000002,-2.0044375
7.416125000000001,4.213625,17.77025,-2.1713125
7.647125000000001,4.182125,2.93375,-1.3324375
9.181875000000002,5.069375,13.931750000000001,-2.4225625
7.984875,8.795125,14.912750000000003,-2.2545625
4.308125,5.156874999999999,18.31475,-2.2208125
9.908125,6.966375,10.38575,-2.3130625
8.184375000000001,4.049125,10.81325,-1.2443125
7.927125,5.993375,16.208750000000002,-1.8004375000000001
6.234875000000001,7.711875000000001,2.47925,-1.3234374999999998
4.353625,6.1263749999999995,3.8607500000000003,-1.5210625
4.292375,7.802875,19.89875,-1.7325624999999998
4.899625,4.413125,8.24825,-1.8491875
6.884125,4.978375,9.751249999999999,-1.1021874999999999
8.243875,8.623625,17.81075,-1.7141875
3.853125,9.689375,8.17175,-1.9976875
6.913875000000001,7.412625,4.4502500000000005,-1.2195624999999999
6.157875,7.792375,9.30575,-1.8945625
9.514375000000001,3.112875,15.25475,-2.4371875
8.305125,7.496625,2.11475,-2.0141875000000002
9.468875,3.210875,11.452250000000001,-1.1775624999999998
6.3923749999999995,4.427125,12.554750000000002,-1.1561875
3.4751250000000002,5.177875,16.53275,-1.2424374999999999
7.202625000000001,4.486625,5.47625,-1.0020624999999999
8.483625,3.466375,9.11675,-1.5746875
3.728875,6.7406250000000005,12.51875,-2.0415625
3.625625,4.791125,16.217750000000002,-2.2410625
6.642625000000001,3.616875,4.39625,-2.1334375
9.055875,3.5153749999999997,15.47075,-1.9793125
8.756625,8.033875,5.00825,-2.2043125
9.930875,5.167375,2.97425,-1.3549375
5.265375000000001,4.633625,7.19525,-2.3726875
8.173875,6.532375000000001,8.47775,-1.3215625
8.355875000000001,9.934375000000001,9.809750000000001,-1.7996875
8.345375,4.463875,16.99625,-1.7801875
6.758125000000001,6.390625,4.14875,-1.2281875
5.429875,8.982375000000001,15.28625,-2.2421875
3.667625,4.679125,10.66475,-2.3119375
3.174125,9.507375,10.52525,-1.7888125
5.064125,3.678125,8.08175,-2.3801875
4.864625,3.233625,19.72325,-2.3963125
8.994625000000001,6.371375,17.57225,-1.7895625
7.876375,4.523375,9.72875,-1.1359374999999998
4.131375,8.842375,19.76375,-1.1895624999999999
5.274125,9.796125,14.282750000000002,-1.0230625
9.652625,4.915375,6.86675,-1.4261875
4.101625,3.158375,2.40725,-1.0755625
3.375375,6.261125,14.72825,-2.0134375
7.197375000000001,9.894125,17.75675,-1.6688124999999998
7.750375,6.859625,14.647250000000001,-2.0516875
5.583875,9.089125,13.823750000000002,-1.7310625
8.870375,4.026375,12.046250000000002,-2.3588125
4.150625,6.555125,14.67425,-1.6748124999999998
9.815375,3.819875,4.15325,-1.3455625
3.462875,7.372375000000001,2.01125,-1.0729374999999999
8.541375,7.251625000000001,9.39575,-1.1888125
8.324375,7.554375,7.33925,-1.3489375
7.629625000000001,9.356875,9.58925,-1.2206875
7.489625,6.835125,19.10225,-1.5233124999999998
4.579375,6.1998750000000005,14.503250000000001,-2.2020625000000003
5.855125,4.4708749999999995,13.103750000000002,-1.1914375
9.561625,3.308875,11.362250000000001,-2.1338125
7.106375000000001,7.603375,3.8157500000000004,-2.3580625
9.260625000000001,5.508625,6.64625,-2.4675625
9.258875,8.408375,19.86275,-2.2680625
5.165625,4.733375,18.197750000000003,-2.0445625
5.5908750000000005,8.779375,12.896750000000003,-2.4971875
8.159875,9.283375,17.08175,-2.4986875
8.553625,8.956125,7.48325,-2.1600625
7.8256250000000005,3.048125,17.98175,-1.9279375
4.913625,7.890375000000001,13.68425,-1.7018125
7.939375,7.0748750000000005,15.65075,-2.0404375
4.092874999999999,8.427624999999999,5.9712499999999995,-1.9504375
7.090625000000001,6.8736250000000005,8.19875,-1.5994374999999998
4.609125,4.8786249999999995,6.10625,-2.3509375
5.554125,7.304125000000001,3.10475,-2.3659375
9.610625,4.134875,14.597750000000001,-1.6643124999999999
4.344875,4.280125,14.732750000000001,-2.2050625
5.9076249999999995,7.265625,15.79475,-1.8420625
6.667125,4.147125,7.7307500000000005,-1.1025625
7.130875,6.226125,11.182250000000002,-2.0824375
6.082625,6.861375000000001,18.382250000000003,-1.1951874999999998
6.318875,7.022375,18.49475,-1.7025625
4.477875,7.799375,2.26775,-2.3089375
3.042875,5.900625,17.05025,-1.7918125
7.080125000000001,5.2006250000000005,14.43575,-1.2683125
5.533125,8.854625,8.806249999999999,-1.2945625
6.563875,5.989875,15.68675,-1.8510625
3.910875,9.705125,5.74175,-1.0643124999999998
8.186125,6.689875000000001,10.85375,-1.0871875
4.906625,3.543375,2.59175,-2.4469375
7.181625,6.052875,3.67625,-1.9136875
6.733625,9.757625,6.84875,-2.3021875
4.6213750000000005,9.020875,10.93025,-1.0463125
6.187625,7.5211250000000005,19.45325,-2.3160625
5.860375,3.359625,15.623750000000001,-1.5791875
6.630375,8.149375000000001,10.44425,-1.5900625
8.739125000000001,8.152875,7.57325,-1.4505625
7.690875,7.001375,5.85875,-1.0553124999999999
4.799875,8.602625,10.80425,-2.4345625
7.2253750000000005,4.847125,19.142750000000003,-1.9875625000000001
5.7623750000000005,6.432625,15.57875,-1.7419375
3.214375,8.369875,6.50225,-1.2694375
3.153125,5.9986250000000005,3.70775,-1.8578125
5.197125,4.1278749999999995,7.53275,-1.3883125
4.845375,3.182875,5.359249999999999,-1.9688125
8.569375,8.621875000000001,7.6857500000000005,-2.2335625
6.469374999999999,5.379125,4.06775,-2.1949375
7.830875000000001,5.667875,16.037750000000003,-1.3189374999999999
9.232625,5.949625,18.43625,-2.2916875
7.001375,9.990375,18.21125,-1.3718124999999999
5.134125,8.849375,8.819749999999999,-2.2088125
7.342625,9.323625,19.22375,-1.7171874999999999
6.149125,6.901625000000001,17.59025,-1.6718125
3.748125,6.264625,5.84075,-1.0646875
6.5691250000000005,4.1751249999999995,8.873750000000001,-2.1941875
8.327875,7.797625,11.740250000000001,-1.2799375
6.100125,5.547124999999999,10.66025,-2.4266875
5.499874999999999,8.712875,18.940250000000002,-1.2338125
3.776125,4.561875,7.46975,-1.8345625
9.087375000000002,3.492625,4.27025,-1.8221875
5.202375,7.167625000000001,2.77175,-1.6571875
3.417375,8.471375,10.29125,-1.4231875
5.536625,4.899625,16.07825,-1.8109375
8.989375,8.161625,6.0882499999999995,-2.3175625
6.4186250000000005,7.386375000000001,15.250250000000001,-1.1483124999999998
5.099125,6.845625,19.79975,-1.1858125
5.9041250000000005,9.146875000000001,11.63225,-1.5315625
5.624125,7.869375000000001,6.803749999999999,-1.0065624999999998
3.916125,6.840375,8.35175,-1.5266875
4.355375,4.610875,8.41925,-1.9335625
7.879875000000001,4.787625,13.94525,-1.7963125
7.0363750000000005,8.793375000000001,10.24175,-1.6796875
6.254125,6.677625000000001,13.837250000000001,-2.1638125
4.497125,4.815625,5.20625,-1.7933124999999999
3.718375,3.441875,8.75225,-1.3406874999999998
8.319125,4.2223749999999995,2.80775,-1.4846875
4.171625,8.187875,12.289250000000001,-2.3093125
9.386625,7.710125,9.10325,-1.2225625
3.497875,4.350125,3.47375,-2.2211875
8.110875,9.227375,10.38125,-1.0935625
6.836875000000001,5.559374999999999,14.840750000000002,-1.8765625
9.558125,5.722125,12.644750000000002,-1.5638125
7.575375,3.163625,12.883250000000002,-2.0329375
5.867375,7.2166250000000005,14.48525,-1.5326874999999998
8.550125000000001,4.043875,11.704250000000002,-1.1648125
6.233124999999999,5.862125,16.71275,-1.4719375
6.271625,7.788875000000001,8.33375,-1.7359375
7.323375,7.809875000000001,4.679749999999999,-1.9714375
7.316375000000001,5.886625,2.15075,-1.4404374999999998
8.362875,6.378375,2.06075,-1.4955625
5.424625,9.852125000000001,10.10675,-1.3346874999999998
8.018125000000001,8.644625000000001,18.868250000000003,-1.0080624999999999
9.300875000000001,8.294625,10.03025,-2.3651875
4.665125,7.458125000000001,11.209250000000003,-1.5874375
4.077125,6.882375,18.02675,-1.0931875
7.767875000000001,6.885875,7.73525,-2.1604375
7.078375,5.650375,13.900250000000002,-2.1240625
8.907125,8.725125,3.0237499999999997,-1.6144374999999997
9.985125,5.681875,9.68375,-2.0284375
8.714625000000002,9.111875000000001,7.420249999999999,-1.8521874999999999
5.8096250000000005,3.891625,12.32975,-1.0354374999999998
6.336375,3.744625,9.54875,-1.3639375
9.629875000000002,9.500375,16.47875,-2.1000625
4.490125,7.361875,10.61075,-1.3538124999999999
6.042375,4.066625,18.86375,-2.2099375
7.715375,8.527375,10.71425,-1.1636875
7.039875,4.854125,3.15875,-1.5686874999999998
7.307625,8.896625,13.589750000000002,-2.4221875
6.653125000000001,3.081375,15.655250000000002,-1.7374375
7.725875,6.262875,17.04125,-1.0886875
8.250875,5.228625,16.74425,-1.9343124999999999
5.1533750000000005,3.622125,15.92075,-1.2983124999999998
7.463375000000001,5.7063749999999995,12.98225,-1.9410625000000001
8.009375,6.831625000000001,16.312250000000002,-1.5240624999999999
9.229125,7.561375,14.10275,-2.4416875
9.906375,6.467625,19.39025,-1.8851875
9.850375,3.8846249999999998,19.52975,-1.0774374999999998
3.798875,4.722875,5.453749999999999,-2.1994375
9.747125,9.173125,12.608750000000002,-1.1843124999999999
9.563375,7.804625000000001,4.20275,-2.0895625
5.4876249999999995,7.118625000000001,18.96725,-1.4093125
9.349875,7.090625000000001,17.905250000000002,-2.2493125
3.258125,5.363375,4.96775,-2.4983125
9.526625,5.067625,8.23925,-1.7798125
9.932625000000002,3.053375,15.106250000000001,-1.6005624999999999
8.826625,8.329625,12.163250000000001,-1.8435625
3.074375,7.563125,11.506250000000001,-2.4964375
9.115375,3.930125,7.20875,-2.3715625
5.373875,3.394625,15.524750000000001,-1.9249375
5.613625,4.404375,11.92925,-1.2386875
6.854375,7.865875000000001,13.508750000000001,-1.1689375
9.923875,4.8103750000000005,3.34775,-2.1473125
8.791625,5.023875,6.07025,-1.3144375
8.669125000000001,3.916125,6.47075,-1.8570625
8.291125000000001,3.830375,6.29075,-2.0891875
4.332625,3.802375,6.12425,-1.2390625
4.8786249999999995,6.077375,19.83125,-2.3951875
8.357625,5.5436250000000005,15.128750000000002,-1.6658125
6.031874999999999,4.880375,15.52025,-1.8623125
5.043125,3.706125,19.979750000000003,-2.4529375
6.276875,3.261625,5.260249999999999,-2.3985625
6.621625,8.168625,8.56325,-1.3688125
7.986625000000001,4.190875,7.08275,-1.4756875
9.752375,8.777625,19.33175,-1.5184374999999999
5.1061250000000005,8.207125000000001,18.287750000000003,-1.5773125
6.772125000000001,3.842625,14.543750000000001,-1.5559375
7.494875,3.027125,16.469749999999998,-1.5859375
9.584375000000001,6.325875,16.90175,-1.6268125
6.497375,5.272375,5.16125,-1.7378125
4.379875,9.804875,17.70275,-2.3033125
9.475875,5.937374999999999,14.125250000000001,-1.3841875
5.841125,8.184375000000001,6.785749999999999,-1.8896875
3.331625,9.013875,19.19675,-1.6358125
5.550625,6.210375,17.378750000000004,-1.6151875
3.289625,8.054875,5.0802499999999995,-1.1123124999999998
5.400125,3.154875,16.48775,-2.4581875
5.982875,9.393625,14.476250000000002,-1.3598124999999999
4.1838750000000005,6.450125,11.91125,-1.5454375
9.251875,4.383375,3.42425,-1.2446875
5.739625,6.807125000000001,7.95125,-2.0948124999999997
4.295875,3.664125,2.13725,-1.8735625
7.034625,5.820125,15.19175,-1.5435624999999997
8.789875,3.121625,5.498749999999999,-2.2605625
5.113125,6.490375,6.09725,-1.6496875
4.999375000000001,8.838875,10.741249999999999,-1.6613124999999997
4.014125,9.215125,7.94675,-1.7550625
6.889375,7.575375,11.938250000000002,-2.0093125
8.579875000000001,9.024375000000001,4.54925,-2.0603125
5.552375,8.564125,3.91025,-2.2035625
7.788875000000001,5.417625,11.38925,-1.7674375
9.736625,7.599875000000001,5.29625,-1.4063124999999999
6.416874999999999,8.222875,16.582250000000002,-1.2761875
9.001625,4.794625,14.46725,-1.4029374999999997
8.053125000000001,6.038875,19.17875,-1.5056874999999998
3.954625,7.475625,14.83625,-2.0261875
7.244625000000001,5.095625,18.98975,-2.0569375
3.121625,4.460375,3.18575,-1.6050624999999998
6.514875,3.058625,8.221250000000001,-1.2161875
7.893875,4.805125,2.2047499999999998,-2.1649375
6.460625,9.526625,2.83925,-1.9178125000000001
4.351875,9.776875,17.68925,-1.6811875
5.580375,6.688125000000001,4.67075,-1.1745625
8.543125,4.421875,10.08425,-1.0699375
5.6853750000000005,8.840625000000001,3.5997500000000002,-2.3734375
9.958874999999999,4.122625,18.364250000000002,-2.2061875
8.359375,9.768125000000001,8.882750000000001,-2.3978125
5.205875,4.012375,11.771750000000003,-1.4689375
3.5608750000000002,3.434875,9.242750000000001,-1.9879375000000001
3.508375,6.082625,19.628750000000004,-2.3108125
8.376875,9.678875000000001,17.338250000000002,-1.1978125
9.771625,6.3451249999999995,13.63925,-1.5431875
5.067625,8.655125,14.228750000000002,-2.1851875
6.430875,7.659375,11.10575,-1.7520625
4.007125,6.609375,3.66275,-1.2004375
9.316625,5.218125000000001,2.43425,-1.4348125
6.616375,4.388625,8.02775,-1.8308125
9.902875,8.291125000000001,3.80675,-2.1300625
3.888125,7.330375000000001,6.9567499999999995,-2.0509375
6.397625,7.080125000000001,9.66575,-1.9395625
5.368625,3.462875,10.54325,-1.7291874999999999
6.313625,3.499625,14.50775,-1.9181875000000002
5.636375,6.912125,7.033250000000001,-1.2270625
5.0028749999999995,3.165375,17.185250000000003,-1.0868124999999997
6.094875,4.845375,4.99475,-1.7850625
3.002625,4.295875,5.74625,-1.0519374999999997
6.541125000000001,9.045375,14.57525,-1.1820624999999998
7.290125000000001,9.297374999999999,16.780250000000002,-1.1434374999999999
8.028625000000002,9.274625,14.93975,-1.7693125
4.859375,9.598375,13.14875,-2.1611875
3.6938750000000002,4.806875,7.44275,-1.0166875
4.714125,7.017125,16.95125,-1.0365624999999998
5.958375,8.301625000000001,13.769750000000002,-1.0845624999999999
6.259375,4.304625,19.06175,-1.4340625
6.014374999999999,6.1911249999999995,9.21125,-1.4651874999999999
9.398875,4.556625,19.00325,-1.9016875
3.674625,9.762875000000001,7.47875,-2.0389375
7.228875,8.915875,10.24625,-1.5701874999999998
7.729375,9.764625,3.31625,-1.7891875000000002
3.907375,9.743625000000002,8.38325,-1.8105625
8.340125,9.145125,9.07175,-1.0298125
3.772625,5.445625,5.70575,-2.2268125
8.823125000000001,9.726125,19.09775,-1.0466875
4.6896249999999995,4.906625,16.213250000000002,-1.6935625
3.830375,7.533375,19.70975,-1.4441875
6.408125,4.843624999999999,2.9202500000000002,-1.6298124999999999
8.154625,5.7798750000000005,13.756250000000001,-2.4638125
5.331875,8.042625000000001,4.13075,-2.1731875
3.471625,6.408125,19.73675,-1.7543125000000002
6.870125,9.309625,19.18775,-1.4389374999999998
3.926625,8.348875,7.97375,-1.6766874999999999
9.437375,5.793875,19.678250000000002,-1.7475625
4.577624999999999,8.865124999999999,12.464750000000002,-1.3913125
6.938375000000001,9.556375,16.38425,-2.4008125
3.056875,9.701625,2.79875,-1.7906875
5.569875,4.771875,3.08675,-1.6493124999999997
6.639125000000001,8.180875,13.846250000000001,-1.5998125
8.051375,8.959625,13.27025,-1.7970625
7.0276250000000005,3.9056249999999997,18.05825,-1.2296874999999998
9.384875000000001,7.4738750000000005,17.11325,-1.3260625
6.147375,9.747125,2.74025,-1.3661874999999999
4.103375,9.666625,15.074750000000002,-1.0163125
3.956375,7.531625,9.089749999999999,-1.6568124999999998
7.368875,7.312875,17.01425,-2.4803125
7.452875000000001,5.426375,9.37325,-1.7471875
7.848375000000001,6.931375,4.38725,-2.1626875
8.936875,9.300875000000001,2.97875,-2.3531874999999998
4.560125,8.595625,13.445750000000002,-2.4716875
7.232375,7.753875000000001,5.42675,-1.6275624999999998
4.143625,4.367625,4.82825,-2.0989375
3.818125,7.652375,2.94275,-2.1544375000000002
9.832875000000001,7.466875,8.58575,-2.1735625
7.076625000000001,8.805625000000001,8.01425,-1.4854375
8.425875000000001,7.622625,13.315250000000002,-1.0676875
9.139875,7.405625000000001,11.339750000000002,-1.5503125
7.4738750000000005,6.653125000000001,6.85325,-1.3999374999999998
6.303125,9.341125000000002,13.45025,-2.1829375
9.456625,8.975375,14.030750000000001,-1.7434375
3.377125,5.239125,4.5447500000000005,-2.2455625
7.556125000000001,7.977875,6.70025,-1.7775625000000002
5.960125,7.556125000000001,8.630749999999999,-1.5176874999999999
3.259875,5.9548749999999995,18.476750000000003,-1.7783125000000002
8.814375,4.983625,15.277250000000002,-1.5450624999999998
6.754625000000001,3.7428749999999997,5.05775,-1.9804375
3.672875,9.192375000000002,6.45725,-1.5810624999999998
8.996375,8.984125,15.439250000000001,-2.2669375
3.791875,8.558875,4.23875,-1.0740625
5.902375,6.434374999999999,16.89725,-1.7633125
3.891625,3.139125,19.92125,-1.7179375
5.601375,5.454375000000001,15.88025,-1.3350625
9.192375000000002,5.713375,4.16675,-2.1859375
3.476875,7.288375,9.74675,-1.3781875
3.473375,3.231875,16.672250000000002,-1.5596875
5.823625,8.446875,5.9487499999999995,-1.1989375
7.631375,7.974375,4.36475,-2.3996875
5.352875,9.482875,3.1182499999999997,-1.4700625
5.232125,6.5691250000000005,18.96275,-1.2323125
6.686375,3.009625,14.683250000000001,-1.3193124999999999
9.965875,9.971125,9.58475,-1.8368125
3.727125,3.028875,18.75125,-2.0126875
7.414375000000001,8.796875,8.21675,-1.3920624999999998
9.537125,9.825875,6.07925,-1.0601875
5.1236250000000005,5.550625,15.209750000000001,-1.3991875
9.117125000000001,3.837375,18.107750000000003,-1.8131875000000002
4.309875,6.042375,4.33325,-2.2620625
4.119125,8.114375,10.786249999999999,-1.7985625
3.725375,7.3793750000000005,17.00975,-1.1363124999999998
5.687125,9.624625000000002,7.37975,-1.2034375
7.109875,6.936625,7.80725,-2.1698125
6.369625,3.153125,17.995250000000002,-2.0670625
4.6686250000000005,6.640875,9.88175,-2.4495625
7.895625000000001,6.163125,12.937250000000002,-1.0534374999999998
7.941125,9.220375,10.50725,-2.2230625
5.653874999999999,4.750875,17.527250000000002,-2.3940625
4.808624999999999,5.104374999999999,10.23725,-1.1543124999999999
9.006875,6.507875,14.47175,-1.3886874999999999
6.290875,6.135125,18.25175,-1.4513124999999998
4.483124999999999,5.624125,4.46375,-1.4970625
4.390375,3.977375,8.66675,-2.2958125
8.445125,5.967125,18.15725,-2.0726875
7.213125000000001,5.606625,10.934750000000001,-1.0958124999999999
7.104625,6.927875,5.92625,-1.7824375
7.710125,8.060125,11.272250000000001,-2.0880625
5.235625000000001,8.065375,18.467750000000002,-2.1968125
5.321375,4.071875,16.56425,-1.5420625
3.595875,8.196625000000001,17.84675,-1.1381875
6.957625,4.017625,4.68425,-2.2009375
8.144125,7.244625000000001,13.55375,-1.1081874999999999
5.806125,9.502125,6.00275,-1.7348124999999999
4.3728750000000005,6.4186250000000005,3.3522499999999997,-2.2939375
9.517875,8.977125000000001,15.65975,-2.0696875
3.877625,5.155125,8.617249999999999,-1.9455625
3.177625,7.407375000000001,4.8237499999999995,-1.2251874999999999
4.435875,4.824375,16.50125,-2.3029375
9.769874999999999,9.311375,15.781250000000002,-2.1409375
6.332875,5.300375,5.773249999999999,-1.3050625
9.573875000000001,8.243875,4.17575,-1.7854375
7.843125000000001,3.538125,7.67225,-2.0835625
6.850875,6.376625,11.65925,-2.3280625
9.356875,3.770875,2.88875,-1.2578124999999998
8.949125,6.782625,18.683750000000003,-1.3133124999999999
5.690625,7.696125,14.14325,-1.7168124999999999
4.133125,5.821875,16.618250000000003,-2.4161875
9.495125000000002,3.552125,14.66525,-1.3118124999999998
5.748375,7.897375,16.92875,-2.0486874999999998
9.125875,5.263624999999999,11.06975,-1.1753125
3.987875,8.670875,7.58675,-1.4708124999999999
8.012875000000001,8.698875000000001,3.4827500000000002,-1.4321875
8.105625,8.964875,3.33875,-2.2691875
7.890375000000001,4.544375,18.04925,-2.1563125
3.007875,3.200375,3.19475,-1.4453124999999998
9.057625,5.848125,4.7067499999999995,-1.9031875
6.350375,3.503125,13.35575,-2.1743125
3.091875,8.772375,14.071250000000001,-1.7096874999999998
5.454375000000001,9.943125,12.028250000000002,-1.3748125
6.243625,7.8728750000000005,17.144750000000002,-1.4329375
4.453375,9.479375000000001,15.30425,-1.8229375
6.555125,6.497375,17.46425,-1.7246875
9.887125000000001,9.759375,13.08575,-2.4776875
7.258625,3.230125,13.666250000000002,-2.0464375
8.375125,8.518625,3.82475,-1.6673125
9.033125,4.397375,2.24525,-2.1525625
8.786375,6.828125,6.86225,-1.1880624999999998
5.6591249999999995,5.321375,8.84675,-1.0245624999999998
8.805625000000001,5.179625,11.834750000000001,-1.2986875
3.020125,6.147375,17.60375,-1.6110624999999998
5.617125,3.226625,17.09525,-1.9646875000000001
4.315125,9.337625,2.50175,-1.7494375
3.546875,8.763625000000001,9.16625,-1.8641874999999999
5.464874999999999,5.183125,18.850250000000003,-1.3560624999999997
3.966875,8.131875,14.008250000000002,-1.9121875
6.168375,8.502875,19.961750000000002,-1.2371874999999999
3.147875,9.951875000000001,4.35125,-2.2763125
4.633625,3.294875,4.29275,-1.8840625
4.134875,5.016875000000001,14.566250000000002,-1.5116874999999999
9.556375,5.970625,7.18625,-1.3275625
9.405875000000002,5.9811250000000005,2.87975,-1.5041874999999998
5.807875,9.640375,12.410750000000002,-1.8848125
7.101125000000001,4.6896249999999995,16.420250000000003,-1.2589374999999998
6.142125,8.565875,2.98775,-1.5615625
3.366625,7.962125,6.70475,-1.9905625
6.353875,6.5901250000000005,16.34375,-1.4569375
6.021375,9.836375,5.64725,-1.6425625
4.505875,9.635125,3.07775,-2.2260625000000003
6.990875000000001,8.613125,2.89325,-1.5345625
6.089625,9.248375000000001,18.760250000000003,-1.5473124999999999
3.420875,8.434625,6.07475,-2.3003125
6.528875,9.190625,7.87475,-1.9076875
5.7833749999999995,4.3466249999999995,2.85725,-1.9676875
5.888375,5.545375,10.48925,-1.9849375
4.442875,6.9593750000000005,14.21075,-1.7528125
6.3626249999999995,4.113875,10.06625,-2.2684375
9.208125,9.519625000000001,15.808250000000001,-1.0196874999999999
6.101875,6.7231250000000005,17.86925,-1.3916875
3.816375,3.312375,19.214750000000002,-1.9830625
9.036625,7.752125,8.99525,-2.2073125
9.927375000000001,4.943375,6.79025,-2.3441875
4.829625,3.958125,6.857749999999999,-2.2511875
7.2551250000000005,9.652625,15.421250000000002,-1.7194375
9.285125,3.270375,13.063250000000002,-1.1209375
7.883375,4.5916250000000005,3.79775,-1.3373125
4.022875,9.253625,4.29725,-2.0580625
7.764375,7.172875,9.17525,-2.0959375
7.9113750000000005,6.026625,18.39125,-1.7726875
9.547625,4.064875,10.74575,-1.0748124999999997
8.333125,8.961375,17.67125,-2.3396875
9.068125,6.600625,12.581750000000001,-2.1165625
5.160375,8.938625000000002,15.59225,-2.3948125
5.751875,6.021375,13.517750000000001,-1.2776874999999999
7.309375000000001,5.125375,18.94925,-1.5589374999999999
9.834625,7.402125000000001,8.257249999999999,-1.1704375
7.932375,3.238875,18.53975,-2.4011875
3.356125,9.766375,8.491249999999999,-2.3355625
4.479625,4.341375,9.89525,-1.4314375
8.254375,6.943625000000001,5.80925,-1.7340624999999998
8.056625,9.349875,6.09275,-1.4490625
7.531625,6.754625000000001,18.031250000000004,-1.4280624999999998
5.776375,7.202625000000001,9.44075,-2.4780625
9.171375000000001,8.039125,19.60625,-2.4544375
3.7796250000000002,9.904625000000001,4.373749999999999,-1.4835625
4.056125,4.320375,11.24525,-1.9999375000000001
8.639375000000001,5.622375,3.51425,-1.4805625
4.9818750000000005,7.048625,16.93325,-1.0688125
3.140875,4.593375,13.69325,-2.1724375
7.437125000000001,5.841125,2.11025,-1.4929375
3.480375,4.729875,4.09025,-1.6890625
9.220375,3.8653750000000002,14.34125,-1.9088125
6.413375,3.781375,8.693750000000001,-1.1329375
6.8561250000000005,9.080375,19.84025,-2.2560625
8.389125,5.0501249999999995,19.74575,-2.4814375
3.146125,4.931125,15.538250000000001,-2.1645625
7.097625000000001,9.153875,4.77425,-1.2109374999999998
5.575125,7.5596250000000005,15.70475,-1.2964375
5.170875,3.669375,17.87825,-1.6871874999999998
5.697625,4.281874999999999,15.956750000000001,-1.6556875
7.503625,6.324125,15.88475,-2.4773125
7.694375,6.511375000000001,3.42875,-1.3931874999999998
7.928875,9.064625,12.635750000000002,-1.1764375
6.532375000000001,7.883375,17.42825,-1.1741875
7.256875,3.816375,17.12225,-2.1086875000000003
8.249125,9.727875000000001,5.38175,-1.4734375
9.295625000000001,4.848875,8.97275,-1.3361874999999999
5.141125000000001,7.171125,4.171250000000001,-1.6620625
7.267375,3.557375,3.22175,-2.2485625000000002
6.931375,3.527625,7.15475,-1.2548124999999999
9.808375000000002,7.181625,10.65575,-2.1810625
8.641124999999999,5.267125,2.13275,-1.0680625
9.166125000000001,4.8873750000000005,5.04875,-1.1160625
4.357125,6.961125,12.010250000000001,-2.2856875
5.832375,9.038375,6.52025,-2.4360625
4.138375,9.362125,17.13125,-2.4154375
3.709625,4.131375,10.462250000000001,-1.4168125
4.525125,4.434125,12.253250000000001,-1.4415624999999999
7.7398750000000005,3.317625,7.375249999999999,-1.7074375
5.660875,5.9041250000000005,5.84975,-2.0543125
8.646374999999999,4.246874999999999,8.405750000000001,-1.8855625
4.115625,3.674625,3.89675,-2.3711875
4.304625,8.586875000000001,15.619250000000001,-1.2806875
4.815625,4.250375,5.399749999999999,-2.3276875
8.849375,6.703875,4.67525,-1.0174374999999998
7.0836250000000005,7.928875,17.22125,-1.8184375
4.787625,8.336625,12.437750000000001,-1.5023125
6.131625,7.995375,18.72875,-1.0594374999999998
8.296375000000001,3.574875,10.75925,-2.3846875
7.073125,3.858375,9.940249999999999,-2.4056875
8.728625000000001,5.314375,5.593249999999999,-1.5593124999999999
4.644125,6.0756250000000005,18.004250000000003,-1.5566874999999998
7.491375,9.078624999999999,3.7032499999999997,-2.4686875
6.327624999999999,4.707125,17.63075,-2.4746875
9.094375,9.750625,6.28175,-1.5499375
4.283625,6.728375,14.01725,-1.3935624999999998
8.198375,9.517875,6.54275,-1.8698125
6.073875,4.491875,16.63175,-2.1454375
7.153625000000001,5.473625,2.38025,-2.0149375000000003
5.905875,6.548125000000001,16.70375,-1.9519375
8.471375,8.445125,6.02525,-1.6853124999999998
4.554875,3.216125,10.975249999999999,-1.9054375000000001
9.218625,5.674875,9.004249999999999,-1.1588124999999998
9.150375,3.7411250000000003,11.80325,-1.8323125
9.136375000000001,5.935625,13.796750000000001,-2.4191875
4.280125,7.746875000000001,4.05875,-1.1220625
6.609375,6.975125,11.76275,-1.1873125
4.957375,9.626375,16.37525,-2.0528125
3.202125,5.254875,5.58425,-2.3141875
7.242875,6.633875000000001,13.967750000000002,-2.1394375
9.390125000000001,9.827625000000001,12.280250000000002,-1.0324375
6.530625000000001,7.874625000000001,10.53425,-2.2384375
3.846125,4.7631250000000005,8.23025,-1.4543125
4.623125,7.878125,5.6697500000000005,-2.2163125
3.758625,7.715375,2.05625,-1.2341875
4.084125,9.923875,4.16225,-1.9328125
5.760624999999999,4.700125,19.601750000000003,-1.1115625
8.469625,5.284625,9.02675,-1.6354374999999999
4.997625,8.032125,19.32725,-1.3961875
5.531375,7.582375,3.27125,-1.2716875
4.833125,9.029625000000001,18.080750000000002,-1.9665625
6.917375,5.3161249999999995,15.07025,-1.5386875
4.267875,8.397875,15.011750000000001,-1.3421874999999999
9.867875,6.469374999999999,19.507250000000003,-1.0860625
9.341125000000002,6.275125,8.48225,-2.4431875
5.918125,8.368125000000001,16.51475,-1.9755625
4.211875,5.599625,14.06675,-1.2289374999999998
6.892875,8.942125,15.37175,-1.7805624999999998
7.638375,7.484375,4.693249999999999,-1.9058125000000001
4.820875,9.346375,11.614250000000002,-1.3616875
9.941375,4.075375,12.626750000000001,-1.8473125000000001
8.551875,5.244375,9.92225,-1.2499375
7.554375,7.9883750000000004,9.98975,-1.4843125
9.810125,7.039875,16.109750000000002,-1.3980625
3.809375,7.104625,8.66225,-2.3741875
7.237625,9.131125,2.7807500000000003,-2.0621875
7.456375,4.932875,3.77975,-1.0249374999999998
3.149625,9.003375,16.38875,-2.2459375
8.238624999999999,7.542125,9.59825,-2.4555625
4.924125,9.866125,15.038750000000002,-2.3250625
5.632875,6.870125,13.68875,-1.0744375
9.318375,8.767125,3.10025,-1.9748125
5.996874999999999,6.541125000000001,8.55875,-1.1284375
3.623875,3.406875,7.6362499999999995,-1.2180624999999998
9.853875,3.945875,3.21725,-1.4250625
8.929875,7.374125,15.493250000000002,-1.6339374999999998
7.946375000000001,4.967875,14.080250000000001,-1.5424375
9.024375000000001,7.783625000000001,9.562249999999999,-1.8394374999999998
6.619875,6.878875000000001,18.11675,-1.9388125
6.502625,7.461625,17.19425,-1.9189375000000002
3.368375,6.985625000000001,6.389749999999999,-1.6736875
7.151875,5.529625,14.27375,-2.1428125
7.1396250000000006,8.259625,9.41825,-1.1790625
9.768125000000001,8.775875000000001,4.18025,-1.9264375
5.883125,8.215875,18.70625,-1.1831874999999998
5.445625,3.7796250000000002,2.24075,-2.3910625
3.895125,4.680875,8.068249999999999,-2.2076875
7.762625000000001,9.006875,13.324250000000001,-1.6710625
4.126125,6.089625,7.62275,-1.2416874999999998
9.376125000000002,6.457125,2.46125,-1.8750625
3.014875,4.686125,10.03475,-1.7723125
8.982375000000001,5.484125000000001,11.218250000000001,-1.9350625
7.270875,3.142625,12.95075,-1.1869375
8.614875000000001,4.999375000000001,16.94675,-2.2354375
3.615125,4.474375,14.921750000000001,-1.4644374999999998
3.2091250000000002,6.367875,2.77625,-1.5679375
5.821875,5.7623750000000005,10.36325,-1.9579374999999999
6.399375,5.921625000000001,2.53325,-1.5510624999999998
4.148875,6.292625,19.772750000000002,-1.4498124999999997
7.291875,6.2943750000000005,6.29975,-1.7231874999999999
6.166625,7.9201250000000005,11.47925,-2.4821875
7.440625,8.928125000000001,3.68975,-1.4948124999999999
9.831125,3.030625,19.94825,-1.5881874999999999
7.344375,8.070625,12.65375,-2.0351875
9.633375000000001,3.132125,3.09125,-1.6043125
8.231625000000001,6.236625,5.80025,-2.2238125
6.175375,3.307125,5.76425,-1.4974375
4.4498750000000005,6.717875,19.021250000000002,-1.6444375
3.244125,8.761875,17.85125,-2.0749375
8.467875,5.555875,2.74925,-2.1536875
3.275625,3.910875,11.87975,-1.1621875
9.743625000000002,4.108625,5.867749999999999,-2.4881875
9.976375,4.495375,10.69625,-1.2844375
8.502875,9.724375,3.73475,-1.0140624999999999
4.239875,9.509125000000001,19.44425,-1.2071874999999999
7.144875,6.157875,5.39075,-2.3036875
5.764125,7.743375,17.10425,-2.2425625
7.2078750000000005,9.250125,19.55225,-1.6103125
8.893125000000001,9.740124999999999,19.030250000000002,-1.6455625
4.661625,5.776375,4.04525,-1.0414374999999998
4.274875,4.257375,12.262250000000002,-2.3456875
3.786625,4.5478749999999994,12.70775,-2.3955625
4.050875,4.176875,4.3782499999999995,-1.5694375
5.683625,9.447875,8.531749999999999,-1.8986875
8.548375,7.193875,19.124750000000002,-2.0036875
8.067125,9.484625000000001,2.38475,-1.8761875
3.676375,3.723625,14.95325,-1.5870624999999998
5.078125,9.358625,11.82575,-1.2165624999999998
9.528375,3.587125,4.22975,-1.5289375
9.804875,7.811625,8.91875,-2.4949375
4.4026250000000005,8.439875,13.261250000000002,-1.9853125
6.929625000000001,6.583125000000001,9.55775,-1.2094375
5.3721250000000005,4.721125,7.393249999999999,-1.5255625
6.661875,5.951375,5.15225,-1.2551875
8.711125,4.953875,12.79325,-1.2735625
6.7021250000000006,4.892625,5.62925,-1.6016875
9.757625,5.2513749999999995,11.29025,-1.3358124999999998
6.236625,9.327125,12.09125,-1.0328125
6.845625,6.311875000000001,7.982749999999999,-2.3183125
9.062875,6.597125,7.28075,-1.0549374999999999
7.146625,6.6758750000000004,13.981250000000001,-1.6789375
3.641375,4.598625,14.035250000000001,-2.4653125
5.3931249999999995,6.805375,15.443750000000001,-1.1085625
9.894125,6.192875,13.211750000000002,-1.8780625
9.806625,5.765874999999999,9.193249999999999,-1.8364375
7.659375,5.5348749999999995,6.78125,-1.2128125
8.369875,9.059375000000001,19.98425,-1.0523125
6.483375,6.952375,19.205750000000002,-2.4109375
8.571125,7.421375000000001,19.91675,-1.5851875
9.922125000000001,7.025875000000001,15.484250000000001,-1.4599374999999999
7.566625,8.660375,6.26375,-2.4435625
6.553375000000001,7.918375,14.170250000000001,-1.9733125
8.193125,7.115125,16.74875,-1.6980625
4.176875,4.514625,10.43075,-1.1288125
8.663875,9.848625000000002,13.20275,-2.2155625
3.294875,7.472125,6.30425,-1.2491875
3.6466250000000002,4.819125,13.65725,-1.1970625
7.675125,5.354625,19.48025,-1.3039375
9.706875,3.468125,5.13425,-1.9624375
8.233375,7.526375,3.16325,-2.0003125
7.248125,9.964125,13.715750000000002,-1.5251875
6.360875,5.881375,3.34325,-1.8998125
6.241875,4.315125,11.222750000000001,-1.7228124999999999
9.503875,8.285875,13.50425,-1.6373124999999997
9.654375,3.993125,10.89425,-1.4126874999999999
4.245125,4.862875,4.86425,-2.3284375
6.121125,3.455875,4.36925,-2.2556875
7.918375,3.6938750000000002,5.02625,-1.9298125000000002
3.053375,9.575625,8.50025,-1.3856875
8.315625,3.900375,9.38675,-1.0358125
7.669875,8.420625000000001,2.43875,-2.3805625
6.164875,6.803625,2.28575,-2.2444375
4.416625,7.921875000000001,19.29125,-1.2758124999999998
8.285875,6.177125,19.25975,-1.9564375
4.684374999999999,5.359875000000001,4.62575,-1.1070625
6.443125,4.939875,11.312750000000001,-2.3168125
6.562125,4.731625,3.5817500000000004,-1.3691874999999998
8.973625000000002,4.808624999999999,13.30625,-1.1610624999999999
4.378125,7.148375000000001,10.70525,-1.0976875
9.673625000000001,5.557625,9.652249999999999,-1.5656875
7.4353750000000005,7.0451250000000005,10.457749999999999,-1.1738125
3.126875,3.371875,8.36525,-2.2654375
5.312625,6.730125000000001,13.274750000000001,-1.9526875000000001
5.7063749999999995,3.055125,13.369250000000001,-1.7925624999999998
5.508625,6.534125,13.351250000000002,-1.7006875
5.421125,9.122375000000002,15.911750000000001,-1.0770624999999998
6.0493749999999995,9.465375,3.33425,-2.3970625
8.966625,9.608875000000001,8.94125,-1.5776875
3.863625,5.939125,19.718750000000004,-1.7715625
6.696875,4.455125,16.820750000000004,-1.4059374999999998
5.365125,7.776625,13.571750000000002,-2.0595625
8.499375,9.276375,2.04725,-1.8450625
4.2223749999999995,6.051125,13.07675,-1.4295624999999998
4.798125,6.651375,10.417250000000001,-2.0239374999999997
8.011125,7.829125,10.77275,-1.7738125
3.109375,9.069875,12.70325,-2.0861875
3.279125,8.912375,11.65475,-1.9939375
4.281874999999999,6.245375,17.67575,-2.2864375
7.438875,9.218625,12.721250000000001,-1.7809375
8.075875,9.864375,7.04225,-1.1314374999999999
8.744375000000002,7.454625,6.11975,-2.3254375
3.172375,5.121874999999999,18.71075,-1.4891874999999999
5.709875,3.688625,12.347750000000001,-1.6328125
3.286125,6.821125,17.149250000000002,-2.4919375
5.410625,6.479875,14.94425,-2.2223125
8.506375,9.209875,12.47825,-1.5015625
5.788625,3.868875,12.374750000000002,-1.6616875
3.429625,4.4498750000000005,17.198750000000004,-1.9493125
3.8653750000000002,5.053625,4.184749999999999,-1.9500625
9.950125,7.449375000000001,3.20825,-2.3025625
9.542375,5.485875,6.75425,-1.4175624999999998
7.347875,5.459625,4.841749999999999,-1.1385625
9.145125,6.303125,18.32825,-1.9635625
4.635375,5.433375,18.63425,-1.7685625
5.223375,3.401625,12.87425,-2.0273125
9.967625,8.943875,18.40925,-1.6226875
5.482374999999999,9.808375000000002,14.38175,-2.1795625
3.860125,4.934625,6.9342500000000005,-1.2833124999999999
8.833625000000001,3.7026250000000003,13.625750000000002,-1.3676875
8.599125,6.073875,17.30675,-2.2350625
6.154375,9.720875,9.95375,-2.4000624999999998
7.620875000000001,5.844625,3.5322500000000003,-2.0925625
8.371625,5.610125,12.12725,-1.0991875
6.080875,7.613875,8.05925,-1.7966875
5.606625,5.442125,5.94425,-1.9260625
6.404625,7.535125000000001,9.42725,-2.1750625
9.754125,8.352375,7.01975,-1.4426875
6.705625,3.478625,5.2692499999999995,-2.3561875
4.778875,8.116125,5.41775,-2.0794375
5.001125,5.690625,17.77475,-1.9286875
8.422374999999999,6.945375,13.139750000000001,-1.4434375
7.613875,7.062625000000001,4.837249999999999,-2.4353125
3.669375,8.656875,3.96425,-2.4210625
3.902125,4.084125,13.468250000000001,-2.1840625
3.441875,7.279625,9.35975,-2.0914375
5.158625000000001,6.955875000000001,16.91975,-2.0798125
6.885875,4.950375,7.08725,-2.1233125
4.197875,8.401375,19.210250000000002,-2.2316875
5.6118749999999995,3.725375,13.36025,-2.1589375
4.987125,8.593875,11.04275,-2.0363125
6.219125,6.987375,5.00375,-2.3633125
4.537375,7.199125,18.06275,-1.8218125
4.140124999999999,7.410875000000001,8.495750000000001,-2.0659375
9.302624999999999,5.823625,19.16525,-2.4120625
3.093625,4.530374999999999,2.16425,-1.7944375
6.381875,5.860375,8.77025,-1.3838125
7.853625000000001,6.488625,10.30925,-1.3519375
4.745625,7.839625000000001,7.16375,-2.4589375
5.937374999999999,6.518375000000001,13.760750000000002,-2.0250624999999998
6.719625000000001,4.126125,19.07975,-1.7644375
6.651375,3.023625,19.417250000000003,-1.6346875
3.650125,7.059125,6.27275,-2.2706875
5.891875000000001,3.637875,7.249249999999999,-1.0369374999999998
8.373375000000001,6.023125,4.52225,-2.1668125
6.124625,7.258625,3.05525,-1.7333124999999998
7.305875,4.353625,15.340250000000001,-2.1424374999999998
3.828625,6.257625,8.62175,-1.9639375000000001
5.599625,5.365125,12.244250000000001,-1.0609374999999999
4.938124999999999,7.363625,8.212250000000001,-1.6804375
4.136625,6.537625,11.31725,-1.1846875
5.009875,5.8096250000000005,9.85475,-1.2105625
8.278875,8.614875000000001,3.56375,-1.1468124999999998
5.279375,8.226375,17.342750000000002,-1.0883124999999998
8.845875,4.428875,3.68525,-2.2466875
9.890625,3.700875,6.16925,-1.0493125
4.4411249999999995,5.0798749999999995,5.08475,-1.9001875
8.985875,5.146375,16.37075,-2.4064375
8.655125,5.4403749999999995,10.043750000000001,-2.1034375
6.1263749999999995,6.360875,13.64375,-1.7730625
7.046875,9.892375000000001,4.499750000000001,-2.0381875
5.403625,6.924375,17.93675,-2.4341875
7.711875000000001,9.820625,18.26525,-1.4610625
5.027374999999999,9.754125,11.11025,-1.7411874999999999
6.374874999999999,9.339375,7.63175,-1.0440625
6.366125,9.374375,17.83775,-1.4501875
4.962625,6.810625,6.34925,-1.0796875
7.640125000000001,4.390375,11.101250000000002,-1.9954375
7.087125,4.082375,3.3747499999999997,-2.2530625
5.074625,7.101125000000001,18.463250000000002,-1.8443125
4.000125,9.169625,13.58075,-1.5060625
7.655875000000001,5.5173749999999995,7.06475,-1.3245624999999999
9.691125,8.158125,19.94375,-2.0700625
7.682125000000001,6.357375,6.33125,-1.5919374999999998
7.442375000000001,6.374874999999999,9.04025,-1.9046875
4.974875,3.186375,16.861250000000002,-1.1505625
9.649125,5.074625,19.039250000000003,-1.2821875
7.536875,9.913375,8.93225,-2.4525625
5.058875,6.131625,16.05125,-1.6073125
4.2013750000000005,9.983375,7.80275,-1.9103124999999999
5.463125,3.133875,14.69225,-2.0816875
9.092625,3.431375,5.43125,-1.2803125
4.8226249999999995,8.625375,11.686250000000001,-2.2838125
4.066625,6.031874999999999,3.2487500000000002,-1.1194374999999999
3.699125,7.757375000000001,3.5547500000000003,-1.1640624999999998
9.372625,7.146625,2.83025,-1.3099375
9.860875,4.761375,10.37675,-1.5806874999999998
4.680875,4.941625,19.309250000000002,-1.6515624999999998
5.485875,5.603125,7.5687500000000005,-2.4386875
8.040875,7.4651250000000005,8.72075,-1.6886875
7.186875000000001,8.697125,8.869250000000001,-2.4026875
3.739375,3.219625,15.736250000000002,-2.0070625
9.419875000000001,3.940625,5.030749999999999,-1.0313124999999999
3.132125,7.643625,11.86625,-1.3031875
4.939875,5.695875,2.02475,-1.8499375
5.317875,9.631625,6.614749999999999,-1.0418125
6.387125,3.079625,9.79625,-1.1348124999999998
8.488875,4.392125,9.931249999999999,-1.1651874999999998
9.782125,3.938875,2.52875,-1.6313125
7.741625000000001,6.992625,13.96325,-1.9650625000000002
7.582375,6.383625,9.63425,-1.6916874999999998
8.532625,8.096875,8.89175,-2.0393125
9.696375,6.063375,10.57925,-2.1619375
5.130625,5.6118749999999995,10.79075,-1.6129375
3.023625,7.1396250000000006,19.27325,-1.9631875
9.059375000000001,5.870875,9.69275,-1.6414374999999999
6.339875,6.0966249999999995,14.638250000000003,-1.5390625
6.973375000000001,6.973375000000001,8.30225,-1.1809375
3.695625,5.443875,15.59675,-1.6931874999999998
6.490375,4.469125,18.33725,-2.0644375
5.088625,4.841875,10.27775,-1.4966874999999997
4.719374999999999,9.731375,14.76425,-1.8956875
9.430375,6.628625,18.184250000000002,-2.2001875
5.237375,7.050375000000001,13.12175,-1.1370624999999999
5.701124999999999,7.419625,15.84425,-2.2980625
7.2166250000000005,6.968125000000001,18.82775,-1.8859375
3.193375,3.146125,2.07425,-2.2305625
7.857125,9.288625,13.243250000000002,-2.1435625
7.218375000000001,6.649625,11.29475,-2.2954375000000002
5.792125,4.407875,13.05875,-1.7546875
4.672125,3.720125,10.60175,-1.3013124999999999
5.0326249999999995,7.972625000000001,9.26975,-2.4889375
8.026875,7.767875000000001,11.758250000000002,-1.0436874999999999
7.458125000000001,7.333875,12.14525,-2.4923125
6.266375,3.405125,18.62075,-1.6118125
3.098875,5.625875,19.066250000000004,-1.0575625
4.287125,9.876625,18.490250000000003,-1.2019375
3.622125,6.464125,6.37175,-1.5030625
4.843624999999999,8.560625,11.542250000000001,-2.1465625
5.3423750000000005,4.344875,11.587250000000001,-2.1113125
8.910625,3.419125,4.01825,-1.3601874999999999
6.296125,4.747375,18.67925,-1.8465625
9.509125000000001,3.980875,14.99825,-1.0984375
7.934125,6.906875000000001,4.78775,-1.9838125
7.118625000000001,8.357625,17.801750000000002,-1.4663125
5.314375,4.2013750000000005,18.18875,-1.3054375
6.084375,7.7696250000000004,11.47475,-1.9950625
7.841375,9.216875,15.26825,-1.7036874999999998
3.223125,5.429875,10.777249999999999,-1.0208125
9.278125000000001,6.182375,8.32475,-1.4861875
8.298125,9.157375000000002,11.52875,-2.1578125
6.471125000000001,9.314875,17.437250000000002,-1.1749375
3.531125,4.343125,18.593750000000004,-1.2221875
3.800625,3.630875,19.54325,-1.6519374999999998
3.576625,3.356125,3.50525,-1.5953125
6.815875,4.136625,16.888250000000003,-2.3415625
9.789125,8.704125000000001,19.51175,-1.1078124999999999
8.457374999999999,5.660875,18.16625,-2.2091875
4.602125,5.764125,10.15175,-1.5923125
3.251125,9.908125,15.902750000000001,-1.9309375
7.785375,3.986125,2.00675,-2.3194375
9.974625,9.677125,16.325750000000003,-1.7858125
4.467375,8.812625,16.44725,-2.4908125
3.697375,4.752625,6.18275,-1.0425624999999998
8.856375,6.919125,4.19825,-1.4726875
4.729875,4.768375,3.9147499999999997,-2.2973125
6.674125,6.6461250000000005,16.973750000000003,-2.4394375
5.062374999999999,7.2078750000000005,9.256250000000001,-2.1881875
3.821625,4.985375,7.41125,-1.1801875
7.652375,8.303375,4.081250000000001,-2.2196875
4.5916250000000005,9.306125000000002,17.711750000000002,-1.1138124999999999
9.740124999999999,3.459375,17.351750000000003,-2.3753125
7.519375,9.110125,16.64525,-2.4630625
6.863125,7.325125000000001,5.28725,-1.9695625
3.461125,4.6126249999999995,17.10875,-1.0879374999999998
7.818625000000001,6.3153749999999995,10.84475,-1.9373125
4.047375,3.205625,11.25425,-1.1306874999999998
6.145625,7.547375,9.57575,-1.8563125
9.134625,5.687125,18.647750000000002,-1.3815624999999998
5.909375000000001,7.013625,8.131250000000001,-1.6969375
6.665375,4.850625,2.73125,-2.4593125
9.822375000000001,3.513625,14.15675,-1.6676875
9.038375,3.340375,5.72825,-1.6429375
8.112625000000001,4.124375,18.90425,-2.3629375
7.736375000000001,3.728875,11.780750000000001,-1.3463124999999998
7.732875000000001,5.436875000000001,9.11225,-1.3658124999999999
5.746625,6.437875,3.73025,-1.1243124999999998
3.940625,5.919874999999999,7.838749999999999,-1.8608125
7.374125,8.221125,12.67625,-1.0268125
8.880875,4.096375,3.09575,-1.4336875
3.849625,7.762625000000001,2.35325,-1.7280625
6.649625,5.361625,12.334250000000003,-1.3905625
8.767125,4.2311250000000005,13.11275,-1.2930625
6.994375,5.825375,7.2357499999999995,-1.8686875
5.036125,4.4236249999999995,18.931250000000002,-2.4960625
7.781875,4.162875,14.25575,-1.2398125
6.947125,8.095125,15.56975,-2.3363125
4.327375,5.246124999999999,19.597250000000003,-1.2079374999999999
5.102625,4.656375,2.5557499999999997,-2.3385625
5.993375,6.682875000000001,8.31575,-1.3121874999999998
7.214875,5.575125,18.503750000000004,-1.4918125
8.926375,9.353375,4.39175,-2.0479374999999997
5.391375,7.501875,11.038250000000001,-2.2583125
7.150125,5.202375,12.298250000000001,-1.8540625
6.730125000000001,8.817875,19.867250000000002,-1.3163125
3.9231249999999998,3.795375,12.662750000000003,-1.9185625
9.794375,7.566625,13.751750000000001,-2.1195625
3.949375,4.168125,8.38775,-1.7576874999999998
4.551375,8.264875,9.566749999999999,-1.7306875
4.717625,6.238375,14.11175,-1.8296875
4.057875,7.214875,11.83925,-1.0181874999999998
7.580625,3.667625,5.65175,-1.6410624999999999
3.077875,6.478125,12.955250000000001,-2.4289375
4.502375,3.898625,14.804750000000002,-2.3059375
7.272625,4.337875,11.024750000000001,-2.1225625
9.337625,6.990875000000001,12.07775,-1.8908125
4.185625,4.262625,10.169749999999999,-2.4090625
7.319875000000001,3.517125,4.90925,-2.0674375
4.430625,9.785625,14.76875,-1.0118125
3.485625,3.279125,4.13975,-2.0100625
5.648625,7.409125,6.23225,-2.2898125
9.566875,7.384625,17.55875,-1.0151875
5.587375,9.857375000000001,13.03625,-2.4840625
3.679875,7.416125000000001,16.01075,-2.2755625
6.3153749999999995,8.873875,2.33075,-1.9013125
3.7516249999999998,5.554125,14.498750000000001,-1.9928124999999999
3.844375,7.647125000000001,5.305249999999999,-1.8795625
9.841625,3.272125,8.27075,-2.0704375
4.427125,6.891125000000001,6.38075,-1.8405624999999999
6.712625,9.150375,19.808750000000003,-1.2563125
8.084625,5.522625,13.17575,-2.3126875
8.817875,5.863875,4.47725,-2.1221875
6.987375,8.460875000000001,17.14025,-1.6331875
4.516375,4.516375,7.13225,-1.7336874999999998
9.642125,3.9143749999999997,12.734750000000002,-1.8266875
5.510375,9.143375,19.687250000000002,-2.1480625
9.612375,7.433625,11.492750000000001,-1.4839375
8.733875000000001,8.210625,13.841750000000001,-1.0155625
7.809875000000001,6.327624999999999,7.62725,-1.5814375
5.529625,6.404625,7.45625,-1.8559375
9.521374999999999,4.724625,9.058250000000001,-1.1798125
9.538875,5.562875,19.40825,-2.3599375
9.330625000000001,3.658875,2.33975,-2.1263125
6.054625,4.826124999999999,11.047250000000002,-2.4338125
3.9703749999999998,4.285375,14.021750000000003,-1.9069375000000002
5.625875,6.128125000000001,12.199250000000001,-2.2331875
3.979125,8.403125000000001,17.55425,-1.8263125
3.6553750000000003,4.834875,4.50875,-2.2920625
7.3881250000000005,9.426875,9.12125,-2.1045625
6.437875,4.966125,9.76925,-2.3636875
5.879625,4.021125,19.246250000000003,-1.7606875
6.857875000000001,7.5981250000000005,8.338249999999999,-2.3299374999999998
3.583625,8.798625000000001,12.61325,-1.9061875000000001
5.944375,4.173375,9.31925,-2.1630625
3.373625,9.629875000000002,17.230249999999998,-1.0215625
6.493875,7.948125,7.10075,-1.0669374999999999
4.964375,8.284125,14.557250000000002,-1.7648125000000001
5.254875,3.322875,18.35525,-1.2030625
3.065625,3.116375,15.05225,-1.4959375
7.424875,3.298375,6.385249999999999,-1.6759374999999999
6.4361250000000005,4.336125,9.70175,-1.7591875
3.606375,5.113125,11.177750000000001,-2.0828125
8.224625,9.719125,8.527249999999999,-1.3369375
7.6068750000000005,7.295375000000001,19.28675,-2.3464375
6.306625,6.763375,13.00475,-1.9575625
7.241125,8.922875000000001,14.332250000000002,-2.1806875
8.630625,9.897625000000001,2.51975,-1.0050624999999997
9.010375,4.3728750000000005,18.89525,-1.9984375
4.278375,9.412875,14.134250000000002,-1.1321875
8.474875,9.097875,6.77675,-1.2923125
5.347625,6.9033750000000005,12.671750000000001,-1.4820625
4.232875,6.290875,8.320250000000001,-2.3820625
4.117375,6.213875,18.13475,-2.4465625
6.539375000000001,7.610375,9.22475,-1.9196875
8.831875,7.335625,10.03925,-1.6706875
8.700625,8.732125,11.690750000000001,-1.6751875
7.7486250000000005,4.290625,3.8922499999999998,-1.3849375
4.241625,8.991125,16.024250000000002,-2.1218125
4.182125,3.651875,3.59075,-1.9594375
9.377875,3.541625,17.50025,-2.2343125
7.921875000000001,4.910125,6.50675,-2.0168125
4.271375,8.504625,9.92675,-2.4619375
9.909875,8.467875,7.28975,-2.2616875
9.421625,3.699125,4.43225,-2.1998125
6.185875,6.749375000000001,12.775250000000002,-1.4580625
9.013875,7.970875,6.16025,-1.6208125
5.230375,8.877375,13.62125,-2.4218125
9.223875,9.789125,5.57075,-1.9478125
3.247625,8.872125,6.22775,-2.1491875
9.766375,3.114625,4.9857499999999995,-1.6995624999999999
5.363375,3.2283749999999998,9.26525,-1.2596875
5.744875,5.790375,18.854750000000003,-1.1149375
4.691375,3.084875,13.99925,-1.3736875
7.7013750000000005,6.170125,6.32675,-2.4484375
5.0798749999999995,8.296375000000001,17.65325,-1.8806875
5.755375,9.005125,12.577250000000001,-2.0918125
3.611625,8.390875000000001,19.27775,-2.0385625000000003
8.487125,8.868625000000002,3.96875,-2.1784375000000002
4.064875,4.070125,19.75925,-1.0421874999999998
7.801125,6.094875,5.93075,-2.3201875
6.264625,7.907875000000001,16.83875,-1.5263125
5.804375,5.288125,19.615250000000003,-1.4558125
7.578875,8.891375,19.399250000000002,-1.7205625
7.8728750000000005,8.191375,19.394750000000002,-1.7558125
9.185375,6.642625000000001,13.009250000000002,-1.3943124999999998
9.155625,5.102625,16.55525,-1.6301875
9.988624999999999,9.187125000000002,5.210749999999999,-2.1311875000000002
7.680375,8.492375,7.609249999999999,-2.1728125
9.241375000000001,8.548375,14.440250000000002,-1.3695624999999998
8.443375,6.530625000000001,5.61575,-1.7029375
6.159625,4.614375,7.64975,-2.2811875
9.334125,4.745625,11.34875,-1.8713125000000002
5.405375,6.880625,18.51725,-1.4603125
7.930625000000001,7.326875,18.395750000000003,-1.9035625
9.911625,3.5783750000000003,3.75725,-1.4164374999999998
4.868125,3.951125,15.628250000000001,-1.9444375
7.041625000000001,5.597875,5.19275,-1.2158125
8.676124999999999,7.904375,16.33925,-1.5165625
4.9083749999999995,8.735625,4.95425,-2.4113125
7.3321250000000004,6.054625,12.829250000000002,-1.5135625
9.127625,3.737625,3.47825,-2.0438125
7.386375000000001,4.619625,8.83325,-1.6406874999999999
3.2668749999999998,3.954625,10.01675,-2.2871875
9.199375,7.822125,18.292250000000003,-2.4533125
8.758375000000001,7.3881250000000005,3.26225,-2.3239375
9.944875,7.631375,16.690250000000002,-2.3471875
5.041375,9.463625,8.117750000000001,-2.2800625
9.078624999999999,3.373625,18.67475,-1.4085625
7.860625000000001,7.722375,13.60325,-1.2450625
9.381375,3.090125,11.123750000000001,-2.2901875
4.600375,6.660125000000001,12.595250000000002,-2.4079375
4.484875,8.945625,4.886749999999999,-1.9815625
3.511875,8.998125,2.82575,-1.7363125
7.766125,5.492875,8.79725,-1.3590624999999998
4.360625,4.236375,15.21425,-1.6526874999999999
7.734625,6.926125,17.47775,-1.0350625
7.148375000000001,3.496125,12.082250000000002,-2.4671875
9.916875000000001,5.673125000000001,2.69525,-1.6958125
9.587875,6.033625000000001,8.83775,-1.8803125
4.654625,6.065125,16.91525,-1.8529375
6.570875000000001,4.883875,13.81475,-1.2199375
9.453125,3.588875,13.535750000000002,-2.3516875
5.949625,9.790875,4.90025,-2.1960625
6.7231250000000005,8.261375000000001,9.76475,-1.2911875
4.700125,6.224375,8.23475,-2.4330625
4.383375,6.621625,3.28475,-1.5083125
5.244375,5.020375,8.00975,-1.1453125
4.773625,7.370625,8.153749999999999,-1.3474374999999998
6.572625,4.374625,11.98325,-1.8274375
6.035375,5.046625000000001,13.31075,-2.1398125
7.143125,9.279875,3.03275,-2.2024375
8.128375,3.037625,18.274250000000002,-2.4491875
5.5436250000000005,4.169875,3.40625,-2.3925625
8.453875,9.794375,11.90675,-1.2090625
7.6838750000000005,9.958874999999999,14.62925,-1.1734375
5.655625000000001,8.049625,18.77825,-2.3528125
5.162125,9.643875000000001,8.74325,-1.5705624999999999
6.640875,5.296875,13.787750000000003,-1.3196875
9.820625,6.551625,14.05325,-1.0665624999999999
4.871625,9.601875,3.19925,-1.8930625
3.161875,9.902875,11.30375,-2.0524375
4.434125,4.318625,19.53875,-1.9590625
9.416375,4.456875,18.02225,-1.6215625
5.484125000000001,8.571125,16.45625,-1.7010625
6.2943750000000005,7.605125000000001,3.5412500000000002,-2.3134375
5.309125,8.555375,18.70175,-1.3924375
6.971625,5.869125,13.184750000000001,-2.2433125
7.720625,9.313125,18.71975,-1.0808125
6.8736250000000005,4.777125,16.105249999999998,-1.9946875
4.318625,8.791625,2.96525,-2.1229375
7.808125,5.680125,4.71575,-1.5401874999999998
6.201625,8.476625,11.285750000000002,-1.5570624999999998
4.414875,9.528375,9.16175,-1.5941874999999999
4.542625,4.278375,9.287749999999999,-1.1955624999999999
6.633875000000001,4.005375,5.02175,-2.1716875
9.204625,8.075875,5.46275,-2.3993125
6.322375,6.819375,2.32175,-2.1244375
8.091625,9.206375000000001,14.570750000000002,-2.2650625
8.331375000000001,9.094375,16.51025,-2.2290625
9.463625,3.424375,3.16775,-1.9568125
6.901625000000001,4.458625,18.25625,-2.2766875
4.425375,8.954375,17.20775,-2.3876875
3.807625,6.231375,9.57125,-2.1780625000000002
3.041125,8.424125,7.42925,-2.0899375
9.225625,4.756125,8.09525,-1.8593125000000001
9.122375000000002,8.863375000000001,6.19175,-2.4893125
8.527375,7.102875,2.26325,-1.9256875
7.524625,5.781625,13.864250000000002,-2.0426875
3.000875,6.668875,13.25675,-2.2748125
4.495375,4.971375,8.41475,-1.0485624999999998
3.415625,7.223625000000001,3.77075,-2.3663125
4.796374999999999,6.849125,18.20675,-1.7089375
6.4868749999999995,7.633125000000001,3.11375,-2.2376875
5.7536249999999995,8.228125,11.168750000000001,-1.6136875
7.298875000000001,4.234624999999999,17.383250000000004,-1.6253125
4.768375,6.889375,5.8542499999999995,-2.2538125
9.404125,7.281375000000001,18.656750000000002,-1.2229374999999998
3.637875,5.188375,19.673750000000002,-1.0144374999999999
6.240125,3.195125,6.25475,-1.5754375
4.920624999999999,4.316875,11.53325,-2.3786875
4.2993749999999995,5.366875,14.32775,-1.1303124999999998
7.1781250000000005,3.774375,19.17425,-1.7021875
5.839375,4.673875,10.561250000000001,-1.2529374999999998
6.838625,9.285125,13.40075,-2.0618125000000003
9.439125,7.820375,2.09225,-1.5439375
3.503125,7.855375,7.69475,-1.1756875
4.918875,4.537375,14.899250000000002,-2.3933125
5.025625,8.683125,15.08375,-1.8919375
9.069875,6.635625,10.05275,-2.2568125
4.1541250000000005,9.330625000000001,14.57975,-1.1051875
4.0036249999999995,5.786875,9.431750000000001,-1.7400624999999998
4.6126249999999995,8.117875,17.045749999999998,-1.9916875
8.408375,4.014125,18.458750000000002,-1.0380624999999999
4.421875,9.647375,8.09075,-1.3894375
8.413625,4.829625,16.807250000000003,-2.0483125
8.385625000000001,6.663625,4.9407499999999995,-2.2924375
6.735375,9.881875,6.89825,-1.1460625
7.055625000000001,7.069625,17.423750000000002,-2.3708125
9.668375000000001,6.150875,17.909750000000003,-1.1449375
7.666375,4.099875,14.930750000000002,-2.2699375
6.178875,5.814875000000001,14.11625,-2.1176874999999997
9.451375,6.280375,6.49775,-2.4165625
4.826124999999999,6.091374999999999,19.16075,-1.8251875000000002
4.570625,3.074375,2.27675,-2.3884375
3.994875,8.119625000000001,2.65475,-1.2953124999999999
5.576874999999999,7.377625,18.29675,-2.4124375
9.591375,6.999625,3.04625,-1.3069374999999999
3.651875,4.194375,8.28425,-1.8791875
7.066125,5.043125,14.408750000000001,-1.8829375000000002
9.355125000000001,9.106625000000001,5.56625,-1.5548125
4.841875,8.469625,12.98675,-2.3959375
7.612125000000001,5.743125,14.296250000000002,-1.1779375
5.037875,6.359125000000001,14.215250000000001,-2.3434375
4.848875,5.403625,7.46075,-2.1184374999999998
3.399875,5.893625,13.877750000000002,-1.9673125
4.838375,4.306375,5.36825,-1.2709374999999998
5.578625000000001,5.037875,16.89275,-1.9346875
7.165875,7.428375000000001,2.67725,-1.9193125
9.990375,8.733875000000001,15.54275,-1.7636875
9.524875000000002,5.198875,11.09675,-1.0838124999999998
5.4403749999999995,3.7113750000000003,13.333250000000001,-1.0069375
6.954125,7.1221250000000005,11.94275,-1.4914375
6.8088750000000005,6.105375,6.59225,-1.4265625
5.109624999999999,3.613375,19.08425,-1.4456875
3.686875,5.953125,18.23375,-1.3091874999999997
3.457625,4.801625,5.99825,-2.0059375
4.164625,9.498625,5.57975,-2.0513125
6.891125000000001,6.399375,3.45125,-2.1660625
3.977375,7.503625,4.80575,-2.2624375
4.561875,8.238624999999999,2.0877499999999998,-1.1310625
4.199625,5.377375000000001,12.44225,-1.9856875
4.386875,7.498375,15.511250000000002,-2.1158125
8.712875,7.195625000000001,11.141750000000002,-1.8915625
7.634875000000001,5.415875,2.25425,-1.6211875
3.345625,4.575875,18.61175,-1.3253125
8.952625000000001,4.148875,5.31875,-1.8285624999999999
8.742625,8.952625000000001,2.14175,-2.2676875
4.992375,4.465624999999999,5.43575,-1.9391875
7.874625000000001,9.155625,12.13175,-1.8195625
3.678125,6.250624999999999,13.92725,-1.0309374999999998
4.558375,7.6926250000000005,4.76975,-1.4524374999999998
5.0291250000000005,8.233375,14.057750000000002,-1.3410625
3.128625,9.405875000000002,4.58075,-2.3269375
9.785625,8.082875000000001,16.231250000000003,-1.3796875
6.467625,5.676625,17.24375,-1.2690625
9.101375,9.867875,10.61525,-2.2391875
3.167125,7.564875000000001,6.27725,-2.4503125
8.978875,9.068125,15.461750000000002,-2.2414375
7.913125,5.834125,6.713749999999999,-2.3813125
6.129875,7.106375000000001,16.37975,-1.4351875
8.896625,3.328125,9.20225,-1.0054375
6.198124999999999,8.749625000000002,12.014750000000001,-1.6485625
8.403125000000001,8.957875000000001,6.8397499999999996,-1.2739375
6.1228750000000005,8.669125000000001,17.27525,-2.3936875
5.218125000000001,5.751875,11.15975,-1.9294375
3.735875,5.632875,4.20725,-1.3088125
9.783875,7.584125,11.20025,-2.4383125
9.713875000000002,8.086375,7.24475,-1.0204374999999999
8.046125,6.574375000000001,11.76725,-1.7239375
7.704875,3.240625,4.99925,-1.3706874999999998
5.610125,7.057375,8.10875,-1.4666875
5.356375,6.493875,15.83075,-1.6778125
7.5298750000000005,6.009125,12.27575,-1.7134375
8.866875,5.646875,10.00775,-2.0325625
3.9983750000000002,5.3248750000000005,10.97075,-1.4588124999999998
5.142875,3.833875,11.992250000000002,-1.5139375
5.501625,4.007125,15.673250000000001,-1.8188125
7.304125000000001,3.602875,14.77325,-1.8116875000000001
3.653625,6.252375000000001,11.497250000000001,-2.4851875
4.917125,6.752875,3.15425,-2.0280625
7.811625,5.580375,4.81475,-2.1803125
8.557125000000001,7.9026250000000005,12.23975,-2.4660625
9.362125,6.208625,9.80075,-1.3515624999999998
4.1751249999999995,7.234125000000001,5.76875,-2.0869375
5.183125,8.968375000000002,3.66725,-2.2481875000000002
3.238875,3.809375,7.42475,-1.5956875
6.390625,8.229875,10.52075,-1.8101875
5.669625,9.225625,18.60275,-1.9440625
8.429375,5.477125,6.42575,-1.8668125
8.585125000000001,3.683375,2.62775,-1.8210625
8.635875,8.592125000000001,7.52375,-1.6545625
6.751125000000001,5.3721250000000005,2.8752500000000003,-1.5578124999999998
9.943125,7.703125000000001,7.54175,-1.4794375
3.534625,9.895875,12.338750000000001,-2.0640625
5.344125,7.545625,12.712250000000001,-1.2566875
8.642875,7.393375000000001,9.755749999999999,-2.3348125
4.465624999999999,9.549375000000001,3.0642500000000004,-1.4670625
8.476625,5.293375,18.34175,-1.8049375
5.732625,6.667125,9.29225,-1.0909375
4.491875,5.5908750000000005,12.97775,-1.0939375
4.540875,4.742125,19.65575,-1.3376875
3.191625,3.6466250000000002,18.28325,-2.3014375
6.586625,4.0333749999999995,12.973250000000002,-2.4791875
6.388875,5.727375,15.079250000000002,-2.2046875
5.988125,6.647875000000001,12.79775,-2.0468125
5.293375,6.670625,14.867750000000001,-1.6369375
8.611375,9.782125,6.81725,-2.1986875
8.299875,8.333125,2.65025,-1.7588125
6.9033750000000005,6.184125,10.08875,-1.0316874999999999
4.362375,8.987625000000001,15.173750000000002,-1.7708125
7.995375,6.068625,5.23325,-2.4454375
7.904375,4.418375,16.46525,-1.5866875
4.780625000000001,4.073625,2.62325,-1.4899375
8.977125000000001,6.115875,4.598749999999999,-1.7430624999999997
4.407875,3.135625,16.586750000000002,-2.4818125
9.040125,5.912875,13.54475,-2.4195625
8.347125,5.480625,17.38775,-1.1378125
3.384125,3.069125,14.048750000000002,-1.2686875
7.188625000000001,6.969875000000001,3.65375,-2.4645625
5.256625,7.2638750000000005,19.38575,-2.0865625
6.915625,7.0363750000000005,17.707250000000002,-1.6260625
5.603125,8.480125000000001,19.31375,-1.1554375
5.408875,7.685625,11.321750000000002,-2.0850625
4.770125,9.516124999999999,14.23775,-2.1071875
7.9201250000000005,6.318875,8.36075,-2.3366875
7.5123750000000005,4.609125,14.975750000000001,-1.1899375
8.341875,3.564375,14.95775,-1.9530625000000001
9.995625,3.007875,17.29775,-2.0588125
5.323124999999999,5.506875,17.959250000000004,-1.3500625
4.728125,6.455375,12.392750000000001,-1.7370625
3.6658749999999998,3.144375,9.30125,-2.4979375
5.573375,3.777875,6.25025,-1.1190625
9.339375,8.830125,18.99875,-1.0073124999999998
4.8103750000000005,3.989625,2.09675,-1.1456874999999997
3.501375,9.712125,17.06825,-2.2571875
9.554625000000001,8.802125,3.36125,-1.4243125
7.787125,8.782875,19.412750000000003,-1.1513125
4.988875,4.355375,18.32375,-1.8094375
8.492375,9.663125,16.046750000000003,-1.0478125
4.805125,5.940875,18.91325,-2.1356875
3.011375,3.013125,5.01725,-1.6695625
8.478375,6.665375,19.16975,-1.3744375
7.4651250000000005,5.592625,16.676750000000002,-1.3909375
5.120125,6.178875,2.5692500000000003,-1.5229374999999998
9.080375,4.0036249999999995,15.97925,-1.2484374999999999
3.468125,7.608625,18.13925,-1.8180625
7.249875,7.305875,15.61475,-1.3136875
4.4236249999999995,4.386875,2.17325,-2.3550625
9.570375,9.715625000000001,11.087750000000002,-2.0460625
8.623625,5.041375,14.858750000000002,-1.9474375
5.258375,9.493375,2.84825,-2.1011875
7.193875,5.216374999999999,3.12725,-1.4884374999999999
7.155375,4.554875,11.34425,-2.1128125
9.073375,7.617375,8.72975,-1.3204375
8.600875,3.2668749999999998,19.56575,-1.7081874999999997
9.699875,6.705625,9.77375,-1.9973125
8.201875000000001,3.972125,17.365250000000003,-1.6534375
8.170375,5.594374999999999,16.14125,-1.0455625
7.962125,6.119375,17.49575,-1.5645624999999999
8.194875,4.775375,2.82125,-1.1351874999999998
3.683375,9.134625,2.91125,-2.0921875
3.354375,9.202875,12.860750000000001,-2.4139375
4.978375,9.001625,6.74525,-1.6988124999999998
8.653375,7.186875000000001,15.30875,-2.0730625
7.253375,3.735875,10.49825,-1.1198124999999999
3.886375,8.746125,16.591250000000002,-1.7126875
7.325125000000001,4.6388750000000005,4.607749999999999,-2.0831875
5.963625,6.483375,16.69925,-2.3426875
7.011875000000001,3.062125,19.46675,-1.8900625
6.280375,6.080875,18.51275,-1.0916875
6.717875,3.881125,16.271750000000004,-1.7771875000000001
3.034125,5.874375000000001,7.97825,-1.4209375
8.634125000000001,4.882125,19.47125,-2.1570625
9.957125000000001,9.477625,6.367249999999999,-1.9995625000000001
3.4471249999999998,5.135875,19.781750000000002,-1.8064375
8.933375000000002,7.111625000000001,15.394250000000001,-1.7936874999999999
7.375875000000001,8.322625,7.7982499999999995,-1.1396875
5.986375,4.036875,9.69725,-2.3674375
6.969875000000001,5.386125,12.77975,-2.3216875
5.650375,8.308625,15.187250000000002,-1.4985625
7.326875,7.801125,12.842750000000002,-1.5105625
3.130375,3.149625,14.20175,-1.1471874999999998
4.526875,7.0923750000000005,7.60025,-1.6560625
6.058125,6.644375,5.33225,-2.1701875
4.966125,9.811875,11.875250000000001,-1.7603125
9.549375000000001,6.338125,9.07625,-2.0314375
4.462125,8.231625000000001,12.352250000000002,-1.1569375
3.037625,4.105125,17.96825,-1.0789374999999999
4.803375,4.010625,9.26075,-2.4364375
5.8306249999999995,6.712625,3.46475,-1.1693125
8.592125000000001,5.604875,9.28325,-1.0946875
4.675625,4.6686250000000005,7.83425,-1.9913125
5.846375,5.930375,19.520750000000003,-1.0271875
9.097875,9.379625,7.89725,-1.0346875
5.951375,7.367125000000001,4.99025,-1.5068124999999999
6.262875,6.567375,6.77225,-2.3843125
5.450875,9.813625000000002,8.03675,-1.3545625
4.8313749999999995,4.140124999999999,5.69675,-2.0096875
5.358124999999999,7.867625,10.98425,-1.2041875
3.632625,8.450375000000001,17.252750000000002,-1.8769375
9.523125,3.973875,17.97275,-2.1983125
7.1133750000000004,8.828375000000001,5.822749999999999,-1.4981874999999998
7.419625,7.029375,12.856250000000001,-1.3305625
6.9506250000000005,6.691625,2.21375,-1.2101875
4.544375,5.827125,12.361250000000002,-2.2361874999999998
5.125375,7.188625000000001,12.995750000000001,-1.2379375
8.651625,5.982875,13.297250000000002,-1.4213125
7.335625,5.746625,18.553250000000002,-2.2436875
3.847875,9.026125,8.13575,-1.6763124999999999
8.016375,6.350375,5.2917499999999995,-1.3219375
8.147625000000001,8.159875,10.39925,-1.3526874999999998
4.8138749999999995,5.256625,15.98825,-2.4810625
5.351125,9.850375,6.61925,-1.4430625
4.229375,6.982125,14.01275,-2.4049375
4.444625,9.456625,16.47425,-2.2204375
4.549625,8.572875,19.72775,-1.6286874999999998
9.313125,5.566375,14.962250000000001,-1.5604375
3.856625,9.222125,10.31825,-2.2148125
4.546125,8.506375,3.8697500000000002,-1.9118125
3.044625,6.154375,15.547250000000002,-1.9365625
6.110625000000001,3.347375,15.87125,-2.1154375
7.717125,3.086625,4.34225,-1.1576874999999998
7.382875,3.4838750000000003,6.89375,-1.6148125
6.093125000000001,7.771375,2.71775,-1.7396874999999998
7.351375000000001,8.019874999999999,12.500750000000002,-1.7070625
6.026625,4.922375000000001,10.13825,-2.3265625
5.6888749999999995,6.520125,17.20325,-2.0269375
8.334875,8.144125,7.37075,-1.3939375
3.7026250000000003,6.138624999999999,6.99275,-1.1261875
6.136875,6.892875,11.33075,-2.2031875
7.5508750000000004,9.822375000000001,9.179749999999999,-1.5461874999999998
7.626125000000001,7.344375,15.025250000000002,-1.6125625
9.530125,7.445875,12.94175,-2.3111875
5.870875,8.522125,14.174750000000001,-1.8964375
6.714375,6.735375,18.652250000000002,-1.1055625
5.433375,9.920375,6.4167499999999995,-1.6013125
5.055375,6.402875,5.255749999999999,-1.4764374999999998
7.547375,8.529125,8.18525,-1.1108124999999998
7.053875,8.326125000000001,10.33175,-1.9740625
5.956625,3.436625,14.750750000000002,-1.1445625
9.516124999999999,7.857125,10.82225,-1.9163125
4.043875,6.672375000000001,4.92725,-1.6219374999999998
6.108874999999999,7.486125,18.557750000000002,-1.3256875
3.408625,8.429375,4.53125,-2.4263125
3.769125,3.300125,11.051750000000002,-1.8075625
9.253625,6.558625,18.35075,-1.6065625
6.738875,5.048375,8.64425,-1.6271875
7.381125000000001,3.454125,4.11275,-1.0200624999999999
3.861875,8.130125,11.94725,-2.1971875
9.929125,8.089875,9.91775,-1.6680625
3.245875,5.085125,17.360750000000003,-1.0598125
7.689125000000001,9.197625,5.30075,-2.4521875
3.242375,4.365875,10.606250000000001,-2.0396875
3.335125,8.550125000000001,12.212750000000002,-2.1581875
9.962375000000002,5.400125,18.54425,-1.9039375
7.925375000000001,6.948875000000001,19.57025,-1.6628124999999998
7.972625000000001,8.620125,6.29525,-1.3579375
3.231875,8.739125000000001,8.28875,-1.3399375
8.562375,6.525375,8.22575,-1.3609375
8.604375000000001,8.487125,10.34075,-1.8409375
6.756375,3.681625,14.75975,-2.0584375
6.577875000000001,6.814125,7.366249999999999,-1.9496875
8.618375,3.632625,18.26075,-1.2818124999999998
9.213375000000001,4.691375,15.17825,-2.2185625
8.235125,9.474125,3.76175,-2.2133125
6.618125000000001,5.286375,11.38475,-1.6909375
9.687625,6.798375,3.49175,-2.2796875
9.999125,6.709125,10.079749999999999,-2.0820625
4.021125,5.757125,19.84925,-1.3965625
8.044375,8.740875,16.34825,-1.1408125
9.346375,6.492125,13.12625,-1.8971875
8.093375000000002,7.620875000000001,15.389750000000001,-1.9403125
6.803625,9.083874999999999,7.06025,-1.0335625
4.215375,9.684125,5.18375,-2.0029375
7.6628750000000005,5.120125,6.740749999999999,-1.6170624999999998
3.781375,5.058875,11.416250000000002,-2.4045625
3.909125,3.177625,11.798750000000002,-1.0864375
6.128125000000001,7.185125,8.65325,-2.1934375
4.196125,7.993625000000001,11.56475,-1.5274375
9.761125,9.048875,17.87375,-2.0138125000000002
4.631875,4.938124999999999,15.475250000000003,-1.8555625
5.442125,7.218375000000001,10.66925,-2.0505625
7.983125,7.648875,18.24275,-1.7063125
8.516875,3.130375,12.00125,-1.7505625
6.980375,9.600125,18.68825,-1.4010624999999999
6.114125,8.415375000000001,13.67525,-2.2969375
4.288875,4.894375,15.08825,-2.1420624999999998
7.6156250000000005,5.337125,18.17075,-1.6808124999999998
4.213625,6.124625,4.91375,-1.3436875
3.587125,9.969375,2.37125,-1.3241874999999999
4.063124999999999,9.148625,17.02775,-1.1910625
4.094625,9.470625,14.90825,-1.6238125
3.737625,4.446375,15.46625,-1.6830625
7.7696250000000004,4.138375,13.301750000000002,-1.7573125
6.882375,3.676375,18.13025,-1.9245625
7.251625000000001,3.333375,15.92525,-1.9376875
4.147125,6.189375,16.46075,-1.3166874999999998
8.984125,7.132625000000001,2.37575,-2.1499375
3.573125,4.206625,4.09475,-2.2256875000000003
6.691625,4.980125,9.22925,-1.0061874999999998
6.331125,6.016125000000001,16.76225,-2.3381875
6.441375,6.444875,2.48375,-1.7318125
6.8176250000000005,4.987125,8.342749999999999,-1.6691875
7.643625,7.851875000000001,12.89225,-1.5608125
8.182625,6.133375,11.02025,-2.4540625
5.0501249999999995,7.951625000000001,2.24975,-1.6316875
7.321625,4.483124999999999,17.999750000000002,-1.5896875
8.448625,6.866625000000001,15.155750000000001,-1.4869374999999998
9.045375,5.6381250000000005,19.37675,-1.7303125
3.559125,8.250875,6.0657499999999995,-1.1591874999999998
3.592375,5.2688749999999995,5.69225,-2.2065625
7.284875,7.578875,8.46425,-1.3414375
9.327125,8.600875,17.797250000000002,-1.5075625
7.136125,5.030875,18.05375,-2.3303125
4.738625,4.271375,12.824750000000002,-1.3444375
3.811125,5.172625,11.191250000000002,-1.5623125
4.322125,5.515625,10.63775,-1.9223124999999999
5.156874999999999,5.281124999999999,10.75475,-2.2301875
6.588375,9.843375000000002,18.81875,-2.1540625
6.744125,5.669625,2.87075,-2.4244375
5.800875,7.927125,12.23075,-2.0558125
3.601125,5.774625,10.94825,-1.7539375
7.088875,5.358124999999999,12.959750000000001,-1.4306875
8.257875,4.864625,8.54075,-1.5990624999999998
3.620375,3.6553750000000003,19.85825,-1.2791875
3.030625,7.3111250000000005,5.4807500000000005,-2.3824375
6.446625,6.625125000000001,17.83325,-1.7250625
4.455125,4.624875,18.53075,-2.4458125
5.540125,5.170875,17.80625,-1.2143125
9.712125,5.960125,11.86175,-1.4100625
4.628375,4.505875,16.222250000000003,-1.4483125
5.489375,5.865625,8.97725,-1.5915624999999998
7.221875,5.237375,12.788750000000002,-1.7903125
3.151375,5.396625,18.19325,-1.2334375
3.105875,6.164875,2.91575,-1.8653125
4.670375,5.428125,5.22425,-1.5090625
7.468625,8.245625,18.78275,-2.4683125
3.200375,3.326375,3.5772500000000003,-1.7753125
9.878375,4.911875,2.6727499999999997,-2.3051875
9.020875,6.632125,4.41425,-1.6774375
6.966375,6.2681249999999995,17.84225,-1.3140625
6.070375,8.138875,15.641750000000002,-2.1098125
8.698875000000001,8.494125,8.36975,-2.0993125
5.799125,3.305375,10.40375,-2.1690625
9.622875,7.6541250000000005,5.07125,-1.0256874999999999
5.930375,3.021875,10.72325,-1.8709375000000001
9.391875,9.659625,18.566750000000003,-2.1008125
3.067375,3.464625,8.680250000000001,-2.4158125
3.840875,5.044874999999999,9.02225,-2.3569375
7.199125,6.978625000000001,14.885750000000002,-1.0125624999999998
9.008625,5.013375,9.04925,-2.2830625
9.657875,6.156124999999999,2.46575,-2.3370625
6.833375,3.763875,12.811250000000001,-1.9354375
3.889875,8.520375000000001,3.13625,-1.8630625
4.3763749999999995,5.468375,2.90675,-1.6046874999999998
9.797875000000001,5.737875,18.14825,-2.2950625000000002
9.195875000000001,8.208874999999999,18.44525,-1.7190625
8.313875,5.435124999999999,18.58925,-1.2248125
3.893375,7.675125,10.19675,-2.3524375
3.272125,7.2463750000000005,16.24925,-1.6433125
3.097125,9.101375,14.12975,-2.4311875
5.9548749999999995,7.848375000000001,7.64525,-2.4956875
8.964875,6.796625000000001,12.104750000000001,-2.4446875
6.6758750000000004,3.811125,19.26875,-1.4366875
5.394875,8.931625,8.68925,-1.0811875
4.915375,5.569875,15.90725,-2.2016875000000002
6.798375,3.6658749999999998,8.81075,-1.4119374999999998
8.518625,3.051625,4.64375,-2.0198125
9.759375,9.510875,18.42275,-1.8551875
6.051125,5.643375,9.998750000000001,-2.1788125000000003
9.507375,8.963125000000002,8.518249999999998,-2.2946875
7.636625,5.274125,2.96975,-1.8934375
6.752875,5.491125,3.7437500000000004,-1.0819375
8.861625,7.417875,15.983750000000002,-1.1269375
3.8758749999999997,3.623875,4.85525,-2.0333125
7.283125,9.815375,2.42525,-1.1258124999999999
5.524375,6.395875,14.620250000000002,-1.8045624999999998
6.6846250000000005,4.715875,10.85825,-2.3906875
6.434374999999999,9.803125000000001,3.78425,-1.6684375
9.397125,5.0973749999999995,7.40675,-1.1520625
9.332374999999999,7.916625000000001,7.18175,-2.4094375
7.948125,9.115375,7.739750000000001,-1.0901874999999999
5.072875,8.375125,5.14775,-2.3040625
9.237875,9.348125,17.914250000000003,-1.3819375
7.487875000000001,8.693625,6.59675,-2.4765625
3.443625,7.447625,4.38275,-2.0490625
9.787375,7.570125000000001,7.90625,-1.1423124999999998
9.402375,3.329875,14.28725,-1.5308125
8.873875,7.906125,4.6122499999999995,-1.6451875
8.466125000000002,9.213375000000001,16.028750000000002,-1.2773124999999999
3.181125,5.356375,4.87775,-2.0130625
8.746125,7.1693750000000005,3.82025,-2.1443125
5.492875,9.334125,4.62125,-2.0693125
6.457125,9.027875,13.31975,-2.3179375
8.149375000000001,9.229125,16.18175,-1.8870624999999999
9.227375,8.224625,2.42975,-1.5690624999999998
8.175625,7.318125,17.27975,-2.0944375
4.9556249999999995,9.918625,17.158250000000002,-1.4070624999999999
5.741375,6.9978750000000005,6.18725,-1.2990625
3.613375,8.347125,9.62975,-1.1730625
3.4943750000000002,5.842875,7.231249999999999,-2.3404375
3.9616249999999997,4.757875,2.8977500000000003,-1.5960625
3.489125,5.772875,4.48175,-2.0981875
5.389625,4.253875,19.53425,-1.2675625
8.670875,3.730625,3.3297499999999998,-1.5911875
5.270625,9.915125,6.362749999999999,-2.3865625
7.172875,9.010375,4.26575,-2.0801875
9.104875,3.749875,10.56575,-1.3571874999999998
6.385375,6.010875,4.88225,-1.4258125
6.320625,5.811375,2.34425,-1.8518125
3.270375,5.683625,5.81375,-1.6609375
5.137625,6.045875,6.587750000000001,-2.1911875
8.606125,4.255625,14.36375,-1.5300625
3.548625,9.071625000000001,9.96275,-2.3351875
7.062625000000001,5.956625,12.69425,-1.1674375
9.843375000000002,6.829875,5.55725,-1.1254374999999999
8.572875,7.846625,19.04375,-1.3335625
3.315875,3.882875,6.66425,-1.4730625
5.886625,6.227875,17.563250000000004,-1.6399374999999998
6.614625,6.306625,12.622250000000001,-1.0016874999999998
9.152125000000002,6.947125,5.71025,-2.0201875
9.432125000000001,9.103125,11.731250000000001,-2.2039375
7.318125,8.789875,19.73225,-2.2999375
9.409375,3.814625,5.32325,-1.2949374999999999
8.908875,4.054375,14.08925,-2.2721875000000002
3.543375,7.073125,2.31275,-2.1375625
6.828125,3.732375,5.18825,-1.1100625
3.819875,3.286125,12.149750000000001,-1.8878125
7.8816250000000005,6.035375,5.8317499999999995,-2.3513125
3.300125,7.423125000000001,9.00875,-2.3696875
8.396125000000001,8.338375000000001,16.65875,-1.5889375
4.173375,4.945125,19.81775,-1.7816874999999999
7.274375000000001,3.102375,15.56075,-1.8356875
9.680625000000001,8.058375000000002,3.1317500000000003,-1.4951875
9.423375,8.376875,14.359250000000001,-2.1679375
5.568125,3.620375,4.22525,-2.0633125
6.171875,3.254625,15.002750000000002,-1.4786875
7.038125,6.352125,13.23875,-1.7513125
3.539875,4.8226249999999995,12.53225,-1.0849374999999999
8.940375,3.6186249999999998,6.43025,-2.1833125
4.8873750000000005,7.491375,6.08375,-2.3918125
5.335375,7.636625,2.63225,-2.0104375
8.947375000000001,8.277125000000002,13.88225,-1.3988125
8.586875000000001,3.716625,16.424750000000003,-2.0111875
9.682375,3.921375,16.17725,-2.3880625
6.255875,3.247625,19.84475,-1.1921875
7.211375,7.755625,17.62175,-1.4554375
4.784125,3.399875,2.98325,-1.2956875
6.180625,3.863625,18.81425,-1.9331874999999998
4.028124999999999,7.489625,17.86025,-1.7093124999999998
7.829125,8.497625,16.982750000000003,-2.1885624999999997
9.197625,5.699375,9.49475,-1.1273125
9.631625,4.3763749999999995,3.48725,-1.3583124999999998
8.539625000000001,9.617625,16.033250000000002,-2.0449375
9.986875000000001,9.012125000000001,4.15775,-1.7498125
4.876875,8.410125,6.79925,-1.6384374999999998
6.602375,3.104125,2.18225,-1.3954374999999999
8.740875,7.099375,16.75775,-1.3301874999999999
6.140375000000001,4.192625,4.61675,-1.2435625
3.039375,8.340125,11.429750000000002,-1.0759374999999998
3.317625,9.461875000000001,2.28125,-1.4865625
7.230625000000001,6.618125000000001,11.69525,-2.4668125
8.665625,7.841375,2.18675,-1.4006874999999999
3.756875,8.413625,3.49625,-1.8383125
6.9593750000000005,8.382125,16.68575,-1.8398125
5.694125,3.5241249999999997,17.81975,-1.2908125
3.448875,5.2986249999999995,16.81175,-2.4424375
5.646875,5.778124999999999,6.461749999999999,-1.7329375
9.090875,7.032875000000001,13.706750000000001,-2.3798125
8.137125000000001,5.911125,17.30225,-1.2503125
5.494625,8.588625,18.89075,-2.3393125
7.633125000000001,3.756875,9.553249999999998,-2.0573125
8.747875,5.141125000000001,3.2262500000000003,-1.5641874999999998
4.862875,9.453125,8.85125,-2.0235625
6.698625,4.526875,14.48975,-1.8484375
4.180375,9.118875,14.81375,-1.9706875
6.479875,9.801375,2.30375,-1.2233125
8.627125,3.853125,6.6057500000000005,-1.9140625
8.723375,6.044125,10.09325,-2.3490625
4.122625,9.232625,2.60975,-1.3901875
5.172625,3.128625,10.57025,-1.6624374999999998
7.599875000000001,5.792125,10.32275,-1.8341875
8.378625,3.5608750000000002,10.07075,-2.3573125
3.310625,8.067125,16.798250000000003,-2.3044375
8.368125000000001,3.793625,13.16225,-2.0546875
5.057125,5.086875,13.477250000000002,-2.3790625
6.245375,3.996625,2.29475,-1.4565625
4.448125,5.463125,2.4747500000000002,-1.9661875
6.495625,4.358874999999999,9.13925,-2.4023125
3.412125,4.654625,11.870750000000001,-1.1719374999999999
7.349625,4.117375,13.661750000000001,-2.0055625
7.6541250000000005,4.227625,15.89825,-1.5930624999999998
4.948625,8.530875000000002,16.99175,-2.3291875
8.095125,5.741375,8.86475,-1.2731875
6.7318750000000005,6.581375000000001,5.95325,-2.2658125
8.649875000000002,8.658625,9.76025,-1.5855625
6.455375,4.399125,5.242249999999999,-1.0856875
3.550375,3.611625,15.223250000000002,-1.1486874999999999
9.257125,8.970125,3.4467499999999998,-1.8203125
6.395875,7.076625000000001,16.66325,-1.8008125
9.283375,8.716375,5.818249999999999,-2.0145625000000003
6.5988750000000005,4.586375,10.17425,-2.3085625
4.005375,9.269375,16.54625,-1.9320625
4.701874999999999,9.195875000000001,16.00625,-1.1884375
4.985375,5.608375,10.58375,-2.4278125
5.169125,6.430875,3.41075,-1.1558125
5.713375,9.293875,15.146750000000003,-1.4685625
9.589625000000002,6.898125,4.562749999999999,-2.0400625
3.051625,6.171875,5.66525,-1.5038125
4.187375,4.952125,17.815250000000002,-1.1876875
5.715125,3.410375,2.40275,-2.2778125
7.892125,5.475375,8.87825,-1.2623124999999997
3.160125,9.047125000000001,14.989250000000002,-1.7445624999999998
7.9883750000000004,9.164375,7.31225,-2.0156875000000003
4.098125,5.421125,5.404249999999999,-1.2053125
3.237125,4.868125,7.50125,-1.6699374999999999
7.493125000000001,5.807875,9.278749999999999,-1.6740625
3.872375,9.572125,2.06525,-1.3249374999999999
7.641875000000001,8.875625,5.8767499999999995,-1.3159375
5.438625,5.165625,4.3557500000000005,-2.2564375
6.982125,8.194875,3.35675,-1.7085625
9.167875,3.823375,9.080749999999998,-1.5653124999999999
6.509625,8.754875000000002,10.59275,-2.3329375
4.042125,9.937875,5.10275,-1.0035625
3.9598750000000003,8.784625,9.48575,-2.2628125
5.295125,7.197375000000001,18.93575,-1.4198125
4.4708749999999995,7.431875000000001,16.258250000000004,-1.1336874999999997
5.083375,3.828625,3.39725,-1.2971875
9.131125,9.831125,13.06775,-1.8724375
9.012125000000001,3.315875,3.30725,-1.4003125
6.453625000000001,4.640625,17.761250000000004,-1.5551875
7.3968750000000005,3.349125,8.441749999999999,-2.4713125
3.203875,4.1103749999999994,15.29075,-2.0359375
6.801875000000001,8.018125000000001,12.65825,-1.4089375
6.462375,7.437125000000001,5.27375,-1.5825624999999999
3.349125,8.516875,17.37425,-1.3673125
4.682625,8.515125000000001,5.966749999999999,-1.1156875
8.215875,5.384375,5.60675,-1.7929375
8.523875,5.876125,6.434749999999999,-1.8615625
7.412625,6.416874999999999,7.793749999999999,-2.0809375
3.454125,3.063875,3.29375,-1.7408124999999999
5.932125,9.708625000000001,19.90325,-2.1855625
9.411125000000002,6.719625000000001,14.71925,-1.6069375
3.256375,5.382625,15.41225,-1.8304375
3.858375,7.297125,15.457250000000002,-1.6631875
5.615375,4.309875,15.862250000000001,-1.4273125
9.393625,7.626125000000001,7.38425,-1.4186874999999999
7.944625,7.886875000000001,15.74075,-2.4930625
7.661125000000001,3.000875,19.23725,-2.3576875
3.205625,9.503875,14.026250000000001,-1.6478125
7.015375000000001,3.746375,17.25725,-2.3666875
3.114625,9.773375000000001,2.20925,-1.2023125
3.009625,7.895625000000001,4.63025,-1.0988124999999997
5.281124999999999,3.4471249999999998,8.14025,-1.5131875
5.562875,4.150625,10.12925,-1.4475624999999999
9.745375,7.004875000000001,14.827250000000001,-2.0340625
5.3248750000000005,8.499375,19.966250000000002,-1.5476874999999999
9.608875000000001,5.947875,16.019750000000002,-2.2358125
5.340624999999999,6.964625000000001,15.151250000000001,-1.6474374999999999
5.267125,8.884375,9.67925,-1.1280625
8.777625,3.387625,14.24675,-1.0804375
9.309625,5.851625,14.65175,-1.8173124999999999
9.915125,3.429625,8.815249999999999,-2.3186875000000002
4.586375,4.266125,4.274749999999999,-1.7295625000000001
5.566375,6.794875000000001,15.772250000000001,-2.4349375
8.536125000000002,9.292125,8.63975,-1.1546874999999999
9.661375,3.783125,6.61025,-2.1461875
6.623375,6.784375000000001,4.25225,-2.2519375
9.019125,6.019625,2.25875,-2.2500625
7.0748750000000005,8.940375,18.562250000000002,-2.2474375
7.619125,7.2253750000000005,12.83375,-1.2409374999999998
6.782625,9.925625,19.115750000000002,-1.0001875
6.898125,3.966875,18.24725,-1.9110624999999999
4.574125,3.721875,14.79575,-1.5878125
4.994125,8.077625000000001,9.098749999999999,-1.8664375
7.330375000000001,7.773125,17.69375,-1.1093125
7.508875000000001,7.0836250000000005,8.311250000000001,-1.2878124999999998
3.879375,6.553375000000001,6.31325,-1.8300625
6.9978750000000005,6.112375,5.27825,-1.7404375
3.361375,3.212625,18.88625,-1.8979375
4.873375,7.500125000000001,6.15125,-1.6009375
5.296875,4.274875,12.086750000000002,-2.1439375
4.341375,3.034125,7.70375,-1.2814375
6.905125,5.109624999999999,7.1907499999999995,-2.1173125
5.006375,8.662125,3.7887500000000003,-1.4655624999999999
4.584625,6.233124999999999,4.2837499999999995,-1.8071875
7.022375,6.563875,10.48475,-1.1014374999999998
4.712375,8.063625000000002,9.98075,-1.5848125
9.580875,5.979374999999999,6.05225,-1.3170625
9.848625000000002,9.775125,6.35375,-1.9065625
3.639625,3.877625,2.8032500000000002,-1.8566875
9.286875,5.008125,3.0147500000000003,-1.9718125
6.086125,7.5298750000000005,9.337250000000001,-1.1250624999999999
5.2478750000000005,3.244125,2.8122499999999997,-2.1825625
8.782875,3.8758749999999997,17.747750000000003,-1.5731875
4.530374999999999,8.551875,4.97225,-1.0568125
9.222125,5.340624999999999,5.215249999999999,-1.6256875
9.358625,5.884875,13.027250000000002,-1.9583125
6.226125,5.414125,17.68475,-1.9380625
7.048625,3.042875,10.268749999999999,-1.6508124999999998
5.111375,3.174125,3.23525,-1.6939374999999999
8.751375,5.552375,9.97625,-1.4471875
8.277125000000002,4.061375,19.87625,-1.1918125
7.836125,3.296625,11.326250000000002,-1.6114374999999999
5.022125,6.737125000000001,15.061250000000001,-2.4409375
6.516625,3.268625,15.952250000000001,-2.0213125
7.846625,5.678375,16.204250000000002,-2.1799375
4.236375,5.918125,3.63575,-1.2904375
7.746875000000001,6.423875,3.0012499999999998,-1.9669375
7.552625,7.524625,7.59125,-2.1739375
9.370875000000002,8.023375000000001,14.881250000000001,-1.5521874999999998
3.112875,3.604625,8.44625,-1.9871875
4.141875,3.765625,3.3027499999999996,-2.1315625000000002
5.092125,7.0276250000000005,11.07875,-1.6553125
8.828375000000001,9.593125,6.87575,-2.2931875
8.214125,4.626625,3.65825,-1.6448124999999998
4.428875,4.754375,11.447750000000001,-1.6654375
4.264374999999999,5.072875,6.4392499999999995,-1.9823125
8.284125,5.456125,5.97575,-2.4368125
7.678625,9.251875,4.45925,-1.0579375
7.4826250000000005,3.172375,8.45525,-1.1606874999999999
3.504875,4.833125,17.57675,-1.7449375
4.616125,7.468625,18.62525,-2.4878125
7.899125,6.460625,5.66075,-1.6946875
7.395125,3.175875,5.89025,-1.6088125
3.3893750000000002,5.193625,2.52425,-1.2266875
8.681375,7.7013750000000005,9.67475,-2.2991875
5.702875000000001,7.3968750000000005,4.031750000000001,-2.2841875
3.088375,6.863125,19.30025,-1.4824374999999999
3.588875,6.768625,5.58875,-2.1026875
8.434625,5.720375,10.59725,-2.3595625
5.711625,8.053125000000001,16.16375,-2.0216875
7.346125000000001,4.665125,12.56825,-2.4600625
7.755625,6.850875,18.87725,-2.0224375
7.776625,6.215624999999999,2.95175,-1.3628125
3.277375,6.2208749999999995,18.17525,-1.0800625
6.955875000000001,7.774875000000001,18.15275,-2.2005625
3.564375,6.500875000000001,10.214749999999999,-2.0434375
9.234375,9.008625,13.72475,-1.7846875
8.616625,7.720625,3.28025,-1.8953125
8.709375000000001,5.062374999999999,19.63325,-1.6028125
7.9026250000000005,6.506125000000001,12.41975,-1.2236875
6.707375,3.662375,9.82775,-1.2746875
4.507625,5.394875,18.368750000000002,-1.5173124999999998
6.170125,4.091125,12.055250000000001,-2.0756875
5.401875,8.632375,2.16875,-1.8660625
3.338625,3.9616249999999997,16.15925,-1.0691875
8.002375,8.128375,7.937749999999999,-1.8338125
7.265625,4.7368749999999995,10.25975,-1.8319375
8.898375000000001,7.888625,17.66675,-2.2286875
4.250375,3.650125,13.64825,-1.0661874999999998
7.759125,8.025125,9.908750000000001,-1.3185625
6.311875000000001,3.581875,6.53825,-2.2823125
4.301125,5.149875,19.52525,-1.3969375
9.162625,9.421625,6.60125,-2.0411875
9.360375000000001,7.689125000000001,4.05425,-2.2688125
9.314875,4.568875,15.056750000000001,-1.7794375
3.3421250000000002,6.836875000000001,7.19975,-1.6440625
3.125125,8.488875,13.21625,-1.6140625
6.936625,5.317875,10.73675,-1.2083125
6.3451249999999995,9.223875,15.27275,-2.4461875
8.877375,7.589375,3.98675,-1.1018124999999999
6.285625,4.873375,13.90925,-1.9099375
8.749625000000002,5.391375,16.622750000000003,-1.3504375
8.859874999999999,6.296125,3.87425,-1.6249375
8.226375,5.853375,2.59625,-1.5004374999999999
5.216374999999999,6.299625,19.682750000000002,-1.3729375
5.778124999999999,5.872624999999999,14.25125,-1.3095625
6.660125000000001,9.552875,14.791250000000002,-2.2928125
5.307375,8.737375,4.6572499999999994,-1.9534375
3.436625,8.485375000000001,9.85925,-2.2470625
4.922375000000001,9.521374999999999,4.1217500000000005,-1.0943124999999998
8.082875000000001,4.357125,17.945750000000004,-1.0039375
3.499625,7.228875,3.92375,-1.7940625
7.713625,3.408625,11.93375,-1.0508125
4.750875,5.716875,5.156750000000001,-1.0429374999999999
4.026375,4.728125,14.845250000000002,-1.8124375000000001
3.235375,6.562125,4.28825,-1.4370625
4.742125,8.816125,2.19125,-1.3875624999999998
8.674375000000001,9.271125000000001,8.92775,-1.2495625
5.030875,4.385125,13.000250000000001,-1.1584375
8.886125,6.576125000000001,3.37925,-2.0996875
8.266625000000001,4.500624999999999,8.42375,-1.4528124999999998
8.289375,4.155875,6.5562499999999995,-2.2703125
7.174625000000001,6.4658750000000005,5.264749999999999,-1.3530624999999998
3.165375,8.387375,10.80875,-2.1521875
4.710625,8.604375000000001,15.731750000000002,-2.3378125
7.400375,9.565125,2.49725,-1.3733125
8.662125,4.078875,7.1187499999999995,-1.1404375
5.328374999999999,3.448875,7.28525,-2.2995625
8.522125,8.177375000000001,2.83475,-2.3618125
3.597625,8.919375,11.80775,-1.0043125
6.556875,8.544875000000001,18.75575,-2.4473125
7.363625,7.053875,9.643249999999998,-1.9898125
9.169625,4.313375,13.45475,-2.3719375
9.505625,7.650625000000001,15.01625,-1.5975625
6.047625,8.686625,8.12675,-1.0129374999999998
9.491625,9.537125,13.427750000000001,-2.2253125000000002
6.5043750000000005,8.354125,8.01875,-1.5469374999999999
7.328625,3.7883750000000003,14.92625,-1.0211875
4.640625,4.050875,17.62625,-1.5716875
8.336625,6.229625,9.841249999999999,-1.4359374999999999
7.398625,3.861875,3.85625,-1.4831875
9.482875,4.245125,18.359750000000002,-2.3895625
6.2173750000000005,6.100125,9.40475,-2.0291875
6.759875000000001,8.532625,17.41925,-1.7351874999999999
8.236875000000001,3.324625,16.52375,-1.5180625
5.893625,9.633375000000001,13.86875,-1.3155625
6.367875,8.672625,14.318750000000001,-1.2184374999999998
9.603625000000001,3.287875,18.49925,-1.6001874999999999
5.506875,3.595875,8.98175,-1.5334375
3.046375,4.351875,8.536249999999999,-1.7670625
6.983875000000001,4.959125,7.39775,-2.1345625
3.746375,6.761625,15.32225,-2.2759375
7.484375,8.282375000000002,13.499750000000002,-1.2469374999999998
9.729625,9.159125,16.69475,-2.1308125
5.571625,7.923625,10.16075,-1.6245625
4.824375,8.637625,10.39475,-2.3190625
7.057375,5.8568750000000005,13.95875,-1.3826874999999998
7.3793750000000005,8.866875,16.12325,-1.8904375
5.898875,8.051375,16.226750000000003,-1.9466875
7.501875,6.546375000000001,9.35525,-2.4968125
8.961375,3.692125,10.26425,-1.7951875
6.061625,4.652875,12.83825,-2.2418125
3.5223750000000003,3.126875,7.29425,-1.4550625
4.782375,4.348375,19.89425,-1.8401874999999999
4.068375,4.521625,15.826250000000002,-1.5979374999999998
9.792625000000001,3.594125,4.66175,-2.1083125000000003
5.188375,4.171625,18.91775,-1.1231874999999998
5.069375,5.305625,15.205250000000001,-1.4130624999999999
5.179625,8.511625,4.51325,-1.1175625
6.868375,9.376125000000002,9.41375,-1.8278125
3.903875,9.783875,7.85225,-2.3055625
8.364625,8.201875000000001,11.596250000000001,-2.1120625
9.799625,9.104875,7.48775,-1.8161875
9.292125,5.715125,19.63775,-1.6898125
3.567875,4.644125,10.39025,-1.3035625
3.305375,4.974875,16.19075,-1.5945624999999999
3.5696250000000003,4.143625,15.821750000000002,-1.1678125
8.695375,9.797875000000001,7.4472499999999995,-1.8413125
4.220625,6.152625,13.720250000000002,-1.9598125
7.963875,5.641625,15.065750000000001,-2.1191875
6.355625,8.431125000000002,18.22475,-1.4535624999999999
6.695125000000001,9.524875000000002,14.52575,-1.5885624999999999
3.8268750000000002,4.493625,14.399750000000001,-1.3268125
3.993125,6.287375,12.752750000000002,-1.6590624999999999
6.033625000000001,9.824125,7.01075,-2.2028125
9.320125,3.289625,18.72425,-1.7749375
6.310124999999999,6.619875,13.53125,-2.3445625
4.995875,3.867125,4.1892499999999995,-1.0564375
3.947625,6.843875000000001,18.085250000000002,-2.4900625
9.435625,9.236125000000001,15.13775,-2.1761875
9.645625,3.060375,9.49025,-1.6538125
4.619625,7.941125,8.40125,-1.7974375
9.664875,8.721625,14.516750000000002,-1.3151875
4.651125,4.785875,10.47575,-1.6436875
6.866625000000001,4.687875,9.188749999999999,-1.7865625
4.708875,9.167875,17.450750000000003,-1.0650624999999998
6.763375,9.909875,18.88175,-1.2720624999999999
3.086625,7.764375,7.150250000000001,-1.4659375
8.912375,9.425125000000001,10.06175,-1.5983125
8.081125,7.4353750000000005,19.502750000000002,-2.4859375
6.934875000000001,5.788625,12.770750000000001,-2.3794375
9.510875,6.989125,5.46725,-1.8671875
8.884375,9.066375,7.7757499999999995,-1.9620625
3.541625,3.917875,6.96575,-1.7554375
8.688375,6.451874999999999,5.309749999999999,-1.1010624999999998
9.519625000000001,3.504875,4.702249999999999,-1.4858124999999998
5.797375000000001,6.766875000000001,16.604750000000003,-2.3944375
7.403875,7.939375,16.28075,-1.7651875000000001
5.522625,9.124125,13.71125,-1.0219375
8.807375,5.260125,7.14575,-2.3063125
3.095375,4.210125,11.42075,-2.4240625
9.972875,6.373125,11.56925,-1.3223124999999998
6.843875000000001,8.709375000000001,17.07275,-1.3950624999999999
3.391125,9.290375000000001,5.99375,-1.0736875
5.620625,9.603625000000001,6.24575,-1.8960625
7.0451250000000005,8.887875000000001,6.42125,-1.8810625
4.532125,3.217875,6.73625,-1.9961875
7.622625,8.690125,9.31475,-1.7055625
5.118375,3.412125,7.55525,-2.3689375
4.120875,5.510375,2.68175,-1.2465625
6.924375,6.605875,3.61775,-1.8244375000000002
8.221125,7.368875,6.63725,-1.2116875
4.855875,5.965375,6.58325,-1.2364374999999999
4.339625,8.014625,5.32775,-2.0171875
9.146875000000001,5.452624999999999,12.064250000000001,-1.0275625
7.179875,7.008375,7.50575,-1.1861875
3.079625,3.452375,6.340249999999999,-1.1663124999999999
9.535375,8.490625000000001,11.920250000000001,-1.9789375
4.749124999999999,8.021625,6.623749999999999,-2.0655625
7.603375,7.6068750000000005,18.922250000000002,-1.9549375
5.282875,5.401875,7.865749999999999,-1.3684375
6.549875,8.112625000000001,7.76225,-1.4921874999999998
8.187875,8.268375,11.884250000000002,-1.4171874999999998
7.004875000000001,6.509625,13.07225,-2.1371875
5.330125,4.199625,2.02025,-2.1450625
6.579625,5.995125,11.470250000000002,-1.7880625
9.110125,5.078125,18.665750000000003,-2.3640625
7.722375,6.0283750000000005,18.841250000000002,-1.7273125
8.032125,8.583375,2.48825,-2.1296875
3.469875,8.254375,14.368250000000002,-1.5330625
4.523375,5.4193750000000005,19.62425,-2.4994375
7.914875,9.514375000000001,17.792749999999998,-1.2788125
6.968125000000001,3.506625,11.519750000000002,-1.7441874999999998
7.447625,4.0806249999999995,19.24175,-1.2349374999999998
3.917875,7.9113750000000005,17.594749999999998,-1.6733124999999998
8.928125000000001,8.814375,16.793750000000003,-1.3523125
9.498625,7.3583750000000006,14.29175,-2.1776875
8.100375,3.485625,19.588250000000002,-2.3700625
5.289875,8.212375000000002,18.31925,-2.4761875
5.858625,5.464874999999999,19.31825,-1.0924375
4.976625,6.4098749999999995,5.78675,-1.7145625
7.431875000000001,6.857875000000001,14.876750000000001,-1.7618125
5.547124999999999,4.703625,15.77675,-1.7216874999999998
7.839625000000001,9.460125000000001,11.681750000000001,-1.7524375
3.261625,7.125625,7.27175,-1.6230624999999999
4.733375,8.359375,3.8112500000000002,-2.0299375
6.679375,6.254125,4.33775,-1.8360625000000002
7.445875,4.8611249999999995,14.70575,-1.1130624999999998
9.262375,8.999875,4.21175,-1.7138125
3.713125,4.362375,4.1442499999999995,-2.4188125
7.095875,5.090375,11.236250000000002,-1.2754374999999998
3.440125,5.410625,12.815750000000001,-1.5863125
4.472625,4.364125,14.449250000000001,-1.3534375
5.692375,5.151625,4.40975,-1.0286875
3.249375,3.9703749999999998,14.10725,-2.3231875
6.919125,5.503375,3.6312499999999996,-1.2176874999999998
8.732125,8.394375,18.41825,-1.0778124999999998
9.363875,9.258875,7.1232500000000005,-2.1289375
9.342875,5.905875,17.41025,-1.7820624999999999
3.406875,3.907375,5.68325,-1.0898124999999999
9.722625,8.452125,5.5752500000000005,-2.2234375
8.497625,9.428625,13.40975,-1.9384375
5.359875000000001,6.800125000000001,15.664250000000001,-2.1623125
9.400625000000002,8.236875000000001,11.67275,-1.1981875
3.9056249999999997,5.639875,14.786750000000001,-1.7599375
3.7428749999999997,4.1541250000000005,18.48125,-1.5484375
5.086875,8.242125000000001,4.40525,-1.7423125
3.3141249999999998,6.017875,5.03525,-1.7655625000000001
6.371375,8.534375,11.26325,-1.8889375
8.581625,8.627125,4.24775,-1.8128125
7.195625000000001,9.661375,19.28225,-2.1844375
4.892625,9.377875,12.073250000000002,-2.0021875
5.008125,3.629125,4.86875,-1.5795624999999998
9.160875,5.387875,11.033750000000001,-2.3460625
5.407125,6.996125,10.62875,-2.0051875
6.922625,6.030125,10.27325,-1.1625625
5.977625,8.350625,14.588750000000001,-1.7201874999999998
3.7901249999999997,5.645125,18.06725,-1.4033125
4.001875,5.270625,11.67725,-2.4030625
3.359625,9.304375,18.41375,-2.1278125
9.964125,3.070875,2.41625,-1.5713125
5.177875,5.328374999999999,11.083250000000001,-1.0654374999999998
8.436375,9.489875000000001,10.83575,-2.2215625
4.960875,4.796374999999999,9.40025,-1.7704374999999999
6.135125,6.6846250000000005,16.87925,-1.7629375
8.282375000000002,7.241125,10.34525,-1.2244374999999998
6.196375,5.533125,14.85425,-2.0183125
9.778625000000002,6.297875,8.26175,-2.4499375
7.2463750000000005,8.044375,11.43875,-2.0929375
3.732375,9.696375,9.805250000000001,-1.7535625000000001
8.942125,7.925375000000001,10.91225,-1.1794375
3.487375,3.531125,13.733750000000002,-1.4520624999999998
9.449625000000001,4.582875,14.120750000000001,-1.5169375
8.004125,4.409625,2.99225,-1.3433125
9.600125,8.966625,8.20325,-2.1896875
7.0923750000000005,8.383875,9.50825,-2.4071875
3.580125,7.976125000000001,18.58475,-1.2026875
6.6548750000000005,7.738125,19.43975,-1.2855625
7.585875000000001,3.352625,5.93975,-2.3903125
8.753125,6.570875000000001,2.12375,-1.3279375
4.890875,3.179375,9.86375,-2.0408125
7.570125000000001,4.022875,4.648249999999999,-2.3449375
8.772375,8.495875000000002,8.29775,-1.3493125
4.980125,5.613625,3.3657500000000002,-1.9901875
9.883625,7.818625000000001,11.456750000000001,-2.4248125
7.724125,4.381625,19.219250000000002,-1.8818125
5.674875,3.168875,5.687749999999999,-1.0613124999999999
9.565125,5.039625,10.18775,-1.3643125
8.117875,4.519875,2.55125,-1.0159374999999997
7.370625,3.5713749999999997,18.742250000000002,-1.9459374999999999
4.575875,4.8313749999999995,16.27625,-1.3331874999999997
9.698125000000001,3.377125,3.54575,-1.8525625
5.286375,9.818875,16.766750000000002,-1.0695625
4.967875,4.444625,6.13775,-2.3670625
6.726625,3.825125,19.304750000000002,-1.7899375
8.303375,9.860875,14.152250000000002,-1.8214375
8.035625,8.684875000000002,12.22175,-2.3775625
7.360125,3.396375,6.16475,-1.1415625
5.060625,4.115625,16.55075,-1.2405624999999998
7.094125,3.601125,12.019250000000001,-2.3730625
5.961875,9.087375000000002,9.64775,-1.8574375
8.156375,9.636875,6.73175,-2.0276875
9.607125,8.214125,9.34175,-2.2913125
3.5328749999999998,3.944125,9.93575,-1.7490625
4.883875,7.836125,17.729750000000003,-1.2825625
6.962875,7.064375,13.954250000000002,-2.1945625
9.582625,9.656125,6.016249999999999,-1.5626875
7.517625000000001,6.243625,8.78825,-2.3453125
7.697875000000001,7.517625000000001,18.76475,-2.3981875
7.871125,3.083125,8.93675,-1.8199375
3.627375,7.456375,7.55975,-1.6403124999999998
7.757375000000001,3.357875,12.356750000000002,-2.1023125
3.930125,9.332374999999999,5.804749999999999,-1.4509374999999998
4.953875,9.395375000000001,13.92275,-1.9654375
6.961125,9.570375,2.72225,-1.3448125
3.2283749999999998,8.061875,6.56525,-2.0554375
8.109125,5.723875,19.37225,-1.9425625
6.791375,9.286875,15.677750000000001,-1.9313125
8.667375,5.769375,3.53675,-2.2298125
4.474375,5.1061250000000005,7.276249999999999,-2.1143125
9.859125,6.899875000000001,16.57325,-2.0535625
8.294625,4.029875,16.64975,-2.3374375
8.485375000000001,4.141875,19.47575,-1.8968125
5.790375,5.883125,16.784750000000003,-1.1925624999999997
8.392625,7.078375,15.45275,-1.4216875
9.596625,7.237625,5.05325,-1.0616875
6.024875,8.004125,7.87025,-1.9523125000000001
3.3036250000000003,9.734874999999999,5.872249999999999,-1.0106875
3.7883750000000003,4.332625,13.792250000000001,-1.2938124999999998
3.459375,4.631875,14.602250000000002,-1.5904374999999997
9.575625,6.241875,11.57825,-1.7119375
6.077375,3.928375,9.96725,-1.8469375000000001
5.2986249999999995,5.025625,18.79625,-2.0936875
9.202875,4.817375,11.717750000000002,-1.1633125
7.017125,4.962625,15.668750000000001,-1.7235624999999999
8.520375000000001,4.220625,2.96075,-1.1580624999999998
6.152625,6.528875,4.31975,-1.5458124999999998
7.354875,3.520625,9.616249999999999,-1.4978124999999998
7.227125,3.704375,11.974250000000001,-2.0790625
8.228125,6.777375,19.93475,-1.9414375
4.973125,3.137375,2.74475,-1.4303124999999999
7.031125,7.286625,12.487250000000001,-2.2380625
5.212875,3.762125,12.68975,-1.0781874999999999
7.7783750000000005,9.237875,18.670250000000003,-1.7486875
8.019874999999999,7.309375000000001,9.52625,-2.0745625
5.349375,3.713125,8.92325,-1.4344374999999998
4.840125,9.127625,7.51475,-2.2729375
8.980625,4.705375,13.32875,-1.8139375
8.621875000000001,9.234375,10.19225,-2.4705625
4.666875,8.768875000000001,6.40775,-1.6376875
3.867125,4.414875,4.03625,-1.3946874999999999
7.3408750000000005,3.438375,4.468249999999999,-2.3861875
8.380375,4.990625,15.929750000000002,-2.4698125
8.737375,7.020625000000001,16.240250000000003,-1.3770624999999999
6.301375,7.015375000000001,11.85725,-1.0459375
7.981375000000001,5.065875,18.00875,-1.6601875
8.872125,7.269125000000001,4.8462499999999995,-1.8206875
8.417125,4.019375,8.05025,-2.4251875
7.790625,8.973625000000002,8.48675,-1.9556875
8.312125000000002,8.679625000000001,13.562750000000001,-1.2311874999999999
4.054375,9.787375,2.23625,-1.9601875
7.5596250000000005,5.655625000000001,10.43975,-1.4625625
9.708625000000001,6.623375,4.22075,-1.3613125
8.726875,4.630125,13.73825,-1.9826875
3.324625,3.056875,12.739250000000002,-2.3096875
6.037125,4.770125,11.22725,-2.1593125
7.979625,3.926625,6.8892500000000005,-2.0014375
9.484625000000001,3.471625,13.045250000000001,-2.2395625
4.875125,9.181875000000002,3.98225,-2.0258125
3.268625,8.856375,17.40125,-2.1349375
7.561375,8.406625,9.90425,-1.2810625
9.496875000000001,5.195375,18.42725,-2.4506875
4.556625,4.929375,14.98025,-1.6729375
3.104125,5.839375,19.35875,-1.1603124999999999
7.510625,7.342625,16.438250000000004,-1.7111874999999999
4.285375,3.606375,8.67575,-2.4941875
7.260375000000001,6.980375,7.74875,-2.0614375000000003
7.951625000000001,3.942375,6.01175,-1.2866875
5.559374999999999,3.849625,15.430250000000001,-2.2136875
5.834125,6.117625,4.78325,-2.0108125
3.931875,9.031375,3.69875,-1.1183124999999998
5.246124999999999,5.797375000000001,10.21925,-2.2058125
3.4838750000000003,7.283125,16.33475,-1.4741875
5.618875,7.627875,19.25525,-1.9043125
9.075125,3.018375,14.093750000000002,-1.5364375
5.991625,7.661125000000001,15.691250000000002,-1.9125625
7.141375,4.560125,2.45675,-1.0376874999999999
3.490875,4.211875,3.71675,-1.6106875
5.020375,9.432125000000001,3.5862499999999997,-2.2710625
7.5211250000000005,7.242875,5.47175,-2.0310625
6.952375,7.587625,3.7752499999999998,-2.1821875
9.750625,4.477875,19.92575,-1.5555624999999997
5.209375,8.546625,18.103250000000003,-1.1494375
4.059625,4.525125,4.73375,-1.1670625
7.192125000000001,6.003875,6.6507499999999995,-1.2885624999999998
3.221375,4.507625,17.549750000000003,-2.1874375
5.104374999999999,4.4026250000000005,19.97075,-2.2714375
9.005125,4.287125,16.55975,-2.1116875
4.766625,9.911625,5.63825,-1.6463124999999998
9.307875,5.996874999999999,10.96625,-2.0520625
3.536375,4.092874999999999,3.74825,-2.1255625
3.968625,3.573125,6.80825,-2.4611875
4.806875,7.127375000000001,13.77875,-1.1498125
4.679125,4.778875,8.968250000000001,-1.1854375
3.168875,3.384125,7.31675,-2.1551875000000003
3.935375,3.832125,9.73775,-2.3899375
5.897125,3.648375,15.434750000000001,-1.7959375
7.164125,7.557875,6.5112499999999995,-1.0571875
5.723875,9.372625,14.917250000000001,-1.7059374999999999
5.163875,6.056375,8.10425,-1.8825625
5.814875000000001,6.626875,19.75475,-2.2283125
9.948375,6.308375,10.65125,-1.8424375
4.673875,3.963375,3.39275,-2.4724375
9.089125,8.898375000000001,2.86625,-1.9643125000000001
4.512875,8.907125,12.302750000000001,-2.2661875
3.254625,6.572625,12.901250000000001,-2.0243125
6.329375000000001,7.398625,11.465750000000002,-1.6121874999999999
6.0021249999999995,8.203624999999999,4.94975,-2.1004375
5.720375,4.749124999999999,4.45475,-2.2845625
7.627875,4.024625,18.97175,-2.4319375
9.692875,8.702375,4.328749999999999,-1.7160625
9.174875,7.307625,15.479750000000001,-1.5143125
4.7631250000000005,7.347875,3.41525,-1.2664374999999999
7.003125,9.745375,9.32825,-1.9751875
3.837375,5.914625,2.19575,-1.7123125
5.275875,9.407625,3.17225,-1.9553125
5.337125,5.1533750000000005,8.054749999999999,-1.8716875
3.142625,5.7536249999999995,4.11725,-1.2413125
5.2216249999999995,4.577624999999999,19.90775,-1.5128125
6.184125,9.729625,11.888750000000002,-1.2581875
3.329875,5.368625,5.45825,-1.8638125
9.367375,6.604125000000001,8.79275,-1.3076875
6.611125,5.214625,4.73825,-1.2705625
5.261875,8.175625,10.00325,-2.4915625
5.436875000000001,7.741625000000001,6.55175,-1.6185625
8.802125,8.378625,18.094250000000002,-1.9485625
8.074125,5.891875000000001,18.21575,-1.9515625
3.643125,6.913875000000001,18.40025,-2.1746875
3.996625,5.835875,5.06675,-2.0906875
8.438125,6.259375,12.059750000000001,-1.3759375
6.210375,3.160125,15.93875,-2.2609375
3.648375,6.429125,6.22325,-2.1938125
6.786125,5.6853750000000005,11.726750000000001,-1.2278125
5.769375,4.273125,12.49175,-2.2875625
6.558625,8.079375,5.60225,-1.0980625
6.940125,9.062875,7.35725,-1.2626875
9.811875,9.551124999999999,5.14325,-2.4334375
6.250624999999999,6.593625,10.84925,-2.4754375
6.138624999999999,8.009375,19.69625,-2.4769375
4.437625,5.653874999999999,19.35425,-2.2144375
6.670625,9.621125,13.463750000000001,-1.4288125
4.752625,6.072125,16.411250000000003,-1.6163125
3.765625,7.365375,15.64625,-2.0910625
6.213875,5.652125,3.43325,-2.1135625
8.501125000000002,5.799125,19.403750000000002,-1.4081875
4.929375,3.035875,8.594750000000001,-2.1206875
8.123125,7.2936250000000005,19.489250000000002,-1.7243125
6.978625000000001,5.666125,6.82625,-1.5199375
4.5653749999999995,5.519125,9.47675,-1.9744375
7.008375,3.088375,6.76325,-1.9796875
3.3508750000000003,7.832625,16.86575,-1.6091875
5.7361249999999995,9.388375,8.64875,-2.0663125
8.361125000000001,6.219125,9.18425,-1.8371875
4.761375,5.7361249999999995,11.573750000000002,-1.4201875
9.677125,8.441625,16.90625,-2.4488125
6.3416250000000005,8.770625,8.95925,-1.8293125
7.718875000000001,9.985125,14.16575,-1.7344374999999999
9.274625,4.558375,12.46025,-2.2744375
9.881875,7.808125,15.295250000000001,-1.1599374999999998
6.989125,3.100625,11.074250000000001,-2.3554375
9.176625000000001,7.706625000000001,10.88975,-1.8015625
5.415875,7.944625,16.26725,-1.1044375
3.396375,8.453875,15.092750000000002,-1.1948124999999998
8.245625,9.946625000000001,12.11375,-1.1940624999999998
9.379625,7.585875000000001,2.56475,-1.8503125
3.452375,7.010125,17.46875,-1.3834374999999999
5.3161249999999995,3.181125,10.89875,-1.9211875
9.796125,5.760624999999999,16.56875,-1.2401875
9.857375000000001,3.660625,3.28925,-1.4419374999999999
5.678375,9.859125,13.49075,-1.2214375
3.370125,4.488375,13.391750000000002,-1.8041875
9.041875000000001,4.248625,4.30625,-1.2368125
4.078875,4.889125,7.510249999999999,-2.3171875
5.597875,9.162625,12.316250000000002,-1.4468124999999998
5.303875,3.368375,19.484750000000002,-2.2804375
3.602875,6.681125000000001,6.94325,-1.3380625
7.699625,8.306875000000002,12.527750000000001,-2.0303125
3.8741250000000003,7.687375,7.9647499999999996,-1.3620625
5.970625,5.585625,10.313749999999999,-2.4180625
8.903625000000002,3.615125,17.608249999999998,-1.2570625
7.085375000000001,3.888125,3.97325,-1.5244375
6.604125000000001,9.211625,17.95025,-2.4315625
6.163125,9.488125,16.11875,-2.2789375
9.050625,6.775625,6.95225,-2.4476875
6.107125,4.241625,13.495250000000002,-1.2780624999999999
7.486125,8.723375,10.979750000000001,-1.2353125
4.945125,6.539375000000001,2.53775,-2.0591875
6.087875,9.523125,13.414250000000001,-2.3438125
3.240625,5.457875,15.33575,-2.2965625
8.308625,3.786625,15.997250000000001,-2.2751875
4.504125,8.341875,15.96125,-1.2068124999999998
5.793875,5.601375,17.48675,-2.3468125
8.177375000000001,5.431625,19.10675,-1.9658125000000002
8.863375000000001,5.036125,5.34575,-1.9763125
5.013375,7.573625,5.56175,-1.8120625000000001
6.192875,7.508875000000001,4.72475,-2.3419375000000002
9.920375,3.398125,8.04125,-1.2919375
7.029375,6.611125,13.180250000000001,-2.2106875
9.981625000000001,6.203374999999999,17.31125,-1.4779375
5.018625,9.685875000000001,10.02575,-1.2356875
8.784625,3.947625,15.80375,-2.1161875
9.626375,4.325625,8.18075,-2.4934375
3.604625,8.639375000000001,8.162749999999999,-2.2103125
6.506125000000001,4.836625,5.90825,-1.5758125
7.3583750000000006,6.812375,19.232750000000003,-1.7779375
8.432875,8.714625000000002,10.223749999999999,-1.0920625
4.694875,6.114125,13.91825,-1.0343125
4.866375,5.636375,8.58125,-2.4604375
8.564125,6.0493749999999995,18.20225,-1.7614375
6.794875000000001,7.998875,2.44325,-2.4439375
4.2048749999999995,9.307875,11.38025,-1.0114375
8.812625,7.9971250000000005,16.406750000000002,-1.1036875
6.133375,8.002375,12.482750000000001,-1.9511875
3.9143749999999997,5.629375,4.234249999999999,-2.1431875
5.911125,3.559125,9.51725,-1.6665625
8.322625,6.322375,13.198250000000002,-1.7993125
8.431125000000002,4.917125,9.33275,-1.4906875
5.820125,4.031625,4.72025,-1.9238125
5.046625000000001,3.119875,6.20975,-1.4111875
8.644625000000001,3.546875,10.86725,-1.5518125
8.954375,4.677375,15.36275,-1.1205625
3.660625,6.4396249999999995,7.82975,-2.0441875
5.865625,7.192125000000001,12.343250000000001,-1.3403125
5.291625,5.617125,7.26725,-1.4996874999999998
7.185125,9.967625,13.049750000000001,-2.4938125
4.8611249999999995,8.007625,16.49675,-2.1139375
9.836375,4.637125,7.78025,-1.5416874999999999
7.333875,5.587375,8.00075,-1.5203125
4.656375,4.693125,7.6812499999999995,-1.5296874999999999
4.071875,9.076875000000001,5.75075,-1.2514374999999998
6.261125,6.3626249999999995,5.4087499999999995,-2.4480625
6.4658750000000005,6.721375,13.976750000000001,-1.6039374999999998
9.297374999999999,8.389125,4.603249999999999,-1.1201875
6.985625000000001,3.5328749999999998,7.05575,-2.1926875
5.772875,8.443375,13.513250000000003,-1.0294374999999998
9.880125,9.642125,16.61375,-1.3635624999999998
6.600625,8.630625,10.14275,-2.1836875
8.205375,7.991875,6.74975,-2.4863125
7.158875,8.914125,17.923250000000003,-1.5375625
9.458375,5.092125,9.22025,-1.3740625
3.730625,8.579875000000001,12.50975,-1.2120624999999998
8.473125,6.387125,12.46925,-2.4143125
9.239625,9.752375,17.22575,-2.4649375
8.509875000000001,3.636125,3.2757500000000004,-2.2275625
8.103875,7.522875000000001,7.10975,-1.6965625
8.168625,7.155375,12.541250000000002,-1.5671875
7.783625000000001,3.856625,13.85525,-1.2454375
6.927875,9.838125000000002,13.486250000000002,-2.1364375
5.176125,3.039375,7.84775,-1.4149374999999997
3.224875,9.041875000000001,19.790750000000003,-1.6361875
4.5478749999999994,9.404125,12.55925,-1.4531874999999999
9.775125,9.481125,2.94725,-2.0288125
9.552875,4.960875,7.712750000000001,-1.9429375
9.230875000000001,6.7021250000000006,7.58225,-1.0928125
5.9811250000000005,8.273625,2.58725,-1.6920625
8.793375000000001,9.563375,6.6732499999999995,-1.7460624999999999
4.218875,3.002625,4.58975,-1.4888124999999999
8.945625,7.736375000000001,4.48625,-2.4398125
3.1233750000000002,9.978125,18.377750000000002,-1.6635624999999998
5.8568750000000005,7.349625,15.86675,-1.9481875
8.809125,8.924625,15.533750000000001,-1.4134375
9.153875,5.027374999999999,15.785750000000002,-2.4664375
6.478125,3.840875,6.5607500000000005,-2.2819375
8.991125,9.188875,9.44975,-2.0228125
5.449125,3.7901249999999997,15.119750000000002,-2.1326875
8.005875,8.145875,18.33275,-1.9541875
3.363125,5.186625,14.260250000000001,-1.3320625
4.582875,5.671374999999999,6.56975,-1.3553125
3.219625,9.713875000000002,19.44875,-1.4678125
5.989875,4.682625,19.55675,-1.9883125
5.456125,7.655875000000001,9.247250000000001,-1.3114374999999998
8.560625,6.271625,4.49525,-2.3423125000000002
3.438375,3.343875,3.62675,-2.4450625
3.933625,3.931875,12.60425,-1.9324375
8.971875,4.2048749999999995,4.58525,-1.1629375
5.557625,4.442875,5.1072500000000005,-2.4578125
9.365625000000001,6.346875000000001,17.896250000000002,-1.6598125
5.226875,4.232875,19.07075,-2.0018124999999998
3.749875,3.679875,18.580250000000003,-1.7115624999999999
8.383875,4.498875,6.830749999999999,-1.7663125000000002
7.993625000000001,6.313625,12.32525,-1.2518124999999998
5.263624999999999,5.974125,17.44625,-1.6061874999999999
7.297125,8.537875,7.60475,-2.0186875
4.392125,9.582625,3.52325,-1.3556875
5.734375,4.885625,10.01225,-1.3785625
5.631125,6.481625,17.054750000000002,-2.3006875
6.208625,7.538625000000001,9.14825,-1.2840624999999999
6.269875,3.016625,8.02325,-2.1585625
8.683125,6.185875,13.742750000000001,-1.4423124999999999
7.592875,4.9083749999999995,16.298750000000002,-1.9808124999999999
8.268375,9.264125,3.72575,-1.8083125
3.825125,7.641875000000001,5.35025,-1.9451874999999998
3.760375,6.471125000000001,9.36425,-1.2634374999999998
5.662625,3.994875,17.13575,-1.5480625
4.885625,8.646374999999999,6.10175,-1.3508125
8.212375000000002,4.395625,10.33625,-2.4206875
9.953624999999999,8.313875,14.75525,-1.7284375
8.292875,7.619125,18.43175,-1.0815625
6.765125000000001,7.699625,8.37425,-1.5079375
7.0066250000000005,5.204125,9.46325,-2.1870625
9.353375,8.581625,8.46875,-2.3888125000000002
7.389875,6.502625,4.747249999999999,-2.1390625
6.576125000000001,3.933625,6.3942499999999995,-2.2406875
5.729125,4.360625,17.941250000000004,-1.1265625
9.454875000000001,4.567125,13.81925,-1.0590625
4.869875,9.019125,12.38825,-2.4308125
6.119375,9.645625,8.29325,-2.3325625
7.820375,4.5653749999999995,15.160250000000001,-1.1344375
9.913375,8.473125,13.337750000000002,-1.8068125
4.385125,8.905375,9.719750000000001,-2.3591875
5.900625,8.539625000000001,13.59875,-2.0378125000000002
9.738375000000001,6.847375,3.6717500000000003,-1.6819374999999999
9.636875,5.755375,12.03725,-1.7464374999999999
9.243125000000001,6.8176250000000005,14.242250000000002,-1.0470625
9.666625,6.187625,12.27125,-2.3929375
8.879125,8.133625,13.234250000000001,-1.3451874999999998
8.275375,3.634375,7.92425,-1.9545625
5.681875,7.781875,4.44125,-1.7104374999999998
6.205125,7.321625,12.73025,-1.2926875
3.823375,3.345625,15.04325,-1.0785624999999999
5.921625000000001,4.224125,2.69975,-1.0913125
3.357875,4.658125,3.26675,-1.8731875
7.906125,6.696875,12.176750000000002,-1.3286874999999998
3.090125,5.004625,17.06375,-2.0209375
7.123875,9.496875000000001,3.2532500000000004,-1.2656874999999999
3.380625,3.671125,14.323250000000002,-2.3565625
6.9418750000000005,3.265125,19.700750000000003,-1.9290625000000001
9.873125,7.1781250000000005,5.91275,-1.1535625
8.165125,9.243125000000001,13.89125,-1.8353125000000001
7.855375,9.321875,3.72125,-1.0388125
8.338375000000001,4.997625,4.0767500000000005,-2.4420625
8.242125000000001,5.615375,6.412249999999999,-1.2863124999999997
3.921375,6.9418750000000005,3.75275,-1.1366874999999999
4.889125,4.400875,3.6942500000000003,-2.0063125
9.201125000000001,6.756375,16.43375,-1.4584374999999998
8.781125,6.661875,13.747250000000001,-1.7719375
8.956125,7.071375000000001,14.539250000000001,-1.6650625
6.6076250000000005,7.339125,6.23675,-2.2935625
4.563625,6.7318750000000005,19.64675,-1.6961874999999997
6.8648750000000005,6.724875000000001,2.49275,-2.2373125
3.163625,9.916875000000001,19.34975,-1.7254375
9.066375,8.312125000000002,5.062250000000001,-2.2463125
3.963375,3.924875,13.558250000000001,-2.3318125
5.457875,4.696625,19.592750000000002,-1.4693124999999998
8.089875,8.826625,12.946250000000001,-2.1814375
6.444875,6.443125,17.85575,-2.4825625
3.287875,3.321125,11.09225,-1.7153125
6.401125,3.548625,14.003750000000002,-2.3816875
7.337375000000001,3.1233750000000002,6.515750000000001,-1.3568125
4.698375,5.499874999999999,4.4232499999999995,-2.2879375
8.119625000000001,3.282625,9.25175,-2.0348125
8.042625000000001,3.818125,12.685250000000002,-2.3115625
3.5241249999999997,9.841625,13.09475,-1.5349374999999998
3.951125,6.710875000000001,5.7822499999999994,-1.6583124999999999
8.830125,3.223125,16.30325,-2.2590625
6.458875,7.879875000000001,17.48225,-2.4131875
3.9528749999999997,5.295125,18.63875,-1.4318125
9.076875000000001,6.616375,5.50775,-2.4998125
6.229625,6.976875000000001,11.05625,-1.3125624999999999
8.411875,4.476125,16.84775,-1.4235624999999998
8.065375,7.666375,18.23825,-2.3625625
8.620125,4.334375,11.978750000000002,-1.9421875
8.770625,5.447375,13.207250000000002,-2.3010625
5.004625,9.853875,2.65925,-1.2998124999999998
4.757875,6.765125000000001,17.64875,-1.1389375
6.945375,8.635875,13.16675,-2.4214375
3.382375,8.567625,17.97725,-2.2785625
8.837125,4.068375,8.39225,-2.0085625
9.143375,9.799625,14.61575,-1.9958125
5.090375,9.761125,4.0497499999999995,-2.0318125
6.383625,9.475875,7.784749999999999,-2.4169375
6.689875000000001,9.780375,19.66025,-1.4025625
9.545875,9.272875,2.57375,-1.0361875
8.567625,5.130625,7.22675,-1.6320625
9.876625,6.747625,2.31725,-1.2638124999999998
9.017375000000001,7.7486250000000005,7.21775,-1.7835625
6.215624999999999,9.542375,14.872250000000001,-1.0290624999999998
3.063875,3.576625,15.767750000000001,-1.3766874999999998
6.1998750000000005,8.319125,10.78175,-2.4585625
6.544625,5.578625000000001,17.12675,-1.6395624999999998
8.511625,6.222625,10.412749999999999,-2.2673125
8.796875,9.657875,8.437249999999999,-1.1929375
7.167625000000001,7.137875,17.09975,-1.0226875
7.470375000000001,5.169125,4.07225,-1.2075624999999999
3.062125,9.386625,12.158750000000001,-1.6579374999999998
8.607875,9.295625000000001,7.52825,-1.2645624999999998
3.343875,9.246625,7.99625,-1.2724374999999999
6.045875,8.278875,11.753750000000002,-1.4516875
5.167375,4.876875,11.28125,-1.8675625
8.000625,6.381875,16.13675,-1.4021875
7.937625000000001,3.433125,19.120250000000002,-1.5540625
3.832125,8.005875,8.86025,-2.1236875
8.166875000000001,9.649125,8.80175,-1.7186875
8.007625,8.536125000000002,7.91525,-2.2129375
7.377625,5.128875,11.029250000000001,-2.1634375
7.780125,7.638375,6.04325,-1.5611875
6.068625,7.979625,14.512250000000002,-1.4704374999999998
3.006125,7.067875,3.87875,-1.9778125
7.081875,5.232125,12.154250000000001,-1.9774375
6.189375,5.795624999999999,17.162750000000003,-2.0775625
5.398375,6.6583749999999995,15.89375,-2.1199375
6.581375000000001,3.508375,4.2162500000000005,-1.8311875
8.768875000000001,4.112125,11.546750000000001,-2.4518125
3.116375,8.921125,11.27675,-2.3104375
7.909625,4.827875,7.321249999999999,-2.1259375
8.023375000000001,7.3023750000000005,2.14625,-1.4681875
3.945875,7.624375000000001,18.548750000000002,-1.9406875000000001
9.904625000000001,9.703375000000001,14.831750000000001,-1.1539375
6.227875,7.790625,12.37925,-1.9860625
9.827625000000001,7.403875,5.41325,-1.5739375
6.852625000000001,6.577875000000001,2.29025,-2.3333125
6.749375000000001,3.198625,19.38125,-1.8656875
3.378875,9.531875,3.45575,-2.4203125
9.188875,4.6213750000000005,9.14375,-1.5668125
7.111625000000001,9.120625,9.86825,-2.1304375
3.8356250000000003,6.103625,7.177250000000001,-1.9005625
5.354625,3.555625,17.21675,-2.0629375
4.374625,7.815125,15.88925,-2.1281875
9.614125000000001,6.698625,18.79175,-1.0148125
4.911875,5.242625,15.35825,-1.4310625
7.500125000000001,5.249625,6.48875,-1.4895625
8.558875,8.142375000000001,19.88075,-1.7261875
9.997375000000002,5.107875,7.7532499999999995,-2.0970625
3.721875,8.257875,13.153250000000002,-1.3200625
4.399125,3.011375,13.418750000000001,-1.0834374999999998
3.179375,4.225875,14.624750000000002,-1.3391875
9.418125,9.885375,8.243749999999999,-1.0721875
5.151625,4.178625,5.62025,-1.7565625
3.958125,9.423375,7.757750000000001,-2.0760625
6.481625,7.549125000000001,17.58125,-2.1533125
9.467125000000001,6.656625,9.68825,-2.2451875
5.765874999999999,5.618875,14.606750000000002,-1.7621875
9.395375000000001,4.448125,18.836750000000002,-1.3845625
9.096125,4.540875,7.811749999999999,-2.4233125
7.183375000000001,7.162375000000001,8.59925,-1.7198125
4.238125,5.111375,12.433250000000001,-1.9271875
8.030375,3.567875,7.41575,-1.0189374999999998
4.320375,5.158625000000001,3.64925,-1.8248125
7.708375,3.489125,13.702250000000001,-1.6084375
5.555875,7.704875,15.349250000000001,-1.5986875
9.748875,3.536375,2.76275,-1.8705625000000001
8.999875,3.760375,11.173250000000001,-2.1015625
5.527875,9.278125000000001,3.94175,-1.5964375
3.111125,3.252875,8.18975,-2.1758125
3.466375,7.960375000000001,17.900750000000002,-1.0560625
6.859625,3.259875,18.278750000000002,-1.6241875
6.289125,3.553875,18.575750000000003,-1.0234374999999998
6.535875000000001,9.125875,17.50475,-1.0170624999999998
6.052875,4.675625,6.902749999999999,-1.6721875
7.802875,7.493125000000001,14.19275,-1.2874374999999998
6.038875,5.785125,5.79575,-1.1715624999999998
3.671125,5.060625,15.48875,-1.2525624999999998
8.529125,9.411125000000002,9.12575,-1.2679375
7.3023750000000005,7.745125,13.283750000000001,-1.6020625
3.805875,7.129125,2.10125,-2.1878125
4.747375,9.999125,11.609750000000002,-1.4910625
8.957875000000001,6.773875,7.1682500000000005,-1.0583125
9.187125000000002,3.275625,11.66825,-1.2150625
7.584125,6.012625,6.00725,-1.7288124999999999
4.756125,5.184875,13.82825,-2.1503125
4.1576249999999995,7.8343750000000005,7.06925,-2.1188124999999998
6.4396249999999995,9.057625,19.80425,-1.5120624999999999
4.740375,4.484875,7.88825,-2.3779375
5.813124999999999,3.984375,18.60725,-1.1048125
9.845125,3.105875,8.684750000000001,-1.3830624999999999
5.249625,6.738875,8.52275,-1.8776875
4.789375,8.292875,5.354749999999999,-2.3340625
4.364125,6.140375000000001,7.492249999999999,-1.5195625
8.938625000000002,5.496375,12.14075,-1.2480624999999999
6.910375,6.448375,18.746750000000002,-1.3879375
5.184875,4.5181249999999995,15.758750000000001,-2.1608125
3.545125,8.074125,5.88125,-1.6639374999999998
7.703125000000001,3.690375,15.55625,-1.6883124999999999
5.9986250000000005,7.899125,15.85325,-2.2339375
3.188125,5.6888749999999995,8.91425,-1.4228125
3.072625,9.997375000000002,9.77825,-1.4108125
5.132375,8.634125000000001,12.761750000000001,-2.1518125
4.693125,6.535875000000001,15.79025,-2.0366875
3.938875,5.351125,15.299750000000001,-1.5338124999999998
5.629375,9.092625,5.48975,-1.6159374999999998
7.069625,6.355625,16.45175,-1.5285625
4.217125,9.022625000000001,11.81675,-1.0091875
6.287375,4.481375,12.649250000000002,-1.5634375
5.881375,3.214375,9.83675,-1.9616875
4.852375,5.205875,12.572750000000001,-1.8739375
6.005625,7.130875,19.99775,-2.1203125
3.692125,4.327375,15.12425,-2.4559375
3.070875,7.235875,4.10825,-1.1355625
8.152875,5.5646249999999995,11.663750000000002,-1.2139375
5.968875,4.101625,4.71125,-1.0399374999999997
7.059125,4.663375,14.584250000000003,-1.6076875
6.003875,7.442375000000001,2.64575,-2.3764375
7.1221250000000005,8.985875,7.465249999999999,-1.5536874999999999
5.5611250000000005,8.011125,10.79975,-2.0561875
6.812375,3.8741250000000003,17.61275,-1.7501875
6.427375,4.3938749999999995,7.72175,-1.0320624999999999
4.367625,3.805875,12.190250000000002,-2.4379375
7.010125,6.458875,9.87725,-1.8743125
5.895375,6.0021249999999995,4.09925,-1.0474374999999998
4.493625,4.145375,13.936250000000001,-1.2060624999999998
