CAPACITANCE,STORAGEK,VSTORAGE,PSICR
4.9373875,9.8477875,17.541875,-2.78625
0.8041375000000001,5.776412500000001,13.461625000000002,-1.07575
7.781162500000001,1.3214125,10.464375,-2.12225
8.7068125,2.6554375,13.195625000000001,-1.08225
8.5904875,8.724137500000001,19.679375,-1.3877499999999998
8.820662500000001,6.862937500000001,3.358375,-2.61275
4.4869375,9.899762500000001,3.994875,-1.73325
2.7173125,2.7272125,10.084375,-1.1802499999999998
5.605637500000001,4.4968375,8.949124999999999,-2.44025
1.4377375000000001,0.9551125,7.908874999999999,-2.2022500000000003
8.9345125,4.0166875,11.319375,-2.12675
8.1227125,7.001537500000001,12.145875000000002,-1.53775
4.1033124999999995,6.5659375,6.350875,-1.8872499999999999
3.5959375,4.3582374999999995,2.455875,-2.05825
5.415062500000001,7.689587500000001,3.524625,-2.03675
7.2812125000000005,2.9029375,9.329125,-1.28375
3.5142625,5.786312500000001,9.495375,-1.81825
8.080637500000002,0.6457375,3.9616249999999997,-1.63275
4.8804625,8.1994375,19.199625,-2.97075
2.5465375,6.283787500000001,2.280125,-1.46275
8.1499375,4.5562375,15.827125,-1.27775
0.5714875,2.4425875,4.170624999999999,-1.1452499999999999
4.058762499999999,0.7026625,6.217875,-1.73925
2.5069375,7.825712500000001,11.428625,-2.15375
6.2219125,1.3783375,1.624625,-2.53325
1.5763375,0.1408375,5.761875,-1.68725
2.3039875,4.5265375,12.041375,-1.78375
1.5268375,2.8187875000000004,14.839125000000003,-2.08925
6.343187500000001,3.9127375,14.805875000000002,-2.0307500000000003
4.4003125,7.8380875,14.601625,-2.94325
2.6356375,8.2761625,5.472125,-1.9622499999999998
8.654837500000001,2.9722375,6.474375,-1.76725
1.4525875000000001,0.6482125,10.412125,-1.03775
7.1871625,0.5962375000000001,19.798125000000002,-1.75575
9.988862500000002,9.038462500000001,5.695374999999999,-1.9802499999999998
6.3382375,1.6703875000000001,19.019125000000003,-1.1957499999999999
5.306162500000001,0.6135625,14.525625000000002,-2.49275
0.9377875000000001,4.9943124999999995,12.397625000000001,-2.03575
3.7394875,0.35863750000000005,10.830125,-1.7487499999999998
1.6555375,3.3880375000000003,3.671875,-1.16325
6.5312875,0.6556375,6.958875,-1.43525
1.7867125000000001,7.7267125000000005,12.677875000000002,-2.1862500000000002
1.5812875,0.5244625,18.064375000000002,-1.13675
0.9625375,0.3388375,9.400375,-2.0252499999999998
5.818487500000001,5.454662500000001,10.488125,-1.9257499999999999
8.479112500000001,5.6204875,16.240375,-1.91925
8.7711625,0.5343625000000001,19.095125000000003,-2.7127499999999998
5.687312500000001,8.2489375,8.507375,-1.9787499999999998
6.3481375,3.8310625000000003,6.607374999999999,-2.63725
4.3780375,2.7321625,6.669125,-2.25175
7.202012500000001,1.8263125000000002,2.322875,-1.55175
1.1506375000000002,1.5342624999999999,10.369375,-2.78275
3.5662375000000006,0.5690125,10.516625000000001,-2.76025
4.6304875,1.0046125000000001,19.603375,-1.6457499999999998
0.6160375,3.1553875000000002,3.8998749999999998,-1.1117499999999998
2.7692875000000003,7.0064875,9.224625,-2.53225
0.4873375,1.9253125,10.953625000000002,-2.67275
2.3782375,3.4301125,13.908125000000002,-2.81625
9.4517875,8.048462500000001,10.193625,-1.67325
3.6924625000000004,7.8677875,16.881625,-2.36775
2.7593875000000003,6.853037500000001,8.165375000000001,-1.90225
9.300812500000001,3.4573375000000004,5.301125,-1.16075
4.1181624999999995,0.40813750000000004,1.472625,-1.4617499999999999
1.5466374999999999,4.6601875,15.280875000000002,-1.8307499999999999
2.2470625,9.0211375,10.483375,-2.23125
7.362887500000001,7.343087500000001,6.127624999999999,-1.9562499999999998
5.197262500000001,6.4471375,13.936625,-1.35275
4.3508125,6.3605125000000005,18.026375,-2.63525
0.6655375,9.5433625,8.512125,-2.10225
7.4173375,6.3209125,9.462125,-2.71875
7.350512500000001,1.9079875,14.026875,-2.80125
1.4624875000000002,8.4840625,1.757625,-1.51125
4.1800375,0.4947625,4.037625,-1.6272499999999999
5.2789375000000005,3.1702375,2.793125,-2.05275
3.9449125,4.2419125,8.298375,-1.21525
6.1699375000000005,3.4746625,19.356375,-1.87425
7.8430375,1.8164125000000002,17.066875000000003,-2.54875
9.1696375,6.741662500000001,18.472875000000002,-1.05025
6.2318125,0.9724375,8.849375,-1.7382499999999999
7.2614125000000005,6.5708874999999995,19.185375,-2.75525
5.5808875,1.2793375000000002,18.168875,-1.5372499999999998
6.8084875,7.4371375,18.159375,-1.9782499999999998
5.2591375000000005,1.5738625,19.479875,-2.34775
2.8930375,4.4795125,18.178375000000003,-2.36125
1.8708624999999999,4.1379624999999995,9.618875,-1.3692499999999999
5.1329125,7.4816875000000005,4.203875,-2.66975
1.4402125000000001,3.6875125000000004,8.972874999999998,-1.18925
4.8928375,0.18786250000000002,19.285125,-2.16975
3.2816125,7.543562500000001,18.976375,-2.02325
7.1302375,1.1209375000000001,11.590125,-1.7747499999999998
1.9104625,9.028562500000001,6.944625,-1.77925
1.2422125000000002,1.1357875000000002,10.459625,-2.13775
8.7092875,6.224387500000001,16.330624999999998,-1.86025
5.5536625,5.8902625,1.201875,-1.59625
8.350412500000001,3.5662375000000006,10.255374999999999,-2.59625
6.553562500000001,7.313387500000001,6.578874999999999,-1.6822499999999998
0.26706250000000004,9.6893875,1.163875,-2.37575
9.4022875,4.3483374999999995,6.930375,-1.5707499999999999
4.9151125,7.9445125,13.171875,-1.4222499999999998
0.3883375,7.575737500000001,19.755375,-2.94025
4.0216375,6.0263875,12.050875000000001,-1.06625
4.283987499999999,1.8832375,14.269125,-1.82225
9.870062500000001,5.3432875,7.262875,-1.0227499999999998
7.615337500000001,0.7422625,6.460125,-2.39475
0.6110875,4.8235375,15.646625000000002,-1.94075
1.3981375,3.2420125000000004,7.372125,-2.28275
6.5164375,5.756612500000001,18.420625,-1.34625
2.1134125000000004,8.8949125,16.392375,-2.7407500000000002
7.600487500000001,9.4344625,19.228125000000002,-2.91425
5.8234375,8.5236625,8.892125,-2.78875
4.7641375,7.899962500000001,2.3276250000000003,-1.0447499999999998
9.3874375,1.6085125,14.463875000000002,-1.2832499999999998
8.184587500000001,4.4745625,16.582375000000003,-2.34175
3.2321125000000004,3.2246875,1.691125,-1.0692499999999998
3.9251125,9.068162500000001,10.716125,-1.1297499999999998
6.5857375000000005,0.2596375,13.737125,-1.96475
8.2118125,2.0515375,11.908375000000001,-1.0787499999999999
0.40813750000000004,7.0559875000000005,2.389375,-2.14875
1.1481625000000002,2.9920375,1.610375,-1.7037499999999999
5.2442874999999995,2.2124125,19.427625,-2.64175
6.8579875,8.8627375,13.580375000000002,-2.39675
8.4568375,7.5683125,10.967875,-2.90275
8.9048125,6.672362500000001,18.890875,-2.5997500000000002
8.3776375,5.7021625,2.7123749999999998,-2.23325
9.1052875,7.585637500000001,10.545125,-1.6597499999999998
7.7143375,0.46506250000000005,1.420375,-1.0182499999999999
8.100437500000002,0.2126125,18.363625000000003,-2.57875
8.575637500000001,8.0732125,15.732125,-1.23975
2.1356875000000004,6.674837500000001,15.285625000000001,-1.87625
5.8209625,8.8231375,19.275625,-1.61675
7.3381375,8.088062500000001,8.588125,-2.79825
2.4277375,6.9396625,17.480125,-2.39625
7.830662500000001,4.7245375,1.2493750000000001,-2.76125
3.0192625,2.4797124999999998,16.012375000000002,-1.07025
9.0310375,4.4597125,17.632125000000002,-1.0917499999999998
9.6547375,8.263787500000001,9.267375,-2.67925
2.9623375,9.1943875,14.136125000000002,-1.74775
1.1828125,2.1431125,3.999625,-2.01875
2.5292125,6.692162500000001,11.604375000000001,-1.04025
3.3410124999999997,8.5731625,7.2296249999999995,-2.5452500000000002
8.9171875,6.563462500000001,4.769125,-1.1337499999999998
4.1280624999999995,1.9277875,8.792375,-1.6412499999999999
9.568112500000002,0.5318875000000001,7.348375,-2.51675
1.5491125,4.1627125,2.199375,-1.6497499999999998
9.330512500000001,9.8923375,1.040375,-1.00575
1.9079875,7.1698375,2.413125,-1.9302499999999998
6.3679375,4.0562875,9.552375,-1.4437499999999999
0.6284125,3.1677625000000003,9.438375,-2.28975
1.1679625,3.4350625,5.700125,-2.69775
8.810762500000001,3.5687125,5.153874999999999,-1.5592499999999998
5.2739875,1.8040375000000002,17.014625000000002,-1.1877499999999999
8.5607875,4.293887499999999,2.151875,-1.2952499999999998
1.6233625,4.0661875,11.390625,-1.6337499999999998
3.8929375,7.395062500000001,12.787125,-2.63375
4.7121625,7.484162500000001,18.634375000000002,-2.4202500000000002
3.6553375,5.528912500000001,4.412875,-2.10825
3.1454875,6.5486125,16.629875,-1.3367499999999999
2.7544375000000003,6.2169625,12.801375,-1.2587499999999998
1.4550625000000001,3.0563875,1.073625,-1.9907499999999998
1.0194625000000002,2.3534875,7.676125,-2.48225
7.0658875000000005,8.704337500000001,17.798375,-1.17875
9.048362500000001,6.234287500000001,11.010625000000001,-2.11275
6.7193875,2.9425375000000003,9.880125,-2.54675
6.662462500000001,9.1597375,2.831125,-1.91875
9.5705875,1.7025625,11.495125000000002,-1.89875
6.5956375000000005,0.1061875,18.344625,-1.8352499999999998
8.028662500000001,3.8879875000000004,5.766625,-1.37625
2.8410625,3.3608124999999998,7.044375,-2.76225
8.5805875,4.7195875,8.412375,-2.30925
3.5909874999999998,3.2494375,8.208125,-2.83825
8.9122375,1.1729125,1.900125,-1.2057499999999999
8.6894875,4.7319625,14.962625000000001,-2.91675
1.4352625,7.850462500000001,12.293125000000002,-1.1937499999999999
8.1870625,4.6032625,12.350125000000002,-2.07025
6.434762500000001,5.405162500000001,9.671125,-2.74025
1.2743875000000002,1.9302625,19.128375000000002,-1.88225
6.1922125,5.764037500000001,8.284125,-1.96325
6.6599875,9.7784875,2.7646249999999997,-2.63425
7.8628375,7.991537500000001,14.421125000000002,-2.78925
9.035987500000001,4.1280624999999995,2.7028749999999997,-1.44725
1.7149375,0.9650125,6.2463750000000005,-2.2887500000000003
5.0141124999999995,2.4401125,4.954375000000001,-2.71325
2.9771875,5.6947375000000005,6.270124999999999,-1.4357499999999999
8.370212500000001,1.4550625000000001,4.569625,-2.23375
5.226962500000001,0.8511624999999999,12.435625000000002,-2.66275
2.6579124999999997,2.3609125,12.559125,-2.91775
8.998862500000001,2.6430624999999996,12.986625000000002,-1.7507499999999998
5.444762500000001,5.0487625,10.402625,-2.74575
3.7073125000000005,1.5837625,5.852125,-2.24375
1.3758625,3.0390625,14.164625000000001,-1.7767499999999998
0.5789125,6.103112500000001,17.641625,-1.7702499999999999
3.9473875,3.6182125000000003,14.881875,-1.8617499999999998
3.2890375,7.234187500000001,18.781625000000002,-1.2162499999999998
8.2885375,5.217062500000001,16.905375,-1.4242499999999998
7.516337500000001,6.2615125,4.712125,-2.33325
9.820562500000001,3.4449625,11.001125,-1.2792499999999998
1.6332625,0.2546875,9.884875000000001,-2.41825
9.496337500000001,3.3236875,8.626125,-1.0652499999999998
5.546237500000001,7.9073875000000005,2.669625,-2.54025
7.5014875000000005,9.4245625,1.881125,-1.23175
6.954512500000001,9.4022875,6.279624999999999,-2.36475
7.6722625,5.4125875,4.303625,-1.39475
9.389912500000001,0.7793875,15.190625,-2.24925
5.8754125,2.9301625000000002,14.259625,-2.84375
5.3012125,6.924812500000001,13.262125000000001,-2.24575
3.4523875000000004,7.3579375,3.0448749999999998,-1.73725
0.2596375,1.5713875,13.328625000000002,-2.51925
2.2421125,1.1159875000000001,13.523375000000001,-1.6292499999999999
9.907187500000001,6.093212500000001,17.370875,-2.70375
7.231712500000001,0.2621125,9.808875,-1.44275
8.1994375,0.35368750000000004,14.544625,-1.9437499999999999
4.7072125,1.6580125000000001,4.294125,-1.43725
9.4468375,3.9845125,15.945875000000001,-1.8152499999999998
5.625437500000001,3.7295875,4.0661249999999995,-1.80975
7.343087500000001,8.7761125,11.813375000000002,-1.26375
4.4324875,9.035987500000001,16.216625,-2.31425
3.3162625,1.3981375,17.233125,-2.23575
1.3016125,7.464362500000001,2.1186249999999998,-1.63075
5.0190624999999995,9.459212500000001,15.019625000000001,-2.73525
1.1085625000000001,2.8262125,14.634875000000001,-2.18525
9.0607375,8.3182375,8.702124999999999,-1.3497499999999998
4.0513375,5.556137500000001,16.083625,-2.65675
9.7537375,6.964412500000001,10.663875000000003,-2.22775
9.1622125,1.9426375,15.228625000000001,-2.30525
5.368037500000001,0.7199875,9.656875,-2.78675
1.3808125,1.9203625,17.608375000000002,-2.48375
9.1523125,1.3634875,11.300375,-1.3817499999999998
7.6029625,1.1852875,8.649875,-1.3112499999999998
0.5318875000000001,0.7076125,17.166625,-1.9342499999999998
2.8460125,7.112912500000001,7.723625,-2.74975
9.251312500000001,6.5213875,15.152625,-1.26775
0.47001250000000006,2.6455375,11.989125000000001,-2.61725
0.30418750000000006,3.3410124999999997,1.9096250000000001,-1.3852499999999999
8.8528375,2.2594375,15.736875,-2.41175
0.8016625000000001,4.5834624999999996,9.770875,-1.1817499999999999
3.6330625000000003,9.1646875,4.265625,-1.83775
8.4741625,0.7100875,19.403875000000003,-2.27375
9.6002875,6.3085375,13.233625000000002,-1.64675
4.8779875,1.4897125000000002,17.085875,-1.5262499999999999
1.9649125,4.7715625,13.024625000000002,-2.74275
1.5293124999999999,7.756412500000001,2.8596250000000003,-2.32225
8.2192375,9.7339375,3.386875,-2.97775
8.6672125,6.0758875,5.557625,-1.7542499999999999
2.3312125,3.0687625,16.568125000000002,-2.52275
3.9622375,5.726912500000001,1.9808750000000002,-1.42725
5.3210125,6.402587500000001,2.5936250000000003,-1.6662499999999998
8.840462500000001,4.3780375,14.620625,-2.84825
3.3187375,2.0317375,12.977125000000001,-2.07575
1.4971375000000002,0.4254625000000001,9.956125,-1.9522499999999998
4.4102125,8.449412500000001,10.312375,-2.29325
7.385162500000001,8.362787500000001,12.744375000000002,-1.6152499999999999
7.635137500000001,2.5242625,8.317375,-1.5247499999999998
0.9155125000000001,2.7544375000000003,8.854125,-1.20925
1.0293625,9.0607375,12.112625000000001,-2.92625
7.6920625000000005,3.2618125000000004,16.306875,-2.05375
5.736812500000001,5.3927875,16.948125,-1.3572499999999998
8.174687500000001,7.536137500000001,17.551375,-1.45475
5.2987375000000005,4.8804625,9.110625,-1.97975
5.0735125,8.3306125,13.585125000000001,-2.92575
3.0341125,0.6531625,4.194375,-1.5227499999999998
8.790962500000001,6.6476125,13.314375000000002,-2.86425
3.1058875,1.8461124999999998,5.776125,-2.80725
3.9424375,6.0857875,5.462625,-1.14875
8.0756875,9.3131875,3.149375,-2.87025
6.2021125,6.0214375,9.124875,-1.0312499999999998
7.375262500000001,6.432287500000001,14.829625,-1.5607499999999999
7.746512500000001,4.8532375,15.931625000000002,-2.17875
0.11608750000000001,3.2717125,11.827625000000001,-2.23425
0.40318750000000003,4.4027875,12.202875,-2.85675
5.1304375,5.4224875,19.503625,-2.38325
8.538512500000001,5.877887500000001,2.622125,-2.92475
3.7939375,8.0162875,12.777625,-1.90625
3.9176875,7.0287625,10.654375000000002,-1.4417499999999999
2.3064625,5.5412875,1.795625,-2.12825
2.6009875,2.3485375,13.518625000000002,-1.25175
1.6357375,6.8703625,16.031375,-2.6077500000000002
7.033712500000001,6.1625125,15.494625000000001,-2.62125
7.060937500000001,7.3381375,6.8496250000000005,-1.22175
9.761162500000001,4.7690875,4.655125,-2.96875
6.593162500000001,1.3263625,1.021375,-1.89675
8.8280875,6.6575125,2.066375,-1.4677499999999999
8.8181875,4.6205875,9.466875,-1.1782499999999998
9.8774875,9.6423625,8.825624999999999,-1.14275
1.7124625,5.147762500000001,7.476624999999999,-2.45325
6.5288125,4.2914125,6.735625,-2.81825
1.8411625000000003,2.8361125,7.243875,-2.23675
0.40566250000000004,8.4271375,8.611875000000001,-2.01375
1.9822375,3.8929375,1.9856250000000002,-2.23225
5.8457125,0.36358750000000006,17.361375,-2.00325
5.1007375,8.8825375,16.074125000000002,-1.08025
8.4815875,5.9471875,4.878375,-2.90225
0.42051250000000007,1.2743875000000002,6.170375,-2.11425
4.5983125,5.1601375,17.366125000000004,-2.98875
2.9450125000000003,6.033812500000001,5.0493749999999995,-2.05475
1.0937125,2.5886125000000004,11.062875,-2.03475
4.3260625,6.7688875,17.741375,-2.43125
8.0459875,7.840562500000001,9.257875,-1.2907499999999998
5.754137500000001,4.1330124999999995,7.828125,-2.27725
1.7223625,3.9003625000000004,13.618375000000002,-2.13125
2.6529624999999997,7.2193375,8.545375,-2.89075
4.5834624999999996,3.3806125,16.468375,-1.2327499999999998
9.909662500000001,0.9204625000000001,13.950875,-1.28825
6.1600375000000005,6.2268625,19.935875000000003,-1.86075
1.3263625,6.4595125,3.467625,-2.20075
3.6974125000000004,5.434862500000001,6.825875,-2.34275
8.360312500000001,0.46753750000000005,12.625625000000001,-1.9277499999999999
6.4892125,4.9027375,9.751875,-2.37025
1.1852875,4.9670875,11.338375000000001,-1.7807499999999998
5.9026375,4.0389625,3.192125,-1.57375
5.578412500000001,2.5143625,18.776875,-2.78025
4.3483374999999995,0.2497375,10.074875,-2.65475
5.2616125,7.4668375000000005,13.010375000000002,-2.25225
2.0267875,2.1332125000000004,4.142125,-2.81725
7.5386125,3.6404875,3.8191249999999997,-2.16475
5.726912500000001,5.088362500000001,4.868875,-2.77475
7.8752125,1.3362625000000001,2.422625,-1.88475
1.5664375,4.4374375,17.693875000000002,-1.82025
6.9668875,2.7346375000000003,17.209375,-2.48875
6.073412500000001,1.8436374999999998,18.078625000000002,-1.37075
2.6826624999999997,8.588012500000001,6.688125,-1.1137499999999998
0.4427875,2.0045125,5.486375,-2.87175
4.9274875,7.781162500000001,19.152125,-1.55975
5.786312500000001,9.8180875,6.160875,-2.22925
2.2025125,7.8653125,11.195875000000001,-1.9117499999999998
4.8185875,7.5831625,2.099625,-1.60275
7.6079125,9.929462500000001,3.4391249999999998,-1.8312499999999998
3.8657125000000003,7.6128625,8.925374999999999,-2.50425
4.3656625,8.5459375,19.270875,-2.79775
9.2983375,1.5268375,1.695875,-2.62025
9.5012875,9.6052375,9.818375,-1.2137499999999999
7.625237500000001,4.9126375,3.068625,-1.5527499999999999
2.5836625000000004,9.9517375,11.134125000000001,-1.7992499999999998
3.6503875,9.969062500000001,9.324375,-1.37675
6.5411875,2.9697625000000003,14.967375,-1.11675
3.2345875,2.4500125,3.344125,-1.49975
9.3527875,6.0065875,6.597874999999999,-1.17475
7.194587500000001,9.7265125,14.216875000000002,-1.60675
8.090537500000002,4.7839375,17.670125,-1.59475
3.9399625,7.0683625,19.071375000000003,-2.37125
5.8927375,8.2984375,9.010874999999999,-2.5612500000000002
0.6036625,6.1922125,18.221125,-2.97975
9.7166125,9.320612500000001,14.378375,-1.10875
9.578012500000002,3.1900375,14.938875000000001,-2.0797499999999998
4.8829375,9.1894375,11.618625,-2.69175
4.9076875,1.2867625000000003,8.440875,-1.01975
6.0857875,9.3428875,8.602375,-2.52225
9.469112500000001,8.7587875,14.402125000000002,-1.2422499999999999
5.9150125000000005,6.8579875,5.861625,-1.67675
3.9003625000000004,0.7818625,3.035375,-1.32225
8.625137500000001,3.6429625000000003,13.110125,-1.8087499999999999
6.5659375,0.40318750000000003,9.728125,-2.26325
1.3783375,3.5117875000000005,7.381625,-2.83275
6.655037500000001,0.7546375000000001,12.601875000000001,-2.75425
2.3980375,6.872837500000001,12.920125,-2.99375
5.0537125,3.8978875,15.399625000000002,-1.00325
6.4273375,3.9102625,7.918374999999999,-1.8712499999999999
6.7466125,3.6726625000000004,16.112125,-2.15525
9.1646875,7.083212500000001,15.323625000000002,-1.60075
0.5219875,2.0787625,15.385375000000002,-2.41775
7.5485125,0.3734875,15.632375000000001,-2.62625
4.1701375,3.7469125,10.573625000000002,-1.7442499999999999
0.8462125,7.7069125000000005,5.814125000000001,-2.96225
9.8156125,1.4996125000000002,16.610875,-2.98625
2.4896125,5.3234875,2.755125,-1.1717499999999998
5.9397625000000005,9.9319375,10.160375,-2.90375
0.3932875,2.7494875000000003,17.736625,-2.54925
3.2271625000000004,6.3506125,5.210875,-2.76475
4.5958375,2.2322125,13.385625000000001,-2.83625
8.4048625,3.3063625,3.515125,-1.5532499999999998
1.4154625,5.318537500000001,16.596625,-2.79475
5.3507125,4.8656125,14.497125000000002,-1.72175
9.9047125,4.0958875,5.928125,-1.47125
1.9723375,8.694437500000001,19.308875,-1.40925
0.3140875,1.0070875000000001,5.605124999999999,-2.26925
3.0959875,5.0240124999999995,1.895375,-2.61075
6.684737500000001,8.664737500000001,13.822625,-2.11475
7.580687500000001,3.2048875,5.424625,-1.2142499999999998
7.4000125,6.4991125,11.176875,-2.81075
1.4451625000000001,2.7618625,4.997125,-1.64625
1.3486375,9.281012500000001,18.928875,-1.03375
6.694637500000001,4.4498125,3.610125,-2.04175
6.1550875000000005,7.1574625,10.687625,-2.98075
6.642662500000001,5.736812500000001,16.929125000000003,-1.3387499999999999
0.36606249999999996,2.2619125,2.3846249999999998,-1.0957499999999998
5.1947874999999994,5.8011625,1.087875,-2.05025
3.4276375000000003,2.5292125,19.807625,-2.31225
8.0237125,8.419712500000001,3.690875,-1.2467499999999998
9.241412500000001,5.3705125,16.069375,-2.2182500000000003
3.2642875,7.2911125000000006,11.751625,-2.87325
4.5686124999999995,8.647412500000002,10.383625,-2.04575
5.2393375,1.7149375,7.9563749999999995,-1.4142499999999998
0.2274625,9.5631625,11.371625,-1.0807499999999999
3.7320625000000005,0.3437875,6.0326249999999995,-1.05225
6.4595125,9.6794875,12.188625,-1.48325
0.9254125000000001,0.29923750000000005,9.419375,-1.1532499999999999
9.8255125,5.4398125,4.992374999999999,-2.0147500000000003
8.6498875,3.0242125,1.805125,-2.87075
2.8757125,0.5888125000000001,6.051625,-2.77325
7.7390875,8.0039125,2.2563750000000002,-1.8597499999999998
9.840362500000001,7.4222875,15.176375,-1.67875
9.0409375,1.6184125,19.004875000000002,-1.65425
5.969462500000001,5.5635625,8.573875000000001,-2.16775
2.7445375000000003,4.6948375,8.554875,-1.84825
5.417537500000001,9.6225625,14.687125000000002,-2.40975
5.8902625,7.4915875000000005,14.392625,-2.26625
4.4696125,8.6424625,7.091875,-1.84225
4.5389124999999995,5.345762500000001,10.882375000000001,-2.67525
1.7050375,2.3708125,6.241625,-2.08275
2.5811875,4.4671375,9.381375,-2.53175
6.3085375,5.625437500000001,16.957625,-1.1257499999999998
9.399812500000001,4.8779875,2.679125,-2.30625
4.4126875,8.6820625,6.9826250000000005,-1.19275
8.459312500000001,5.9645125000000005,1.429875,-2.68175
7.7687875,8.7167125,9.134375,-2.95475
6.249137500000001,7.9049125,14.900875000000001,-2.2047499999999998
4.1354875,5.3012125,4.821375,-2.58925
5.6204875,2.2668625000000002,2.698125,-2.52975
5.4942625,2.8682875,9.509625,-1.3347499999999999
9.2958625,3.3583375,4.327375,-1.29175
8.3009125,9.496337500000001,13.333375000000002,-1.5767499999999999
6.1105375,5.5734625,17.323375000000002,-2.82625
8.899862500000001,6.2763625,9.832625,-2.02675
0.5343625000000001,7.7217625000000005,17.057375,-1.25125
2.1455875,1.2446875000000002,12.445125000000003,-2.84225
7.0361875000000005,8.293487500000001,2.736125,-1.0122499999999999
6.8357125000000005,2.8534375000000005,3.4818749999999996,-1.1842499999999998
3.9127375,7.0262875000000005,8.222375,-2.62675
2.7222625,9.565637500000001,7.177375,-2.46575
3.6479125000000003,3.7097875,9.894375,-2.42975
9.548312500000002,0.5145625,8.564375,-2.05125
6.612962500000001,8.2563625,6.061125,-2.1477500000000003
1.8609624999999999,8.9419375,8.711625,-2.22075
8.7266125,9.996287500000001,1.078375,-1.2367499999999998
7.2267625,6.0164875,15.846125,-1.76375
6.2689375,6.2887375,11.072375000000001,-2.82675
7.546037500000001,4.6923625,6.4411249999999995,-1.4297499999999999
9.4641625,7.7638375,8.350624999999999,-1.92325
5.187362500000001,2.0366874999999998,9.167625000000001,-1.1552499999999999
7.6277125,5.615537500000001,12.934375000000001,-1.4497499999999999
5.286362500000001,5.828387500000001,2.911875,-2.54425
2.0713375,8.041037500000002,10.036875,-1.2002499999999998
8.5236625,1.3016125,13.395125,-1.5347499999999998
6.5065375,2.5787125000000004,15.033875000000002,-2.74125
2.4846624999999998,5.4794125000000005,2.403625,-1.4707499999999998
2.4747625,9.2191375,15.660875,-1.2387499999999998
1.7817625000000001,0.30913750000000007,14.335625,-1.8032499999999998
9.5532625,3.4919875000000005,8.127375,-2.83075
2.5217875,5.618012500000001,19.921625000000002,-2.81025
3.6281125000000003,2.9202625,14.055375000000002,-1.85875
5.9249125000000005,3.4994125,8.516874999999999,-2.46525
0.29428750000000004,7.372787500000001,12.331125000000002,-2.64425
4.0711375,4.3953625,6.4316249999999995,-1.9682499999999998
4.2023125,9.4369375,5.353375,-2.0452500000000002
6.783737500000001,3.4796125,10.283875,-1.79025
3.2123125000000003,6.3778375,18.211625,-1.41925
3.7196875,9.508712500000001,16.150125000000003,-1.4657499999999999
6.6476125,5.155187500000001,7.975375,-2.74475
2.8955125,6.7812624999999995,11.499875000000001,-2.2327500000000002
0.5912875000000001,4.9992624999999995,2.489125,-1.89825
4.6131625,2.1208375000000004,5.481625,-1.9462499999999998
7.991537500000001,2.9499625000000003,14.872375,-1.06225
6.7094875,8.7488875,5.5813749999999995,-2.71975
8.2712125,8.8850125,13.005625000000002,-2.38725
8.909762500000001,0.6036625,17.679625,-1.1497499999999998
2.4574375,6.4001125000000005,17.594125000000002,-1.71925
1.8089875000000002,8.068262500000001,1.235125,-1.81975
8.8751125,7.355462500000001,4.897375,-1.3617499999999998
1.8560124999999998,7.9370875000000005,18.966875,-2.42475
9.4072375,7.093112500000001,12.240875,-2.01325
4.0067875,5.8432375,2.527125,-2.4522500000000003
3.6429625000000003,1.0590625,15.922125000000001,-1.0167499999999998
1.5144625000000003,4.0414375,13.661125,-1.1132499999999999
8.303387500000001,7.4297125,10.364625,-1.34825
8.342987500000001,5.6402875,16.739125,-2.76775
1.8683874999999999,8.4642625,3.002125,-1.0752499999999998
4.2122125,5.1502375,1.325375,-1.77575
4.1379624999999995,3.6380125000000003,15.166875000000001,-2.68775
9.780962500000001,4.3186374999999995,4.374874999999999,-2.96775
4.9868875,8.998862500000001,17.931375000000003,-1.93125
1.2397375000000002,5.788787500000001,16.444625000000002,-1.6777499999999999
7.820762500000001,9.2537875,12.473625,-2.81925
8.323187500000001,1.9005625,4.360625,-2.14675
9.1127125,5.0933125,19.190125000000002,-2.16025
4.229537499999999,5.8407625,12.734875000000002,-1.91475
9.565637500000001,1.5293124999999999,12.654125,-2.15125
5.6922625,5.2838875,12.117375000000001,-2.75175
9.216662500000002,9.078062500000001,6.569374999999999,-2.14725
1.6481125,2.0218375,12.103125000000002,-1.90075
7.2465625000000005,0.35616250000000005,17.337625000000003,-2.03125
0.22993750000000002,9.3230875,6.3793750000000005,-2.79425
0.8561124999999999,8.4246625,10.469125,-2.04025
3.7493875,6.3357625,15.594375000000001,-2.83725
4.3409125,1.1258875000000002,18.154625000000003,-2.72225
0.4898125,0.4502125,18.506125,-2.79225
7.174787500000001,6.504062500000001,2.816875,-2.64725
9.1424125,4.1008375,16.601375000000004,-2.89475
0.6234625,9.8279875,9.846875,-2.21675
5.165087500000001,3.4598125,3.9521249999999997,-1.5042499999999999
9.7339375,9.986387500000001,7.652375,-1.1032499999999998
8.9939125,7.0163875,2.0616250000000003,-2.52425
8.5508875,9.1127125,3.234875,-1.36825
6.088262500000001,6.7911624999999995,1.847875,-1.2362499999999998
6.724337500000001,3.7246375,17.841125,-1.4057499999999998
3.0365875,8.2266625,2.6506250000000002,-2.2432499999999997
3.9869875,5.184887499999999,16.121625,-2.19025
6.3852625000000005,5.2987375000000005,14.539875000000002,-1.41475
6.1006375,4.7814625,3.7953749999999995,-1.75125
5.867987500000001,8.654837500000001,8.683125,-1.0832499999999998
1.0590625,6.905012500000001,14.292875,-1.4102499999999998
3.7716625,3.7394875,15.551625000000001,-1.6477499999999998
2.4079375,0.6110875,8.203375,-1.1157499999999998
8.154887500000001,0.30418750000000006,12.616125,-2.58525
1.7471125,5.657612500000001,8.659375,-2.95525
9.2735875,4.1132124999999995,19.902625,-2.95975
6.773837500000001,3.3558624999999997,2.588875,-2.75125
5.6452375,0.8709625,3.4343749999999997,-1.3857499999999998
3.6355375,2.5440625,14.159875000000001,-1.9377499999999999
0.6630625,1.3090375,2.826375,-2.68725
7.234187500000001,3.5612875000000006,11.485625,-2.24625
6.702062500000001,2.2297375,8.982375,-1.6562499999999998
1.4501125000000001,4.6552375,6.987375,-2.03225
3.5117875000000005,6.9891625,3.8571249999999995,-2.98275
5.115587500000001,8.350412500000001,3.681375,-2.13675
4.9324375,0.34873750000000003,3.8903749999999997,-1.94525
1.1531125000000002,9.575537500000001,3.320375,-2.60375
0.1556875,4.9868875,3.8001249999999995,-1.1462499999999998
6.7713624999999995,2.4079375,7.448124999999999,-1.31625
3.6627625000000004,2.6950375,7.258125,-2.02225
9.486437500000001,2.2891375000000003,15.133625000000002,-1.1482499999999998
7.796012500000001,5.558612500000001,13.551875,-1.1472499999999999
2.0069875,5.424962500000001,17.755625000000002,-1.4302499999999998
3.7370125,6.612962500000001,10.521375,-2.61175
7.595537500000001,8.2712125,2.574625,-1.66475
9.261212500000001,5.3903125,12.730125000000001,-1.65225
7.305962500000001,6.895112500000001,15.917375000000002,-1.05575
1.9203625,3.7667125,7.647625,-2.32025
4.9101625,3.0217375,1.933375,-2.72775
1.0961875,6.382787500000001,7.875625,-1.17075
9.8453125,5.0908375,17.660625000000003,-1.29425
0.2843875,0.1977625,19.014375,-2.7102500000000003
9.6027625,5.0735125,1.121125,-1.46525
7.786112500000001,4.5983125,8.635625,-1.8372499999999998
4.4572375,9.236462500000002,15.371125000000001,-2.35425
4.6948375,1.9698625,11.119875,-2.91975
1.7743375000000001,5.6452375,7.0253749999999995,-2.12775
7.8776875,9.3849625,17.171375,-1.71525
7.093112500000001,7.2267625,5.130125,-1.49575
4.5141625,3.3212125,14.188375000000002,-1.83625
7.8182875,3.5192125,8.953875,-1.6177499999999998
9.897287500000001,1.5565375,17.475375,-1.93725
6.855512500000001,9.7760125,9.234125,-2.42575
4.3557625,2.8039375000000004,15.907875,-2.27575
6.372887500000001,9.9146125,1.615125,-1.12825
8.6919625,8.402387500000001,4.1278749999999995,-1.79775
9.7438375,5.937287500000001,15.689375000000002,-1.45675
9.3824875,0.29676250000000004,1.396625,-2.81225
1.3585375,9.1622125,19.498875,-1.5547499999999999
6.5560375,5.575937500000001,14.772625000000001,-2.49375
2.5143625,0.9823375,17.708125,-2.44125
1.7990875000000002,3.4053625,2.408375,-2.06875
0.4304125000000001,5.1329125,4.503125,-1.3127499999999999
3.0143125,0.6383125,10.948875000000001,-1.42075
8.5558375,1.4451625000000001,11.409625,-1.7952499999999998
1.5986125,5.2492375000000004,14.406875000000001,-1.31375
9.4270375,1.9797625,11.965375,-2.49775
5.4398125,8.489012500000001,15.076625000000002,-2.92525
3.5315875000000005,9.617612500000002,13.532875,-2.51625
9.137462500000002,9.3329875,4.854625,-2.65775
2.2198375,4.8012625,2.5223750000000003,-2.70925
7.6821625000000004,4.8631375,19.137875,-2.86675
8.5533625,7.360412500000001,14.064875,-2.85875
6.8060125000000005,6.3580375,4.308375,-1.17525
1.3733875,2.5044625,19.769625,-1.88425
7.560887500000001,6.3110125,6.156124999999999,-2.02475
2.2693375000000002,4.8903625,14.197875000000002,-1.7602499999999999
3.9226375,3.3187375,7.923125,-2.61825
6.3308125,8.8454125,1.477375,-2.97175
5.496737500000001,3.1652875000000003,16.145375,-2.88575
0.9105625,7.939562500000001,3.0401249999999997,-1.8632499999999999
9.409712500000001,9.3577375,5.434125,-2.91625
3.2915125,7.2688375,12.003375,-2.5147500000000003
2.0837125,9.8626375,15.252375,-1.7002499999999998
2.4722875,4.5785124999999995,18.995375000000003,-1.2567499999999998
1.1555875000000002,7.2416125000000005,19.166375000000002,-1.7647499999999998
8.489012500000001,3.1603375000000002,7.666625,-2.79925
1.2026125,5.0537125,4.427125,-1.99175
3.1281625,1.4921875000000002,8.987124999999999,-1.76975
0.9229375000000001,0.4378375,5.799875,-2.36425
8.3355625,2.4846624999999998,2.2041250000000003,-1.43075
6.464462500000001,7.7019625000000005,15.779625000000001,-2.10025
4.1008375,3.0316375,19.394375,-2.77275
0.1185625,5.6996875000000005,9.039375,-2.8497500000000002
2.1406375,1.6802875,19.446625,-2.5252499999999998
6.4001125000000005,6.642662500000001,6.1228750000000005,-1.70075
9.038462500000001,0.3289375,6.331875,-1.8537499999999998
0.5516875,5.8655125,18.667625,-1.50775
5.4794125000000005,8.585537500000001,7.286625,-1.4077499999999998
6.3357625,4.5389124999999995,15.219125,-1.77525
2.8707625,0.5739625,7.429125,-2.52725
8.8652125,0.4997125,14.957875000000001,-2.66475
0.18043750000000003,9.3948625,12.335875000000001,-2.7872500000000002
8.597912500000001,1.2620125000000002,11.490375000000002,-2.63675
6.932237500000001,2.7841375000000004,11.224375000000002,-1.97175
7.1896375,4.9967875,4.602874999999999,-2.32825
9.7487875,5.4917875,15.637125000000001,-2.99675
9.7042375,9.657212500000002,7.234375,-1.19925
9.5309875,6.410012500000001,18.582125,-1.54375
7.5831625,0.8115625000000001,1.548625,-1.62075
1.9896625000000001,3.8434375000000003,4.032875,-1.4542499999999998
0.2695375,9.137462500000002,19.218625,-1.7462499999999999
7.526237500000001,0.40566250000000004,5.543375,-1.4042499999999998
3.7766125,8.469212500000001,11.238625000000003,-2.34525
3.3088375,7.2861625000000005,11.936875,-2.96725
5.316062500000001,0.20518750000000002,13.741875,-2.41125
7.0559875000000005,1.6679125000000001,7.514625,-2.95025
4.3062625,9.6349375,4.370125,-1.3287499999999999
7.9742125,1.7669125,15.489875000000001,-1.90025
9.5804875,6.882737500000001,2.626875,-1.90825
3.3360624999999997,6.8406625,10.022625,-2.77675
0.9476875000000001,1.6728625000000001,19.636625000000002,-2.56575
8.8379875,7.5980125,8.241375,-1.70525
1.2595375000000002,6.8258125000000005,4.099375,-2.88525
3.3954625,6.098162500000001,2.303875,-1.7202499999999998
7.325762500000001,2.5688125,14.003125,-1.69725
9.276062500000002,1.4624875000000002,8.616624999999999,-1.68525
5.8803625,6.6698875,15.608625000000002,-1.77725
7.5881125,3.0786625,13.276375000000002,-2.08425
8.3875375,2.0812375,12.407125000000002,-1.2442499999999999
7.7935375,8.4667375,13.998375000000001,-2.51725
8.2910125,2.1530125,18.952625,-1.7122499999999998
9.117662500000002,4.8111625,16.724875,-1.78775
3.3608124999999998,2.0614375,11.324125,-2.64975
8.949362500000001,0.9278875000000001,3.7478749999999996,-1.9497499999999999
9.7562125,3.3979375000000003,16.853125000000002,-2.46975
9.7859125,5.115587500000001,16.064625,-2.66375
2.1851875,3.3385375,1.876375,-2.2592499999999998
3.4994125,7.4123875,8.578624999999999,-1.13225
4.1948875,5.3507125,7.343624999999999,-1.32375
5.174987499999999,9.3478375,2.142375,-2.20575
5.4026875,9.607712500000002,17.380375,-1.1177499999999998
3.0687625,8.3949625,11.932125000000001,-2.57075
3.4325875000000003,7.335662500000001,6.664375,-1.1882499999999998
2.7321625,2.3435875,7.2201249999999995,-2.15975
8.2563625,0.8660125,9.067874999999999,-2.16175
1.5392124999999999,8.8379875,4.702624999999999,-2.32875
4.8631375,5.637812500000001,10.526125,-1.06025
1.2991375,3.8558125000000003,4.8451249999999995,-2.40825
3.6107875,3.2222125000000004,11.865625,-2.75675
8.4865375,2.0738125,10.388375,-2.79175
6.2714125,0.1284625,13.594625000000002,-1.67475
3.2618125000000004,8.959262500000001,5.728625,-2.07925
5.5635625,4.1924125,13.361875,-1.8732499999999999
5.358137500000001,5.1032125,9.633125,-1.4322499999999998
8.558312500000001,7.0782625,12.996125000000001,-1.79225
7.053512500000001,7.8950125,11.566375000000003,-1.07775
5.6526625,7.523762500000001,12.093625000000001,-2.3657500000000002
3.7246375,5.338337500000001,2.565125,-1.1432499999999999
5.486837500000001,3.7518625,3.282375,-2.56075
4.3359625,0.30171250000000005,17.940875000000002,-1.4162499999999998
3.6380125000000003,8.429612500000001,10.906125000000001,-2.02375
4.239437499999999,5.266562500000001,11.846625,-1.0632499999999998
4.3532874999999995,1.4228875,11.685125000000001,-1.6257499999999998
8.253887500000001,2.8237375000000005,6.222625,-2.14825
8.1276625,7.3925875,8.569125,-2.51175
1.9772875,8.7365125,12.578125,-2.60075
4.0092625,4.0439125,1.724375,-2.10725
0.36853749999999996,5.2195375,14.411625,-2.48075
5.9546125000000005,9.8131375,18.862375,-2.19825
8.8256125,9.4517875,16.354375,-1.76925
2.4104125,5.6600875,19.432375,-1.56825
6.573362500000001,0.6680125,4.199125,-2.03175
6.8777875,2.6975124999999998,3.971125,-1.2022499999999998
6.0956875,9.6101875,12.763375,-2.26375
5.2220125,6.5560375,8.179625000000001,-2.66775
2.8484875000000005,8.2192375,16.781875,-2.15325
2.5316875,8.6523625,7.4338750000000005,-1.9582499999999998
5.0215375,1.1803375,16.140625,-2.85175
5.3804125,0.5195125,11.898875,-2.31275
3.7221625000000005,3.3286375,18.297125,-1.7407499999999998
1.0714375,7.669787500000001,6.654875,-2.04725
8.7761125,9.0830125,2.959375,-2.59025
6.8159125000000005,1.6109875,8.488375000000001,-1.9807499999999998
0.8288875,2.0267875,14.905625,-1.51175
4.9819375,0.4551625,6.507625,-2.91125
0.16063750000000002,7.6029625,14.487625000000001,-1.8212499999999998
6.068462500000001,8.3405125,5.510125,-1.58825
8.7216625,2.6727624999999997,15.342625000000002,-1.4582499999999998
8.644937500000001,8.439512500000001,4.6598749999999995,-1.6357499999999998
7.9445125,4.7938375,4.446124999999999,-1.5432499999999998
5.3432875,2.1678625,3.7573749999999997,-1.84025
7.6425625,0.9674875000000001,19.057125000000003,-1.60425
3.8063125,2.1802375,10.910875,-1.5412499999999998
5.575937500000001,6.9965875,14.891375,-1.57625
4.5587124999999995,2.0490625,12.521125000000001,-1.4747499999999998
3.7617625,0.2868625,4.028124999999999,-1.9397499999999999
1.5639625,2.0762875,11.713625,-1.1052499999999998
8.419712500000001,2.7470125,13.846375000000002,-1.11025
2.4153625,1.4575375000000002,1.762375,-2.4057500000000003
2.9994625000000004,6.914912500000001,10.117625,-2.83375
8.9815375,3.5885125,17.418375,-2.26025
9.9814375,1.9599625,4.693125,-2.56025
8.674637500000001,2.5564375,7.989625,-1.13425
2.3732875,0.1730125,1.301625,-2.70075
6.6154375000000005,0.3215125,11.376375000000001,-1.2542499999999999
6.9594625,5.9917375,18.895625,-1.6582499999999998
9.8131375,8.2588375,1.567625,-2.9002499999999998
4.3211125,2.2272625,11.761125000000002,-2.81525
0.20271250000000002,2.5663375,17.342375,-1.42475
7.5732625,2.3064625,2.745625,-1.8392499999999998
9.1003375,6.5956375000000005,10.098625,-1.12625
6.895112500000001,0.5096125,12.910625000000001,-1.68475
0.7521625000000001,7.2812125000000005,15.570625000000001,-1.6552499999999999
0.6581125,2.6999875,15.337875000000002,-1.0147499999999998
4.4795125,4.4349625,18.192625000000003,-1.4117499999999998
8.7018625,3.1776625000000003,11.138875,-1.45525
2.3386375,6.1847875000000005,12.535375,-2.40925
2.6876124999999997,5.746712500000001,16.734375,-1.1397499999999998
0.6779125,8.060837500000002,14.649125000000002,-2.39075
2.2990375,2.5762375,6.559874999999999,-2.26775
4.8309625,3.8236375000000002,10.426375,-2.64075
2.6603875,3.4474375000000004,3.272875,-2.68425
2.1010375000000003,5.8704625,9.951375,-1.8972499999999999
7.555937500000001,4.9596625,10.868125000000001,-2.98525
3.0910375,8.6226625,7.524125,-1.2302499999999998
4.4027875,3.8632375000000003,14.943625,-2.34675
8.637512500000001,8.144987500000001,11.955875,-2.63225
4.4770375,1.7396875,9.471625,-2.10975
6.9074875,1.3238875,19.617625,-1.2747499999999998
5.296262500000001,3.0836125,2.479625,-2.76175
0.5541625,4.1206375,3.329875,-1.98925
9.4839625,8.7711625,1.8716249999999999,-2.95325
3.0514375,1.8510624999999998,19.489375,-1.54575
7.8974875,3.7889875,5.016125,-1.2322499999999998
6.5362375,4.269137499999999,1.344375,-2.06725
4.269137499999999,1.6530625,3.8713749999999996,-1.5467499999999998
0.5368375,5.5190125000000005,9.614125,-1.1442499999999998
6.7391875,8.7191875,5.647875,-2.80225
9.6349375,9.216662500000002,3.9568749999999997,-1.05425
9.4938625,3.6949375,13.794125000000001,-1.78575
0.5813875000000001,8.4617875,17.503875,-1.98175
9.2092375,9.907187500000001,19.261375,-1.12675
9.2537875,6.6995875,11.043875,-1.5387499999999998
0.3363625,5.5091125000000005,12.373875000000002,-2.39525
9.3750625,9.6126625,3.139875,-1.1577499999999998
5.1725125,5.447237500000001,9.172374999999999,-1.7947499999999998
6.410012500000001,2.5465375,1.173375,-2.74625
8.4172375,0.5764375,17.218875,-1.7582499999999999
4.8161125,5.174987499999999,15.062375000000001,-2.34725
3.3979375000000003,9.3082375,4.089874999999999,-2.0067500000000003
1.7198875,0.41061250000000005,9.557125,-2.49675
8.5360375,5.496737500000001,9.314874999999999,-2.6782500000000002
0.2571625,8.1870625,4.940125,-2.04675
2.6034625000000005,0.2794375,2.261125,-1.8047499999999999
1.5194125,9.5829625,11.718375000000002,-1.7802499999999999
5.266562500000001,4.9522375,18.073875,-2.52925
0.4502125,1.1531125000000002,18.482375,-1.51975
1.8337375000000002,3.7196875,10.122375,-1.04625
5.0165875,4.1231124999999995,5.476875,-1.20275
1.5911875,5.306162500000001,14.311875,-1.11425
5.2640875,9.8453125,7.063375,-2.55475
3.0044125000000004,5.7145375000000005,14.449625000000001,-2.6622500000000002
8.8726375,9.7883875,17.180875,-2.85525
2.2940875,1.8089875000000002,16.050375000000003,-1.71275
0.5838625000000001,1.0912375,14.549375,-2.59525
3.9275875,8.7117625,9.120125,-2.92675
0.8189875,1.1778625,16.615625,-2.39325
2.3510125,1.1927125,10.089125,-2.1702500000000002
7.395062500000001,0.3809125,15.100375000000001,-1.1537499999999998
1.7075125,8.8330375,10.374125,-1.6702499999999998
8.9518375,6.7268125,8.778125,-1.36875
7.1970625,7.6277125,2.6648750000000003,-2.94075
6.1501375000000005,5.717012500000001,2.237375,-1.4727499999999998
4.1676625,2.5193125,5.063625,-1.73975
5.2418125,5.7813625,8.070374999999999,-1.22725
2.1208375000000004,5.538812500000001,5.196625,-2.29875
6.199637500000001,7.375262500000001,12.749125,-1.0207499999999998
5.7293875000000005,9.276062500000002,7.766374999999999,-2.10325
9.6522625,7.103012500000001,18.054875,-2.6702500000000002
5.2145874999999995,1.1704375,4.9353750000000005,-1.93675
5.9496625000000005,4.8482875,13.912875000000001,-2.32575
0.6803875,1.4798125000000002,16.226125000000003,-2.59725
4.1156875,0.5615875,19.460875,-1.5977499999999998
8.9543125,8.8429375,8.307875,-2.68575
1.9426375,5.0388625,4.218125000000001,-1.1682499999999998
4.2221125,3.7568125,3.7906249999999995,-2.99625
7.8331375,9.5309875,1.7386249999999999,-1.7282499999999998
7.4321875,5.9100625,7.315124999999999,-2.08375
0.5888125000000001,0.4922875,15.247625000000001,-2.89675
7.8083875,7.1871625,4.213375,-2.13625
1.9327375,2.2223125,5.7143749999999995,-2.98825
3.1702375,8.1375625,11.276625000000003,-1.2547499999999998
1.9055125,1.9896625000000001,3.1826250000000003,-2.56825
6.3283375,3.0910375,16.278375000000004,-2.70175
3.0885625,5.3531875,14.041125000000001,-1.23375
0.20518750000000002,4.1156875,10.958375000000002,-2.66425
7.9643125,8.3281375,19.042875000000002,-1.5872499999999998
6.664937500000001,4.7072125,7.657125,-2.06775
3.5390125,7.3678375,10.017875,-2.33025
4.2072625,0.1259875,1.482125,-2.90725
4.4250625,7.2465625000000005,3.082875,-1.6742499999999998
6.7589875,1.2001375,2.218375,-2.42725
8.1177625,9.879962500000001,4.759625,-1.3957499999999998
9.6299875,1.1456875000000002,16.715375,-1.44875
9.2785375,2.3386375,4.123125,-1.6117499999999998
7.221812500000001,7.5386125,14.563625,-2.75375
1.2694375000000002,9.0533125,14.748875000000002,-1.0977499999999998
3.5835625,8.7340375,16.995625,-2.88075
9.9740125,1.9624375,4.332125,-2.69575
1.6382125,7.961837500000001,10.150875,-2.44625
0.2794375,5.085887500000001,17.613125,-2.88925
9.4616875,1.4377375000000001,13.148125,-2.72325
0.9402625000000001,2.1480625,5.225125,-2.20725
4.7542375,8.2390375,10.198374999999999,-2.78525
2.6678124999999997,8.5904875,4.403375,-1.5302499999999999
3.1652875000000003,3.7122625000000005,13.960375000000003,-1.0892499999999998
9.028562500000001,7.320812500000001,18.933625,-2.73875
0.41556250000000006,8.164787500000001,7.205875,-1.26725
1.9847125,6.7961125000000004,1.353875,-2.2512499999999998
0.6482125,2.4623875,5.524375,-1.2522499999999999
7.011437500000001,6.932237500000001,16.273625000000003,-2.68075
1.4228875,2.0168875,6.616874999999999,-1.18675
6.6055375000000005,2.5712875,1.458375,-2.74725
7.330712500000001,3.0514375,15.204875000000001,-1.1822499999999998
6.1451875000000005,7.5188125,11.229125000000002,-2.41625
8.2761625,4.0612375,3.158875,-2.24775
6.6104875,6.702062500000001,19.484625,-2.4827500000000002
6.6278125,7.0658875000000005,11.666125000000001,-1.58775
1.9624375,8.5335625,5.329625,-1.3972499999999999
2.9177875,9.3923875,2.417875,-2.88175
4.9918375,8.615237500000001,17.831625000000003,-2.60125
4.8284875,4.6973125,4.2798750000000005,-1.10425
7.4767375000000005,9.0632125,9.101125,-2.86925
2.8163125,1.5441624999999999,10.730375,-1.4882499999999999
7.570787500000001,2.6059375,3.196875,-2.46625
1.1357875000000002,2.4178375,4.612375,-1.51325
3.5068375000000005,4.3730875,17.214125000000003,-2.56625
4.6700875,0.7397875,14.639625,-1.9887499999999998
3.8558125000000003,5.5833625,4.830875,-2.08025
8.1524125,0.10866250000000001,19.133125000000003,-1.7102499999999998
9.2141875,0.5021875,18.762625,-2.35175
5.167562500000001,6.971837500000001,18.225875000000002,-1.64875
2.9202625,2.2396375,15.409125,-1.54625
4.8037375,1.1382625000000002,19.565375,-1.47575
1.5367374999999999,9.528512500000001,8.493125,-1.1392499999999999
8.4444625,7.996487500000001,8.336375,-1.16125
8.293487500000001,2.8732375,4.949625,-1.1617499999999998
4.8260125,5.9348125000000005,10.754125,-2.73125
4.5240625,1.1432125000000002,19.779125,-1.92075
6.8604625,5.437337500000001,12.136375000000001,-1.99975
8.1969625,2.8583875,2.721875,-2.57925
5.2913125,8.8528375,11.100875,-2.58675
6.234287500000001,5.6229625,5.890124999999999,-1.2342499999999998
4.9423375,4.8680875,12.231375,-1.64025
1.9154125,4.1750875,11.148375000000001,-2.59225
8.7513625,4.6428625,9.272125,-2.0852500000000003
2.8014625,0.6729625,18.444375,-1.4622499999999998
8.800862500000001,1.0244125000000002,5.894875,-1.30375
8.7934375,6.684737500000001,4.640874999999999,-1.0992499999999998
2.8237375000000005,4.0191625,7.053875,-2.90125
6.444662500000001,0.8783875,12.392875000000002,-1.36275
3.2543875,0.8066125000000001,12.141125000000002,-2.48775
6.692162500000001,2.4203125,5.690625,-1.5207499999999998
2.7965125,8.9221375,10.174625,-2.76325
4.3013125,8.409812500000001,14.782125000000002,-2.2127499999999998
1.1976625,3.9968875,13.927125000000002,-1.6332499999999999
7.981637500000001,1.0714375,16.135875,-2.16275
7.7291875,7.949462500000001,14.468625000000001,-2.82075
2.4425875,3.4548625,18.596375000000002,-1.3357499999999998
8.4766375,3.5142625,5.044625,-1.66675
4.8210625,6.8604625,9.937125,-1.9867499999999998
9.926987500000001,1.7347375,10.678125,-2.54225
1.3115125,4.7888875,4.208625,-1.0387499999999998
9.6844375,9.251312500000001,11.841875000000002,-1.5992499999999998
7.0262875000000005,2.0713375,1.496375,-2.43025
4.5265375,7.956887500000001,4.1896249999999995,-1.18275
2.6133625000000005,0.3140875,1.719625,-1.3307499999999999
7.172312500000001,8.7513625,1.434625,-2.50575
5.6699875,6.7589875,3.985375,-1.25725
3.5018875000000005,0.5046625,6.027875,-2.41725
8.647412500000002,9.8651125,17.261625000000002,-1.38025
0.35616250000000005,7.323287500000001,19.593875,-1.09475
4.6255375,0.2720125,4.379624999999999,-2.93475
5.9719375,6.622862500000001,19.223375,-2.88725
1.0887625,7.063412500000001,6.355625,-2.29925
7.971737500000001,7.533662500000001,5.324875,-1.13825
4.3112125,2.3955625,13.000875000000002,-1.3677499999999998
6.4694125,0.3190375,13.670625000000001,-2.0477499999999997
1.3634875,8.1697375,8.436125,-1.6072499999999998
6.5387125,1.5194125,4.697875,-1.8052499999999998
4.9200625,6.3184375,10.165125,-1.1777499999999999
9.7388875,4.0463875,17.285375000000002,-2.18475
8.6795875,0.2373625,5.2536249999999995,-1.7867499999999998
2.5985125000000004,4.3161625,18.306625,-1.5027499999999998
5.0512375,4.3458625,14.088625,-1.4017499999999998
8.449412500000001,3.8261125000000002,2.636375,-1.47925
9.7735375,7.7687875,5.443625,-2.85475
1.6604875000000001,2.5267375,15.143125,-1.84175
3.8087875,7.580687500000001,14.250125,-2.88375
1.2224125000000001,5.395262500000001,2.8501250000000002,-1.11825
6.924812500000001,8.9468875,5.5291250000000005,-2.25325
9.8180875,2.8633375,9.870625,-2.24825
5.5091125000000005,1.6753375,14.919875000000001,-2.08475
4.4918875,7.8083875,5.809375,-1.70675
5.8308625,8.7736375,18.819625000000002,-2.88425
5.0363875,5.444762500000001,8.250875,-1.18075
8.8033375,7.771262500000001,10.445375,-1.0412499999999998
3.7840375,3.3360624999999997,12.326375,-2.5067500000000003
7.4915875000000005,8.2291375,9.082125,-1.88875
9.2240875,5.974412500000001,12.848875000000001,-2.18575
2.9598625000000003,6.1179625,6.683375,-1.7227499999999998
6.961937500000001,8.3108125,19.213875,-2.14525
2.2668625000000002,2.7173125,2.3561250000000005,-2.87825
2.7024624999999998,1.2818125000000002,9.861125,-2.91225
4.5290125,7.986587500000001,16.677375,-2.00825
5.979362500000001,0.9303625000000001,13.442625000000001,-2.39025
2.4005125,5.697212500000001,9.295875,-1.36475
3.8582875000000003,6.1352875000000004,7.006375,-2.32125
2.3485375,6.5510875,16.302125000000004,-2.56725
0.8610625,3.7914625,1.862125,-1.38075
8.7637375,8.5558375,4.816625,-1.7547499999999998
4.2146875,7.9247125,17.290125000000003,-2.42075
3.4870375000000005,7.301012500000001,6.811625,-1.0307499999999998
9.6225625,8.1326125,2.778875,-1.8007499999999999
0.31161250000000007,3.5365375000000006,2.9403750000000004,-2.77025
6.8109625,7.345562500000001,6.179875,-2.88625
8.6523625,3.8211625000000002,6.360375,-1.62875
7.8479875,3.7370125,5.932875,-2.84325
9.6200875,6.8208625,3.458125,-2.45825
0.24726250000000002,6.1154875,4.346375,-1.2622499999999999
3.5984125000000002,9.0706375,17.138125000000002,-1.39675
6.283787500000001,6.5065375,9.946625,-2.53125
5.6600875,6.6104875,9.447875,-1.0367499999999998
6.7169125,8.6028625,1.4488750000000001,-2.93825
3.3756625,8.4419875,6.721374999999999,-1.64825
9.3329875,3.7592875,7.068125,-2.61225
7.929662500000001,3.1133125,4.322625,-1.24775
6.3456625,1.2372625000000002,10.925125000000001,-1.87875
0.18291250000000003,3.5761375000000006,9.196125,-1.6802499999999998
2.9375875000000002,6.7367125,15.641875,-2.37975
5.246762500000001,9.2092375,14.425875000000001,-1.58975
1.2867625000000003,3.3632875,2.1803749999999997,-2.59125
7.7118625000000005,8.6696875,16.867375000000003,-1.91075
7.9519375000000005,8.1103375,9.371875,-2.87275
5.6328625,0.29181250000000003,17.997875,-2.82375
9.585437500000001,7.041137500000001,17.874375,-2.65825
1.7792875000000001,3.0811375,11.143625000000002,-2.99825
6.4817875,2.0985625,12.122125000000002,-1.9032499999999999
8.2811125,3.2865625,4.522124999999999,-2.19375
5.3234875,5.778887500000001,3.595875,-2.89525
3.3335875,7.4519875,1.529625,-2.28775
6.682262500000001,4.5958375,17.784125,-1.23575
1.0615375,3.7345375,18.653375,-2.2672499999999998
3.3533875,6.1080625,17.147625,-1.6842499999999998
0.3858625,5.9521375,8.075125,-1.56375
3.5786125,1.4402125000000001,6.327125,-2.32475
4.053812499999999,4.6898875,1.011875,-1.3597499999999998
2.1901375,3.4969375000000005,12.278875000000001,-2.08725
6.6575125,4.6799875,7.400625,-2.96525
0.5591125,2.3336875,18.558375,-1.7307499999999998
1.0442125,4.7542375,15.869875,-1.0937499999999998
1.6431625,2.8806625,9.376625,-1.9927499999999998
0.9749125,7.620287500000001,17.955125,-2.30475
1.3362625000000001,3.6355375,17.133375,-2.02025
2.0960875,1.2199375000000001,8.360125,-1.1677499999999998
4.3458625,6.199637500000001,15.765375,-1.7967499999999998
6.3803125000000005,2.8410625,16.378125,-1.58225
0.35368750000000004,7.9271875000000005,11.808625000000001,-1.8737499999999998
1.1605375,9.2587375,18.710375000000003,-1.1077499999999998
2.9227375,6.023912500000001,1.957125,-2.56375
4.5661375,1.1060875000000001,8.056125,-1.59425
1.5614875,7.6178125,4.094625,-1.62025
1.6654375000000001,2.7519625,10.155625,-2.41875
9.5631625,7.8578875,7.410125,-1.4942499999999999
6.944612500000001,6.9272875,18.183125,-1.23325
9.1250875,1.2842875000000002,10.944125000000001,-2.57575
3.7023625000000004,1.9104625,2.888125,-2.21125
9.9319375,8.9147125,19.897875000000003,-1.9337499999999999
1.2570625000000002,7.370312500000001,8.084624999999999,-2.45675
6.2466625,3.6256375,7.538375,-2.75075
4.4522875,4.0983624999999995,18.021625,-1.23125
8.684537500000001,4.5636624999999995,18.230625000000003,-1.4082499999999998
7.7984875,4.303787499999999,1.6768750000000001,-1.1377499999999998
5.9645125000000005,4.1726125,8.768625,-2.46475
2.7247375000000003,2.3881375,10.127125,-1.60025
6.7614624999999995,3.7790875,11.851375000000003,-2.48825
6.2986375,5.0017375,11.461875000000001,-2.45275
2.4524875,2.8880875,14.326125000000001,-2.65125
3.9548125,6.652562500000001,1.197125,-2.15675
4.3334874999999995,0.9699625000000001,18.791125,-2.16525
0.6878125,5.0116375,18.411125000000002,-2.16125
2.3584375,7.751462500000001,18.800625,-2.40625
6.0164875,1.9847125,6.488625,-1.3312499999999998
9.7289875,3.9820375,13.247875,-1.50125
3.1529125000000002,5.4200125,4.707375,-2.91475
5.608112500000001,8.9171875,16.463625,-2.94575
0.4477375,3.0068875,14.117125000000001,-1.75925
7.4594125,1.7644375,17.389875,-1.7587499999999998
3.1405375,9.711662500000001,14.862875,-2.27775
5.4200125,8.2167625,12.107875000000002,-1.71475
5.387837500000001,6.2120125,4.479374999999999,-2.00625
0.1532125,9.691862500000001,13.789375000000001,-1.8797499999999998
1.3288375000000001,9.1349875,19.608125,-2.07675
0.10123750000000001,6.7094875,14.060125000000001,-2.51875
2.7395875000000003,1.1753875,10.222125,-1.94725
0.7150375,7.966787500000001,6.213125,-2.80575
9.8354125,6.2664625,16.696375000000003,-1.98125
6.1080625,1.8980875,1.629375,-1.99925
4.1998375,1.3610125,4.683624999999999,-2.71125
2.4302125,7.9519375000000005,12.958125,-1.94125
9.8626375,7.9841125,6.792625,-2.91725
5.075987500000001,2.1010375000000003,13.475875,-1.04375
8.1697375,6.0461875,19.061875,-1.87225
5.759087500000001,0.7719625,10.269625,-1.0222499999999999
3.2048875,4.4572375,5.8378749999999995,-2.27075
9.3923875,2.2718125000000002,7.519375,-2.69025
3.1306375,2.6183125000000005,17.689125,-2.3432500000000003
6.083312500000001,8.3776375,15.461375,-1.4397499999999999
1.0268875000000002,2.8707625,16.758125,-1.51575
9.5408875,2.6108875,15.860375000000001,-2.1182499999999997
4.9299625,6.6080125,18.273375,-1.83175
9.7958125,5.1947874999999994,19.584375,-2.89325
6.5684125,4.264187499999999,16.264125,-2.2727500000000003
3.1900375,3.8335375000000003,13.086375,-2.95225
8.2217125,9.1547875,9.020375,-2.31025
5.7219625,9.6151375,8.345875,-2.48475
8.3306125,9.1250875,7.405375,-1.2752499999999998
5.5734625,7.5064375000000005,3.163625,-1.2927499999999998
8.1400375,6.1798375000000005,3.2586250000000003,-2.33175
4.224587499999999,0.3957625,18.881375000000002,-2.86475
2.7816625,9.939362500000001,6.265375000000001,-2.25475
2.0985625,0.7942375,15.865125,-1.74175
1.3956625,8.7563125,5.5196250000000004,-1.29625
2.0465875,1.4773375000000002,4.8736250000000005,-1.49175
2.3237875,7.2168625,19.028625,-1.3187499999999999
5.385362500000001,9.8552125,7.182124999999999,-1.6837499999999999
2.1728125,3.5810875,3.591125,-2.46125
2.0663875,6.7193875,9.595125,-2.81975
5.6947375000000005,1.2422125000000002,1.453625,-2.94775
3.4375375000000004,1.1902375,14.112375000000002,-1.1622499999999998
7.4866375000000005,0.1210375,10.340875,-2.77725
7.6524625,6.981737500000001,2.536625,-1.98525
6.9990625,2.8014625,18.938375,-2.40875
4.9720375,6.474362500000001,19.622375,-1.50325
2.3906125,2.6009875,10.602125000000001,-2.93025
7.2713125000000005,1.1283625000000002,7.030125,-2.21725
9.0830125,6.209537500000001,19.546375,-1.4642499999999998
4.6156375,4.6527625,15.010125,-2.63125
5.4521875,9.409712500000001,5.453125,-2.94225
8.097962500000001,6.7169125,1.833625,-2.75725
2.3683375,0.47743749999999996,11.452375000000002,-1.0332499999999998
0.8486874999999999,4.9646125,4.555375,-1.5957499999999998
2.2173625,7.635137500000001,2.607875,-2.95775
3.9845125,9.107762500000002,2.5318750000000003,-2.95075
7.771262500000001,1.1407375000000002,3.8286249999999997,-2.35025
1.2075625,4.4547625,14.530375,-1.48525
7.9247125,1.9525375,6.745125,-1.8232499999999998
1.1234125000000001,4.4522875,10.331375,-1.32575
8.5162375,8.9270875,3.2443750000000002,-2.87875
9.488912500000001,4.078562499999999,16.511125,-2.2102500000000003
5.3333875,7.033712500000001,18.111875,-1.86625
4.9175875,2.2371625,8.692625,-1.49325
9.7586875,4.4423875,5.804625000000001,-2.00975
7.464362500000001,9.2686375,1.168625,-1.5747499999999999
7.9346125,6.7466125,11.737375000000002,-1.85425
0.5962375000000001,9.0038125,9.191374999999999,-1.68325
8.6573125,0.7868125,10.112875,-2.35375
7.9420375000000005,1.7990875000000002,9.908624999999999,-2.40725
7.8281875,9.0434125,13.775125000000001,-1.48575
8.399912500000001,5.377937500000001,14.668125000000002,-2.71075
5.9917375,9.1052875,15.480375,-2.56325
1.0070875000000001,7.4618875000000005,15.584875000000002,-1.4907499999999998
5.1032125,4.2270625,14.069625,-2.65625
6.4793125,2.2742875000000002,4.3938749999999995,-2.12425
4.5785124999999995,4.4250625,4.564875,-1.90875
2.3089375,3.0613375,8.022874999999999,-1.19475
9.449312500000001,2.4896125,16.591875,-1.41075
3.1850875,4.8359125,9.077375,-2.29075
3.8855125000000004,4.6329625,17.446875000000002,-1.2807499999999998
4.7938375,7.0980625,8.963375,-2.44925
9.701762500000001,4.1998375,5.134875,-1.7207499999999998
0.7744375,2.9796625000000003,14.796375000000001,-2.98125
5.667512500000001,6.5015875,8.060875,-1.89225
2.1035125000000003,5.969462500000001,19.840875,-1.2107499999999998
2.9078875,0.8189875,16.221375000000002,-1.2527499999999998
9.459212500000001,5.415062500000001,18.107125,-1.3027499999999999
7.0386625,8.0336125,12.098375,-1.88625
0.36358750000000006,1.5515875,2.289625,-2.87675
5.717012500000001,7.2713125000000005,7.6286249999999995,-2.96175
1.7545375,9.4220875,11.286125,-2.83875
4.9571875,2.5019875,12.440375,-2.04325
0.8783875,5.6303875,4.550625,-1.38875
6.875312500000001,3.1157875,3.648125,-1.67275
7.310912500000001,6.583262500000001,7.0871249999999995,-2.43575
6.5882125,3.1454875,19.123625,-1.1662499999999998
3.9968875,9.6596875,1.016625,-2.08225
2.1282625000000004,5.9595625000000005,3.7858749999999994,-1.63225
9.6745375,8.8478875,16.292625,-1.9122499999999998
0.9056125,1.6010875,11.129375000000001,-2.52575
9.018662500000001,5.7442375000000006,8.103625000000001,-2.35825
0.46011250000000004,4.5240625,19.869375,-1.0687499999999999
8.144987500000001,3.2519125000000004,5.001874999999999,-2.50175
1.6456375,0.6952375,6.730874999999999,-2.39575
8.1301375,5.1205375,2.1233750000000002,-2.84675
7.4371375,9.0557875,18.943125000000002,-2.26175
9.3156625,5.4719875,18.240125,-2.29675
0.7472125000000001,2.3584375,14.725125000000002,-1.70275
5.917487500000001,3.4771375000000004,4.607625,-1.8837499999999998
6.402587500000001,6.8159125000000005,11.585375000000003,-1.5367499999999998
5.157662500000001,6.2466625,3.225375,-1.20475
2.3411125,3.3014125,3.006875,-2.5372500000000002
7.679687500000001,0.5789125,3.662375,-1.48775
7.0485625,3.8657125000000003,10.777875,-1.29025
5.793737500000001,9.988862500000002,2.783625,-2.57275
5.8011625,2.9870875,17.385125000000002,-2.80925
4.7047375,5.2690375000000005,10.920375000000002,-2.90925
7.630187500000001,6.1105375,5.101624999999999,-1.43675
1.2471625000000002,3.9869875,11.362125,-1.0997499999999998
4.0265875,8.5360375,13.057875000000003,-2.57125
4.9002625,6.194687500000001,3.025875,-2.09825
9.2216125,7.5633625,10.013125,-2.55975
6.6995875,6.0659875,18.102375000000002,-1.4342499999999998
9.667112500000002,2.8559125,4.826124999999999,-2.67175
3.4944625,3.2345875,5.149125,-1.54025
8.031137500000002,3.5959375,10.929875000000001,-1.31025
3.7518625,7.125287500000001,18.753125,-1.35875
6.432287500000001,5.848187500000001,15.599125,-1.2702499999999999
0.34626250000000003,7.115387500000001,5.913875,-1.22925
3.3781375000000002,2.1629125,17.247375,-1.65475
7.1475625,5.368037500000001,19.099875,-2.51775
0.4328875000000001,4.5587124999999995,11.200625000000002,-1.17325
7.5584125,1.4426875000000001,18.439625000000003,-2.69375
6.078362500000001,9.399812500000001,14.516125000000002,-1.71975
7.4198125,7.5485125,12.193375,-1.8677499999999998
8.8454125,2.7098875000000002,18.477625000000003,-1.30625
2.2619125,8.1969625,2.854875,-1.4157499999999998
7.5089125,4.2815125,5.975624999999999,-2.93325
9.271112500000001,8.6102875,9.699625,-2.45525
8.6300875,8.9666875,8.146374999999999,-2.90875
5.627912500000001,2.7866125,12.502125000000001,-1.35825
8.380112500000001,1.8386875000000003,12.126875000000002,-2.58575
3.9350125,6.1674625,8.293625,-1.69075
5.0834125,6.9074875,14.734625000000001,-1.15275
4.7690875,7.989062500000001,12.483125000000001,-1.52775
2.6925624999999997,8.080637500000002,8.535875,-2.58075
0.8239375,7.031237500000001,16.924374999999998,-1.34475
9.8552125,4.4151625,5.666874999999999,-1.02575
0.6432625,0.9600625,19.726875000000003,-1.9842499999999998
0.4007125,6.6154375000000005,18.449125000000002,-2.66125
0.7422625,3.8186875000000002,5.842625,-1.18725
8.135087500000001,1.0293625,5.282125,-2.50725
0.7199875,5.056187500000001,2.023625,-2.78225
1.6629625000000001,6.991637500000001,9.343375,-2.92075
2.2767625000000002,0.14578750000000001,2.474875,-1.42675
1.6926625,8.1029125,3.2681250000000004,-1.79825
9.7685875,2.1703375,8.369625,-2.00375
9.0904375,8.5508875,6.968375,-1.83025
4.7517625,8.8973875,3.4106249999999996,-2.89575
2.1752875,5.8556125,16.971875,-2.11525
3.5365375000000006,4.8878875,19.304125000000003,-2.68675
0.3264625,3.1331125,3.448625,-1.4762499999999998
1.7495875,9.0508375,11.856125000000002,-2.20375
5.7120625,0.3363625,4.574375,-2.17425
3.1232125,9.018662500000001,6.132375,-2.34375
9.0706375,0.9501625,18.605875,-2.88825
6.063512500000001,8.0360875,11.105625000000002,-2.44725
5.657612500000001,2.2841875000000003,9.804124999999999,-2.49475
1.0120375000000001,0.1853875,12.962875000000002,-1.65025
0.3908125,9.751262500000001,5.552875,-2.48675
1.0813375,0.37101249999999997,18.871875,-2.66625
1.6679125000000001,4.0884624999999994,17.883875000000003,-2.43425
8.412287500000001,8.1672625,13.015125000000001,-2.86525
7.6673125,0.1556875,13.570875000000001,-2.31575
9.078062500000001,3.0737125,10.668625000000002,-2.8297499999999998
0.9328375000000001,9.8156125,2.1328750000000003,-2.95675
3.1949875,8.8751125,9.086875,-1.8207499999999999
0.7843375,2.7989875000000004,7.319875,-2.82175
7.8380875,1.6827625,4.104125,-1.53225
4.6478125,1.4154625,10.440625,-1.64225
7.2515125000000005,5.296262500000001,12.088875000000002,-1.2187499999999998
2.3831875,9.6448375,14.430625000000001,-1.9702499999999998
1.4822875000000002,9.978962500000002,10.260125,-1.8492499999999998
4.2419125,2.7940375000000004,8.136875,-1.8672499999999999
5.6402875,8.2786375,15.257125,-2.16725
3.8681875000000003,4.239437499999999,16.382875,-1.11475
2.7197875000000002,9.2290375,4.9781249999999995,-2.10625
6.4966375,7.043612500000001,3.914125,-1.9417499999999999
6.6797875,1.5689125,2.1946250000000003,-2.26975
1.2793375000000002,2.8955125,8.839875,-1.28175
0.6952375,2.5836625000000004,14.739375,-1.0372499999999998
5.4992125000000005,5.4843625000000005,16.648875,-2.99125
9.8230375,4.0909375,19.289875000000002,-1.2207499999999998
0.8363125,9.087962500000001,9.006125,-1.7622499999999999
9.008762500000001,8.4320875,2.090125,-2.04975
6.209537500000001,1.2347875000000001,5.752375,-2.58325
0.2101375,6.8456125000000005,5.025625,-1.07175
0.12351250000000001,1.4476375000000001,2.983125,-2.3057499999999997
1.6208875,2.3930875,11.414375000000001,-2.70975
4.5314875,5.246762500000001,2.7883750000000003,-1.2402499999999999
1.0565875,0.9848125,16.316375,-2.7247500000000002
2.4871375,0.4304125000000001,15.527875000000002,-1.0142499999999999
9.5111875,3.8830375000000004,17.803125,-2.12275
0.4452625,6.1550875000000005,14.625375,-2.82225
9.8378875,9.870062500000001,7.272375,-2.96475
7.031237500000001,0.4972375,17.237875000000003,-2.71575
2.8361125,3.0761875,16.192875,-1.1722499999999998
5.6031625,6.4694125,14.501875000000002,-2.47175
6.5906875,2.7643375000000003,5.562374999999999,-1.93875
0.2497375,2.7915625,13.399875,-2.06525
4.0340125,4.1552875,12.882125,-1.14675
3.4103125,7.550987500000001,17.579875,-2.87575
9.3032875,0.7298875,17.684375,-2.21925
1.9401625,6.885212500000001,8.122625,-2.95875
0.7051375,6.5783125,14.786875000000002,-2.52775
2.6183125000000005,8.4543625,5.671625,-1.67125
4.9448125,7.8133375,10.592625000000002,-2.26875
5.8704625,5.457137500000001,19.707875,-1.86475
9.1844875,2.1752875,9.913375,-2.49925
4.1825125,5.9818375,9.528625,-1.82975
4.9052125,0.6432625,13.214625000000002,-2.68325
2.1530125,4.6007875,6.678625,-2.43275
9.595337500000001,5.8927375,3.206375,-1.6817499999999999
3.5563375000000006,4.2518125,10.317125,-2.22975
6.422387500000001,9.9344125,9.205625,-1.57575
1.8857125,2.4970375,5.1111249999999995,-2.28575
8.068262500000001,1.9030375,16.211875,-1.9542499999999998
6.333287500000001,5.8160125,14.435375,-1.1557499999999998
1.8238375000000002,0.6086125,13.722875,-2.60525
1.0021375000000001,2.3856625,18.187875000000002,-2.91875
5.778887500000001,1.9500625,3.377375,-1.06375
4.9250125,1.2224125000000001,6.954125,-2.23775
4.0389625,2.2916125000000003,2.9213750000000003,-2.1727499999999997
9.6448375,2.1455875,4.588625,-2.92275
9.518612500000001,1.2570625000000002,5.272625,-2.85825
4.7740375,5.2789375000000005,12.449875000000002,-2.17075
9.7463125,0.11608750000000001,13.860625,-2.10875
8.7389875,5.5140625,10.473875,-1.0852499999999998
5.118062500000001,6.1055875,19.313625000000002,-1.9402499999999998
4.7591875,9.667112500000002,1.097375,-1.1057499999999998
9.8873875,3.9325375,2.166125,-2.80625
3.3905125,7.6722625,1.686375,-1.80225
8.5112875,9.7042375,2.840625,-2.1967499999999998
7.9123375000000005,6.229337500000001,19.408625,-2.04225
9.2290375,5.0339125,19.660375000000002,-2.07625
5.5610875,1.7446375,6.977875,-2.64275
6.6203875,0.7645375000000001,13.665875,-1.3232499999999998
7.142612500000001,2.8385875000000005,1.358625,-2.19775
9.7760125,6.9990625,15.299875000000002,-2.50925
3.5266375000000005,1.0219375000000002,17.779375,-2.35725
8.2489375,5.4002125,18.738875,-2.10175
8.4840625,5.137862500000001,13.285875,-2.08325
3.4152625,3.1974625000000003,19.294625,-2.0372500000000002
4.4399125,1.3436875,4.531625,-1.5612499999999998
4.6453375,6.5114875,17.484875000000002,-2.3512500000000003
6.513962500000001,1.1555875000000002,8.483625,-2.1637500000000003
1.2100375,3.7320625000000005,18.610625000000002,-1.4012499999999999
4.1453875,9.256262500000002,4.317875,-2.77375
9.899762500000001,9.741362500000001,13.447375000000001,-2.66025
7.8034375,0.36853749999999996,3.4248749999999997,-1.1637499999999998
2.2495375,0.9749125,10.587875000000002,-2.79675
6.214487500000001,3.5588125,14.254875,-2.93275
0.26458750000000003,8.3875375,4.289375,-2.93575
2.6950375,9.449312500000001,1.942875,-2.31175
3.5711875000000006,5.588312500000001,4.921125,-1.7402499999999999
5.9521375,3.4845625,11.476125000000001,-2.83525
8.6399875,2.4945625,15.171625,-1.98775
8.1103375,7.2589375,3.325125,-1.9967499999999998
3.1182625,1.5614875,6.873374999999999,-1.74575
0.9501625,7.4693125,18.810125000000003,-2.25975
1.6010875,6.5857375000000005,15.347375000000001,-2.92775
7.0708375,3.4622875000000004,14.131375000000002,-2.89375
4.6428625,4.8309625,9.842125,-1.15875
3.8508625000000003,4.6676125,14.777375000000001,-1.90925
1.3214125,3.6281125000000003,18.705625,-2.24525
7.7440375,7.699487500000001,15.936375000000002,-2.65225
9.6943375,9.006287500000001,18.140375000000002,-1.66925
8.3157625,5.375462500000001,10.027375000000001,-2.54825
2.7494875000000003,0.8288875,3.8856249999999997,-1.22375
1.5169375000000003,1.2050875,5.3153749999999995,-2.98325
2.2569625,7.0361875000000005,15.162125,-2.30825
0.9452125000000001,6.2417125,15.575375000000001,-1.5807499999999999
6.028862500000001,1.8287875000000002,2.028375,-1.02375
9.7661125,9.4319875,3.5721249999999998,-1.3212499999999998
8.9270875,8.1152875,1.501125,-1.1237499999999998
0.3982375,7.919762500000001,16.107375,-2.83475
6.751562500000001,5.4620875,13.651625000000003,-1.00375
0.2324125,2.6232625000000005,9.072625,-2.73975
4.8977875,2.8088875000000004,19.741125000000004,-2.1012500000000003
5.6897875,9.1844875,6.369875,-1.52975
6.004112500000001,1.7520625,2.432125,-1.0192499999999998
7.2663625000000005,0.9402625000000001,10.321875,-2.2567500000000003
0.9724375,9.1745875,8.331624999999999,-1.72775
4.5116875,3.0440125,16.824625,-2.54125
2.4227875,9.3676375,16.967125000000003,-2.67375
8.7340375,5.8754125,13.756125,-1.1562499999999998
7.521287500000001,6.892637500000001,16.857875,-2.43325
8.125187500000001,7.6574125,19.551125000000003,-2.40225
2.6455375,7.805912500000001,9.780375,-1.5687499999999999
9.7364125,7.9643125,16.810375,-1.4682499999999998
1.2125125,8.5211875,5.039874999999999,-2.35525
2.6232625000000005,6.8480875,17.598875000000003,-2.97375
5.3135875,8.135087500000001,5.144375,-1.39425
1.8164125000000002,5.2096375,5.937625,-2.21875
5.9818375,0.8165125,14.316625,-2.06425
5.434862500000001,9.7091875,18.700875,-1.6172499999999999
3.8409625000000003,4.6577125,16.036125,-2.47275
1.5095125000000003,9.3651625,10.744625000000001,-2.45925
0.8536374999999999,7.4321875,4.754875,-1.71325
9.4171375,4.9497625,14.577875,-1.9602499999999998
8.4073375,4.1973625,14.615875,-1.13275
4.9596625,6.763937500000001,9.580875,-2.73225
9.0632125,3.6578125000000004,8.787625,-2.01975
0.4922875,1.3758625,6.0421249999999995,-1.5167499999999998
0.2398375,6.7664125,18.947875,-1.31425
4.3582374999999995,9.0805375,16.767625000000002,-1.65875
7.7638375,7.766312500000001,17.456375,-2.20125
6.3704125000000005,2.2520125,10.901375000000002,-2.1157500000000002
4.4201125,9.7933375,15.836625000000002,-1.24975
7.5113875000000005,9.290912500000001,17.722375,-1.2447499999999998
8.1375625,5.6699875,16.002875,-2.78775
1.0219375000000002,6.7862125,11.889375000000001,-2.51975
0.19033750000000002,1.4501125000000001,13.076875000000001,-2.90425
7.541087500000001,4.8260125,19.437125,-1.89425
7.2985375,9.0755875,7.595375000000001,-2.19875
6.8703625,8.050937500000002,8.170125,-1.46725
0.7496875000000001,2.4698125,7.547875,-2.22125
9.4443625,8.253887500000001,4.313124999999999,-2.52825
9.949262500000001,7.4717875000000005,6.540875,-1.1097499999999998
8.3083375,5.3630875,17.005125000000003,-2.89175
7.474262500000001,9.976487500000001,19.579625,-2.14325
0.6333624999999999,7.521287500000001,12.796625,-1.1212499999999999
7.810862500000001,9.310712500000001,3.657625,-2.18125
4.7567125,5.1898375,14.915125000000002,-1.5392499999999998
8.409812500000001,2.4821874999999998,3.367875,-2.47025
3.9053125,1.8411625000000003,19.688875000000003,-1.71075
3.6875125000000004,8.0534125,17.461125,-2.08175
4.3730875,5.385362500000001,13.295375000000002,-1.9642499999999998
5.707112500000001,5.226962500000001,11.205375000000002,-2.1077500000000002
5.3927875,9.6398875,8.868375,-1.06425
2.7890875000000004,6.7713624999999995,3.7526249999999997,-2.82775
6.7812624999999995,6.5906875,16.667875000000002,-2.15175
3.0489625,6.4372375,4.184875,-1.09225
3.5885125,1.6654375000000001,18.278125,-2.76275
9.8576875,6.2367625,9.319625,-1.8592499999999998
8.979062500000001,1.4748625000000002,15.926875,-2.88475
3.0316375,3.2370625000000004,12.012875000000001,-1.25325
9.097862500000002,6.068462500000001,17.176125000000003,-2.59925
5.7194875000000005,8.2687375,7.509875,-1.95525
0.6011875,3.0044125000000004,9.519124999999999,-2.80175
1.1456875000000002,4.1800375,13.304875000000001,-1.32175
7.7539375,7.6623625,10.288625,-2.49125
6.1649875000000005,5.0165875,5.220375,-2.58175
8.9617375,9.4938625,1.206625,-2.50275
7.7588875,5.647712500000001,4.070875,-2.05225
9.3255625,0.1433125,5.448375,-2.3297499999999998
3.8706625000000003,4.6997875,4.132625,-1.04175
5.6105875,5.2541875,15.138375,-2.4932499999999997
8.2291375,7.5113875000000005,8.835125,-1.80425
4.2815125,2.1950875,19.399125,-2.34575
2.3658625,8.4766375,9.994125,-1.3557499999999998
7.9073875000000005,9.7438375,15.613375000000001,-2.31675
1.1110375000000001,5.6625625,2.094875,-1.56225
7.1005375,6.7391875,3.714625,-1.47525
8.3405125,3.5563375000000006,9.590375,-2.28825
7.741562500000001,5.9620375,16.183375,-2.90825
4.5908875,3.7642375,5.410375,-1.7502499999999999
3.9721375,8.627612500000001,8.645125,-1.6077499999999998
1.2644875000000002,9.8354125,15.466125,-2.86575
8.4518875,8.565737500000001,7.395875,-2.95575
2.7643375000000003,9.7834375,2.018875,-2.56175
6.0560875,3.9647125,6.203625,-1.5937499999999998
8.3479375,1.7248375,7.899374999999999,-1.41325
2.3559625,5.474462500000001,7.851875,-2.97825
2.1307375000000004,0.1111375,6.821125,-1.6452499999999999
5.177462500000001,4.6379125,7.452875000000001,-1.5202499999999999
9.479012500000001,3.0093625000000004,18.292375,-2.00725
3.7642375,0.8486874999999999,6.436375,-2.08875
1.4129875,1.5491125,12.720625000000002,-2.34925
3.4548625,5.3408125,9.357625,-1.8852499999999999
6.2615125,5.798687500000001,15.238125,-1.75175
5.5016875,2.9672875,16.848375,-2.70025
9.575537500000001,5.135387500000001,2.812125,-1.9162499999999998
6.721862500000001,9.998762500000002,11.252875,-2.55925
1.9525375,6.7787875,13.480625000000002,-2.30375
2.5118875,4.6651375,15.537375,-2.62775
1.9970875000000001,1.2768625000000002,9.637875,-2.3682499999999997
1.6085125,0.8090875000000001,3.6386249999999998,-1.2787499999999998
8.5706875,5.8605625,7.733125,-2.21625
2.2297375,1.8015625000000002,17.109625,-1.03175
6.4718875,8.2613125,7.5763750000000005,-1.0792499999999998
9.3379375,5.749187500000001,15.670375000000002,-1.7137499999999999
0.20766250000000003,6.9198625,13.186125,-1.01125
1.3535875,9.3453625,15.380625000000002,-2.18225
4.9126375,8.0930125,19.000125,-1.4887499999999998
6.189737500000001,5.984312500000001,17.451625,-1.88025
5.9570875,4.8433375,18.496625,-1.8252499999999998
5.4125875,8.5409875,2.683875,-2.4682500000000003
8.588012500000001,9.3874375,13.547125000000001,-1.5812499999999998
4.078562499999999,8.224187500000001,11.732625,-2.72925
3.3806125,2.9004625,9.571375,-1.8917499999999998
3.3880375000000003,8.360312500000001,17.071625,-2.96025
9.236462500000002,5.2517125,18.268625,-2.99975
5.1601375,3.5018875000000005,15.309375000000001,-1.0877499999999998
7.5980125,4.4646625,15.475625,-1.0232499999999998
2.1505375,1.5169375000000003,14.976875000000001,-2.61525
1.4872375000000002,7.664837500000001,3.652875,-1.6137499999999998
6.5708874999999995,4.5141625,4.916375,-2.83125
1.0739125,6.0511375,3.7051250000000002,-1.44125
3.4499125,2.4153625,7.533625,-2.66525
9.290912500000001,7.736612500000001,1.8668749999999998,-1.24125
8.3578375,1.3857625,9.675875,-2.2807500000000003
2.2520125,9.498812500000001,5.358125,-2.59575
2.0094625,6.8084875,8.455124999999999,-1.0612499999999998
8.0063875,4.6626625,11.053375,-2.3137499999999998
3.8904625000000004,6.454562500000001,16.743875000000003,-1.0467499999999998
9.2389375,9.2636875,6.407875000000001,-1.05975
3.2989375,3.9498625,4.726375,-2.26825
2.2965625,3.0192625,14.473375,-1.6132499999999999
0.2744875,1.3585375,1.3158750000000001,-2.3352500000000003
1.0169875000000002,5.7516625,10.644875000000003,-2.13225
8.498912500000001,5.858087500000001,2.294375,-2.40475
3.9597625,5.2418125,13.176625000000001,-1.69875
5.927387500000001,7.800962500000001,8.141625000000001,-1.70925
9.2018125,1.2941875,9.837375,-1.99125
3.6652375,9.1721125,16.344875000000002,-2.13325
2.1678625,9.7487875,17.731875000000002,-1.53975
2.3856625,0.4848625,3.667125,-1.3952499999999999
4.298837499999999,8.038562500000001,4.241875,-2.63875
4.1305375,5.7615625,4.023375,-1.5047499999999998
7.689587500000001,3.2444875,10.079625,-1.51725
8.5459375,5.9422375,1.524875,-2.52075
2.9425375000000003,6.5164375,2.7741249999999997,-2.60225
9.647312500000002,5.526437500000001,2.835875,-1.0352499999999998
1.5218875,3.2073625000000003,18.553625000000004,-1.4842499999999998
8.7167125,6.2788375,6.797375,-1.0212499999999998
7.4668375000000005,2.2346875,2.1708749999999997,-1.17275
1.3189375,4.224587499999999,17.028875000000003,-1.2732499999999998
1.3337875000000001,6.0956875,13.632625000000003,-2.40375
0.9551125,1.9550125,12.924875000000002,-1.4667499999999998
5.0462875,3.8780875000000004,7.771125,-1.4032499999999999
6.5510875,5.0141124999999995,6.208375,-2.71425
1.2545875000000002,9.8255125,8.217625,-1.3732499999999999
7.0782625,3.9275875,2.451125,-1.59825
0.7620625000000001,0.6234625,3.629125,-1.6532499999999999
6.583262500000001,0.3264625,11.941625,-2.65275
7.5930625,7.075787500000001,1.030875,-1.7077499999999999
9.3651625,0.1581625,7.842375,-2.57625
6.6179125,6.783737500000001,17.603625,-2.69475
7.2861625000000005,3.8162125000000002,18.757875000000002,-2.3217499999999998
3.7048375,7.8628375,15.589625000000002,-1.27575
4.7220625,4.3112125,12.250375,-1.0712499999999998
5.3309125,9.5606875,3.975875,-2.07825
6.4199125,3.5216875000000005,14.349875,-1.89475
2.8856125,9.2785375,16.819875000000003,-1.53175
2.6306875,1.0640125,12.867875000000002,-1.24175
2.7717625,0.1037125,5.548125,-1.19525
5.1106375,3.6701875,1.068875,-2.81175
0.4353625,6.1971625,16.245125,-1.49525
7.6128625,9.0310375,8.801875,-1.3092499999999998
4.3755625,0.7496875000000001,7.253375,-1.60475
6.853037500000001,4.4770375,17.518125,-1.3977499999999998
1.1333125000000002,2.6653375,16.411375,-1.9482499999999998
7.8925375,2.8286875000000005,19.916875,-2.38875
8.6721625,9.360212500000001,1.9903750000000002,-2.53525
3.6800875,7.310912500000001,8.094125,-1.54975
2.9252125,5.516537500000001,15.437625,-1.01325
2.7668125,3.0588625,16.549125000000004,-1.77775
3.5291125,0.9971875,13.727625000000002,-1.1982499999999998
6.5609875,0.9130375000000001,7.970625,-1.6757499999999999
3.7419625,1.0145125000000002,18.686625,-1.1312499999999999
2.6405875,2.2099375,15.822375000000001,-1.24375
4.7468125,5.165087500000001,5.168125,-2.98375
4.6626625,8.4444625,5.961375,-2.25275
2.3435875,7.154987500000001,7.239125,-1.03975
0.5739625,3.1058875,5.125375,-1.02775
6.3654625000000005,5.0586625000000005,17.470625000000002,-2.17225
4.6502875,1.2323125000000001,10.241125,-2.90325
1.2323125000000001,8.3083375,6.393625,-2.76925
6.1823125,1.3832875,13.209875,-2.43225
7.4099125,8.3454625,1.938125,-1.05175
2.5242625,8.412287500000001,9.219875,-1.44525
7.9841125,0.3932875,5.286875,-1.5107499999999998
3.2370625000000004,0.6655375,4.004375,-1.9767499999999998
8.5434625,9.545837500000001,14.867625,-1.9057499999999998
1.4030875,2.5737625,13.157625000000001,-2.0717499999999998
0.7892875,8.214287500000001,9.490625,-1.3352499999999998
7.3678375,5.759087500000001,18.135625,-2.07325
0.1928125,4.8284875,8.478875,-2.85725
9.672062500000001,5.5610875,15.005375,-2.6862500000000002
1.1803375,7.971737500000001,13.290625000000002,-1.18875
0.9699625000000001,5.6749375,2.223125,-1.52575
3.3509124999999997,5.348237500000001,6.4933749999999995,-2.20625
0.7100875,6.4421875,12.506875,-1.56025
2.3955625,5.3333875,1.947625,-1.28775
3.5414875000000006,4.5611875,9.338625,-2.61875
9.7982875,8.7686875,10.378874999999999,-1.80175
3.1677625000000003,7.2069625,16.487375,-2.44875
2.7742375000000004,7.746512500000001,14.767875000000002,-1.0087499999999998
8.5310875,6.724337500000001,8.906375,-2.42275
5.125487500000001,1.3313125000000001,6.631125,-2.50375
9.7091875,2.7296875000000003,2.2658750000000003,-2.04925
6.2887375,0.7991875,11.067625000000001,-2.69325
9.4814875,7.0584625,4.840375,-2.18725
7.7217625000000005,6.7614624999999995,9.414625000000001,-2.45775
6.6401875,7.380212500000001,9.547625,-2.36375
2.4054625,1.6778125,19.793375,-2.74225
7.8826375,7.174787500000001,9.965625,-1.56425
7.370312500000001,1.2496375000000002,3.5008749999999997,-2.67475
5.5239625,6.009062500000001,14.307125000000001,-1.26175
0.7645375000000001,7.998962500000001,13.376125,-2.12475
1.8980875,3.2890375,17.651125,-1.44475
2.5762375,1.3412125,7.965875,-2.09875
0.24231250000000001,5.768987500000001,5.6431249999999995,-1.16725
1.1580625,3.9696625,5.1206249999999995,-1.8067499999999999
5.588312500000001,8.4469375,11.466625,-1.13075
1.9748125,7.8974875,18.035875,-1.4477499999999999
7.323287500000001,8.7612625,3.363125,-1.4962499999999999
4.1057875,8.6201875,17.912375,-2.72725
2.8262125,3.4870375000000005,1.6578750000000002,-2.15425
6.7292875,5.9867875,13.784625,-2.79075
0.8412625,5.9125375,17.665375,-1.5452499999999998
9.2117125,3.8360125000000003,19.560625,-2.80525
3.9770875,5.5437625,14.706125000000002,-2.92375
2.2074625,0.4427875,4.583875,-2.76975
7.075787500000001,8.575637500000001,9.647375,-2.49175
4.4176375,4.7765125,4.626625,-1.4537499999999999
5.1131125,5.2145874999999995,4.5173749999999995,-2.60275
7.105487500000001,3.8681875000000003,17.522875000000003,-2.31825
9.7190875,4.1033124999999995,3.695625,-2.85225
4.4819875,7.7390875,13.836875000000001,-1.0027499999999998
4.5537624999999995,8.2217125,16.834125,-1.92875
7.4618875000000005,8.7662125,6.526625,-1.72525
3.9152125,9.3775375,9.129625,-1.45875
9.0137125,2.3237875,13.081625,-1.77325
5.365562500000001,9.9220375,10.972625000000003,-1.2782499999999999
4.2047875,5.8853125,11.970125000000001,-2.79725
7.162412500000001,4.4399125,6.996875,-1.79575
9.5507875,2.3831875,3.391625,-1.3752499999999999
5.5437625,5.355662500000001,5.495875,-1.9217499999999998
3.4053625,5.994212500000001,16.805625,-2.93925
3.3459624999999997,0.10123750000000001,6.692875,-1.63475
3.4004125,9.2933875,14.150375000000002,-2.70725
3.0836125,5.0042124999999995,13.874875000000001,-2.57825
0.8313625,5.7194875000000005,1.852625,-2.81425
3.2766625,1.8659124999999999,16.729625,-1.9537499999999999
9.5334625,5.667512500000001,9.476374999999999,-1.22775
0.41803750000000006,5.187362500000001,3.8333749999999998,-1.56575
6.885212500000001,3.6206875,15.993375000000002,-1.21925
5.506637500000001,4.7987875,4.963875,-2.96075
9.6324625,1.6431625,5.7856250000000005,-1.2427499999999998
9.1325125,6.333287500000001,3.619625,-2.15925
2.8658125,5.256662500000001,8.716375,-1.30025
2.7791875000000004,7.283687500000001,16.040875,-2.01675
9.7834375,0.4279375000000001,3.581625,-1.5932499999999998
5.328437500000001,2.1876625,7.490875,-1.07825
8.8231375,7.296062500000001,1.838375,-2.67575
1.7273125,9.4171375,5.985124999999999,-2.2952500000000002
9.3181375,4.4993125,7.101375,-2.53475
9.4146625,6.8777875,4.636125,-1.67925
0.8709625,2.7965125,2.299125,-2.87375
9.741362500000001,9.7958125,7.709375,-2.90575
9.0533125,6.018962500000001,15.684625000000002,-1.84575
6.9767875,7.9420375000000005,7.210624999999999,-2.81875
7.590587500000001,3.1504375000000002,17.090625,-2.55875
6.4075375,2.6480124999999997,7.191624999999999,-1.55575
0.3784375,0.9377875000000001,13.366625000000003,-2.74325
4.6032625,2.9054125,3.543625,-2.94175
9.2636875,5.9397625000000005,3.643375,-1.1962499999999998
2.4623875,7.654937500000001,12.321625000000001,-1.6537499999999998
9.439412500000001,6.3654625000000005,1.667375,-2.93975
9.256262500000002,0.6011875,18.724625,-1.9012499999999999
8.7612625,2.4747625,13.357125,-1.0767499999999999
7.7885875,9.936887500000001,10.711375,-2.64125
6.3184375,5.4299125,6.992125000000001,-1.27125
4.6082125,5.0215375,1.406125,-1.72975
4.5710875,6.833237500000001,17.009875,-2.3602499999999997
6.2070625,8.8033375,15.755875,-2.95425
9.1349875,0.4452625,10.540375000000001,-1.3167499999999999
2.0787625,7.5732625,6.227375,-2.37475
7.484162500000001,7.7737375,5.068375,-2.01275
6.3506125,6.4298125,14.273875,-1.28625
3.4573375000000004,0.42298750000000007,1.714875,-1.7342499999999998
6.7268125,9.6027625,7.115625,-1.35625
4.2518125,5.2888375000000005,6.422124999999999,-1.3777499999999998
0.47743749999999996,5.316062500000001,13.713375000000001,-2.58625
3.4672375000000004,8.860262500000001,7.376875,-1.4337499999999999
3.8211625000000002,4.6502875,10.815875,-2.28625
9.5829625,6.1872625,13.955625,-2.05875
9.1300375,4.0018375,5.709625,-2.81475
6.244187500000001,0.4873375,14.929375,-1.72725
4.2716125,9.535937500000001,1.035625,-1.99725
3.4177375000000003,3.7815625,13.228875,-1.5102499999999999
4.0983624999999995,1.1828125,1.828875,-1.35675
5.9595625000000005,7.303487500000001,13.418875,-2.95925
7.004012500000001,8.5632625,14.397375,-2.08075
5.375462500000001,3.7543375,11.328875,-1.60625
9.6497875,6.014012500000001,13.851125000000001,-1.0252499999999998
6.1377625,1.6976125,3.4296249999999997,-1.32025
0.5294125000000001,8.7018625,1.7861250000000002,-2.81275
0.47991249999999996,2.6752375,17.807875000000003,-2.13925
7.699487500000001,5.9768875,17.812625,-2.83025
9.4913875,2.5118875,1.7766250000000001,-1.33025
1.0392625,2.5861375,18.216375000000003,-2.74375
4.2666625,9.6547375,17.271125,-2.23025
3.8013625,8.929562500000001,9.889625,-1.40475
9.0211375,8.2514125,15.048125,-2.92175
6.1303375,5.328437500000001,17.142875,-2.09925
0.18786250000000002,0.3833875,3.220625,-1.2992499999999998
6.4768375,0.47496249999999995,15.271375,-1.0607499999999999
7.5064375000000005,2.6826624999999997,13.067375,-2.75575
3.3014125,1.8931375,18.567875,-2.0532500000000002
0.5442625,5.098262500000001,7.305624999999999,-1.1997499999999999
2.9796625000000003,5.4497125,6.835375,-1.82375
7.674737500000001,0.7769125,8.863624999999999,-1.54175
6.6500875,9.4270375,12.649375000000001,-1.9197499999999998
0.4551625,1.8362125000000002,4.9876249999999995,-2.75225
5.697212500000001,5.6427625,19.802875,-1.6277499999999998
4.4052625,1.7124625,18.354125,-2.91275
9.6250375,2.2767625000000002,6.6263749999999995,-1.4807499999999998
2.2445875,0.7373125,13.433125,-1.0627499999999999
5.538812500000001,2.3163625,10.355125000000001,-1.5327499999999998
9.4319875,5.8234375,7.804374999999999,-2.59175
8.8429375,5.9496625000000005,2.052125,-2.56525
6.9000625,2.3213125,1.439375,-1.16875
2.9648125000000003,4.6230625,9.158125,-2.01025
6.9495625,6.645137500000001,17.161875000000002,-2.76425
8.605337500000001,0.9328375000000001,13.879625,-1.0432499999999998
4.1874625,4.9794624999999995,16.658375,-1.76525
1.7941375000000002,9.3156625,2.227875,-2.92225
3.2741875,2.9771875,12.464125000000003,-2.4387499999999998
1.6258375,0.8214625,18.401625000000003,-1.0187499999999998
2.7841375000000004,5.9150125000000005,11.086625000000002,-2.70625
5.0586625000000005,5.8457125,13.817875,-2.82525
7.103012500000001,9.226562500000002,5.505375,-1.9982499999999999
9.978962500000002,7.2985375,8.721125,-2.25875
5.0116375,8.939462500000001,11.039125,-1.2122499999999998
3.7469125,7.9222375000000005,12.017625,-1.5002499999999999
5.145287500000001,0.9353125000000001,15.713125000000002,-2.13075
9.429512500000001,4.6106875,11.561625,-1.83375
7.4816875000000005,7.1673625,15.812875,-1.7722499999999999
6.5783125,1.8906625,4.009124999999999,-2.84175
5.427437500000001,7.959362500000001,13.414125,-2.46675
8.2093375,4.2023125,11.708875,-1.1037499999999998
4.2765625,8.125187500000001,13.675375,-1.50525
8.9567875,2.6702875,6.084875,-1.6297499999999998
9.5903875,9.587912500000002,13.200375000000001,-2.33425
3.1108375,9.4839625,16.843625000000003,-2.79375
0.1705375,2.4252625,18.016875000000002,-2.93175
7.776212500000001,1.9946125000000001,19.532125,-1.10025
0.5467375,5.838287500000001,8.393374999999999,-2.81325
6.9396625,6.1278625,18.852875,-1.8692499999999999
7.6871125000000005,2.7791875000000004,16.786625,-1.4722499999999998
2.5663375,3.0712375,19.570125,-1.58425
0.1037125,3.3855625,1.007125,-1.35475
6.7787875,4.5364375,2.0473749999999997,-2.93675
0.9798625,4.9373875,19.470375,-2.96925
9.8750125,4.5215875,13.898625000000001,-1.91125
2.2346875,6.058562500000001,3.909375,-2.73575
4.3706125,1.9401625,16.093125,-1.2707499999999998
2.9672875,9.1498375,3.1873750000000003,-2.75825
9.206762500000002,1.4179375,10.792125,-1.10625
3.5216875000000005,1.2273625000000001,16.349625,-1.16475
7.7267125000000005,4.6057375,8.911125,-1.3372499999999998
6.902537500000001,2.1356875000000004,7.419625,-2.17975
3.7543375,7.9172875000000005,3.7763749999999994,-1.76575
6.0758875,2.1406375,1.486875,-2.59075
2.5094125,0.3314125,16.202375000000004,-2.44275
4.7171125,0.1185625,5.742875,-2.48525
4.6997875,2.5069375,3.173125,-2.0932500000000003
0.7348375,5.6130625,15.504125,-2.88775
2.0317375,0.14826250000000002,4.764374999999999,-2.72075
1.6060375,9.4740625,13.323875000000001,-2.68975
8.0435125,8.9246125,15.456625,-1.71125
6.043712500000001,3.2197375,4.906874999999999,-1.5312499999999998
8.9369875,7.6524625,11.860875,-1.0042499999999999
8.4370375,5.8259125,7.457624999999999,-1.00775
3.4895125,0.7892875,13.034125,-2.27025
4.6205875,4.8161125,15.774875,-2.47775
4.5339625,2.9252125,15.675125000000001,-1.9847499999999998
0.3190375,6.912437500000001,5.419875,-2.60925
9.4418875,0.7620625000000001,7.153624999999999,-2.64625
2.2891375000000003,8.9716375,17.769875000000003,-1.8127499999999999
9.9022375,1.3115125,6.118124999999999,-2.41275
7.1673625,9.7289875,5.818875,-1.79425
4.6329625,4.7220625,6.555125,-2.13875
8.164787500000001,3.3137875,6.878125,-2.34025
8.1128125,4.4126875,10.350375,-1.00975
5.877887500000001,8.850362500000001,8.521625,-1.13025
0.4254625000000001,9.9913375,14.354625,-2.48325
7.989062500000001,6.9495625,11.309875,-1.3832499999999999
1.3090375,5.8729375,9.661624999999999,-1.1332499999999999
7.736612500000001,6.5585125,14.587375,-2.83175
4.1899375,2.4054625,7.880375,-1.5352499999999998
7.3777375,3.4697125,14.012625,-1.97775
6.1971625,3.1999375,3.472375,-1.19325
3.3063625,0.2348875,7.590625,-2.47125
0.8214625,6.553562500000001,8.326875000000001,-1.50925
7.2193375,9.840362500000001,5.339125,-2.89825
7.8529375,9.1102375,5.966124999999999,-1.72375
2.5935625000000004,4.1107375,14.478125000000002,-2.78425
8.402387500000001,9.850262500000001,13.466375000000001,-2.92125
2.4920875,2.3460625,19.080875000000002,-2.4362500000000002
6.0263875,4.0216375,12.236125000000001,-1.1757499999999999
4.4547625,0.3784375,3.1161250000000003,-1.8757499999999998
5.325962500000001,9.3725875,15.798625000000001,-1.6092499999999998
6.905012500000001,9.0731125,18.330375,-2.63925
5.085887500000001,0.30666250000000006,15.793875,-2.47325
8.390012500000001,2.9945125000000004,10.530875000000002,-2.30175
4.5611875,2.2990375,17.347125000000002,-2.35225
9.1795375,5.365562500000001,19.736375,-2.32775
6.9569875,2.3559625,15.413875000000003,-2.54475
6.8010625,0.8338375,4.740625,-1.94475
5.618012500000001,2.2965625,13.694375,-2.58375
0.1853875,5.066087500000001,11.523625000000001,-1.6472499999999999
4.8953125,0.1952875,19.266125000000002,-1.01525
2.9301625000000002,0.5937625000000001,6.7071250000000004,-1.12875
1.5119875000000003,1.4674375000000002,1.572375,-1.91025
8.5335625,9.897287500000001,7.742625,-1.2682499999999999
9.3577375,5.979362500000001,11.922625,-2.63075
9.0805375,3.1949875,10.872875,-2.46375
1.9698625,1.6877125,8.754375,-2.80325
1.5416874999999999,6.3456625,13.646875,-2.09725
9.966587500000001,8.313287500000001,19.959625000000003,-2.89775
2.9969875,6.4199125,14.083875,-2.32325
8.9023375,5.989262500000001,9.628375,-1.0707499999999999
1.0367875,7.7588875,7.224875,-1.44925
5.768987500000001,6.875312500000001,4.617125,-1.62425
1.5837625,9.1201375,13.746625000000002,-2.01625
5.4695125,7.8232375,18.206875,-1.5907499999999999
4.9745124999999994,2.5638625,17.575125,-1.1737499999999998
5.5932625,1.8065125000000002,19.983375000000002,-1.6112499999999998
9.068162500000001,6.372887500000001,12.388125000000002,-2.4442500000000003
7.434662500000001,8.3677375,3.1778750000000002,-1.3932499999999999
2.4376375,2.7123625,14.710875000000001,-2.74775
4.1132124999999995,6.1501375000000005,6.778375,-1.87475
0.7175125,2.7890875000000004,14.221625,-1.24925
3.7295875,9.1448875,18.914625,-1.3377499999999998
9.976487500000001,4.7121625,13.347625000000003,-2.84875
6.741662500000001,0.4007125,8.673625,-2.40675
7.023812500000001,6.843137500000001,19.812375,-1.98725
8.6127625,8.800862500000001,19.684125,-2.92925
7.7168125000000005,6.0313375,16.321125000000002,-1.8432499999999998
3.3113125,6.773837500000001,5.8996249999999995,-2.76075
3.0563875,8.382587500000001,19.256625,-2.50325
1.8040375000000002,4.5339625,8.735375000000001,-1.3652499999999999
8.508812500000001,1.5887125,8.678374999999999,-2.80025
7.800962500000001,4.5537624999999995,9.856375,-2.44575
6.882737500000001,4.0711375,18.643875,-2.03375
6.033812500000001,8.0633125,19.745875,-1.4967499999999998
1.6703875000000001,7.5534625,6.008875,-1.9017499999999998
2.9821375,7.6079125,18.681875,-2.47825
3.9696625,5.999162500000001,12.606625000000001,-1.19675
6.1847875000000005,8.9023375,1.700625,-2.00475
2.7767125,4.7096875,2.9498750000000005,-1.3912499999999999
9.8279875,6.0610375,7.984875,-1.1762499999999998
0.5863375000000001,5.7417625,15.708375000000002,-2.66675
9.4344625,3.0662875,10.207875,-2.21525
0.9650125,5.1923125,11.243375000000002,-1.1012499999999998
4.7294875,0.2398375,16.606125000000002,-2.92825
8.4419875,1.0788625,7.139375,-2.18775
2.2049875,3.6800875,4.835625,-2.47425
7.0089625,5.9298625000000005,6.198875,-1.3492499999999998
4.6354375,5.2121125,19.574875000000002,-1.0107499999999998
3.3311124999999997,3.9300625,18.325625000000002,-1.2042499999999998
9.790862500000001,7.105487500000001,8.341124999999998,-2.98475
5.9100625,6.7070125,19.555875,-1.3207499999999999
5.773937500000001,6.543662500000001,8.322125,-2.58275
4.5760375,0.24726250000000002,18.772125000000003,-2.06575
0.8437375,1.6901875,17.351875000000003,-1.4557499999999999
6.424862500000001,8.617712500000001,18.050125,-1.0727499999999999
5.764037500000001,0.46011250000000004,12.283625,-2.75875
1.9500625,0.8684875,6.056375,-1.2202499999999998
3.1355875,6.3060625,12.597125,-2.45425
1.7570125,5.5115875,3.3061249999999998,-2.4547499999999998
2.4698125,1.7174125,18.539375000000003,-1.8977499999999998
2.4797124999999998,1.6629625000000001,19.598625000000002,-1.90725
9.6126625,9.3280375,12.967625000000002,-1.5307499999999998
0.9848125,5.1997375,11.974875,-2.98425
5.454662500000001,5.2294375,11.599625,-1.0837499999999998
2.0416374999999998,9.0854875,17.047875,-2.00775
9.266162500000002,2.8979875,1.971375,-2.25775
0.8165125,4.4720875,12.563875000000001,-2.06675
8.011337500000002,9.696812500000002,8.934874999999998,-1.6057499999999998
8.3850625,8.6795875,13.114875000000001,-2.44825
2.5787125000000004,3.0464875,19.850375,-1.8572499999999998
8.2588375,7.1772625,1.520125,-1.03825
9.6646375,0.2695375,16.207125,-2.32425
2.0193625,3.9251125,18.069125,-1.6642499999999998
1.6406875,5.1824125,19.641375,-1.8792499999999999
0.5244625,9.389912500000001,7.633375,-1.2722499999999999
1.3610125,3.7073125000000005,13.319125000000001,-2.14475
4.8136375000000005,2.6628624999999997,3.1113750000000002,-1.6902499999999998
7.7786875,9.2240875,3.719375,-1.5972499999999998
5.749187500000001,4.6403875,16.473125000000003,-2.4762500000000003
6.1352875000000004,0.4477375,19.175875,-2.94975
3.3236875,7.204487500000001,8.089375,-2.38575
3.5810875,9.6621625,11.609125,-2.92325
9.8725375,4.063712499999999,1.216125,-1.29975
2.4029875,9.701762500000001,17.275875000000003,-1.34025
2.3609125,2.3114125,19.413375000000002,-2.97525
8.050937500000002,7.414862500000001,15.841375000000001,-2.33075
2.5638625,9.681962500000001,3.310875,-2.77575
2.9326375000000002,5.407637500000001,4.7833749999999995,-1.0062499999999999
7.2688375,0.8264125,7.581125,-1.0772499999999998
3.3385375,0.6704875,12.582875000000001,-1.0487499999999998
0.6927625000000001,4.5686124999999995,6.303375,-2.88325
5.1230125,1.5218875,16.990875000000003,-2.57025
1.3684375,4.0760875,12.055625000000001,-2.93725
5.526437500000001,1.1481625000000002,8.664124999999999,-1.5787499999999999
6.254087500000001,8.204387500000001,16.762875,-1.0007499999999998
0.6853375,6.7886875,4.959124999999999,-2.58425
9.1547875,1.9871875,12.896375,-2.74925
3.2667625000000005,6.2565625,10.535625000000001,-2.44475
8.0261875,3.7147375,5.115875,-2.98175
5.848187500000001,7.4990125,3.8096249999999996,-1.8172499999999998
6.382787500000001,2.1851875,14.611125000000001,-1.1217499999999998
4.7864125,3.5538625,19.722125000000002,-2.43775
3.0291625,7.021337500000001,4.270375,-2.87225
7.0287625,9.1795375,16.197625000000002,-2.31875
3.2939875,7.0460875000000005,18.924125,-1.36675
8.939462500000001,9.479012500000001,9.542875,-2.76375
1.8535374999999998,4.9052125,11.115125,-2.37525
7.4891125,8.479112500000001,1.824125,-1.63025
9.889862500000001,7.7291875,13.680125,-2.65975
8.060837500000002,4.2864625,2.113875,-2.32925
5.595737500000001,6.3902125000000005,18.719875000000002,-1.7567499999999998
5.0611375,5.0611375,13.589875000000001,-1.32825
9.6052375,3.5241625,3.728875,-1.3457499999999998
4.8482875,3.9152125,7.980125,-2.68275
9.1919125,5.417537500000001,16.534875,-2.27875
4.1107375,0.41308750000000005,11.884625,-2.75925
7.7044375,4.1528125,11.594875,-1.7062499999999998
9.3131875,4.6700875,6.949375,-2.35625
9.2488375,9.672062500000001,10.977375000000002,-1.43925
6.474362500000001,4.8136375000000005,13.689625000000001,-2.30775
5.7516625,1.4030875,6.089625,-1.4482499999999998
1.9030375,5.486837500000001,16.943375,-1.66125
6.1625125,1.6208875,16.268875,-1.01775
6.5090125,2.5094125,5.538625,-2.50875
3.0415375,9.8032375,7.4956249999999995,-2.71825
7.2762625000000005,7.541087500000001,5.267875,-2.95725
1.1283625000000002,8.4716875,11.214875000000001,-2.50225
7.6178125,9.246362500000002,9.903875000000001,-1.8812499999999999
8.1326125,7.162412500000001,16.962375,-1.58175
5.4596125,9.926987500000001,13.765625000000002,-1.81625
1.4723875000000002,6.5090125,17.095375,-1.8367499999999999
0.9674875000000001,8.528612500000001,14.482875000000002,-1.74375
4.1750875,8.5038625,17.974125,-2.56675
0.5046625,7.6772125,14.701375,-2.84125
6.412487500000001,7.202012500000001,17.902875,-1.0667499999999999
1.4080375,5.5907875,9.229375,-1.16525
8.724137500000001,4.2468625,5.719125,-1.9962499999999999
3.8335375000000003,2.9326375000000002,11.404875,-2.01425
3.7964125,5.548712500000001,17.328125000000004,-2.14275
1.2149875,1.0763875,6.939875,-1.02975
1.3560625,7.6970125000000005,16.572875000000003,-1.6237499999999998
1.5713875,8.392487500000001,5.334375,-2.29575
9.0013375,9.3057625,2.185125,-1.35225
3.2296375,2.5415875,5.206125,-2.05725
1.6530625,0.6358374999999999,5.3771249999999995,-1.3612499999999998
1.0095625000000001,6.3258625,7.856625,-1.87075
2.0168875,0.5492125,7.885125,-2.0172499999999998
8.0336125,1.6258375,15.651375000000002,-1.62475
2.6801875,5.0066875,6.640625,-1.0527499999999999
7.7836375,4.7591875,3.7668749999999998,-1.0867499999999999
6.674837500000001,1.3808125,13.371375,-1.8577499999999998
6.9272875,1.6852375,16.800875,-1.22975
2.9697625000000003,7.555937500000001,13.798875,-2.72525
7.404962500000001,2.6034625000000005,14.720375,-1.18325
9.026087500000001,9.2216125,10.673375,-2.19725
6.2120125,0.24231250000000001,7.0966249999999995,-1.3152499999999998
2.5490125,3.8112625,12.131625000000001,-1.4782499999999998
7.7019625000000005,0.7447375,16.976625,-2.47675
5.858087500000001,4.283987499999999,1.415625,-2.26675
7.694537500000001,2.3633875,15.698875000000001,-2.29725
1.1184625000000001,4.7294875,1.952375,-2.86375
0.4997125,8.6003875,10.611625000000002,-1.5147499999999998
7.533662500000001,2.2049875,17.546625000000002,-1.8517499999999998
8.8132375,7.2787375,12.758625000000002,-2.16625
7.0188625,2.2148875,18.624875,-1.1597499999999998
7.9024375000000004,1.4080375,1.144875,-2.48125
5.7046375000000005,7.5014875000000005,6.6358749999999995,-1.69125
6.0461875,1.0491625,11.770625,-1.91725
3.1256875,3.6677125000000004,8.526375,-1.9942499999999999
5.637812500000001,1.5986125,4.474625,-2.24125
5.7145375000000005,9.7141375,11.077125,-1.45125
2.9945125000000004,1.6283125,13.855875000000001,-2.07125
3.1009375,1.6159375,6.673875,-1.45325
6.1328125,6.6599875,11.110375000000001,-2.45625
5.8160125,8.0261875,10.806375000000001,-1.4597499999999999
6.1674625,0.2744875,18.572625000000002,-2.99575
4.6403875,7.674737500000001,14.568375,-1.5867499999999999
4.274087499999999,7.6475125,15.029125,-2.97325
9.4121875,7.404962500000001,8.079875,-1.1317499999999998
1.0244125000000002,4.5092125,16.625125,-1.78175
0.1952875,9.637412500000002,6.2986249999999995,-2.3592500000000003
9.4245625,1.4649625000000002,6.602625,-1.0572499999999998
4.7666125,7.4965375000000005,3.918875,-2.43175
4.2617125,5.803637500000001,13.537625000000002,-2.24975
9.0557875,1.7273125,3.9331249999999995,-2.50625
5.476937500000001,3.8063125,6.094375,-2.61625
8.9419375,4.7443375,13.623125000000002,-1.52325
3.1034125,5.3111125,9.390875,-1.6957499999999999
5.1824125,1.1085625000000001,13.338125000000002,-1.7042499999999998
0.9872875,5.0413375,1.220875,-2.61325
1.1877625,2.8212625,7.585875000000001,-2.93075
3.4697125,4.3631874999999996,17.119125,-2.02075
2.9573875,2.4128875,19.085625,-2.56975
1.1308375000000002,4.1577625,19.859875000000002,-2.20425
6.4397125,9.8725375,17.309125,-1.5827499999999999
5.937287500000001,7.909862500000001,12.701625000000002,-2.03025
4.5166375,8.390012500000001,2.6933749999999996,-2.89875
0.5690125,4.8557125,3.838125,-1.6037499999999998
5.6427625,3.0885625,9.333874999999999,-1.87025
7.0064875,3.9350125,19.992875,-2.96975
4.4473375,9.686912500000002,2.7171250000000002,-1.64475
9.3453625,9.4468375,12.084125000000002,-1.6392499999999999
4.0909375,0.9947125,3.990125,-1.7182499999999998
4.1429124999999996,4.5884125,2.042625,-2.55025
7.1797375,9.585437500000001,4.778625,-1.8272499999999998
3.0935125,6.704537500000001,17.442125,-1.59225
6.103112500000001,8.4865375,19.888375,-2.65525
9.9344125,3.9028375,10.274375,-1.4037499999999998
3.0390625,7.1104375,10.188875,-1.5087499999999998
1.4798125000000002,2.0861875,11.058125,-1.9862499999999998
4.7839375,6.8678875,15.470875000000001,-1.35425
6.313487500000001,7.2490375,11.447625,-2.92425
9.0335125,8.7414625,8.027625,-1.9827499999999998
2.4203125,8.6399875,10.212625,-1.59175
1.2298375000000001,1.0466875,2.6553750000000003,-1.1232499999999999
6.6080125,0.6308874999999999,9.300625,-2.16325
8.850362500000001,4.068662499999999,6.023124999999999,-2.76525
9.516137500000001,8.8652125,7.809125,-2.00275
3.2197375,1.0417375,13.922375000000002,-2.09075
1.8065125000000002,1.9822375,1.463125,-2.1397500000000003
0.8387875,1.8782874999999999,5.624124999999999,-2.27425
6.9891625,3.9201625,4.688375,-1.3032499999999998
3.2395375,3.8013625,16.178625000000004,-1.64425
8.9914375,0.9179875000000001,11.096125,-2.61125
1.5862375,5.0710375,18.012125,-2.72125
5.4002125,2.0416374999999998,7.861375,-2.35575
7.380212500000001,8.5162375,2.341875,-1.62625
4.9967875,3.8459125000000003,3.087625,-2.23725
8.959262500000001,5.177462500000001,9.162875,-1.66875
7.8875875,3.0365875,17.978875000000002,-2.39425
9.1151875,9.476537500000001,4.788125,-1.38625
3.7790875,2.9598625000000003,8.402875,-2.51375
4.1082624999999995,7.7341375,2.964125,-2.62825
5.8531375,4.8062125,2.085375,-1.80025
7.536137500000001,3.1207375,2.641125,-1.7287499999999998
4.5191125,9.4443625,3.106625,-1.48975
3.4622875000000004,7.4792125,9.143875,-2.72375
0.3388375,9.8230375,7.329375,-1.58375
4.3607125,1.4327875,7.6191249999999995,-1.7787499999999998
2.8212625,1.7372125,12.858375,-2.96275
8.0855875,8.4345625,8.037125,-1.5407499999999998
9.1201375,6.9470875,14.810625000000002,-2.10075
7.4495125,2.9276875,19.817125,-2.62575
2.9400625000000002,4.8854125,1.591375,-1.93925
4.8334375,0.2843875,6.517125,-1.04225
2.1431125,4.4918875,18.833875,-2.94625
8.8627375,0.41556250000000006,9.405125,-2.79875
8.070737500000002,4.3854625,10.141375,-2.05675
9.998762500000002,0.8561124999999999,1.425125,-1.3012499999999998
0.1259875,0.1383625,12.307375,-2.93375
9.127562500000002,4.073612499999999,16.710625,-2.37075
0.8635375,2.0663875,10.108125,-2.88675
1.6951375,5.6922625,14.155125000000002,-1.60225
9.731462500000001,1.8139375000000002,2.5841250000000002,-1.36625
4.0414375,0.9897625,5.833125000000001,-1.33625
8.7662125,4.0067875,10.682875000000003,-1.1512499999999999
0.8338375,8.1425125,19.926375,-1.74325
8.548412500000001,3.9523375,14.226375000000003,-1.7017499999999999
3.1875625000000003,1.4204125,3.154125,-1.29225
6.7664125,4.3879375,8.113125,-2.01175
4.5859375,7.184687500000001,14.074375000000002,-2.28525
7.6970125000000005,8.4939625,3.700375,-1.01575
5.8110625,5.207162500000001,7.671375,-1.8332499999999998
2.4450625,6.004112500000001,13.637375000000002,-2.85775
3.1628125000000002,2.9153125,17.399375,-2.2487500000000002
0.13341250000000002,0.1136125,17.788875,-2.53575
0.7546375000000001,9.486437500000001,17.850625,-1.0002499999999999
8.4221875,6.3877375,2.351375,-1.70725
1.3931875,7.053512500000001,13.642125,-2.96375
6.731762500000001,6.5882125,12.715875000000002,-2.36725
6.744137500000001,2.2817125000000003,10.811125,-2.97475
6.5461375,0.13341250000000002,2.441625,-1.2462499999999999
6.4570375,9.790862500000001,11.457125000000001,-2.45075
1.9376875,7.570787500000001,15.603875,-1.61825
1.5070375000000003,2.4599125,16.653624999999998,-1.07225
7.444562500000001,9.9418375,17.199875000000002,-1.80825
2.0441124999999998,6.5263375,15.898375000000001,-2.68875
3.2791375,3.6058375,5.5718749999999995,-1.38475
6.7911624999999995,9.568112500000002,12.264625,-1.73125
1.7842375000000001,1.6332625,4.422375,-2.81125
8.078162500000001,4.0043125,18.392125,-2.75775
9.6423625,2.6678124999999997,16.777125,-2.82025
6.4916875,6.412487500000001,1.111625,-2.77075
5.0017375,7.1995375,7.0348749999999995,-2.34425
0.17548750000000002,9.439412500000001,10.041625,-1.5332499999999998
5.4818875,1.5392124999999999,17.190375,-2.43475
3.7568125,2.8163125,7.8946250000000004,-1.51925
7.085687500000001,2.1035125000000003,9.504875,-2.1887499999999998
8.3058625,1.7718625000000001,14.801125000000003,-2.4122500000000002
2.1876625,8.6894875,7.277125,-1.1017499999999998
3.3929875000000003,8.7637375,1.662625,-1.30575
4.5636624999999995,4.7740375,11.257625000000003,-2.85325
8.2316125,8.018762500000001,3.078125,-2.13375
6.0808375,7.845512500000001,3.7811249999999994,-2.4002499999999998
6.9173875,2.0936125,17.318625,-2.36275
9.0434125,1.1877625,6.289124999999999,-2.05175
4.288937499999999,8.1400375,16.919625,-1.9557499999999999
9.956687500000001,2.4475375,11.343125,-1.8512499999999998
2.0218375,2.3980375,1.729125,-2.86025
0.46258750000000004,9.2488375,15.304625000000001,-1.4237499999999998
9.320612500000001,9.860162500000001,18.824375000000003,-1.10825
0.1136125,2.5341625,13.428375,-1.27975
5.0438125,2.4524875,2.731375,-1.34875
2.2247875,9.9245125,16.910125,-1.73525
4.8557125,2.2866625000000003,16.938625000000002,-1.50725
8.4939625,3.1850875,3.291875,-1.90675
7.640087500000001,8.597912500000001,12.772875000000003,-2.61425
3.5340625,2.9623375,6.284375,-1.20725
7.345562500000001,3.7493875,6.512375,-2.42325
5.348237500000001,5.0363875,14.178875000000001,-1.7362499999999998
8.8850125,4.288937499999999,15.109875000000002,-2.37925
6.5015875,7.1599375,16.553875,-1.64075
8.1202375,1.7297875,9.813625,-1.3797499999999998
8.7785875,3.2964625,19.346875,-2.12925
4.7789875,6.219437500000001,4.849875,-1.4802499999999998
9.340412500000001,9.3255625,12.696875000000002,-1.03625
9.9839125,0.9427375000000001,12.549625,-1.35025
6.7070125,2.7668125,15.038625000000001,-2.65875
8.8553125,8.323187500000001,3.8666249999999995,-1.49125
8.8973875,3.5984125000000002,6.151375,-1.3452499999999998
8.880062500000001,2.0342125,5.609875,-2.84775
4.1726125,9.469112500000001,11.993875000000001,-2.6237500000000002
0.1284625,1.0268875000000002,12.901125,-1.30975
7.6227625,4.058762499999999,14.373625,-2.15225
2.0762875,6.635237500000001,3.8143749999999996,-2.04875
4.7715625,6.803537500000001,19.669875,-1.5292499999999998
2.0812375,4.6725625,11.699375000000002,-1.32425
6.414962500000001,3.3533875,10.450125,-2.97025
5.615537500000001,5.927387500000001,15.665625000000002,-2.5772500000000003
0.7298875,6.3308125,2.208875,-1.7827499999999998
1.5317874999999999,4.5463375,18.301875,-1.6397499999999998
0.1383625,6.494162500000001,18.396875,-1.9282499999999998
3.1603375000000002,8.9642125,19.038125,-2.35475
3.0093625000000004,5.793737500000001,16.159625000000002,-2.52125
2.2124125,8.4172375,10.625875000000002,-1.88675
1.7446375,4.9571875,4.469875,-2.90075
0.1210375,5.7318625,18.002625000000002,-1.47725
8.6201875,4.3260625,1.045125,-1.2987499999999998
1.6580125000000001,9.578012500000002,1.586625,-1.1112499999999998
2.7123625,9.820562500000001,3.101875,-1.5732499999999998
4.073612499999999,3.1727125000000003,3.510375,-1.7687499999999998
3.8607625000000003,4.8829375,2.897625,-2.3762499999999998
5.147762500000001,3.5736625,7.134625,-2.10575
1.2669625000000002,8.058362500000001,17.983625,-2.42425
2.4351625,2.2000375,2.3371250000000003,-1.2407499999999998
8.6597875,7.023812500000001,13.485375000000001,-1.8697499999999998
9.711662500000001,7.7935375,3.8048749999999996,-1.66075
5.7392875000000005,5.2319125,10.203125,-2.49825
5.467037500000001,6.6302875,19.517875,-2.01575
6.053612500000001,0.8140375000000001,7.3626249999999995,-2.78475
0.7595875000000001,1.4822875000000002,4.237125,-1.6352499999999999
6.4669375,6.4520875,1.857375,-1.5487499999999998
3.6825625000000004,1.3139875,4.892625000000001,-2.80875
5.3828875,3.9374875,14.953125000000002,-2.18975
3.1083625,5.5239625,17.043125000000003,-1.42875
7.6326625,8.011337500000002,12.069875000000001,-1.80575
8.870162500000001,1.7619625,13.219375000000001,-1.3772499999999999
2.5267375,2.9400625000000002,7.391125,-2.0637499999999998
3.0167875,2.4722875,15.181125,-2.35275
4.3161625,7.9940125,3.7098750000000003,-2.04275
4.7443375,4.0315375,15.375875000000002,-2.69875
7.5188125,1.8560124999999998,1.401375,-2.40775
1.5020875000000002,1.7768125000000001,6.887625,-1.81425
6.635237500000001,8.9864875,6.070625,-1.90425
1.1209375000000001,3.6850375,19.655625,-1.86825
2.8509625,5.1700375,13.043625000000002,-1.49375
9.9443125,6.1402375000000005,10.169875,-2.04125
6.454562500000001,9.5408875,9.666375,-1.9382499999999998
4.1973625,1.3065625,14.573125000000001,-2.54375
2.1480625,7.424762500000001,10.060625,-1.9142499999999998
6.1476625,3.2469625000000004,4.232374999999999,-1.68075
1.7322625,6.2961625,18.415875,-1.98975
0.8585875,1.5961375,15.266625000000001,-2.94475
5.9001625,7.890062500000001,2.394125,-2.01925
7.998962500000001,1.1605375,5.467375,-1.55425
5.1799375,0.4898125,1.5818750000000001,-1.7427499999999998
8.3207125,0.6284125,7.215375,-2.4137500000000003
7.5683125,0.2893375,11.333625000000001,-1.34675
5.105687500000001,0.6605875,7.704625,-2.37175
3.8384875000000003,6.1328125,6.521875,-2.1807499999999997
9.810662500000001,7.870262500000001,15.147875000000003,-2.7327500000000002
8.0732125,4.2072625,17.565625,-1.68125
6.3258625,8.1920125,10.796875,-1.96725
5.345762500000001,9.026087500000001,10.497625000000001,-2.90975
1.7916625000000002,3.6776125000000004,2.750375,-2.07225
3.9523375,6.043712500000001,6.469625,-1.3997499999999998
4.2914125,1.3288375000000001,16.525375000000004,-1.5492499999999998
5.2517125,7.4272375,19.836125000000003,-1.1457499999999998
8.7414625,4.1305375,16.482625,-1.4702499999999998
6.8975875,2.8336375000000005,16.544375000000002,-1.97725
1.4674375000000002,7.560887500000001,1.292125,-2.25825
2.4772374999999998,7.434662500000001,7.642875,-2.60725
1.7669125,3.5068375000000005,12.877375,-2.28175
3.6231625000000003,2.5316875,16.188125,-1.1897499999999999
5.0685625000000005,9.6200875,10.236374999999999,-1.20525
5.528912500000001,4.1082624999999995,1.187625,-2.03425
5.066087500000001,6.7292875,15.618125000000001,-2.59425
9.721562500000001,4.9225375,17.508625000000002,-1.2932499999999998
3.0464875,6.239237500000001,15.195375,-2.0997500000000002
3.7667125,3.8954125000000004,10.640125000000001,-2.41575
2.3930875,4.9250125,12.516375,-2.92025
9.939362500000001,4.6453375,16.815125000000002,-1.40875
3.9325375,9.2958625,18.601125,-1.2742499999999999
8.7439375,9.117662500000002,15.442375,-1.09625
2.0243125,2.7767125,4.260875,-1.00525
0.1631125,7.362887500000001,11.632875,-2.47075
4.6824625,3.2321125000000004,3.4961249999999997,-2.08675
4.0810375,4.2171625,8.559625,-2.62275
9.9418375,4.4225875,2.726625,-1.0262499999999999
9.7883875,7.263887500000001,12.183875,-2.5532500000000002
2.9499625000000003,9.7388875,7.357875,-1.2062499999999998
5.647712500000001,3.6627625000000004,7.913625,-2.29625
1.8263125000000002,2.4920875,19.631875,-2.60575
1.1951875,3.1628125000000002,11.799125000000002,-2.78375
8.3380375,5.8110625,9.457374999999999,-1.5652499999999998
3.5687125,9.3379375,3.9473749999999996,-2.88875
8.2019125,7.385162500000001,5.595624999999999,-1.1922499999999998
7.669787500000001,9.0929125,4.545875,-2.50525
3.2098375,4.308737499999999,13.566125000000001,-2.5877499999999998
1.9178875,6.1476625,15.081375000000001,-2.85925
3.9201625,8.0063875,8.388625,-2.33975
2.5861375,2.5217875,2.037875,-2.96325
4.6181125,9.7463125,10.279125,-1.4862499999999998
7.8578875,9.9641125,1.192375,-1.6217499999999998
0.6605875,3.6107875,19.964375,-1.0247499999999998
7.919762500000001,7.221812500000001,7.695125,-2.51575
3.0019375,1.3040875,17.104875,-1.4442499999999998
6.533762500000001,7.1500375,16.639375,-2.49225
4.6106875,5.2616125,15.366375000000001,-1.18525
8.3751625,4.8755125,17.855375000000002,-2.36525
3.0737125,3.8756125000000003,2.978375,-2.18925
0.24478750000000002,3.9399625,7.072875,-1.91275
7.2564625000000005,9.6299875,4.930625,-2.94525
4.1231124999999995,1.6505875,8.749625,-1.50575
9.6398875,2.0243125,18.615375,-1.8287499999999999
5.5338625,9.177062500000002,10.359874999999999,-2.24475
1.3709125,7.051037500000001,5.771375,-2.08975
8.469212500000001,9.0236125,11.504625,-2.16675
0.3314125,7.6920625000000005,9.604624999999999,-2.37225
8.4147625,5.9447125000000005,18.116625000000003,-1.0067499999999998
0.5096125,6.2813125,17.394625,-1.3897499999999998
6.991637500000001,3.2915125,14.972125000000002,-1.6622499999999998
5.746712500000001,6.1748875000000005,8.160625,-1.6517499999999998
6.952037500000001,3.3113125,19.973875000000003,-2.97425
5.783837500000001,7.679687500000001,16.311625,-2.07525
2.7915625,1.6406875,15.722625000000003,-2.84625
8.9221375,9.4121875,9.690125,-2.02175
7.2391375,7.7093875,1.2113749999999999,-1.1977499999999999
3.8434375000000003,2.9549125000000003,5.191875,-1.73375
5.994212500000001,6.2862625,3.847625,-2.69075
1.8881875,6.422387500000001,9.305375,-2.17925
3.8360125000000003,2.6331625000000005,6.802125,-2.7752499999999998
7.751462500000001,1.8337375000000002,15.086125000000001,-1.8932499999999999
2.4178375,8.7068125,16.748625,-1.63425
6.2912125,9.1993375,12.540125000000002,-1.97575
0.7125625,7.325762500000001,1.491625,-2.91025
7.4717875000000005,8.1771625,7.951625,-1.4867499999999998
0.9996625,1.8114625000000002,3.443875,-2.17675
5.7095875000000005,0.3908125,4.441375,-2.24425
7.6623625,4.5512875,7.562125,-1.97375
5.9051125,0.5120875,2.802625,-1.21325
8.568212500000001,4.1602375,11.167375000000002,-1.95725
9.771062500000001,8.6771125,14.212125000000002,-2.29125
9.946787500000001,6.7490875,7.557375,-1.41525
7.966787500000001,5.8531375,18.696125000000002,-1.82625
0.5665375,7.6871125000000005,2.128125,-1.78425
7.9544125,4.0934124999999995,16.933875,-1.4602499999999998
7.9940125,0.5714875,3.287125,-1.0827499999999999
5.1898375,8.558312500000001,9.709125,-1.92725
7.6475125,3.2840875,8.763875,-1.37425
7.3876375,8.919662500000001,10.231625,-2.17175
3.5489125,6.263987500000001,19.242375,-2.82725
0.5615875,9.3354625,19.988125,-1.9637499999999999
1.0664875,1.4352625,10.858625000000002,-2.76825
0.2893375,2.9573875,12.255125000000001,-1.54775
8.392487500000001,9.771062500000001,15.067125,-1.45275
0.3165625,4.3706125,8.117875,-1.8387499999999999
8.2068625,6.711962500000001,1.743375,-2.30425
6.303587500000001,0.7001875,12.302625,-1.7727499999999998
8.088062500000001,6.8381875,11.347875,-2.13825
3.9572875,8.3058625,11.423875,-2.05425
3.2420125000000004,8.8082875,9.899125,-2.62325
3.7122625000000005,3.6528625000000003,5.438875,-2.73475
8.224187500000001,0.2200375,11.186375000000002,-1.79975
1.6827625,6.9866875,16.116875,-1.08625
2.2000375,2.3510125,18.173625,-2.65575
7.3975375,8.1499375,11.091375000000001,-1.61475
6.5189125,7.979162500000001,7.296125,-2.81675
1.7520625,1.0838125,6.659625,-2.22425
8.0657875,2.3039875,8.426625,-2.26525
0.2720125,5.2022125,5.738125,-1.17925
4.9497625,1.4699125000000002,15.874625000000002,-1.3192499999999998
9.9146125,9.8057125,14.321375000000002,-2.48925
2.6108875,7.253987500000001,8.474125,-1.70875
1.7693875000000001,8.8676875,14.824875000000002,-2.56275
8.4246625,6.6253375000000005,2.242125,-2.17325
3.9944125,8.5929625,14.297625,-2.88275
1.9129375,8.0657875,1.273125,-1.18475
5.536337500000001,8.1474625,9.975125,-1.2562499999999999
1.9574875,2.3906125,6.013624999999999,-1.48725
0.9823375,2.3287375,3.605375,-2.72575
1.8584874999999998,5.105687500000001,9.029874999999999,-1.1857499999999999
8.4469375,6.8109625,1.9998749999999998,-1.52125
3.2469625000000004,3.9622375,8.816125,-1.33175
8.565737500000001,0.5219875,4.013875,-2.62475
2.8732375,8.5112875,18.867125,-1.7987499999999998
2.0045125,1.3511125,17.698625,-2.92725
8.1078625,0.7274125,8.003875,-1.9517499999999999
6.1798375000000005,0.5516875,3.586375,-2.01825
1.1630125,1.8733374999999999,7.1678749999999996,-1.51775
9.498812500000001,1.4723875000000002,1.263625,-1.6637499999999998
7.620287500000001,2.3262625,7.638125,-2.79025
8.0954875,0.22993750000000002,10.507125,-2.63775
8.9864875,5.3828875,12.544875000000001,-1.2727499999999998
3.8162125000000002,6.249137500000001,16.644125000000003,-2.12575
5.838287500000001,2.9450125000000003,9.989375,-1.52725
6.1872625,6.5189125,2.056875,-2.51075
5.155187500000001,0.8016625000000001,1.026125,-1.61275
9.1028125,3.4375375000000004,9.599875,-1.82775
0.29923750000000005,1.7495875,15.561125,-1.99575
2.8311625,4.0810375,14.107625,-2.53875
7.041137500000001,2.4376375,10.564125,-2.65375
3.4746625,1.0318375,11.723125000000001,-2.24025
7.9222375000000005,2.1777625,4.3416250000000005,-2.83425
8.1598375,3.1479625,7.961125,-2.00875
0.8907625,6.0412375,5.567125,-1.78225
4.4423875,5.8828375,15.974375000000002,-1.19875
4.6676125,4.6131625,17.655875,-2.25375
9.087962500000001,6.984212500000001,5.106375,-1.40725
1.1729125,5.7244375000000005,7.1583749999999995,-2.27925
4.8878875,4.279037499999999,16.477875,-1.07975
4.9398625,6.4496125,9.609375,-1.83225
8.2365625,7.4866375000000005,8.607125,-2.46425
5.887787500000001,3.2296375,17.993125,-1.47775
6.263987500000001,5.1799375,15.546875000000002,-2.41075
5.056187500000001,2.9994625000000004,12.478375,-1.3392499999999998
9.1894375,9.5210875,18.358875,-1.1517499999999998
8.578112500000001,8.154887500000001,6.260624999999999,-2.85025
0.5492125,7.5584125,18.520375,-1.38275
1.7297875,3.6008875,11.191125000000001,-1.26575
8.8676875,4.7270125,11.281375,-2.96425
4.7319625,5.286362500000001,5.994624999999999,-1.2887499999999998
7.253987500000001,1.3560625,2.512875,-2.02875
4.249337499999999,4.5314875,9.998875,-1.3072499999999998
9.8675875,7.0089625,11.879875,-2.45125
5.1626125,9.956687500000001,14.017375000000001,-2.93525
9.3849625,6.714437500000001,13.499625000000002,-1.95925
1.4179375,4.5933625,7.571625,-1.30175
8.058362500000001,5.464562500000001,13.162375,-2.19225
2.5564375,8.5706875,1.681625,-2.26125
7.3901125,9.5705875,8.630875,-2.67775
3.1553875000000002,9.7661125,18.406375,-1.3577499999999998
7.382687500000001,5.4323875,17.926625,-2.3272500000000003
0.9353125000000001,6.1575625,2.973625,-1.5287499999999998
2.7470125,2.2792375000000002,3.372625,-2.45025
0.6729625,6.934712500000001,19.864625,-1.58025
3.2246875,8.8256125,9.694875,-1.8937499999999998
5.8358125,6.6971125,18.463375000000003,-1.5127499999999998
6.793637500000001,1.4946625000000002,10.055875,-2.43975
1.6778125,4.1651875,19.465625,-1.9617499999999999
4.2963625,3.9077875,9.115375,-1.5912499999999998
9.508712500000001,9.2141875,14.340375000000002,-2.10425
1.6802875,8.5830625,6.830625,-1.7682499999999999
0.7571125000000001,5.6848375,4.256125,-1.42925
5.8630375,3.7939375,16.620375000000003,-1.3737499999999998
4.5413875,8.568212500000001,8.155875,-2.06025
2.8583875,2.3658625,10.264875,-2.93775
8.6870125,0.6209875,18.525125000000003,-1.89275
1.1927125,7.2886375,17.964625,-1.9882499999999999
8.585537500000001,8.031137500000002,15.855625000000002,-2.70275
0.7967125,7.2391375,12.644625000000001,-2.82575
5.0264875,7.0906375,3.063875,-1.0952499999999998
7.0906375,8.8775875,19.536875000000002,-2.94275
1.8436374999999998,4.7963125,9.238875,-2.28425
2.4821874999999998,2.2247875,18.629625,-1.68875
6.7985875,3.3484375,16.131125,-1.7642499999999999
6.5807875,0.5393125,3.9426249999999996,-2.33475
8.0162875,0.8363125,2.759875,-1.3717499999999998
1.5342624999999999,5.4422875,13.974625,-2.51425
2.9029375,8.4914875,19.845625000000002,-1.0817499999999998
5.6996875000000005,2.1975625,9.685375,-2.67125
0.30913750000000007,9.946787500000001,1.800375,-2.76625
4.7344375,7.454462500000001,14.036375000000001,-2.32675
6.484262500000001,4.2963625,4.365374999999999,-2.13025
1.7347375,7.6227625,9.970375,-1.68925
6.0115375,0.2571625,11.248125000000002,-1.0172499999999998
2.4945625,1.3931875,12.639875000000002,-2.33225
0.10866250000000001,7.4099125,19.945375000000002,-2.79575
3.3632875,0.1655875,5.951875,-2.31975
5.766512500000001,9.810662500000001,8.502624999999998,-1.53425
1.2842875000000002,2.2421125,11.656625,-2.98725
9.7636375,3.1256875,7.942125,-1.09875
0.2769625,7.6425625,2.4368749999999997,-1.8992499999999999
7.4693125,4.4275375,8.046625,-2.20775
2.8880875,6.2714125,1.558125,-1.74525
6.934712500000001,8.2019125,9.927624999999999,-2.89625
1.3659625,4.244387499999999,15.831875,-1.83425
0.2126125,7.192112500000001,19.142625,-1.9357499999999999
5.276462500000001,8.625137500000001,10.568875000000002,-2.86825
7.360412500000001,3.3162625,12.468875,-1.1477499999999998
1.7025625,6.3679375,14.592125000000001,-2.31325
3.3682375,8.1053875,19.874125,-2.6397500000000003
4.0241125,5.8630375,4.493625,-2.86175
0.7026625,1.2471625000000002,18.235375,-2.53825
2.6777124999999997,6.353087500000001,2.864375,-1.3552499999999998
2.2148875,5.5536625,8.920625000000001,-1.7482499999999999
1.9228375,2.1901375,1.135375,-2.59875
1.1753875,2.9078875,12.782375,-1.29775
6.652562500000001,0.7323625,6.184625,-2.2262500000000003
7.756412500000001,4.7022625,16.254625,-2.00075
3.1751875,4.8458125,11.571125000000002,-2.96625
7.969262500000001,9.127562500000002,10.492875,-1.99325
1.5565375,1.6604875000000001,5.7048749999999995,-2.18325
8.5013875,1.5119875000000003,15.432875000000003,-1.3087499999999999
1.1704375,5.5932625,4.807125,-2.52625
8.9666875,9.6844375,4.156375,-1.9322499999999998
9.3280375,3.4028875000000003,10.597375000000001,-2.99275
6.1526125,2.6306875,3.553125,-2.28675
4.4671375,2.9747125000000003,6.7166250000000005,-1.7057499999999999
9.1820125,3.0291625,7.866125,-2.22525
3.0266875,0.8808625,2.033125,-2.67325
8.8355125,6.254087500000001,18.491875,-2.15725
4.4894125,4.6775125,18.373125,-2.64225
2.6851375,1.2075625,4.5268749999999995,-1.8412499999999998
2.2866625000000003,3.7766125,11.480875000000001,-1.36425
0.8511624999999999,6.078362500000001,9.737625,-2.22675
3.5439625,4.4943625,17.836375,-1.1292499999999999
4.7096875,3.0118375,4.408125,-2.70575
8.988962500000001,2.0688625,10.630625000000002,-2.03625
0.1111375,9.1820125,8.887375,-1.44075
7.8851125,8.969162500000001,14.045875,-2.54175
9.2834875,3.1306375,13.528125000000001,-1.72925
6.194687500000001,8.7785875,3.168375,-1.13625
7.414862500000001,3.9226375,8.858875000000001,-2.08825
2.1604375,7.9123375000000005,15.803375,-2.21375
5.4497125,5.6328625,19.247125,-2.94675
0.41308750000000005,3.5043625,5.372375,-2.84025
6.7886875,9.3181375,7.324624999999999,-2.89025
1.8733374999999999,8.9914375,9.652125,-2.76875
7.6574125,7.860362500000001,7.614375000000001,-1.22525
0.2373625,4.6082125,17.304375,-1.37475
9.4542625,1.2149875,9.253125,-1.17125
6.4372375,2.4351625,12.160125000000003,-1.8147499999999999
7.550987500000001,3.9671875,2.821625,-1.9262499999999998
2.6975124999999998,3.5835625,3.396375,-1.72125
2.5440625,1.8584874999999998,1.562875,-2.43675
1.7891875000000002,0.3239875,13.133875000000002,-1.8027499999999999
9.830462500000001,7.9544125,15.808125,-2.42225
6.3555625000000004,4.1255875,5.600375,-2.64475
5.3606125,8.9345125,13.917625000000001,-2.59825
0.6556375,1.6926625,2.6126250000000004,-1.2082499999999998
4.2369625,7.152512500000001,6.146624999999999,-1.94925
8.5261375,5.897687500000001,17.024125,-2.99025
2.5044625,3.8384875000000003,15.784375,-1.4827499999999998
6.6377125,8.4048625,15.717875,-2.66925
2.3287375,1.3882375,3.5626249999999997,-1.56975
1.8139375000000002,0.6779125,13.456875,-1.55025
2.2916125000000003,3.6974125000000004,12.815625,-1.2872499999999998
0.36111250000000006,2.8831375,10.226875,-1.19125
7.2886375,3.2568625000000004,4.536375,-2.19975
4.5562375,5.6724625,10.393125,-2.82325
9.6992875,0.8635375,4.355874999999999,-2.41325
3.7691875,2.1233125000000004,3.9236249999999995,-2.99475
6.7688875,9.231512500000001,15.903125000000001,-2.14025
6.1154875,3.6033625000000002,11.262375000000002,-1.6722499999999998
2.5366375,0.9229375000000001,8.231874999999999,-1.96675
4.1627125,9.1399375,4.165875,-1.66725
3.1207375,4.1849875,11.162625000000002,-1.2947499999999998
0.3338875,9.380012500000001,5.087375,-1.4462499999999998
7.996487500000001,8.184587500000001,5.291625,-2.07475
6.6302875,8.1821125,17.513375,-1.47375
0.6259375,4.3409125,2.246875,-2.80775
9.0038125,7.645037500000001,16.587125,-2.23475
3.3558624999999997,7.4420875,4.802375,-2.54325
8.6696875,5.6650375,8.740124999999999,-2.68225
0.7793875,3.3707125,15.893625000000002,-1.1437499999999998
8.3652625,4.2666625,17.081125,-2.41925
2.0366874999999998,9.627512500000002,9.025125,-1.4422499999999998
8.627612500000001,0.42051250000000007,19.318375,-1.6012499999999998
8.518712500000001,1.5639625,15.451875000000001,-1.0392499999999998
2.0540125,4.6478125,4.061375,-1.3917499999999998
9.751262500000001,4.7913625,3.557875,-2.77775
8.1053875,6.444662500000001,3.405875,-2.6477500000000003
5.1923125,4.4324875,3.277625,-1.7562499999999999
4.7022625,9.266162500000002,15.071875000000002,-1.65275
4.6750375,6.3753625000000005,12.036625,-1.19075
1.3882375,7.8182875,10.250625,-1.3512499999999998
3.7345375,5.108162500000001,18.126125000000002,-1.13475
8.2415125,8.3850625,19.232875,-2.45175
9.8527375,8.674637500000001,16.682125,-1.94675
1.9475875,0.35121250000000004,17.413625,-2.34225
3.8236375000000002,5.075987500000001,16.059874999999998,-2.3922499999999998
4.0191625,8.078162500000001,16.914875000000002,-1.4182499999999998
6.1253875,2.9177875,14.934125000000002,-1.1092499999999998
5.5833625,4.7864125,9.747125,-2.65175
3.4796125,9.8428375,15.356875000000002,-1.14475
4.0934124999999995,7.3183375,18.876625,-2.77175
8.6622625,4.4300125,5.177625,-2.0612500000000002
7.494062500000001,8.7439375,11.547375000000002,-1.1152499999999999
3.3657624999999998,9.6695875,1.178125,-2.13575
5.6650375,3.8533375000000003,5.757125,-2.65925
7.4792125,6.1451875000000005,13.167125,-1.1252499999999999
4.083512499999999,1.6456375,17.879125000000002,-1.3937499999999998
9.0755875,1.8238375000000002,16.401875,-2.69825
3.6256375,1.9376875,5.871124999999999,-1.08825
4.7963125,4.5488124999999995,8.621375,-2.18025
5.9323375,5.605637500000001,5.9708749999999995,-2.37875
9.0236125,0.1309375,5.201375,-1.47975
2.1926125,7.060937500000001,12.554375,-2.94825
7.063412500000001,8.8553125,7.267625,-2.91825
7.531187500000001,2.3411125,16.435125,-1.8192499999999998
1.3436875,9.419612500000001,14.506625000000001,-2.53375
2.5341625,8.0459875,9.960875,-2.35675
7.2589375,1.6382125,18.430125,-2.97925
0.7274125,3.4523875000000004,3.211125,-1.32975
4.8458125,5.387837500000001,10.849125,-2.11725
8.8825375,8.8181875,1.510625,-2.39175
9.555737500000001,5.6551375,18.677125,-2.74525
3.6008875,3.0638125,12.829875000000001,-2.78825
7.115387500000001,5.476937500000001,8.013375,-2.36325
2.6207875,3.3261624999999997,1.102125,-2.07875
4.6651375,5.8358125,17.712875,-1.52525
2.1332125000000004,8.194487500000001,9.015625,-1.82175
3.7147375,8.9072875,4.598125,-2.33275
2.9722375,3.1826125000000003,7.082375,-1.07375
3.2865625,7.3876375,11.647125,-1.95325
6.8480875,6.3481375,7.334124999999999,-1.23775
9.5136625,1.2991375,19.104625000000002,-1.8327499999999999
0.7249375,5.7095875000000005,17.313875000000003,-1.21975
5.8655125,7.1401375,6.697625,-1.85275
8.8058125,2.4995125,16.045625,-1.2382499999999999
7.766312500000001,1.4600125000000002,13.993625,-2.97625
5.3903125,4.8581875,2.318125,-1.54825
8.1895375,8.6919625,4.151625,-1.61625
8.1672625,2.7420625,3.016375,-2.49425
2.8559125,5.5511875,12.411875000000002,-1.2282499999999998
5.3111125,1.1679625,16.169125,-1.26125
6.5213875,2.7049375,7.8138749999999995,-1.3837499999999998
1.1135125000000001,4.8705625,8.355374999999999,-2.53775
7.815812500000001,9.340412500000001,2.517625,-2.71675
8.704337500000001,5.2046874999999995,10.635375000000002,-1.6052499999999998
6.6773125,1.8312625000000002,11.875125,-1.28225
2.9004625,9.8873875,3.2538750000000003,-1.93475
1.4649625000000002,3.1232125,16.055125,-1.2127499999999998
1.5441624999999999,7.630187500000001,8.374375,-2.12175
7.791062500000001,9.2389375,7.148875,-1.15075
2.9846125000000003,2.3015125,3.6338749999999997,-2.38475
2.3262625,9.3626875,6.3888750000000005,-1.56775
9.7141375,0.9922375,19.365875000000003,-1.0202499999999999
5.4224875,8.6300875,6.065875,-2.75975
5.8333375,2.6084125000000005,19.650875000000003,-2.66725
1.9352125,7.565837500000001,17.793625000000002,-1.6017499999999998
3.0638125,0.4526875,5.187125,-1.6192499999999999
3.8310625000000003,9.300812500000001,4.180125,-1.2762499999999999
8.5632625,1.8213625000000002,14.758375000000001,-2.09425
5.9620375,1.0095625000000001,6.2558750000000005,-1.8407499999999999
5.7343375000000005,1.7075125,13.138625000000001,-2.44375
9.167162500000002,9.3973375,16.420875000000002,-2.77625
2.8905625,0.5912875000000001,13.100625,-2.14425
3.7172125000000005,3.0489625,12.245625,-1.81025
0.1408375,0.2002375,16.340125,-2.52675
3.9498625,1.9748125,17.356625,-2.85975
2.1109375000000004,0.7670125000000001,18.548875,-2.17775
6.6896875,9.761162500000001,17.494375,-2.42675
5.516537500000001,0.5071375,10.606875000000002,-2.44525
0.8759125,8.2365625,6.293875,-2.41425
4.7888875,3.3311124999999997,5.999375,-1.29825
2.3336875,4.0340125,17.404125,-2.37325
1.2496375000000002,2.6405875,5.011374999999999,-1.8997499999999998
7.939562500000001,4.5661375,19.337375,-1.0427499999999998
8.9072875,1.9574875,15.656125000000001,-2.84075
1.5515875,9.0409375,12.948625000000002,-1.04825
3.2593375,8.3355625,19.114125,-2.03975
2.5391125,7.1376625,3.519875,-2.72825
7.5287125,4.3235874999999995,2.598375,-1.5752499999999998
6.0412375,6.2590375,11.471375000000002,-2.17625
4.2320125,3.1182625,13.561375000000002,-1.6682499999999998
7.684637500000001,6.9371875,15.532625000000001,-1.4502499999999998
7.4222875,9.7537375,1.125875,-2.34875
4.0859875,4.6181125,14.235875,-1.66525
5.0636125,6.813437500000001,3.453375,-1.82425
4.8086875000000004,0.6828625,5.747624999999999,-2.04375
3.6578125000000004,1.7867125000000001,14.791625000000002,-1.13875
8.2266625,6.053612500000001,12.221875,-1.55775
3.4771375000000004,4.254287499999999,14.820125000000003,-1.5552499999999998
1.4105125,0.2225125,15.209625,-2.69925
7.145087500000001,2.0069875,10.834875,-1.0732499999999998
0.45763750000000003,7.880162500000001,18.971625,-1.1277499999999998
3.3830875000000002,5.707112500000001,15.960125000000001,-1.00725
3.7988875,2.0292625,11.233875000000001,-2.0772500000000003
3.6404875,4.4448625,16.297375000000002,-2.64675
3.4647625,5.3606125,10.697125,-2.30125
4.5488124999999995,5.0784625000000005,3.477125,-1.5472499999999998
7.132712500000001,7.2292375,3.011625,-2.64525
7.263887500000001,4.3805125,16.230875,-1.58575
5.558612500000001,6.1773625,18.534625000000002,-1.85225
1.9302625,9.4542625,5.348625,-2.51325
5.7912625,5.308637500000001,9.091625,-2.98975
1.2248875000000001,6.593162500000001,5.681125,-2.47875
5.788787500000001,8.8157125,18.691375,-1.0162499999999999
2.9870875,1.4129875,12.844125,-2.87925
7.8232375,8.3479375,19.161625,-1.1837499999999999
5.2937875,8.3578375,14.630125000000001,-2.00025
1.2372625000000002,6.7985875,10.131874999999999,-2.97575
1.6728625000000001,9.959162500000001,19.760125000000002,-2.54975
4.4646625,6.6055375000000005,19.418125000000003,-1.37275
5.6798875,7.0386625,10.307625,-2.55825
5.3408125,0.2175625,16.886375,-2.37425
2.6480124999999997,1.4872375000000002,12.274125000000002,-1.6492499999999999
9.7933375,6.5758375000000004,9.044125,-1.7872499999999998
1.8510624999999998,1.7050375,5.828374999999999,-1.35075
8.4964375,7.976687500000001,4.560124999999999,-2.44775
8.3974375,6.1600375000000005,7.077625,-1.8132499999999998
5.8828375,8.243987500000001,8.930125,-1.25375
3.2222125000000004,3.9473875,7.281875,-2.22225
0.15073750000000002,9.706712500000002,5.662125,-2.0877499999999998
9.0112375,9.7636375,18.848125000000003,-1.69525
8.5211875,9.9047125,3.8761249999999996,-1.33825
7.9148125,1.0194625000000002,5.400875,-2.95625
9.370112500000001,8.498912500000001,9.566625,-2.39375
1.4773375000000002,3.9424375,1.363375,-2.52025
2.8534375000000005,7.231712500000001,11.913125,-2.22275
5.108162500000001,4.1478625,3.686125,-2.82425
7.152512500000001,7.4891125,2.232625,-2.42625
4.9349125,1.0392625,17.988375,-2.95125
9.8057125,4.4894125,12.378625000000001,-1.0532499999999998
3.0761875,5.1527125,12.164875000000002,-2.33575
8.7315625,0.5591125,2.916625,-1.32625
6.2268625,3.2642875,8.151125,-1.1697499999999998
9.1943875,0.7249375,6.137124999999999,-2.44175
3.9746125,7.7242375,9.310125000000001,-2.87625
6.038762500000001,5.5313875,6.080125,-2.61675
4.6230625,5.0289625,14.582625,-1.6312499999999999
3.4474375000000004,6.343187500000001,14.554125000000003,-1.1797499999999999
2.3757625,3.0167875,2.313375,-1.0082499999999999
8.7860125,4.5809875,6.726125,-1.57225
0.3833875,2.8311625,15.694125000000001,-2.82275
2.3534875,5.8803625,1.306375,-2.25425
6.4619875,0.5541625,19.384875,-1.6372499999999999
7.664837500000001,8.7266125,5.880624999999999,-1.0272499999999998
0.6086125,7.1178625,1.296875,-1.4822499999999998
9.2933875,1.3684375,3.2491250000000003,-2.21575
5.756612500000001,2.4450625,7.889875,-2.73775
2.7569125,5.125487500000001,11.314625000000001,-1.15925
9.9913375,4.3013125,19.883625000000002,-1.73175
0.48238749999999997,7.7885875,3.097125,-1.68675
9.9641125,6.4669375,6.854374999999999,-2.4307499999999997
1.5689125,9.800762500000001,2.579375,-1.80775
8.5063375,6.2021125,16.397125000000003,-1.1862499999999998
8.1474625,9.3552625,17.256875,-2.27825
1.8362125000000002,7.494062500000001,4.541124999999999,-2.55275
0.5195125,8.4370375,8.212875,-1.9677499999999999
6.3580375,2.6579124999999997,5.942375,-1.42525
2.2544875,1.8881875,13.300125000000001,-1.56625
1.5936625,2.5935625000000004,11.927375000000001,-2.08575
5.0784625000000005,5.3729875,1.154375,-1.0872499999999998
4.068662499999999,3.6132625000000003,1.890625,-2.32525
4.4498125,8.3157625,11.979625,-1.8877499999999998
6.293687500000001,2.5490125,8.901625,-1.27375
8.6325625,7.531187500000001,5.576625,-1.9577499999999999
1.5887125,6.533762500000001,8.364875,-1.64275
6.5486125,7.546037500000001,8.265125000000001,-2.0092499999999998
9.8428375,7.929662500000001,6.612125,-1.14075
9.8923375,8.234087500000001,15.261875000000002,-1.05625
7.4990125,9.2735875,7.367375,-1.5062499999999999
9.535937500000001,4.0265875,6.194125,-1.0847499999999999
3.3484375,3.6998875,18.149875,-1.92275
8.1029125,8.4147625,16.515875,-1.23925
4.1577625,0.9625375,5.614624999999999,-2.47225
8.617712500000001,6.2986375,11.153125000000001,-2.22875
3.3038875,1.5812875,17.945625000000003,-2.36075
9.310712500000001,6.4075375,9.058375,-1.66275
9.996287500000001,8.2959625,10.825375000000001,-1.3247499999999999
5.2492375000000004,4.2146875,13.893875000000001,-1.4847499999999998
0.1581625,5.6006875,3.059125,-2.6502499999999998
8.263787500000001,3.4127875000000003,14.658625,-2.12725
9.186962500000002,6.4768375,4.968624999999999,-2.93875
3.5043625,8.0435125,7.837625,-2.11325
6.6872125,6.2689375,14.729875000000002,-1.08425
5.568512500000001,7.1475625,18.767375,-2.3497500000000002
0.7224625,5.167562500000001,2.360875,-1.49775
4.2567625,0.7175125,5.2441249999999995,-1.6882499999999998
7.154987500000001,2.3782375,11.124625000000002,-2.89275
1.0986625,2.8658125,5.367625,-2.1342499999999998
1.2917125,6.8183875,9.523875,-2.53075
5.556137500000001,5.2640875,10.649625000000002,-1.97525
9.558212500000002,0.7917625,11.556875000000002,-2.99725
0.7447375,2.9895625000000003,18.197375,-1.97925
7.204487500000001,3.8508625000000003,11.419125000000001,-2.88225
6.763937500000001,3.5637625,17.076375,-2.06275
6.2763625,4.2369625,15.223875000000001,-1.3712499999999999
0.2200375,1.1308375000000002,8.174875,-2.85125
1.0838125,8.097962500000001,9.262625,-1.49925
2.7148375000000002,7.4767375000000005,17.959875000000004,-2.58025
7.880162500000001,8.6969125,18.985875,-1.31975
4.0364875,9.3824875,11.818125000000002,-1.6377499999999998
4.259237499999999,1.5466374999999999,15.941125000000001,-2.69275
3.4127875000000003,9.4146625,11.029625000000001,-1.8657499999999998
5.457137500000001,6.6674125,1.5153750000000001,-2.07775
0.5764375,6.754037500000001,11.034375,-2.21175
4.4448625,0.47991249999999996,4.944875,-1.5267499999999998
2.4252625,2.5960375,7.120375,-2.30725
5.137862500000001,8.790962500000001,11.024875,-2.59475
6.9866875,7.135187500000001,16.373375000000003,-1.3532499999999998
6.8901625,1.6035625,3.462875,-1.3592499999999998
4.8532375,9.1325125,13.266875,-1.42325
9.3428875,1.3189375,18.311375,-1.53825
8.4914875,9.518612500000001,1.790875,-2.73725
0.6135625,4.5166375,13.542375000000002,-1.39825
5.7962125,5.8061125,13.095875000000001,-1.9922499999999999
3.2073625000000003,5.095787500000001,11.951125000000001,-2.83975
1.5961375,0.1928125,3.120875,-2.35075
2.6282125000000005,4.8037375,13.931875000000002,-1.91525
3.4350625,5.2913125,1.387125,-2.33825
4.4374375,3.3335875,11.822875000000002,-2.06975
9.9517375,9.5804875,13.903375000000002,-2.86325
4.7814625,3.9795625,7.186875,-2.17575
7.5534625,9.4641625,7.144124999999999,-1.04575
8.6969125,1.4525875000000001,17.822125,-1.7327499999999998
0.1061875,7.305962500000001,17.204625,-1.80375
9.917087500000001,8.518712500000001,13.452125,-2.00575
2.5589125,7.810862500000001,13.732375000000001,-2.63025
7.214387500000001,2.4549625,9.452625000000001,-2.20975
2.2643875,9.7859125,15.955375000000002,-2.80675
4.1255875,8.028662500000001,10.416875,-2.40175
5.776412500000001,5.6353375,19.194875,-1.4177499999999998
2.1827125,1.3709125,8.597625,-1.1542499999999998
7.503962500000001,0.17548750000000002,10.996375,-1.79375
5.9422375,1.2521125000000002,16.249875000000003,-1.60875
6.974312500000001,5.0190624999999995,9.352875,-1.43325
6.543662500000001,6.273887500000001,3.534125,-1.4577499999999999
4.3904125,5.0809375,12.316875000000001,-1.56175
7.365362500000001,4.2196375,1.254125,-2.36675
7.192112500000001,0.6754375,1.287375,-1.8652499999999999
2.8088875000000004,9.647312500000002,3.4201249999999996,-2.84475
6.1575625,4.3978375,19.380125000000003,-2.28025
6.504062500000001,5.578412500000001,9.984625,-1.62825
4.4597125,5.2343874999999995,8.098875,-1.5567499999999999
2.5886125000000004,1.5540625,1.130625,-1.14025
1.9005625,4.3136874999999995,5.381875,-1.7447499999999998
5.236862500000001,3.8706625000000003,7.163124999999999,-1.76175
6.014012500000001,2.7445375000000003,18.729375,-1.6317499999999998
0.6457375,4.1503375,4.811875000000001,-1.25575
4.0315375,8.9320375,19.522625,-2.19575
0.7076125,5.4596125,2.493875,-2.29825
6.113012500000001,8.3380375,10.502375,-2.79325
5.2343874999999995,8.578112500000001,7.600125,-2.81575
9.7265125,3.5093125,3.144625,-2.68125
9.058262500000001,4.7641375,15.233375,-2.82125
1.3164625,0.5987125000000001,1.6483750000000001,-2.73375
3.9300625,6.0808375,13.271625000000002,-2.43725
2.6999875,8.6993875,1.553375,-2.71525
6.8406625,4.9423375,13.143375,-1.1602499999999998
9.8477875,4.8928375,4.465125,-1.0927499999999999
4.4943625,5.7219625,10.065375,-2.2977499999999997
6.8307625,4.3928875,7.818625,-1.52175
1.2941875,9.1003375,8.260375,-2.03825
7.1376625,6.038762500000001,19.627125000000003,-2.11975
5.5115875,9.008762500000001,18.059625,-1.5672499999999998
5.0240124999999995,7.7044375,18.425375000000003,-2.28375
0.2225125,3.2271625000000004,6.141875,-2.45375
6.9198625,8.070737500000002,12.022375,-1.3657499999999998
6.6253375000000005,8.6573125,9.718625,-1.3427499999999999
3.5167375000000005,4.3904125,1.577125,-2.27125
0.6704875,2.6133625000000005,3.054375,-1.0672499999999998
7.2366625,5.9719375,12.207625,-2.03325
5.2294375,8.7810625,6.189375,-1.3397499999999998
0.5566375,5.6105875,6.550374999999999,-1.2242499999999998
5.5709875,1.5045625000000002,5.619375,-2.57775
8.6226625,5.0091624999999995,17.114375,-2.67975
9.456737500000001,5.595737500000001,11.960625,-2.71625
8.008862500000001,2.6777124999999997,16.501625,-2.37825
3.5761375000000006,8.4518875,4.431875,-2.12025
1.4303125,3.3905125,11.352625,-2.2247500000000002
7.122812500000001,2.2173625,16.097875000000002,-2.40125
2.6430624999999996,9.5532625,5.215625,-2.46725
1.3387375,0.8932375,16.154875,-2.51525
5.9867875,9.5037625,16.164375,-2.94425
7.4123875,7.5287125,2.370375,-1.9237499999999998
4.4225875,8.0756875,18.368375,-2.62925
7.575737500000001,6.303587500000001,19.370625,-2.1942500000000003
5.088362500000001,3.8805625000000004,13.238375000000001,-2.04825
7.654937500000001,6.3704125000000005,7.011125000000001,-1.25775
3.8261125000000002,8.6870125,7.058625,-1.53575
2.0515375,0.7571125000000001,16.458875,-1.7972499999999998
9.5928625,1.5763375,17.674875,-1.5512499999999998
7.2292375,0.8610625,17.765125,-1.31575
9.686912500000002,5.6501875,13.946125000000002,-2.4747500000000002
9.528512500000001,9.538412500000002,7.462375,-1.9182499999999998
0.9031375,6.961937500000001,4.018625,-2.67425
2.9524375000000003,6.8282875,15.214375,-1.2912499999999998
1.3907125,6.1724125,3.030625,-2.83575
4.9695625,4.083512499999999,10.891875,-2.2647500000000003
7.6376125,5.0462875,10.345625,-1.6942499999999998
5.8135375,0.2819125,4.488875,-2.72025
6.8183875,7.513862500000001,18.586875,-1.0267499999999998
0.6185125,2.6603875,2.009375,-2.77925
1.8386875000000003,4.7369125,15.043375000000001,-1.63875
9.107762500000002,6.974312500000001,4.645625,-2.33125
3.4721875000000004,5.818487500000001,8.540624999999999,-1.0407499999999998
6.645137500000001,2.0441124999999998,16.017125,-1.11075
6.823337500000001,3.7741375,12.511625,-1.36025
8.5830625,4.5413875,9.177125,-2.02925
5.6625625,6.2912125,8.811375,-1.7887499999999998
4.7765125,2.8905625,9.105875,-2.78325
3.5513875000000006,2.9375875000000002,6.037375,-2.33725
6.3407125,3.0019375,10.739875,-2.70475
3.8459125000000003,3.0539125,9.922875,-2.6317500000000003
5.0042124999999995,7.224287500000001,8.968125,-1.0857499999999998
6.3110125,7.5089125,13.827375000000002,-1.2642499999999999
6.7565125,9.0013375,10.982125,-1.94875
5.395262500000001,5.6798875,9.533375,-2.71775
3.0662875,0.9996625,18.510875000000002,-2.4467499999999998
5.2195375,3.8409625000000003,5.263125,-1.2147499999999998
9.681962500000001,5.9669875,12.198125000000001,-2.66075
7.825712500000001,1.5416874999999999,2.660125,-2.63625
2.3708125,1.6555375,6.593125,-2.38125
4.279037499999999,4.6255375,11.623375000000001,-1.00125
7.976687500000001,2.2025125,6.740374999999999,-1.0747499999999999
5.6229625,6.3951625000000005,19.323125,-1.92475
9.9542125,9.5903875,7.790125,-2.89925
4.6552375,1.9649125,9.481125,-1.9077499999999998
3.6726625000000004,8.7464125,16.900625,-2.39725
4.3285374999999995,4.5067375,15.000625000000001,-2.25025
8.8775875,7.4569375,16.363875,-2.87125
5.585837500000001,1.5862375,6.018375,-1.43875
9.7240375,6.0907375,12.658875000000002,-2.47975
2.8039375000000004,1.7570125,12.008125000000001,-2.42875
8.7365125,1.3337875000000001,9.742375000000001,-1.2307499999999998
5.4719875,9.8576875,3.576875,-2.74825
1.1902375,6.694637500000001,7.775874999999999,-1.51375
6.058562500000001,9.548312500000002,9.281625,-2.26075
4.8581875,7.3282375,4.118375,-1.2182499999999998
5.355662500000001,4.4077375,15.746375,-1.1582499999999998
1.2892375,5.9323375,7.505125,-2.93125
6.7862125,6.1006375,5.258375,-1.03575
0.30171250000000005,1.6134625,6.749874999999999,-2.84575
1.6753375,0.6061375,9.063125,-1.0512499999999998
6.8876875,9.7735375,6.232125,-2.3737500000000002
2.6752375,2.3089375,4.389125,-1.7527499999999998
3.7097875,6.952037500000001,14.207375000000003,-2.28925
8.3182375,3.6305875,6.412625,-2.90475
8.8949125,9.6745375,8.877875,-1.67525
2.8385875000000005,3.7023625000000004,11.533125000000002,-2.93425
4.9225375,4.9472875,14.815375,-2.91075
1.1036125,8.8132375,14.763125000000002,-1.3872499999999999
7.0460875000000005,0.5566375,15.499375,-1.97275
3.1157875,4.9893624999999995,6.483874999999999,-2.29275
6.1427125,5.4942625,6.882874999999999,-2.75275
9.607712500000002,3.7865125,8.417124999999999,-2.65725
6.494162500000001,6.0362875,4.859375,-1.0972499999999998
6.1055875,4.9769875,15.518375,-2.33675
2.1183625000000004,2.9351125000000002,7.4433750000000005,-1.2647499999999998
8.6028625,5.1403375,19.180625,-2.61475
1.5788125,3.0935125,1.3206250000000002,-1.0812499999999998
1.6852375,7.8281875,12.530625,-1.15675
5.4620875,2.0094625,18.320875,-2.65325
2.8064125,1.6307875,3.348875,-1.50175
7.6772125,3.9993625,18.748375000000003,-2.55725
0.3957625,3.5464375000000006,17.223625000000002,-2.73925
0.8090875000000001,4.0241125,7.424375,-2.26425
3.3731875000000002,1.6951375,17.717625,-1.3812499999999999
0.3734875,5.9249125000000005,16.430375,-2.34075
6.704537500000001,3.3830875000000002,14.986375,-1.6657499999999998
9.476537500000001,1.2644875000000002,19.997625000000003,-2.02425
0.6358374999999999,9.1919125,6.251125,-1.8227499999999999
6.711962500000001,6.1377625,4.275125,-1.75725
6.0214375,2.1183625000000004,8.706875,-1.97125
0.30666250000000006,4.5290125,9.181875,-2.66325
3.2692375,1.2892375,18.487125000000002,-2.68525
6.009062500000001,1.4847625000000002,16.520625000000003,-2.26275
9.147362500000002,7.8727375,4.161125,-2.71375
0.9080875,2.8930375,9.851625,-2.99325
8.4716875,3.4078375000000003,15.741625000000003,-1.0897499999999998
5.437337500000001,6.3159625,5.904375,-1.24325
8.8874875,1.2026125,18.254375000000003,-1.55825
0.9897625,4.2122125,1.410875,-1.24725
5.5190125000000005,8.840462500000001,6.417375000000001,-1.5572499999999998
9.2191375,6.2070625,5.500625,-2.14375
3.6132625000000003,1.1506375000000002,4.075625,-2.1262499999999998
2.1777625,5.7343375000000005,8.531125,-1.95675
3.8112625,6.9569875,6.312875,-2.90775
2.2371625,6.6872125,19.527375,-2.68475
6.7763125,9.6324625,13.252625000000002,-1.29375
5.1700375,7.0188625,9.775625,-2.23975
2.8682875,2.1257875000000004,17.703375,-1.98375
0.5393125,7.474262500000001,14.991125,-2.95375
4.4300125,5.236862500000001,2.470125,-2.3032500000000002
4.0562875,3.3038875,14.715625000000001,-1.84675
7.1574625,4.9002625,1.444125,-2.15875
2.5613875,3.7419625,14.877125000000001,-1.47325
6.0016375,6.5461375,11.661375000000001,-1.10275
7.313387500000001,2.7247375000000003,12.753875000000003,-1.7707499999999998
2.4500125,3.3434875,17.185625,-1.6417499999999998
7.1401375,1.7000875,3.8808749999999996,-2.7022500000000003
5.098262500000001,5.6823625,7.049125,-1.9477499999999999
7.835612500000001,2.5168375,8.132125,-2.12875
5.0933125,3.5909874999999998,1.596125,-2.11075
8.9147125,9.206762500000002,6.531375,-2.44325
4.6973125,8.6721625,16.449375000000003,-2.10525
1.6134625,6.4397125,2.740875,-2.46325
5.974412500000001,9.5111875,18.458625,-2.18175
4.5735624999999995,1.8683874999999999,6.806875,-2.57225
9.281012500000001,6.9000625,14.387875000000001,-1.6432499999999999
5.0809375,3.9053125,15.276125,-2.22725
1.8634374999999999,4.4696125,15.090875000000002,-2.04075
4.2097375,6.6797875,17.898125,-2.67075
5.6724625,4.7666125,10.245875,-2.32275
9.1102375,0.31161250000000007,1.600875,-2.59275
0.9179875000000001,0.8858125,14.359375000000002,-1.9947499999999998
0.5120875,8.4741625,10.549875000000002,-1.61425
6.018962500000001,7.7192875,12.027125000000002,-1.26325
3.0242125,3.5711875000000006,5.092124999999999,-1.61875
1.9599625,1.7842375000000001,4.056625,-2.63475
5.8432375,2.5910875,8.697375000000001,-2.99175
7.850462500000001,7.293587500000001,16.325875,-1.61025
2.6727624999999997,7.7786875,19.878875,-1.65725
2.4549625,9.0458875,2.189875,-2.60825
1.0145125000000002,0.6259375,13.779875,-1.2037499999999999
0.1358875,4.6849375,16.838875,-1.6897499999999999
5.0413375,8.538512500000001,6.384125,-2.98025
1.4055625,7.095587500000001,8.407625,-1.24575
6.0907375,7.6326625,7.001625000000001,-1.91675
4.5215875,8.7860125,15.703625000000002,-2.1102499999999997
7.7242375,8.7290875,10.583125,-1.70325
8.194487500000001,9.7982875,13.608875000000001,-2.42775
4.8730375,2.3361625,1.748125,-2.80975
0.29181250000000003,5.0438125,6.906625,-2.98925
2.6084125000000005,3.3682375,9.139125,-2.62875
2.4995125,0.20766250000000003,11.894125,-1.97325
5.7021625,5.118062500000001,2.014125,-1.74925
9.380012500000001,6.4793125,19.774375,-2.09575
2.9474875000000003,4.7344375,6.911375,-1.3407499999999999
0.8066125000000001,6.942137500000001,1.330125,-2.1622500000000002
8.3256625,4.5116875,7.110875,-1.9317499999999999
1.6976125,0.1705375,1.885875,-1.82825
1.3832875,5.546237500000001,3.9283749999999995,-1.4637499999999999
6.9099625,4.4201125,12.863125,-2.09225
5.0388625,8.273687500000001,4.085125,-1.09825
4.3953625,1.7322625,5.058875,-2.4842500000000003
3.5934625000000002,0.3759625,16.558625,-2.30975
7.8653125,2.7371125,12.673125,-2.6942500000000003
4.0018375,5.0685625000000005,9.561875,-1.1917499999999999
8.5409875,3.0143125,4.864125,-2.7487500000000002
8.9840125,0.48238749999999997,9.276875,-2.85425
7.4024875,1.9772875,14.896125000000001,-2.61025
5.184887499999999,4.9918375,7.106125,-2.06625
2.5415875,1.5911875,14.288125,-1.37825
1.1011375,7.8875875,2.5081249999999997,-2.73625
2.4401125,1.8857125,4.911625,-2.15775
1.1382625000000002,3.5786125,1.6531250000000002,-1.44325
8.0039125,8.3009125,11.210125000000001,-1.0327499999999998
2.7296875000000003,6.5362375,3.215875,-1.7347499999999998
7.523762500000001,9.3750625,1.377625,-1.61225
6.4050625000000005,1.7421625,6.498125,-2.24275
1.4600125000000002,5.5041625,17.019375,-2.36875
0.7001875,1.7966125000000002,5.006625,-1.71725
8.4642625,1.1654875,3.529375,-1.89025
9.3973375,6.4916875,15.200125,-2.21325
2.8979875,5.8506625,13.556625000000002,-1.3132499999999998
7.211912500000001,3.2939875,1.9143750000000002,-1.55375
1.3857625,7.2762625000000005,1.140125,-1.9457499999999999
4.3433874999999995,5.8135375,6.341375,-2.62725
5.308637500000001,0.7967125,1.809875,-2.30075
4.0439125,2.8509625,7.528875,-2.67725
6.8258125000000005,9.2042875,10.336125000000001,-2.36175
3.5464375000000006,3.2543875,13.832125000000001,-2.05625
7.761362500000001,3.2123125000000003,19.893125,-1.0887499999999999
6.9965875,2.4005125,17.033625,-1.20325
9.9245125,8.399912500000001,6.5741249999999996,-1.4687499999999998
2.2792375000000002,0.9006625,3.7621249999999997,-1.9052499999999999
3.2494375,1.7817625000000001,9.248375,-1.6922499999999998
7.051037500000001,6.944612500000001,19.750625,-2.98575
3.5588125,9.466637500000001,14.145625,-2.75625
7.2911125000000006,8.820662500000001,7.994375,-1.0507499999999999
7.979162500000001,8.2068625,13.604125000000002,-1.2347499999999998
4.2864625,1.2669625000000002,9.680625,-2.27475
9.285962500000002,4.229537499999999,1.311125,-1.06575
7.7192875,4.1775625,7.623875,-1.1642499999999998
7.4470375,5.2442874999999995,5.9803749999999996,-2.10375
8.9468875,8.5434625,12.573375,-2.19625
1.5738625,7.340612500000001,7.7521249999999995,-2.41975
2.4648625,1.5020875000000002,2.270625,-2.27325
6.0065875,2.2940875,9.932375,-1.1492499999999999
6.8505625,6.9693625,5.533875,-1.7907499999999998
4.9621375,4.7492875,10.302875,-2.19275
2.7866125,1.7545375,15.128875000000003,-2.36225
0.2819125,6.3852625000000005,14.383125000000001,-2.53025
7.182212500000001,7.1079625,10.046375000000001,-1.4097499999999998
4.6527625,4.8730375,6.322375,-1.1172499999999999
5.4843625000000005,3.6652375,10.397874999999999,-1.7117499999999999
3.7592875,8.909762500000001,7.794874999999999,-2.60475
2.6059375,5.276462500000001,3.9378749999999996,-2.31525
1.4847625000000002,1.7891875000000002,8.896875000000001,-1.3892499999999999
3.0811375,9.6992875,16.359125,-1.4062499999999998
0.1309375,1.4303125,8.797125,-1.9362499999999998
8.3553625,8.1623125,5.657375,-1.3697499999999998
8.2167625,7.211912500000001,11.015375,-1.2077499999999999
8.1796375,6.214487500000001,13.072125,-1.1902499999999998
8.2464625,3.5315875000000005,10.887125000000001,-1.1657499999999998
2.6702875,3.9176875,6.455375,-1.10075
4.4077375,5.754137500000001,2.484375,-1.57025
7.840562500000001,8.644937500000001,18.088125,-1.9502499999999998
5.7318625,3.1083625,19.351625000000002,-2.73025
0.8981875,6.513962500000001,6.920875,-2.55375
6.4520875,8.303387500000001,12.179125000000003,-1.9657499999999999
6.1204375,0.7595875000000001,14.744125000000002,-1.8092499999999998
8.273687500000001,0.8882875,1.7338749999999998,-2.43375
4.3631874999999996,8.7934375,12.972375000000001,-2.51125
4.6057375,7.6376125,4.222875,-1.29575
3.0217375,5.2937875,5.362875,-1.39875
2.8336375000000005,2.5366375,2.075875,-2.56775
6.323387500000001,4.6354375,17.100125000000002,-1.77125
1.0640125,0.9773875,9.215125,-1.4987499999999998
2.1653875,4.8606625,10.720875000000001,-1.41725
4.1651875,9.9715375,16.416125,-1.3632499999999999
4.0290625,7.382687500000001,11.794375000000002,-2.46775
4.5042625,7.791062500000001,14.924625,-1.8267499999999999
0.5937625000000001,8.7983875,10.298125,-2.44975
3.9820375,4.053812499999999,14.459125000000002,-1.5142499999999999
7.4297125,3.7048375,5.234624999999999,-1.12475
0.8264125,6.9792625,1.767125,-2.72175
8.1425125,2.0391624999999998,2.873875,-2.03525
4.0760875,5.2393375,14.231125000000002,-1.6212499999999999
3.3137875,7.786112500000001,1.391875,-1.5162499999999999
6.603062500000001,3.3088375,14.691875000000001,-1.75525
9.3775375,0.3982375,4.883125,-2.21975
3.9102625,3.8483875000000003,3.8951249999999997,-1.43125
3.7815625,3.3756625,5.685874999999999,-2.62425
5.6501875,2.3312125,19.090375,-1.0102499999999999
6.6698875,3.8904625000000004,2.769375,-2.34125
2.2841875000000003,8.889962500000001,6.5646249999999995,-2.82475
8.8924375,6.5684125,3.600625,-1.8347499999999999
8.0138125,0.5665375,11.727875000000001,-2.16875
7.956887500000001,5.608112500000001,12.359625000000001,-2.29475
4.0463875,1.5317874999999999,15.423375,-2.1317500000000003
4.254287499999999,7.595537500000001,10.578375000000001,-1.06825
4.1849875,6.6377125,2.674375,-1.96075
8.2860625,3.3929875000000003,13.152875000000002,-2.87475
6.1278625,9.506237500000001,11.514125000000002,-2.3577500000000002
7.293587500000001,9.889862500000001,13.509125000000001,-2.55775
1.9995625000000001,8.342987500000001,6.075375,-2.27675
8.2514125,4.3384374999999995,11.675625,-2.81775
9.360212500000001,9.8824375,5.277375,-2.19075
0.21508750000000001,2.9846125000000003,15.884125000000001,-1.76325
7.021337500000001,5.397737500000001,8.189125,-2.83925
4.5067375,9.8849125,12.312125000000002,-2.99875
7.8950125,8.6498875,5.415125,-1.96125
6.2590375,0.8387875,9.286375,-1.81225
1.0763875,0.34626250000000003,8.844625,-1.5222499999999999
0.5145625,8.090537500000002,12.060375,-2.99775
8.3454625,1.0887625,16.791375000000002,-2.14975
7.585637500000001,7.8529375,8.032375,-2.11375
9.538412500000002,4.3334874999999995,10.293375,-1.6857499999999999
4.2196375,2.1604375,1.6436250000000001,-1.23725
5.4422875,9.731462500000001,8.398125,-2.96125
5.8556125,4.3681375,19.494125,-2.31475
0.4526875,1.2397375000000002,12.065125000000002,-1.72575
5.9348125000000005,9.7364125,10.559375000000001,-1.2772499999999998
7.1203375,6.4619875,19.698375000000002,-2.16575
6.8208625,7.9321375000000005,13.281125000000001,-2.54575
4.1528125,7.694537500000001,1.619875,-2.66825
6.914912500000001,0.47248750000000006,11.385875,-2.91525
9.0854875,8.3207125,5.310625,-2.32375
1.9871875,9.5235625,17.560875000000003,-2.54775
4.7987875,8.9048125,3.296625,-2.95825
1.4699125000000002,4.249337499999999,6.8923749999999995,-1.06775
6.2367625,3.5340625,19.076125,-2.99225
6.563462500000001,6.4273375,1.843125,-2.60975
7.301012500000001,5.9026375,2.541375,-2.39925
2.3633875,7.9742125,7.799625,-1.91325
7.184687500000001,1.3956625,12.046125000000002,-1.5792499999999998
3.6949375,7.796012500000001,10.217374999999999,-2.88975
4.9992624999999995,3.2989375,1.3823750000000001,-1.9037499999999998
3.6998875,2.1728125,2.707625,-1.0047499999999998
4.3384374999999995,8.5805875,10.877625000000002,-1.75325
1.4946625000000002,2.4302125,16.634625,-1.2247499999999998
9.246362500000002,6.0016375,1.9761250000000001,-1.8472499999999998
1.9946125000000001,2.0589625,13.941375000000003,-1.33375
8.4345625,4.8086875000000004,12.991375000000001,-1.81375
3.1826125000000003,0.20271250000000002,15.114625000000002,-1.22125
9.0953875,7.615337500000001,12.383375000000001,-2.41475
6.4867375,9.2884375,5.790375,-2.27225
4.4968375,2.6381124999999996,16.986125,-2.49575
1.7594875,8.5310875,19.907375000000002,-2.67675
4.303787499999999,9.6646375,11.694625,-1.23525
2.6628624999999997,9.058262500000001,1.282625,-1.7467499999999998
1.9277875,5.9051125,13.048375,-1.72325
8.7538375,0.5640625,10.103375,-2.0012499999999998
7.543562500000001,4.3310125,18.563125,-1.4767499999999998
7.513862500000001,7.526237500000001,7.780625,-1.88275
4.3829875,8.5533625,11.670875,-1.0492499999999998
1.7099875,1.9352125,6.7593749999999995,-1.57825
0.5417875,1.0343125,7.718875,-2.55675
6.1724125,5.0512375,11.637625,-1.77975
7.1599375,5.427437500000001,8.592875,-1.65925
8.3108125,7.172312500000001,17.427875,-2.80075
3.1999375,7.1970625,9.865875,-1.3267499999999999
9.2042875,6.414962500000001,11.048625000000001,-2.09375
2.0936125,1.9228375,6.426875000000001,-2.91175
4.8656125,8.6325625,15.879375000000001,-1.6677499999999998
6.672362500000001,1.3461625,6.5028749999999995,-1.05825
1.6283125,1.7223625,13.091125,-2.50475
1.2521125000000002,7.194587500000001,8.459875,-2.29025
5.4323875,9.2983375,14.558875,-1.0587499999999999
6.023912500000001,8.283587500000001,1.961875,-2.40525
2.1703375,3.6157375,19.009625,-1.31775
9.350312500000001,9.7166125,10.768375,-2.19525
7.565837500000001,4.3557625,15.119375000000002,-2.87725
0.9773875,0.6878125,1.904875,-1.4647499999999998
5.335862500000001,9.597812500000002,1.814625,-1.55225
3.9671875,0.8907625,5.918625,-1.87275
6.7961125000000004,8.635037500000001,18.092875,-2.41025
9.157262500000002,1.9327375,2.902375,-1.4362499999999998
8.0360875,4.7418625,18.886125,-2.38225
5.989262500000001,3.3509124999999997,9.794625,-2.94725
7.959362500000001,7.8331375,17.921875000000004,-1.18125
4.5463375,3.5167375000000005,13.703875,-2.71475
6.6971125,0.7694875000000001,5.956624999999999,-1.7247499999999998
9.6893875,4.1404375,11.381125,-1.3067499999999999
2.9128375,9.5136625,2.560375,-1.05775
3.5538625,7.815812500000001,19.693625,-2.27625
5.207162500000001,2.5514875,2.332375,-1.0292499999999998
0.4947625,4.259237499999999,3.130375,-2.2352499999999997
2.3361625,6.664937500000001,2.0711250000000003,-2.82925
3.5192125,9.5012875,19.717375,-1.4902499999999999
6.872837500000001,9.4072375,12.806125,-1.68275
7.1178625,8.7389875,8.227125000000001,-2.15475
7.0683625,7.4000125,19.327875000000002,-2.51025
4.293887499999999,7.4074375,4.902125,-2.18425
8.595437500000001,5.3309125,1.339625,-2.57975
8.969162500000001,4.8334375,14.682375,-2.68925
1.0862875,4.7146375,2.175625,-2.89225
8.714237500000001,0.7150375,15.513625000000001,-2.60025
6.964412500000001,0.6506875,9.034625,-1.3047499999999999
4.8408625,8.9617375,2.569875,-2.27975
9.929462500000001,2.8484875000000005,11.775375000000002,-2.78575
0.2522125,4.0513375,19.821875000000002,-2.48625
1.6307875,9.8948125,9.433625000000001,-2.01775
2.9549125000000003,3.2172625000000004,7.3103750000000005,-2.55125
4.5933625,0.7843375,3.733625,-2.06075
7.4420875,3.5439625,8.274625,-1.15475
3.6751375,7.605437500000001,19.788625,-2.2752499999999998
9.9220375,4.7171125,4.146875,-1.2967499999999998
6.2169625,1.0739125,2.992625,-2.85375
8.001437500000002,6.3011125,9.053625,-2.58125
1.4996125000000002,2.2693375000000002,12.369125000000002,-2.25075
2.8608625,7.600487500000001,12.834625,-1.47175
5.8729375,4.3211125,12.825125,-2.94925
7.2490375,2.1505375,2.892875,-2.84275
9.8032375,4.9324375,7.5668750000000005,-1.1192499999999999
2.1554875,2.8781875,14.169375000000002,-2.49725
2.5960375,4.0364875,11.433375000000002,-2.50125
2.1950875,4.2047875,12.226625,-2.79275
4.3805125,1.1580625,13.352375000000002,-2.72625
1.9673875,3.3731875000000002,2.907125,-2.77225
1.1060875000000001,0.8981875,1.7813750000000002,-2.45725
6.353087500000001,5.3210125,12.905875000000002,-1.8857499999999998
5.8259125,9.048362500000001,13.870125000000002,-1.1272499999999999
5.7442375000000006,4.3508125,7.9468749999999995,-2.38625
1.0788625,4.4869375,16.829375,-2.45975
9.1993375,4.5438624999999995,4.175375,-1.7782499999999999
3.4078375000000003,3.7221625000000005,7.386375,-2.57675
4.3879375,4.3433874999999995,16.952875,-2.63275
3.9795625,0.21508750000000001,10.986875,-2.93225
9.6151375,9.167162500000002,18.672375000000002,-1.44675
6.9792625,3.5291125,10.758875,-1.85625
2.0342125,0.7521625000000001,12.416625000000002,-2.30675
6.0610375,3.1875625000000003,10.431125,-1.86675
2.3881375,4.274087499999999,9.443125,-1.19725
6.622862500000001,6.2219125,6.916125,-1.3227499999999999
3.2519125000000004,9.4047625,6.7688749999999995,-2.3817500000000003
5.9447125000000005,4.234487499999999,2.546125,-2.89425
0.4848625,6.048662500000001,11.756375000000002,-1.2097499999999999
5.9199625000000005,8.5137625,17.432625,-1.8497499999999998
2.2272625,1.5590125,2.954625,-1.1372499999999999
3.6182125000000003,8.7216625,8.018125000000001,-1.2607499999999998
8.615237500000001,3.9597625,12.853625000000001,-1.12075
3.3707125,3.4325875000000003,5.429375,-2.16425
7.4965375000000005,2.4277375,2.8453749999999998,-2.64325
7.083212500000001,5.335862500000001,4.745375,-2.25575
2.2099375,6.662462500000001,9.979875,-2.06825
8.2786375,8.810762500000001,7.927874999999999,-1.71675
1.8213625000000002,4.1899375,19.954875,-1.94325
6.3159625,0.2249875,12.839375,-2.1237500000000002
2.4673375,3.8855125000000004,9.642624999999999,-2.71225
7.986587500000001,8.9963875,10.454875,-1.8772499999999999
4.3681375,7.7836375,1.771875,-2.43525
0.1977625,0.9452125000000001,10.184125,-1.16925
4.6775125,4.1701375,7.937374999999999,-1.2017499999999999
0.7670125000000001,6.855512500000001,12.364375,-2.37275
2.9276875,6.0560875,19.171125,-1.5007499999999998
8.4320875,6.088262500000001,2.3751249999999997,-1.86225
5.9224375,6.4050625000000005,3.8618749999999995,-1.87825
0.8660125,3.4424875000000004,2.807375,-2.70675
1.6159375,1.6357375,14.283375000000001,-1.85675
8.7587875,1.8956125,4.227625,-1.2667499999999998
6.0313375,0.29428750000000004,6.274875,-2.13475
7.7316625000000005,9.949262500000001,4.284625,-1.95125
7.1995375,9.6002875,12.791875000000001,-2.56475
3.8805625000000004,4.7517625,8.915875,-2.36975
9.5606875,9.830462500000001,13.019875000000003,-2.02575
6.219437500000001,5.8952125,10.511875000000002,-1.2892499999999998
9.526037500000001,6.823337500000001,2.4463749999999997,-1.39625
7.649987500000001,9.2339875,6.897125,-1.2847499999999998
3.4969375000000005,8.607812500000001,17.917125000000002,-1.84475
2.6331625000000005,3.1529125000000002,4.631375,-2.75475
9.696812500000002,6.902537500000001,5.780875,-2.6157500000000002
2.9153125,4.9349125,8.497875,-2.26575
8.1920125,5.773937500000001,18.905125,-1.5692499999999998
3.2568625000000004,6.362987500000001,10.070124999999999,-1.9742499999999998
4.6601875,5.2715125,7.020625000000001,-2.33625
2.8633375,0.2101375,10.179375,-1.8612499999999998
0.5640625,4.9844124999999995,5.158625,-2.31725
8.041037500000002,4.1181624999999995,1.349125,-1.10675
4.7195875,4.9398625,8.246125,-2.34625
6.984212500000001,1.7941375000000002,4.336875,-2.53275
3.6454375,6.4867375,1.467875,-1.7662499999999999
9.1448875,5.197262500000001,2.987875,-1.2662499999999999
2.8831375,0.36111250000000006,8.065625,-1.96925
7.0807375,7.8925375,17.727125,-1.28425
8.8330375,6.8307625,12.155375,-2.61925
8.048462500000001,6.4570375,18.501375000000003,-2.51275
6.981737500000001,1.8609624999999999,19.441875000000003,-2.54725
9.6621625,0.8833375,9.148625000000001,-2.97225
7.001537500000001,3.9770875,18.097625,-1.3147499999999999
2.1975625,7.164887500000001,16.530125,-1.6977499999999999
8.6993875,1.5788125,5.405625,-1.50375
7.303487500000001,8.7959125,13.504375000000001,-1.3292499999999998
4.5809875,3.4004125,8.550125,-1.7322499999999998
7.3480375,9.9121375,15.157375,-1.0302499999999999
3.9894625,4.0142125,9.001375,-1.5067499999999998
4.9646125,7.649987500000001,16.705875,-1.16675
9.3057625,4.2716125,14.535125000000003,-2.24225
7.2787375,5.766512500000001,6.925625,-1.78125
3.8978875,4.0092625,10.008375000000001,-1.7157499999999999
9.8651125,2.7692875000000003,14.345125000000001,-1.9097499999999998
6.9693625,0.6581125,15.789125,-2.50025
6.3011125,7.1896375,16.563375,-2.08625
6.7367125,2.2495375,5.989875,-1.37025
3.4202125,1.9673875,5.823625000000001,-2.48025
4.8012625,1.2966625,13.205125,-1.9987499999999998
3.4919875000000005,4.8408625,1.083125,-1.6097499999999998
6.843137500000001,8.7092875,14.140875000000001,-1.7522499999999999
1.1654875,3.8582875000000003,10.146125,-2.33875
6.239237500000001,3.9449125,8.431375,-2.73825
5.4299125,4.9175875,8.288875,-2.72875
1.8832375,0.9526375,13.984125,-2.45575
6.4421875,8.899862500000001,14.102875000000001,-1.77175
9.6695875,3.8285875000000003,17.228375,-2.40275
8.607812500000001,5.598212500000001,2.997375,-2.78175
0.3289375,5.677412500000001,6.783125,-2.23175
4.3978375,4.9076875,1.966625,-2.54275
9.677012500000002,6.8060125000000005,8.730625,-2.15275
9.691862500000001,1.7743375000000001,8.782875,-1.25975
9.706712500000002,6.922337500000001,10.407375,-2.42125
8.439512500000001,1.2694375000000002,15.622875,-2.48175
8.5929625,4.2567625,4.669375,-2.02825
8.1722125,4.7616625,6.236875,-1.2487499999999998
6.2813125,5.0264875,13.708625000000001,-2.38675
3.3434875,7.7316625000000005,9.766124999999999,-1.6437499999999998
1.5243625,0.47001250000000006,3.230125,-1.7607499999999998
4.048862499999999,2.9648125000000003,9.210374999999999,-1.3472499999999998
3.4400125,3.2791375,9.386125,-1.99775
2.3015125,6.204587500000001,4.2513749999999995,-2.78125
2.6900875,4.048862499999999,4.108874999999999,-2.29975
9.5730625,6.1649875000000005,1.638875,-2.19475
1.0689625,0.4403125,1.368125,-2.02125
4.6874125,0.6185125,2.968875,-1.25925
0.7818625,3.4721875000000004,12.663625000000001,-2.14075
3.1133125,2.8460125,7.500375,-2.06325
9.6101875,9.097862500000002,13.841625,-1.07625
2.5910875,7.2366625,12.929625000000001,-1.7912499999999998
5.5907875,8.9543125,14.330875,-1.33225
2.0861875,1.0367875,15.679875000000001,-1.0547499999999999
8.0558875,2.5589125,8.944374999999999,-1.46325
5.6303875,5.1131125,16.862625,-1.7927499999999998
7.5782125,8.508812500000001,14.886625,-1.96275
2.6158375,8.1573625,6.3081249999999995,-2.78975
7.355462500000001,1.1951875,17.950375,-1.81775
0.6383125,9.7586875,12.288375,-1.2227499999999998
3.3583375,3.2766625,18.377875,-2.09625
2.1059875000000003,4.0859875,16.425625,-2.56225
8.382587500000001,4.4052625,8.255625,-1.02175
9.9121375,5.127962500000001,11.267125,-2.62975
3.8731375000000003,4.9299625,6.754625,-1.2222499999999998
0.47496249999999995,6.954512500000001,14.245375000000003,-1.7082499999999998
6.048662500000001,7.365362500000001,12.492625,-2.63825
4.8903625,1.2298375000000001,17.280625,-2.39875
3.1331125,7.8752125,13.224125,-2.30275
4.0612375,7.830662500000001,11.081875,-1.11875
7.073312500000001,4.1948875,1.064125,-2.11125
0.2868625,1.9129375,8.773375000000001,-1.38225
4.4349625,5.2739875,15.352125000000001,-2.80425
7.2069625,3.6899875,3.125625,-1.4277499999999999
8.7959125,6.5387125,3.382125,-2.22025
5.999162500000001,6.6203875,1.092625,-2.36925
1.8956125,7.3084375,18.981125000000002,-2.75025
1.2719125000000002,4.9547125,7.9041250000000005,-1.83975
6.892637500000001,1.8708624999999999,17.636875000000003,-1.39075
3.8285875000000003,9.157262500000002,7.471875,-1.2262499999999998
4.0958875,1.6233625,16.876875000000002,-2.98675
3.8533375000000003,5.2591375000000005,7.756874999999999,-2.4987500000000002
8.2984375,1.8634374999999999,19.456125,-1.6197499999999998
0.2249875,6.9173875,7.015874999999999,-1.7892499999999998
7.4272375,3.8038375,15.390125000000001,-2.57375
6.0659875,0.6630625,16.796125000000004,-1.4522499999999998
8.9963875,6.8505625,2.465375,-1.17725
5.9669875,8.174687500000001,1.5391249999999999,-1.4202499999999998
2.8286875000000005,0.7348375,18.121375,-2.11775
0.9130375000000001,2.8113625,18.577375,-2.91375
1.2347875000000001,8.2093375,3.339375,-2.42375
3.8186875000000002,9.917087500000001,14.022125,-2.11175
0.9006625,2.1059875000000003,15.969625000000002,-2.92975
5.548712500000001,9.0137125,6.479125,-1.62225
6.3209125,8.2118125,7.3531249999999995,-1.41125
1.9921375000000001,5.5808875,7.714125,-2.92875
4.0661875,1.3387375,4.716875,-2.24675
3.6899875,7.7489875,12.768125,-1.9422499999999998
9.9616375,6.063512500000001,6.403125,-1.99525
6.229337500000001,6.6278125,8.806625,-1.1412499999999999
3.2172625000000004,6.1253875,19.783875000000002,-2.44225
4.4993125,3.9572875,9.395625,-1.8817499999999998
7.659887500000001,8.595437500000001,18.387375000000002,-1.8637499999999998
0.47248750000000006,9.780962500000001,16.454125,-1.1942499999999998
6.392687500000001,1.1234125000000001,15.361625000000002,-2.38825
5.3705125,7.7168125000000005,14.834375,-2.97275
7.224287500000001,3.6083125000000003,18.040625000000002,-1.39275
4.3136874999999995,8.1524125,3.904625,-1.20075
3.0588625,8.0831125,18.259125,-2.59375
9.5433625,0.9105625,11.172125000000001,-1.36225
5.0339125,1.2917125,18.639125,-2.57475
0.41061250000000005,0.8462125,15.983875000000001,-1.1072499999999998
9.506237500000001,8.5013875,8.882625,-1.83575
4.5438624999999995,3.1034125,3.8523749999999994,-1.66325
2.7989875000000004,0.2522125,19.703125000000004,-2.1422499999999998
8.333087500000001,7.2564625000000005,11.784875000000001,-1.0242499999999999
2.7420625,6.7565125,12.430875000000002,-2.58975
6.0511375,7.145087500000001,5.723875,-2.38775
0.4279375000000001,3.8087875,13.627875,-2.51225
2.0614375,7.855412500000001,17.242625,-2.97875
2.5168375,2.1282625000000004,4.650375,-2.09025
0.8882875,9.595337500000001,19.147375000000004,-1.24525
1.3040875,1.0565875,6.398375000000001,-2.47375
5.5214875,9.8750125,17.408875000000002,-1.8557499999999998
6.3951625000000005,3.1009375,2.308625,-1.2582499999999999
7.7069125000000005,4.5859375,5.923375,-1.55625
7.335662500000001,2.6504875,5.457875,-2.98225
0.9575875,5.917487500000001,10.782625000000001,-2.22825
1.7372125,4.1825125,18.829125,-2.42925
0.2621125,7.0881625,5.9091249999999995,-2.51825
8.889962500000001,5.1428125,3.049625,-2.0387500000000003
1.4748625000000002,3.9919375,19.855125,-1.3007499999999999
5.2690375000000005,3.6479125000000003,6.583625,-1.80625
5.677412500000001,5.3135875,4.113625,-2.80825
2.9920375,2.4227875,3.021125,-1.79175
7.3282375,2.3138875,13.243125000000001,-2.47525
4.9027375,6.1699375000000005,7.291375,-2.29175
5.4917875,6.2516125,8.379124999999998,-2.09525
1.8906625,5.4893125000000005,6.103875,-2.68825
4.7245375,5.1626125,19.280375,-2.23075
4.1924125,8.8924375,6.863874999999999,-2.71925
5.6551375,6.8357125000000005,2.555625,-1.61075
9.5210875,0.5368375,6.365125,-2.10925
0.7769125,0.8957125,12.212375,-2.60675
1.6877125,5.867987500000001,9.799375,-2.10475
2.2594375,6.0115375,16.368625,-1.78975
0.4378375,2.0540125,8.759125000000001,-1.4052499999999999
2.1629125,7.3777375,15.523125,-1.2157499999999999
6.994112500000001,2.0144125,15.727375000000002,-2.91575
1.7718625000000001,6.6179125,2.7978750000000003,-1.26525
0.8140375000000001,2.7222625,17.294875,-2.3897500000000003
6.9371875,7.7118625000000005,7.6903749999999995,-2.00175
2.0886625,4.1057875,13.889125000000002,-2.63575
1.7966125000000002,8.9765875,19.513125000000002,-2.64375
5.9125375,0.7125625,9.941875,-2.43925
8.7983875,9.8329375,17.532375000000002,-2.62225
3.8879875000000004,1.1184625000000001,18.805375,-1.57975
5.2838875,5.157662500000001,15.988625000000003,-2.16925
7.0584625,3.4152625,3.3013749999999997,-1.9662499999999998
6.0709375,2.4871375,5.652625,-2.20525
3.9374875,1.4105125,4.973374999999999,-1.70125
7.949462500000001,4.4621875,14.278625,-2.86975
8.8577875,9.0656875,10.773125,-1.7302499999999998
3.2840875,3.9746125,5.320125,-2.03775
7.1104375,6.4718875,15.508875000000002,-1.6962499999999998
0.6308874999999999,5.4992125000000005,1.819375,-1.8777499999999998
8.528612500000001,4.6280125,16.259375000000002,-2.7672499999999998
1.4921875000000002,9.2834875,13.105375,-1.8167499999999999
3.7865125,6.8802625,5.3866249999999996,-2.57425
4.9844124999999995,4.6874125,17.864875,-1.0472499999999998
7.890062500000001,1.3907125,4.5791249999999994,-1.11275
9.196862500000002,9.7190875,18.244875,-2.03925
2.1257875000000004,3.4400125,17.128625,-2.50075
8.7835375,6.9668875,15.057625000000002,-1.95075
5.7714625,7.6673125,10.692375,-1.81175
7.805912500000001,9.456737500000001,16.981375,-1.8292499999999998
6.2417125,0.2769625,11.518875000000001,-2.37675
2.5019875,5.627912500000001,10.763625000000001,-1.09025
1.8807625,2.6158375,19.931125,-2.13725
1.7644375,8.1895375,19.764875,-2.16825
3.7914625,8.1227125,6.9731250000000005,-2.52325
6.754037500000001,7.1797375,7.847125,-1.45925
4.5017875,2.7816625,17.860125,-1.4787499999999998
8.2687375,6.721862500000001,18.349375000000002,-1.6797499999999999
1.0516375,2.6356375,10.032125,-2.55575
7.1079625,9.8378875,12.297875000000001,-1.00175
7.273787500000001,1.0961875,16.007625000000004,-1.39025
5.4893125000000005,3.4944625,6.764125,-1.2507499999999998
7.1772625,9.7685875,11.020125,-1.38675
4.5364375,8.1202375,4.398624999999999,-1.7262499999999998
1.5590125,6.6500875,17.052625,-2.46225
1.6505875,4.1874625,12.587625000000001,-1.74975
2.3114125,6.9099625,6.374625,-1.1502499999999998
6.273887500000001,4.7047375,16.496875000000003,-2.84425
8.313287500000001,7.4198125,12.611375,-2.72675
5.135387500000001,3.1405375,13.490125,-1.5187499999999998
8.9765875,5.3804125,13.760875,-2.05975
1.7421625,6.464462500000001,9.367125,-2.56425
3.1504375000000002,5.7293875000000005,11.613875,-1.2852499999999998
0.9204625000000001,3.2741875,16.891125000000002,-2.38925
7.164887500000001,1.1110375000000001,12.682625000000002,-1.6877499999999999
2.5193125,7.330712500000001,14.995875000000002,-1.85075
6.8381875,5.7046375000000005,6.9018749999999995,-1.46125
5.127962500000001,6.1427125,10.735125,-1.7627499999999998
9.850262500000001,2.9821375,16.753375000000002,-2.60425
0.1655875,1.3486375,6.346125,-2.19925
5.7417625,4.4819875,6.816375,-1.4517499999999999
3.8830375000000004,0.9798625,12.635125,-2.07075
2.9103625,4.9101625,5.586125,-1.43475
4.3928875,4.9274875,10.421625,-1.0907499999999999
0.5987125000000001,9.8675875,5.054125,-1.75975
3.7741375,9.677012500000002,16.872125000000004,-1.5447499999999998
7.9172875000000005,7.5782125,7.685625,-2.90625
9.1498375,3.1925125000000003,9.424125,-2.47575
0.6061375,6.6005875,12.487875,-2.28475
7.860362500000001,1.9921375000000001,8.279375,-1.4402499999999998
4.9522375,5.783837500000001,12.525875000000001,-2.61375
4.4621875,8.3751625,12.074625000000001,-1.2102499999999998
7.0881625,6.083312500000001,5.229875,-2.64575
1.7619625,3.7271125000000005,1.919125,-2.40325
8.3677375,4.2320125,16.102625000000003,-2.04625
2.1802375,5.536337500000001,12.497375,-1.5852499999999998
2.1381625,9.261212500000001,3.201625,-2.19175
6.865412500000001,3.8607625000000003,11.765875000000001,-2.28225
4.3854625,3.0860875,1.6056249999999999,-1.34225
4.9472875,2.2074625,6.445875,-1.8187499999999999
5.3630875,6.744137500000001,9.428875,-2.21075
4.1404375,6.434762500000001,2.926125,-2.57175
6.6674125,2.3757625,2.631625,-2.52475
2.7074124999999998,5.4101125,7.932625,-2.70325
3.2147875,4.298837499999999,9.789875,-1.4947499999999998
7.3084375,5.9001625,9.723375,-2.8377499999999998
9.006287500000001,2.2445875,14.910375,-2.58225
6.3605125000000005,1.1135125000000001,18.263875,-2.87775
5.6749375,4.2765625,15.580125,-2.70875
5.2096375,3.0959875,15.912625000000002,-2.39975
1.8188875000000002,2.4673375,14.416375,-1.20125
6.2862625,0.3338875,5.633624999999999,-2.38525
9.597812500000002,6.6401875,5.590875,-2.85625
3.6058375,2.0837125,18.515625000000004,-2.3112500000000002
5.2541875,9.2117125,8.008625,-2.93625
6.2961625,7.981637500000001,14.050625,-1.6232499999999999
9.4740625,2.1134125000000004,14.079125000000001,-1.4022499999999998
2.0391624999999998,1.8188875000000002,4.417624999999999,-2.91925
8.9741125,6.3803125000000005,11.789625000000001,-1.10225
3.5093125,8.6127625,10.003625,-2.55175
7.112912500000001,9.0953875,1.159125,-1.5887499999999999
5.7813625,9.966587500000001,14.981625000000001,-2.33375
5.0487625,1.8485874999999998,1.672125,-1.9137499999999998
2.1233125000000004,2.2643875,17.252125000000003,-2.69675
9.8824375,6.3382375,1.239875,-2.86075
4.6577125,7.244087500000001,16.686875,-2.09175
1.8758124999999999,0.2274625,15.295125,-2.78075
5.8605625,4.1429124999999996,14.093375000000002,-1.48925
3.8483875000000003,4.8185875,14.183625000000001,-2.70775
3.4028875000000003,2.9969875,9.153375,-1.42125
9.8081875,2.4574375,19.237625,-2.40425
9.0929125,5.4695125,4.982875,-2.80275
6.8678875,6.313487500000001,8.873125,-1.9902499999999999
9.226562500000002,7.013912500000001,16.088375,-2.17525
4.7492875,9.3032875,19.912125,-2.47725
9.587912500000002,9.919562500000001,16.078875,-1.0567499999999999
6.1402375000000005,8.8874875,10.435875,-2.60875
1.4204125,3.7444375,1.268375,-2.37775
5.217062500000001,7.3480375,16.026625000000003,-2.17125
3.5637625,5.2244874999999995,19.731625,-2.0227500000000003
6.5114875,7.132712500000001,10.839625000000002,-2.72975
9.2339875,3.2816125,13.423625000000001,-2.69975
4.9893624999999995,5.1230125,2.213625,-2.85575
1.2174625000000001,4.8383875,13.770375000000001,-1.7762499999999999
2.0564875,7.0807375,16.691625000000002,-2.4217500000000003
9.3552625,5.7714625,14.644375,-1.26975
0.14826250000000002,6.323387500000001,12.725375000000001,-1.2767499999999998
8.0633125,7.8851125,17.062125,-1.8452499999999998
4.308737499999999,9.8527375,12.354875000000002,-2.72425
0.5071375,3.4226875000000003,6.8401250000000005,-2.20675
7.845512500000001,8.7538375,2.365625,-2.34825
1.6901875,6.8010625,4.351125,-2.69625
7.610387500000001,8.2811125,7.832875,-2.46875
8.4617875,3.4276375000000003,9.048874999999999,-2.80375
4.2171625,0.3413125,5.343875,-2.12525
0.7323625,0.18043750000000003,11.305125,-1.12275
5.2319125,2.7074124999999998,16.701125,-2.50975
9.1745875,8.5607875,4.3843749999999995,-1.63675
5.377937500000001,8.2316125,13.380875,-1.0552499999999998
8.283587500000001,4.0290625,19.646125,-2.74425
5.1205375,7.516337500000001,15.333125,-1.54225
5.798687500000001,1.5243625,4.450875,-2.30875
2.6381124999999996,6.9594625,11.575875,-2.09475
9.3725875,1.4278375,10.915625000000002,-1.14225
2.0688625,3.4672375000000004,4.887875,-1.1702499999999998
3.8756125000000003,0.18291250000000003,18.145125,-2.38375
1.4426875000000001,2.6207875,1.258875,-2.65425
4.264187499999999,9.0112375,3.4913749999999997,-1.8427499999999999
2.8435375000000005,1.5367374999999999,18.990625,-1.6602499999999998
9.5037625,5.6526625,19.156875,-1.74725
0.7694875000000001,8.3256625,11.998625,-2.86625
5.0908375,6.793637500000001,9.096375,-1.96875
5.0289625,7.122812500000001,17.437375,-2.14175
2.5539625,5.8209625,5.628875,-1.04975
3.6602875,5.0636125,12.886875000000002,-1.3537499999999998
2.0020375,7.0485625,7.248625,-1.4982499999999999
2.3807125,8.684537500000001,6.1656249999999995,-2.1782500000000002
5.828387500000001,8.949362500000001,17.332875,-1.85825
0.9526375,9.9616375,5.248875,-1.30825
0.7373125,7.4396125,12.568625,-1.01375
4.7270125,2.7742375000000004,2.137625,-1.86425
5.474462500000001,0.12351250000000001,11.271875,-2.77975
6.098162500000001,6.8975875,12.872625000000001,-1.4217499999999998
1.2199375000000001,2.0639125,2.161375,-1.8717499999999998
0.9600625,7.444562500000001,2.688625,-1.95875
5.9768875,3.7988875,14.454375,-1.7222499999999998
6.3753625000000005,6.5981125,9.823125,-2.06475
3.3855625,9.4814875,19.451375,-1.9762499999999998
9.6794875,5.0314375,18.282875,-2.25725
1.8659124999999999,4.9448125,7.338875,-1.5772499999999998
3.6677125000000004,8.9939125,1.059375,-1.5122499999999999
2.4970375,9.9022375,19.541625,-1.46075
5.9471875,6.424862500000001,14.596875,-1.5507499999999999
1.1159875000000001,2.1084625000000004,2.945125,-2.4907500000000002
7.7489875,0.8412625,13.884375000000002,-2.79525
7.9049125,2.3732875,13.404625000000001,-1.28575
1.4006125,9.8081875,19.118875000000003,-1.5587499999999999
9.3082375,5.2814125,12.421375000000001,-2.11225
3.4226875000000003,4.9200625,10.326625,-2.05075
9.177062500000002,6.573362500000001,9.875375,-1.3417499999999998
8.362787500000001,9.6522625,11.537875000000001,-2.16075
4.8854125,0.46258750000000004,18.662875,-1.31225
1.5045625000000002,3.4895125,10.963125000000002,-2.05775
9.3676375,5.1304375,11.442875,-2.57525
2.0292625,0.41803750000000006,19.508375,-2.87425
5.0066875,0.45763750000000003,13.494875,-1.8897499999999998
4.8235375,2.1827125,10.554625000000001,-1.59875
6.1229125,3.2098375,8.744875,-1.2087499999999998
6.4496125,4.0117375,13.656375,-2.84525
7.4569375,3.8137375000000002,19.361125,-1.92675
5.8853125,2.9524375000000003,1.505875,-1.6617499999999998
4.0117375,7.0708375,10.616375000000001,-1.26925
8.204387500000001,3.0415375,4.925875,-2.90675
9.860162500000001,1.9451125,4.042375,-2.73425
4.4745625,0.1358875,9.514375,-1.41875
7.043612500000001,7.1302375,10.934625000000002,-1.3252499999999998
3.5860374999999998,7.590587500000001,4.080375,-1.40275
1.0318375,1.2545875000000002,17.299625000000002,-1.4282499999999998
0.8957125,0.5442625,9.756625,-2.64925
7.3183375,9.555737500000001,10.659125,-1.62675
8.352887500000001,3.2667625000000005,11.628125,-1.53625
5.8061125,2.0886625,2.3466250000000004,-1.30425
4.0043125,1.1333125000000002,18.287625000000002,-2.82825
2.2742875000000002,1.0689625,10.706625,-1.2802499999999999
0.9971875,0.8536374999999999,7.3008750000000004,-2.77825
8.9320375,8.4964375,9.243625,-1.69475
1.7396875,4.3755625,8.450375000000001,-2.44075
4.6923625,2.4326875,19.299375,-1.6157499999999998
1.9253125,8.459312500000001,7.870875,-1.50975
5.2244874999999995,5.145287500000001,17.584625000000003,-1.5727499999999999
3.1974625000000003,2.3807125,1.534375,-2.52175
7.1698375,2.8435375000000005,10.093875,-1.53375
7.352987500000001,1.1976625,16.577625,-2.87525
4.4844625,9.370112500000001,3.9663749999999998,-1.88825
8.7563125,2.6925624999999997,6.450625,-1.89625
7.909862500000001,9.196862500000002,16.406625,-1.5927499999999999
6.3877375,1.0541125,15.014875000000002,-1.92925
5.6130625,2.8138375000000004,8.958625,-1.1357499999999998
0.34873750000000003,6.2318125,6.1751249999999995,-1.3757499999999998
6.8282875,6.865412500000001,9.485875,-1.5022499999999999
3.4598125,2.5391125,15.024375000000001,-2.23625
5.1527125,5.808587500000001,12.739625000000002,-2.61975
7.340612500000001,6.6773125,4.621874999999999,-2.58875
1.3313125000000001,9.6497875,19.375375000000002,-1.69325
7.8133375,4.4844625,12.620875000000002,-2.61775
5.2121125,2.5985125000000004,18.814875,-1.2602499999999999
0.46753750000000005,6.1229125,11.438125000000001,-1.0127499999999998
9.4369375,3.2692375,15.850875,-1.8552499999999998
2.3188375,0.4328875000000001,18.909875,-1.2267499999999998
4.8606625,8.2885375,6.859125000000001,-2.2407500000000002
5.3036875,3.0984625,8.654625,-1.6717499999999998
0.7942375,7.3901125,5.391375,-1.85025
4.6799875,7.7143375,8.977625,-2.40075
6.1773625,5.7912625,11.746875000000001,-1.6252499999999999
6.5263375,6.5312875,19.712625000000003,-1.67075
6.942137500000001,3.1430125,18.382625,-1.48375
1.8782874999999999,9.6250375,12.943875000000002,-2.53675
2.7272125,9.7562125,8.583375,-2.25525
7.372787500000001,9.5334625,17.869625000000003,-1.95275
7.296062500000001,7.142612500000001,16.335375000000003,-2.95275
6.224387500000001,7.1277625,13.613625000000003,-2.31075
3.0539125,7.352987500000001,15.418625000000002,-1.97075
2.6653375,2.0911375,7.4861249999999995,-1.2167499999999998
4.7418625,9.1226125,7.129875,-1.7267499999999998
3.4449625,1.4971375000000002,1.7101250000000001,-2.11925
4.5884125,6.6896875,14.848625,-1.4377499999999999
2.9054125,2.0119375,5.396125,-1.9822499999999998
9.3230875,7.315862500000001,3.073375,-2.11675
2.1084625000000004,8.6672125,5.296375,-1.22575
5.808587500000001,2.6851375,16.895875000000004,-2.97125
9.969062500000001,1.0664875,15.627625000000002,-2.80475
0.9278875000000001,7.9346125,6.844875,-2.18375
9.637412500000002,9.285962500000002,1.1828750000000001,-1.3052499999999998
5.0710375,1.1011375,4.664625,-2.64825
2.2322125,4.5760375,6.868625,-1.62275
4.4151625,2.7593875000000003,17.375625,-1.2867499999999998
6.922337500000001,0.3858625,3.334625,-2.00225
6.5758375000000004,4.3532874999999995,3.980625,-2.5692500000000003
0.8734375,2.1579625,1.923875,-1.15725
8.4271375,3.4647625,15.394875000000003,-1.54425
7.1277625,1.2719125000000002,13.813125000000001,-2.06175
8.7191875,5.9570875,16.235625,-2.79975
3.3261624999999997,2.9474875000000003,13.190875,-1.8892499999999999
2.0119375,6.994112500000001,19.342125000000003,-1.3107499999999999
6.7490875,8.0855875,16.021875,-2.81375
5.407637500000001,2.9227375,5.077875,-1.89075
3.7889875,6.244187500000001,3.5056249999999998,-2.20275
2.8781875,5.9199625000000005,2.8691250000000004,-1.06175
8.0534125,2.1554875,9.918125,-2.17475
1.8015625000000002,3.3954625,15.979125000000002,-1.84425
4.1552875,0.9080875,13.988875,-1.63825
2.4475375,5.9546125000000005,2.9308750000000003,-2.13275
4.9547125,7.4594125,5.082624999999999,-2.82875
1.1432125000000002,3.7617625,17.537125,-2.20175
9.0508375,7.073312500000001,17.038375000000002,-2.89975
4.8680875,5.566037500000001,17.907625000000003,-1.36075
8.929562500000001,7.835612500000001,14.677625,-2.58825
7.645037500000001,3.4103125,15.447125,-2.0692500000000003
2.7519625,0.8585875,10.991625000000003,-1.2687499999999998
8.919662500000001,9.271112500000001,13.257375000000001,-2.11875
6.3902125000000005,7.085687500000001,16.126375000000003,-1.1742499999999998
8.1821125,4.2097375,10.801625000000001,-1.86875
7.7093875,0.6407875,6.464875,-1.33425
1.6035625,8.1796375,11.290875,-2.20875
3.1479625,1.0120375000000001,12.953375000000001,-1.04775
8.7686875,5.3036875,13.513875,-1.8072499999999998
5.318537500000001,2.8757125,17.646375,-2.68025
3.9919375,1.8807625,17.123875,-1.98575
9.959162500000001,4.3829875,12.706375000000001,-2.77125
6.734237500000001,5.568512500000001,15.770125,-1.7422499999999999
3.4251625,8.008862500000001,12.630375,-2.49025
2.7346375000000003,3.2024125000000003,1.705375,-1.3172499999999998
1.0491625,6.4966375,6.099125,-2.12975
4.6007875,3.6330625000000003,4.507875,-1.4927499999999998
8.021237500000002,1.0862875,18.031125,-2.74175
1.4476375000000001,1.2125125,11.704125000000001,-1.48125
5.4101125,8.372687500000001,19.204375000000002,-2.79625
1.9550125,0.6902875,6.588374999999999,-1.2812499999999998
1.5540625,7.741562500000001,3.676625,-2.59675
3.0613375,8.8726375,15.124125,-1.70475
0.7868125,8.870162500000001,3.239625,-1.7387499999999998
9.1597375,0.5269375000000001,15.314125,-1.8112499999999998
5.424962500000001,4.4102125,12.174375,-2.36625
6.3060625,2.5613875,14.121875000000001,-1.76125
0.6828625,5.467037500000001,5.885375,-1.1197499999999998
5.447237500000001,8.1276625,3.5673749999999997,-2.48975
5.2715125,2.0960875,4.593375,-1.5712499999999998
0.7991875,0.5170375,12.340625000000001,-1.9297499999999999
4.8507625,7.4173375,10.725625,-2.17725
6.4298125,3.6454375,6.773625,-2.14625
3.1801375,6.8901625,18.658125000000002,-2.85275
3.8038375,6.523862500000001,12.259875000000001,-1.39225
6.4471375,0.6853375,5.239375,-2.01225
1.3065625,4.6304875,4.1373750000000005,-1.5632499999999998
9.879962500000001,7.684637500000001,10.844375000000001,-2.3377499999999998
3.0712375,3.6503875,17.499125,-2.69525
2.6554375,1.4006125,12.981875000000002,-2.99525
6.971837500000001,3.4202125,7.747374999999999,-2.4602500000000003
3.6776125000000004,7.4495125,11.580625,-1.84875
9.3948625,5.1106375,13.124375,-2.20025
7.244087500000001,4.8507625,14.753625000000001,-1.93325
9.800762500000001,3.6825625000000004,19.826625,-1.12025
1.4897125000000002,8.380112500000001,7.201124999999999,-1.6512499999999999
5.338337500000001,0.6160375,13.575625000000002,-2.35325
8.429612500000001,2.1109375000000004,2.617375,-2.73675
2.2396375,5.506637500000001,18.620125,-1.3992499999999999
1.7248375,1.1036125,19.612875000000003,-2.35875
8.7464125,7.011437500000001,5.096875,-2.52375
9.9715375,9.1151875,17.589375,-2.26225
3.2717125,6.1303375,3.548375,-1.7162499999999998
0.3437875,1.8758124999999999,7.680875,-1.9177499999999998
1.9451125,4.3656625,19.589125000000003,-1.99375
7.605437500000001,4.1453875,15.565875000000002,-1.86275
8.3949625,8.370212500000001,2.935625,-2.28125
1.0343125,4.8977875,5.491125,-1.31175
4.1330124999999995,8.0237125,11.917875,-1.59675
9.3626875,7.776212500000001,9.500125,-1.5082499999999999
3.6033625000000002,9.9443125,6.711874999999999,-2.23875
0.9922375,1.7471125,2.080625,-1.3327499999999999
0.1680625,4.6824625,6.702375,-1.4257499999999999
9.3478375,3.6231625000000003,18.164125000000002,-2.66875
5.8952125,4.7789875,17.556125,-2.58725
2.3138875,5.9224375,13.181375000000001,-1.4002499999999998
8.2613125,8.3652625,14.007875,-1.2177499999999999
1.8461124999999998,7.5881125,4.484125,-1.59025
1.2050875,6.1823125,2.4606250000000003,-1.57175
8.7736375,7.004012500000001,11.837125000000002,-1.57425
8.038562500000001,8.333087500000001,14.672875000000001,-1.4317499999999999
4.3310125,3.3459624999999997,14.193125000000002,-2.39825
8.4543625,1.2100375,14.174125000000002,-2.3977500000000003
3.0984625,9.1300375,19.332625,-2.07275
0.6209875,2.8608625,12.079375,-1.0022499999999999
8.6820625,5.5016875,19.047625,-2.86125
9.919562500000001,7.820762500000001,12.217125000000001,-1.32775
9.6596875,0.7472125000000001,19.422875,-1.0932499999999998
7.125287500000001,1.3733875,11.219625000000002,-1.8012499999999998
6.5981125,3.1355875,2.379875,-1.37225
4.1478625,5.1725125,10.853875,-1.90475
4.0142125,5.887787500000001,10.749375,-2.49975
1.6109875,1.0442125,8.640375,-2.21425
2.8187875000000004,0.9872875,17.893375000000002,-2.2872500000000002
1.1407375000000002,3.9944125,2.147125,-2.88025
7.870262500000001,8.714237500000001,18.795875000000002,-2.09775
9.1226125,9.5928625,14.302375000000001,-2.84725
8.9444125,3.5414875000000006,18.083375,-1.45725
1.4575375000000002,9.429512500000001,3.538875,-2.63325
8.8157125,2.0465875,14.948375,-2.15825
4.8433375,9.4715875,2.503375,-1.6697499999999998
3.9647125,2.1381625,14.444875000000001,-2.09675
7.7737375,0.5467375,8.820875000000001,-1.69275
3.2444875,5.6897875,17.570375000000002,-2.14575
0.14578750000000001,8.001437500000002,17.465875,-1.84375
8.7290875,1.3535875,7.172624999999999,-1.88075
2.4326875,8.9840125,13.029375000000002,-2.06225
5.7244375000000005,0.9031375,2.878625,-1.7667499999999998
5.5041625,1.4253625,8.303125,-1.3477499999999998
4.8359125,3.9548125,3.738375,-1.78325
2.0639125,6.293687500000001,17.760375,-1.38425
5.566037500000001,6.751562500000001,3.7716249999999993,-1.93525
4.2270625,2.4029875,3.4866249999999996,-2.46175
0.8833375,1.6060375,8.193875,-2.31775
9.617612500000002,8.5261375,7.039625,-1.00925
7.4074375,6.0709375,18.544125,-1.28975
3.4424875000000004,9.0904375,4.460374999999999,-2.23925
5.1997375,9.2438875,5.073124999999999,-1.3272499999999998
2.8806625,5.2220125,14.606375,-1.5242499999999999
2.7098875000000002,2.7395875000000003,5.947125,-2.83325
3.8137375000000002,9.186962500000002,5.1823749999999995,-1.0347499999999998
7.320812500000001,2.7569125,12.891625000000001,-1.6982499999999998
0.35863750000000005,2.4104125,5.7951250000000005,-2.66175
5.1403375,2.5811875,4.7311250000000005,-1.5952499999999998
0.7719625,9.241412500000001,2.6031250000000004,-2.87975
8.2390375,1.0986625,3.135125,-2.20325
0.8932375,2.2544875,11.395375000000001,-1.7097499999999999
8.7884875,8.8355125,10.820625000000001,-1.45075
1.2818125000000002,6.734237500000001,17.000375000000002,-1.96975
5.8407625,8.988962500000001,11.400125000000001,-1.41275
3.3212125,4.7468125,12.592375,-1.46975
9.936887500000001,8.4073375,4.750125,-2.4282500000000002
7.3925875,2.4772374999999998,18.529875,-2.66575
2.2817125000000003,9.9542125,11.509375000000002,-1.4262499999999998
5.6848375,2.3683375,5.676374999999999,-2.18675
3.4301125,5.5214875,4.498374999999999,-2.07375
3.2964625,7.503962500000001,4.735875,-1.4137499999999998
9.0458875,1.3659625,9.704375,-1.85475
9.0656875,8.7315625,12.711125000000001,-2.4627499999999998
4.6849375,8.9369875,11.181625000000002,-1.3792499999999999
1.8312625000000002,0.2324125,17.489625,-1.4662499999999998
0.8115625000000001,0.8734375,9.785124999999999,-2.73075
5.8506625,1.0021375000000001,12.692125,-1.57775
8.3281375,3.5513875000000006,14.440125000000002,-2.13525
8.214287500000001,3.5390125,3.092375,-1.43275
0.2002375,4.6750375,13.718125,-2.70425
7.2168625,6.073412500000001,3.2633750000000004,-2.60175
6.5585125,1.9970875000000001,13.119625000000001,-2.49625
1.9797625,1.5664375,11.542625000000001,-2.34475
5.6353375,0.8313625,4.797625,-2.86725
2.9895625000000003,8.8058125,15.760625000000001,-1.58625
0.8684875,4.5017875,10.863375000000001,-2.55075
9.4047625,0.6803875,1.5438749999999999,-2.17375
7.899962500000001,1.9055125,7.785374999999999,-2.91325
3.8632375000000003,7.4024875,6.935125,-2.12125
1.8485874999999998,2.8856125,17.936125,-1.6577499999999998
7.9370875000000005,1.5095125000000003,8.445625,-2.22575
6.3778375,5.4818875,5.3058749999999995,-2.55425
3.0786625,7.1203375,14.511375000000001,-1.9202499999999998
3.0860875,6.655037500000001,15.095625000000002,-1.77375
5.1428125,9.4616875,19.475125000000002,-2.30225
9.419612500000001,0.8239375,11.528375000000002,-1.6762499999999998
4.9943124999999995,0.26458750000000003,10.051124999999999,-2.97675
7.4519875,2.0020375,10.621125000000001,-2.07425
7.013912500000001,3.7964125,18.743625,-2.70825
8.1771625,9.4418875,13.129125,-1.82575
2.5688125,7.761362500000001,16.720125000000003,-2.43825
7.2416125000000005,8.6597875,8.939625,-2.57325
9.627512500000002,0.5813875000000001,1.334875,-2.45875
4.8383875,2.6257375,4.7216249999999995,-1.5847499999999999
4.7393875,7.8430375,1.002375,-1.6557499999999998
4.1206375,3.4820875000000004,14.653875000000001,-2.85075
6.632762500000001,8.880062500000001,15.328375000000001,-2.38025
1.1778625,2.1653875,19.831375,-1.16275
9.8849125,1.4055625,1.0498750000000001,-2.23825
9.7784875,7.5930625,1.277875,-1.40075
8.1152875,8.9815375,7.414875,-2.27175
0.5269375000000001,7.640087500000001,1.244625,-1.7177499999999999
0.6977125,6.3283375,3.8238749999999997,-2.41525
8.664737500000001,9.5730625,4.674125,-2.86275
0.5170375,2.2569625,1.149625,-2.71175
3.3286375,8.4815875,5.8473749999999995,-1.1352499999999999
8.830562500000001,0.24478750000000002,9.200875,-2.14125
1.6184125,3.7172125000000005,13.965125,-1.5427499999999998
4.6898875,1.7099875,18.335125,-1.30225
9.2438875,7.9024375000000004,19.109375000000004,-2.25625
5.7615625,9.330512500000001,8.830375,-1.9597499999999999
0.7917625,6.7763125,19.023875,-1.7742499999999999
7.9271875000000005,7.9469875000000005,17.527625,-2.48575
5.2022125,0.19033750000000002,15.052875000000002,-2.42525
3.6528625000000003,7.2614125000000005,19.674625000000002,-1.6782499999999998
8.6424625,5.325962500000001,10.896625000000002,-2.39275
7.424762500000001,0.5417875,17.845875000000003,-2.48725
0.7397875,3.9721375,6.336625,-1.8532499999999998
1.8931375,0.9155125000000001,18.857625,-2.02725
8.635037500000001,0.4353625,19.978625,-1.0282499999999999
7.095587500000001,2.7148375000000002,10.701875000000001,-2.86775
0.6902875,8.2464625,13.969875,-1.5997499999999998
9.5235625,9.558212500000002,5.875875,-1.41675
5.095787500000001,0.5838625000000001,8.041875,-2.52875
0.6531625,9.1696375,10.136625,-2.29225
4.1503375,7.610387500000001,14.264375000000001,-2.86225
3.8954125000000004,9.526037500000001,2.498625,-1.78825
0.9427375000000001,1.7792875000000001,17.152375,-1.40675
0.6680125,1.1630125,2.004625,-2.38075
0.2175625,6.392687500000001,14.098125000000001,-1.73775
8.0930125,0.16063750000000002,17.423125,-2.99425
8.6771125,3.6553375,10.787375,-2.53925
8.4667375,5.4026875,14.031625,-1.2502499999999999
0.3413125,1.0813375,7.661875,-2.08125
8.7117625,3.0341125,8.991875,-1.81575
8.9246125,2.2198375,5.733375,-2.88125
6.2516125,2.1307375000000004,17.817375000000002,-1.67725
9.016187500000001,4.9720375,8.996625,-1.37875
2.8138375000000004,9.4913875,11.803875000000001,-2.89125
4.8705625,7.214387500000001,1.928625,-1.0287499999999998
6.9297625,0.8041375000000001,8.668875,-1.2117499999999999
7.8727375,4.5191125,8.687875,-1.2482499999999999
7.9469875000000005,0.3165625,1.9951249999999998,-2.11625
5.405162500000001,1.9178875,11.780125000000002,-1.93275
6.204587500000001,1.9154125,2.2753750000000004,-1.3412499999999998
3.6305875,1.8535374999999998,18.045375,-1.8952499999999999
5.0314375,0.3883375,12.810875000000001,-1.5892499999999998
5.2046874999999995,6.1526125,12.402375000000001,-2.94125
1.4253625,5.8333375,1.1163750000000001,-2.21225
0.1433125,8.9518375,9.538124999999999,-1.4122499999999998
0.8858125,3.7840375,11.903625,-2.05925
1.2001375,4.4003125,14.202625000000001,-2.64025
1.2446875000000002,3.1380625,18.786375000000003,-2.10675
2.7049375,9.350312500000001,15.950625000000002,-2.29425
7.9321375000000005,4.5710875,14.368875000000001,-2.77875
9.466637500000001,0.7051375,17.826875,-2.47925
7.315862500000001,2.7024624999999998,12.150625000000002,-2.21475
5.5313875,0.9056125,15.556375000000001,-1.97475
5.397737500000001,0.6927625000000001,16.772375000000004,-2.70525
1.3238875,6.113012500000001,4.246625,-1.42275
1.3139875,4.4176375,14.126625,-2.67875
9.986387500000001,8.0954875,9.409875,-2.02775
1.8287875000000002,3.3657624999999998,15.105125000000001,-1.25525
4.0884624999999994,0.5863375000000001,18.339875,-2.89725
0.3809125,6.9767875,5.514875,-1.83825
4.1775625,5.7392875000000005,13.751375000000001,-1.7367499999999998
5.6006875,8.021237500000002,8.108374999999999,-2.33925
9.4220875,5.5338625,2.2516249999999998,-1.38825
3.6850375,3.6602875,7.737874999999999,-2.04425
7.283687500000001,7.8776875,12.269375,-2.04475
4.9769875,4.1676625,17.157125,-2.37725
1.7000875,5.9966875,4.4556249999999995,-1.31825
5.9298625000000005,4.5042625,4.773875,-1.8752499999999999
2.0490625,8.605337500000001,15.998125000000002,-2.32075
1.2620125000000002,0.8759125,7.552625,-2.32625
2.4128875,1.5936625,12.426125000000003,-1.92125
4.8111625,1.2595375000000002,15.185875000000001,-1.9242499999999998
3.1776625000000003,5.6031625,7.438625,-1.12225
8.2959625,8.6622625,7.609624999999999,-2.67225
6.4174375,9.5507875,11.946375000000002,-2.20925
6.3976375,6.3555625000000004,6.536125,-2.49525
5.1502375,2.6529624999999997,8.269874999999999,-2.83225
6.833237500000001,0.1631125,16.283125000000002,-1.48175
2.7618625,4.8953125,2.883375,-1.4382499999999998
6.362987500000001,3.6751375,13.684875,-2.10275
9.2884375,0.8437375,8.421875,-1.05375
5.5511875,8.1128125,14.663375,-2.00425
0.6754375,6.028862500000001,13.409375,-2.98775
1.3461625,3.6924625000000004,8.469375,-2.35975
6.0362875,0.15073750000000002,5.139625,-2.96675
1.0046125000000001,0.9254125000000001,6.1133750000000004,-1.09425
2.0589625,1.5070375000000003,7.728375,-2.24725
3.4845625,2.6282125000000005,8.051375,-2.99075
3.9028375,8.0138125,7.481375,-1.69675
0.8808625,7.333187500000001,13.053125,-1.75775
9.2686375,3.5934625000000002,5.1728749999999994,-1.0912499999999998
6.4991125,3.4499125,18.838625,-2.09275
6.8802625,6.5807875,11.742125000000001,-2.20825
9.231512500000001,8.7835375,11.680375000000002,-2.90525
4.2468625,7.8479875,12.031875000000001,-2.1502499999999998
0.9303625000000001,3.1801375,16.506375000000002,-2.67625
4.234487499999999,6.1204375,16.387625,-2.3192500000000003
0.1730125,5.358137500000001,4.678875,-2.79125
4.7369125,8.9741125,5.856875,-1.5282499999999999
1.4278375,7.3975375,11.552125000000002,-1.1522499999999998
0.2546875,9.721562500000001,11.005875,-2.00525
0.9947125,8.9567875,1.225625,-2.54625
9.2587375,0.5294125000000001,17.750875,-1.1417499999999998
2.2223125,4.1354875,1.372875,-2.96825
5.3531875,2.4648625,11.870375000000003,-1.87675
8.8082875,4.3607125,19.251875000000002,-1.4562499999999998
6.2664625,6.5411875,6.650125,-1.94275
3.1578625000000002,4.7567125,14.240625,-2.95175
2.5737625,6.4817875,13.699125,-1.04425
0.5021875,7.4470375,6.317625,-2.15625
8.6102875,6.5609875,4.436624999999999,-2.62175
3.5241625,7.273787500000001,3.842875,-2.53425
2.3163625,3.9894625,13.471125,-1.9222499999999998
9.9938125,9.7240375,11.984375,-1.01175
3.6701875,8.5063375,9.576125,-1.2972499999999998
2.2718125000000002,7.659887500000001,12.939125,-2.76575
4.5092125,8.637512500000001,16.539625,-1.96525
1.2768625000000002,8.4568375,6.787875,-1.92525
4.6280125,8.3974375,14.843875,-2.1557500000000003
5.464562500000001,1.7594875,13.808375000000002,-1.5832499999999998
4.4275375,2.7197875000000002,14.853375,-1.7932499999999998
3.0118375,9.9814375,15.888875,-2.41675
6.2788375,8.3553625,4.792875,-1.7847499999999998
3.6083125000000003,4.9151125,16.287875,-2.83675
0.17796250000000002,0.17796250000000002,8.184375,-2.24175
2.3460625,3.7716625,11.366875,-2.94375
6.912437500000001,6.3976375,12.459375,-1.51525
8.018762500000001,9.8774875,18.962125,-2.69725
1.2273625000000001,1.7916625000000002,19.066625000000002,-1.73575
1.0912375,3.1751875,15.318875000000002,-1.0452499999999998
0.46506250000000005,6.9297625,17.774625,-2.70125
9.8948125,7.182212500000001,2.427375,-1.93075
3.9993625,3.8731375000000003,18.591625,-1.27175
2.7940375000000004,8.1722125,18.715125,-2.01075
3.1925125000000003,6.682262500000001,8.198625,-2.65075
3.6157375,1.0169875000000002,18.453875,-2.31625
7.855412500000001,7.7984875,15.485125,-1.46925
4.8755125,7.969262500000001,2.398875,-2.96575
0.37101249999999997,2.1926125,3.315625,-1.30775
2.0911375,4.3359625,7.543125,-2.55625
8.234087500000001,1.7198875,6.621625,-2.18275
8.694437500000001,0.6977125,15.542125,-2.19125
5.5412875,6.3407125,16.663125,-1.3432499999999998
2.1158875000000004,9.1523125,10.939375000000002,-2.69125
5.2888375000000005,3.1108375,14.858125000000001,-2.94875
7.454462500000001,3.3781375000000002,9.827875,-1.5647499999999999
0.42298750000000007,0.6333624999999999,6.004124999999999,-2.46925
1.3412125,8.1177625,1.752875,-1.4197499999999998
5.598212500000001,2.9103625,15.428125,-1.21725
9.3354625,6.484262500000001,6.108625,-1.3637499999999998
2.7371125,6.4174375,2.109125,-1.7142499999999998
8.5731625,4.3285374999999995,17.195125,-2.3842499999999998
6.862937500000001,7.7440375,12.454625,-1.60825
1.0417375,1.6481125,13.437875,-2.84925
8.9642125,5.907587500000001,8.464625,-2.50825
3.1430125,7.350512500000001,3.724125,-1.5182499999999999
4.6725625,8.2910125,12.820375,-1.8247499999999999
9.8329375,0.9476875000000001,11.357375000000001,-2.97725
6.813437500000001,8.352887500000001,16.672625,-1.7852499999999998
3.0440125,7.2094375,5.020874999999999,-1.75375
8.1623125,4.6156375,7.196375,-1.78625
2.1579625,4.9695625,8.383875,-1.65075
3.8780875000000004,2.0193625,16.492125,-1.07425
5.0091624999999995,4.8210625,3.624375,-1.11625
8.5038625,4.9621375,17.746125,-2.73325
6.9470875,3.4177375000000003,16.173875000000002,-2.46075
1.2966625,2.6900875,17.627375,-1.5627499999999999
6.523862500000001,4.5908875,4.051875,-1.98325
0.3759625,1.5144625000000003,7.467124999999999,-1.3437499999999998
7.5633625,2.9128375,18.007375,-2.56875
1.7174125,9.516137500000001,17.969375,-1.52375
5.803637500000001,8.4221875,14.696625000000001,-2.21775
4.6379125,7.6821625000000004,19.052375,-1.9722499999999998
5.256662500000001,9.488912500000001,7.7616249999999996,-2.30025
9.1721125,7.7539375,9.348125,-1.3672499999999999
6.8456125000000005,1.3164625,2.284875,-1.90275
0.3215125,7.2515125000000005,18.249625,-1.10475
0.29676250000000004,8.100437500000002,11.642375000000001,-2.02625
3.0068875,4.7393875,16.439875,-2.71725
4.8062125,1.0615375,17.622625000000003,-1.4922499999999999
9.0731125,7.1005375,1.054625,-1.8912499999999999
0.3239875,6.632762500000001,13.309625000000002,-1.12425
3.4820875000000004,9.016187500000001,18.202125000000002,-1.9157499999999998
1.8114625000000002,3.2395375,13.342875,-1.34425
3.2024125000000003,5.4521875,5.866375,-2.72275
0.6506875,1.9723375,13.979375000000001,-1.7242499999999998
9.1399375,9.909662500000001,7.604875000000001,-2.60625
9.657212500000002,6.5288125,8.236625,-1.2627499999999998
4.4720875,7.8826375,3.7431249999999996,-1.8957499999999998
1.1258875000000002,9.3527875,4.047124999999999,-2.55525
7.7341375,8.9444125,1.230375,-1.09675
4.063712499999999,7.9148125,12.687375000000001,-2.22325
5.907587500000001,3.1281625,15.964875000000001,-1.63625
6.1179625,4.3062625,1.106875,-1.69925
6.6005875,2.6876124999999997,12.345375,-2.29375
2.6504875,2.5539625,14.520875000000002,-2.01125
3.5612875000000006,6.603062500000001,15.817625000000001,-1.6997499999999999
8.860262500000001,3.5860374999999998,9.362375,-1.4457499999999999
3.5736625,0.7224625,7.8233749999999995,-2.73175
7.2094375,2.6801875,11.295625000000001,-2.75325
2.0144125,2.8064125,6.645375,-2.28325
3.7444375,9.1028125,5.030374999999999,-2.12075
2.9747125000000003,3.2147875,19.389625000000002,-2.15075
0.4972375,7.8034375,14.364125000000001,-2.18825
4.5512875,5.1007375,18.648625,-2.99925
2.8113625,5.8308625,18.734125000000002,-1.2827499999999998
4.0166875,8.2860625,12.915375000000001,-2.19325
0.6407875,3.1578625000000002,10.478625000000001,-2.14925
5.897687500000001,0.7744375,13.803625,-2.64875
7.1500375,4.4473375,13.038875000000003,-1.11225
8.243987500000001,6.8876875,18.900375,-2.53625
4.9794624999999995,1.0937125,1.634125,-1.2287499999999998
1.4327875,0.9575875,19.950125,-1.9442499999999998
8.6003875,3.7691875,11.157875,-1.65675
0.35121250000000004,8.2415125,15.290375000000001,-2.01525
1.0466875,2.1158875000000004,7.699875,-2.54075
8.7810625,8.0558875,9.186625,-2.03275
5.984312500000001,5.5709875,18.316125,-1.76775
8.0831125,8.1078625,15.751125,-2.62075
0.4403125,6.731762500000001,9.732875,-1.6032499999999998
6.714437500000001,2.0564875,18.468125,-1.4742499999999998
6.1748875000000005,1.0516375,18.919375000000002,-1.6917499999999999
3.7271125000000005,0.1680625,15.242875000000002,-1.22325
3.1380625,8.1301375,19.665125000000003,-2.02975
6.2565625,3.2593375,2.104375,-2.59775
4.1602375,7.625237500000001,8.312625,-2.22375
3.1727125000000003,1.9475875,9.761375000000001,-1.5667499999999999
1.0541125,6.189737500000001,17.266375,-2.58475
7.3579375,9.9740125,19.940625,-2.39125
3.6206875,4.9819375,13.062625,-2.90175
4.9670875,1.7693875000000001,2.645875,-1.8832499999999999
2.4599125,8.2662625,11.689875,-1.3517499999999998
8.2662625,5.7962125,5.163374999999999,-1.8107499999999999
4.3235874999999995,9.1424125,5.638375,-1.8477499999999998
3.9077875,5.0834125,11.651875,-2.53975
8.5137625,5.687312500000001,2.550875,-1.20675
7.0980625,7.2663625000000005,5.035125,-2.62525
7.333187500000001,8.9122375,4.512625,-2.59325
7.4396125,9.9839125,19.969125000000002,-2.77425
9.4715875,8.979062500000001,9.623624999999999,-1.49725
1.3511125,4.9745124999999994,3.401125,-2.09125
2.0738125,3.0266875,4.298875000000001,-2.69225
5.3729875,5.585837500000001,15.404375000000002,-1.79625
9.545837500000001,8.8280875,7.125125,-1.7022499999999998
2.5712875,0.26706250000000004,11.832375000000003,-1.17675
0.2348875,9.2018125,9.291125000000001,-2.68375
7.961837500000001,8.7884875,6.545625,-1.21125
8.8478875,8.830562500000001,7.999125,-1.74125
4.7616625,1.2174625000000001,2.156625,-1.95475
6.093212500000001,4.2617125,18.434875,-2.05525
7.0163875,3.5489125,17.888625,-1.0647499999999999
7.135187500000001,5.7120625,12.668375000000001,-1.03425
8.7488875,8.548412500000001,3.353625,-2.0557499999999997
1.7768125000000001,9.147362500000002,3.614875,-1.6937499999999999
4.7913625,9.0335125,13.599375000000002,-2.76675
2.3213125,9.6943375,9.713875,-2.74675
5.5140625,3.4251625,19.033375000000003,-2.50775
6.803537500000001,3.5266375000000005,3.4153749999999996,-2.55225
8.9716375,2.3188375,8.725875,-2.38275
5.6823625,2.2470625,13.390375,-2.12325
4.7146375,0.36606249999999996,17.617875,-2.86875
7.8677875,0.1532125,18.957375000000003,-1.3332499999999998
5.9966875,8.8577875,12.169625,-1.06975
2.9351125000000002,1.2248875000000001,18.843375,-1.6862499999999998
5.2814125,6.4892125,19.209125,-1.84625
4.244387499999999,4.5735624999999995,13.865375000000002,-2.22175
4.3186374999999995,1.9995625000000001,14.492375000000001,-2.60325
8.372687500000001,2.7717625,9.585625,-1.6737499999999998
2.6257375,9.9938125,6.046875,-1.03225
2.5514875,4.2221125,6.963625,-1.71875
8.1573625,8.1598375,18.130875,-1.0592499999999998
